P_bars,H2OT_m_wtpc,CO2T_m_ppmw,ST_m_ppmw,Fe3Fet_m,S6St_m,logfO2,dFMQ,vapor_wt,O2_v_mf,CO2_v_mf,CO_v_mf,H2O_v_mf,H2_v_mf,S2_v_mf,SO2_v_mf,H2S_v_mf,CH4_v_mf,OCS_v_mf,CS_v_mf,H2OT_m_wtpc_norm,CO2T_m_ppmw_norm,ST_m_ppmw_norm,SUM_v_mf,XO2_BYDIFF_v_mf
3900.0,4.501487166,3300.0,2694.056701,0.237885333,0.732589574,-8.835123561,1.361119724,0.0001,1.58911e-13,0.602555473,0.002517031,0.392106322,0.000579074,3.12853e-06,0.00152768,0.000711284,5.65943e-09,,269.493512438116,1.0,1.0,1.0,0.9999999981895888,1.8105699162163091e-09
3898.0,4.501371178,3295.824345,2694.045113,0.237871252,0.732570072,-8.835257828,1.361154298,0.000105319,1.59014e-13,0.602319493,0.002516444,0.392340057,0.000579587,3.13235e-06,0.00152904,0.000712241,5.66033e-09,,269.1095191792229,0.9999742334042677,0.99873465,0.9999956986799886,1.0000000000104892,-1.0330181154927232e-11
3896.0,4.501255053,3291.651923,2694.0335,0.237857172,0.732550572,-8.835392103,1.361188864,0.000110635,1.59118e-13,0.602083314,0.002515857,0.392573988,0.000580099,3.13618e-06,0.001530401,0.000713199,5.66123e-09,,268.7259897095807,0.9999484363741491,0.9974702796969697,0.9999913880802912,0.9999999998413892,1.5876988612717469e-10
3894.0,4.50113879,3287.48273,2694.021864,0.237843091,0.732531072,-8.835526385,1.361223423,0.00011595,1.59221e-13,0.601846937,0.002515267,0.392808115,0.000580613,3.14002e-06,0.001531764,0.000714159,5.66213e-09,,268.3426844420431,0.999922608687495,0.996206887878788,0.9999870689432827,1.0000000006822893,-6.821301301584981e-10
3892.0,4.50102239,3283.316765,2694.010203,0.23782901,0.732511574,-8.835660676,1.361257973,0.000121263,1.59325e-13,0.601610361,0.002514677,0.393042439,0.000581127,3.14386e-06,0.001533128,0.000715119,5.66303e-09,,267.9599645566913,0.9998967505664549,0.9949444742424243,0.9999827405265884,1.0000000005231893,-5.230300637037999e-10
3890.0,4.500905852,3279.154026,2693.998519,0.237814929,0.732492077,-8.835794974,1.361292517,0.000126574,1.59429e-13,0.601373586,0.002514086,0.393276959,0.000581641,3.1477e-06,0.001534493,0.000716082,5.66392e-09,,267.57747262045706,0.9998708617888792,0.9936830381818182,0.9999784035725833,1.0000000003640794,-3.6392000524188006e-10
3887.6,4.500765824,3274.162995,2693.984465,0.237798032,0.732468682,-8.835956142,1.361333958,0.000132946,1.59554e-13,0.601089192,0.002513375,0.393558643,0.000582259,3.15232e-06,0.001536134,0.000717238,5.66498e-09,,267.11900365752336,0.9998397547358463,0.9921706045454546,0.9999731869043539,0.9999999989851396,1.0150199569736174e-09
3885.2,4.500625596,3269.176601,2693.970375,0.237781135,0.732445288,-8.836117321,1.361375388,0.000139314,1.59679e-13,0.600804511,0.002512663,0.393840611,0.000582878,3.15695e-06,0.001537777,0.000718397,5.66605e-09,,266.66095304467706,0.999808603253052,0.9906595760606061,0.9999679568733768,0.9999999996162096,3.839500939406548e-10
3882.8,4.500485168,3264.194843,2693.956251,0.237764238,0.732421896,-8.836278511,1.361416807,0.00014568,1.59804e-13,0.600519542,0.002511949,0.394122864,0.000583498,3.16159e-06,0.001539422,0.000719558,5.6671e-09,,266.2034388999975,0.9997774073404966,0.9891499524242425,0.9999627142220271,1.0000000002572598,-2.570998969275706e-10
3880.4,4.500344539,3259.217716,2693.942092,0.237747341,0.732398506,-8.836439713,1.361458215,0.000152044,1.59929e-13,0.600234284,0.002511233,0.394405402,0.000584119,3.16623e-06,0.00154107,0.000720721,5.66816e-09,,265.74634639516495,0.9997461667760311,0.9876417321212122,0.9999574585791169,1.0000000008983199,-8.981599908253202e-10
3878.0,4.500203709,3254.245217,2693.927896,0.237730444,0.732375117,-8.836600926,1.361499612,0.000158404,1.60054e-13,0.599948738,0.002510516,0.394688224,0.00058474,3.17089e-06,0.001542719,0.000721885,5.6692e-09,,265.2900236434531,0.9997148815596556,0.9861349142424243,0.9999521892022718,0.9999999985593602,1.4407999238130742e-09
3875.6,4.500062676,3249.277342,2693.913666,0.237713547,0.73235173,-8.836762149,1.361540997,0.000164763,1.6018e-13,0.599662903,0.002509797,0.394971332,0.000585363,3.17555e-06,0.001544371,0.000723052,5.67025e-09,,264.8340068919996,0.9996835512470723,0.9846294975757576,0.9999469072050536,0.9999999992204103,7.797499312900413e-10
3873.2,4.499921441,3244.314088,2693.899399,0.23769665,0.732328345,-8.836923385,1.361582371,0.000171118,1.60306e-13,0.599376779,0.002509077,0.395254726,0.000585986,3.18021e-06,0.001546026,0.000724222,5.67129e-09,,264.3782990450725,0.9996521760604302,0.9831254812121213,0.9999416114739004,1.0000000018814503,-1.881290012661907e-09
3870.8,4.499780002,3239.355451,2693.885097,0.237679753,0.732304961,-8.837084631,1.361623734,0.000177472,1.60431e-13,0.599090364,0.002508355,0.395538406,0.00058661,3.18489e-06,0.001547682,0.000725393,5.67232e-09,,263.9233597368917,0.9996207555554317,0.9816228639393939,0.999936302751187,1.0000000005624805,-5.623199683668645e-10
3868.4,4.49963836,3234.401427,2693.870759,0.237662855,0.732281579,-8.837245889,1.361665085,0.000183822,1.60557e-13,0.598803659,0.002507631,0.395822373,0.000587235,3.18957e-06,0.001549341,0.000726566,5.67335e-09,,263.4688460551007,0.9995892899542256,0.9801216445454545,0.9999309806657257,1.0000000002435105,-2.43350006812193e-10
3866.0,4.499496512,3229.452013,2693.856385,0.237645958,0.732258198,-8.837407158,1.361706426,0.000190171,1.60683e-13,0.598516664,0.002506906,0.396106626,0.000587861,3.19426e-06,0.001551001,0.000727741,5.67438e-09,,263.0149877278695,0.9995577785903655,0.9786218221212122,0.9999256452175169,0.9999999989345406,1.0656200366554458e-09
3863.6,4.49935446,3224.507206,2693.841975,0.237629061,0.73223482,-8.837568439,1.361747755,0.000196516,1.6081e-13,0.598229378,0.002506179,0.396391167,0.000588488,3.19896e-06,0.001552665,0.000728919,5.6754e-09,,262.5613242063557,0.9995262219081488,0.9771233957575758,0.9999202964065602,1.0000000006355607,-6.353999548736056e-10
3861.2,4.499212201,3219.567001,2693.827529,0.237612164,0.732211443,-8.837729731,1.361789072,0.00020286,1.60936e-13,0.5979418,0.002505451,0.396675996,0.000589115,3.20367e-06,0.00155433,0.000730098,5.67642e-09,,262.108431012951,0.9994946192411291,0.975626363939394,0.999914934232856,0.999999999346581,6.53579967924145e-10
3858.8,4.499069737,3214.631395,2693.813046,0.237595267,0.732188067,-8.837891034,1.361830379,0.0002092,1.61063e-13,0.59765393,0.002504721,0.396961113,0.000589744,3.20839e-06,0.001555998,0.00073128,5.67743e-09,,261.65584972793545,0.9994629710336044,0.9741307257575758,0.9999095583252167,1.000000000067591,-6.743006153442366e-11
3856.4,4.498927065,3209.700385,2693.798527,0.23757837,0.732164694,-8.838052348,1.361871673,0.000215539,1.61189e-13,0.597365768,0.00250399,0.397246519,0.000590373,3.21311e-06,0.001557668,0.000732464,5.67844e-09,,261.2038129294367,0.9994312766191278,0.9726364803030303,0.9999041690548294,1.0000000007886012,-7.884399799706898e-10
3854.0,4.498784185,3204.773968,2693.783971,0.237561473,0.732141322,-8.838213674,1.361912957,0.000221875,1.61316e-13,0.597077314,0.002503257,0.397532213,0.000591003,3.21784e-06,0.00155934,0.00073365,5.67944e-09,,260.7523182395006,0.9993995359976995,0.9711436266666666,0.9998987660505071,1.0000000005196013,-5.19440046531372e-10
3851.6,4.498641097,3199.852138,2693.769378,0.237544575,0.732117952,-8.838375011,1.361954229,0.000228208,1.61443e-13,0.596788567,0.002502522,0.397818197,0.000591634,3.22258e-06,0.001561014,0.000734838,5.68044e-09,,260.30136556327074,0.9993677491693197,0.9696521630303031,0.9998933493122497,1.0000000002606013,-2.6043989187485295e-10
3849.2,4.4984978,3194.934894,2693.754749,0.237527678,0.732094584,-8.83853636,1.361995489,0.000234539,1.61571e-13,0.596499526,0.002501786,0.39810447,0.000592266,3.22732e-06,0.001562691,0.000736028,5.68143e-09,,259.8508447638808,0.9993359159118392,0.9681620890909091,0.9998879192112446,1.0000000000015914,-1.4299672557172016e-12
3846.8,4.498354294,3190.022232,2693.740082,0.237510781,0.732071217,-8.83869772,1.362036739,0.000240867,1.61698e-13,0.596210192,0.002501048,0.398391034,0.000592899,3.23208e-06,0.00156437,0.00073722,5.68242e-09,,259.40086504834005,0.9993040362252584,0.9666734036363636,0.9998824750051167,1.0000000007625816,-7.62419904987155e-10
3844.4,4.498210577,3185.114147,2693.725379,0.237493884,0.732047853,-8.838859092,1.362077977,0.000247194,1.61826e-13,0.595920563,0.002500308,0.398677888,0.000593533,3.23684e-06,0.001566051,0.000738415,5.68341e-09,,258.9513183154179,0.9992721096652794,0.965186105151515,0.9998770174362414,1.0000000005235719,-5.234099820228266e-10
3842.0,4.498066649,3180.210637,2693.710638,0.237476986,0.73202449,-8.839020474,1.362119203,0.000253517,1.61953e-13,0.59563064,0.002499567,0.398965032,0.000594167,3.24161e-06,0.001567735,0.000739611,5.68439e-09,,258.5023162100053,0.9992401362319022,0.9637001930303031,0.9998715457622435,0.9999999992945519,7.056101258839931e-10
3839.6,4.49792251,3175.311698,2693.69586,0.237460089,0.732001129,-8.839181869,1.362160418,0.000259839,1.62081e-13,0.595340422,0.002498824,0.399252468,0.000594802,3.24639e-06,0.001569421,0.00074081,5.68536e-09,,258.0537467808786,0.9992081159251271,0.962215666060606,0.9998660603543102,0.9999999990755222,9.246399201856548e-10
3837.2,4.497778159,3170.417326,2693.681045,0.237443192,0.73197777,-8.839343275,1.362201622,0.000266158,1.62209e-13,0.595049909,0.00249808,0.399540196,0.000595439,3.25118e-06,0.001571109,0.000742011,5.68633e-09,,257.60572280667697,0.999176048522805,0.960732523030303,0.9998605612124419,1.0000000008664922,-8.663301187539219e-10
3834.8,4.497633594,3165.527518,2693.666192,0.237426294,0.731954413,-8.839504692,1.362242814,0.000272474,1.62337e-13,0.5947591,0.002497334,0.399828216,0.000596076,3.25597e-06,0.001572799,0.000743214,5.6873e-09,,257.15824592492856,0.9991439335806382,0.959250763030303,0.9998550479654512,1.000000000657462,-6.572997701681516e-10
3832.4,4.497488816,3160.64227,2693.651301,0.237409397,0.731931057,-8.839666121,1.362283994,0.000278788,1.62465e-13,0.594467995,0.002496586,0.400116528,0.000596714,3.26078e-06,0.001574492,0.000744419,5.68826e-09,,256.7112015874844,0.9991117713207759,0.9577703848484848,0.9998495206133377,1.0000000004684226,-4.682600973637818e-10
3830.0,4.497343824,3155.761579,2693.636373,0.2373925,0.731907704,-8.839827561,1.362325163,0.0002851,1.62594e-13,0.594176593,0.002495837,0.400405132,0.000597353,3.26559e-06,0.001576187,0.000745626,5.68922e-09,,256.26470554246845,0.9990795615210689,0.9562913875757576,0.999843979527289,0.9999999992793825,7.207799912478663e-10
3827.6,4.497198618,3150.885442,2693.621406,0.237375602,0.731884352,-8.839989013,1.362366321,0.00029141,1.62723e-13,0.593884895,0.002495086,0.40069403,0.000597993,3.27041e-06,0.001577885,0.000746836,5.69017e-09,,255.81853637107565,0.9990473041815175,0.9548137703030303,0.9998384239649306,1.0000000011003327,-1.1001699551371757e-09
3825.2,4.497053195,3146.013854,2693.606402,0.237358705,0.731861002,-8.840150476,1.362407467,0.000297717,1.62851e-13,0.593592899,0.002494334,0.400983222,0.000598633,3.27523e-06,0.001579584,0.000748047,5.69112e-09,,255.37313568205616,0.9990149986356753,0.9533375315151514,0.9998328546686367,0.9999999999212827,7.888001363198782e-11
3822.8,4.496907557,3141.146813,2693.591359,0.237341807,0.731837655,-8.840311951,1.362448601,0.000304022,1.6298e-13,0.593300605,0.00249358,0.401272707,0.000599275,3.28007e-06,0.001581286,0.000749261,5.69206e-09,,254.92806063313813,0.9989826453278395,0.9518626706060606,0.9998272708960331,0.999999999762223,2.3794000103549706e-10
3820.4,4.496761702,3136.284314,2693.576279,0.23732491,0.731814309,-8.840473438,1.362489724,0.000310324,1.63109e-13,0.593008013,0.002492824,0.401562487,0.000599917,3.28491e-06,0.001582991,0.000750477,5.693e-09,,254.48342655119987,0.9989502438137129,0.9503891860606061,0.9998216733894941,0.9999999996031629,3.9700009946130876e-10
3818.0,4.496615629,3131.426355,2693.561159,0.237308012,0.731790965,-8.840634936,1.362530836,0.000316624,1.63239e-13,0.592715123,0.002492066,0.401852561,0.000600561,3.28976e-06,0.001584697,0.000751695,5.69393e-09,,254.03944931175684,0.9989177938711465,0.9489170772727273,0.9998160610354577,0.9999999984540932,1.5460700497627045e-09
3815.6,4.496469339,3126.572932,2693.546002,0.237291114,0.731767623,-8.840796446,1.362571935,0.000322922,1.63368e-13,0.592421934,0.002491307,0.402142931,0.000601205,3.29462e-06,0.001586406,0.000752916,5.69486e-09,,253.59580386121516,0.9988852957222892,0.9474463430303031,0.9998104349474863,0.9999999993150235,6.851398337559544e-10
3813.2,4.496322829,3121.724041,2693.530805,0.237274217,0.731744283,-8.840957967,1.362613023,0.000329218,1.63498e-13,0.592128446,0.002490547,0.402433596,0.00060185,3.29949e-06,0.001588118,0.000754138,5.69578e-09,,253.15270791889415,0.9988527487006946,0.9459769821212121,0.9998047940120173,1.0000000001859437,-1.8578005800407027e-10
3810.8,4.4961761,3116.879679,2693.51557,0.237257319,0.731720945,-8.8411195,1.362654099,0.000335511,1.63627e-13,0.591834658,0.002489784,0.402724557,0.000602496,3.30437e-06,0.001589832,0.000755363,5.6967e-09,,252.71005296415592,0.9988201530285112,0.9445089936363636,0.9997991389714258,1.0000000000668634,-6.669975682882523e-11
3808.4,4.496029151,3112.039843,2693.500296,0.237240421,0.731697609,-8.841281045,1.362695164,0.000341802,1.63757e-13,0.59154057,0.00248902,0.403015814,0.000603143,3.30925e-06,0.001591548,0.00075659,5.69761e-09,,252.2679502944827,0.9987875084835907,0.9430423766666667,0.9997934694545244,0.9999999999477738,5.238987021982666e-11
3806.0,4.495881981,3107.204528,2693.484982,0.237223524,0.731674275,-8.841442601,1.362736217,0.000348091,1.63887e-13,0.591246181,0.002488255,0.403307368,0.000603791,3.31414e-06,0.001593266,0.000757819,5.69852e-09,,251.8263975246897,0.9987548148437839,0.9415771296969697,0.9997877850901253,0.9999999998386839,1.614799405302847e-10
3803.6,4.495734589,3102.373732,2693.46963,0.237206626,0.731650943,-8.841604169,1.362777259,0.000354378,1.64017e-13,0.590951492,0.002487488,0.403599219,0.00060444,3.31904e-06,0.001594987,0.000759051,5.69942e-09,,251.38518186680656,0.9987220718869421,0.9401132521212121,0.9997820866206037,1.000000001739584,-1.7394199414155764e-09
3801.2,4.495586976,3097.547451,2693.454238,0.237189728,0.731627614,-8.841765748,1.362818288,0.000360662,1.64148e-13,0.590656501,0.002486719,0.403891367,0.000605089,3.32395e-06,0.00159671,0.000760284,5.70032e-09,,250.94462308369125,0.9986892798352143,0.9386507427272727,0.9997763733035847,0.9999999996504843,3.496800626834329e-10
3798.8,4.495439139,3092.725682,2693.438807,0.23717283,0.731604286,-8.84192734,1.362859306,0.000366944,1.64278e-13,0.590361209,0.002485948,0.404183813,0.00060574,3.32887e-06,0.001598435,0.00076152,5.70121e-09,,250.50450911593165,0.9986564380221538,0.9371896006060605,0.9997706455102557,0.9999999995713742,4.2879011452612303e-10
3796.4,4.495291079,3087.908421,2693.423337,0.237155932,0.73158096,-8.842088943,1.362900313,0.000373224,1.64409e-13,0.590065614,0.002485176,0.404476558,0.000606391,3.33379e-06,0.001600163,0.000762758,5.7021e-09,,250.06484277625106,0.9986235466699095,0.9357298245454546,0.9997649032406167,0.9999999994922644,5.078999443242083e-10
3794.0,4.495142794,3083.095664,2693.407826,0.237139034,0.731557637,-8.842250558,1.362941307,0.000379502,1.6454e-13,0.589769717,0.002484402,0.404769601,0.000607044,3.33873e-06,0.001601893,0.000763998,5.70299e-09,,249.62572616471095,0.9985906053341839,0.9342714133333333,0.9997591457522929,0.9999999994331547,5.670098834897885e-10
3791.6,4.494994285,3078.287408,2693.392276,0.237122136,0.731534315,-8.842412184,1.36298229,0.000385778,1.64671e-13,0.589473517,0.002483627,0.405062943,0.000607697,3.34367e-06,0.001603626,0.000765241,5.70387e-09,,249.1869538559451,0.9985576142371255,0.9328143660606061,0.9997533737876588,1.0000000003740346,-3.738698239885707e-10
3789.2,4.49484555,3073.483651,2693.376686,0.237105238,0.731510996,-8.842573822,1.363023261,0.000392051,1.64802e-13,0.589177014,0.002482849,0.405356585,0.000608351,3.34862e-06,0.001605361,0.000766485,5.70474e-09,,248.74883868192364,0.9985245729344371,0.9313586821212121,0.9997475869755275,0.9999999993249046,6.752601811044201e-10
3786.8,4.494696588,3068.684387,2693.361056,0.237088339,0.731487679,-8.842735473,1.363064221,0.000398322,1.64933e-13,0.588880207,0.00248207,0.405650527,0.000609006,3.35358e-06,0.001607098,0.000767732,5.70561e-09,,248.31117172474015,0.9984914812039697,0.9299043596969696,0.9997417853158986,0.999999999285775,7.143899916073337e-10
3784.4,4.4945474,3063.889614,2693.345386,0.237071441,0.731464364,-8.842897134,1.363105168,0.000404591,1.65065e-13,0.588583096,0.00248129,0.405944768,0.000609662,3.35855e-06,0.001608838,0.000768981,5.70647e-09,,247.87395406027616,0.998458339267872,0.9284513981818182,0.9997359688087722,0.9999999992566351,7.435300153346702e-10
3782.0,4.494397984,3059.099329,2693.329675,0.237054543,0.731441051,-8.843058808,1.363146104,0.000410858,1.65196e-13,0.58828568,0.002480508,0.406239311,0.000610319,3.36352e-06,0.00161058,0.000770233,5.70733e-09,,247.43718798840757,0.9984251466818465,0.9269997966666667,0.9997301370829611,1.0000000002274951,-2.2732993265606183e-10
3779.6,4.494248339,3054.313528,2693.313924,0.237037644,0.73141774,-8.843220494,1.363187027,0.000417123,1.65328e-13,0.58798796,0.002479724,0.406534154,0.000610977,3.36851e-06,0.001612325,0.000771487,5.70819e-09,,247.00087083267172,0.9983919032237445,0.925549553939394,0.9997242905096525,1.0000000012183552,-1.2181897712792988e-09
3777.2,4.494098465,3049.532208,2693.298132,0.237020746,0.731394431,-8.843382191,1.363227939,0.000423386,1.6546e-13,0.587689934,0.002478938,0.406829299,0.000611636,3.3735e-06,0.001614071,0.000772742,5.70904e-09,,246.56531597663732,0.9983586088935659,0.9241006690909092,0.9997184287176589,0.9999999992092055,7.90959964191984e-10
3774.8,4.493948361,3044.755364,2693.2823,0.237003847,0.731371125,-8.8435439,1.36326884,0.000429646,1.65592e-13,0.587391602,0.002478151,0.407124746,0.000612295,3.3785e-06,0.001615821,0.000774001,5.70988e-09,,246.1299037961528,0.9983252634691616,0.9226531406060606,0.999712552078168,1.0000000002100455,-2.0987989124421347e-10
3772.4,4.493798026,3039.982994,2693.266426,0.236986949,0.731347821,-8.843705621,1.363309728,0.000435905,1.65725e-13,0.587092964,0.002477362,0.407420495,0.000612956,3.38351e-06,0.001617573,0.000775261,5.71072e-09,,245.69514965063655,0.9982918667283833,0.9212069678787879,0.9997066598488048,1.0000000002208858,-2.2071988681204857e-10
3770.0,4.493647461,3035.215095,2693.250512,0.23697005,0.731324519,-8.843867354,1.363350604,0.000442161,1.65857e-13,0.58679402,0.002476571,0.407716547,0.000613617,3.38853e-06,0.001619327,0.000776524,5.71155e-09,,245.26084853581122,0.9982584188933795,0.9197621500000001,0.999700752771944,1.0000000002417158,-2.4154989120006576e-10
3767.6,4.493496663,3030.451662,2693.234556,0.236953151,0.731301219,-8.844029099,1.363391469,0.000448415,1.6599e-13,0.586494769,0.002475779,0.408012901,0.00061428,3.39355e-06,0.001621083,0.000777789,5.71238e-09,,244.827105267068,0.9982249192977038,0.9183186854545454,0.9996948301052109,1.0000000002625458,-2.6237989558808295e-10
3765.2,4.493345632,3025.692693,2693.21856,0.236936253,0.731277922,-8.844190856,1.363432321,0.000454668,1.66123e-13,0.58619521,0.002474985,0.408309559,0.000614943,3.39859e-06,0.001622842,0.000779056,5.7132e-09,,244.3938135472999,0.9981913679413563,0.9168765736363637,0.9996888925909804,0.9999999993033659,6.968001731166851e-10
3762.8,4.493194368,3020.938185,2693.202521,0.236919354,0.731254627,-8.844352625,1.363473162,0.000460918,1.66256e-13,0.585895343,0.002474189,0.408606521,0.000615607,3.40363e-06,0.001624604,0.000780326,5.71402e-09,,243.96087727815757,0.9981577648243372,0.9154358136363636,0.9996829391156902,0.9999999993441863,6.559800480587796e-10
3760.4,4.49304287,3016.188132,2693.186442,0.236902455,0.731231334,-8.844514406,1.36351399,0.000467166,1.66389e-13,0.585595169,0.002473392,0.408903787,0.000616273,3.40868e-06,0.001626367,0.000781598,5.71484e-09,,243.5285997015648,0.9981241097244972,0.9139964036363637,0.9996769707929025,1.0000000003950065,-3.948399385222956e-10
3758.0,4.492891136,3011.442533,2693.17032,0.236885556,0.731208044,-8.844676198,1.363554807,0.000473412,1.66522e-13,0.585294685,0.002472593,0.409201358,0.000616939,3.41374e-06,0.001628134,0.000782872,5.71564e-09,,243.09667666428376,0.9980904021975389,0.9125583433333333,0.999670986509055,1.0000000004558067,-4.5564019224286767e-10
3755.6,4.492739167,3006.701384,2693.154157,0.236868657,0.731184756,-8.844838003,1.363595612,0.000479656,1.66656e-13,0.584993893,0.002471792,0.409499234,0.000617606,3.41881e-06,0.001629902,0.000784148,5.71645e-09,,242.6654115883537,0.9980566424656112,0.9111216315151515,0.9996649870065225,0.9999999995266168,4.735498659869108e-10
3753.2,4.492586961,3001.964682,2693.137952,0.236851758,0.73116147,-8.84499982,1.363636404,0.000485898,1.66789e-13,0.584692791,0.00247099,0.409797416,0.000618274,3.42389e-06,0.001631674,0.000785427,5.71724e-09,,242.23440345024125,0.9980228300844165,0.9096862672727272,0.9996589719141179,1.0000000016074067,-1.6072398967281742e-09
3750.8,4.492434519,2997.232422,2693.121704,0.236834858,0.731138186,-8.845161649,1.363677185,0.000492138,1.66923e-13,0.584391379,0.002470185,0.410095903,0.000618943,3.42898e-06,0.001633447,0.000786708,5.71804e-09,,241.80405271426326,0.9979889652761035,0.9082522490909091,0.9996529408606535,0.9999999996982071,3.019599015274821e-10
3748.4,4.492281838,2992.504603,2693.105415,0.236817959,0.731114905,-8.84532349,1.363717953,0.000498376,1.67057e-13,0.584089657,0.00246938,0.410394696,0.000619612,3.43407e-06,0.001635223,0.000787991,5.71882e-09,,241.37416306381314,0.9979550473742259,0.9068195766666666,0.9996468945885041,0.9999999987889872,1.211179934124118e-09
3746.0,4.492128919,2987.781219,2693.089083,0.23680106,0.731091626,-8.845485343,1.363758709,0.000504612,1.67191e-13,0.583787625,0.002468572,0.410693796,0.000620283,3.43917e-06,0.001637002,0.000789277,5.7196e-09,,240.94463316523542,0.9979210766009322,0.9053882481818182,0.9996408323552949,0.9999999998897673,1.1039991143491079e-10
3743.6,4.49197576,2983.062269,2693.072709,0.23678416,0.73106835,-8.845647207,1.363799454,0.000510846,1.67326e-13,0.583485281,0.002467763,0.410993204,0.000620955,3.44429e-06,0.001638783,0.000790565,5.72038e-09,,240.51566031422936,0.9978870525119252,0.9039582633333333,0.9996347545322135,1.0000000010105472,-1.0103800018868014e-09
3741.2,4.491822361,2978.347748,2693.056291,0.23676726,0.731045076,-8.845809085,1.363840186,0.000517078,1.6746e-13,0.583182626,0.002466952,0.411292918,0.000621628,3.44941e-06,0.001640566,0.000791855,5.72115e-09,,240.08724846959595,0.9978529751072046,0.9025296206060607,0.9996286603768849,1.0000000001313174,-1.3114997976515497e-10
3738.8,4.491668721,2973.637654,2693.039832,0.236750361,0.731021805,-8.845970974,1.363880907,0.000523308,1.67595e-13,0.582879659,0.002466139,0.411592941,0.000622301,3.45454e-06,0.001642352,0.000793148,5.72192e-09,,239.65919899131725,0.9978188441646219,0.9011023193939395,0.9996225510028715,1.0000000002620877,-2.619200412112832e-10
3736.4,4.491514839,2968.931982,2693.023329,0.236733461,0.730998536,-8.846132875,1.363921615,0.000529537,1.6773e-13,0.582576379,0.002465324,0.411893272,0.000622976,3.45968e-06,0.00164414,0.000794443,5.72268e-09,,239.23170890854504,0.997784659462028,0.8996763581818182,0.9996164252966108,0.9999999994028478,5.97319860240475e-10
3734.0,4.491360715,2964.23073,2693.006783,0.236716561,0.730975269,-8.846294788,1.363962311,0.000535763,1.67865e-13,0.582272787,0.002464508,0.412193912,0.000623651,3.46482e-06,0.001645931,0.00079574,5.72344e-09,,238.80468344704835,0.997750420999423,0.8982517363636364,0.9996102836292902,0.9999999995436079,4.565600120187696e-10
3731.6,4.491206348,2959.533894,2692.990194,0.236699661,0.730952005,-8.846456714,1.364002994,0.000541987,1.68e-13,0.581968882,0.00246369,0.41249486,0.000624328,3.46998e-06,0.001647725,0.00079704,5.72419e-09,,238.37802152351557,0.9977161285546582,0.8968284527272727,0.99960412600091,1.000000000704358,-7.04190039613195e-10
3729.2,4.491051736,2954.841471,2692.973561,0.236682761,0.730928744,-8.846618652,1.364043666,0.00054821,1.68135e-13,0.581664663,0.002462871,0.412796119,0.000625005,3.47514e-06,0.00164952,0.000798342,5.72493e-09,,237.95201958372553,0.9976817816834357,0.8954065063636364,0.9995979520402826,1.000000000865098,-8.649299054752646e-10
3726.8,4.49089688,2950.153458,2692.956885,0.236665861,0.730905485,-8.846780602,1.364084326,0.00055443,1.68271e-13,0.581360129,0.002462049,0.413097687,0.000625684,3.48032e-06,0.001651319,0.000799646,5.72567e-09,,237.52638168731175,0.9976473806079046,0.8939858963636363,0.9995917621185955,1.0000000000458382,-4.5669912296375514e-11
3724.4,4.490741778,2945.46985,2692.940165,0.236648961,0.730882228,-8.846942564,1.364124972,0.000560649,1.68406e-13,0.581055282,0.002461226,0.413399565,0.000626363,3.4855e-06,0.00165312,0.000800953,5.7264e-09,,237.10121140719144,0.9976129248837672,0.8925666212121212,0.999585555864661,1.0000000002265683,-2.2639978780603087e-10
3722.0,4.49058643,2940.790645,2692.923402,0.236632061,0.730858974,-8.847104538,1.364165607,0.000566866,1.68542e-13,0.58075012,0.002460401,0.413701755,0.000627043,3.49069e-06,0.001654923,0.000802262,5.72713e-09,,236.67660246510226,0.9975784145110232,0.8911486803030303,0.9995793336496669,1.0000000004172986,-4.171301082322998e-10
3719.6,4.490430835,2936.11584,2692.906594,0.23661516,0.730835723,-8.847266525,1.36420623,0.000573081,1.68678e-13,0.580444642,0.002459575,0.414004255,0.000627724,3.49589e-06,0.001656729,0.000803573,5.72785e-09,,236.25245905165374,0.9975438492675244,0.8897320727272727,0.9995730947312382,0.9999999996180187,3.8214986730622513e-10
3717.2,4.490274992,2931.445431,2692.889743,0.23659826,0.730812474,-8.847428524,1.364246841,0.000579294,1.68814e-13,0.580138849,0.002458746,0.414307067,0.000628406,3.5011e-06,0.001658537,0.000804887,5.72857e-09,,235.82878157970066,0.9975092289311215,0.8883167972727273,0.9995668398517498,0.9999999988287388,1.1714300640619513e-09
3714.8,4.490118901,2926.779415,2692.872847,0.236581359,0.730789228,-8.847590535,1.364287439,0.000585505,1.68951e-13,0.57983274,0.002457916,0.414610191,0.00062909,3.50631e-06,0.001660348,0.000806203,5.72928e-09,,235.4055731662483,0.9974745535018147,0.886902853030303,0.9995605682688266,1.000000000039449,-3.928013470044789e-11
3712.4,4.489962559,2922.117788,2692.855906,0.236564458,0.730765984,-8.847752558,1.364328025,0.000591715,1.69087e-13,0.579526314,0.002457084,0.414913628,0.000629774,3.51154e-06,0.001662161,0.000807522,5.72999e-09,,234.98282998925328,0.9974398223131578,0.8854902387878788,0.9995542799824686,1.000000000270159,-2.6999003033267854e-10
3710.0,4.489805968,2917.460547,2692.838922,0.236547557,0.730742743,-8.847914594,1.364368598,0.000597922,1.69224e-13,0.579219571,0.002456251,0.415217377,0.000630459,3.51678e-06,0.001663977,0.000808843,5.73069e-09,,234.56055515257523,0.9974050358094477,0.8840789536363637,0.9995479757350512,1.0000000005108591,-5.106899347850913e-10
3707.6,4.489649126,2912.807689,2692.821892,0.236530656,0.730719505,-8.848076643,1.364409159,0.000604128,1.69361e-13,0.578912511,0.002455416,0.41552144,0.000631145,3.52202e-06,0.001665795,0.000810166,5.73139e-09,,234.1388452161136,0.9973701935463875,0.8826689966666668,0.9995416544130116,1.0000000007515593,-7.51389839237504e-10
3705.2,4.489492031,2908.159211,2692.804818,0.236513755,0.730696269,-8.848238703,1.364449708,0.000610332,1.69498e-13,0.578605133,0.002454578,0.415825816,0.000631832,3.52727e-06,0.001667616,0.000811492,5.73208e-09,,233.71750936770215,0.9973352950796794,0.881260366969697,0.9995353167587248,1.0000000000022495,-2.0801138589376933e-12
3702.8,4.489334684,2903.515109,2692.787698,0.236496854,0.730673036,-8.848400776,1.364490245,0.000616535,1.69635e-13,0.578297436,0.00245374,0.416130506,0.00063252,3.53254e-06,0.00166944,0.00081282,5.73276e-09,,233.2966418884753,0.997300340631472,0.8798530633333334,0.9995289620298159,1.0000000002729297,-2.727600367791183e-10
3700.4,4.489177084,2898.87538,2692.770534,0.236479953,0.730649806,-8.848562861,1.364530769,0.000622735,1.69772e-13,0.577989422,0.002452899,0.416435511,0.000633209,3.53781e-06,0.001671266,0.000814151,5.73344e-09,,232.8762468847109,0.9972653299796166,0.8784470848484849,0.9995225909686599,1.0000000015436097,-1.54344004243967e-09
3698.0,4.489019229,2894.24002,2692.753324,0.236463051,0.730626578,-8.848724959,1.36457128,0.000628934,1.6991e-13,0.577681088,0.002452057,0.416740831,0.000633898,3.54309e-06,0.001673094,0.000815483,5.73412e-09,,232.4565091087812,0.9972302626798158,0.8770424303030303,0.9995162028328816,0.9999999998242897,1.7588019929348775e-10
3695.6,4.488861119,2889.609027,2692.736069,0.23644615,0.730603353,-8.848887069,1.36461178,0.000635131,1.70048e-13,0.577372434,0.002451213,0.417046465,0.000634589,3.54838e-06,0.001674926,0.000816819,5.73478e-09,,232.0369628906714,0.9971951387320693,0.8756390990909091,0.9995097979936689,1.00000000011495,-1.1477996331166196e-10
3693.2,4.488702754,2884.982397,2692.718768,0.236429248,0.730580131,-8.849049192,1.364652266,0.000641326,1.70186e-13,0.577063461,0.002450367,0.417352416,0.000635281,3.55367e-06,0.001676759,0.000818157,5.73545e-09,,231.61807664649922,0.9971599581363774,0.87423709,0.9995033760798341,1.0000000004056202,-4.0544989587942837e-10
3690.8,4.488544131,2880.360126,2692.701421,0.236412347,0.730556911,-8.849211326,1.364692741,0.00064752,1.70324e-13,0.576754167,0.002449519,0.417658683,0.000635974,3.55898e-06,0.001678595,0.000819497,5.7361e-09,,231.19966030156613,0.9971247202262933,0.8728364018181818,0.9994969370913772,0.9999999997162704,2.8389990358590467e-10
3688.4,4.488385252,2875.742212,2692.684028,0.236395445,0.730533695,-8.849373474,1.364733203,0.000653712,1.70462e-13,0.576444553,0.00244867,0.417965266,0.000636668,3.5643e-06,0.001680434,0.000820839,5.73676e-09,,230.78171722453052,0.9970894254461147,0.871437033939394,0.9994904810282982,1.0000000000369302,-3.675992843454878e-11
3686.0,4.488226113,2871.128651,2692.66659,0.236378543,0.730510481,-8.849535634,1.364773652,0.000659902,1.706e-13,0.576134617,0.002447818,0.418272167,0.000637362,3.56962e-06,0.001682276,0.000822184,5.7374e-09,,230.36415663885933,0.9970540729072467,0.8700389851515151,0.9994840082617845,0.9999999993575708,6.425999732329046e-10
3683.6,4.488066716,2866.51944,2692.649105,0.23636164,0.73048727,-8.849697807,1.364814089,0.00066609,1.70739e-13,0.57582436,0.002446965,0.418579384,0.000638058,3.57496e-06,0.001684119,0.000823532,5.73804e-09,,229.9471604845922,0.9970186630539867,0.8686422545454545,0.9994775180494614,0.9999999986982109,1.3019598732455506e-09
3681.2,4.487907058,2861.914576,2692.631574,0.236344738,0.730464062,-8.849859992,1.364854513,0.000672277,1.70878e-13,0.575513781,0.002446111,0.41888692,0.000638755,3.5803e-06,0.001685966,0.000824882,5.73868e-09,,229.53054955359562,0.9969831952198883,0.8672468412121213,0.9994710107625162,1.0000000010388508,-1.0386800308737065e-09
3678.8,4.48774714,2857.314055,2692.613996,0.236327836,0.730440856,-8.850022189,1.364894925,0.000678462,1.71017e-13,0.575202879,0.002445254,0.419194774,0.000639453,3.58565e-06,0.001687815,0.000826234,5.7393e-09,,229.11450409125297,0.9969476696271001,0.8658527439393939,0.9994644860297616,1.0000000003894711,-3.89300147674021e-10
3676.4,4.48758696,2852.717874,2692.596371,0.236310933,0.730417654,-8.850184399,1.364935324,0.000684646,1.71156e-13,0.574891654,0.002444396,0.419502946,0.000640151,3.59101e-06,0.001689667,0.000827589,5.73993e-09,,228.6988435310961,0.9969120858313248,0.8644599618181819,0.9994579438511974,0.9999999997501011,2.500700757579466e-10
3674.0,4.487426518,2848.12603,2692.5787,0.236294031,0.730394454,-8.850346622,1.364975711,0.000690828,1.71295e-13,0.574580106,0.002443536,0.419811438,0.000640851,3.59639e-06,0.001691521,0.000828946,5.74054e-09,,228.2837477995318,0.9968764438325625,0.8630684939393939,0.9994513845980111,1.0000000001307114,-1.305400232354259e-10
3671.6,4.487265812,2843.538519,2692.560981,0.236277128,0.730371257,-8.850508857,1.365016085,0.000697008,1.71435e-13,0.574268235,0.002442674,0.420120249,0.000641552,3.60177e-06,0.001693378,0.000830306,5.74116e-09,,227.86904025816966,0.9968407431865152,0.8616783390909092,0.9994448075278279,1.0000000015113315,-1.5111600859540886e-09
3669.2,4.487104842,2838.955339,2692.543216,0.236260225,0.730348063,-8.850671106,1.365056446,0.000703187,1.71575e-13,0.573956039,0.00244181,0.42042938,0.000642253,3.60715e-06,0.001695237,0.000831668,5.74176e-09,,227.45490109394612,0.9968049838931828,0.8602894966666667,0.9994382133830226,0.9999999998919316,1.0824008356280501e-10
3666.8,4.486943607,2834.376486,2692.525403,0.236243322,0.730324872,-8.850833366,1.365096795,0.000709364,1.71714e-13,0.573643518,0.002440944,0.420738831,0.000642956,3.61255e-06,0.001697099,0.000833033,5.74236e-09,,227.0411475556042,0.9967691657304171,0.8589019654545454,0.9994316014212205,0.9999999992925318,7.076399466399153e-10
3664.4,4.486782106,2829.801956,2692.507542,0.236226418,0.730301684,-8.85099564,1.365137131,0.000715539,1.71855e-13,0.573330673,0.002440077,0.421048603,0.00064366,3.61796e-06,0.001698964,0.0008344,5.74295e-09,,226.62787289348177,0.9967332884760688,0.8575157442424242,0.9994249716424212,1.000000000703122,-7.029501425392937e-10
3662.0,4.486620338,2825.231748,2692.489634,0.236209515,0.730278499,-8.851157926,1.365177454,0.000721713,1.71995e-13,0.573017501,0.002439208,0.421358696,0.000644364,3.62338e-06,0.001700831,0.00083577,5.74354e-09,,226.2150761504454,0.9966973519079892,0.8561308327272728,0.9994183244178126,0.999999999123712,8.764600156752067e-10
3659.6,4.486458303,2820.665856,2692.471678,0.236192612,0.730255317,-8.851320225,1.365217765,0.000727885,1.72135e-13,0.572704004,0.002438337,0.421669111,0.00064507,3.6288e-06,0.001702701,0.000837142,5.74413e-09,,225.80276049722178,0.9966613560261786,0.8547472290909092,0.999411659376207,0.9999999995443021,4.558700084089651e-10
3657.2,4.486295999,2816.104279,2692.453674,0.236175708,0.730232138,-8.851482536,1.365258062,0.000734056,1.72276e-13,0.572390181,0.002437464,0.421979848,0.000645777,3.63424e-06,0.001704574,0.000838516,5.7447e-09,,225.39092259089006,0.996625300386339,0.853364933030303,0.9994049765176044,0.9999999999848724,1.529987248005682e-11
3654.8,4.486133425,2811.547012,2692.435622,0.236158804,0.730208962,-8.85164486,1.365298348,0.000740225,1.72416e-13,0.572076031,0.00243659,0.422290907,0.000646484,3.63968e-06,0.001706449,0.000839893,5.74527e-09,,224.97956656552637,0.9965891847663217,0.851983943030303,0.999398275842005,0.9999999994254424,5.74729930313822e-10
3652.4,4.485970582,2806.994053,2692.417522,0.2361419,0.730185789,-8.851807197,1.36533862,0.000746393,1.72557e-13,0.571761554,0.002435714,0.422602289,0.000647193,3.64514e-06,0.001708327,0.000841273,5.74584e-09,,224.56860125646065,0.9965530093882755,0.8506042584848484,0.9993915573494087,1.0000000008860124,-8.858398459210548e-10
3650.0,4.485807467,2802.445399,2692.399373,0.236124996,0.730162619,-8.851969547,1.365378879,0.000752559,1.72699e-13,0.571446749,0.002434835,0.422913995,0.000647902,3.6506e-06,0.001710207,0.000842655,5.7464e-09,,224.15820590906083,0.996516773585754,0.8492258784848485,0.9993848206686279,0.9999999993465728,6.535999519385882e-10
3647.6,4.48564408,2797.901046,2692.381175,0.236108092,0.730139452,-8.85213191,1.365419126,0.000758723,1.7284e-13,0.571131616,0.002433955,0.423226024,0.000648613,3.65608e-06,0.00171209,0.00084404,5.74695e-09,,223.7482029814747,0.9964804773587573,0.8478488018181818,0.9993780657996626,0.9999999998271228,1.730500187591133e-10
3645.2,4.485480421,2793.36099,2692.362929,0.236091187,0.730116289,-8.852294285,1.36545936,0.000764887,1.72981e-13,0.570816154,0.002433074,0.423538377,0.000649325,3.66156e-06,0.001713976,0.000845427,5.7475e-09,,223.33868396815942,0.9964441207072853,0.8464730272727273,0.9993712931137004,1.000000000307673,-3.075000254426641e-10
3642.8,4.485316488,2788.82523,2692.344633,0.236074283,0.730093128,-8.852456674,1.365499581,0.000771048,1.73123e-13,0.570500363,0.00243219,0.423851055,0.000650037,3.66705e-06,0.001715864,0.000846816,5.74804e-09,,222.92973363377263,0.9964077031870403,0.8450985545454546,0.9993645018683667,0.999999997798213,2.201960058734187e-09
3640.4,4.48515228,2784.293761,2692.326289,0.236057378,0.73006997,-8.852619075,1.365539789,0.000777209,1.73265e-13,0.570184244,0.002431305,0.424164058,0.000650751,3.67255e-06,0.001717755,0.000848209,5.74857e-09,,222.52109346233217,0.9963712245758738,0.8437253821212121,0.9993576928060357,1.0000000002987435,-2.985700575663941e-10
3638.0,4.484987796,2779.76658,2692.307895,0.236040473,0.730046816,-8.852781489,1.365579985,0.000783367,1.73407e-13,0.569867794,0.002430417,0.424477387,0.000651466,3.67806e-06,0.001719649,0.000849603,5.7491e-09,,222.11302227406625,0.9963346846516368,0.8423535090909091,0.999350865184333,0.9999999998092733,1.909000735267341e-10
3635.6,4.484823036,2775.243685,2692.289452,0.236023568,0.730023665,-8.852943916,1.365620167,0.000789525,1.73549e-13,0.569551014,0.002429528,0.424791041,0.000652182,3.68358e-06,0.001721546,0.000851001,5.74963e-09,,221.7052631509375,0.996298083414329,0.8409829348484849,0.999344019374446,1.0000000013298034,-1.3296299616882834e-09
3633.2,4.484657999,2770.725072,2692.270959,0.236006663,0.730000517,-8.853106356,1.365660337,0.00079568,1.73692e-13,0.569233903,0.002428637,0.425105021,0.000652898,3.68911e-06,0.001723445,0.0008524,5.75014e-09,,221.29816011414604,0.9962614206418021,0.8396136581818182,0.999337155005187,0.9999999988603137,1.1398599841783152e-09
3630.8,4.484492683,2766.210737,2692.252416,0.235989757,0.729977372,-8.853268809,1.365700493,0.000801835,1.73834e-13,0.568916461,0.002427745,0.425419329,0.000653616,3.69465e-06,0.001725346,0.000853803,5.75065e-09,,220.89145625666936,0.9962246958897583,0.8382456778787879,0.9993302720765563,1.000000000400824,-4.006501796993689e-10
3628.4,4.484327089,2761.700678,2692.233823,0.235972852,0.72995423,-8.853431274,1.365740637,0.000807988,1.73977e-13,0.568598688,0.00242685,0.425733963,0.000654335,3.7002e-06,0.001727251,0.000855207,5.75116e-09,,220.48523724353421,0.9961879093803462,0.8368789933333334,0.9993233705885539,0.9999999999513339,4.8840043120890186e-11
3626.0,4.484161214,2757.194892,2692.21518,0.235955946,0.729931092,-8.853593753,1.365780767,0.00081414,1.7412e-13,0.568280582,0.002425953,0.426048925,0.000655055,3.70576e-06,0.001729158,0.000856615,5.75166e-09,,220.07941831754422,0.9961510604471198,0.8355136036363636,0.9993164505411797,0.999999999511834,4.883400350763623e-10
3623.6,4.483995058,2752.693374,2692.196486,0.23593904,0.729907957,-8.853756245,1.365820885,0.00082029,1.74263e-13,0.567962145,0.002425055,0.426364215,0.000655775,3.71133e-06,0.001731068,0.000858025,5.75215e-09,,219.6740865226093,0.9961141490900786,0.8341495072727273,0.999309511563246,1.0000000000823244,-8.215006452871876e-11
3621.2,4.483828621,2748.196123,2692.177742,0.235922134,0.729884825,-8.85391875,1.365860989,0.000826439,1.74406e-13,0.567643374,0.002424155,0.426679834,0.000656497,3.7169e-06,0.00173298,0.000859437,5.75264e-09,,219.26932682161606,0.996077175309223,0.832786703939394,0.9993025540259406,0.9999999996528145,3.4735991860657123e-10
3618.8,4.4836619,2743.703135,2692.158948,0.235905228,0.729861696,-8.854081268,1.365901081,0.000832586,1.7455e-13,0.56732427,0.002423253,0.426995781,0.00065722,3.72249e-06,0.001734895,0.000860853,5.75312e-09,,218.86488367570809,0.9960401384381066,0.8314251924242425,0.9992955779292634,1.0000000002432947,-2.431201906460956e-10
3616.4,4.483494896,2739.214406,2692.140102,0.235888321,0.729838571,-8.854243799,1.365941159,0.000838733,1.74694e-13,0.567004832,0.002422349,0.427312058,0.000657944,3.72809e-06,0.001736813,0.00086227,5.75359e-09,,218.46101187459993,0.9960030386988777,0.8300649715151516,0.9992885825308395,0.9999999998437649,1.56409885043729e-10
3614.0,4.483327608,2734.729934,2692.121206,0.235871414,0.729815449,-8.854406343,1.365981224,0.000844878,1.74837e-13,0.56668506,0.002421444,0.427628664,0.000658669,3.73369e-06,0.001738734,0.00086369,5.75406e-09,,218.05754604011912,0.995965875869388,0.8287060406060606,0.9992815685730438,1.0000000004442346,-4.440598999622125e-10
3611.6,4.483160033,2730.249716,2692.102258,0.235854508,0.72979233,-8.8545689,1.366021276,0.000851021,1.74982e-13,0.566364953,0.002420536,0.4279456,0.000659395,3.73931e-06,0.001740657,0.000865113,5.75452e-09,,217.65456619834353,0.995928649283191,0.8273483987878787,0.9992745353135015,0.999999999064695,9.354799157534899e-10
3609.2,4.482992172,2725.773747,2692.083259,0.235837601,0.729769215,-8.85473147,1.366061315,0.000857163,1.75126e-13,0.566044511,0.002419627,0.428262867,0.000660122,3.74493e-06,0.001742583,0.000866539,5.75498e-09,,217.25199386468424,0.9958913591624355,0.8259920445454546,0.9992674831234,0.9999999996851551,3.150201210999626e-10
3606.8,4.482824024,2721.302026,2692.064208,0.235820693,0.729746103,-8.854894054,1.366101341,0.000863304,1.7527e-13,0.565723734,0.002418715,0.428580466,0.00066085,3.75057e-06,0.001744512,0.000867967,5.75543e-09,,216.8499089292448,0.9958540052849725,0.8246369775757575,0.9992604116315515,1.0000000003256053,-3.2543012729036036e-10
3604.4,4.482655587,2716.834549,2692.045105,0.235803786,0.729722995,-8.855056651,1.366141354,0.000869444,1.75415e-13,0.565402621,0.002417802,0.428898395,0.000661579,3.75621e-06,0.001746444,0.000869397,5.75587e-09,,216.44831551361085,0.9958165872065045,0.8232831966666667,0.9992533208379567,0.9999999999660454,3.413003213381671e-11
3602.0,4.482486861,2712.371313,2692.025951,0.235786878,0.72969989,-8.85521926,1.366181354,0.000875582,1.7556e-13,0.565081171,0.002416887,0.429216657,0.000662309,3.76187e-06,0.001748378,0.000870831,5.75631e-09,,216.04712771665913,0.9957791049270315,0.8219307009090909,0.9992462111138024,1.0000000006264855,-6.263098928371846e-10
3599.6,4.482317845,2707.912314,2692.006744,0.235769971,0.729676788,-8.855381884,1.36622134,0.00088172,1.75705e-13,0.564759384,0.00241597,0.42953525,0.00066304,3.76753e-06,0.001750315,0.000872266,5.75674e-09,,215.64651400088408,0.9957415582244047,0.8205794890909092,0.9992390817167139,0.9999999982869158,1.7132600893532413e-09
3597.2,4.482148537,2703.45755,2691.987485,0.235753063,0.72965369,-8.85554452,1.366261313,0.000887856,1.7585e-13,0.564437261,0.002415051,0.429854177,0.000663773,3.77321e-06,0.001752254,0.000873705,5.75717e-09,,215.24630762186547,0.9957039466543265,0.8192295606060607,0.999231933017879,0.9999999999673457,3.283018301658558e-11
3594.8,4.481978937,2699.007017,2691.968174,0.235736154,0.729630595,-8.85570717,1.366301273,0.00089399,1.75995e-13,0.564114799,0.002414131,0.430173437,0.000664506,3.77889e-06,0.001754197,0.000875146,5.75759e-09,,214.84651225958902,0.995666270216797,0.8178809142424243,0.9992247650172973,1.000000000647766,-6.475899816393849e-10
3592.4,4.481809044,2694.560713,2691.94881,0.235719246,0.729607504,-8.855869832,1.366341219,0.000900124,1.76141e-13,0.563791999,0.002413208,0.43049303,0.00066524,3.78458e-06,0.001756142,0.00087659,5.758e-09,,214.44720827149882,0.9956285286896672,0.8165335493939393,0.9992175773437814,0.9999999993381762,6.620001213875071e-10
3590.0,4.481638856,2690.118634,2691.929393,0.235702337,0.729584417,-8.856032509,1.366381152,0.000906256,1.76287e-13,0.563468861,0.002412284,0.430812958,0.000665976,3.79029e-06,0.00175809,0.000878036,5.7584e-09,,214.048395173416,0.9955907216286396,0.8151874648484848,0.9992103699973314,1.0000000010485763,-1.0484000334542998e-09
3587.6,4.481468374,2685.680777,2691.909923,0.235685429,0.729561333,-8.856195198,1.366421072,0.000912387,1.76433e-13,0.563145383,0.002411358,0.43113322,0.000666712,3.796e-06,0.001760041,0.000879485,5.7588e-09,,213.6499947334422,0.995552849255863,0.8138426596969697,0.9992031429779473,1.0000000007589767,-7.588001338376671e-10
3585.2,4.481297595,2681.247139,2691.890399,0.23566852,0.729538252,-8.856357901,1.366460978,0.000918517,1.76579e-13,0.562821566,0.002410429,0.431453817,0.000667449,3.80172e-06,0.001761994,0.000880937,5.7592e-09,,213.2520869108948,0.9955149109048909,0.8124991330303031,0.9991958959144416,0.9999999994793766,5.207999587142353e-10
3582.8,4.48112652,2676.817716,2691.870823,0.23565161,0.729515175,-8.856520617,1.366500871,0.000924646,1.76725e-13,0.562497409,0.002409499,0.431774749,0.000668188,3.80746e-06,0.001763951,0.000882391,5.75958e-09,,212.8545906312526,0.9954769067978722,0.8111568836363636,0.9991886295491894,1.0000000002197567,-2.1957990981036346e-10
3580.4,4.480955146,2672.392507,2691.851192,0.235634701,0.729492102,-8.856683347,1.366540751,0.000930774,1.76872e-13,0.562172911,0.002408567,0.432096017,0.000668927,3.8132e-06,0.00176591,0.000883848,5.75996e-09,,212.45758941008307,0.9954388362683605,0.8098159112121213,0.999181342768628,0.9999999989601368,1.0400400540788723e-09
3578.0,4.480783473,2667.971507,2691.831508,0.235617791,0.729469032,-8.85684609,1.366580617,0.0009369,1.77018e-13,0.561848073,0.002407633,0.432417622,0.000669668,3.81895e-06,0.001767872,0.000885307,5.76034e-09,,212.0610823541973,0.9954006993163556,0.8084762142424243,0.9991740363151326,0.9999999997105169,2.8966007370456737e-10
3575.6,4.4806115,2663.554714,2691.81177,0.235600882,0.729445966,-8.857008847,1.36662047,0.000943025,1.77165e-13,0.561522893,0.002406698,0.432739563,0.00067041,3.82472e-06,0.001769836,0.00088677,5.76071e-09,,211.66498838441336,0.9953624957197089,0.8071377921212121,0.9991667098175154,1.0000000004808873,-4.807101383619283e-10
3573.2,4.480439226,2659.142124,2691.791978,0.235583971,0.729422904,-8.857171617,1.366660309,0.00094915,1.77312e-13,0.561197372,0.00240576,0.433061841,0.000671152,3.83049e-06,0.001771804,0.000888235,5.76107e-09,,211.2693113867587,0.9953242252562715,0.8058006436363636,0.9991593632757769,1.0000000002512472,-2.510700536362265e-10
3570.8,4.48026665,2654.733734,2691.772131,0.235567061,0.729399845,-8.857334401,1.366700135,0.000955273,1.7746e-13,0.560871508,0.00240482,0.433384457,0.000671896,3.83627e-06,0.001773774,0.000889702,5.76142e-09,,210.8742083513708,0.9952858877038948,0.8044647678787878,0.9991519963187294,0.9999999990315974,9.685799939873618e-10
3568.4,4.480093771,2650.329542,2691.75223,0.235550151,0.72937679,-8.857497198,1.366739947,0.000961395,1.77607e-13,0.560545302,0.002403879,0.43370741,0.000672641,3.84207e-06,0.001775747,0.000891172,5.76177e-09,,210.47952062217723,0.9952474828404297,0.8031301642424242,0.9991446093175602,0.9999999988319477,1.1682299572157717e-09
3566.0,4.479920588,2645.929544,2691.732274,0.23553324,0.729353739,-8.857660008,1.366779746,0.000967516,1.77755e-13,0.560218752,0.002402936,0.434030703,0.000673387,3.84787e-06,0.001777723,0.000892645,5.76211e-09,,210.08525128013198,0.9952090104437274,0.8017968315151516,0.999137201901082,0.9999999996322877,3.6789005175563716e-10
3563.6,4.4797471,2641.533737,2691.712263,0.235516329,0.729330692,-8.857822832,1.366819531,0.000973636,1.77903e-13,0.559891859,0.00240199,0.434354334,0.000674134,3.85368e-06,0.001779702,0.000894121,5.76245e-09,,209.69139978801135,0.9951704702916395,0.8004647687878789,0.9991297740692949,0.9999999994426279,5.57550006163865e-10
3561.2,4.479573306,2637.142119,2691.692198,0.235499418,0.729307648,-8.85798567,1.366859303,0.000979755,1.78051e-13,0.559564622,0.002401043,0.434678304,0.000674882,3.85951e-06,0.001781683,0.000895599,5.76277e-09,,209.29812189150306,0.9951318621620168,0.7991339754545455,0.9991223261933863,0.9999999982729482,1.7272299146497971e-09
3558.8,4.479399204,2632.754685,2691.672076,0.235482506,0.729284608,-8.858148522,1.366899061,0.000985873,1.78199e-13,0.559237041,0.002400094,0.435002615,0.000675631,3.86534e-06,0.001783668,0.00089708,5.7631e-09,,208.90518676648014,0.9950931856105617,0.79780445,0.9991148571597936,1.0000000001032783,-1.0309997300339546e-10
3556.4,4.479224795,2628.371433,2691.651899,0.235465595,0.729261572,-8.858311387,1.366938805,0.00099199,1.78348e-13,0.558909114,0.002399143,0.435327265,0.000676382,3.87118e-06,0.001785655,0.000898564,5.76341e-09,,208.5127487726681,0.9950544408594233,0.7964761918181817,0.9991073677108921,0.9999999999435883,5.658995494428609e-11
3554.0,4.479050076,2623.99236,2691.631667,0.235448683,0.729238539,-8.858474265,1.366978536,0.000998106,1.78496e-13,0.558580843,0.00239819,0.435652256,0.000677133,3.87704e-06,0.001787645,0.000900051,5.76372e-09,,208.12073016159138,0.9950156272421548,0.7951492000000001,0.9990998578466816,1.0000000008038985,-8.037199794586058e-10
3551.6,4.478875048,2619.617463,2691.611378,0.235431771,0.729215511,-8.858637158,1.367018253,0.001004221,1.78645e-13,0.558252225,0.002397235,0.435977588,0.000677885,3.8829e-06,0.001789638,0.00090154,5.76402e-09,,207.72921087279403,0.9949767449809052,0.7938234736363636,0.9990923268247872,0.9999999996641986,3.3597991055955845e-10
3549.2,4.478699707,2615.246739,2691.591034,0.235414858,0.729192487,-8.858800064,1.367057956,0.001010335,1.78794e-13,0.557923261,0.002396278,0.436303262,0.000678639,3.88877e-06,0.001791634,0.000903032,5.76432e-09,,207.33811325594613,0.9949377931870792,0.7924990118181818,0.9990847753875838,1.0000000005344987,-5.343199216412131e-10
3546.8,4.478524055,2610.880184,2691.570633,0.235397946,0.729169466,-8.858962983,1.367097646,0.001016448,1.78943e-13,0.55759395,0.002395319,0.436629278,0.000679393,3.89466e-06,0.001793632,0.000904526,5.76461e-09,,206.94758934353905,0.9948987723049747,0.7911758133333333,0.9990772027926965,0.9999999984247889,1.5753900406423327e-09
3544.4,4.478348089,2606.517797,2691.550176,0.235381033,0.729146449,-8.859125917,1.367137322,0.00102256,1.79093e-13,0.557264293,0.002394359,0.436955636,0.000680149,3.90055e-06,0.001795634,0.000906024,5.76489e-09,,206.55733750138174,0.9948596816681449,0.7898538778787879,0.999069609411313,1.000000001315069,-1.314889974679545e-09
3542.0,4.478171809,2602.159572,2691.529662,0.23536412,0.729123436,-8.859288864,1.367176984,0.001028671,1.79242e-13,0.556934287,0.002393396,0.437282337,0.000680906,3.90645e-06,0.001797638,0.000907524,5.76517e-09,,206.16766073477862,0.9948205212765899,0.7885332036363636,0.9990619948722452,1.0000000002153493,-2.1517010395655234e-10
3539.6,4.477995214,2597.805509,2691.509091,0.235347206,0.729100428,-8.859451825,1.367216632,0.001034781,1.79392e-13,0.556603934,0.002392431,0.437609382,0.000681664,3.91237e-06,0.001799645,0.000909026,5.76543e-09,,205.77848237870967,0.994781290908161,0.7872137906060606,0.9990543591754938,1.0000000001356093,-1.3542988952508495e-10
3537.2,4.477818302,2593.455603,2691.488462,0.235330293,0.729077423,-8.8596148,1.367256267,0.00104089,1.79542e-13,0.556273232,0.002391465,0.43793677,0.000682423,3.91829e-06,0.001801655,0.000910532,5.7657e-09,,205.38965429325432,0.9947419901185607,0.7858956372727273,0.999046701949871,1.0000000010558794,-1.055699971885815e-09
3534.8,4.477641073,2589.109851,2691.467777,0.235313379,0.729054422,-8.859777789,1.367295888,0.001046999,1.79693e-13,0.555942181,0.002390496,0.438264502,0.000683183,3.92423e-06,0.001803668,0.00091204,5.76595e-09,,205.00132490954496,0.9947026189077887,0.7845787427272728,0.9990390239377519,0.9999999999961298,4.0499825715301085e-12
3532.4,4.477463525,2584.768252,2691.447034,0.235296465,0.729031425,-8.859940791,1.367335494,0.001053106,1.79843e-13,0.55561078,0.002389526,0.438592579,0.000683944,3.93017e-06,0.001805684,0.000913551,5.7662e-09,,204.6134227805178,0.9946631768315475,0.7832631066666667,0.9990313243967613,0.9999999999363798,6.380007633310925e-11
3530.0,4.477285657,2580.4308,2691.426233,0.23527955,0.729008432,-8.860103808,1.367375087,0.001059213,1.79994e-13,0.55527903,0.002388553,0.438921001,0.000684706,3.93613e-06,0.001807703,0.000915065,5.76644e-09,,204.22594544417942,0.9946236636676884,0.7819487272727274,0.9990236033268998,0.99999999989662,1.0355993840249766e-10
3527.6,4.477107468,2576.097495,2691.405375,0.235262636,0.728985444,-8.860266838,1.367414666,0.001065319,1.80144e-13,0.554946929,0.002387579,0.439249769,0.000685469,3.9421e-06,0.001809724,0.000916582,5.76668e-09,,203.83896985903905,0.9945840791940623,0.7806356045454546,0.999015861099354,0.9999999998668602,1.333200216890873e-10
3525.2,4.476928958,2571.768331,2691.384458,0.235245721,0.728962459,-8.860429883,1.367454231,0.001071424,1.80296e-13,0.554614477,0.002386603,0.439578882,0.000686234,3.94807e-06,0.001811749,0.000918101,5.76691e-09,,203.45242300913623,0.9945444234106697,0.7793237366666668,0.9990080969717496,0.9999999998370903,1.630899859605961e-10
3522.8,4.476750125,2567.443308,2691.363483,0.235228805,0.728939479,-8.860592941,1.367493782,0.001077528,1.80447e-13,0.554281675,0.002385625,0.439908342,0.000686999,3.95406e-06,0.001813776,0.000919623,5.76713e-09,,203.06637724237552,0.9945046958732126,0.7780131236363637,0.999000311315274,0.9999999998273104,1.728699405845191e-10
3520.4,4.476570967,2563.12242,2691.342449,0.23521189,0.728916503,-8.860756013,1.367533319,0.001083631,1.80598e-13,0.55394852,0.002384644,0.440238149,0.000687766,3.96006e-06,0.001815807,0.000921148,5.76734e-09,,202.680685075152,0.9944648961373934,0.7767037636363637,0.9989925037587396,0.9999999998275207,1.7265988638826002e-10
3518.0,4.476391485,2558.805667,2691.321357,0.235194974,0.72889353,-8.8609191,1.367572842,0.001089734,1.8075e-13,0.553615013,0.002383662,0.440568303,0.000688533,3.96607e-06,0.00181784,0.000922676,5.76755e-09,,202.29549638420684,0.9944250244253611,0.7753956566666667,0.9989846746733337,0.9999999988377306,1.1624501361495732e-09
3515.6,4.476211676,2554.493044,2691.300205,0.235178058,0.728870562,-8.8610822,1.367612351,0.001095835,1.80902e-13,0.553281154,0.002382678,0.440898805,0.000689302,3.97208e-06,0.001819876,0.000924207,5.76775e-09,,201.9107390523537,0.9943850800706692,0.7740888012121212,0.9989768233166819,0.9999999998479309,1.52249990392761e-10
3513.2,4.47603154,2550.184548,2691.278995,0.235161142,0.728847599,-8.861245315,1.367651846,0.001101936,1.81054e-13,0.552946941,0.002381692,0.441229656,0.000690072,3.97811e-06,0.001821915,0.00092574,5.76794e-09,,201.52648339410524,0.9943450630733176,0.7727831963636365,0.9989689504311587,0.9999999998781212,1.220600287510365e-10
3510.8,4.475851076,2545.880177,2691.257724,0.235144225,0.728824639,-8.861408443,1.367691326,0.001108037,1.81206e-13,0.552612375,0.002380704,0.441560855,0.000690843,3.98415e-06,0.001823957,0.000927276,5.76813e-09,,201.1426584816882,0.9943049732111575,0.7714788415151516,0.998961054903202,0.9999999999183112,8.186995525960583e-11
3508.4,4.475670282,2541.579928,2691.236395,0.235127309,0.728801684,-8.861571586,1.367730793,0.001114136,1.81358e-13,0.552277455,0.002379714,0.441892403,0.000691615,3.9902e-06,0.001826002,0.000928815,5.76831e-09,,200.75926478297325,0.9942648100398915,0.7701757357575758,0.9989531378463737,0.9999999999684915,3.168987294799308e-11
3506.0,4.475489157,2537.283797,2691.215005,0.235110391,0.728778733,-8.861734743,1.367770246,0.001120235,1.81511e-13,0.551942181,0.002378721,0.4422243,0.000692389,3.99626e-06,0.00182805,0.000930357,5.76848e-09,,200.37630275777377,0.9942245733373707,0.7688738778787879,0.998945198147112,1.0000000000286615,-2.848010716149929e-11
3503.6,4.475307701,2532.991782,2691.193556,0.235093474,0.728755786,-8.861897914,1.367809684,0.001126333,1.81664e-13,0.551606551,0.002377727,0.442556548,0.000693163,4.00233e-06,0.001830101,0.000931901,5.76865e-09,,199.99384541864245,0.9941842631035949,0.7675732672727273,0.9989372365477917,0.9999999990988316,9.013499946419756e-10
3501.2,4.475125912,2528.703879,2691.172046,0.235076556,0.728732844,-8.862061099,1.367849108,0.001132431,1.81817e-13,0.551270566,0.002376731,0.442889146,0.000693938,4.00841e-06,0.001832155,0.000933449,5.76881e-09,,199.6117489371925,0.9941438788942667,0.7662739027272728,0.9989292523060376,0.999999999178992,8.21189893862595e-10
3498.8,4.474943788,2524.420087,2691.150476,0.235059638,0.728709906,-8.862224299,1.367888518,0.001138527,1.8197e-13,0.550934226,0.002375733,0.443222095,0.000694715,4.01451e-06,0.001834212,0.000934999,5.76896e-09,,199.23015684073283,0.9941034202650884,0.7649757839393939,0.9989212457930372,1.000000000279142,-2.7895996623783503e-10
3496.4,4.47476133,2520.140401,2691.128845,0.23504272,0.728686972,-8.862387512,1.367927914,0.001144624,1.82124e-13,0.550597528,0.002374733,0.443555395,0.000695493,4.02061e-06,0.001836271,0.000936552,5.7691e-09,,198.84907101616778,0.9940628874382088,0.7636789093939395,0.9989132166376035,0.9999999983792821,1.6208999698008597e-09
3494.0,4.474578535,2515.864819,2691.107153,0.235025801,0.728664043,-8.86255074,1.367967295,0.001150719,1.82277e-13,0.550260475,0.002373731,0.443889048,0.000696272,4.02672e-06,0.001838334,0.000938108,5.76924e-09,,198.46834863886147,0.9940222797471816,0.7623832784848484,0.9989051648397358,1.0000000004894223,-4.892399818601234e-10
3491.6,4.474395402,2511.593337,2691.0854,0.235008883,0.728641118,-8.862713982,1.368006662,0.001156814,1.82431e-13,0.549923064,0.002372727,0.444223052,0.000697052,4.03285e-06,0.0018404,0.000939667,5.76937e-09,,198.0880597144354,0.9939815969698578,0.7610888899999999,0.9988970903994348,1.0000000006195524,-6.193701107548577e-10
3489.2,4.474211932,2507.325954,2691.063585,0.234991963,0.728618198,-8.862877239,1.368046015,0.001162908,1.82585e-13,0.549585295,0.002371721,0.444557409,0.000697833,4.03898e-06,0.001842469,0.000941229,5.7695e-09,,197.70820784970866,0.9939408393283865,0.7597957436363636,0.9988889929455126,1.0000000007496828,-7.495000176049871e-10
3486.8,4.474028121,2503.062666,2691.041709,0.234975044,0.728595282,-8.86304051,1.368085353,0.001169002,1.8274e-13,0.549247168,0.002370713,0.44489212,0.000698615,4.04513e-06,0.00184454,0.000942793,5.76961e-09,,197.32893213802978,0.993900005934172,0.7585038381818181,0.9988808728491569,0.9999999998997927,1.0039002962258792e-10
3484.4,4.473843969,2498.80347,2691.019772,0.234958124,0.728572371,-8.863203795,1.368124677,0.001175095,1.82894e-13,0.548908682,0.002369703,0.445227184,0.000699399,4.05128e-06,0.001846615,0.000944361,5.76972e-09,,196.94995297656808,0.9938590967872148,0.7572131727272727,0.9988727301103676,1.0000000010499028,-1.049720088630579e-09
3482.0,4.473659475,2494.548363,2690.997772,0.234941204,0.728549464,-8.863367095,1.368163987,0.001181187,1.83049e-13,0.548569837,0.002368691,0.445562602,0.000700183,4.05745e-06,0.001848693,0.000945931,5.76982e-09,,196.57148005111,0.9938181116653659,0.7559237463636364,0.9988645639867697,1.000000000220003,-2.1981994002828742e-10
3479.6,4.473474638,2490.297342,2690.97571,0.234924284,0.728526561,-8.863530409,1.368203282,0.001187279,1.83204e-13,0.548230633,0.002367677,0.445898374,0.000700969,4.06363e-06,0.001850773,0.000947504,5.76992e-09,,196.19351481811103,0.9937770503464765,0.7546355581818182,0.9988563748495508,0.9999999994001032,6.000799857019956e-10
3477.2,4.473289457,2486.050404,2690.953585,0.234907363,0.728503663,-8.863693738,1.368242563,0.001193371,1.83359e-13,0.547891069,0.002366661,0.446234502,0.000701756,4.06982e-06,0.001852857,0.00094908,5.77001e-09,,195.8159175936248,0.9937359126083977,0.7533486072727273,0.9988481623275234,1.0000000005901934,-5.900100408240405e-10
3474.8,4.47310393,2481.807547,2690.931398,0.234890442,0.72848077,-8.863857081,1.368281829,0.001199461,1.83514e-13,0.547551144,0.002365643,0.446570985,0.000702544,4.07602e-06,0.001854944,0.000950659,5.77009e-09,,195.43875886583572,0.9936946980068319,0.752062893030303,0.9988399267918749,1.0000000007902734,-7.900899934298877e-10
3472.4,4.472918056,2477.568767,2690.909148,0.23487352,0.728457882,-8.864020439,1.368321081,0.001205552,1.8367e-13,0.547210859,0.002364622,0.446907824,0.000703333,4.08223e-06,0.001857033,0.000952241,5.77016e-09,,195.0621085687032,0.9936534063196304,0.7507784142424243,0.9988316678714181,1.0000000000003435,-1.5987211554602254e-13
3470.0,4.472731834,2473.334062,2690.886834,0.234856599,0.728434998,-8.864183811,1.368360318,0.001211642,1.83826e-13,0.546870212,0.0023636,0.447245019,0.000704123,4.08845e-06,0.001859126,0.000953826,5.77022e-09,,194.68582870148896,0.9936120373246444,0.7494951703030303,0.998823385194965,1.000000000220404,-2.2022006440636233e-10
3467.6,4.472545263,2469.103429,2690.864458,0.234839677,0.728412118,-8.864347198,1.368399541,0.001217731,1.83981e-13,0.546529203,0.002362576,0.447582571,0.000704914,4.09468e-06,0.001861222,0.000955413,5.77028e-09,,194.31005783675698,0.9935705907997249,0.7482131603030302,0.9988150795048912,0.9999999994504639,5.497200472603936e-10
3465.2,4.472358341,2464.876864,2690.842017,0.234822754,0.728389244,-8.864510599,1.368438748,0.00122382,1.84138e-13,0.546187831,0.00236155,0.44792048,0.000705707,4.10092e-06,0.001863321,0.000957004,5.77033e-09,,193.9346584988849,0.9935290663005745,0.746932383030303,0.9988067496876339,0.9999999996905143,3.0966995634429395e-10
3462.8,4.472171068,2460.654366,2690.819513,0.234805832,0.728366374,-8.864674015,1.368477942,0.001229908,1.84294e-13,0.545846097,0.002360521,0.448258747,0.000706501,4.10718e-06,0.001865423,0.000958597,5.77038e-09,,193.5597673387381,0.9934874638271932,0.7456528381818183,0.9987983964855682,0.9999999989505642,1.0496200575360604e-09
3460.4,4.471983442,2456.43593,2690.796945,0.234788909,0.728343509,-8.864837446,1.368517121,0.001235996,1.84451e-13,0.545504,0.002359491,0.448597373,0.000707295,4.11344e-06,0.001867528,0.000960194,5.77041e-09,,193.1852511990308,0.9934457829352833,0.7443745242424242,0.9987900195275067,1.0000000002105944,-2.1040991171616952e-10
3458.0,4.471795462,2452.221554,2690.774312,0.234771985,0.728320648,-8.865000891,1.368556285,0.001242084,1.84607e-13,0.545161539,0.002358459,0.448936356,0.000708091,4.11972e-06,0.001869636,0.000961793,5.77044e-09,,192.81124375578156,0.9934040234026961,0.7430974406060606,0.9987816184422615,0.9999999994906246,5.095599497906278e-10
3455.6,4.471607127,2448.011236,2690.751615,0.234755062,0.728297793,-8.865164351,1.368595434,0.001248171,1.84764e-13,0.544818714,0.002357424,0.449275699,0.000708889,4.126e-06,0.001871747,0.000963395,5.77047e-09,,192.43767967804325,0.9933621850072826,0.7418215866666666,0.9987731936010207,0.9999999997706548,2.2952995060165904e-10
3453.2,4.471418435,2443.804972,2690.728853,0.234738138,0.728274942,-8.865327826,1.368634568,0.001254258,1.84922e-13,0.544475524,0.002356388,0.449615402,0.000709687,4.1323e-06,0.001873861,0.000965001,5.77048e-09,,192.06448978084782,0.9933202673047452,0.7405469612121212,0.9987647446325963,1.000000001070665,-1.07047992692344e-09
3450.8,4.471229386,2439.602759,2690.706026,0.234721213,0.728252096,-8.865491316,1.368673688,0.001260344,1.85079e-13,0.544131969,0.00235535,0.449955464,0.000710486,4.13861e-06,0.001875978,0.000966609,5.77049e-09,,191.69181083288842,0.993278270295084,0.7392735633333333,0.9987562715369886,1.0000000003806753,-3.804900838844105e-10
3448.4,4.471039977,2435.404595,2690.683134,0.234704289,0.728229255,-8.86565482,1.368712793,0.00126643,1.85237e-13,0.543788048,0.002354309,0.450295887,0.000711287,4.14493e-06,0.001878098,0.00096822,5.77049e-09,,191.31957507133396,0.9932361933118526,0.7380013924242425,0.9987477743141977,0.9999999997006752,2.9950997237904176e-10
3446.0,4.470850209,2431.210477,2690.660176,0.234687363,0.728206418,-8.865818339,1.368751883,0.001272516,1.85395e-13,0.543443761,0.002353266,0.45063667,0.000712089,4.15126e-06,0.001880222,0.000969834,5.77048e-09,,190.9477166532909,0.9931940365771998,0.7367304475757576,0.9987392525930359,0.9999999990306654,9.69520019822312e-10
3443.6,4.470660079,2427.020402,2690.637152,0.234670438,0.728183587,-8.865981873,1.368790959,0.001278601,1.85553e-13,0.543099108,0.002352222,0.450977815,0.000712892,4.1576e-06,0.001882348,0.000971451,5.77046e-09,,190.57637035253867,0.9931517994246792,0.7354607278787879,0.9987307063735033,0.9999999993706455,6.295399757050291e-10
3441.2,4.470469586,2422.834366,2690.614063,0.234653512,0.728160761,-8.866145422,1.368830019,0.001284687,1.85711e-13,0.542754088,0.002351175,0.451319322,0.000713696,4.16395e-06,0.001884478,0.000973071,5.77044e-09,,190.2054023222142,0.993109481632142,0.7341922321212121,0.9987221360267874,0.9999999997206259,2.7955981973804e-10
3438.8,4.470278729,2418.652368,2690.590907,0.234636586,0.728137939,-8.866308986,1.368869065,0.001290771,1.8587e-13,0.5424087,0.002350126,0.451661191,0.000714501,4.17032e-06,0.00188661,0.000974694,5.77041e-09,,189.83494477922883,0.9930670829774393,0.73292496,0.9987135408105131,0.9999999980905959,1.9095899306265096e-09
3436.4,4.470087507,2414.474405,2690.567685,0.23461966,0.728115123,-8.866472565,1.368908095,0.001296856,1.86028e-13,0.542062945,0.002349075,0.452003423,0.000715308,4.17669e-06,0.001888746,0.00097632,5.77037e-09,,189.46486877608865,0.9930246032384221,0.7316589106060606,0.9987049210958682,0.9999999994605561,5.396300073456928e-10
3434.0,4.469895919,2410.300472,2690.544395,0.234602733,0.728092312,-8.866636159,1.368947111,0.00130294,1.86187e-13,0.541716821,0.002348022,0.452346018,0.000716116,4.18308e-06,0.001890885,0.000977949,5.77033e-09,,189.0952379101529,0.9929820421929421,0.7303940824242424,0.9986962761404775,0.9999999998505161,1.496699431058346e-10
3431.6,4.469703962,2406.130569,2690.521039,0.234585806,0.728069505,-8.866799768,1.368986111,0.001309024,1.86346e-13,0.541370328,0.002346967,0.452688977,0.000716925,4.18948e-06,0.001893027,0.000979581,5.77027e-09,,188.72605406387194,0.9929393991745525,0.7291304754545455,0.9986876066867162,1.0000000002504563,-2.502700269246816e-10
3429.2,4.469511637,2401.964691,2690.497616,0.234568878,0.728046704,-8.866963391,1.369025097,0.001315108,1.86506e-13,0.541023466,0.00234591,0.453032299,0.000717735,4.19589e-06,0.001895172,0.000981216,5.77021e-09,,188.35731778812243,0.9928966744054024,0.7278680881818183,0.9986789123633966,0.9999999996603965,3.3978997393546706e-10
3426.8,4.469318942,2397.802837,2690.474126,0.23455195,0.728023908,-8.86712703,1.369064067,0.001321192,1.86665e-13,0.540676234,0.002344851,0.453375987,0.000718546,4.20231e-06,0.00189732,0.000982854,5.77014e-09,,187.98902927909228,0.992853867441194,0.7266069203030303,0.9986701931705186,1.0000000000803266,-8.013989472033245e-11
3424.4,4.469125874,2393.645003,2690.450567,0.234535022,0.728001117,-8.867290684,1.369103022,0.001327275,1.86825e-13,0.540328631,0.00234379,0.453720039,0.000719358,4.20874e-06,0.001899472,0.000984495,5.77007e-09,,187.62112385904862,0.9928109776154808,0.7253469706060607,0.9986614483657076,0.9999999995102566,4.899302075145329e-10
3422.0,4.468932434,2389.491186,2690.426941,0.234518093,0.727978331,-8.867454353,1.369141963,0.001333358,1.86985e-13,0.539980658,0.002342727,0.454064457,0.000720172,4.21518e-06,0.001901626,0.000986139,5.76998e-09,,187.25373234835237,0.9927680051504116,0.7240882381818182,0.9986526786913384,0.999999999950167,5.00199881514618e-11
3419.6,4.46873862,2385.341383,2690.403246,0.234501164,0.72795555,-8.867618038,1.369180888,0.001339441,1.87145e-13,0.539632314,0.002341661,0.45440924,0.000720987,4.22164e-06,0.001903784,0.000987786,5.76989e-09,,186.8867237635167,0.9927249496016889,0.7228307221212121,0.998643883405036,0.9999999994100773,5.901098498739543e-10
3417.2,4.46854443,2381.195593,2690.379483,0.234484234,0.727932775,-8.867781737,1.369219798,0.001345524,1.87306e-13,0.539283598,0.002340594,0.45475439,0.000721803,4.2281e-06,0.001905945,0.000989436,5.76979e-09,,186.52016640939445,0.9926818105250151,0.7215744221212121,0.9986350628779881,0.9999999998699773,1.302100649525073e-10
3414.8,4.468349863,2377.053811,2690.355651,0.234467304,0.727910005,-8.867945451,1.369258693,0.001351607,1.87467e-13,0.53893451,0.002339524,0.455099907,0.00072262,4.23458e-06,0.001908109,0.000991089,5.76968e-09,,186.15405752619913,0.9926385876982415,0.7203193366666667,0.9986262167390069,0.9999999993498676,6.503199090346357e-10
3412.4,4.468154918,2372.916036,2690.33175,0.234450374,0.72788724,-8.868109181,1.369297572,0.001357689,1.87627e-13,0.538585049,0.002338453,0.455445792,0.000723438,4.24107e-06,0.001910276,0.000992745,5.76957e-09,,185.78839924231374,0.992595280899219,0.7190654654545455,0.9986173449880927,0.9999999998397577,1.6042989159359422e-10
3410.0,4.467959593,2368.782264,2690.30778,0.234433444,0.72786448,-8.868272926,1.369336437,0.001363772,1.87789e-13,0.538235216,0.002337379,0.455792043,0.000724258,4.24757e-06,0.001912446,0.000994405,5.76945e-09,,185.4231280987615,0.9925518896836503,0.7178128072727272,0.9986084476252455,1.0000000003396377,-3.394498016007219e-10
3407.6,4.467763888,2364.652493,2690.283741,0.234416512,0.727841725,-8.868436687,1.369375285,0.001369854,1.8795e-13,0.537885008,0.002336303,0.456138664,0.000725078,4.25408e-06,0.00191462,0.000996067,5.76932e-09,,185.05830791022552,0.9925084140515352,0.7165613615151515,0.9985995246504651,0.999999999849508,1.506799129913361e-10
3405.2,4.4675678,2360.526719,2690.259631,0.234399581,0.727818976,-8.868600463,1.369414119,0.001375937,1.88111e-13,0.537534427,0.002335225,0.456485653,0.0007259,4.2606e-06,0.001916797,0.000997732,5.76918e-09,,184.69393983352734,0.9924648533364273,0.715311126969697,0.9985905753213766,1.000000000369368,-3.6918001988794913e-10
3402.8,4.467371329,2356.404941,2690.235452,0.234382649,0.727796233,-8.868764254,1.369452937,0.001382019,1.88273e-13,0.537183471,0.002334145,0.456833011,0.000726724,4.26714e-06,0.001918976,0.000999401,5.76903e-09,,184.33002238763794,0.9924212075383265,0.7140621033333333,0.9985816003803551,1.0000000009092183,-9.090299624148201e-10
3400.4,4.467174474,2352.287155,2690.211203,0.234365717,0.727773494,-8.86892806,1.36949174,0.001388101,1.88435e-13,0.53683214,0.002333062,0.457180738,0.000727548,4.27368e-06,0.00192116,0.001001072,5.76888e-09,,183.9664954406121,0.9923774764350843,0.7128142893939394,0.9985725994562131,0.9999999994490684,5.511199274721434e-10
3398.0,4.466977231,2348.173358,2690.186882,0.234348784,0.727750762,-8.869091882,1.369530527,0.001394184,1.88598e-13,0.536480434,0.002331978,0.457528836,0.000728374,4.28024e-06,0.001923346,0.001002747,5.76872e-09,,183.6034207925359,0.9923336591381053,0.7115676842424242,0.9985635718065757,1.0000000010089085,-1.008719996420382e-09
3395.6,4.466779602,2344.063548,2690.162491,0.234331851,0.727728034,-8.86925572,1.369569299,0.001400266,1.8876e-13,0.536128352,0.002330892,0.457877304,0.0007292,4.28681e-06,0.001925535,0.001004424,5.76855e-09,,183.24086181781092,0.992289756091687,0.7103222872727273,0.9985545181738178,0.9999999995787386,4.2145009704341874e-10
3393.2,4.466581583,2339.957723,2690.138029,0.234314918,0.727705312,-8.869419573,1.369608056,0.001406348,1.88923e-13,0.535775893,0.002329803,0.458226143,0.000730028,4.29339e-06,0.001927728,0.001006105,5.76837e-09,,182.878631195298,0.9922457664072344,0.7090780978787878,0.9985454381867519,0.9999999991585587,8.416302099689688e-10
3390.8,4.466383174,2335.855878,2690.113496,0.234297984,0.727682596,-8.869583442,1.369646796,0.001412431,1.89086e-13,0.535423058,0.002328712,0.458575354,0.000730858,4.29998e-06,0.001929924,0.001007789,5.76818e-09,,182.5168551572268,0.9922016900847472,0.7078351145454544,0.9985363318453778,1.000000000748369,-7.481799624287078e-10
3388.4,4.466184374,2331.758012,2690.088891,0.234281049,0.727659885,-8.869747325,1.369685522,0.001418513,1.89249e-13,0.535069845,0.00232762,0.458924936,0.000731688,4.30659e-06,0.001932123,0.001009476,5.76799e-09,,182.15553254477783,0.992157526902077,0.706593336969697,0.9985271987785085,1.0000000003581793,-3.579900820227522e-10
3386.0,4.46598518,2327.664122,2690.064214,0.234264115,0.72763718,-8.869911225,1.369724232,0.001424595,1.89412e-13,0.534716254,0.002326525,0.459274891,0.00073252,4.3132e-06,0.001934326,0.001011166,5.76779e-09,,181.7946040239247,0.992113276192777,0.7053527642424243,0.9985180389861438,1.0000000009679795,-9.67790070305341e-10
3383.6,4.465785592,2323.574204,2690.039465,0.234247179,0.72761448,-8.87007514,1.369762926,0.001430678,1.89576e-13,0.534362285,0.002325428,0.459625219,0.000733353,4.31983e-06,0.001936531,0.001012859,5.76758e-09,,181.43419115262694,0.9920689379568475,0.7041133951515152,0.9985088524682836,1.0000000005977698,-5.975802075397496e-10
3381.2,4.465585608,2319.488257,2690.014644,0.234230244,0.727591786,-8.870239071,1.369801604,0.001436761,1.89739e-13,0.534007938,0.002324328,0.45997592,0.000734187,4.32647e-06,0.00193874,0.001014555,5.76736e-09,,181.07417234597312,0.9920245117499906,0.7028752293939394,0.998499639224928,1.00000000023755,-2.3736013154973534e-10
3378.8,4.465385226,2315.406278,2689.98975,0.234213308,0.727569098,-8.870403017,1.369840267,0.001442843,1.89903e-13,0.533653211,0.002323227,0.460326994,0.000735022,4.33312e-06,0.001940952,0.001016255,5.76714e-09,,180.7145485985571,0.9919799971279092,0.7016382660606061,0.9984903988848898,0.9999999998873298,1.1286005463517768e-10
3376.4,4.465184446,2311.328263,2689.964783,0.234196371,0.727546415,-8.87056698,1.369878914,0.001448926,1.90068e-13,0.533298104,0.002322123,0.460678443,0.000735859,4.33978e-06,0.001943168,0.001017957,5.7669e-09,,180.3553809503545,0.9919353940906026,0.7004025039393939,0.9984811314481684,0.9999999995470901,4.531000019625253e-10
3374.0,4.464983266,2307.254211,2689.939742,0.234179434,0.727523738,-8.870730958,1.369917545,0.001455009,1.90232e-13,0.532942618,0.002321018,0.461030267,0.000736696,4.34645e-06,0.001945386,0.001019663,5.76666e-09,,179.99667078257866,0.9918907021937735,0.6991679427272727,0.998471836543577,1.00000000021685,-2.166600232555993e-10
3371.6,4.464781684,2303.184118,2689.914628,0.234162497,0.727501067,-8.870894952,1.369956161,0.001461092,1.90397e-13,0.53258675,0.00231991,0.461382466,0.000737535,4.35314e-06,0.001947608,0.001021372,5.76641e-09,,179.63835524218152,0.9918459209931244,0.6979345812121213,0.9984625145423025,0.9999999999066004,9.35900246190613e-11
3369.2,4.4645797,2299.117981,2689.889441,0.234145559,0.727478401,-8.871058961,1.369994761,0.001467176,1.90562e-13,0.532230502,0.0023188,0.46173504,0.000738376,4.35984e-06,0.001949833,0.001023084,5.76615e-09,,179.280497638012,0.9918010504886552,0.6967024184848485,0.9984531654443451,1.0000000006063403,-6.061497970222263e-10
3366.8,4.464377311,2295.055799,2689.864179,0.234128621,0.727455742,-8.871222987,1.370033345,0.001473259,1.90727e-13,0.531873872,0.002317688,0.46208799,0.000739217,4.36655e-06,0.001952062,0.001024799,5.76589e-09,,178.9230377183188,0.9917560900139195,0.6954714542424243,0.9984437885073304,1.0000000003160807,-3.158899808397564e-10
3364.4,4.464174516,2290.997568,2689.838843,0.234111682,0.727433088,-8.871387028,1.370071913,0.001479343,1.90892e-13,0.531516859,0.002316574,0.462441317,0.00074006,4.37327e-06,0.001954294,0.001026517,5.76561e-09,,178.56603581733035,0.9917110393467685,0.6942416872727272,0.9984343841024451,1.000000000035801,-3.561018147024697e-11
3362.0,4.463971314,2286.943285,2689.813432,0.234094743,0.72741044,-8.871551086,1.370110465,0.001485427,1.91058e-13,0.531159465,0.002315457,0.462795021,0.000740904,4.38e-06,0.001956529,0.001028238,5.76533e-09,,178.20949260365117,0.9916658982650535,0.6930131166666667,0.9984249518585021,0.9999999997655211,2.346700611610686e-10
3359.6,4.463767703,2282.892949,2689.787947,0.234077803,0.727387798,-8.871715159,1.370149001,0.001491512,1.91224e-13,0.530801687,0.002314339,0.463149102,0.000741749,4.38675e-06,0.001958767,0.001029963,5.76504e-09,,177.8533475490654,0.9916206663244767,0.6917857421212121,0.9984154921466888,0.9999999995152311,4.849600721001934e-10
3357.2,4.463563682,2278.846555,2689.762386,0.234060863,0.727365162,-8.871879248,1.370187521,0.001497596,1.9139e-13,0.530443526,0.002313218,0.463503562,0.000742595,4.3935e-06,0.001961009,0.001031691,5.76474e-09,,177.49760360939092,0.9915753433028892,0.6905595621212122,0.9984060042246304,1.0000000002649312,-2.647397856492262e-10
3354.8,4.46335925,2274.804103,2689.73675,0.234043923,0.727342531,-8.872043353,1.370226025,0.001503681,1.91556e-13,0.530084981,0.002312095,0.463858399,0.000743443,4.40027e-06,0.001963254,0.001033422,5.76443e-09,,177.14231825759984,0.9915299289781424,0.6893345766666666,0.9983964884635144,1.0000000000346214,-3.4429792350465505e-11
3352.4,4.463154404,2270.765588,2689.711038,0.234026982,0.727319907,-8.872207474,1.370264513,0.001509766,1.91723e-13,0.529726051,0.00231097,0.464213616,0.000744292,4.40705e-06,0.001965502,0.001035156,5.76412e-09,,176.7874926516581,0.9914844226837899,0.6881107842424243,0.998386944492153,0.9999999998143119,1.8587986705398407e-10
3350.0,4.462949144,2266.731008,2689.68525,0.23401004,0.727297289,-8.872371612,1.370302986,0.001515852,1.9189e-13,0.529366737,0.002309842,0.464569211,0.000745142,4.41385e-06,0.001967754,0.001036894,5.76379e-09,,176.4330088222679,0.9914388244198318,0.6868881842424243,0.9983773723105467,0.9999999996139818,3.862100639295818e-10
3347.6,4.462743467,2262.700361,2689.659385,0.233993098,0.727274677,-8.872535765,1.370341441,0.001521938,1.92057e-13,0.529007037,0.002308713,0.464925187,0.000745994,4.42065e-06,0.001970009,0.001038634,5.76346e-09,,176.07904563528632,0.9913931335198213,0.6856667760606061,0.9983677715475076,1.000000000413652,-4.1345993295749395e-10
3345.2,4.462537373,2258.673643,2689.633444,0.233976156,0.727252071,-8.872699935,1.370379881,0.001528024,1.92224e-13,0.528646951,0.002307581,0.465281543,0.000746846,4.42747e-06,0.001972267,0.001040378,5.76312e-09,,175.72548347067644,0.9913473499837586,0.6844465584848485,0.9983581425742235,0.9999999992333121,7.668801149662841e-10
3342.8,4.46233086,2254.650853,2689.607426,0.233959213,0.727229471,-8.872864121,1.370418304,0.001534111,1.92391e-13,0.528286479,0.002306448,0.465638279,0.0007477,4.4343e-06,0.001974529,0.001042125,5.76277e-09,,175.37232502007092,0.9913014733673461,0.6832275312121212,0.9983484850195067,1.0000000000629623,-6.277001141086203e-11
3340.4,4.462123926,2250.631987,2689.581331,0.233942269,0.727206877,-8.873028323,1.370456712,0.001540198,1.92559e-13,0.527925621,0.002305312,0.465995396,0.000748556,4.44114e-06,0.001976794,0.001043875,5.76241e-09,,175.01962824092215,0.9912555032262864,0.6820096930303031,0.9983387988833572,1.0000000009026024,-9.024099245635853e-10
3338.0,4.461916571,2246.617044,2689.555158,0.233925325,0.72718429,-8.873192541,1.370495103,0.001546285,1.92727e-13,0.527564375,0.002304173,0.466352895,0.000749412,4.44799e-06,0.001979062,0.001045629,5.76205e-09,,174.6673351564984,0.991209439560579,0.6807930436363636,0.998329083794588,0.9999999997522426,2.4795010489242486e-10
3335.6,4.461708791,2242.60602,2689.528908,0.233908381,0.727161708,-8.873356776,1.370533477,0.001552373,1.92895e-13,0.527202741,0.002303033,0.466710777,0.00075027,4.45486e-06,0.001981334,0.001047386,5.76167e-09,,174.31544611094668,0.9911632814816294,0.6795775818181818,0.9983193401243858,1.0000000016218629,-1.6216701315130422e-09
3333.2,4.461500587,2238.598912,2689.502579,0.233891436,0.727139133,-8.873521027,1.370571836,0.001558461,1.93064e-13,0.526840719,0.00230189,0.46706904,0.000751129,4.46174e-06,0.001983609,0.001049146,5.76129e-09,,173.9640196163304,0.9911170292115855,0.6783633066666667,0.9983095671303764,1.000000000501483,-5.01289898480195e-10
3330.8,4.461291956,2234.595718,2689.476172,0.233874491,0.727116564,-8.873685294,1.370610178,0.00156455,1.93232e-13,0.526478308,0.002300745,0.467427687,0.000751989,4.46863e-06,0.001985887,0.001050909,5.7609e-09,,173.6130559118299,0.9910706820840017,0.6771502175757576,0.998299765183747,0.9999999993910931,6.091001036878652e-10
3328.4,4.461082896,2230.596436,2689.449686,0.233857545,0.727094002,-8.873849578,1.370648504,0.00157064,1.93401e-13,0.526115508,0.002299598,0.467786717,0.000752851,4.47553e-06,0.001988169,0.001052675,5.7605e-09,,173.26249841866422,0.9910242396545799,0.6759383139393939,0.99828993391331,0.9999999992906934,7.095000142953722e-10
3326.0,4.460873407,2226.601062,2689.423122,0.233840598,0.727071445,-8.874013878,1.370686813,0.001576729,1.9357e-13,0.525752318,0.002298449,0.468146131,0.000753714,4.48245e-06,0.001990454,0.001054445,5.76009e-09,,172.9123464736231,0.9909777019233202,0.6747275945454546,0.9982800736902531,0.9999999992102835,7.899101372998985e-10
3323.6,4.460663487,2222.609595,2689.396478,0.233823651,0.727048895,-8.874178195,1.370725105,0.00158282,1.9374e-13,0.525388739,0.002297298,0.46850593,0.000754578,4.48937e-06,0.001992743,0.001056218,5.75967e-09,,172.5626034604822,0.990931068445925,0.6735180590909091,0.9982701837722012,1.0000000011298638,-1.1296701352137006e-09
3321.2,4.460453133,2218.622031,2689.369754,0.233806704,0.727026352,-8.874342528,1.370763382,0.001588911,1.93909e-13,0.525024768,0.002296144,0.468866113,0.000755443,4.49631e-06,0.001995035,0.001057994,5.75925e-09,,172.21332283057163,0.990884338555948,0.6723097063636363,0.9982602641591544,0.9999999990694437,9.307501436239818e-10
3318.8,4.460242346,2214.638369,2689.34295,0.233789756,0.727003815,-8.874506878,1.370801641,0.001595002,1.94079e-13,0.524660407,0.002294988,0.469226681,0.00075631,4.50326e-06,0.00199733,0.001059774,5.75881e-09,,171.8644508479134,0.9908375124755381,0.671102536060606,0.9982503148511128,0.9999999990190042,9.811899071010544e-10
3316.4,4.460031122,2210.658604,2689.316066,0.233772807,0.726981284,-8.874671244,1.370839884,0.001601094,1.94249e-13,0.524295654,0.00229383,0.469587636,0.000757178,4.51023e-06,0.001999629,0.001061557,5.75837e-09,,171.51598650416818,0.9907905893160998,0.6698965466666668,0.998240335848076,0.9999999999885643,1.1630030272158365e-11
3314.0,4.45981946,2206.682736,2689.289102,0.233755858,0.72695876,-8.874835627,1.370878111,0.001607187,1.94419e-13,0.523930509,0.00229267,0.469948976,0.000758047,4.5172e-06,0.002001932,0.001063343,5.75792e-09,,171.16793279099366,0.9907435688554843,0.6686917381818183,0.9982303271500447,0.9999999999581146,4.207989512394761e-11
3311.6,4.45960736,2202.71076,2689.262057,0.233738909,0.726936242,-8.875000026,1.370916321,0.00161328,1.9459e-13,0.523564972,0.002291507,0.470310703,0.000758917,4.52419e-06,0.002004237,0.001065133,5.75746e-09,,170.82034338602796,0.9906964510936915,0.667488109090909,0.9982202883858308,0.9999999989476545,1.0525401661354294e-09
3309.2,4.459394819,2198.742675,2689.23493,0.233721959,0.726913731,-8.875164443,1.370954514,0.001619374,1.94761e-13,0.523199042,0.002290343,0.470672818,0.000759789,4.53119e-06,0.002006546,0.001066925,5.75699e-09,,170.47321990621555,0.9906492353642755,0.6662856590909091,0.9982102191842472,0.9999999999471847,5.3010040801382274e-11
3306.8,4.459181835,2194.778478,2689.207722,0.233705008,0.726891227,-8.875328876,1.37099269,0.001625469,1.94932e-13,0.522832718,0.002289176,0.47103532,0.000760662,4.53821e-06,0.002008859,0.001068721,5.75651e-09,,170.12645021129694,0.9906019212229382,0.6650843872727273,0.9982001199164814,0.999999999966705,3.348998856012031e-11
3304.4,4.458968407,2190.818167,2689.180433,0.233688057,0.726868729,-8.875493325,1.37103085,0.001631564,1.95103e-13,0.522466,0.002288006,0.47139821,0.000761537,4.54523e-06,0.002011175,0.001070521,5.75603e-09,,169.78009271984126,0.9905545084475311,0.663884293030303,0.998189990582533,0.9999999999862251,1.3969825296555882e-11
3302.0,4.458754534,2186.861738,2689.153061,0.233671105,0.726846238,-8.875657792,1.371068992,0.00163766,1.95275e-13,0.522098888,0.002286835,0.471761488,0.000762412,4.55227e-06,0.002013495,0.001072324,5.75553e-09,,169.43414658816747,0.990506996815905,0.6626853751515152,0.9981798304400276,1.0000000000257254,-2.5530022540465325e-11
3299.6,4.458540213,2182.90919,2689.125606,0.233654153,0.726823754,-8.875822275,1.371107118,0.001643757,1.95446e-13,0.521731381,0.002285661,0.472125156,0.000763289,4.55932e-06,0.002015817,0.00107413,5.75503e-09,,169.08872177196935,0.990459385661614,0.6614876333333333,0.9981696394889649,0.9999999990752254,9.249699894908758e-10
3297.2,4.458325444,2178.96052,2689.098069,0.2336372,0.726801276,-8.875986776,1.371145227,0.001649854,1.95618e-13,0.521363479,0.002284485,0.472489213,0.000764168,4.56639e-06,0.002018144,0.001075939,5.75452e-09,,168.743653963541,0.9904116749846575,0.6602910666666667,0.9981594181005324,1.0000000001447158,-1.445201736061108e-10
3294.8,4.458110224,2175.015724,2689.070449,0.233620247,0.726778805,-8.876151293,1.371183319,0.001655953,1.95791e-13,0.520995181,0.002283307,0.47285366,0.000765047,4.57346e-06,0.002020474,0.001077752,5.754e-09,,168.3990004501938,0.9903638641185898,0.659095673939394,0.9981491659035426,1.000000000214196,-2.1400015093320235e-10
3292.4,4.457894552,2171.074802,2689.042746,0.233603293,0.726756341,-8.876315827,1.371221395,0.001662052,1.95963e-13,0.520626486,0.002282127,0.473218497,0.000765928,4.58055e-06,0.002022807,0.001079568,5.75347e-09,,168.05481342590562,0.9903159528412614,0.6579014551515152,0.9981388828979959,0.999999999303666,6.965300558547938e-10
3290.0,4.457678426,2167.137749,2689.014959,0.233586339,0.726733884,-8.876480378,1.371259453,0.001668151,1.96136e-13,0.520257395,0.002280944,0.473583725,0.00076681,4.58765e-06,0.002025144,0.001081388,5.75293e-09,,167.71098644372984,0.9902679407083752,0.6567084087878787,0.9981285687127044,0.9999999994031262,5.970699490376319e-10
3287.6,4.457461845,2163.204565,2688.987088,0.233569383,0.726711433,-8.876644947,1.371297494,0.001674252,1.96309e-13,0.519887907,0.002279759,0.473949345,0.000767694,4.59477e-06,0.002027484,0.00108321,5.75238e-09,,167.36768057450632,0.990219827497782,0.6555165348484848,0.9981182233476681,0.9999999995225762,4.776200546174891e-10
3285.2,4.457244806,2159.275245,2688.959132,0.233552428,0.72668899,-8.876809532,1.371335518,0.001680353,1.96482e-13,0.519518021,0.002278572,0.474315356,0.000768579,4.6019e-06,0.002029828,0.001085037,5.75182e-09,,167.02468228350799,0.9901716125430358,0.6543258318181817,0.9981078464316999,1.0000000006520164,-6.518199313632067e-10
3282.8,4.457027309,2155.349788,2688.931092,0.233535472,0.726666553,-8.876974135,1.371373525,0.001686456,1.96656e-13,0.519147737,0.002277382,0.47468176,0.000769465,4.60904e-06,0.002032175,0.001086866,5.75126e-09,,166.68220611422632,0.990123295844136,0.6531362993939394,0.998097438335987,0.9999999997914567,2.0874002526483082e-10
3280.4,4.456809351,2151.42819,2688.902967,0.233518515,0.726644124,-8.877138754,1.371411514,0.001692559,1.96829e-13,0.518777054,0.002276191,0.475048556,0.000770352,4.61619e-06,0.002034526,0.001088699,5.75068e-09,,166.34009263062342,0.9900748767346369,0.6519479363636363,0.998086998689342,0.9999999999408767,5.931999336183935e-11
3278.0,4.456590932,2147.510451,2688.874756,0.233501558,0.726621701,-8.877303391,1.371449487,0.001698663,1.97003e-13,0.518405972,0.002274997,0.475415745,0.000771241,4.62335e-06,0.002036881,0.001090536,5.7501e-09,,165.99834236296994,0.990026355214538,0.6507607427272728,0.9980765271205776,1.000000001100297,-1.1001000110866244e-09
3275.6,4.456372048,2143.596566,2688.84646,0.2334846,0.726599286,-8.877468045,1.371487442,0.001704768,1.97177e-13,0.51803449,0.0022738,0.475783328,0.000772131,4.63053e-06,0.002039239,0.001092375,5.7495e-09,,165.65711332353982,0.9899777303952443,0.649574716969697,0.998066024000881,0.9999999992796972,7.204999930010558e-10
3273.2,4.456152698,2139.686534,2688.818077,0.233467641,0.726576877,-8.877632716,1.37152538,0.001710874,1.97352e-13,0.517662608,0.002272602,0.476151305,0.000773023,4.63772e-06,0.0020416,0.001094219,5.7489e-09,,165.31624905638762,0.9899290020546068,0.6483898587878788,0.9980554885878773,1.0000000004690974,-4.689000299151758e-10
3270.8,4.455932882,2135.780352,2688.789609,0.233450682,0.726554476,-8.877797405,1.371563301,0.001716981,1.97527e-13,0.517290326,0.002271401,0.476519677,0.000773915,4.64493e-06,0.002043965,0.001096065,5.74829e-09,,164.97585378586788,0.9898801701926255,0.6472061672727274,0.9980449216239416,0.9999999996784875,3.217099919794464e-10
3268.4,4.455712596,2131.878017,2688.761053,0.233433722,0.726532082,-8.877962111,1.371601204,0.001723089,1.97702e-13,0.516917643,0.002270198,0.476888443,0.000774809,4.65214e-06,0.002046334,0.001097915,5.74767e-09,,164.6358252579357,0.9898312339207054,0.6460236415151516,0.9980343219955118,0.9999999998878677,1.1233003416322163e-10
3266.0,4.455491839,2127.979527,2688.732411,0.233416762,0.726509695,-8.878126834,1.37163909,0.001729198,1.97877e-13,0.516544558,0.002268992,0.477257605,0.000775705,4.65937e-06,0.002048706,0.001099769,5.74704e-09,,164.2962138961742,0.9897821930166976,0.6448422809090909,0.9980236904449622,1.0000000001172378,-1.1703993330058893e-10
3263.6,4.455270611,2124.08488,2688.703681,0.233399801,0.726487315,-8.878291575,1.371676959,0.001735308,1.98052e-13,0.516171072,0.002267785,0.477627163,0.000776602,4.66661e-06,0.002051081,0.001101626,5.7464e-09,,163.9570741280451,0.9897330474806023,0.6436620848484849,0.9980130262299183,1.000000001356598,-1.35639988130265e-09
3261.2,4.455048907,2120.194073,2688.674863,0.23338284,0.726464942,-8.878456334,1.37171481,0.001741418,1.98228e-13,0.515797182,0.002266575,0.477997117,0.0007775,4.67387e-06,0.00205346,0.001103486,5.74576e-09,,163.6183517028209,0.989683796201675,0.6424830524242424,0.99800232935038,0.9999999996159582,3.8423997317238445e-10
3258.8,4.454826728,2116.307104,2688.645958,0.233365878,0.726442577,-8.878621109,1.371752643,0.00174753,1.98404e-13,0.51542289,0.002265362,0.478367468,0.000778399,4.68114e-06,0.002055843,0.00110535,5.7451e-09,,163.27999735904305,0.9896344394020647,0.641305183030303,0.9979916001775346,0.9999999988852983,1.1149001721832974e-09
3256.4,4.454604071,2112.423969,2688.616964,0.233348915,0.726420219,-8.878785903,1.371790459,0.001753644,1.9858e-13,0.515048195,0.002264148,0.478738217,0.0007793,4.68842e-06,0.00205823,0.001107217,5.74443e-09,,162.94206381681636,0.9895849764153254,0.6401284754545454,0.9979808379690075,1.0000000011646286,-1.1644301078916897e-09
3254.0,4.454380935,2108.544668,2688.587881,0.233331951,0.726397869,-8.878950714,1.371828258,0.001759758,1.98756e-13,0.514673096,0.002262931,0.479109363,0.000780202,4.69571e-06,0.00206062,0.001109088,5.74376e-09,,162.6045506761031,0.9895354070193075,0.6389529296969697,0.9979700427247986,1.0000000014539585,-1.4537597792241286e-09
3251.6,4.454157317,2104.669196,2688.558709,0.233314987,0.726375526,-8.879115543,1.371866038,0.001765873,1.98933e-13,0.514297592,0.002261712,0.479480907,0.000781105,4.70302e-06,0.002063013,0.001110962,5.74307e-09,,162.26750842967581,0.9894857305475654,0.6377785442424242,0.9979592144449079,0.999999999763269,2.369299201276931e-10
3249.2,4.453933216,2100.797553,2688.529447,0.233298023,0.72635319,-8.879280389,1.371903801,0.001771989,1.9911e-13,0.513921684,0.00226049,0.47985285,0.00078201,4.71034e-06,0.00206541,0.001112839,5.74238e-09,,161.93088731275947,0.9894359467779498,0.636605319090909,0.9979483527581477,0.9999999990825792,9.176198689786474e-10
3246.8,4.45370863,2096.929734,2688.500096,0.233281058,0.726330862,-8.879445253,1.371941546,0.001778107,1.99287e-13,0.51354537,0.002259266,0.480225192,0.000782916,4.71768e-06,0.002067811,0.00111472,5.74168e-09,,161.59463589762893,0.9893860552661631,0.6354332527272727,0.9979374580357061,0.9999999984218794,1.5783199192043185e-09
3244.4,4.453483558,2093.065739,2688.470655,0.233264092,0.726308541,-8.879610135,1.371979274,0.001784226,1.99465e-13,0.513168651,0.00225804,0.480597934,0.000783824,4.72502e-06,0.002070215,0.001116605,5.74097e-09,,161.25880801390923,0.9893360557900566,0.6342623451515151,0.9979265299063949,0.9999999997611695,2.390299069787716e-10
3242.0,4.453257997,2089.205564,2688.441123,0.233247125,0.726286228,-8.879775035,1.372016984,0.001790346,1.99643e-13,0.512791526,0.002256812,0.480971076,0.000784733,4.73238e-06,0.002072623,0.001118493,5.74024e-09,,160.92340183293487,0.9892859476831838,0.6330925951515151,0.9979155679990271,1.0000000011204397,-1.1202401228871395e-09
3239.6,4.453031946,2085.349207,2688.4115,0.233230158,0.726263923,-8.879939952,1.372054676,0.001796467,1.99821e-13,0.512413993,0.002255581,0.481344618,0.000785643,4.73976e-06,0.002075035,0.001120385,5.73951e-09,,160.58836682015854,0.9892357307233962,0.6319240021212121,0.9979045723136026,1.0000000004997098,-4.99509988927116e-10
3237.2,4.452805402,2081.496666,2688.381786,0.23321319,0.726241625,-8.880104888,1.37209235,0.00180259,1.99999e-13,0.512036054,0.002254348,0.481718561,0.000786554,4.74714e-06,0.00207745,0.00112228,5.73877e-09,,160.2538067980621,0.989185404244247,0.6307565654545455,0.9978935428501213,0.99999999987897,1.2122991499552427e-10
3234.8,4.452578365,2077.647938,2688.351981,0.233196222,0.726219335,-8.880269841,1.372130006,0.001808713,2.00177e-13,0.511657707,0.002253113,0.482092906,0.000787467,4.75454e-06,0.002079869,0.001124178,5.73802e-09,,159.91966934587305,0.9891349682457363,0.6295902842424242,0.9978824796085833,1.0000000002782201,-2.780200514251874e-10
3232.4,4.452350831,2073.803021,2688.322083,0.233179253,0.726197052,-8.880434812,1.372167643,0.001814838,2.00356e-13,0.511278952,0.002251875,0.482467652,0.000788381,4.76195e-06,0.002082292,0.00112608,5.73727e-09,,159.58590603793925,0.9890844218392691,0.6284251578787879,0.997871381846614,0.9999999996874703,3.127299530447658e-10
3230.0,4.452122801,2069.961912,2688.292093,0.233162283,0.726174777,-8.880599801,1.372205264,0.001820965,2.00535e-13,0.510899789,0.002250635,0.482842801,0.000789297,4.76938e-06,0.002084718,0.001127986,5.7365e-09,,159.25256659945137,0.9890337652469938,0.6272611854545456,0.9978602499354003,1.0000000011167005,-1.1165000035617823e-09
3227.6,4.45189427,2066.124609,2688.26201,0.233145312,0.72615251,-8.880764809,1.372242866,0.001827092,2.00714e-13,0.510520216,0.002249392,0.483218352,0.000790214,4.77682e-06,0.002087148,0.001129895,5.73572e-09,,158.91965155449984,0.9889829973581669,0.6260983663636364,0.9978490835037551,0.9999999995559207,4.442800571879957e-10
3225.2,4.451665238,2062.29111,2688.231835,0.233128341,0.726130251,-8.880929835,1.372280449,0.001833221,2.00894e-13,0.510140234,0.002248148,0.483594307,0.000791132,4.78427e-06,0.002089581,0.001131808,5.73493e-09,,158.58716228593022,0.9889321181727878,0.6249367,0.9978378829228658,1.0000000000051308,-4.929834318545545e-12
3222.8,4.451435703,2058.461412,2688.201565,0.233111369,0.726108,-8.881094878,1.372318015,0.001839352,2.01074e-13,0.509759842,0.002246901,0.483970665,0.000792052,4.79174e-06,0.002092018,0.001133724,5.73413e-09,,158.25509733077303,0.9888811272465592,0.6237761854545455,0.9978266470791699,0.999999999474331,5.258699031784886e-10
3220.4,4.451205663,2054.635513,2688.171203,0.233094397,0.726085757,-8.88125994,1.372355562,0.001845484,2.01254e-13,0.50937904,0.002245651,0.484347428,0.000792973,4.79922e-06,0.002094459,0.001135644,5.73333e-09,,157.92340936618223,0.9888300241351836,0.6226168221212122,0.99781537708623,0.9999999999535314,4.6670001196957855e-11
3218.0,4.450975115,2050.813411,2688.140745,0.233077424,0.726063522,-8.88142502,1.372393092,0.001851617,2.01434e-13,0.508997826,0.002244399,0.484724595,0.000793896,4.80671e-06,0.002096904,0.001137567,5.73251e-09,,157.59214759661216,0.9887788081722146,0.6214586093939394,0.9978040714592964,0.9999999994427113,5.574900541205352e-10
3215.6,4.450744059,2046.995102,2688.110194,0.23306045,0.726041294,-8.881590119,1.372430603,0.001857751,2.01615e-13,0.508616202,0.002243145,0.485102167,0.00079482,4.81422e-06,0.002099352,0.001139494,5.73169e-09,,157.26131209198925,0.9887274793576518,0.6203015460606061,0.9977927313119309,0.9999999999518916,4.8310022648934137e-11
3213.2,4.450512492,2043.180586,2688.079547,0.233043475,0.726019075,-8.881755236,1.372468095,0.001863888,2.01795e-13,0.508234165,0.002241889,0.485480145,0.000795745,4.82174e-06,0.002101804,0.001141424,5.73085e-09,,156.93090331710553,0.988676037025049,0.6191456321212121,0.9977813555305716,0.9999999994710518,5.291500571047436e-10
3210.8,4.450280412,2039.369858,2688.048805,0.2330265,0.725996864,-8.881920371,1.372505569,0.001870025,2.01976e-13,0.507851717,0.00224063,0.485858528,0.000796672,4.82927e-06,0.00210426,0.001143358,5.73001e-09,,156.60087390983696,0.9886244807301089,0.617990866060606,0.997769944486406,1.0000000000002118,-9.769962616701378e-15
3208.4,4.450047817,2035.562918,2688.017967,0.233009524,0.72597466,-8.882085525,1.372543024,0.001876164,2.02158e-13,0.507468855,0.002239369,0.486237318,0.0007976,4.83682e-06,0.002106719,0.001145296,5.72915e-09,,156.27127110733355,0.9885728100285335,0.6168372478787879,0.9977584978082464,0.9999999995493521,4.508499129585175e-10
3206.0,4.449814705,2031.759763,2687.987033,0.232992547,0.725952465,-8.882250697,1.372580462,0.001882305,2.02339e-13,0.50708558,0.002238105,0.486616515,0.000798529,4.84438e-06,0.002109183,0.001147237,5.72829e-09,,155.94204852146134,0.9885210244760252,0.6156847766666667,0.9977470154960929,0.9999999991084924,8.917100391414579e-10
3203.6,4.449581075,2027.96039,2687.956003,0.23297557,0.725930279,-8.882415887,1.372617881,0.001888447,2.02521e-13,0.506701892,0.002236839,0.486996119,0.00079946,4.85195e-06,0.002111649,0.001149182,5.72741e-09,,155.613302499053,0.9884691238504355,0.6145334515151515,0.9977354975499455,0.9999999986776126,1.3225899264668328e-09
3201.2,4.449346924,2024.164796,2687.924876,0.232958592,0.7259081,-8.882581097,1.37265528,0.001894591,2.02703e-13,0.50631779,0.002235571,0.487376131,0.000800392,4.85954e-06,0.00211412,0.001151131,5.72653e-09,,155.28488941997603,0.9884171074853176,0.6133832715151515,0.9977239435986169,1.0000000002667326,-2.665299092541318e-10
3198.8,4.449112251,2020.372981,2687.893652,0.232941613,0.72588593,-8.882746325,1.372692662,0.001900736,2.02886e-13,0.505933272,0.0022343,0.487756552,0.000801326,4.86714e-06,0.002116594,0.001153083,5.72563e-09,,154.95695243373987,0.9883649751585228,0.6122342366666667,0.9977123536421071,0.999999999865833,1.3436984858117285e-10
3196.4,4.448877053,2016.584941,2687.86233,0.232924634,0.725863768,-8.882911571,1.372730025,0.001906883,2.03068e-13,0.50554834,0.002233027,0.48813738,0.000802261,4.87476e-06,0.002119073,0.001155038,5.72473e-09,,154.62939720860317,0.988312726203605,0.6110863457575758,0.9977007273092282,0.9999999994849332,5.152697157839725e-10
3194.0,4.448641329,2012.800674,2687.83091,0.232907653,0.725841614,-8.883076836,1.372767369,0.001913032,2.03251e-13,0.505162993,0.002231752,0.488518618,0.000803197,4.88239e-06,0.002121554,0.001156998,5.72382e-09,,154.30227215634014,0.9882603603984149,0.6099395981818182,0.9976890645999807,1.0000000001140232,-1.1382006448457105e-10
3191.6,4.448405076,2009.020178,2687.799391,0.232890672,0.725819469,-8.88324212,1.372804695,0.001919182,2.03435e-13,0.504777229,0.002230474,0.488900266,0.000804135,4.89003e-06,0.00212404,0.001158961,5.7229e-09,,153.97552995002346,0.9882078770765066,0.6087939933333333,0.9976773651431771,1.0000000007531034,-7.528999645955992e-10
3189.2,4.448168292,2005.243451,2687.767774,0.232873691,0.725797332,-8.883407423,1.372842001,0.001925334,2.03618e-13,0.504391049,0.002229194,0.489282323,0.000805074,4.89769e-06,0.00212653,0.001160927,5.72196e-09,,153.6492176925686,0.988155275793582,0.6076495306060606,0.9976656293100046,1.0000000004121636,-4.1196002165122536e-10
3186.8,4.447930976,2001.470489,2687.736057,0.232856708,0.725775204,-8.883572745,1.372879289,0.001931488,2.03802e-13,0.504004452,0.002227911,0.489664791,0.000806015,4.90536e-06,0.002129023,0.001162897,5.72102e-09,,153.32333604753205,0.9881025563274926,0.6065062087878788,0.9976538563580886,1.0000000000812237,-8.101985748965035e-11
3184.4,4.447693126,1997.701292,2687.704241,0.232839725,0.725753084,-8.883738086,1.372916558,0.001937644,2.03986e-13,0.503617437,0.002226626,0.49004767,0.000806957,4.91304e-06,0.00213152,0.001164871,5.72007e-09,,152.99783906508338,0.9880497182339405,0.6053640278787878,0.9976420466586163,0.999999999760274,2.3993007580713765e-10
3182.0,4.447454739,1993.935856,2687.672325,0.232822741,0.725730973,-8.883903445,1.372953808,0.001943801,2.0417e-13,0.503230005,0.002225339,0.49043096,0.0008079,4.92074e-06,0.002134021,0.001166849,5.7191e-09,,152.6727269266907,0.9879967608464798,0.6042229866666667,0.9976301998404005,1.0000000004593042,-4.591000912768095e-10
3179.6,4.447215813,1990.17418,2687.640308,0.232805756,0.72570887,-8.884068824,1.372991038,0.00194996,2.04355e-13,0.502842154,0.002224049,0.490814662,0.000808845,4.92845e-06,0.002136525,0.00116883,5.71813e-09,,152.34809235516136,0.9879436837208122,0.6030830848484848,0.9976183155322536,0.9999999991683343,8.318701283371865e-10
3177.2,4.446976346,1986.41626,2687.608191,0.232788771,0.725686776,-8.884234221,1.37302825,0.001956121,2.04539e-13,0.502453885,0.002222757,0.491198776,0.000809791,4.93618e-06,0.002139034,0.001170815,5.71715e-09,,152.02379747833712,0.9878904864126407,0.6019443212121212,0.9976063941053629,0.9999999998973546,1.0284995077824988e-10
3174.8,4.446736337,1982.662096,2687.575972,0.232771784,0.725664691,-8.884399637,1.373065443,0.001962283,2.04724e-13,0.502065196,0.002221463,0.491583303,0.000810739,4.94391e-06,0.002141546,0.001172803,5.71616e-09,,151.69998168667178,0.9878371686998162,0.6008066957575757,0.997594434817354,0.9999999996263648,3.738399589892083e-10
3172.4,4.446495783,1978.911683,2687.543652,0.232754797,0.725642614,-8.884565073,1.373102617,0.001968448,2.0491e-13,0.501676088,0.002220166,0.491968243,0.000811688,4.95167e-06,0.002144062,0.001174796,5.71515e-09,,151.37650562690985,0.9877837299158923,0.599670206969697,0.9975824380394137,1.0000000003853549,-3.8514991196336723e-10
3170.0,4.446254682,1975.165022,2687.511229,0.23273781,0.725620547,-8.884730528,1.373139771,0.001974614,2.05095e-13,0.50128656,0.002218866,0.492353597,0.000812639,4.95944e-06,0.002146582,0.001176791,5.71414e-09,,151.0535080156677,0.9877301696165715,0.5985348551515152,0.9975704030291678,1.000000000154345,-1.5413981202527793e-10
3167.6,4.446013032,1971.422108,2687.478704,0.232720821,0.725598488,-8.884896002,1.373176906,0.001980783,2.05281e-13,0.500896611,0.002217564,0.492739364,0.000813591,4.96722e-06,0.002149106,0.001178791,5.71312e-09,,150.73085317727129,0.987676487357556,0.5974006387878787,0.9975583301578033,0.9999999999333251,6.688005704802436e-11
3165.2,4.445770831,1967.68294,2687.446077,0.232703832,0.725576438,-8.885061496,1.373214022,0.001986953,2.05467e-13,0.500506241,0.00221626,0.493125546,0.000814544,4.97501e-06,0.002151633,0.001180794,5.71208e-09,,150.4086773287114,0.9876226826945483,0.5962675575757576,0.9975462194253202,0.9999999987222855,1.2779199920487372e-09
3162.8,4.445528077,1963.947516,2687.413345,0.232686841,0.725554397,-8.885227008,1.373251119,0.001993125,2.05654e-13,0.500115449,0.002214954,0.493512143,0.000815499,4.98282e-06,0.002154165,0.001182802,5.71104e-09,,150.08679968863675,0.9875687551832507,0.5951356109090908,0.9975340697181563,1.0000000005312457,-5.310401007818655e-10
3160.4,4.445284767,1960.215833,2687.38051,0.23266985,0.725532364,-8.885392541,1.373288196,0.001999299,2.05841e-13,0.499724236,0.002213645,0.493899155,0.000816455,4.99065e-06,0.0021567,0.001184812,5.70999e-09,,149.76544536430671,0.9875147041572172,0.5940047978787879,0.9975218817786864,0.9999999993601959,6.400099339387566e-10
3158.0,4.4450409,1956.487889,2687.347571,0.232652859,0.725510341,-8.885558093,1.373325253,0.002005475,2.06028e-13,0.4993326,0.002212333,0.494286584,0.000817413,4.99848e-06,0.002159239,0.001186827,5.70892e-09,,149.44443673634777,0.9874605293942984,0.5928751178787879,0.9975096552357232,1.0000000001891258,-1.8891999076231514e-10
3155.6,4.444796474,1952.763682,2687.314528,0.232635866,0.725488327,-8.885723664,1.373362292,0.002011653,2.06215e-13,0.498940541,0.002211019,0.494674428,0.000818372,5.00634e-06,0.002161782,0.001188845,5.70785e-09,,149.1238613560172,0.9874062304501969,0.5917465703030304,0.9974973900892666,0.9999999990480563,9.52150025490539e-10
3153.2,4.444551486,1949.04321,2687.281379,0.232618873,0.725466322,-8.885889254,1.37339931,0.002017834,2.06402e-13,0.498548059,0.002209703,0.495062689,0.000819333,5.0142e-06,0.002164329,0.001190867,5.70677e-09,,148.80367790830527,0.9873518066584663,0.5906191545454545,0.9974850855969419,0.9999999999069764,9.323009031447782e-11
3150.8,4.444305933,1945.32647,2687.248125,0.232601879,0.725444326,-8.886054865,1.373436309,0.002024016,2.0659e-13,0.498155154,0.002208384,0.495451367,0.000820295,5.02208e-06,0.00216688,0.001192893,5.70567e-09,,148.4838850146012,0.9872972573526603,0.5894928696969697,0.9974727421299364,1.0000000007858765,-7.856699735242501e-10
3148.4,4.444059815,1941.613461,2687.214765,0.232584884,0.72542234,-8.886220495,1.373473289,0.0020302,2.06778e-13,0.497761824,0.002207063,0.495840462,0.000821258,5.02998e-06,0.002169435,0.001194922,5.70457e-09,,148.16452697789015,0.9872425825327789,0.5883677154545455,0.9974603593170626,0.9999999996847768,3.154300154406542e-10
3146.0,4.443813128,1937.90418,2687.181299,0.232567888,0.725400362,-8.886386144,1.373510249,0.002036387,2.06967e-13,0.497368069,0.002205739,0.496229976,0.000822223,5.03789e-06,0.002171994,0.001196956,5.70345e-09,,147.84551708967726,0.9871877813102267,0.5872436909090909,0.9974479371583204,1.000000000593657,-5.934499558435391e-10
3143.6,4.443565871,1934.198625,2687.147726,0.232550891,0.725378394,-8.886551814,1.373547189,0.002042575,2.07155e-13,0.496973889,0.002204413,0.496619908,0.00082319,5.04581e-06,0.002174556,0.001198993,5.70233e-09,,147.52698757420936,0.9871328534628547,0.5861207954545454,0.9974354752825227,1.0000000005125373,-5.123301782816725e-10
3141.2,4.443318042,1930.496793,2687.114045,0.232533894,0.725356435,-8.886717503,1.373584109,0.002048766,2.07344e-13,0.496579284,0.002203085,0.497010259,0.000824158,5.05375e-06,0.002177123,0.001201033,5.70119e-09,,147.20885040410525,0.9870777985463658,0.5849990281818181,0.9974229733184817,1.0000000014513974,-1.4511900570113312e-09
3138.8,4.443069637,1926.798683,2687.080257,0.232516895,0.725334486,-8.886883212,1.373621009,0.002054959,2.07533e-13,0.496184252,0.002201754,0.497401029,0.000825127,5.0617e-06,0.002179693,0.001203078,5.70005e-09,,146.891106218941,0.9870226156721645,0.5838783887878788,0.9974104316373852,1.0000000004002576,-4.0004999313225653e-10
3136.4,4.442820655,1923.104293,2687.046361,0.232499896,0.725312546,-8.887048941,1.37365789,0.002061154,2.07723e-13,0.495788794,0.00220042,0.497792219,0.000826098,5.06967e-06,0.002182267,0.001205126,5.69889e-09,,146.57379823465934,0.9869673046181022,0.5827588766666667,0.9973978498680456,0.9999999993690978,6.31110053106454e-10
3134.0,4.442571094,1919.41362,2687.012357,0.232482896,0.725290615,-8.88721469,1.37369475,0.002067352,2.07913e-13,0.495392909,0.002199084,0.498183829,0.00082707,5.07765e-06,0.002184846,0.001207179,5.69772e-09,,146.25679852937836,0.9869118649398809,0.5816404909090909,0.9973852280104628,1.0000000003479281,-3.4772007495575963e-10
3131.6,4.442320952,1915.726662,2686.978243,0.232465895,0.725268694,-8.887380459,1.373731591,0.002073552,2.08103e-13,0.494996597,0.002197746,0.498575859,0.000828044,5.08564e-06,0.002187428,0.001209235,5.69655e-09,,145.94027998818598,0.9868562961932034,0.580523230909091,0.9973725653222619,1.0000000003367582,-3.3655012110500593e-10
3129.2,4.442070226,1912.043417,2686.944021,0.232448893,0.725246782,-8.887546248,1.373768411,0.002079754,2.08293e-13,0.494599857,0.002196405,0.498968311,0.000829019,5.09365e-06,0.002190014,0.001211294,5.69536e-09,,145.6241981911451,0.986800597711623,0.5794070960606061,0.997359862545818,0.9999999993455682,6.546401198903595e-10
3126.8,4.441818913,1908.363882,2686.909688,0.232431891,0.725224881,-8.887712057,1.373805211,0.002085958,2.08484e-13,0.494202689,0.002195062,0.499361184,0.000829995,5.10168e-06,0.002192605,0.001213358,5.69416e-09,,145.30842599075297,0.9867447688286932,0.5782920854545455,0.9973471185675687,1.0000000003743685,-3.7416003628720773e-10
3124.4,4.441567012,1904.688057,2686.875245,0.232414887,0.725202988,-8.887877886,1.373841991,0.002092165,2.08675e-13,0.493805092,0.002193716,0.499754479,0.000830974,5.10971e-06,0.002195199,0.001215425,5.69295e-09,,144.9931355504573,0.9866888093222655,0.5771781990909091,0.9973343337587015,1.0000000004031586,-4.0294989567257744e-10
3122.0,4.441314521,1901.015938,2686.840691,0.232397883,0.725181106,-8.888043735,1.373878751,0.002098374,2.08866e-13,0.493407066,0.002192368,0.500148196,0.000831953,5.11777e-06,0.002197797,0.001217497,5.69173e-09,,144.67819760553866,0.9866327187480421,0.5760654357575757,0.9973215077480286,1.000000000461939,-4.617302096221465e-10
3119.6,4.441061437,1897.347524,2686.806026,0.232380878,0.725159233,-8.888209605,1.373915491,0.002104585,2.09057e-13,0.49300861,0.002191017,0.500542336,0.000832934,5.12584e-06,0.002200399,0.001219572,5.6905e-09,,144.363698478753,0.9865764964395768,0.5749537951515151,0.9973086405355506,0.9999999995307091,4.695001054599857e-10
3117.2,4.440807757,1893.682812,2686.771249,0.232363871,0.72513737,-8.888375495,1.37395221,0.002110799,2.09249e-13,0.492609725,0.002189664,0.500936899,0.000833917,5.13392e-06,0.002203005,0.001221651,5.68926e-09,,144.04959694514216,0.9865201417304229,0.5738432763636364,0.9972957317500795,1.0000000006094694,-6.092601978480161e-10
3114.8,4.44055348,1890.021801,2686.73636,0.232346864,0.725115517,-8.888541406,1.373988909,0.002117015,2.09441e-13,0.492210409,0.002188308,0.501331886,0.000834901,5.14201e-06,0.002205615,0.001223734,5.68801e-09,,143.73589269939328,0.9864636543984316,0.5727338790909091,0.9972827813916155,1.0000000006982195,-6.980100941689216e-10
3112.4,4.440298603,1886.364487,2686.701359,0.232329856,0.725093674,-8.888707337,1.374025587,0.002123234,2.09633e-13,0.491810661,0.00218695,0.501727297,0.000835886,5.15013e-06,0.00220823,0.00122582,5.68675e-09,,143.42258463770466,0.9864070337771567,0.5716256021212122,0.9972697894601589,0.9999999998169595,1.8325008177555446e-10
3110.0,4.440043123,1882.71087,2686.666244,0.232312848,0.72507184,-8.888873288,1.374062245,0.002129456,2.09826e-13,0.491410483,0.002185589,0.502123132,0.000836873,5.15825e-06,0.002210848,0.001227911,5.68548e-09,,143.10967611044757,0.9863502792001516,0.5705184454545454,0.9972567552133343,0.9999999999356899,6.45199449422762e-11
3107.6,4.439787039,1879.060947,2686.631016,0.232295838,0.725050017,-8.88903926,1.374098882,0.002135679,2.10019e-13,0.491009873,0.002184226,0.502519392,0.000837862,5.16639e-06,0.00221347,0.001230005,5.68419e-09,,142.7972070536566,0.9862933904452676,0.5694124081818182,0.9972436790223295,1.0000000000744,-7.418998748676131e-11
3105.2,4.439530349,1875.414715,2686.595674,0.232278827,0.725028204,-8.889205253,1.374135499,0.002141906,2.10212e-13,0.49060883,0.00218286,0.502916077,0.000838852,5.17455e-06,0.002216096,0.001232104,5.6829e-09,,142.48509459729806,0.9862363670682072,0.5683074893939394,0.997230560515957,0.9999999992331101,7.671000501474623e-10
3102.8,4.439273048,1871.772174,2686.560217,0.232261815,0.725006401,-8.889371266,1.374172095,0.002148135,2.10405e-13,0.490207355,0.002181492,0.503313188,0.000839843,5.18272e-06,0.002218727,0.001234206,5.68159e-09,,142.1733821707811,0.9861792079582261,0.5672036890909091,0.9972173993230294,0.9999999994018004,5.98409877206052e-10
3100.4,4.439015137,1868.13332,2686.524646,0.232244803,0.724984608,-8.8895373,1.374208671,0.002154366,2.10599e-13,0.489805447,0.002180122,0.503710725,0.000840836,5.19091e-06,0.002221361,0.001236312,5.68028e-09,,141.86211009210058,0.9861219133374732,0.566101006060606,0.9972041958147339,0.9999999995904906,4.0972003567674165e-10
3098.0,4.43875661,1864.498152,2686.488958,0.23222779,0.724962825,-8.889703355,1.374245225,0.002160601,2.10793e-13,0.489403105,0.002178748,0.504108689,0.000841831,5.19911e-06,0.002224,0.001238422,5.67895e-09,,141.55119687679945,0.9860644818730557,0.56499944,0.9971909488775084,0.9999999997891609,2.1104995528986592e-10
3095.6,4.438497468,1860.866668,2686.453155,0.232210775,0.724941052,-8.88986943,1.374281759,0.002166837,2.10988e-13,0.48900033,0.002177373,0.50450708,0.000842827,5.20732e-06,0.002226642,0.001240536,5.67762e-09,,141.24072584810278,0.9860069137871222,0.5638989903030303,0.9971776592537278,1.000000000997831,-9.976199866201796e-10
3093.2,4.438237706,1857.238866,2686.417236,0.23219376,0.72491929,-8.890035527,1.374318272,0.002173077,2.11182e-13,0.48859712,0.002175995,0.504905898,0.000843824,5.21555e-06,0.002229289,0.001242654,5.67627e-09,,140.93061416815328,0.9859492079689292,0.5627996563636364,0.9971643265722044,1.0000000012264811,-1.2262699744525207e-09
3090.8,4.437977324,1853.614743,2686.381199,0.232176743,0.724897538,-8.890201645,1.374354764,0.002179319,2.11377e-13,0.488193475,0.002174614,0.505305144,0.000844823,5.2238e-06,0.002231939,0.001244776,5.67491e-09,,140.62094342113843,0.9858913644184762,0.5617014372727273,0.9971509500905638,1.0000000004751213,-4.749098891920767e-10
3088.4,4.437716317,1849.994298,2686.345045,0.232159726,0.724875797,-8.890367783,1.374391234,0.002185564,2.11572e-13,0.487789395,0.002173231,0.505704818,0.000845824,5.23206e-06,0.002234594,0.001246901,5.67354e-09,,140.31167457468405,0.9858333820250192,0.5606043327272727,0.9971375301799931,1.0000000007337517,-7.335401175367906e-10
3086.0,4.437454684,1846.377528,2686.308774,0.232142708,0.724854066,-8.890533943,1.374427684,0.002191812,2.11768e-13,0.487384879,0.002171845,0.50610492,0.000846826,5.24033e-06,0.002237253,0.001249031,5.67216e-09,,140.00276749312604,0.9857752605664098,0.5595083418181818,0.9971240668404923,1.0000000000023717,-2.1598278721057795e-12
3083.6,4.437192422,1842.764432,2686.272384,0.232125689,0.724832345,-8.890700123,1.374464113,0.002198063,2.11964e-13,0.486979927,0.002170457,0.506505452,0.000847829,5.24862e-06,0.002239916,0.001251165,5.67077e-09,,139.69426245656874,0.9857169993762012,0.5584134642424242,0.9971105593296865,1.000000000290982,-2.9076985263998267e-10
3081.2,4.436929529,1839.155008,2686.235875,0.232108669,0.724810635,-8.890866326,1.37450052,0.002204316,2.1216e-13,0.486574538,0.002169066,0.506906413,0.000848834,5.25693e-06,0.002242583,0.001253302,5.66936e-09,,139.38619911294404,0.9856585980100959,0.5573196993939393,0.9970970076475758,0.999999998599572,1.4006400483879133e-09
3078.8,4.436666002,1835.549253,2686.199246,0.232091648,0.724788936,-8.891032548,1.374536907,0.002210572,2.12356e-13,0.486168713,0.002167673,0.507307804,0.000849841,5.26525e-06,0.002245254,0.001255444,5.66795e-09,,139.07849963850256,0.9856000558016473,0.5562270463636363,0.997083411422973,0.9999999999181621,8.20501444565025e-11
3076.4,4.436401839,1831.947165,2686.162498,0.232074626,0.724767247,-8.891198793,1.374573271,0.002216832,2.12553e-13,0.48576245,0.002166277,0.507709626,0.000850849,5.27359e-06,0.00224793,0.001257589,5.66652e-09,,138.7712027270545,0.9855413723065582,0.5551355045454546,0.9970697710270651,1.0000000002567326,-2.5651991641950644e-10
3074.0,4.436137038,1828.348744,2686.125629,0.232057602,0.724745569,-8.891365059,1.374609615,0.002223094,2.1275e-13,0.485355749,0.002164879,0.508111878,0.000851859,5.28194e-06,0.002250609,0.001259739,5.66509e-09,,138.46430989493837,0.9854825470805306,0.554045073939394,0.9970560857174773,1.0000000006053027,-6.050899781229191e-10
3071.6,4.435871595,1824.753986,2686.08864,0.232040578,0.724723902,-8.891531346,1.374645937,0.002229359,2.12947e-13,0.484948611,0.002163478,0.508514561,0.00085287,5.2903e-06,0.002253293,0.001261892,5.66364e-09,,138.15782157033922,0.9854235792349696,0.5529557533333334,0.9970423558653972,1.0000000009638528,-9.636398345946873e-10
3069.2,4.435605508,1821.162889,2686.051529,0.232023553,0.724702246,-8.891697655,1.374682238,0.002235627,2.13145e-13,0.484541033,0.002162074,0.508917675,0.000853883,5.29868e-06,0.002255981,0.00126405,5.66218e-09,,137.85169749845323,0.9853644683255773,0.5518675421212121,0.9970285807284499,1.0000000003423932,-3.421800620628801e-10
3066.8,4.435338775,1817.575453,2686.014296,0.232006527,0.7246806,-8.891863985,1.374718517,0.002241898,2.13342e-13,0.484133016,0.002160668,0.509321222,0.000854897,5.30708e-06,0.002258673,0.001266211,5.66071e-09,,137.5460168987077,0.9853052139080561,0.5507804403030303,0.9970147603066354,0.9999999997409234,2.5929003388824867e-10
3064.4,4.435071393,1813.991674,2685.97694,0.2319895,0.724658966,-8.892030337,1.374754774,0.002248172,2.13541e-13,0.48372456,0.00215926,0.509725201,0.000855913,5.31549e-06,0.002261369,0.001268376,5.65923e-09,,137.2407417754625,0.9852458153159599,0.5496944466666667,0.9970008942287663,1.0000000001494436,-1.4922996172117564e-10
3062.0,4.434803359,1810.411551,2685.939462,0.231972472,0.724637342,-8.892196711,1.37479101,0.002254449,2.13739e-13,0.483315664,0.002157849,0.510129612,0.00085693,5.32392e-06,0.002264069,0.001270546,5.65774e-09,,136.93583256516462,0.9851862718828419,0.5486095609090909,0.9969869828660298,0.9999999995779536,4.2226011576218525e-10
3059.6,4.434534672,1806.835082,2685.90186,0.231955443,0.72461573,-8.892363106,1.374827224,0.002260729,2.13938e-13,0.482906328,0.002156435,0.510534457,0.000857949,5.33236e-06,0.002266774,0.001272719,5.65624e-09,,136.63132934168343,0.9851265833865535,0.5475257824242424,0.9969730254760514,1.000000000016454,-1.6240120359611865e-11
3057.2,4.434265328,1803.262264,2685.864134,0.231938413,0.724594128,-8.892529523,1.374863416,0.002267012,2.14137e-13,0.482496551,0.002155019,0.510939735,0.000858969,5.34082e-06,0.002269482,0.001274897,5.65472e-09,,136.32723172190953,0.9850667489384995,0.5464431103030303,0.9969590220588308,0.9999999994749342,5.252798196409003e-10
3054.8,4.433995324,1799.693097,2685.826284,0.231921381,0.724572538,-8.892695963,1.374899586,0.002273298,2.14336e-13,0.482086333,0.0021536,0.511345447,0.000859991,5.34929e-06,0.002272195,0.001277078,5.6532e-09,,136.02354057365818,0.9850067678722333,0.5453615445454546,0.9969449726143682,0.9999999989434142,1.0568002029032186e-09
3052.4,4.433724658,1796.127578,2685.788309,0.231904349,0.724550959,-8.892862423,1.374935735,0.002279588,2.14536e-13,0.481675673,0.002152179,0.511751594,0.000861015,5.35778e-06,0.002274913,0.001279264,5.65166e-09,,135.7201793626173,0.9849466397434575,0.5442810842424243,0.996930876771476,1.0000000014318746,-1.43166012378515e-09
3050.0,4.433453328,1792.565705,2685.750208,0.231887316,0.724529391,-8.893028906,1.374971861,0.002285881,2.14736e-13,0.481264571,0.002150755,0.512158175,0.00086204,5.36629e-06,0.002277634,0.001281454,5.65011e-09,,135.41726280543486,0.9848863641078743,0.5432017287878788,0.9969167341589668,1.0000000009403247,-9.401099898553866e-10
3047.6,4.433181331,1789.007476,2685.71198,0.231870281,0.724507835,-8.893195411,1.375007966,0.002292177,2.14936e-13,0.480853027,0.002149328,0.512565191,0.000863066,5.3748e-06,0.002280359,0.001283647,5.64855e-09,,135.1147923647004,0.9848259402990376,0.5421234775757576,0.9969025444056532,0.9999999984487649,1.5514500795177355e-09
3045.2,4.432908663,1785.45289,2685.673627,0.231853246,0.724486289,-8.893361939,1.375044047,0.002298476,2.15137e-13,0.48044104,0.002147899,0.512972643,0.000864095,5.38334e-06,0.002283089,0.001285845,5.64698e-09,,134.8126527291047,0.9847653674283517,0.5410463303030303,0.9968883082539101,0.999999999987195,1.3020140521291523e-11
3042.8,4.432635324,1781.901944,2685.635146,0.231836209,0.724464756,-8.893528488,1.375080108,0.002304778,2.15338e-13,0.48002861,0.002146468,0.51338053,0.000865124,5.39189e-06,0.002285823,0.001288047,5.6454e-09,,134.51092162250603,0.9847046454958168,0.539970286060606,0.9968740245901752,0.9999999995356154,4.645999140961976e-10
3040.4,4.432361308,1778.354637,2685.596537,0.231819172,0.724443234,-8.893695059,1.375116145,0.002311084,2.15539e-13,0.479615736,0.002145034,0.513788854,0.000866156,5.40046e-06,0.002288562,0.001290253,5.6438e-09,,134.20956068297136,0.9846437731685403,0.5388953445454545,0.9968596934144482,1.0000000011040155,-1.1037999403384902e-09
3038.0,4.432086615,1774.810966,2685.5578,0.231802133,0.724421723,-8.893861653,1.375152161,0.002317393,2.1574e-13,0.479202418,0.002143597,0.514197615,0.000867188,5.40904e-06,0.002291304,0.001292463,5.6422e-09,,133.90864590196318,0.9845827504465221,0.5378215048484849,0.9968453147267297,0.9999999996824158,3.178000085313215e-10
3035.6,4.431811241,1771.270931,2685.518934,0.231785093,0.724400224,-8.89402827,1.375188154,0.002323706,2.15942e-13,0.478788656,0.002142158,0.514606812,0.000868223,5.41764e-06,0.002294051,0.001294677,5.64058e-09,,133.6081024919723,0.9845215764411667,0.536748766969697,0.9968308881558318,1.0000000002807958,-2.8057978163076314e-10
3033.2,4.431535184,1767.734528,2685.479939,0.231768053,0.724378737,-8.894194908,1.375224125,0.002330022,2.16144e-13,0.478374449,0.002140716,0.515016447,0.000869259,5.42625e-06,0.002296802,0.001296895,5.63895e-09,,133.30796834360297,0.9844602507081768,0.5356771296969697,0.9968164137017544,0.9999999998891662,1.1105005803813128e-10
3030.8,4.431258441,1764.201757,2685.440814,0.231751011,0.724357261,-8.894361569,1.375260073,0.002336341,2.16347e-13,0.477959797,0.002139271,0.51542652,0.000870296,5.43488e-06,0.002299558,0.001299117,5.63731e-09,,133.008206175371,0.9843987725811055,0.534606593030303,0.9968018909933106,0.9999999995175263,4.826899990817424e-10
3028.4,4.430981008,1760.672614,2685.401558,0.231733968,0.724335797,-8.894528253,1.375295999,0.002342664,2.1655e-13,0.477544699,0.002137824,0.515837031,0.000871335,5.44352e-06,0.002302317,0.001301344,5.63566e-09,,132.70885414367325,0.9843371411713583,0.5335371557575758,0.9967873196593126,0.9999999991558768,8.443398202828689e-10
3026.0,4.430702884,1757.1471,2685.362172,0.231716923,0.724314345,-8.89469496,1.375331901,0.00234899,2.16753e-13,0.477129155,0.002136374,0.516247981,0.000872376,5.45218e-06,0.002305081,0.001303574,5.634e-09,,132.40991152967305,0.9842753562567859,0.5324688181818181,0.9967727000709478,0.999999998814217,1.1859997428587121e-09
3023.6,4.430424066,1753.625211,2685.322653,0.231699878,0.724292905,-8.894861689,1.375367782,0.00235532,2.16956e-13,0.476713165,0.002134922,0.516659369,0.000873418,5.46086e-06,0.00230785,0.001305809,5.63232e-09,,132.11130600295198,0.9842134171709419,0.5314015790909091,0.996758031114654,0.9999999994925368,5.076801201653325e-10
3021.2,4.43014455,1750.106946,2685.283003,0.231682832,0.724271477,-8.89502844,1.375403639,0.002361653,2.1716e-13,0.476296728,0.002133467,0.517071197,0.000874462,5.46955e-06,0.002310622,0.001308048,5.63064e-09,,131.81314776586822,0.9841513230252313,0.5303354381818182,0.996743313532806,0.999999999180857,8.193601352957103e-10
3018.8,4.429864334,1746.592303,2685.24322,0.231665784,0.724250061,-8.895195215,1.375439474,0.00236799,2.17364e-13,0.475879844,0.00213201,0.517483465,0.000875508,5.47826e-06,0.002313399,0.001310291,5.62894e-09,,131.51536387338706,0.9840890733753566,0.5292703948484848,0.996728546583029,1.0000000008891574,-8.889400326950181e-10
3016.4,4.429583415,1743.08128,2685.203303,0.231648735,0.724228657,-8.895362013,1.375475286,0.002374331,2.17568e-13,0.475462512,0.00213055,0.517896172,0.000876555,5.48698e-06,0.002316181,0.001312538,5.62723e-09,,131.2179551615887,0.9840266675548708,0.5282064484848485,0.9967137298941355,1.0000000006074474,-6.072300440251865e-10
3014.0,4.429301791,1739.573876,2685.163253,0.231631686,0.724207265,-8.895528833,1.375511075,0.002380675,2.17772e-13,0.475044732,0.002129087,0.518309321,0.000877604,5.49572e-06,0.002318966,0.001314789,5.62551e-09,,130.92099340263297,0.9839641051194769,0.5271435987878788,0.9966988638373132,1.000000000345728,-3.455100650029408e-10
3011.6,4.429019457,1736.070088,2685.123068,0.231614635,0.724185885,-8.895695677,1.375546841,0.002387023,2.17977e-13,0.474626504,0.002127622,0.51872291,0.000878654,5.50448e-06,0.002321756,0.001317045,5.62378e-09,,130.62437136419564,0.9839013849584303,0.5260818448484849,0.9966839476701868,1.000000001103998,-1.103779956324047e-09
3009.2,4.428736413,1732.569915,2685.082748,0.231597582,0.724164518,-8.895862544,1.375582583,0.002393375,2.18183e-13,0.474207827,0.002126154,0.51913694,0.000879706,5.51325e-06,0.002324551,0.001319304,5.62203e-09,,130.32816156201784,0.9838385070717316,0.5250211863636364,0.9966689813927565,1.000000000872248,-8.720300037623474e-10
3006.8,4.428452654,1729.073356,2685.042293,0.231580529,0.724143162,-8.896029434,1.375618302,0.00239973,2.18388e-13,0.473788701,0.002124683,0.519551412,0.000880759,5.52204e-06,0.002327349,0.001321568,5.62027e-09,,130.03236351908694,0.9837754703486362,0.523961623030303,0.9966539650050223,0.9999999996604884,3.3972991086983484e-10
3004.4,4.428168177,1725.580408,2685.001701,0.231563475,0.72412182,-8.896196347,1.375653998,0.002406089,2.18594e-13,0.473369126,0.00212321,0.519966325,0.000881814,5.53084e-06,0.002330153,0.001323836,5.6185e-09,,129.73690765403003,0.9837122741226981,0.5229031539393939,0.9966388977646095,1.0000000004587184,-4.5849990470969715e-10
3002.0,4.427882981,1722.091069,2684.960972,0.231546419,0.724100489,-8.896363283,1.375689671,0.002412452,2.188e-13,0.4729491,0.002121734,0.520381682,0.000882871,5.53966e-06,0.00233296,0.001326108,5.61672e-09,,129.4418992469,0.9836489181717684,0.5218457784848485,0.9966237796715177,1.000000000276939,-2.7672020230795624e-10
2999.6,4.427597061,1718.605338,2684.920106,0.231529362,0.724079172,-8.896530243,1.375725321,0.002418819,2.19007e-13,0.472528625,0.002120256,0.52079748,0.000883929,5.5485e-06,0.002335772,0.001328384,5.61493e-09,,129.1472686682876,0.983585401385103,0.5207894963636364,0.9966086107257474,1.000000000115149,-1.1493006546459128e-10
2997.2,4.427310415,1715.123213,2684.879102,0.231512304,0.724057866,-8.896697226,1.375760947,0.002425189,2.19213e-13,0.472107698,0.002118775,0.521213722,0.000884989,5.55735e-06,0.002338588,0.001330665,5.61313e-09,,128.85301613018996,0.9835217233184043,0.519734306969697,0.9965933905561106,0.9999999999633492,3.68700625585916e-11
2994.8,4.42702304,1711.644693,2684.83796,0.231495245,0.724036574,-8.896864234,1.375796549,0.002431564,2.19421e-13,0.471686321,0.002117291,0.521630407,0.00088605,5.56622e-06,0.002341409,0.00133295,5.61131e-09,,128.55914206418834,0.9834578833052258,0.51868021,0.9965781191626077,0.9999999998315294,1.6869006191910785e-10
2992.4,4.426734934,1708.169775,2684.796678,0.231478184,0.724015294,-8.897031264,1.375832128,0.002437942,2.19628e-13,0.471264492,0.002115805,0.522047536,0.000887113,5.5751e-06,0.002344234,0.001335239,5.60948e-09,,128.26568223206314,0.98339388090127,0.5176272045454545,0.9965627958028639,0.9999999997096994,2.905201634817445e-10
2990.0,4.426446092,1704.698458,2684.755257,0.231461123,0.723994027,-8.897198318,1.375867683,0.002444325,2.19836e-13,0.470842212,0.002114316,0.522465109,0.000888178,5.58401e-06,0.002347064,0.001337532,5.60764e-09,,127.97260080681234,0.9833297149957929,0.5165752903030303,0.9965474208480662,1.0000000006178595,-6.176397171486769e-10
2987.6,4.426156513,1701.230741,2684.713695,0.23144406,0.723972772,-8.897365396,1.375903215,0.002450711,2.20044e-13,0.470419479,0.002112824,0.522883126,0.000889244,5.59292e-06,0.002349898,0.001339829,5.60579e-09,,127.67993439310231,0.9832653853666455,0.515524466969697,0.9965319935558401,0.99999999852601,1.474210087337724e-09
2985.2,4.425866192,1697.766621,2684.671992,0.231426995,0.723951531,-8.897532498,1.375938722,0.002457102,2.20252e-13,0.469996294,0.00211133,0.523301589,0.000890312,5.60186e-06,0.002352736,0.001342131,5.60393e-09,,127.38764726106737,0.9832008909030842,0.5144747336363636,0.9965165139261856,0.9999999994641503,5.360699661949297e-10
2982.8,4.425575127,1694.306097,2684.630147,0.23140993,0.723930302,-8.897699623,1.375974206,0.002463496,2.20461e-13,0.469572656,0.002109833,0.523720496,0.000891382,5.61081e-06,0.002355579,0.001344437,5.60205e-09,,127.09574080089486,0.983136231160811,0.51342609,0.9965009815879149,0.9999999994122705,5.879499109795461e-10
2980.4,4.425283316,1690.849167,2684.58816,0.231392863,0.723909087,-8.897866773,1.376009666,0.002469895,2.2067e-13,0.469148565,0.002108333,0.524139849,0.000892453,5.61977e-06,0.002358426,0.001346747,5.60016e-09,,126.80424967034473,0.9830714056955282,0.5123785354545455,0.9964853965410284,0.9999999983703808,1.6298399296843513e-09
2978.0,4.424990754,1687.39583,2684.546031,0.231375796,0.723887884,-8.898033947,1.376045101,0.002476298,2.2088e-13,0.468724021,0.002106831,0.524559648,0.000893526,5.62876e-06,0.002361278,0.001349062,5.59826e-09,,126.51310494162732,0.9830064133964922,0.5113320696969696,0.996469758785526,1.0000000003584808,-3.582598662177361e-10
2975.6,4.424697439,1683.946083,2684.503757,0.231358726,0.723866695,-8.898201145,1.376080513,0.002482705,2.21089e-13,0.468299022,0.002105326,0.524979893,0.0008946,5.63775e-06,0.002364134,0.001351381,5.59635e-09,,126.22237649160854,0.9829412538194049,0.5102866918181819,0.9964540672078452,0.9999999993465711,6.536500229969988e-10
2973.2,4.424403368,1680.499926,2684.46134,0.231341656,0.723845519,-8.898368367,1.3761159,0.002489116,2.21299e-13,0.467873569,0.002103819,0.525400584,0.000895677,5.64677e-06,0.002366995,0.001353704,5.59442e-09,,125.93202921954929,0.9828759262978203,0.5092424018181818,0.9964383225503611,1.0000000003646414,-3.6442004969217123e-10
2970.8,4.424108538,1677.057356,2684.418778,0.231324584,0.723824356,-8.898535613,1.376151263,0.002495531,2.2151e-13,0.467447662,0.002102309,0.525821722,0.000896754,5.6558e-06,0.002369861,0.001356031,5.59248e-09,,125.64206472253211,0.9828104301652916,0.5081991987878788,0.9964225240706989,1.0000000003927014,-3.9248004846115236e-10
2968.4,4.423812945,1673.618372,2684.376071,0.231307511,0.723803207,-8.898702884,1.376186602,0.002501951,2.2172e-13,0.467021299,0.002100796,0.526243308,0.000897834,5.66485e-06,0.00237273,0.001358363,5.59053e-09,,125.35251578891129,0.9827447645332239,0.5071570824242424,0.9964066717688582,1.0000000004407517,-4.405300568777193e-10
2966.0,4.423516586,1670.182973,2684.333217,0.231290437,0.723782071,-8.898870179,1.376221917,0.002508375,2.21931e-13,0.466594481,0.00209928,0.526665341,0.000898915,5.67392e-06,0.002375605,0.001360699,5.58857e-09,,125.0633160706225,0.9826789287351707,0.5061160524242424,0.9963907649024645,1.000000000508792,-5.085698528972671e-10
2963.6,4.423219459,1666.751156,2684.290217,0.231273362,0.723760948,-8.899037498,1.376257206,0.002514803,2.22143e-13,0.466167207,0.002097762,0.527087822,0.000899997,5.683e-06,0.002378483,0.001363039,5.5866e-09,,124.77456683668684,0.9826129223268344,0.5050761078787879,0.9963748038427052,0.9999999985868222,1.4134000636545352e-09
2961.2,4.42292156,1663.32292,2684.24707,0.231256285,0.723739839,-8.899204842,1.376292472,0.002521236,2.22354e-13,0.465739478,0.002096241,0.527510751,0.000901082,5.6921e-06,0.002381367,0.001365384,5.58461e-09,,124.48613466184237,0.9825467444196195,0.5040372484848485,0.9963587882183924,1.0000000006848324,-6.846101463509058e-10
2958.8,4.422622886,1659.898263,2684.203774,0.231239207,0.723718744,-8.899372211,1.376327712,0.002527673,2.22566e-13,0.465311292,0.002094718,0.527934129,0.000902168,5.70121e-06,0.002384255,0.001367732,5.58261e-09,,124.19815315913016,0.98248039434708,0.5029994736363637,0.9963427172871518,1.0000000007928325,-7.926099776511819e-10
2956.4,4.422323433,1656.477185,2684.160331,0.231222127,0.723697662,-8.899539604,1.376362928,0.002534114,2.22779e-13,0.464882649,0.002093192,0.528357955,0.000903255,5.71034e-06,0.002387147,0.001370086,5.5806e-09,,123.91052249210651,0.9824138712206204,0.5019627833333333,0.9963265917913582,0.9999999999208228,7.940004209672225e-11
2954.0,4.422023199,1653.059682,2684.116737,0.231205046,0.723676594,-8.899707023,1.376398119,0.00254056,2.22991e-13,0.464453549,0.002091663,0.528782231,0.000904345,5.71949e-06,0.002390044,0.001372443,5.57858e-09,,123.6233090026265,0.9823471745959431,0.5009271763636364,0.9963104102462615,1.000000000068803,-6.85800305433304e-11
2951.6,4.42172218,1649.645755,2684.072994,0.231187964,0.72365554,-8.899874466,1.376433286,0.00254701,2.23204e-13,0.464023992,0.002090131,0.529206956,0.000905436,5.72866e-06,0.002392946,0.001374805,5.57654e-09,,123.33644750669369,0.9822803035844531,0.49989265303030306,0.996294173394237,1.000000000236763,-2.365398987791423e-10
2949.2,4.421420373,1646.2354,2684.029101,0.231170881,0.7236345,-8.900041934,1.376468427,0.002553465,2.23418e-13,0.463593976,0.002088597,0.529632132,0.000906528,5.73784e-06,0.002395852,0.001377172,5.57449e-09,,123.0499717136956,0.9822132575197038,0.49885921212121215,0.996277880864097,1.0000000004147136,-4.144902199243461e-10
2946.8,4.421117775,1642.828617,2683.985056,0.231153796,0.723613473,-8.900209427,1.376503543,0.002559925,2.23631e-13,0.463163503,0.00208706,0.530057757,0.000907623,5.74704e-06,0.002398763,0.001379542,5.57243e-09,,122.7639140628083,0.9821460357352487,0.4978268536363636,0.9962615319134666,1.0000000006126537,-6.124298845833209e-10
2944.4,4.420814382,1639.425404,2683.940859,0.23113671,0.723592461,-8.900376945,1.376538634,0.002566389,2.23845e-13,0.462732572,0.00208552,0.530483832,0.000908719,5.75626e-06,0.002401678,0.001381917,5.57036e-09,,122.47824208426117,0.9820786373424927,0.496795576969697,0.9962451265423459,0.9999999998305839,1.6963996873897713e-10
2942.0,4.420510192,1636.02576,2683.896509,0.231119622,0.723571463,-8.900544489,1.3765737,0.002572858,2.2406e-13,0.462301181,0.002083978,0.530910359,0.000909816,5.76549e-06,0.002404598,0.001384297,5.56827e-09,,122.19292442797952,0.9820110618971383,0.4957653818181818,0.9962286643795476,1.000000000058494,-5.827005544745134e-11
2939.6,4.4202052,1632.629683,2683.852007,0.231102533,0.723550479,-8.900712057,1.376608741,0.002579331,2.24274e-13,0.461869332,0.002082433,0.531337336,0.000910915,5.77474e-06,0.002407522,0.00138668,5.56617e-09,,121.90805758188132,0.9819433082884412,0.4947362675757576,0.9962121457962588,0.9999999983063942,1.6938300761992764e-09
2937.2,4.419899404,1629.23717,2683.80735,0.231085443,0.723529509,-8.900879651,1.376643756,0.00258581,2.24489e-13,0.461437023,0.002080885,0.531764765,0.000912016,5.784e-06,0.002410452,0.001389069,5.56406e-09,,121.62348178278175,0.981875376072104,0.49370823333333336,0.9961955696789175,0.9999999995642844,4.359400618270115e-10
2934.8,4.4195928,1625.848222,2683.762539,0.231068351,0.723508554,-8.901047271,1.376678746,0.002592293,2.24705e-13,0.461004255,0.002079335,0.532192646,0.000913119,5.79329e-06,0.002413385,0.001391461,5.56194e-09,,121.33938851395614,0.9818072643595314,0.4926812793939394,0.9961789363987109,0.9999999998521647,1.4806000869782565e-10
2932.4,4.419285385,1622.462837,2683.717573,0.231051258,0.723487613,-8.901214916,1.37671371,0.00259878,2.24921e-13,0.460571026,0.002077782,0.532620979,0.000914223,5.80259e-06,0.002416324,0.001393858,5.5598e-09,,121.05561920896912,0.981738972484277,0.4916554051515152,0.9961622455844518,1.000000000150025,-1.4980017226662312e-10
2930.0,4.418977155,1619.081012,2683.67245,0.231034164,0.723466686,-8.901382587,1.376748649,0.002605273,2.25137e-13,0.460137337,0.002076226,0.533049764,0.000915329,5.81191e-06,0.002419267,0.00139626,5.55765e-09,,120.77223770283764,0.9816704995577454,0.49063060969696975,0.9961454964937652,1.000000000467875,-4.676499187894478e-10
2927.6,4.418668108,1615.702746,2683.627171,0.231017068,0.723445774,-8.901550283,1.376783562,0.00261177,2.25353e-13,0.459703188,0.002074667,0.533479001,0.000916437,5.82124e-06,0.002422215,0.001398665,5.55549e-09,,120.48927644006667,0.9816018451356393,0.4896068927272727,0.9961286894978385,0.9999999997957152,2.0451018656331144e-10
2925.2,4.418358239,1612.328039,2683.581734,0.23099997,0.723424876,-8.901718005,1.376818449,0.002618273,2.2557e-13,0.459268577,0.002073106,0.533908691,0.000917547,5.83059e-06,0.002425167,0.001401076,5.55332e-09,,120.20667190115205,0.9815330081072143,0.48858425424242424,0.9961118238542968,1.0000000001435456,-1.43320022516491e-10
2922.8,4.418047545,1608.956888,2683.53614,0.230982872,0.723403993,-8.901885753,1.37685331,0.00262478,2.25787e-13,0.458833506,0.002071542,0.534338835,0.000918658,5.83996e-06,0.002428124,0.00140349,5.55113e-09,,119.92448746962606,0.9814639878060245,0.4875626933333333,0.9960948999343278,1.0000000005113556,-5.111300271920527e-10
2920.4,4.417736023,1605.589292,2683.490386,0.230965771,0.723383125,-8.902053527,1.376888146,0.002631292,2.26004e-13,0.458397972,0.002069975,0.534769432,0.00091977,5.84935e-06,0.002431086,0.00140591,5.54893e-09,,119.64262910979404,0.9813947835656229,0.48654220969696965,0.9960779166243687,0.999999999899156,1.0107004122517083e-10
2918.0,4.41742367,1602.225249,2683.444473,0.23094867,0.723362272,-8.902221327,1.376922956,0.002637809,2.26222e-13,0.457961977,0.002068406,0.535200483,0.000920885,5.85875e-06,0.002434052,0.001408333,5.54672e-09,,119.36122315032361,0.9813253947195635,0.4855228027272728,0.9960608742956075,1.0000000002969462,-2.9671998191815874e-10
2915.6,4.417110481,1598.864759,2683.3984,0.230931567,0.723341433,-8.902389153,1.376957739,0.002644332,2.2644e-13,0.457525519,0.002066834,0.535631988,0.000922001,5.86818e-06,0.002437023,0.001410761,5.54449e-09,,119.08017465270996,0.9812558201571022,0.48450447242424244,0.9960437725768564,0.9999999997247164,2.7550994818881236e-10
2913.2,4.416796454,1595.50782,2683.352166,0.230914462,0.72332061,-8.902557005,1.376992496,0.002650859,2.26658e-13,0.457088599,0.002065259,0.536063947,0.000923119,5.87761e-06,0.002439999,0.001413194,5.54225e-09,,118.7994864112953,0.9811860594339412,0.48348721818181817,0.9960266110969281,1.0000000001524767,-1.52249990392761e-10
2910.8,4.416481584,1592.154429,2683.305771,0.230897356,0.723299802,-8.902724883,1.377027227,0.002657392,2.26877e-13,0.456651217,0.002063681,0.536496361,0.000924239,5.88707e-06,0.00244298,0.001415631,5.54e-09,,118.51918787079676,0.9811161114393365,0.48247103909090905,0.9960093898558224,1.0000000016102268,-1.6099999111673924e-09
2908.4,4.416165869,1588.804587,2683.259213,0.230880249,0.723279008,-8.902892788,1.377061932,0.002663929,2.27096e-13,0.456213371,0.002062101,0.536929229,0.00092536,5.89654e-06,0.002445965,0.001418072,5.53774e-09,,118.23931082596376,0.9810459757289909,0.48145593545454546,0.9959921081111648,1.000000000077967,-7.774003663030271e-11
2906.0,4.415849305,1585.458291,2683.212492,0.23086314,0.72325823,-8.903060719,1.37709661,0.002670472,2.27316e-13,0.455775062,0.002060518,0.537362553,0.000926483,5.90603e-06,0.002448955,0.001420518,5.53546e-09,,117.95979384607736,0.9809756514143085,0.4804419063636363,0.9959747658629551,1.0000000005656873,-5.654599011251094e-10
2903.6,4.415531887,1582.11554,2683.165607,0.230846029,0.723237467,-8.903228678,1.377131261,0.00267702,2.27535e-13,0.455336289,0.002058932,0.537796332,0.000927608,5.91554e-06,0.00245195,0.001422969,5.53317e-09,,117.68063732391303,0.9809051373845458,0.4794289515151515,0.9959573627400057,1.0000000010733976,-1.0731699973121067e-09
2901.2,4.415213613,1578.776333,2683.118557,0.230828917,0.72321672,-8.903396661,1.377165887,0.002683574,2.27756e-13,0.454897052,0.002057343,0.538230567,0.000928734,5.92507e-06,0.002454949,0.001425423,5.53086e-09,,117.40193239095547,0.9808344331954049,0.4784170706060606,0.9959398983711293,0.9999999986010878,1.3991399150370398e-09
2898.8,4.41489448,1575.440668,2683.071342,0.230811804,0.723195988,-8.903564673,1.377200484,0.002690132,2.27976e-13,0.454457351,0.002055752,0.538665258,0.000929862,5.93461e-06,0.002457954,0.001427883,5.52855e-09,,117.12352926602817,0.9807635381804396,0.47740626303030304,0.9959223727563261,1.000000000138778,-1.3855006031349149e-10
2896.4,4.414574482,1572.108544,2683.023962,0.230794688,0.723175271,-8.903732711,1.377235056,0.002696696,2.28197e-13,0.454017186,0.002054158,0.539100405,0.000930992,5.94417e-06,0.002460963,0.001430347,5.52622e-09,,116.84554813738211,0.9806924510067568,0.4763965284848485,0.9959047858955958,1.0000000006964482,-6.96219970564016e-10
2894.0,4.414253618,1568.77996,2682.976414,0.230777572,0.72315457,-8.903900775,1.377269601,0.002703266,2.28418e-13,0.453576555,0.002052561,0.539536009,0.000932124,5.95375e-06,0.002463976,0.001432815,5.52388e-09,,116.56798842987762,0.980621171452208,0.4753878666666667,0.9958871366753762,0.9999999992741085,7.261199419517084e-10
2891.6,4.413931882,1565.454914,2682.928699,0.230760454,0.723133885,-8.904068867,1.377304118,0.002709841,2.2864e-13,0.45313546,0.002050962,0.539972069,0.000933257,5.96334e-06,0.002466995,0.001435288,5.52152e-09,,116.29076230824711,0.9805496981839,0.4743802769696969,0.9958694254668548,0.9999999998617488,1.3847989421833518e-10
2889.2,4.413609272,1562.133405,2682.880815,0.230743334,0.723113215,-8.904236986,1.377338609,0.002716421,2.28862e-13,0.452693899,0.002049359,0.540408586,0.000934392,5.97296e-06,0.002470018,0.001437766,5.51915e-09,,116.01392769406674,0.9804780307575357,0.4733737590909091,0.9958516515276565,0.9999999984793789,1.520849890468412e-09
2886.8,4.413285783,1558.815431,2682.832763,0.230726213,0.723092562,-8.904405132,1.377373072,0.002723007,2.29084e-13,0.452251873,0.002047754,0.540845561,0.000935529,5.98259e-06,0.002473047,0.001440248,5.51677e-09,,115.73745731086035,0.9804061680623705,0.47236831242424243,0.9958338152289691,1.000000000106999,-1.0676992623359638e-10
2884.4,4.412961413,1555.500992,2682.784541,0.23070909,0.723071924,-8.904573305,1.377407508,0.002729598,2.29307e-13,0.451809381,0.002046146,0.541282993,0.000936668,5.99224e-06,0.00247608,0.001442735,5.51437e-09,,115.46138001279323,0.9803341096541069,0.471363936969697,0.9958159158284174,1.0000000007545995,-7.543701219248078e-10
2882.0,4.412636156,1552.190086,2682.736148,0.230691966,0.723051302,-8.904741506,1.377441917,0.002736195,2.2953e-13,0.451366423,0.002044536,0.541720882,0.000937808,6.0019e-06,0.002479117,0.001445226,5.51197e-09,,115.1857261438372,0.9802618541998525,0.47036063212121215,0.9957979529548142,0.9999999994121995,5.880299580596215e-10
2879.6,4.41231001,1548.882711,2682.687584,0.23067484,0.723030696,-8.904909734,1.377476299,0.002742798,2.29753e-13,0.450922999,0.002042922,0.54215923,0.00093895,6.01159e-06,0.00248216,0.001447722,5.50955e-09,,114.91040647242306,0.9801894012553093,0.46935839727272727,0.9957799266081593,1.0000000000997797,-9.954992385985406e-11
2877.2,4.411982971,1545.578867,2682.638847,0.230657712,0.723010106,-8.905077989,1.377510652,0.002749406,2.29977e-13,0.450479107,0.002041306,0.542598036,0.000940094,6.02129e-06,0.002485208,0.001450222,5.50711e-09,,114.63548114300265,0.9801167499318822,0.46835723242424243,0.9957618360460782,0.99999999979734,2.0289003810347594e-10
2874.8,4.411655035,1542.278552,2682.589938,0.230640583,0.722989533,-8.905246272,1.377544979,0.00275602,2.30201e-13,0.450034749,0.002039688,0.5430373,0.000941239,6.03101e-06,0.00248826,0.001452727,5.50466e-09,,114.36095029872915,0.980043899340976,0.46735713696969694,0.9957436816397578,0.99999999951489,4.853401014415226e-10
2872.4,4.411326198,1538.981765,2682.540855,0.230623453,0.722968975,-8.905414583,1.377579277,0.00276264,2.30425e-13,0.449589924,0.002038066,0.543477023,0.000942386,6.04075e-06,0.002491317,0.001455237,5.5022e-09,,114.08678457569532,0.9799708485939955,0.4663581106060606,0.9957254626468236,0.9999999992524304,7.477999330873786e-10
2870.0,4.410996456,1535.688505,2682.491598,0.23060632,0.722948435,-8.905582922,1.377613548,0.002769266,2.3065e-13,0.449144632,0.002036441,0.543917205,0.000943535,6.0505e-06,0.002494379,0.001457751,5.49973e-09,,113.81301404981951,0.9798975968023452,0.46536015303030304,0.9957071790672753,0.9999999989999607,1.0002699779576574e-09
2867.6,4.410665806,1532.39877,2682.442165,0.230589186,0.72292791,-8.905751288,1.377647791,0.002775897,2.30875e-13,0.448698872,0.002034814,0.544357846,0.000944686,6.06028e-06,0.002497446,0.00146027,5.49724e-09,,113.53960917152719,0.9798241432995789,0.46436326363636365,0.9956888301587383,0.999999999777471,2.227599216197973e-10
2865.2,4.410334243,1529.112559,2682.392556,0.23057205,0.722907402,-8.905919683,1.377682005,0.002782534,2.311e-13,0.448252644,0.002033184,0.544798946,0.000945839,6.07007e-06,0.002500518,0.001462793,5.49474e-09,,113.26659984927898,0.9797504869749527,0.4633674421212121,0.9956704159212125,0.999999999564971,4.3526016124673106e-10
2862.8,4.410001764,1525.829871,2682.34277,0.230554913,0.722886911,-8.906088106,1.377716192,0.002789177,2.31326e-13,0.447805948,0.002031552,0.545240506,0.000946993,6.07988e-06,0.002503595,0.001465321,5.49222e-09,,112.99395756593692,0.97967662716202,0.46237268818181815,0.9956519359835108,1.0000000003724512,-3.722198105293728e-10
2860.4,4.409668365,1522.550705,2682.292807,0.230537774,0.722866437,-8.906256556,1.377750351,0.002795827,2.31553e-13,0.447358784,0.002029916,0.545682526,0.000948149,6.08971e-06,0.002506677,0.001467854,5.48969e-09,,112.72168232617457,0.9796025629721854,0.46137900151515154,0.9956333903456325,1.0000000011999215,-1.1996901250199699e-09
2858.0,4.409334041,1519.275059,2682.242665,0.230520634,0.722845979,-8.906425035,1.377784481,0.002802482,2.31779e-13,0.446911151,0.002028278,0.546125005,0.000949307,6.09955e-06,0.002509763,0.001470391,5.48715e-09,,112.44983177644033,0.9795282932947053,0.46038638151515154,0.9956147782652034,1.0000000000373819,-3.715006080540206e-11
2855.6,4.40899879,1516.002933,2682.192344,0.230503491,0.722825538,-8.906593543,1.377818583,0.002809143,2.32006e-13,0.44646305,0.002026637,0.546567945,0.000950466,6.10942e-06,0.002512855,0.001472933,5.4846e-09,,112.17832045645022,0.9794538176852817,0.4593948281818182,0.995596099742223,1.000000000904832,-9.045999505019608e-10
2853.2,4.408662606,1512.734324,2682.141843,0.230486347,0.722805114,-8.906762079,1.377852657,0.00281581,2.32233e-13,0.446014479,0.002024993,0.547011345,0.000951628,6.1193e-06,0.002515951,0.001475479,5.48203e-09,,111.90723365116432,0.979379134811022,0.4584043406060606,0.995577354405504,0.9999999997822625,2.179697533577496e-10
2850.8,4.408325487,1509.469233,2682.091161,0.230469202,0.722784708,-8.906930643,1.377886702,0.002822483,2.32461e-13,0.44556544,0.002023346,0.547455206,0.000952791,6.1292e-06,0.002519053,0.00147803,5.47944e-09,,111.63648759854671,0.9793042442276285,0.4574149190909091,0.9955585418838592,1.0000000006796723,-6.794398377252264e-10
2848.4,4.407987427,1506.207658,2682.040297,0.230452054,0.722764318,-8.907099236,1.377920718,0.002829163,2.32689e-13,0.445115931,0.002021697,0.547899527,0.000953956,6.13912e-06,0.002522159,0.001480586,5.47685e-09,,111.3661383132741,0.9792291446022084,0.45642656303030305,0.995539661806101,1.0000000005970828,-5.968501248787561e-10
2846.0,4.407648423,1502.949597,2681.98925,0.230434905,0.722743945,-8.907267858,1.377954705,0.002835849,2.32917e-13,0.444665952,0.002020044,0.548344309,0.000955122,6.14906e-06,0.00252527,0.001483147,5.47424e-09,,111.09615780842486,0.9791538352683155,0.45543927181818183,0.9955207138010419,0.9999999985344729,1.4657600688749994e-09
2843.6,4.407308471,1499.69505,2681.93802,0.230417754,0.72272359,-8.907436509,1.377988664,0.002842541,2.33146e-13,0.444215504,0.002018389,0.548789553,0.000956291,6.15901e-06,0.002528387,0.001485712,5.47161e-09,,110.82654783522895,0.979078315337354,0.45445304545454546,0.9955016978686819,1.0000000004818432,-4.816100851456895e-10
2841.2,4.406967567,1496.444015,2681.886606,0.230400602,0.722703253,-8.907605188,1.378022594,0.002849239,2.33375e-13,0.443764585,0.002016732,0.549235258,0.000957461,6.16898e-06,0.002531508,0.001488282,5.46898e-09,,110.55733520644021,0.9790025839207289,0.4534678833333333,0.9954826136378337,1.0000000004492133,-4.4897996431814136e-10
2838.8,4.406625707,1493.196491,2681.835006,0.230383448,0.722682932,-8.907773897,1.378056494,0.002855944,2.33605e-13,0.443313196,0.002015071,0.549681424,0.000958633,6.17898e-06,0.002534634,0.001490856,5.46633e-09,,110.28851925032117,0.9789266401298453,0.4524837851515151,0.9954634603661223,0.9999999984465635,1.553670081477776e-09
2836.4,4.406282886,1489.952478,2681.783221,0.230366292,0.72266263,-8.907942635,1.378090366,0.002862655,2.33835e-13,0.442861337,0.002013407,0.550128052,0.000959807,6.18899e-06,0.002537766,0.001493436,5.46366e-09,,110.02001980029098,0.9788504828539589,0.45150075090909086,0.9954442384247354,0.9999999994538938,5.463399732619223e-10
2834.0,4.405939101,1486.711974,2681.731249,0.230349134,0.722642345,-8.908111402,1.378124208,0.002869372,2.34065e-13,0.442409008,0.002011741,0.550575142,0.000960983,6.19902e-06,0.002540902,0.00149602,5.46098e-09,,109.75194602325875,0.9787741114266236,0.45051878,0.9954249470712977,1.0000000004812142,-4.809801446015172e-10
2831.6,4.405594347,1483.474977,2681.679089,0.230331974,0.722622078,-8.908280198,1.378158021,0.002876096,2.34296e-13,0.441956207,0.002010072,0.551022695,0.00096216,6.20906e-06,0.002544043,0.001498608,5.45829e-09,,109.48427050690815,0.9786975247370948,0.44953787181818183,0.9954055859346221,0.9999999995185244,4.817098941956033e-10
2829.2,4.40524862,1480.241488,2681.62674,0.230314813,0.722601828,-8.908449024,1.378191804,0.002882826,2.34527e-13,0.441502936,0.0020084,0.551470709,0.000963339,6.21913e-06,0.00254719,0.001501202,5.45559e-09,,109.21691207442639,0.9786207218967776,0.4485580266666666,0.9953861546435211,1.0000000005858245,-5.855900209184028e-10
2826.8,4.404901916,1477.011505,2681.574202,0.23029765,0.722581597,-8.90861788,1.378225558,0.002889563,2.34758e-13,0.441049194,0.002006726,0.551919185,0.00096452,6.22921e-06,0.002550341,0.0015038,5.45287e-09,,108.94997999406344,0.9785437020170769,0.4475792439393939,0.9953666531979943,1.000000000663105,-6.628699811273009e-10
2824.4,4.404554231,1473.785026,2681.521474,0.230280485,0.722561383,-8.908786765,1.378259282,0.002896307,2.3499e-13,0.44059498,0.002005048,0.552368125,0.000965703,6.23932e-06,0.002553497,0.001506403,5.45013e-09,,108.68341885078988,0.9784664642093971,0.44660152303030304,0.995347081226855,1.0000000007703649,-7.701299598039668e-10
2822.0,4.40420556,1470.562051,2681.468555,0.230263318,0.722541188,-8.90895568,1.378292977,0.002903057,2.35222e-13,0.440140294,0.002003368,0.552817526,0.000966887,6.24944e-06,0.002556659,0.00150901,5.44739e-09,,108.41723059409462,0.9783890073629946,0.445624863939394,0.9953274383589152,0.9999999988876253,1.1126098931057982e-09
2819.6,4.4038559,1467.342579,2681.415443,0.230246149,0.722521011,-8.909124625,1.378326641,0.002909814,2.35455e-13,0.439685138,0.002001685,0.553267391,0.000968074,6.25958e-06,0.002559825,0.001511622,5.44462e-09,,108.1514417946646,0.9783113308114226,0.44464926636363633,0.9953077238518002,1.0000000000248555,-2.461986170487762e-11
2817.2,4.403505245,1464.126609,2681.362139,0.230228979,0.722500852,-8.9092936,1.378360275,0.002916578,2.35687e-13,0.439229509,0.001999999,0.553717719,0.000969262,6.26974e-06,0.002562997,0.00151424,5.44185e-09,,107.88597264412114,0.9782334332217886,0.44367472999999996,0.9952879380766975,1.0000000011820858,-1.1818499512372682e-09
2814.8,4.403153592,1460.914139,2681.308641,0.230211806,0.722480711,-8.909462605,1.37839388,0.002923348,2.35921e-13,0.438773408,0.00199831,0.554168509,0.000970452,6.27991e-06,0.002566174,0.001516861,5.43906e-09,,107.6209300018257,0.978155313927646,0.44270125424242424,0.9952680802912321,0.999999999349296,6.509398575715863e-10
2812.4,4.402800937,1457.705169,2681.254948,0.230194632,0.722460589,-8.90963164,1.378427454,0.002930126,2.36154e-13,0.438316835,0.001996618,0.554619763,0.000971644,6.29011e-06,0.002569356,0.001519488,5.43626e-09,,107.35623403429845,0.9780769720403997,0.4417288390909091,0.9952481501242166,0.9999999995464962,4.5373993451391925e-10
2810.0,4.402447274,1454.499698,2681.201059,0.230177456,0.722440486,-8.909800706,1.378460998,0.00293691,2.36388e-13,0.43785979,0.001994924,0.555071481,0.000972838,6.30033e-06,0.002572543,0.001522119,5.43344e-09,,107.09193831627024,0.9779984062271565,0.4407574842424243,0.9952281472044637,1.0000000007636765,-7.634401999467855e-10
2807.6,4.402092601,1451.297725,2681.146974,0.230160278,0.722420401,-8.909969802,1.378494511,0.002943701,2.36623e-13,0.437402273,0.001993227,0.555523661,0.000974033,6.31056e-06,0.002575735,0.001524756,5.43061e-09,,106.82799121717353,0.9779196160436191,0.43978718939393935,0.9952080715319732,1.0000000009908465,-9.906098163980914e-10
2805.2,4.401736911,1448.099249,2681.092691,0.230143099,0.722400335,-8.910138928,1.378527994,0.002950499,2.36858e-13,0.436944283,0.001991527,0.555976306,0.00097523,6.32081e-06,0.002578932,0.001527397,5.42776e-09,,106.56444435327388,0.9778405999347461,0.43881795424242426,0.9951879223643704,1.0000000012379968,-1.2377601166235763e-09
2802.8,4.401380201,1444.904268,2681.03821,0.230125917,0.722380288,-8.910308085,1.378561447,0.002957304,2.37093e-13,0.43648582,0.001989824,0.556429414,0.00097643,6.33108e-06,0.002582134,0.001530042,5.4249e-09,,106.30129775198259,0.9777613572340905,0.4378497781818182,0.9951676997016553,1.000000000505137,-5.049001217116711e-10
2800.4,4.401022467,1441.712782,2680.98353,0.230108733,0.72236026,-8.910477273,1.378594868,0.002964116,2.37328e-13,0.436026884,0.001988118,0.556882986,0.000977631,6.34137e-06,0.002585342,0.001532693,5.42203e-09,,106.03847442309869,0.9776818870530574,0.4368826612121212,0.9951474031726402,1.0000000007922674,-7.920299971431177e-10
2798.0,4.400663703,1438.524791,2680.928649,0.230091548,0.722340251,-8.910646492,1.378628259,0.002970935,2.37564e-13,0.435567476,0.001986409,0.557337022,0.000978833,6.35168e-06,0.002588554,0.001535348,5.41914e-09,,105.77607780770757,0.9776021880587541,0.4359166033333334,0.9951270320349505,0.9999999990993776,9.008599421989061e-10
2795.6,4.400303906,1435.340292,2680.873568,0.23007436,0.722320261,-8.910815741,1.378661618,0.002977762,2.37801e-13,0.435107594,0.001984698,0.557791522,0.000980038,6.36201e-06,0.002591772,0.001538008,5.41624e-09,,105.51403095952578,0.9775222595847338,0.43495160363636365,0.9951065866597735,0.999999999426478,5.737598174349046e-10
2793.2,4.399943071,1432.159286,2680.818284,0.230057171,0.722300291,-8.910985022,1.378694947,0.002984595,2.38037e-13,0.434647239,0.001982984,0.558246487,0.000981244,6.37236e-06,0.002594995,0.001540673,5.41332e-09,,105.2523598503767,0.9774421005202527,0.43398766242424247,0.995086065933547,0.9999999997735581,2.266798970751438e-10
2790.8,4.399581193,1428.981771,2680.762797,0.23003998,0.722280339,-8.911154334,1.378728245,0.002991436,2.38275e-13,0.434186411,0.001981266,0.558701915,0.000982453,6.38273e-06,0.002598223,0.001543343,5.41039e-09,,104.99106453349535,0.9773617097545669,0.4330247790909091,0.9950654698562708,0.9999999991406282,8.596100498081682e-10
2788.4,4.399218268,1425.807747,2680.707106,0.230022786,0.722260407,-8.911323677,1.378761511,0.002998284,2.38512e-13,0.43372511,0.001979546,0.559157808,0.000983663,6.39311e-06,0.002601456,0.001546018,5.40745e-09,,104.73014628095788,0.977281086399081,0.43206295363636366,0.9950447980567577,0.9999999995176885,4.825499999583371e-10
2786.0,4.398854291,1422.637212,2680.65121,0.230005591,0.722240495,-8.911493052,1.378794745,0.00300514,2.3875e-13,0.433263335,0.001977824,0.559614165,0.000984875,6.40352e-06,0.002604695,0.001548697,5.40449e-09,,104.46960412253611,0.9772002293430507,0.4311021854545455,0.9950240501638202,0.999999999924729,7.55098206184357e-11
2783.6,4.398489258,1419.470166,2680.595108,0.229988394,0.722220602,-8.911662458,1.378827949,0.003012002,2.38988e-13,0.432801086,0.001976098,0.560070987,0.000986089,6.41394e-06,0.002607938,0.001551382,5.40152e-09,,104.20943885659202,0.9771191376978813,0.43014247454545457,0.9950032258062708,0.9999999993417591,6.584799372433281e-10
2781.2,4.398123164,1416.306607,2680.5388,0.229971195,0.722200729,-8.911831896,1.37886112,0.003018873,2.39227e-13,0.432338364,0.00197437,0.560528274,0.000987304,6.42439e-06,0.002611187,0.001554071,5.39853e-09,,103.94965046789207,0.9770378103528286,0.4291838203030303,0.9949823249841094,0.9999999997887692,2.1146995266008162e-10
2778.8,4.397756005,1413.146536,2680.482283,0.229953993,0.722180876,-8.912001365,1.37889426,0.00302575,2.39466e-13,0.431875168,0.001972638,0.560986025,0.000988522,6.43485e-06,0.002614442,0.001556765,5.39553e-09,,103.69021471225182,0.9769562464192971,0.428226223030303,0.994961346583774,1.0000000002457696,-2.4553004074334694e-10
2776.4,4.397387775,1409.989951,2680.425558,0.22993679,0.722161043,-8.912170867,1.378927368,0.003032636,2.39706e-13,0.431411498,0.001970904,0.561444241,0.000989741,6.44533e-06,0.002617701,0.001559464,5.39251e-09,,103.43118148280398,0.9768744445643944,0.42726968212121214,0.9949402909764519,0.9999999997227498,2.7748991993092886e-10
2774.0,4.39701847,1406.836852,2680.368623,0.229919585,0.72214123,-8.9123404,1.378960444,0.003039529,2.39945e-13,0.430947354,0.001969167,0.561902922,0.000990963,6.45583e-06,0.002620966,0.001562168,5.38948e-09,,103.17250131865343,0.9767924038995248,0.42631419757575756,0.994919157419768,1.0000000012197199,-1.2194800724785182e-09
2771.6,4.396648086,1403.687237,2680.311477,0.229902377,0.722121437,-8.912509966,1.378993488,0.003046429,2.40186e-13,0.430482736,0.001967427,0.562362068,0.000992186,6.46635e-06,0.002624236,0.001564877,5.38644e-09,,102.91419924025102,0.9767101235360935,0.4253597687878788,0.9948979455425353,1.0000000017366801,-1.7364398807728776e-09
2769.2,4.396276617,1400.541106,2680.254119,0.229885168,0.722101664,-8.912679564,1.379026499,0.003053338,2.40426e-13,0.430017643,0.001965684,0.562821678,0.000993411,6.47689e-06,0.002627511,0.00156759,5.38338e-09,,102.65629963671245,0.9766276021412075,0.4244063957575757,0.9948766549735659,0.9999999992736205,7.266198753796971e-10
2766.8,4.395904059,1397.398458,2680.196549,0.229867956,0.722081912,-8.912849193,1.379059479,0.003060254,2.40667e-13,0.429552077,0.001963939,0.563281754,0.000994638,6.48745e-06,0.002630791,0.001570309,5.3803e-09,,102.39875455946452,0.9765448388262715,0.4234540781818181,0.9948552857128599,1.0000000008305405,-8.303000509357616e-10
2764.4,4.395530407,1394.259292,2680.138765,0.229850743,0.72206218,-8.913018856,1.379092425,0.003067177,2.40909e-13,0.429086036,0.00196219,0.563742295,0.000995866,6.49803e-06,0.002634077,0.001573032,5.37722e-09,,102.1415877682486,0.9764618324805415,0.42250281575757576,0.9948338370180428,0.9999999994074608,5.927801582927827e-10
2762.0,4.395155656,1391.123608,2680.080766,0.229833527,0.722042469,-8.913188551,1.37912534,0.003074109,2.41151e-13,0.428619522,0.001960439,0.5642033,0.000997097,6.50863e-06,0.002637368,0.00157576,5.37411e-09,,101.88480042309523,0.9763785819932735,0.4215526084848485,0.9948123085179268,1.000000000004351,-4.1098235925574045e-12
2759.6,4.394779802,1387.991405,2680.022551,0.229816309,0.722022778,-8.913358279,1.379158221,0.003081048,2.41393e-13,0.428152532,0.001958685,0.564664771,0.000998329,6.51925e-06,0.002640664,0.001578494,5.37099e-09,,101.62836776860196,0.9762950864758725,0.42060345606060606,0.9947906998413245,0.9999999996212312,3.790101565925852e-10
2757.2,4.394402839,1384.862682,2679.964119,0.229799089,0.722003108,-8.91352804,1.37919107,0.003087996,2.41636e-13,0.427685069,0.001956927,0.565126707,0.000999564,6.52988e-06,0.002643966,0.001581232,5.36786e-09,,101.37231515807098,0.976211344595445,0.41965535818181815,0.9947690106170487,1.0000000002481018,-2.478601768274302e-10
2754.8,4.394024762,1381.737438,2679.90547,0.229781867,0.721983459,-8.913697834,1.379223885,0.003094951,2.41879e-13,0.427217131,0.001955168,0.565589108,0.0010008,6.54054e-06,0.002647273,0.001583975,5.36472e-09,,101.11664205941355,0.9761273552412477,0.4187083145454546,0.9947472408450991,1.0000000009049619,-9.047198545886204e-10
2752.4,4.393645568,1378.615673,2679.846601,0.229764643,0.721963831,-8.91386766,1.379256668,0.003101915,2.42122e-13,0.426748718,0.001953405,0.566051974,0.001002038,6.55122e-06,0.002650586,0.001586723,5.36155e-09,,100.86132470073298,0.9760431177468339,0.4177623251515152,0.9947253894119136,1.0000000005817922,-5.815499193317919e-10
2750.0,4.39326525,1375.497387,2679.787513,0.229747417,0.721944224,-8.91403752,1.379289418,0.003108886,2.42366e-13,0.426279831,0.001951639,0.566515305,0.001003278,6.56191e-06,0.002653903,0.001589476,5.35838e-09,,100.60641175808736,0.9759586305571618,0.41681738999999995,0.9947034566886794,0.9999999992686224,7.316198757933989e-10
2747.6,4.392883804,1372.382577,2679.728204,0.229730188,0.721924638,-8.914207413,1.379322134,0.003115866,2.4261e-13,0.42581047,0.00194987,0.566979102,0.00100452,6.57263e-06,0.002657226,0.001592234,5.35519e-09,,100.35185508948348,0.9758738927836366,0.41587350818181823,0.9946814419330219,0.9999999999854325,1.4810153103894663e-11
2745.2,4.392501225,1369.271245,2679.668673,0.229712958,0.721905074,-8.91437734,1.379354817,0.003122854,2.42855e-13,0.425340634,0.001948099,0.567443364,0.001005764,6.58337e-06,0.002660555,0.001594997,5.35198e-09,,100.09765561456973,0.9757889033155137,0.41493068030303026,0.9946593447737536,1.0000000017222228,-1.7219798920109497e-09
2742.8,4.392117508,1366.163388,2679.608919,0.229695725,0.72188553,-8.9145473,1.379387466,0.00312985,2.431e-13,0.424870323,0.001946325,0.56790809,0.001007009,6.59412e-06,0.002663889,0.001597765,5.34876e-09,,99.84383735965892,0.9757036610420494,0.4139889054545454,0.9946371648396868,1.000000000469003,-4.687599197694681e-10
2740.4,4.391732647,1363.059007,2679.54894,0.22967849,0.721866009,-8.914717294,1.379420082,0.003136855,2.43346e-13,0.424399538,0.001944548,0.568373283,0.001008257,6.6049e-06,0.002667228,0.001600537,5.34553e-09,,99.59042303765254,0.975618164630351,0.41304818393939396,0.9946149013884471,1.0000000012457733,-1.245529901439113e-09
2738.0,4.391346638,1359.958101,2679.488737,0.229661253,0.721846509,-8.914887321,1.379452663,0.003143868,2.43592e-13,0.423928278,0.001942768,0.56883894,0.001009506,6.61569e-06,0.002670572,0.001603315,5.34228e-09,,99.33736687305566,0.9755324131918228,0.4121085154545454,0.9945925547912216,1.0000000000325235,-3.227995648558135e-11
2735.6,4.390959476,1356.860669,2679.428307,0.229644013,0.721827031,-8.915057383,1.379485211,0.003150889,2.43838e-13,0.423456544,0.001940985,0.569305062,0.001010758,6.62651e-06,0.002673922,0.001606098,5.33901e-09,,99.08466858672081,0.9754464056157213,0.41116989969696965,0.994570123934448,1.0000000008492538,-8.490099734359546e-10
2733.2,4.390571155,1353.766711,2679.36765,0.229626772,0.721807574,-8.915227479,1.379517725,0.003157919,2.44085e-13,0.422984335,0.001939199,0.569771649,0.001012011,6.63734e-06,0.002677278,0.001608886,5.33573e-09,,98.83232927879088,0.9753601405691533,0.41023233666666664,0.9945476088181264,1.000000000675974,-6.75729916466139e-10
2730.8,4.39018167,1350.676226,2679.306764,0.229609528,0.72178814,-8.915397609,1.379550204,0.003164957,2.44332e-13,0.422511652,0.00193741,0.570238702,0.001013266,6.6482e-06,0.002680639,0.001611678,5.33244e-09,,98.58039445260924,0.9752736169413748,0.40929582606060605,0.9945250086998818,1.0000000005326841,-5.324398699713129e-10
2728.4,4.389791017,1347.589213,2679.245649,0.229592281,0.721768728,-8.915567773,1.379582649,0.003172004,2.44579e-13,0.422038494,0.001935619,0.570706219,0.001014523,6.65907e-06,0.002684005,0.001614476,5.32913e-09,,98.32881926154148,0.975186833843791,0.40836036757575755,0.9945023235797145,1.0000000003993745,-3.991298402894472e-10
2726.0,4.389399189,1344.505673,2679.184304,0.229575033,0.721749338,-8.915737971,1.37961506,0.003179059,2.44827e-13,0.421564862,0.001933824,0.571174201,0.001015782,6.66997e-06,0.002687377,0.001617279,5.32581e-09,,98.07760294601158,0.9750997897213597,0.4074259615151515,0.9944795530864367,1.0000000002960547,-2.9580982108257103e-10
2723.6,4.389006183,1341.425604,2679.122726,0.229557782,0.72172997,-8.915908205,1.379647436,0.003186123,2.45076e-13,0.421090755,0.001932027,0.571642649,0.001017043,6.68088e-06,0.002690754,0.001620087,5.32247e-09,,97.82676965001289,0.9750124839076348,0.4064926072727273,0.9944566961064863,1.000000001202715,-1.2024699014290263e-09
2721.2,4.388611991,1338.349006,2679.060916,0.229540529,0.721710624,-8.916078473,1.379679777,0.003193196,2.45325e-13,0.420616174,0.001930226,0.572111561,0.001018306,6.69182e-06,0.002694136,0.0016229,5.31911e-09,,97.57631833553896,0.9749249146254257,0.4055603048484848,0.9944337530110506,1.0000000001393552,-1.3911005680711241e-10
2718.8,4.38821661,1335.275878,2678.998872,0.229523274,0.721691302,-8.916248776,1.379712084,0.003200278,2.45574e-13,0.420141118,0.001928423,0.572580938,0.00101957,6.70277e-06,0.002697525,0.001625717,5.31575e-09,,97.3262277883321,0.974837081208286,0.4046290539393939,0.994410723057755,0.9999999990859955,9.142501200543052e-10
2716.4,4.387820034,1332.20622,2678.936593,0.229506016,0.721672001,-8.916419113,1.379744356,0.003207368,2.45823e-13,0.419665589,0.001926617,0.57305078,0.001020837,6.71375e-06,0.002700918,0.00162854,5.31236e-09,,97.07652004925299,0.974748982323323,0.40369885454545457,0.9943876058754118,1.000000000062606,-6.236011707017042e-11
2714.0,4.387422257,1329.140032,2678.874078,0.229488756,0.721652724,-8.916589487,1.379776592,0.003214467,2.46073e-13,0.419189585,0.001924808,0.573521086,0.001022105,6.72474e-06,0.002704317,0.001631368,5.30896e-09,,96.82717337104738,0.9746606166376438,0.40276970666666667,0.9943644010928335,0.999999999049206,9.510401355328213e-10
2711.6,4.387023275,1326.077312,2678.811326,0.229471494,0.721633469,-8.916759894,1.379808793,0.003221576,2.46324e-13,0.418713106,0.001922997,0.573991857,0.001023376,6.73576e-06,0.002707722,0.001634201,5.30555e-09,,96.57818743491232,0.974571983262653,0.40184160969696964,0.994341108338833,1.0000000000657965,-6.555000986452342e-11
2709.2,4.386623081,1323.018061,2678.748335,0.229454229,0.721614238,-8.916930338,1.379840959,0.003228693,2.46575e-13,0.418236154,0.001921182,0.574463092,0.001024648,6.7468e-06,0.002711132,0.001637039,5.30212e-09,,96.3295851088871,0.9744830806433092,0.40091456393939395,0.9943177268710353,0.9999999991023666,8.978799925785097e-10
2706.8,4.386221671,1319.962278,2678.685104,0.229436962,0.721595029,-8.917100818,1.379873089,0.00323582,2.46826e-13,0.417758728,0.001919364,0.574934792,0.001025923,6.75785e-06,0.002714548,0.001639882,5.29868e-09,,96.0813448982848,0.9743939078910172,0.3999885690909091,0.9942942563182526,1.0000000001489269,-1.4867995723477634e-10
2704.4,4.385819038,1316.909963,2678.621633,0.229419692,0.721575844,-8.917271332,1.379905183,0.003242955,2.47078e-13,0.417280828,0.001917544,0.575406956,0.001027199,6.76893e-06,0.002717969,0.00164273,5.29522e-09,,95.83348838023828,0.9743044634507351,0.39906362515151517,0.9942706966804854,1.0000000002254672,-2.2522006482006418e-10
2702.0,4.385415178,1313.861115,2678.55792,0.22940242,0.721556682,-8.917441883,1.379937242,0.0032501,2.4733e-13,0.416802454,0.001915721,0.575879584,0.001028477,6.78003e-06,0.002721396,0.001645584,5.29174e-09,,95.58597217616587,0.9742147464338676,0.3981397318181818,0.9942470472153586,1.0000000013219874,-1.3217400507414823e-09
2699.6,4.385010085,1310.815734,2678.493964,0.229385146,0.721537544,-8.91761247,1.379969265,0.003257254,2.47583e-13,0.416323606,0.001913894,0.576352676,0.001029757,6.79114e-06,0.002724828,0.001648442,5.28825e-09,,95.33886226236231,0.9741247555075224,0.3972168890909091,0.9942233075516846,0.9999999994284975,5.717500917157281e-10
2697.2,4.384603754,1307.77382,2678.429763,0.229367869,0.721518429,-8.917783092,1.380001252,0.003264417,2.47836e-13,0.415844284,0.001912065,0.576826233,0.001031039,6.80228e-06,0.002728266,0.001651305,5.28475e-09,,95.092114708193,0.9740344895609548,0.39629509696969695,0.994199476947089,0.9999999995649979,4.352499471949045e-10
2694.8,4.384196178,1304.735371,2678.365318,0.22935059,0.721499338,-8.917953751,1.380033202,0.00327159,2.48089e-13,0.415364489,0.001910233,0.577300253,0.001032323,6.81344e-06,0.002731709,0.001654174,5.28123e-09,,94.84573024330382,0.9739439470391238,0.3953743548484848,0.9941755557727588,0.999999999721478,2.7877011810062413e-10
2692.4,4.383787352,1301.700388,2678.300625,0.229333308,0.721480271,-8.918124446,1.380065116,0.003278772,2.48343e-13,0.414884221,0.001908398,0.577774736,0.001033609,6.82462e-06,0.002735158,0.001657047,5.27769e-09,,94.59973062515341,0.9738531268312849,0.394454663030303,0.9941515425439443,0.9999999988979383,1.1023100210394432e-09
2690.0,4.383377271,1298.668871,2678.235685,0.229316024,0.721461227,-8.918295177,1.380096994,0.003285963,2.48597e-13,0.414403479,0.00190656,0.578249684,0.001034897,6.83582e-06,0.002738613,0.001659926,5.27414e-09,,94.35407287675189,0.9737620278266943,0.39353602151515155,0.9941274376318333,1.0000000000943885,-9.41400291054606e-11
2687.6,4.382965929,1295.640819,2678.170496,0.229298737,0.721442208,-8.918465946,1.380128835,0.003293164,2.48852e-13,0.413922264,0.00190472,0.578725094,0.001036187,6.84704e-06,0.002742073,0.00166281,5.27058e-09,,94.10880058033976,0.9736706486924591,0.39261842999999996,0.9941032402940506,1.000000000310829,-3.105800061575792e-10
2685.2,4.382553321,1292.616231,2678.105057,0.229281448,0.721423213,-8.918636751,1.380160639,0.003300375,2.49107e-13,0.413440576,0.001902876,0.579200968,0.001037479,6.85828e-06,0.002745539,0.001665699,5.26699e-09,,93.86389207734373,0.9735789883178352,0.39170188818181817,0.9940789501594087,1.0000000005472391,-5.469900088428403e-10
2682.8,4.38213944,1289.595108,2678.039366,0.229264156,0.721404243,-8.918807593,1.380192407,0.003307595,2.49363e-13,0.412958415,0.00190103,0.579677305,0.001038772,6.86954e-06,0.002749011,0.001668593,5.2634e-09,,93.61934807886732,0.9734870451477813,0.3907863963636364,0.9940545664855329,1.0000000008036494,-8.034000131829089e-10
2680.4,4.381724281,1286.577449,2677.973423,0.229246862,0.721385296,-8.918978472,1.380224137,0.003314825,2.49619e-13,0.412475782,0.00189918,0.580154105,0.001040068,6.88083e-06,0.002752488,0.001671492,5.25979e-09,,93.3751892307742,0.9733948180715528,0.3898719542424242,0.9940300892724232,1.0000000010900396,-1.0897900359907453e-09
2678.0,4.381307838,1283.563254,2677.907226,0.229229565,0.721366375,-8.919149388,1.380255831,0.003322065,2.49876e-13,0.411992676,0.001897328,0.580631367,0.001041366,6.89213e-06,0.00275597,0.001674396,5.25616e-09,,93.13141659079727,0.9733023057562571,0.3889585618181818,0.9940055177777046,1.00000000038641,-3.861599928711712e-10
2675.6,4.380890105,1280.552523,2677.840774,0.229212266,0.721347478,-8.919320342,1.380287486,0.003329315,2.50133e-13,0.411509097,0.001895473,0.581109092,0.001042665,6.90345e-06,0.002759459,0.001677305,5.25252e-09,,92.88798775287907,0.9732095068690015,0.3880462190909091,0.9939808516301899,0.9999999997027701,2.974800406008171e-10
2673.2,4.380471077,1277.545255,2677.774066,0.229194964,0.721328606,-8.919491333,1.380319104,0.003336574,2.5039e-13,0.411025046,0.001893614,0.58158728,0.001043967,6.9148e-06,0.002762953,0.00168022,5.24886e-09,,92.64492357461492,0.9731164202990421,0.38713492575757574,0.9939560904586915,1.0000000000491105,-4.886002713533344e-11
2670.8,4.380050748,1274.54145,2677.7071,0.22917766,0.721309759,-8.919662362,1.380350685,0.003343844,2.50648e-13,0.410540523,0.001891753,0.582065929,0.00104527,6.92616e-06,0.002766453,0.001683139,5.24518e-09,,92.40224626464703,0.9730230447134857,0.3862246818181818,0.9939312335208346,0.9999999984054305,1.5948201648186e-09
2668.4,4.379629111,1271.541108,2677.639875,0.229160352,0.721290936,-8.919833429,1.380382227,0.003351123,2.50906e-13,0.410055529,0.00188989,0.582545041,0.001046576,6.93755e-06,0.002769958,0.001686064,5.2415e-09,,92.15993456348247,0.9729293785572907,0.38531548727272724,0.9939062804454315,1.0000000007917509,-7.914999766711617e-10
2666.0,4.379206161,1268.544229,2677.572391,0.229143043,0.72127214,-8.920004534,1.380413732,0.003358413,2.51165e-13,0.409570062,0.001888023,0.583024614,0.001047883,6.94896e-06,0.002773469,0.001688994,5.23779e-09,,91.91798820319207,0.9728354207197132,0.38440734212121214,0.9938812312324826,0.9999999991980413,8.022099651228132e-10
2663.6,4.378781892,1265.550813,2677.504645,0.22912573,0.721253368,-8.920175676,1.380445199,0.003365712,2.51424e-13,0.409084124,0.001886153,0.583504648,0.001049193,6.96039e-06,0.002776986,0.001691929,5.23407e-09,,91.67640806018328,0.9727411698678604,0.3835002463636364,0.9938560847684252,0.9999999986243213,1.3759300365734362e-09
2661.2,4.378356298,1262.560859,2677.436636,0.229108415,0.721234622,-8.920346857,1.380476627,0.003373022,2.51683e-13,0.408597715,0.00188428,0.583985144,0.001050504,6.97183e-06,0.002780509,0.00169487,5.23034e-09,,91.43517437223815,0.9726466246688394,0.3825941996969697,0.9938308406820722,0.9999999990605918,9.39660016463506e-10
2658.8,4.377929373,1259.574367,2677.368364,0.229091098,0.721215902,-8.920518077,1.380508017,0.003380342,2.51943e-13,0.408110835,0.001882405,0.584466102,0.001051818,6.98331e-06,0.002784037,0.001697815,5.22658e-09,,91.19434743267735,0.9725517837897573,0.3816892021212121,0.9938054989734234,1.000000000536832,-5.36580113674745e-10
2656.4,4.377501111,1256.591338,2677.299826,0.229073777,0.721197207,-8.920689335,1.380539368,0.003387673,2.52204e-13,0.407623484,0.001880526,0.584947519,0.001053133,6.9948e-06,0.002787571,0.001700766,5.22282e-09,,90.95386710124937,0.9724566458977214,0.38078525393939394,0.9937800585289166,0.9999999990230721,9.771800035807132e-10
2654.0,4.377071506,1253.61177,2677.231022,0.229056454,0.721178538,-8.920860631,1.380570681,0.003395013,2.52465e-13,0.407135663,0.001878645,0.585429398,0.001054451,7.00631e-06,0.002791111,0.001703722,5.21903e-09,,90.71375418239091,0.9723612096598389,0.37988235454545455,0.9937545193485517,1.0000000015292825,-1.5290300137138502e-09
2651.6,4.376640551,1250.635664,2677.16195,0.229039129,0.721159896,-8.921031967,1.380601955,0.003402365,2.52726e-13,0.406647371,0.001876761,0.585911737,0.00105577,7.01784e-06,0.002794656,0.001706683,5.21524e-09,,90.47402843992562,0.9722654735210678,0.3789805042424242,0.993728880689954,1.0000000010554926,-1.0552398954644104e-09
2649.2,4.376208241,1247.663021,2677.092609,0.2290218,0.721141279,-8.921203341,1.38063319,0.003409726,2.52988e-13,0.406158609,0.001874873,0.586394535,0.001057091,7.0294e-06,0.002798208,0.001709649,5.21142e-09,,90.23464948449947,0.9721694363706643,0.37807970333333335,0.9937031421819358,0.999999999611673,3.885800570202491e-10
2646.8,4.37577457,1244.693839,2677.022998,0.229004469,0.721122689,-8.921374755,1.380664385,0.003417099,2.5325e-13,0.405669377,0.001872983,0.586877794,0.001058415,7.04097e-06,0.002801765,0.00171262,5.20759e-09,,89.99565870907959,0.9720730968757358,0.3771799512121212,0.9936773034533098,1.0000000001778433,-1.775899427514105e-10
2644.4,4.37533953,1241.728118,2676.953115,0.228987135,0.721104125,-8.921546208,1.380695541,0.003424482,2.53513e-13,0.405179675,0.00187109,0.587361512,0.00105974,7.05257e-06,0.002805328,0.001715597,5.20375e-09,,89.75701541947194,0.9719764532590915,0.37628124787878786,0.9936513637617013,0.9999999997740034,2.2625001872000894e-10
2642.0,4.374903117,1238.76586,2676.882959,0.228969798,0.721085587,-8.921717701,1.380726658,0.003431875,2.53776e-13,0.404689505,0.001869194,0.587845689,0.001061067,7.06419e-06,0.002808896,0.001718579,5.19989e-09,,89.51876026653171,0.9718795046321363,0.3753835939393939,0.9936253227359226,0.9999999993901437,6.101100735733667e-10
2639.6,4.374465323,1235.807063,2676.812529,0.228952459,0.721067076,-8.921889233,1.380757735,0.00343928,2.5404e-13,0.404198865,0.001867296,0.588330325,0.001062397,7.07583e-06,0.002812471,0.001721566,5.19601e-09,,89.28085366538205,0.9717822492176799,0.3744869887878788,0.9935991800047863,1.0000000010262642,-1.0260101657166842e-09
2637.2,4.374026143,1232.851727,2676.741823,0.228935116,0.721048593,-8.922060805,1.380788772,0.003446695,2.54304e-13,0.403707756,0.001865394,0.58881542,0.001063728,7.08749e-06,0.002816051,0.001724558,5.19212e-09,,89.04333487010288,0.971684685904978,0.3735914324242424,0.9935729348259177,0.9999999996823743,3.17880055611397e-10
2634.8,4.37358557,1229.899853,2676.67084,0.228917771,0.721030136,-8.922232418,1.38081977,0.003454121,2.54568e-13,0.403216179,0.001863489,0.589300972,0.001065061,7.09917e-06,0.002819637,0.001727556,5.18821e-09,,88.80616526715508,0.9715868131389892,0.37269692515151515,0.9935465868281294,0.9999999983584645,1.6417901482768116e-09
2632.4,4.373143598,1226.951441,2676.599578,0.228900423,0.721011706,-8.92240407,1.380850727,0.003461558,2.54833e-13,0.402724134,0.001861582,0.589786983,0.001066396,7.11088e-06,0.002823229,0.001730559,5.18429e-09,,88.56936443679797,0.9714886295868204,0.37180346696969696,0.993520135269046,0.9999999990645448,9.357100649864947e-10
2630.0,4.37270022,1224.00649,2676.528037,0.228883072,0.720993303,-8.922575762,1.380881644,0.003469006,2.55099e-13,0.402231621,0.001859671,0.590273452,0.001067734,7.1226e-06,0.002826827,0.001733567,5.18035e-09,,88.33293283115091,0.97139013369343,0.3709110575757576,0.9934935801486682,0.9999999997806053,2.1964974283861238e-10
2627.6,4.37225543,1221.065002,2676.456215,0.228865719,0.720974928,-8.922747495,1.38091252,0.003476466,2.55365e-13,0.401738641,0.001857758,0.590760377,0.001069073,7.13435e-06,0.002830431,0.00173658,5.17639e-09,,88.09687043914606,0.9712913241259254,0.3700196975757576,0.9934669207246207,0.9999999995266453,4.736100400748455e-10
2625.2,4.371809222,1218.126975,2676.38411,0.228848362,0.72095658,-8.922919269,1.380943355,0.003483936,2.55631e-13,0.401245193,0.001855842,0.59124776,0.001070414,7.14612e-06,0.002834041,0.001739598,5.17242e-09,,87.8611773118945,0.9711921995514138,0.36912938636363635,0.9934401562545286,0.9999999992926756,7.075799945965855e-10
2622.8,4.371361589,1215.192409,2676.311721,0.228831003,0.72093826,-8.923091083,1.380974151,0.003491418,2.55898e-13,0.400751279,0.001853923,0.591735599,0.001071758,7.15791e-06,0.002837656,0.001742622,5.16843e-09,,87.62585397993462,0.9710927584148531,0.3682401239393939,0.9934132863672048,1.000000000078686,-7.842992921780478e-11
2620.4,4.370912524,1212.261306,2676.239047,0.22881364,0.720919968,-8.923262939,1.381004905,0.003498911,2.56165e-13,0.400256898,0.001852001,0.592223895,0.001073103,7.16972e-06,0.002841277,0.001745651,5.16443e-09,,87.39090031342101,0.9709929991612021,0.3673519109090909,0.9933863106914615,0.9999999998846862,1.1556999801598522e-10
2618.0,4.370462021,1209.333665,2676.166086,0.228796275,0.720901704,-8.923434835,1.381035617,0.003506415,2.56433e-13,0.399762051,0.001850076,0.592712646,0.00107445,7.18155e-06,0.002844905,0.001748685,5.16041e-09,,87.15629769765017,0.9708929204575676,0.366464746969697,0.9933592284849242,0.9999999997106663,2.895900186317135e-10
2615.6,4.370010074,1206.409486,2676.092836,0.228778907,0.720883468,-8.923606773,1.381066289,0.003513931,2.56701e-13,0.399266738,0.001848148,0.593201853,0.0010758,7.19341e-06,0.002848538,0.001751725,5.15638e-09,,86.9220649025065,0.9707925209710571,0.3655786321212121,0.9933320390052176,1.0000000005666365,-5.663798319233138e-10
2613.2,4.369556675,1203.48877,2676.019298,0.228761536,0.72086526,-8.923778753,1.381096919,0.003521458,2.5697e-13,0.39877096,0.001846217,0.593691514,0.001077151,7.20528e-06,0.002852177,0.00175477,5.15233e-09,,86.68820296872462,0.9706917989244801,0.36469356666666664,0.9933047426235296,0.999999999432587,5.676700221002307e-10
2610.8,4.369101818,1200.571516,2675.945468,0.228744161,0.720847081,-8.923950774,1.381127507,0.003528997,2.57239e-13,0.398274717,0.001844283,0.594181631,0.001078505,7.21718e-06,0.002855822,0.00175782,5.14826e-09,,86.45471120711153,0.9705907529849436,0.3638095503030303,0.99327733785511,1.0000000003285172,-3.2825986373552496e-10
2608.4,4.368645497,1197.657724,2675.871345,0.228726784,0.72082893,-8.924122836,1.381158054,0.003536547,2.57508e-13,0.397778009,0.001842347,0.594672202,0.00107986,7.2291e-06,0.002859473,0.001760875,5.14418e-09,,86.22159026717881,0.9704893818195548,0.362926583030303,0.9932498243287716,1.0000000002444376,-2.4418000954540275e-10
2606.0,4.368187705,1194.747396,2675.796929,0.228709404,0.720810807,-8.924294941,1.381188558,0.003544109,2.57778e-13,0.397280837,0.001840407,0.595163226,0.001081218,7.24104e-06,0.00286313,0.001763936,5.14008e-09,,85.9888214580511,0.9703876838732722,0.36204466545454544,0.9932222020445145,1.000000000180338,-1.8008017299564472e-10
2603.6,4.367728434,1191.840531,2675.722218,0.228692021,0.720792714,-8.924467088,1.381219021,0.003551683,2.58049e-13,0.396783202,0.001838465,0.595654704,0.001082577,7.25301e-06,0.002866793,0.001767002,5.13596e-09,,85.7564237816853,0.970285657368905,0.3611637972727273,0.9931944702599635,1.0000000011462182,-1.1459602156094206e-09
2601.2,4.367267679,1188.937129,2675.647209,0.228674634,0.720774649,-8.924639277,1.381249441,0.003559269,2.5832e-13,0.396285102,0.00183652,0.596146635,0.001083939,7.26499e-06,0.002870461,0.001770073,5.13183e-09,,85.52441574215057,0.9701833011957097,0.36028397848484844,0.9931666278615567,1.0000000001220883,-1.2183010156263663e-10
2598.8,4.366805432,1186.037191,2675.571903,0.228657245,0.720756614,-8.924811509,1.381279819,0.003566867,2.58592e-13,0.39578654,0.001834571,0.596639018,0.001085302,7.277e-06,0.002874136,0.00177315,5.12768e-09,,85.29274194903302,0.9700806135764953,0.3594052093939394,0.9931386752204812,0.9999999991279386,8.72320105038682e-10
2596.4,4.366341686,1183.140716,2675.496296,0.228639853,0.720738608,-8.924983784,1.381310153,0.003574476,2.58864e-13,0.395287516,0.00183262,0.597131853,0.001086668,7.28903e-06,0.002877817,0.001776231,5.12352e-09,,85.06145834338251,0.9699775929562208,0.35852748969696974,0.9931106108519874,0.999999999153779,8.464797751628339e-10
2594.0,4.365876435,1180.247706,2675.420389,0.228622457,0.720720631,-8.925156101,1.381340445,0.003582098,2.59136e-13,0.394788029,0.001830666,0.59762514,0.001088036,7.30108e-06,0.002881504,0.001779319,5.11934e-09,,84.83050985663516,0.9698742380019926,0.35765082000000004,0.9930824351272627,1.000000000199599,-1.9933987793763208e-10
2591.6,4.365409671,1177.35816,2675.344178,0.228605058,0.720702684,-8.925328462,1.381370694,0.003589732,2.59409e-13,0.394288081,0.00182871,0.598118879,0.001089405,7.31315e-06,0.002885197,0.001782411,5.11514e-09,,84.59995180402228,0.9697705469366209,0.3567752,0.9930541465615574,1.0000000012653996,-1.265140214812277e-09
2589.2,4.364941389,1174.472079,2675.267663,0.228587657,0.720684767,-8.925500865,1.3814009,0.003597378,2.59682e-13,0.393787671,0.00182675,0.598613067,0.001090777,7.32525e-06,0.002888895,0.001785509,5.11093e-09,,84.36976497307292,0.9696665186493614,0.35590063,0.9930257451548716,0.9999999993611898,6.390699081038065e-10
2586.8,4.364471579,1171.589463,2675.190843,0.228570252,0.72066688,-8.925673312,1.381431062,0.003605036,2.59956e-13,0.393286801,0.001824787,0.599107706,0.001092151,7.33737e-06,0.0028926,0.001788612,5.1067e-09,,84.13993245218262,0.9695621509187259,0.35502711000000003,0.9929972305360175,0.9999999994769599,5.232999589210863e-10
2584.4,4.364000237,1168.710312,2675.113715,0.228552844,0.720649022,-8.925845803,1.381461181,0.003612707,2.60231e-13,0.392785471,0.001822822,0.599602795,0.001093527,7.34951e-06,0.002896311,0.00179172,5.10246e-09,,83.9104725179312,0.9694574428561193,0.35415463999999997,0.9929686015914332,1.0000000006127203,-6.124600826495907e-10
2582.0,4.363527354,1165.834628,2675.036278,0.228535432,0.720631195,-8.926018337,1.381491256,0.00362039,2.60505e-13,0.392283681,0.001820853,0.600098332,0.001094904,7.36167e-06,0.002900028,0.001794834,5.0982e-09,,83.68136696684215,0.9693523924622025,0.3532832206060606,0.9929398579499311,0.9999999987684605,1.2317999953381786e-09
2579.6,4.363052923,1162.962409,2674.958531,0.228518018,0.720613399,-8.926190916,1.381521287,0.003628086,2.60781e-13,0.391781432,0.001818882,0.600594319,0.001096284,7.37385e-06,0.002903751,0.001797953,5.09392e-09,,83.45263433820811,0.9692469981819336,0.3524128512121212,0.9929109992403238,0.9999999999441808,5.608014053137822e-11
2577.2,4.362576938,1160.093657,2674.880472,0.2285006,0.720595632,-8.926363538,1.381551274,0.003635794,2.61056e-13,0.391278724,0.001816907,0.601090753,0.001097666,7.38606e-06,0.00290748,0.001801078,5.08963e-09,,83.22425621388284,0.96914125868242,0.3515435324242424,0.9928820247202361,0.9999999991498911,8.503699966411205e-10
2574.8,4.36209939,1157.228372,2674.8021,0.228483179,0.720577897,-8.926536205,1.381581217,0.003643514,2.61333e-13,0.390775558,0.00181493,0.601587635,0.00109905,7.39829e-06,0.002911216,0.001804207,5.08532e-09,,82.99625132525455,0.9690351719643222,0.35067526424242423,0.9928529340184811,0.9999999993755813,6.246800854370349e-10
2572.4,4.361620274,1154.366555,2674.723412,0.228465755,0.720560192,-8.926708917,1.381611114,0.003651248,2.6161e-13,0.390271935,0.00181295,0.602084963,0.001100436,7.41054e-06,0.002914957,0.001807343,5.081e-09,,82.76860216564276,0.9689287369168964,0.349808046969697,0.9928237260214962,0.9999999996212615,3.790000535630611e-10
2570.0,4.361139581,1151.508205,2674.644408,0.228448327,0.720542518,-8.926881672,1.381640968,0.003658994,2.61887e-13,0.389767854,0.001810967,0.602582739,0.001101825,7.42281e-06,0.002918704,0.001810483,5.07665e-09,,82.54134350295637,0.9688219515408032,0.3489418803030303,0.9927944007292815,0.999999999886912,1.1334999605594476e-10
2567.6,4.360657304,1148.653324,2674.565086,0.228430897,0.720524876,-8.927054473,1.381670776,0.003666753,2.62165e-13,0.389263317,0.001808981,0.60308096,0.001103215,7.43511e-06,0.002922458,0.001813629,5.0723e-09,,82.31442317055846,0.968714814281001,0.3480767648484849,0.992764957399462,1.0000000001825622,-1.8229995291108025e-10
2565.2,4.360173437,1145.801911,2674.485444,0.228413462,0.720507265,-8.927227319,1.38170054,0.003674525,2.62443e-13,0.388758324,0.001806993,0.603579626,0.001104607,7.44742e-06,0.002926218,0.00181678,5.06792e-09,,82.0878769661235,0.968607323804597,0.3472127003030303,0.9927353952896628,1.0000000004881826,-4.87920148728449e-10
2562.8,4.359687971,1142.953968,2674.40548,0.228396025,0.720489685,-8.927400211,1.381730258,0.003682311,2.62722e-13,0.388252876,0.001805001,0.604078737,0.001106001,7.45976e-06,0.002929983,0.001819937,5.06353e-09,,81.86170393069817,0.9684994781122518,0.3463496872727273,0.9927057136575093,0.999999999823793,1.764697277195637e-10
2560.4,4.359200899,1140.109495,2674.325193,0.228378584,0.720472137,-8.927573147,1.381759931,0.003690109,2.63001e-13,0.387746973,0.001803007,0.604578292,0.001107398,7.47213e-06,0.002933755,0.001823098,5.05912e-09,,81.63590442631673,0.968391275648924,0.34548772575757575,0.9926759121318138,1.0000000001893832,-1.891200529513526e-10
2558.0,4.358712214,1137.268492,2674.244582,0.22836114,0.720454621,-8.92774613,1.381789557,0.00369792,2.6328e-13,0.387240616,0.001801009,0.60507829,0.001108796,7.48451e-06,0.002937533,0.001826266,5.0547e-09,,81.41044478963848,0.9682827148595716,0.34462681575757576,0.9926459903413888,0.9999999995649633,4.353000182533151e-10
2555.6,4.358221908,1134.430961,2674.163645,0.228343692,0.720437136,-8.927919157,1.381819139,0.003705745,2.63561e-13,0.386733805,0.001799009,0.605578731,0.001110197,7.49692e-06,0.002941318,0.001829438,5.05026e-09,,81.18535904297497,0.9681737939670046,0.34376695787878786,0.9926159475438598,0.9999999999705236,2.973998824984392e-11
2553.2,4.357729974,1131.596901,2674.082379,0.228326241,0.720419684,-8.928092232,1.381848674,0.003713583,2.63841e-13,0.386226541,0.001797006,0.606079615,0.001111599,7.50935e-06,0.002945108,0.001832616,5.0458e-09,,80.96064744844323,0.968064511416181,0.3429081518181818,0.9925857826256642,0.9999999993960639,6.042000233463796e-10
2550.8,4.357236404,1128.766313,2674.000784,0.228308787,0.720402264,-8.928265352,1.381878163,0.003721434,2.64123e-13,0.385718825,0.001795,0.60658094,0.001113004,7.5218e-06,0.002948905,0.0018358,5.04133e-09,,80.73627648775812,0.9679548654299106,0.3420503978787879,0.992555495586802,1.0000000008415941,-8.413298946408077e-10
2548.4,4.356741191,1125.939197,2673.918858,0.228291329,0.720384877,-8.928438519,1.381907605,0.003729299,2.64404e-13,0.385210658,0.001792991,0.607082705,0.001114411,7.53428e-06,0.002952707,0.001838989,5.03684e-09,,80.51229661992015,0.9678448544531516,0.341193696060606,0.9925250856848985,1.0000000003171043,-3.168401097042306e-10
2546.0,4.356244327,1123.115555,2673.836599,0.228273868,0.720367522,-8.928611733,1.381937001,0.003737177,2.64687e-13,0.384702039,0.001790979,0.607584911,0.001115819,7.54677e-06,0.002956516,0.001842183,5.03234e-09,,80.28867464079372,0.9677344767087134,0.340338046969697,0.9924945521775788,0.9999999988026048,1.1976598601748378e-09
2543.6,4.355745804,1120.295388,2673.754006,0.228256403,0.720350201,-8.928784993,1.38196635,0.003745069,2.64969e-13,0.38419297,0.001788965,0.608087557,0.00111723,7.55929e-06,0.002960332,0.001845382,5.02781e-09,,80.06541061581731,0.9676237304194059,0.33948345090909093,0.9924638946936553,1.0000000003180747,-3.178097784939382e-10
2541.2,4.355245614,1117.478695,2673.671076,0.228238935,0.720332912,-8.9289583,1.381995652,0.003752975,2.65252e-13,0.383683452,0.001786947,0.608590641,0.001118643,7.57184e-06,0.002964153,0.001848587,5.02328e-09,,79.84252098287503,0.9675126138080385,0.33862990757575756,0.9924331121195656,0.9999999998635452,1.3671996867969938e-10
2538.8,4.354743751,1114.665477,2673.587808,0.228221463,0.720315656,-8.929131655,1.382024907,0.003760894,2.65536e-13,0.383173484,0.001784927,0.609094163,0.001120058,7.5844e-06,0.002967981,0.001851798,5.01872e-09,,79.61997356387592,0.9674011255417183,0.33777741727272725,0.9924022040841227,1.0000000004189855,-4.18719947603563e-10
2536.4,4.354240205,1111.855736,2673.504201,0.228203987,0.720298434,-8.929305058,1.382054114,0.003768828,2.6582e-13,0.382663068,0.001782904,0.609598123,0.001121475,7.59699e-06,0.002971815,0.001855013,5.01415e-09,,79.39781739986029,0.9672892633989573,0.3369259806060606,0.9923711702161387,1.0000000000044158,-4.150013666048835e-12
2534.0,4.353734969,1109.049471,2673.420253,0.228186508,0.720281245,-8.929478507,1.382083274,0.003776775,2.66105e-13,0.382152205,0.001780878,0.610102519,0.001122895,7.6096e-06,0.002975655,0.001858234,5.00956e-09,,79.17602003798554,0.9671770258247137,0.3360755972727273,0.9923400097732389,1.000000000609826,-6.095599580646649e-10
2531.6,4.353228036,1106.246684,2673.335961,0.228169026,0.72026409,-8.929652005,1.382112385,0.003784736,2.6639e-13,0.381640895,0.001778849,0.610607351,0.001124316,7.62224e-06,0.002979502,0.001861461,5.00496e-09,,78.95456497360364,0.9670644112639462,0.33522626787878784,0.9923087216418613,1.0000000012452261,-1.2449596908936655e-09
2529.2,4.352719398,1103.447375,2673.251325,0.22815154,0.720246968,-8.92982555,1.382141449,0.003792712,2.66676e-13,0.381129138,0.001776817,0.611112619,0.001125739,7.63489e-06,0.002983354,0.001864693,5.00034e-09,,78.7335017071086,0.9669514179394639,0.33437799242424243,0.9922773058220055,0.9999999998906068,1.0965983676669566e-10
2526.8,4.352209045,1100.651546,2673.166342,0.22813405,0.720229881,-8.929999145,1.382170464,0.003800701,2.66962e-13,0.380616937,0.001774782,0.611618321,0.001127165,7.64757e-06,0.002987213,0.00186793,4.9957e-09,,78.51279761777243,0.9668380436297794,0.33353077151515154,0.9922457612001092,1.000000000565967,-5.657001533876382e-10
2524.4,4.351696971,1097.859196,2673.08101,0.228116556,0.720212828,-8.930172787,1.382199431,0.003808705,2.67249e-13,0.38010429,0.001772745,0.612124456,0.001128592,7.66028e-06,0.002991079,0.001871173,4.99104e-09,,78.29243651293628,0.9667242870019991,0.3326846048484849,0.9922140870337977,1.0000000002713072,-2.710398572247641e-10
2522.0,4.351183168,1095.070327,2672.995329,0.228099059,0.720195809,-8.930346478,1.382228349,0.003816723,2.67536e-13,0.3795912,0.001770704,0.612631024,0.001130022,7.673e-06,0.00299495,0.001874421,4.98637e-09,,78.07246745028831,0.966610146278933,0.331839493030303,0.992182283323071,0.9999999989866377,1.0136298467244842e-09
2519.6,4.350667627,1092.28494,2672.909296,0.228081558,0.720178826,-8.930520217,1.382257219,0.003824756,2.67824e-13,0.379077667,0.001768661,0.613138025,0.001131454,7.68575e-06,0.002998828,0.001877675,4.98168e-09,,77.85284209185662,0.9664956194612417,0.3309954363636364,0.9921503489543667,1.0000000007319478,-7.316800498813336e-10
2517.2,4.35015034,1089.503035,2672.822909,0.228064054,0.720161876,-8.930694007,1.382286039,0.003832803,2.68113e-13,0.378563692,0.001766615,0.613645456,0.001132888,7.69852e-06,0.003002713,0.001880934,4.97698e-09,,77.63357685124627,0.9663807047717349,0.33015243484848483,0.99211828318531,1.000000001497248,-1.4969800954389711e-09
2514.8,4.3496313,1086.724613,2672.736167,0.228046545,0.720144962,-8.930867845,1.38231481,0.003840865,2.68401e-13,0.378049275,0.001764566,0.614153318,0.001134324,7.71132e-06,0.003006603,0.001884198,4.97226e-09,,77.4147030061312,0.9662654006553709,0.32931048878787883,0.9920860856447135,1.0000000002925282,-2.9225999398363456e-10
2512.4,4.349110497,1083.949676,2672.649068,0.228029033,0.720128082,-8.931041733,1.382343531,0.003848942,2.68691e-13,0.377534417,0.001762514,0.61466161,0.001135762,7.72414e-06,0.0030105,0.001887468,4.96752e-09,,77.19617356897756,0.9661497048906613,0.3284695987878788,0.9920537555902021,1.0000000001077887,-1.0751999290903314e-10
2510.0,4.348587924,1081.178224,2672.56161,0.228011518,0.720111239,-8.931215671,1.382372203,0.003857033,2.68981e-13,0.37701912,0.001760459,0.61517033,0.001137202,7.73698e-06,0.003014404,0.001890743,4.96277e-09,,76.97800481725582,0.9660336159225651,0.32762976484848483,0.9920212922794012,0.999999999943039,5.723010954028496e-11
2507.6,4.348063572,1078.410258,2672.473791,0.227993998,0.72009443,-8.931389659,1.382400825,0.003865139,2.69271e-13,0.376503384,0.001758402,0.615679478,0.001138644,7.74984e-06,0.003018313,0.001894024,4.958e-09,,76.76021254787202,0.9659171317517424,0.3267909872727273,0.9919886949699356,0.9999999997982693,2.0199997230463396e-10
2505.2,4.347537434,1075.645778,2672.385609,0.227976475,0.720077657,-8.931563697,1.382429396,0.00387326,2.69562e-13,0.37598721,0.001756342,0.616189054,0.001140088,7.76273e-06,0.003022229,0.00189731,4.95321e-09,,76.54278075087394,0.965800250823152,0.3259532660606061,0.9919559629194308,1.0000000006834797,-6.832101551168535e-10
2502.8,4.3470095,1072.884787,2672.297063,0.227958947,0.72006092,-8.931737785,1.382457917,0.003881396,2.69853e-13,0.375470598,0.001754278,0.616699055,0.001141535,7.77564e-06,0.003026152,0.001900601,4.9484e-09,,76.32570954299885,0.9656829709153057,0.32511660212121213,0.9919230957566991,0.9999999995886699,4.115999763243394e-10
2500.4,4.346479762,1070.127285,2672.20815,0.227941416,0.720044219,-8.931911924,1.382486388,0.003889548,2.70145e-13,0.37495355,0.001752212,0.617209482,0.001142983,7.78858e-06,0.003030081,0.001903898,4.94358e-09,,76.10899942664354,0.965565290251013,0.3242809954545455,0.9918900923681784,0.9999999995238501,4.764199035278693e-10
2498.0,4.345948212,1067.373273,2672.11887,0.227923881,0.720027555,-8.932086113,1.382514808,0.003897714,2.70438e-13,0.374436067,0.001750144,0.617720333,0.001144434,7.80153e-06,0.003034016,0.001907201,4.93875e-09,,75.8926512129129,0.9654472070530833,0.32344644636363634,0.9918569527538685,1.0000000014690202,-1.4687497884580125e-09
2495.6,4.345414842,1064.622751,2672.029219,0.227906342,0.720010927,-8.932260355,1.382543176,0.003905896,2.70731e-13,0.373918149,0.001748072,0.618231607,0.001145887,7.81451e-06,0.003037958,0.001910509,4.93389e-09,,75.67666387200342,0.9653287195443266,0.3226129548484849,0.9918236754290198,1.0000000014441606,-1.443889896535211e-09
2493.2,4.344879643,1061.875722,2671.939196,0.2278888,0.719994335,-8.932434647,1.382571493,0.003914093,2.71024e-13,0.373399797,0.001745997,0.618743304,0.001147342,7.82752e-06,0.003041906,0.001913822,4.92902e-09,,75.46105297269953,0.9652098257254033,0.32178052181818184,0.9917902600224449,1.000000000449291,-4.4901993234702786e-10
2490.8,4.344342605,1059.132186,2671.8488,0.227871253,0.71997778,-8.932608991,1.382599758,0.003922306,2.71318e-13,0.372881013,0.00174392,0.619255422,0.001148799,7.84055e-06,0.00304586,0.001917141,4.92413e-09,,75.24580409022903,0.9650905233748254,0.3209491472727273,0.9917567061629562,1.0000000004744014,-4.7413006853958e-10
2488.4,4.343803722,1056.392144,2671.758027,0.227853702,0.719961262,-8.932783386,1.382627972,0.003930534,2.71613e-13,0.372361797,0.00174184,0.619767961,0.001150258,7.8536e-06,0.003049821,0.001920465,4.91923e-09,,75.03091699347483,0.9649708111597001,0.32011883151515147,0.991723012365804,1.0000000005195016,-5.19229770290508e-10
2486.0,4.343262984,1053.655598,2671.666877,0.227836147,0.719944782,-8.932957833,1.382656135,0.003938778,2.71908e-13,0.37184215,0.001739757,0.620280919,0.001151719,7.86667e-06,0.003053789,0.001923794,4.91431e-09,,74.81639184796973,0.9648506868585393,0.3192895751515152,0.9916891786309884,0.9999999995845819,4.1569014896936096e-10
2483.6,4.342720381,1050.922547,2671.575348,0.227818588,0.719928339,-8.933132333,1.382684244,0.003947037,2.72204e-13,0.371322073,0.001737671,0.620794296,0.001153182,7.87977e-06,0.003057763,0.001927129,4.90937e-09,,74.60222851468072,0.964730148249855,0.31846137787878787,0.9916552042161342,0.9999999986796424,1.3206298277168571e-09
2481.2,4.342175907,1048.192995,2671.483437,0.227801026,0.719911933,-8.933306885,1.382712301,0.003955312,2.725e-13,0.370801568,0.001735583,0.62130809,0.001154648,7.89289e-06,0.003061743,0.00193047,4.90441e-09,,74.38842784710302,0.9646091940007542,0.3176342409090909,0.9916210880076796,0.9999999997946825,2.0558998947706186e-10
2478.8,4.341629551,1045.466941,2671.391142,0.227783459,0.719895565,-8.93348149,1.382740306,0.003963604,2.72797e-13,0.370280635,0.001733492,0.621822302,0.001156115,7.90603e-06,0.00306573,0.001933816,4.89944e-09,,74.17498959175808,0.9644878216676003,0.3168081639393939,0.9915868292632494,1.0000000009297128,-9.294400804549241e-10
2476.4,4.341081306,1042.744387,2671.298462,0.227765888,0.719879235,-8.933656148,1.382768257,0.003971911,2.73094e-13,0.369759274,0.001731397,0.622336928,0.001157585,7.9192e-06,0.003069724,0.001937167,4.89445e-09,,73.96191319692637,0.9643660296953516,0.3159831475757576,0.9915524276116564,0.9999999990947231,9.055499683441326e-10
2474.0,4.340531161,1040.025335,2671.205395,0.227748313,0.719862943,-8.933830859,1.382796155,0.003980234,2.73392e-13,0.369237488,0.0017293,0.622851969,0.001159057,7.93239e-06,0.003073724,0.001940524,4.88945e-09,,73.74919989158772,0.964243815640371,0.31515919242424245,0.9915178823105253,0.9999999992797232,7.205501750817689e-10
2471.6,4.339979109,1037.309784,2671.111938,0.227730734,0.71984669,-8.934005624,1.382824,0.003988574,2.7369e-13,0.368715278,0.001727201,0.623367424,0.001160531,7.94561e-06,0.00307773,0.001943886,4.88442e-09,,73.53686410883596,0.9641211779476169,0.3143362981818182,0.9914831922462941,1.0000000004946936,-4.944200604484195e-10
2469.2,4.339425139,1034.597738,2671.01809,0.22771315,0.719830475,-8.934180442,1.382851792,0.003996929,2.73989e-13,0.368192643,0.001725098,0.623883291,0.001162007,7.95885e-06,0.003081743,0.001947254,4.87938e-09,,73.324876212353,0.9639981141734527,0.31351446606060607,0.9914483570477755,0.9999999997296539,2.706200818991533e-10
2466.8,4.338869244,1031.889196,2670.923849,0.227695563,0.719814299,-8.934355313,1.382879529,0.004005302,2.74289e-13,0.367669586,0.001722993,0.624399569,0.001163485,7.97211e-06,0.003085762,0.001950627,4.87433e-09,,73.1132662453982,0.9638746227628363,0.3126936957575758,0.9914133759725942,0.9999999989846043,1.015669881532233e-09
2464.4,4.338311415,1029.18416,2670.829212,0.227677971,0.719798162,-8.934530239,1.382907213,0.00401369,2.74589e-13,0.367146108,0.001720885,0.624916258,0.001164966,7.9854e-06,0.003089788,0.001954006,4.86925e-09,,72.90200482624213,0.963750701716429,0.3118739878787879,0.9913782479071884,1.0000000012695247,-1.2692500384048344e-09
2462.0,4.337751641,1026.482632,2670.734178,0.227660375,0.719782064,-8.93470522,1.382934842,0.004022095,2.74889e-13,0.366622209,0.001718774,0.625433355,0.001166448,7.99871e-06,0.003093821,0.00195739,4.86416e-09,,72.69110668713326,0.9636263485905936,0.311055343030303,0.9913429724803703,1.0000000005744347,-5.74159830790677e-10
2459.6,4.337189914,1023.784613,2670.638744,0.227642775,0.719766006,-8.934880255,1.382962416,0.004030517,2.7519e-13,0.36609789,0.00171666,0.625950861,0.001167933,8.01204e-06,0.00309786,0.001960779,4.85906e-09,,72.48058621047606,0.9635015616081397,0.31023776151515153,0.9913075485785775,0.9999999998993352,1.0094003410898722e-10
2457.2,4.336626225,1021.090104,2670.542909,0.22762517,0.719749987,-8.935055345,1.382989935,0.004038956,2.75492e-13,0.365573153,0.001714544,0.626468773,0.001169419,8.0254e-06,0.003101906,0.001964174,4.85393e-09,,72.27041497120261,0.9633763387697282,0.30942124363636364,0.991271975830623,0.9999999992542056,7.460698725481052e-10
2454.8,4.336060565,1018.399106,2670.44667,0.227607562,0.719734008,-8.93523049,1.3830174,0.004047411,2.75794e-13,0.365048,0.001712425,0.626987091,0.001170908,8.03878e-06,0.003105958,0.001967575,4.84879e-09,,72.06060768798585,0.9632506780760196,0.30860578969696967,0.9912362531229442,1.0000000006290657,-6.287899090295923e-10
2452.4,4.335492924,1015.711621,2670.350026,0.227589948,0.719718069,-8.93540569,1.383044809,0.004055883,2.76097e-13,0.36452243,0.001710303,0.627505813,0.001172399,8.05219e-06,0.003110017,0.00197098,4.84364e-09,,71.85117786369005,0.9631245773055259,0.3077914003030303,0.9912003800843537,0.9999999990339161,9.663599920273214e-10
2450.0,4.334923293,1013.027651,2670.252974,0.227572331,0.71970217,-8.935580946,1.383072162,0.004064373,2.764e-13,0.363996446,0.001708178,0.628024939,0.001173892,8.06561e-06,0.003114083,0.001974392,4.83846e-09,,71.64208424258433,0.9629980344589079,0.30697807606060606,0.9911643556012892,1.0000000004487364,-4.4846015789801186e-10
2447.6,4.334351662,1010.347197,2670.155512,0.227554709,0.719686312,-8.935756257,1.38309946,0.004072879,2.76704e-13,0.363470048,0.001706051,0.628544467,0.001175388,8.07907e-06,0.003118155,0.001977808,4.83327e-09,,71.4333823148154,0.9628710473146777,0.3061658172727273,0.9911281789313757,1.0000000009035468,-9.032699033184599e-10
2445.2,4.333778023,1007.670259,2670.057639,0.227537083,0.719670494,-8.935931625,1.383126702,0.004081403,2.77008e-13,0.362943237,0.00170392,0.629064395,0.001176885,8.09255e-06,0.003122234,0.001981231,4.82806e-09,,71.22501630102808,0.9627436140956442,0.30535462393939394,0.9910918497034261,0.9999999993783371,6.2194005501226e-10
2442.8,4.333202365,1004.996841,2669.959351,0.227519452,0.719654717,-8.93610705,1.383153887,0.004089944,2.77313e-13,0.362416016,0.001701787,0.629584724,0.001178385,8.10605e-06,0.003126319,0.001984658,4.82284e-09,,71.01704281256957,0.9626157323581714,0.30454449727272725,0.9910553664326904,0.9999999998731174,1.2715994923695462e-10
2440.4,4.33262468,1002.326942,2669.860648,0.227501817,0.719638981,-8.93628253,1.383181015,0.004098502,2.77619e-13,0.361888384,0.001699652,0.630105451,0.001179886,8.11957e-06,0.003130411,0.001988091,4.8176e-09,,70.80941977487885,0.9624874003250685,0.30373543696969696,0.9910187291191686,0.9999999993878775,6.124000195839585e-10
2438.0,4.332044957,999.6605657,2669.761526,0.227484178,0.719623286,-8.936458068,1.383208087,0.004107078,2.77925e-13,0.361360344,0.001697513,0.630626575,0.00118139,8.13312e-06,0.00313451,0.00199153,4.81234e-09,,70.60214714329032,0.9623586155526983,0.3029274441515152,0.9909819362781109,0.9999999999326178,6.766009974512599e-11
2435.6,4.331463188,996.9977122,2669.661983,0.227466534,0.719607633,-8.936633663,1.383235102,0.004115671,2.78232e-13,0.360831896,0.001695372,0.631148094,0.001182896,8.14669e-06,0.003138615,0.001994974,4.80706e-09,,70.39525295081786,0.9622293762638708,0.30212051884848484,0.9909449871671427,0.9999999984973383,1.5029398836574615e-09
2433.2,4.330879362,994.3383836,2669.562019,0.227448885,0.719592022,-8.936809315,1.383262059,0.004124282,2.78539e-13,0.360303043,0.001693228,0.631670009,0.001184404,8.16029e-06,0.003142728,0.001998423,4.80177e-09,,70.18870975567644,0.962099680014949,0.3013146616969697,0.9909078817862639,1.0000000000920486,-9.176992499249081e-11
2430.8,4.330293469,991.6825814,2669.461629,0.227431232,0.719576453,-8.936985025,1.383288958,0.004132911,2.78847e-13,0.359773784,0.001691082,0.632192317,0.001185914,8.17391e-06,0.003146846,0.002001878,4.79646e-09,,69.98254494677288,0.9619695245844447,0.30050987315151517,0.990870618279537,0.9999999997067388,2.935399701087249e-10
2428.4,4.329705501,989.0303071,2669.360812,0.227413574,0.719560925,-8.937160793,1.3833158,0.004141558,2.79155e-13,0.359244122,0.001688932,0.632715016,0.001187427,8.18756e-06,0.003150972,0.002005339,4.79113e-09,,69.77671763140539,0.9618389081951677,0.29970615366666664,0.990833196275775,1.0000000003514091,-3.5113001395359333e-10
2426.0,4.329115447,986.3815624,2669.259567,0.227395912,0.71954544,-8.937336618,1.383342583,0.004150223,2.79464e-13,0.358714058,0.00168678,0.633238107,0.001188941,8.20123e-06,0.003155104,0.002008804,4.78579e-09,,69.57128256474998,0.961707828403481,0.29890350375757574,0.9907956154037904,1.0000000000160696,-1.5790035945428826e-11
2423.6,4.328523298,983.736349,2669.15789,0.227378245,0.719529998,-8.937512503,1.383369308,0.004158906,2.79773e-13,0.358183592,0.001684625,0.633761586,0.001190458,8.21492e-06,0.003159243,0.002012276,4.78043e-09,,69.36618553478836,0.9615762832100453,0.29810192393939394,0.990757874178833,0.9999999997007097,2.99570035444674e-10
2421.2,4.327929043,981.0946685,2669.055779,0.227360573,0.719514598,-8.937688446,1.383395974,0.004167607,2.80084e-13,0.357652727,0.001682468,0.634285454,0.001191977,8.22864e-06,0.003163388,0.002015752,4.77505e-09,,69.16148046313744,0.9614442701712236,0.2973014146969697,0.9907199718585283,0.9999999994153302,5.84949866322404e-10
2418.8,4.327332673,978.4565225,2668.953233,0.227342897,0.719499242,-8.937864448,1.383422582,0.004176326,2.80394e-13,0.357121464,0.001680308,0.634809708,0.001193498,8.24238e-06,0.003167541,0.002019235,4.76966e-09,,68.95710081031189,0.9613117872876769,0.29650197651515153,0.9906819080716892,1.0000000011499404,-1.1496599228166815e-09
2416.4,4.326734177,975.8219129,2668.850249,0.227325216,0.719483929,-8.93804051,1.383449129,0.004185064,2.80705e-13,0.356589804,0.001678145,0.635334347,0.001195021,8.25614e-06,0.0031717,0.002022722,4.76425e-09,,68.75311307212456,0.9611788321157682,0.29570360996969697,0.9906436817047527,0.9999999999045308,9.574996351346954e-11
2414.0,4.326133546,973.1908413,2668.746824,0.22730753,0.719468659,-8.93821663,1.383475619,0.00419382,2.81017e-13,0.356057749,0.00167598,0.63585937,0.001196546,8.26993e-06,0.003175866,0.002026215,4.75882e-09,,68.54947760255953,0.9610454026561586,0.29490631554545454,0.9906052916441568,1.000000000689101,-6.888198900156794e-10
2411.6,4.32553077,970.5633094,2668.642957,0.22728984,0.719453433,-8.938392811,1.383502047,0.004202595,2.8133e-13,0.3555253,0.001673811,0.636384775,0.001198073,8.28375e-06,0.003180038,0.002029714,4.75337e-09,,68.34620725988337,0.9609114966873594,0.29411009375757574,0.9905667375187142,0.9999999995036513,4.966300704012383e-10
2409.2,4.324925838,967.9393191,2668.538645,0.227272145,0.719438251,-8.938569052,1.383528415,0.004211389,2.81643e-13,0.354992458,0.00167164,0.636910561,0.001199603,8.29759e-06,0.003184217,0.002033217,4.74791e-09,,68.14331569085941,0.9607771117657342,0.29331494518181817,0.9905280182148624,0.9999999983381916,1.6620900211705703e-09
2406.8,4.324318741,965.3188721,2668.433886,0.227254445,0.719423113,-8.938745353,1.383554724,0.004220201,2.81956e-13,0.354459225,0.001669467,0.637436727,0.001201134,8.31145e-06,0.003188404,0.002036727,4.74243e-09,,67.94075104182781,0.9606422458919434,0.29252087033333335,0.9904891329902265,1.0000000001927118,-1.924298498323651e-10
2404.4,4.323709468,962.7019702,2668.328678,0.22723674,0.71940802,-8.938921714,1.383580972,0.004229033,2.8227e-13,0.353925603,0.001667291,0.63796327,0.001202668,8.32534e-06,0.003192596,0.002040241,4.73694e-09,,67.73859096606928,0.9605068966223504,0.29172786975757575,0.9904500811024318,0.9999999990772221,9.230601838439156e-10
2402.0,4.323098009,960.0886153,2668.223017,0.22721903,0.719392971,-8.939098137,1.383607159,0.004237883,2.82585e-13,0.353391592,0.001665112,0.63849019,0.001204204,8.33925e-06,0.003196796,0.002043762,4.73143e-09,,67.53675790150015,0.9603710617354672,0.29093594403030304,0.9904108610667285,0.9999999999817125,1.8570034399090218e-11
2399.6,4.322484353,957.4788093,2668.116903,0.227201315,0.719377967,-8.939274621,1.383633284,0.004246753,2.829e-13,0.352857195,0.00166293,0.639017485,0.001205742,8.35319e-06,0.003201003,0.002047287,4.7259e-09,,67.3353036048811,0.9602347387876569,0.2901450937272727,0.9903714728831167,0.9999999999161829,8.409994922686792e-11
2397.68,4.32199184,955.3935211,2668.031673,0.22718714,0.719365996,-8.939415857,1.383654135,0.004253862,2.83153e-13,0.3524294,0.001661183,0.639439589,0.001206974,8.36435e-06,0.003204373,0.002050112,4.72146e-09,,67.17439433758112,0.9601253276126744,0.28951318821212124,0.9903398365779236,1.000000000071743,-7.145994906920805e-11
2395.376,4.321398953,952.8941757,2667.929032,0.227170126,0.71935167,-8.939585382,1.383679116,0.00426241,2.83457e-13,0.351915721,0.001659084,0.639946429,0.001208455,8.37778e-06,0.003208423,0.002053505,4.71612e-09,,66.9816263273262,0.9599936184734198,0.2887558108181818,0.9903017375282778,0.9999999994964035,5.038800487966455e-10
2393.072,4.320804015,950.398106,2667.825956,0.227153107,0.719337385,-8.939754969,1.383704034,0.004270975,2.83761e-13,0.35140169,0.001656983,0.640453611,0.001209937,8.39122e-06,0.003212479,0.002056904,4.71077e-09,,66.78918428076477,0.9598614537069636,0.2879994260606061,0.9902634770120973,0.9999999999310537,6.923006612424842e-11
2390.768,4.320207018,947.9053134,2667.722454,0.227136083,0.719323143,-8.939924613,1.383728894,0.004279559,2.84066e-13,0.350887308,0.001654879,0.640961132,0.001211421,8.40468e-06,0.003216541,0.002060308,4.7054e-09,,66.59708045560387,0.9597288315361153,0.2872440343636363,0.9902250583700689,0.9999999983856841,1.6146000092476243e-09
2388.464,4.319607951,945.4157997,2667.618523,0.227119055,0.719308943,-8.940094315,1.383753698,0.00428816,2.84371e-13,0.350372577,0.001652773,0.641468993,0.001212907,8.41817e-06,0.00322061,0.002063717,4.70002e-09,,66.40530240670155,0.9595957495172385,0.2864896362727273,0.9901864804886302,0.9999999998703044,1.2998002674180498e-10
2386.16,4.319006805,942.9295666,2667.514161,0.227102022,0.719294785,-8.940264074,1.383778443,0.00429678,2.84677e-13,0.349857497,0.001650665,0.64197719,0.001214396,8.43168e-06,0.003224685,0.002067131,4.69462e-09,,66.2138627816128,0.9594622056509934,0.2857362323030303,0.9901477426254066,1.0000000003749046,-3.7461989066400747e-10
2383.856,4.318403572,940.4466158,2667.409367,0.227084984,0.71928067,-8.940433893,1.38380313,0.004305418,2.84983e-13,0.34934207,0.001648554,0.642485724,0.001215886,8.44522e-06,0.003228767,0.002070549,4.6892e-09,,66.02276127734422,0.95932819816019,0.284983822969697,0.9901088444092107,0.9999999999094851,9.079992313587582e-11
2381.552,4.317798241,937.9669492,2667.304137,0.227067942,0.719266599,-8.940603769,1.383827758,0.004314074,2.8529e-13,0.348826298,0.001646441,0.642994592,0.001217378,8.45877e-06,0.003232855,0.002073973,4.68377e-09,,65.83198634316582,0.959193724601191,0.2842324088484849,0.9900697843552922,1.0000000004540552,-4.5376991053558413e-10
2379.248,4.317190803,935.4905686,2667.19847,0.227050894,0.71925257,-8.940773704,1.383852329,0.004322749,2.85598e-13,0.348310182,0.001644325,0.643503793,0.001218872,8.47235e-06,0.003236949,0.002077402,4.67832e-09,,65.64154970400911,0.9590587829746574,0.28348199048484846,0.9900305620924642,1.0000000000286058,-2.8320235045953268e-11
2376.944,4.316581249,933.0174758,2667.092363,0.227033843,0.719238585,-8.940943697,1.38387684,0.004331443,2.85906e-13,0.347793724,0.001642207,0.644013326,0.001220368,8.48596e-06,0.003241049,0.002080836,4.67286e-09,,65.45145167008147,0.95892337128125,0.28273256842424244,0.9899911765071645,1.000000000633146,-6.328602086824731e-10
2374.64,4.315969569,930.5476726,2666.985815,0.227016786,0.719224644,-8.941113751,1.383901292,0.004340155,2.86214e-13,0.347276924,0.001640086,0.644523188,0.001221866,8.49958e-06,0.003245156,0.002084274,4.66738e-09,,65.26169228573113,0.9587874872994805,0.28198414321212123,0.9899516272282051,0.9999999982476662,1.7526200490891597e-09
2372.336,4.315355753,928.0811609,2666.878823,0.226999725,0.719210747,-8.941283863,1.383925684,0.004348885,2.86524e-13,0.346759785,0.001637964,0.645033379,0.001223366,8.51323e-06,0.003249269,0.002087718,4.66189e-09,,65.07225957961825,0.9586511288078612,0.28123671542424244,0.9899119131420241,0.9999999988921764,1.1081101591869924e-09
2370.032,4.314739792,925.6179425,2666.771385,0.226982658,0.719196893,-8.941454035,1.383950017,0.004357635,2.86833e-13,0.346242309,0.001635838,0.645543897,0.001224869,8.5269e-06,0.003253389,0.002091167,4.65638e-09,,64.88315349923077,0.9585142938070524,0.2804902856060606,0.9898720335062465,1.000000000556667,-5.56380053140515e-10
2367.728,4.314121676,923.1580195,2666.663499,0.226965587,0.719183084,-8.941624268,1.383974289,0.004366404,2.87144e-13,0.345724496,0.001633711,0.646054741,0.001226373,8.54059e-06,0.003257515,0.00209462,4.65086e-09,,64.69439858740424,0.9583769800755664,0.2797448543939394,0.9898319875784974,1.0000000012411472,-1.2408600813529347e-09
2365.424,4.313501395,920.7013936,2666.555162,0.226948511,0.71916932,-8.94179456,1.383998503,0.004375191,2.87454e-13,0.345206347,0.001631581,0.646565908,0.001227879,8.55431e-06,0.003261647,0.002098079,4.64532e-09,,64.50596999119158,0.958239185391915,0.2790004223030303,0.9897917742452148,0.9999999999556075,4.467992642531726e-11
2363.12,4.31287894,918.2480668,2666.446373,0.22693143,0.7191556,-8.941964913,1.384022654,0.004383998,2.87766e-13,0.344687866,0.001629449,0.647077397,0.001229387,8.56804e-06,0.003265786,0.002101542,4.63976e-09,,64.31788094308543,0.9581009077567588,0.2782569899393939,0.9897513931352109,0.9999999996800478,3.202399456725402e-10
2360.816,4.3122543,915.7980411,2666.337128,0.226914344,0.719141926,-8.942135327,1.384046745,0.004392824,2.88078e-13,0.344169053,0.001627314,0.647589208,0.001230897,8.5818e-06,0.003269931,0.002105011,4.63419e-09,,64.13011860045731,0.9579621447264612,0.2775145579090909,0.9897108427637359,1.000000000434478,-4.3419001727329487e-10
2358.512,4.311627467,913.3513184,2666.227427,0.226897253,0.719128296,-8.942305801,1.384070776,0.00440167,2.8839e-13,0.34364991,0.001625177,0.648101337,0.001232409,8.59559e-06,0.003274083,0.002108484,4.6286e-09,,63.94269523169647,0.9578228945238316,0.2767731267878788,0.98967012313079,1.0000000002188885,-2.186000269688293e-10
2356.208,4.310998429,910.9079008,2666.117266,0.226880158,0.719114712,-8.942476338,1.384094744,0.004410535,2.88704e-13,0.343130438,0.001623038,0.648613784,0.001233923,8.6094e-06,0.003278241,0.002111963,4.623e-09,,63.755599178040974,0.9576831544830843,0.2760326972121212,0.9896292327516236,1.0000000010232888,-1.0230001290523205e-09
2353.904,4.310367177,908.4677901,2666.006643,0.226863057,0.719101174,-8.942646936,1.384118651,0.004419419,2.89017e-13,0.34261064,0.001620896,0.649126547,0.001235439,8.62323e-06,0.003282405,0.002115446,4.61738e-09,,63.56885414531024,0.9575429226048802,0.27529326972727275,0.9895881708838615,1.000000000847669,-8.473799439912e-10
2351.6,4.309733701,906.0309886,2665.895556,0.226845951,0.719087681,-8.942817596,1.384142496,0.004428323,2.89332e-13,0.342090516,0.001618752,0.649639623,0.001236957,8.63708e-06,0.003286576,0.002118934,4.61175e-09,,63.382436488445826,0.9574021966677311,0.27455484503030303,0.989546936785129,0.9999999996920393,3.082499810957984e-10
2349.296,4.309097991,903.5974982,2665.784003,0.22682884,0.719074235,-8.942988318,1.384166279,0.004437247,2.89646e-13,0.341570068,0.001616606,0.650153013,0.001238477,8.65095e-06,0.003290753,0.002122427,4.6061e-09,,63.1963580628268,0.9572609744501489,0.2738174236969697,0.9895055297130512,0.9999999995563896,4.439000278466665e-10
2346.992,4.308460037,901.1673209,2665.671981,0.226811724,0.719060835,-8.943159103,1.384189999,0.004446191,2.89962e-13,0.341049299,0.001614457,0.650666713,0.001239999,8.66485e-06,0.003294937,0.002125925,4.60044e-09,,63.01060711052903,0.9571192537306457,0.2730810063333334,0.9894639485540657,0.99999999945073,5.495599531002426e-10
2344.688,4.307819829,898.7404589,2665.559488,0.226794602,0.719047482,-8.94332995,1.384213657,0.004455154,2.90278e-13,0.340528209,0.001612306,0.651180722,0.001241523,8.67877e-06,0.003299127,0.002129428,4.59476e-09,,62.825195425330875,0.9569770322877333,0.2723455936060606,0.9894221925657978,0.9999999983650504,1.6352399434538256e-09
2342.384,4.307177356,896.3169143,2665.446522,0.226777476,0.719034175,-8.94350086,1.384237252,0.004464138,2.90594e-13,0.340006801,0.001610153,0.651695039,0.001243049,8.69272e-06,0.003303324,0.002132936,4.58906e-09,,62.64011152676989,0.9568343076777751,0.27161118615151514,0.9893802610058726,0.9999999993093508,6.909398608812012e-10
2340.08,4.306532609,893.8966891,2665.33308,0.226760344,0.719020916,-8.943671834,1.384260783,0.004473142,2.90911e-13,0.339485076,0.001607998,0.652209661,0.001244576,8.70668e-06,0.003307527,0.002136449,4.58335e-09,,62.455367324945676,0.9566910779014313,0.27087778457575756,0.9893381527607277,0.999999998263641,1.7366499349691367e-09
2337.776,4.305885577,891.4797855,2665.21916,0.226743208,0.719007704,-8.943842871,1.384284251,0.004482166,2.91229e-13,0.338963036,0.00160584,0.652724588,0.001246106,8.72067e-06,0.003311737,0.002139967,4.57763e-09,,62.27095083518662,0.9565473405150655,0.2701453895454546,0.9892958670879882,0.9999999992479213,7.523700551459456e-10
2335.472,4.305236249,889.0662058,2665.10476,0.226726066,0.718994539,-8.944013972,1.384307655,0.004491211,2.91547e-13,0.338440683,0.00160368,0.653239816,0.001247638,8.73469e-06,0.003315953,0.00214349,4.57189e-09,,62.08687376734882,0.9564030930750408,0.2694140017575758,0.9892534032452794,0.9999999992621815,7.381100175507527e-10
2333.168,4.304584616,886.6559519,2664.989876,0.226708918,0.718981422,-8.944185138,1.384330994,0.004500276,2.91866e-13,0.337918018,0.001601518,0.653755345,0.001249172,8.74872e-06,0.003320176,0.002147017,4.56613e-09,,61.90313642680807,0.9562583335820176,0.2686836217878788,0.9892107597478514,0.9999999992864218,7.138699631425993e-10
2330.864,4.303930667,884.2490262,2664.874508,0.226691766,0.718968353,-8.944356367,1.38435427,0.004509361,2.92186e-13,0.337395044,0.001599353,0.654271173,0.001250708,8.76278e-06,0.003324405,0.00215055,4.56036e-09,,61.71972715372887,0.9561130595923596,0.26795425036363635,0.9891679365957041,1.0000000003406522,-3.403599624363096e-10
2328.56,4.303274392,881.8454309,2664.758651,0.226674608,0.718955333,-8.944527663,1.384377479,0.004518468,2.92506e-13,0.336871761,0.001597186,0.654787297,0.001252246,8.77687e-06,0.003328641,0.002154087,4.55457e-09,,61.53665713032548,0.9559672688845781,0.26722588815151516,0.9891249319329007,0.9999999994248625,5.754300369531506e-10
2326.256,4.30261578,879.4451682,2664.642305,0.226657444,0.718942361,-8.944699022,1.384400625,0.004527595,2.92826e-13,0.336348173,0.001595017,0.655303716,0.001253786,8.79097e-06,0.003332883,0.002157629,4.54876e-09,,61.35392718969495,0.9558209590150367,0.26649853581818184,0.9890817457594409,0.9999999995190529,4.812399367892795e-10
2323.952,4.30195482,877.0482403,2664.525466,0.226640276,0.718929437,-8.944870447,1.384423705,0.004536743,2.93148e-13,0.33582428,0.001592846,0.655820429,0.001255327,8.8051e-06,0.003337132,0.002161176,4.54295e-09,,61.17152544846477,0.9556741275400983,0.265772194030303,0.989038376590575,0.9999999996432432,3.5705005618780206e-10
2321.648,4.301291502,874.6546495,2664.408132,0.226623102,0.718916563,-8.945041938,1.384446719,0.004545912,2.93469e-13,0.335300085,0.001590673,0.656337432,0.001256871,8.81925e-06,0.003341387,0.002164728,4.53711e-09,,60.98946351192356,0.9555267722382749,0.26504686348484846,0.9889948236839281,0.9999999997874035,2.128899279085772e-10
2319.344,4.300625816,872.2643981,2664.290301,0.226605922,0.718903738,-8.945213495,1.384469667,0.004555102,2.93792e-13,0.334775589,0.001588497,0.656854725,0.001258417,8.83343e-06,0.003345649,0.002168285,4.53126e-09,,60.80772981354623,0.9553788908880785,0.26432254487878787,0.9889510862971255,0.9999999999615538,3.874001119896775e-11
2317.04,4.299957751,869.8774884,2664.17197,0.226588737,0.718890962,-8.945385119,1.384492548,0.004564313,2.94115e-13,0.334250794,0.001586319,0.657372306,0.001259965,8.84762e-06,0.003349917,0.002171847,4.5254e-09,,60.62633606911422,0.9552304810458722,0.26359923890909087,0.9889071633166046,1.000000000145694,-1.4539991433082378e-10
2314.736,4.299287296,867.4939227,2664.053136,0.226571546,0.718878236,-8.945556808,1.384515364,0.004573546,2.94438e-13,0.333725703,0.001584139,0.657890172,0.001261514,8.86184e-06,0.003354192,0.002175414,4.51952e-09,,60.44527112358679,0.955081540268019,0.2628769462727273,0.9888630536288033,1.0000000003598144,-3.5951996935068564e-10
2312.432,4.29861444,865.1137034,2663.933797,0.22655435,0.71886556,-8.945728565,1.384538112,0.0045828,2.94763e-13,0.333200317,0.001581957,0.658408321,0.001263066,8.87609e-06,0.003358474,0.002178985,4.51362e-09,,60.26454578701003,0.9549320661108821,0.2621556676969697,0.9888187564913469,1.000000000603915,-6.036200428383154e-10
2310.128,4.297939173,862.7368329,2663.813952,0.226537149,0.718852934,-8.945900389,1.384560793,0.004592076,2.95087e-13,0.332674638,0.001579772,0.658926753,0.00126462,8.89036e-06,0.003362762,0.002182561,4.50771e-09,,60.08416008963248,0.9547820563529735,0.2614354039090909,0.9887742715330474,1.0000000008680052,-8.677101259735309e-10
2307.824,4.297261484,860.3633134,2663.693596,0.226519941,0.718840359,-8.94607228,1.384583407,0.004601373,2.95413e-13,0.332148668,0.001577586,0.659445464,0.001266175,8.90465e-06,0.003367056,0.002186142,4.50179e-09,,59.904114378344104,0.9546315085506565,0.2607161555757576,0.9887295968979682,1.0000000001520855,-1.5179013601596125e-10
2305.52,4.296581361,857.9931475,2663.572727,0.226502728,0.718827834,-8.94624424,1.384605952,0.004610692,2.95739e-13,0.331622409,0.001575397,0.659964452,0.001267733,8.91896e-06,0.003371357,0.002189728,4.49585e-09,,59.72439757168216,0.9544804200381453,0.25999792348484846,0.9886847318437342,0.9999999994561457,5.441500583458492e-10
2303.216,4.295898795,855.6263374,2663.451344,0.22648551,0.718815361,-8.946416267,1.38462843,0.004620033,2.96065e-13,0.331095863,0.001573206,0.660483717,0.001269293,8.9333e-06,0.003375665,0.002193319,4.48989e-09,,59.545009757355956,0.9543287888161003,0.2592807083030303,0.9886396759991578,1.000000000790186,-7.898899312408503e-10
2301.3728,4.295350975,853.7353075,2663.353856,0.226471731,0.718805419,-8.946553938,1.384646362,0.004627522,2.96327e-13,0.330674421,0.001571451,0.660899325,0.001270542,8.94478e-06,0.003379116,0.002196195,4.48511e-09,,59.40174555176509,0.954207091257094,0.25870766893939395,0.9886034896783712,0.9999999992654063,7.348900377124323e-10
2299.16096,4.294691508,851.4689101,2663.23645,0.226455191,0.718793531,-8.946719202,1.384667824,0.004636527,2.96642e-13,0.330168452,0.001569344,0.661398285,0.001272042,8.95859e-06,0.003383263,0.00219965,4.47937e-09,,59.23011229013373,0.9540605914503232,0.2580208818484849,0.9885599100462288,0.9999999990696666,9.306300174927173e-10
2296.94912,4.294029762,849.2056119,2663.118555,0.226438647,0.718781692,-8.946884529,1.384689222,0.004645552,2.96957e-13,0.329662223,0.001567235,0.661897495,0.001273545,8.97241e-06,0.003387416,0.00220311,4.47361e-09,,59.05878324131317,0.9539135853664232,0.2573350339090909,0.9885161489034302,1.0000000008839067,-8.836098519537927e-10
2294.73728,4.293365725,846.9454149,2663.000176,0.226422096,0.7187699,-8.94704992,1.384710556,0.004654598,2.97272e-13,0.329155736,0.001565124,0.662396951,0.001275049,8.98626e-06,0.003391575,0.002206574,4.46784e-09,,58.88776859440889,0.9537660703396083,0.2566501257272727,0.9884722081059125,0.9999999997281371,2.7216018327891334e-10
2292.52544,4.292699388,844.6883214,2662.881311,0.226405541,0.718758157,-8.947215375,1.384731825,0.004663665,2.97588e-13,0.328648994,0.001563011,0.662896652,0.001276555,9.00012e-06,0.00339574,0.002210043,4.46205e-09,,58.71705849424774,0.9536180443705389,0.255966158,0.9884280869113007,0.9999999995823476,4.17949896913683e-10
2290.3136,4.292030741,842.4343337,2662.761958,0.22638898,0.718746461,-8.947380894,1.384753031,0.004672753,2.97905e-13,0.328141998,0.001560897,0.663396597,0.001278063,9.01401e-06,0.003399911,0.002213516,4.45625e-09,,58.54666303563053,0.9534695052377273,0.2552831314242424,0.98838378457722,1.000000000466548,-4.662499275553955e-10
2288.10176,4.291359774,840.1834538,2662.642115,0.226372414,0.718734815,-8.947546479,1.384774171,0.004681861,2.98223e-13,0.32763475,0.00155878,0.663896784,0.001279572,9.02792e-06,0.003404088,0.002216993,4.45044e-09,,58.37658205336972,0.9533204507196855,0.25460104660606064,0.9883393003612956,0.9999999993707381,6.295600707417748e-10
2285.88992,4.290686478,837.9356842,2662.521779,0.226355842,0.718723217,-8.947712128,1.384795247,0.00469099,2.98541e-13,0.327127252,0.001556661,0.66439721,0.001281084,9.04185e-06,0.003408272,0.002220475,4.44461e-09,,58.20679508677496,0.9531708788170739,0.2539199043030303,0.9882946331499651,1.0000000002949085,-2.9460989203755616e-10
2283.67808,4.290010841,835.691027,2662.400948,0.226339265,0.718711668,-8.947877842,1.384816257,0.004700141,2.98859e-13,0.326619506,0.00155454,0.664897874,0.001282597,9.0558e-06,0.003412461,0.002223961,4.43877e-09,,58.037333165509885,0.9530207868641071,0.2532397051515151,0.9882497822008536,0.9999999992390689,7.612299679493617e-10
2281.46624,4.289332855,833.4494846,2662.279619,0.226322682,0.718700168,-8.948043623,1.384837201,0.004709312,2.99178e-13,0.326111514,0.001552418,0.665398773,0.001284112,9.06978e-06,0.003416657,0.002227451,4.43291e-09,,57.86817566007481,0.9528701730835945,0.2525604498787879,0.9882047464003988,0.9999999992132094,7.870898377504432e-10
2279.2544,4.288652509,831.2110593,2662.15779,0.226306094,0.718688717,-8.948209469,1.38485808,0.004718505,2.99498e-13,0.325603277,0.001550293,0.665899907,0.001285629,9.08377e-06,0.003420859,0.002230946,4.42704e-09,,57.69932254857799,0.9527190350318995,0.2518821391818182,0.988159525006226,0.9999999991973393,8.029601428205524e-10
2277.04256,4.287969793,828.9757533,2662.035459,0.226289501,0.718677317,-8.948375381,1.384878892,0.004727719,2.99818e-13,0.325094798,0.001548167,0.666401272,0.001287148,9.09779e-06,0.003425067,0.002234445,4.42116e-09,,57.53078417982914,0.9525673704875336,0.25120477372727273,0.9881141172759601,0.9999999992114599,7.888399933264623e-10
2274.83072,4.287284697,826.7435691,2661.912624,0.226272901,0.718665966,-8.94854136,1.384899638,0.004736955,3.00139e-13,0.324586078,0.001546039,0.666902868,0.001288669,9.11183e-06,0.003429281,0.002237949,4.41526e-09,,57.36255027628876,0.9524151772290089,0.25052835427272724,0.9880685224672263,1.00000000024556,-2.452598124591532e-10
2272.61888,4.28659721,824.514509,2661.789281,0.226256296,0.718654666,-8.948707406,1.384920317,0.004746212,3.0046e-13,0.32407712,0.001543909,0.667404692,0.001290191,9.12589e-06,0.003433501,0.002241457,4.40935e-09,,57.19463114695732,0.9522624528126888,0.2498528815151515,0.9880227390952748,1.0000000002996505,-2.9935010026349573e-10
2270.40704,4.285907323,822.2885753,2661.665429,0.226239686,0.718643415,-8.948873518,1.38494093,0.004755491,3.00782e-13,0.323567926,0.001541777,0.667906741,0.001291715,9.13997e-06,0.003437728,0.002244969,4.40342e-09,,57.02701674204983,0.9521091952392339,0.24917835615151518,0.9879767667889185,1.0000000003737208,-3.734199616189926e-10
2268.1952,4.285215025,820.0657704,2661.541065,0.22622307,0.718632216,-8.949039698,1.384961474,0.004764791,3.01104e-13,0.323058497,0.001539643,0.668409015,0.001293241,9.15407e-06,0.00344196,0.002248486,4.39748e-09,,56.85971692546563,0.9519554020650072,0.24850477890909092,0.9879306044345946,1.0000000004677811,-4.674800546666802e-10
2265.98336,4.284520306,817.8460968,2661.416187,0.226206448,0.718621067,-8.949205946,1.384981952,0.004774114,3.01427e-13,0.322548835,0.001537507,0.66891151,0.001294769,9.1682e-06,0.003446199,0.002252007,4.39153e-09,,56.692721528931536,0.9518010710685206,0.24783215054545457,0.9878842512899285,0.9999999995918314,4.084700355733162e-10
2263.77152,4.283823155,815.6295567,2661.290792,0.22618982,0.71860997,-8.949372262,1.38500236,0.004783458,3.01751e-13,0.322038943,0.00153537,0.669414226,0.001296299,9.18234e-06,0.003450444,0.002255532,4.38556e-09,,56.52604124630123,0.9516461998061375,0.2471604717272727,0.9878377062413579,1.0000000007258616,-7.25559834435785e-10
2261.55968,4.283123562,813.4161528,2661.164878,0.226173187,0.718598923,-8.949538646,1.385022701,0.004792825,3.02075e-13,0.321528823,0.00153323,0.669917159,0.00129783,9.19651e-06,0.003454695,0.002259061,4.37958e-09,,56.3596752722908,0.9514907860563696,0.24648974327272727,0.9877909685465079,0.9999999988898821,1.110419978189725e-09
2259.34784,4.282421517,811.2058873,2661.038442,0.226156548,0.718587929,-8.949705098,1.385042974,0.004802214,3.024e-13,0.321018477,0.001531089,0.670420308,0.001299363,9.2107e-06,0.003458952,0.002262595,4.37359e-09,,56.19361430170765,0.951334827597729,0.24581996584848484,0.9877440370918162,0.9999999990738925,9.264099487538147e-10
2257.136,4.28171701,808.9987629,2660.911482,0.226139903,0.718576986,-8.94987162,1.385063177,0.004811625,3.02726e-13,0.320507906,0.001528946,0.670923671,0.001300898,9.22491e-06,0.003463216,0.002266133,4.36758e-09,,56.02785804663567,0.9511783222087276,0.24515114027272727,0.9876969111349079,0.9999999992778826,7.224200126998426e-10
2254.92416,4.281010029,806.7947818,2660.783995,0.226123252,0.718566095,-8.95003821,1.385083311,0.004821058,3.03051e-13,0.319997113,0.001526801,0.671427246,0.001302435,9.23914e-06,0.003467486,0.002269676,4.36156e-09,,55.86240673844891,0.9510212672235795,0.2444832672121212,0.9876495895622205,1.0000000005018632,-5.015601267643888e-10
2252.71232,4.280300564,804.5939466,2660.655979,0.226106596,0.718555257,-8.950204871,1.385103375,0.004830514,3.03378e-13,0.3194861,0.001524655,0.67193103,0.001303974,9.2534e-06,0.003471762,0.002273222,4.35553e-09,,55.69727973809379,0.950863660420797,0.24381634745454545,0.9876020716313796,1.0000000007558334,-7.555300829409362e-10
2250.50048,4.279588605,802.3962599,2660.527431,0.226089933,0.718544471,-8.950371601,1.38512337,0.004839993,3.03705e-13,0.31897487,0.001522506,0.672435021,0.001305514,9.26767e-06,0.003476044,0.002276773,4.34948e-09,,55.53245781377472,0.9507054995788917,0.2431503817878788,0.9875543562288224,1.0000000000197837,-1.9479973190072997e-11
2248.28864,4.278874141,800.2017241,2660.398349,0.226073265,0.718533738,-8.950538401,1.385143294,0.004849494,3.04033e-13,0.318463423,0.001520356,0.672939218,0.001307056,9.28197e-06,0.003480332,0.002280328,4.34342e-09,,55.367950206722746,0.9505467822542271,0.24248537093939393,0.9875064426121742,0.9999999993137241,6.865800150634982e-10
2246.0768,4.278157162,798.0103417,2660.26873,0.22605659,0.718523059,-8.950705272,1.385163149,0.004859018,3.04361e-13,0.317951763,0.001518204,0.673443617,0.0013086,9.29629e-06,0.003484627,0.002283888,4.33734e-09,,55.20373812324049,0.9503875062253149,0.24182131566666668,0.9874583296678728,0.9999999996276444,3.726599029363342e-10
2243.86496,4.277437656,795.8221153,2660.138572,0.22603991,0.718512432,-8.950872213,1.385182932,0.004868565,3.0469e-13,0.317439892,0.00151605,0.673948218,0.001310146,9.31063e-06,0.003488927,0.002287451,4.33125e-09,,55.03985971712618,0.9502276688263693,0.24115821675757573,0.9874100166535433,0.9999999989615549,1.0387498639019555e-09
2241.65312,4.276715614,793.6370475,2660.007872,0.226023223,0.718501859,-8.951039226,1.385202644,0.004878136,3.0502e-13,0.316927811,0.001513895,0.674453017,0.001311694,9.32499e-06,0.003493234,0.002291019,4.32515e-09,,54.876276826043025,0.9500672680580514,0.240496075,0.9873615024556234,0.999999999315455,6.848500655465273e-10
2239.44128,4.275991023,791.4551408,2659.876627,0.226006531,0.71849134,-8.95120631,1.385222285,0.004887729,3.0535e-13,0.316415524,0.001511738,0.674958013,0.001313243,9.33937e-06,0.003497548,0.002294591,4.31903e-09,,54.712999192955245,0.9499063010324262,0.23983489115151516,0.9873127859605506,1.0000000006893355,-6.890299442119385e-10
2237.22944,4.275263874,789.2763979,2659.744836,0.225989832,0.718480875,-8.951373465,1.385241854,0.004897346,3.05681e-13,0.315903031,0.001509579,0.675463203,0.001314794,9.35377e-06,0.003501867,0.002298168,4.3129e-09,,54.55003587646274,0.9497447657501552,0.23917466603030305,0.9872638667971376,1.0000000000832057,-8.289990915955059e-11
2235.0176,4.274534156,787.1008212,2659.612494,0.225973128,0.718470465,-8.951540693,1.385261351,0.004906986,3.06012e-13,0.315390336,0.001507418,0.675968584,0.001316347,9.3682e-06,0.003506193,0.002301748,4.30676e-09,,54.38738693629408,0.9495826597676007,0.2385154003636364,0.9872147431094472,0.999999998507066,1.493239976113614e-09
2232.80576,4.273801857,784.9284134,2659.479601,0.225956417,0.718460109,-8.951707993,1.385280776,0.004916649,3.06344e-13,0.314877441,0.001505256,0.676474156,0.001317902,9.38265e-06,0.003510525,0.002305333,4.3006e-09,,54.22504333751932,0.9494199804189777,0.23785709496969695,0.9871654148974796,0.9999999999509064,4.939992859220865e-11
2230.59392,4.273066968,782.7591772,2659.346152,0.2259397,0.718449807,-8.951875366,1.385300128,0.004926336,3.06676e-13,0.314364348,0.001503092,0.676979915,0.001319459,9.39712e-06,0.003514863,0.002308922,4.29443e-09,,54.06301417906486,0.9492567257049467,0.23719975066666665,0.9871158803052973,1.0000000004147367,-4.144300458364114e-10
2228.38208,4.272329476,780.5931152,2659.212147,0.225922977,0.718439561,-8.952042812,1.385319407,0.004936047,3.0701e-13,0.31385106,0.001500926,0.677485859,0.001321017,9.41161e-06,0.003519208,0.002312515,4.28825e-09,,53.90129031204372,0.9490928927375731,0.23654336824242425,0.9870661393329004,1.000000000898557,-8.982501409349197e-10
2226.17024,4.271589371,778.43023,2659.077581,0.225906247,0.718429371,-8.952210331,1.385338612,0.004945782,3.07343e-13,0.313337578,0.001498758,0.677991986,0.001322577,9.42612e-06,0.003523559,0.002316112,4.28205e-09,,53.73988074886429,0.9489284792953688,0.2358879484848485,0.9870161901243518,1.0000000004023575,-4.020501709334212e-10
2223.9584,4.270846642,776.2705244,2658.942452,0.225889512,0.718419236,-8.952377924,1.385357744,0.004955541,3.07678e-13,0.312823904,0.001496589,0.678498294,0.001324139,9.44065e-06,0.003527916,0.002319713,4.27584e-09,,53.578785547489794,0.9487634829346974,0.23523349224242424,0.9869660319372765,0.9999999999261475,7.41601224873989e-11
2221.74656,4.270101278,774.1140009,2658.806757,0.22587277,0.718409156,-8.952545591,1.385376802,0.004965323,3.08013e-13,0.312310043,0.001494418,0.67900478,0.001325703,9.45521e-06,0.003532279,0.002323318,4.26962e-09,,53.418004750706395,0.9485979012119213,0.23458000027272727,0.9869156636581123,1.0000000004799279,-4.796198993517464e-10
2219.53472,4.269353268,771.9606623,2658.670495,0.225856021,0.718399133,-8.952713333,1.385395785,0.00497513,3.08348e-13,0.311795994,0.001492246,0.679511441,0.001327268,9.46978e-06,0.003536649,0.002326928,4.26338e-09,,53.257520156199945,0.9484317316834041,0.23392747342424242,0.9868650849156719,1.0000000000436884,-4.338018833038859e-11
2217.32288,4.268602601,769.8105114,2658.533662,0.225839266,0.718389167,-8.952881148,1.385414695,0.004984961,3.08684e-13,0.311281762,0.001490072,0.680018276,0.001328835,9.48438e-06,0.003541024,0.002330541,4.25713e-09,,53.09736791273903,0.9482649719055092,0.23327591254545454,0.9868142942252053,0.9999999986374387,1.3628699280232581e-09
2215.11104,4.267849264,767.6635507,2658.396255,0.225822505,0.718379257,-8.953049039,1.385433528,0.004994817,3.09021e-13,0.310767348,0.001487896,0.680525282,0.001330404,9.499e-06,0.003545407,0.002334159,4.25087e-09,,52.93750279743849,0.9480976189903013,0.23262531839393938,0.9867632904731504,0.9999999992511789,7.49130091293182e-10
2212.8992,4.267093248,765.5197831,2658.258272,0.225805738,0.718369404,-8.953217006,1.385452287,0.005004697,3.09358e-13,0.310252756,0.001485719,0.681032456,0.001331975,9.51364e-06,0.003549795,0.002337781,4.24459e-09,,52.7779612861675,0.9479296709384419,0.23197569184848485,0.986712072917132,0.9999999998848994,1.1541001487813674e-10
2210.68736,4.266334541,763.3792113,2658.11971,0.225788964,0.718359608,-8.953385048,1.385470969,0.005014601,3.09696e-13,0.309737986,0.00148354,0.681539797,0.001333548,9.5283e-06,0.00355419,0.002341407,4.2383e-09,,52.618724829176806,0.947761125084145,0.2313270337272727,0.986660640443588,1.0000000005386096,-5.383000711844943e-10
2208.917888,4.265725631,761.6690568,2658.008435,0.225775539,0.718351812,-8.953519542,1.385485855,0.005022543,3.09967e-13,0.309326044,0.001481796,0.681945788,0.001334807,9.54005e-06,0.00355771,0.00234431,4.23326e-09,,52.49157065141662,0.9476258564545686,0.2308088050909091,0.9866193365616176,0.99999999928357,7.167400006835578e-10
2206.794522,4.264992647,759.6195752,2657.874426,0.225759426,0.718342507,-8.953680987,1.385503666,0.005032094,3.10293e-13,0.308831569,0.001479701,0.682433113,0.00133632,9.55416e-06,0.00356194,0.002347798,4.2272e-09,,52.33923388778274,0.9474630249340134,0.23018775006060604,0.9865695941044709,0.9999999993875102,6.12800032939731e-10
2204.671155,4.264257154,757.5730461,2657.73987,0.225743305,0.718333255,-8.953842509,1.3855214,0.005041667,3.10619e-13,0.308336937,0.001477605,0.682920586,0.001337834,9.5683e-06,0.003566175,0.00235129,4.22113e-09,,52.18718841114923,0.9472996360421034,0.22956758972727273,0.9865196486077966,0.9999999995214407,4.788699436986121e-10
2202.547789,4.263519143,755.5294718,2657.604771,0.225727179,0.718324056,-8.954004101,1.385539064,0.005051264,3.10946e-13,0.307842151,0.001475508,0.683408203,0.00133935,9.58245e-06,0.003570417,0.002354785,4.21505e-09,,52.035425877741496,0.9471356877794994,0.2289483247878788,0.9864695015563445,1.000000000665361,-6.650502371030598e-10
2200.424422,4.262778603,753.4888547,2657.469127,0.225711047,0.718314912,-8.954165764,1.385556656,0.005060884,3.11273e-13,0.307347213,0.001473409,0.683895962,0.001340867,9.59662e-06,0.003574664,0.002358284,4.20895e-09,,51.883954657122686,0.9469711777025646,0.228329955969697,0.9864191522077396,0.9999999998292612,1.7104995198025108e-10
2198.301056,4.262035523,751.4511973,2657.332935,0.225694908,0.718305821,-8.954327499,1.385574177,0.005070528,3.11601e-13,0.306852124,0.001471309,0.684383862,0.001342387,9.61081e-06,0.003578917,0.002361786,4.20284e-09,,51.73277463412616,0.9468061033676619,0.22771248403030303,0.9863685994484197,1.0000000000131515,-1.283995132439486e-11
2196.17769,4.261289894,749.4165022,2657.196192,0.225678763,0.718296785,-8.954489307,1.385591625,0.005080194,3.11929e-13,0.306356888,0.001469207,0.6848719,0.001343907,9.62502e-06,0.003583176,0.002365293,4.19672e-09,,51.58186857213707,0.9466404627754523,0.22709590975757574,0.9863178421648223,1.000000000217032,-2.1671997529892906e-10
2194.054323,4.260541706,747.3847719,2657.058896,0.225662612,0.718287803,-8.954651185,1.385609002,0.005089885,3.12258e-13,0.305861506,0.001467104,0.685360074,0.00134543,9.63926e-06,0.003587441,0.002368803,4.19059e-09,,51.43125361204228,0.9464742537044477,0.22648023390909092,0.9862668796145727,1.000000001450902,-1.4505898704442188e-09
2191.930957,4.259790948,745.3560088,2656.921045,0.225646455,0.718278876,-8.954813138,1.385626306,0.005099598,3.12588e-13,0.305365981,0.001465,0.685848381,0.001346954,9.65351e-06,0.003591711,0.002372316,4.18445e-09,,51.2809387139062,0.9463074737110113,0.22586545721212123,0.986215711055296,1.0000000006947625,-6.944500530181585e-10
2189.80759,4.25903761,743.3302156,2656.782637,0.225630292,0.718270005,-8.954975162,1.385643537,0.005109336,3.12918e-13,0.304870314,0.001462894,0.686336819,0.001348479,9.66778e-06,0.003595988,0.002375833,4.17829e-09,,51.13089753379604,0.9461401205736548,0.22525158048484847,0.9861643357446173,0.9999999989586029,1.041709940530211e-09
2187.684224,4.258281681,741.3073947,2656.643667,0.225614122,0.718261188,-8.95513726,1.385660695,0.005119097,3.13249e-13,0.30437451,0.001460787,0.686825387,0.001350007,9.68207e-06,0.00360027,0.002379354,4.17212e-09,,50.981147826059875,0.9459721918487414,0.22463860445454548,0.9861127518265993,1.000000001242433,-1.2421199624412793e-09
2185.560858,4.257523153,739.2875488,2656.504135,0.225597946,0.718252428,-8.955299431,1.38567778,0.005128882,3.1358e-13,0.303878568,0.001458678,0.687314081,0.001351535,9.69638e-06,0.003604558,0.002382879,4.16594e-09,,50.83168033147988,0.9458036857590809,0.22402652993939393,0.9860609593012423,0.9999999995462537,4.540599007896162e-10
2183.437491,4.256762013,737.2706803,2656.364037,0.225581763,0.718243723,-8.955461676,1.38569479,0.005138692,3.13912e-13,0.303382493,0.001456569,0.687802899,0.001353066,9.71071e-06,0.003608852,0.002386407,4.15975e-09,,50.682504285032316,0.9456345994167387,0.22341535766666665,0.9860089566837962,1.000000000870064,-8.697500497589772e-10
2181.314125,4.255998252,735.2567918,2656.223372,0.225565575,0.718235074,-8.955623995,1.385711727,0.005148525,3.14245e-13,0.302886286,0.001454457,0.688291839,0.001354598,9.72506e-06,0.003613151,0.002389938,4.15355e-09,,50.533627277384966,0.9454649308223753,0.2228050884242424,0.9859567436030738,0.9999999982138643,1.7864499879394202e-09
2179.190758,4.255231859,733.245886,2656.082135,0.225549379,0.718226481,-8.955786389,1.385728589,0.005158383,3.14578e-13,0.30238995,0.001452345,0.688780899,0.001356132,9.73943e-06,0.003617457,0.002393474,4.14734e-09,,50.38501630921319,0.945294677532354,0.22219572303030305,0.985904318203138,1.0000000005776546,-5.773399536224133e-10
2177.067392,4.254462824,731.2379655,2655.940326,0.225533178,0.718217945,-8.955948857,1.385745377,0.005168265,3.14911e-13,0.301893487,0.001450231,0.689270077,0.001357667,9.75382e-06,0.003621769,0.002397013,4.14111e-09,,50.236696188212335,0.9451238373251867,0.22158726227272726,0.9858516804839884,1.0000000019614248,-1.9611099411065425e-09
2174.944026,4.253691136,729.2330327,2655.797941,0.22551697,0.718209466,-8.9561114,1.38576209,0.005178171,3.15246e-13,0.301396899,0.001448116,0.689759369,0.001359204,9.76823e-06,0.003626086,0.002400555,4.13487e-09,,50.088675223050764,0.9449524077572365,0.22097970687878787,0.9857988289608757,1.0000000013651853,-1.3648699948021203e-09
2172.820659,4.252916785,727.2310904,2655.654977,0.225500755,0.718201044,-8.956274019,1.385778727,0.005188102,3.15581e-13,0.300900189,0.001445999,0.690248773,0.001360742,9.78266e-06,0.003630409,0.002404101,4.12862e-09,,49.94093666621577,0.9447803866070157,0.2203730576969697,0.9857457625202374,0.9999999997889355,2.1138002459508698e-10
2170.697293,4.252139761,725.2321411,2655.511433,0.225484534,0.718192679,-8.956436714,1.385795287,0.005198057,3.15916e-13,0.300403359,0.001443882,0.690738288,0.001362282,9.79711e-06,0.003634738,0.00240765,4.12236e-09,,49.79348902187311,0.9446077716530358,0.21976731548484849,0.985692480790886,1.0000000002326759,-2.323601311360335e-10
2168.573926,4.251360052,723.2361874,2655.367305,0.225468306,0.718184372,-8.956599484,1.385811773,0.005208038,3.16252e-13,0.299906411,0.001441763,0.69122791,0.001363824,9.81158e-06,0.003639073,0.002411203,4.11609e-09,,49.646323632844336,0.9444345602295113,0.219162481030303,0.9856389822880718,0.9999999996964062,3.039100082702362e-10
2166.45056,4.250577648,721.2432321,2655.222591,0.225452072,0.718176123,-8.956762332,1.385828181,0.005218043,3.16589e-13,0.299409349,0.001439642,0.691717638,0.001365367,9.82607e-06,0.003643414,0.00241476,4.10981e-09,,49.4994407835776,0.9442607501149543,0.2185585551818182,0.98558526626942,1.0000000001801266,-1.7980994471145095e-10
2164.327194,4.249792539,719.2532778,2655.077288,0.225435831,0.718167931,-8.956925256,1.385844513,0.005228073,3.16926e-13,0.298912174,0.001437521,0.692207468,0.001366912,9.84058e-06,0.003647761,0.00241832,4.10351e-09,,49.35284869948154,0.9440863390878764,0.21795553872727272,0.9855313316213681,1.000000000683827,-6.835099153335022e-10
2162.203827,4.249004714,717.266327,2654.931394,0.225419583,0.718159798,-8.957088256,1.385860768,0.005238128,3.17264e-13,0.298414889,0.001435398,0.692697399,0.001368458,9.8551e-06,0.003652113,0.002421883,4.09721e-09,,49.20655529753141,0.9439113247046408,0.21735343242424243,0.9854771776015416,0.9999999991975272,8.027900566531798e-10
2160.080461,4.248214162,715.2823825,2654.784906,0.225403328,0.718151724,-8.957251335,1.385876946,0.005248209,3.17602e-13,0.297917497,0.001433274,0.693187427,0.001370006,9.86965e-06,0.003656472,0.00242545,4.09089e-09,,49.060536200344316,0.9437357045216109,0.21675223712121214,0.9854228030963778,0.9999999997412077,2.5910995571365447e-10
2157.957094,4.247420872,713.3014469,2654.637821,0.225387067,0.718143709,-8.957414491,1.385893045,0.005258314,3.17941e-13,0.29742,0.001431149,0.693677551,0.001371556,9.88422e-06,0.003660836,0.002429021,4.08456e-09,,48.914807629280794,0.9435594760951496,0.2161519536060606,0.9853682069923144,1.000000001304878,-1.3045600155692227e-09
2155.833728,4.246624834,711.3235229,2654.490137,0.225370799,0.718135752,-8.957577725,1.385909067,0.005268446,3.18281e-13,0.2969224,0.001429022,0.694167768,0.001373107,9.89881e-06,0.003665206,0.002432595,4.07822e-09,,48.76936925917836,0.9433826372037689,0.21555258269696967,0.9853133885469769,1.0000000008885384,-8.882201640858511e-10
2153.710362,4.245826037,709.3486131,2654.34185,0.225354525,0.718127855,-8.957741038,1.38592501,0.005278602,3.18621e-13,0.2964247,0.001426895,0.694658075,0.001374659,9.91341e-06,0.003669582,0.002436172,4.07187e-09,,48.624221575754184,0.9432051854038318,0.21495412518181817,0.9852583462756153,1.0000000004821887,-4.818700993780567e-10
2151.586995,4.24502447,707.3767204,2654.192959,0.225338243,0.718120018,-8.957904429,1.385940874,0.005288785,3.18962e-13,0.295926902,0.001424766,0.695148469,0.001376214,9.92804e-06,0.003673964,0.002439752,4.06551e-09,,48.47936376831655,0.9430271182517016,0.21435658193939391,0.9852030798070422,0.999999999105829,8.944899265728168e-10
2149.463629,4.244220122,705.4078473,2654.043461,0.225321955,0.71811224,-8.958067899,1.38595666,0.005298993,3.19304e-13,0.295429009,0.001422636,0.695638949,0.00137777,9.94268e-06,0.003678352,0.002443337,4.05913e-09,,48.33478057231078,0.9428484333037415,0.21375995372727272,0.9851475880276954,0.9999999997394492,2.608701032968952e-10
2147.340262,4.243412983,703.4419965,2653.893352,0.22530566,0.718104523,-8.95823145,1.385972366,0.005309226,3.19646e-13,0.294931025,0.001420505,0.696129512,0.001379327,9.95735e-06,0.003682746,0.002446924,4.05275e-09,,48.19049553911341,0.9426691283384633,0.21316424136363635,0.9850918694528249,1.0000000004030696,-4.0274983348354e-10
2145.216896,4.242603041,701.4791708,2653.742631,0.225289357,0.718096866,-8.958395079,1.385987992,0.005319486,3.19989e-13,0.29443295,0.001418373,0.696620155,0.001380886,9.97203e-06,0.003687146,0.002450515,4.04635e-09,,48.04649277820848,0.9424892006900814,0.2125694456969697,0.9850359237112434,1.0000000010766699,-1.076349898099238e-09
2143.09353,4.241790286,699.5193729,2653.591294,0.225273048,0.718089269,-8.958558789,1.386003537,0.005329772,3.20332e-13,0.293934788,0.001416239,0.697110875,0.001382447,9.98674e-06,0.003691551,0.002454109,4.03995e-09,,47.902787604551214,0.9423086481371075,0.21197556754545455,0.9849797493182011,0.9999999997802703,2.2004997823898975e-10
2140.970163,4.240974706,697.5626055,2653.439338,0.225256732,0.718081734,-8.95872258,1.386019003,0.005340084,3.20676e-13,0.293436541,0.001414105,0.69760167,0.001384009,1.00015e-05,0.003695963,0.002457707,4.03353e-09,,47.759356550554266,0.9421274680137564,0.21138260772727274,0.9849233451601359,1.0000000005338507,-5.335298869368899e-10
2138.846797,4.240156291,695.6088714,2653.286762,0.225240409,0.71807426,-8.958886452,1.386034387,0.005350423,3.21021e-13,0.292938212,0.001411969,0.698092538,0.001385572,1.00162e-05,0.00370038,0.002461307,4.0271e-09,,47.616231986702594,0.9419456580985395,0.2107905670909091,0.9848667108658602,0.999999998227421,1.7729000489907776e-09
2136.72343,4.23933503,693.6581732,2653.133561,0.225224078,0.718066847,-8.959050404,1.38604969,0.005360788,3.21366e-13,0.292439804,0.001409832,0.698583475,0.001387138,1.0031e-05,0.003704804,0.002464912,4.02066e-09,,47.473373038687335,0.9417632159478204,0.2101994464242424,0.9848098445794368,1.0000000000209812,-2.0659918220644613e-11
2134.600064,4.238510911,691.7105137,2652.979734,0.225207741,0.718059496,-8.959214438,1.386064911,0.005371179,3.21712e-13,0.29194132,0.001407695,0.69907448,0.001388704,1.00458e-05,0.003709233,0.002468519,4.01421e-09,,47.33081987002867,0.9415801388958129,0.20960924657575758,0.9847527459296782,1.0000000008145318,-8.142100327290791e-10
2132.476698,4.237683924,689.7658956,2652.825278,0.225191396,0.718052207,-8.959378555,1.386080051,0.005381597,3.22058e-13,0.291442761,0.001405556,0.699565549,0.001390273,1.00606e-05,0.003713668,0.00247213,4.00775e-09,,47.18854879833918,0.9413964247210295,0.20901996836363637,0.9846954138030222,1.0000000016080721,-1.607749933185687e-09
2130.353331,4.236854057,687.8243217,2652.670189,0.225175044,0.718044981,-8.959542753,1.386095108,0.005392041,3.22405e-13,0.29094413,0.001403416,0.700056679,0.001391842,1.00754e-05,0.003718109,0.002475744,4.00127e-09,,47.04656762541246,0.9412120707576843,0.20843161263636364,0.9846378467147191,0.9999999994015923,5.987300655263539e-10
2128.229965,4.2360213,685.8857947,2652.514466,0.225158685,0.718037816,-8.959707034,1.386110083,0.005402513,3.22753e-13,0.290445431,0.001401275,0.700547869,0.001393414,1.00902e-05,0.003722556,0.002479361,3.99479e-09,,46.90487648020264,0.941027074784289,0.20784418021212123,0.9845800442935815,1.0000000001951128,-1.9478996193811327e-10
2126.106598,4.23518564,683.9503175,2652.358105,0.225142319,0.718030715,-8.959871398,1.386124975,0.005413012,3.23101e-13,0.289946666,0.001399133,0.701039115,0.001394987,1.01051e-05,0.003727009,0.002482981,3.9883e-09,,46.763473666271594,0.9408414339129096,0.20725767196969697,0.9845220050548594,1.000000000088623,-8.830003395132735e-11
2123.983232,4.234347068,682.0178927,2652.201103,0.225125946,0.718023677,-8.960035846,1.386139783,0.005423537,3.2345e-13,0.289447837,0.00139699,0.701530414,0.001396561,1.012e-05,0.003731468,0.002486605,3.98179e-09,,46.6223530274595,0.9406551461442064,0.20667208869696968,0.9844637278849907,0.9999999989821134,1.0182100718125753e-09
2121.859866,4.233505571,680.0885231,2652.043457,0.225109565,0.718016702,-8.960200378,1.386154507,0.00543409,3.238e-13,0.288948948,0.001394846,0.702021765,0.001398137,1.01349e-05,0.003735933,0.002490232,3.97528e-09,,46.48152222372992,0.9404682085902453,0.20608743124242423,0.9844052116704133,0.9999999998756037,1.247200120957359e-10
2120.161172,4.232830261,678.5472292,2651.91687,0.225096455,0.718011169,-8.960332058,1.386166232,0.005442552,3.2408e-13,0.288549795,0.00139313,0.702414881,0.001399399,1.01468e-05,0.003739509,0.002493136,3.97006e-09,,46.36906701275781,0.940318189279938,0.20562037248484846,0.9843582241664186,1.0000000007703842,-7.700600157534154e-10
2118.122741,4.2320174,676.7002617,2651.76443,0.225080717,0.718004581,-8.960490157,1.386180218,0.005452729,3.24417e-13,0.288070764,0.00139107,0.702886658,0.001400915,1.01611e-05,0.003743805,0.002496623,3.96378e-09,,46.23436947920076,0.9401376131791908,0.2050606853636364,0.9843016403536342,1.0000000000641045,-6.378009231866599e-11
2116.084309,4.231201816,674.8561169,2651.611384,0.225064972,0.717998053,-8.96064833,1.386194131,0.005462932,3.24754e-13,0.287591685,0.001389009,0.703358475,0.001402432,1.01755e-05,0.003748107,0.002500113,3.9575e-09,,46.099932178721424,0.9399564321672441,0.2045018536060606,0.9842448316012633,1.0000000004578247,-4.5750003785371973e-10
2114.045877,4.230383497,673.0147974,2651.457735,0.22504922,0.717991584,-8.96080658,1.386207966,0.00547316,3.25092e-13,0.287112558,0.001386947,0.70383033,0.00140395,1.01899e-05,0.003752414,0.002503606,3.95121e-09,,45.96576351799802,0.9397746435783129,0.203943878,0.9841877990228685,0.9999999988515352,1.1487898410322828e-09
2112.007446,4.229562436,671.1763055,2651.303481,0.225033461,0.717985175,-8.96096491,1.386221722,0.005483414,3.2543e-13,0.286633388,0.001384885,0.70430222,0.00140547,1.02043e-05,0.003756727,0.002507102,3.94491e-09,,45.83185666705377,0.9395922458573549,0.20338675924242425,0.9841305418760746,1.0000000002452354,-2.4491009220639626e-10
2109.969014,4.22873862,669.3406438,2651.148619,0.225017695,0.717978826,-8.961123319,1.386235399,0.005493693,3.25769e-13,0.286154177,0.001382821,0.704774142,0.001406991,1.02187e-05,0.003761045,0.002510601,3.9386e-09,,45.698218484929804,0.9394092361164358,0.2028304981212121,0.9840730590473196,0.9999999996389256,3.6140013204288834e-10
2107.930582,4.22791204,667.5078146,2650.993147,0.225001922,0.717972536,-8.961281807,1.386248996,0.005503999,3.26109e-13,0.285674926,0.001380757,0.705246095,0.001408514,1.02331e-05,0.003765369,0.002514102,3.93228e-09,,45.56484895314195,0.9392256123562164,0.20227509533333332,0.9840153497942284,1.0000000000326061,-3.2280178530186276e-11
2105.89215,4.227082687,665.6778205,2650.837061,0.224986143,0.717966308,-8.961440375,1.386262514,0.00551433,3.26449e-13,0.285195639,0.001378692,0.705718076,0.001410038,1.02475e-05,0.003769698,0.002517607,3.92595e-09,,45.43174084878247,0.9390413725773576,0.2017205516666667,0.9839574126320514,1.0000000014262764,-1.425950024724898e-09
2103.853719,4.226250549,663.8506638,2650.68036,0.224970356,0.717960139,-8.961599023,1.386275951,0.005524687,3.2679e-13,0.284716317,0.001376626,0.706190081,0.001411563,1.0262e-05,0.003774033,0.002521114,3.91961e-09,,45.29889966079772,0.9388565141140736,0.20116686781818183,0.983899247189601,0.9999999999199368,8.03900279677805e-11
2101.815287,4.225415617,662.0263471,2650.523041,0.224954562,0.717954032,-8.961757752,1.386289308,0.00553507,3.27131e-13,0.284236964,0.001374559,0.70666211,0.00141309,1.02765e-05,0.003778373,0.002524624,3.91326e-09,,45.1663269703347,0.938671034967025,0.20061404457575757,0.983840852353315,1.000000000413587,-4.132598707684565e-10
2099.776855,4.22457788,660.2048728,2650.365101,0.224938761,0.717947985,-8.961916561,1.386302584,0.005545479,3.27473e-13,0.283757582,0.001372491,0.707134158,0.001414618,1.0291e-05,0.003782718,0.002528137,3.9069e-09,,45.03402259343337,0.9384849326925748,0.20006208266666667,0.9837822270096311,0.9999999989072275,1.0930999438940603e-09
2097.738423,4.223737328,658.3862434,2650.206538,0.224922953,0.717942,-8.962075452,1.386315779,0.005555915,3.27816e-13,0.283278174,0.001370423,0.707606225,0.001416147,1.03055e-05,0.003787069,0.002531653,3.90053e-09,,44.9019795774303,0.9382982050692356,0.19951098284848484,0.9837233704161744,1.0000000004008578,-4.0053005356810445e-10
2095.699992,4.222893952,656.5704614,2650.047348,0.224907138,0.717936076,-8.962234424,1.386328892,0.005566377,3.28159e-13,0.282798741,0.001368353,0.708078306,0.001417678,1.032e-05,0.003791426,0.002535171,3.89415e-09,,44.7702044045543,0.9381108500976674,0.19896074587878787,0.9836642810881953,0.9999999988944783,1.105849856131158e-09
2093.66156,4.22204774,654.7575291,2649.88753,0.224891316,0.717930214,-8.962393478,1.386341924,0.005576865,3.28503e-13,0.282319287,0.001366283,0.7085504,0.001419211,1.03346e-05,0.003795788,0.002538692,3.88777e-09,,44.63869611240126,0.9379228651120849,0.19841137245454546,0.983604958654506,0.9999999994880985,5.122299251425488e-10
2091.623128,4.221198682,652.9474491,2649.727081,0.224875486,0.717924415,-8.962552614,1.386354873,0.00558738,3.28847e-13,0.281839815,0.001364213,0.709022504,0.001420744,1.03491e-05,0.003800155,0.002542216,3.88137e-09,,44.50745748315452,0.9377342478910001,0.19786286336363634,0.9835454020015446,0.9999999999816989,1.8629986442419977e-11
2089.584696,4.220346769,651.1402239,2649.565998,0.224859649,0.717918677,-8.962711833,1.38636774,0.005597922,3.29192e-13,0.281360326,0.001362141,0.709494616,0.001422279,1.03637e-05,0.003804528,0.002545742,3.87497e-09,,44.376485050044124,0.9375449964350736,0.19731521936363636,0.9834856100157485,0.9999999995752992,4.25030122208625e-10
2087.546265,4.219491989,649.3358558,2649.404278,0.224843805,0.717913002,-8.962871134,1.386380524,0.005608491,3.29538e-13,0.280880823,0.001360069,0.709966732,0.001423816,1.03783e-05,0.003808907,0.002549272,3.86855e-09,,44.24576662422333,0.9373551080785197,0.19676844115151515,0.9834255815835555,1.0000000011688794,-1.1685499234914687e-09
2085.507833,4.218634333,647.5343473,2649.241919,0.224827954,0.71790739,-8.963030519,1.386393225,0.005619086,3.29884e-13,0.280401309,0.001357996,0.710438851,0.001425353,1.03929e-05,0.003813291,0.002552804,3.86213e-09,,44.115322907252306,0.9371645808219993,0.1962225294848485,0.9833653159625908,1.00000000076246,-7.621301367777278e-10
2083.469401,4.21777379,645.7357008,2649.078918,0.224812095,0.717901841,-8.963189988,1.386405842,0.005629709,3.30231e-13,0.279921786,0.001355922,0.71091097,0.001426892,1.04076e-05,0.00381768,0.002556338,3.8557e-09,,43.98515224067142,0.9369734122218754,0.1956774850909091,0.983304812039292,0.9999999994560304,5.442999384541736e-10
2081.430969,4.216910349,643.9399189,2648.915273,0.224796229,0.717896355,-8.963349541,1.386418375,0.005640358,3.30578e-13,0.279442257,0.001353848,0.711383086,0.001428433,1.04222e-05,0.003822075,0.002559875,3.84926e-09,,43.85524371191117,0.9367815998345111,0.19513330875757573,0.9832440690712843,1.0000000000495906,-4.925992946880342e-11
2079.392538,4.216044,642.1470038,2648.75098,0.224780355,0.717890933,-8.963509177,1.386430823,0.005651035,3.30926e-13,0.278962725,0.001351773,0.711855196,0.001429975,1.04369e-05,0.003826475,0.002563415,3.84281e-09,,43.725601283705075,0.9365891414384185,0.19459000115151515,0.9831830855738176,0.9999999997431409,2.571900470371702e-10
2077.354106,4.215174733,640.3569582,2648.586037,0.224764474,0.717885575,-8.963668899,1.386443187,0.005661739,3.31275e-13,0.278483192,0.001349697,0.712327299,0.001431518,1.04516e-05,0.003830881,0.002566957,3.83635e-09,,43.596226131745276,0.9363960348121093,0.1940475630909091,0.9831218608045177,0.9999999994366812,5.636501265726679e-10
2075.315674,4.214302538,638.5697843,2648.420442,0.224748585,0.717880281,-8.963828706,1.386455466,0.005672471,3.31624e-13,0.278003661,0.001347621,0.71279939,0.001433062,1.04663e-05,0.003835292,0.002570502,3.82988e-09,,43.46711836627375,0.9362022777340958,0.19350599524242426,0.9830603940210092,0.9999999981302117,1.870119947788851e-09
2073.277242,4.213427402,636.7854846,2648.254191,0.224732689,0.717875051,-8.963988598,1.38646766,0.00568323,3.31974e-13,0.277524135,0.001345544,0.713271469,0.001434608,1.0481e-05,0.003839709,0.00257405,3.82341e-09,,43.338271049111526,0.936007867316443,0.19296529836363638,0.9829986837385425,0.9999999998237419,1.7659007589543307e-10
2071.238811,4.212549317,635.0040615,2648.087282,0.224716785,0.717869885,-8.964148575,1.386479768,0.005694017,3.32325e-13,0.277044615,0.001343466,0.713743532,0.001436155,1.04958e-05,0.003844132,0.0025776,3.81692e-09,,43.20968927130756,0.935812801781961,0.19242547318181819,0.9829367292147427,0.9999999996172524,3.830800121562561e-10
2069.200379,4.211668271,633.2255175,2647.919713,0.224700874,0.717864785,-8.964308639,1.386491789,0.005704832,3.32676e-13,0.276565105,0.001341388,0.714215576,0.001437704,1.05105e-05,0.003848559,0.002581153,3.81043e-09,,43.08138265999072,0.9356170784648637,0.19188652045454546,0.9828745297072349,0.9999999993107626,6.895701787357211e-10
2067.161947,4.210784254,631.4498547,2647.751479,0.224684954,0.71785975,-8.96446879,1.386503724,0.005715674,3.33028e-13,0.276085608,0.001339309,0.7146876,0.001439254,1.05253e-05,0.003852993,0.002584708,3.80393e-09,,42.95333494539874,0.9354206951436634,0.1913484408181818,0.9828120833600822,1.000000001104263,-1.1039300584769762e-09
2065.123515,4.209897255,629.6770758,2647.58258,0.224669028,0.71785478,-8.964629027,1.386515572,0.005726544,3.3338e-13,0.275606125,0.00133723,0.715159599,0.001440805,1.05401e-05,0.003857431,0.002588265,3.79741e-09,,42.825567211899184,0.9352236493747229,0.19081123509090908,0.9827493901732842,0.9999999988977435,1.1025899082639512e-09
2063.085084,4.209007263,627.9071829,2647.413011,0.224653093,0.717849876,-8.964789352,1.386527333,0.005737443,3.33733e-13,0.275126661,0.00133515,0.715631572,0.001442357,1.05549e-05,0.003861876,0.002591825,3.79089e-09,,42.69805301351662,0.9350259387144056,0.19027490390909088,0.9826864482909041,0.9999999996912238,3.09109959850673e-10
2061.046652,4.208114269,626.1401786,2647.242771,0.224637151,0.717845037,-8.964949764,1.386539006,0.00574837,3.34087e-13,0.274647216,0.001333069,0.716103517,0.001443911,1.05698e-05,0.003866325,0.002595388,3.78437e-09,,42.57081038436228,0.9348275611633722,0.18973944806060605,0.9826232573417542,0.9999999995847041,4.156299748814263e-10
2059.00822,4.20721826,624.376065,2647.071855,0.224621201,0.717840265,-8.965110265,1.386550592,0.005759325,3.34441e-13,0.274167794,0.001330988,0.716575429,0.001445466,1.05846e-05,0.003870781,0.002598953,3.77783e-09,,42.44382904644611,0.934628513833688,0.1892048681818182,0.9825598154698972,0.9999999993781645,6.221698711783574e-10
2056.969788,4.206319226,622.6148445,2646.900263,0.224605243,0.717835559,-8.965270853,1.386562089,0.005770308,3.34796e-13,0.273688398,0.001328906,0.717047308,0.001447023,1.05995e-05,0.003875241,0.00260252,3.77129e-09,,42.31712578186202,0.934428794503865,0.188671165,0.9824961226753334,0.999999999271625,7.287098702235539e-10
2054.931357,4.205417157,620.8565193,2646.72799,0.224589278,0.717830921,-8.965431531,1.386573497,0.00578132,3.35151e-13,0.27320903,0.001326824,0.717519149,0.001448581,1.06144e-05,0.003879708,0.00260609,3.76473e-09,,42.19067574221917,0.9342284009524153,0.18813833918181816,0.9824321771021255,1.0000000001650653,-1.647302294571773e-10
2052.892925,4.204512041,619.1010919,2646.555034,0.224573304,0.717826349,-8.965592297,1.386584816,0.005792361,3.35508e-13,0.272729693,0.001324741,0.717990951,0.00145014,1.06293e-05,0.003884179,0.002609662,3.75817e-09,,42.06450470199565,0.9340273305135531,0.1876063914848485,0.9823679780078987,0.9999999990585055,9.418300583874384e-10
2050.854493,4.203603867,617.3485643,2646.381392,0.224557322,0.717821844,-8.965753154,1.386596045,0.00580343,3.35864e-13,0.27225039,0.001322658,0.718462711,0.0014517,1.06442e-05,0.003888657,0.002613237,3.7516e-09,,41.93858687005287,0.9338255807436416,0.18707532251515152,0.9823035242790904,1.0000000009519359,-9.515999099818373e-10
2048.816061,4.202692625,615.5989389,2646.207061,0.224541333,0.717817407,-8.9659141,1.386607184,0.005814529,3.36222e-13,0.271771122,0.001320574,0.718934426,0.001453262,1.06591e-05,0.003893139,0.002616814,3.74502e-09,,41.81294749252182,0.9336231494211928,0.186545133,0.9822388148021388,0.9999999998453561,1.5498013983261671e-10
2046.77763,4.201778304,613.8522178,2646.032039,0.224525335,0.717813037,-8.966075136,1.386618233,0.005825656,3.3658e-13,0.271291894,0.00131849,0.719406093,0.001454825,1.06741e-05,0.003897627,0.002620393,3.73844e-09,,41.68757277475827,0.9334200341025697,0.18601582357575755,0.9821738488346686,0.9999999998387766,1.6155998761036017e-10
2044.739198,4.200860892,612.1084032,2645.856323,0.22450933,0.717808736,-8.966236264,1.386629192,0.005836812,3.36939e-13,0.270812707,0.001316405,0.719877711,0.001456389,1.0689e-05,0.003902121,0.002623975,3.73184e-09,,41.56245839721395,0.9332162321219866,0.1854873949090909,0.9821086252631177,1.000000000732177,-7.318399219968796e-10
2042.700766,4.199940379,610.3674971,2645.679909,0.224493316,0.717804503,-8.966397482,1.386640059,0.005847998,3.37298e-13,0.270333563,0.00131432,0.720349276,0.001457954,1.0704e-05,0.00390662,0.002627559,3.72524e-09,,41.43761446919093,0.9330117412579556,0.18495984760606063,0.9820431426027362,0.9999999997255773,2.7475999253567807e-10
2040.662334,4.199016753,608.6295017,2645.502795,0.224477294,0.717800339,-8.966558792,1.386650834,0.005859213,3.37658e-13,0.269854467,0.001312235,0.720820785,0.001459521,1.0719e-05,0.003911125,0.002631145,3.71863e-09,,41.31303612510337,0.9328065588446909,0.18443318233333333,0.9819774001111493,1.0000000007189678,-7.186300443606797e-10
2038.623903,4.198090002,606.894419,2645.324978,0.224461264,0.717796243,-8.966720194,1.386661518,0.005870457,3.38018e-13,0.26937542,0.001310149,0.721292237,0.001461089,1.0734e-05,0.003915635,0.002634733,3.71201e-09,,41.18872910279714,0.9326006822164068,0.18390739969696968,0.9819113966747949,1.000000000712348,-7.120100065094448e-10
2036.585471,4.197160117,605.1622509,2645.146454,0.224445226,0.717792217,-8.966881688,1.386672109,0.005881731,3.3838e-13,0.268896424,0.001308062,0.721763629,0.001462659,1.07491e-05,0.00392015,0.002638324,3.70538e-09,,41.06468560845592,0.9323941093737642,0.18338250027272726,0.9818451308089229,1.0000000008057184,-8.053799849250254e-10
2034.954726,4.196413943,603.7786164,2645.003121,0.224432389,0.717789045,-8.967010956,1.38668051,0.005890771,3.38669e-13,0.268513267,0.001306393,0.722140696,0.001463915,1.07611e-05,0.003923767,0.002641198,3.70008e-09,,40.965640030406504,0.9322283477104552,0.1829632170909091,0.9817919274001206,1.0000000008004186,-8.000797802054649e-10
2032.997831,4.195515868,602.12072,2644.83053,0.224416979,0.7177853,-8.967166144,1.386690524,0.005901645,3.39017e-13,0.268053525,0.001304389,0.722593123,0.001465424,1.07756e-05,0.003928111,0.002644648,3.6937e-09,,40.84701955538884,0.9320288414213375,0.18246082424242424,0.9817278637893079,0.999999999294039,7.063000184714952e-10
2031.040937,4.194614874,600.4655145,2644.657276,0.22440156,0.717781618,-8.967321423,1.386700447,0.005912546,3.39366e-13,0.267593838,0.001302385,0.723045488,0.001466934,1.079e-05,0.00393246,0.002648101,3.68732e-09,,40.72864040427492,0.9318286866798544,0.18195924681818182,0.981663554081225,0.9999999996876594,3.126799930086577e-10
2029.084042,4.193710951,598.8130013,2644.483362,0.224386134,0.717778001,-8.967476789,1.386710283,0.005923475,3.39715e-13,0.267134208,0.00130038,0.723497788,0.001468445,1.08045e-05,0.003936815,0.002651556,3.68093e-09,,40.61049983221281,0.931627881264518,0.18145848524242425,0.9815989993894342,1.0000000001812697,-1.809299376986928e-10
2027.127148,4.192804089,597.1631819,2644.308784,0.2243707,0.717774449,-8.967632242,1.386720033,0.005934431,3.40064e-13,0.266674635,0.001298376,0.723950022,0.001469957,1.08191e-05,0.003941174,0.002655012,3.67453e-09,,40.492616088914836,0.9314264229538403,0.180958539969697,0.9815341982291856,0.9999999987748701,1.2254700587632783e-09
2025.170253,4.191894276,595.5160574,2644.13354,0.224355259,0.717770962,-8.967787783,1.386729694,0.005945416,3.40415e-13,0.266215124,0.001296371,0.724402188,0.001471471,1.08336e-05,0.003945539,0.002658471,3.66813e-09,,40.37496705516081,0.9312243090820355,0.18045941133333335,0.9814691498581046,1.0000000012684704,-1.2681300454175926e-09
2023.291635,4.191018071,593.9373547,2643.964668,0.224340427,0.717767676,-8.967937183,1.386738888,0.005955987,3.40752e-13,0.265774051,0.001294446,0.724836201,0.001472925,1.08475e-05,0.003949734,0.002661793,3.66197e-09,,40.26225877288142,0.931029661187309,0.17998101657575757,0.9814064666933675,1.0000000011623107,-1.1619700757137252e-09
2021.413016,4.190139125,592.3611922,2643.792745,0.224325586,0.717764505,-8.968086687,1.386747977,0.005966584,3.41089e-13,0.265333067,0.00129252,0.725270147,0.00147438,1.08614e-05,0.003953916,0.002665105,3.65581e-09,,40.149958903068956,0.9308344043827047,0.17950339157575756,0.9813426510357623,1.000000000056151,-5.581002326948692e-11
2019.534397,4.189257434,590.7874613,2643.622644,0.224310741,0.71776134,-8.968236251,1.386757008,0.005977207,3.41427e-13,0.264892115,0.001290595,0.725704025,0.001475836,1.08754e-05,0.00395812,0.002668431,3.64965e-09,,40.03770010104686,0.9306385377796276,0.17902650342424242,0.981279511681666,1.0000000010499914,-1.0496499225354228e-09
2017.655778,4.188372981,589.2162177,2643.451913,0.224295874,0.717758215,-8.968386028,1.386765825,0.005987856,3.41765e-13,0.264451226,0.001288669,0.726137833,0.001477293,1.08894e-05,0.003962328,0.002671759,3.64348e-09,,39.92566957156498,0.9304420576015476,0.17855036900000001,0.9812161384794847,1.000000001043822,-1.043479969098371e-09
2015.77716,4.187485762,587.6474608,2643.280562,0.224281014,0.717755173,-8.968535756,1.386774691,0.005998532,3.42105e-13,0.2640104,0.001286743,0.72657157,0.001478751,1.09034e-05,0.003966541,0.002675087,3.6373e-09,,39.81387296493093,0.9302449629598698,0.1780749881212121,0.9811525351410931,0.999999999037642,9.62700030804342e-10
2013.973686,4.186631421,586.1437387,2643.117913,0.224266755,0.717752277,-8.968679428,1.386783269,0.006008806,3.42431e-13,0.26358724,0.001284893,0.726987891,0.001480152,1.0917e-05,0.003970608,0.002678295,3.63136e-09,,39.70657764372363,0.930055172126642,0.17761931475757575,0.981092161875772,0.9999999996317026,3.68639896386469e-10
2012.170212,4.185774499,584.6424102,2642.950257,0.224252462,0.717749497,-8.968823451,1.386791497,0.006019102,3.42757e-13,0.263164195,0.001283043,0.727404142,0.001481554,1.09304e-05,0.003974647,0.002681486,3.62541e-09,,39.59980340583874,0.9298648079273452,0.17716436672727273,0.9810299300749572,1.0000000010257528,-1.0254099791495719e-09
2010.366738,4.184915004,583.1433252,2642.784007,0.224238188,0.71774677,-8.968967297,1.386799901,0.006029424,3.43084e-13,0.262741186,0.001281193,0.727820327,0.001482956,1.09439e-05,0.003978705,0.002684685,3.61946e-09,,39.49310567460039,0.9296738721391701,0.17671009854545455,0.980968220163678,0.999999999519803,4.805400521945558e-10
2008.563264,4.184052913,581.6465301,2642.617123,0.224223882,0.717744059,-8.969111469,1.386807979,0.006039771,3.43412e-13,0.262318239,0.001279344,0.728236442,0.00148436,1.09574e-05,0.003982766,0.002687888,3.61351e-09,,39.38660841462101,0.9294823596526944,0.17625652427272726,0.9809062749195642,1.0000000000138534,-1.3510081942058605e-11
2006.75979,4.183188219,580.15202,2642.449738,0.2242096,0.717741456,-8.969255406,1.386816292,0.006050142,3.4374e-13,0.261895354,0.001277493,0.728652491,0.001485764,1.09709e-05,0.003986834,0.00269109,3.60754e-09,,39.28031672030506,0.9292902689128758,0.17580364242424243,0.9808441437105446,1.0000000005078837,-5.075400100196248e-10
2005.028455,4.18235565,578.7193917,2642.29042,0.22419586,0.717738928,-8.969393891,1.386823967,0.006060123,3.44056e-13,0.261489417,0.001275716,0.729051835,0.001487114,1.0984e-05,0.003990755,0.002694176,3.60181e-09,,39.178335114605126,0.9291053147034563,0.17536951263636363,0.9807850068705736,1.000000000602154,-6.018099352189665e-10
2003.29712,4.181520646,577.2889441,2642.126836,0.224182105,0.717736529,-8.969532524,1.386831495,0.006070125,3.44372e-13,0.261083577,0.00127394,0.729451118,0.001488464,1.09969e-05,0.003994653,0.002697247,3.59608e-09,,39.07680526553458,0.9289198195616937,0.17493604366666665,0.9807242865449994,0.9999999994964243,5.039201278478345e-10
2001.565785,4.180683189,575.8605389,2641.964516,0.224168357,0.717734162,-8.969671106,1.386839074,0.006080151,3.44688e-13,0.260677763,0.001272163,0.72985035,0.001489815,1.10099e-05,0.003998569,0.002700326,3.59034e-09,,38.975338534322745,0.9287337794889093,0.17450319360606062,0.9806640354003447,0.9999999994906846,5.096599808851465e-10
1999.83445,4.179843231,574.4341706,2641.801494,0.224154601,0.717731854,-8.969809763,1.386846576,0.006090201,3.45005e-13,0.260271973,0.001270386,0.730249554,0.001491167,1.1023e-05,0.004002488,0.002703406,3.5846e-09,,38.87406287579853,0.928547183821961,0.1740709607878788,0.9806035236821097,1.000000000584945,-5.845999240250421e-10
1998.103115,4.179000802,573.0098812,2641.637993,0.224140857,0.717729627,-8.969948324,1.386854176,0.006100275,3.45323e-13,0.259866229,0.001268608,0.730648705,0.001492519,1.1036e-05,0.004006412,0.002706487,3.57884e-09,,38.77297178842196,0.9283600392253122,0.17363935793939395,0.9805428341650927,0.9999999995791853,4.211599957670842e-10
1996.441033,4.178189813,571.6445641,2641.482246,0.224127634,0.717727463,-8.970081626,1.386861187,0.006109967,3.45628e-13,0.259476784,0.001266901,0.731031795,0.001493819,1.10486e-05,0.004010194,0.002709455,3.57332e-09,,38.67598702741435,0.9281798789871303,0.1732256254848485,0.9804850228354567,1.0000000001736657,-1.7332002499870214e-10
1994.778952,4.177376613,570.2813162,2641.322822,0.224114416,0.71772544,-8.970214891,1.386868237,0.00611968,3.45934e-13,0.259087466,0.001265195,0.73141479,0.001495119,1.10611e-05,0.004013958,0.002712408,3.56779e-09,,38.57940576495192,0.9279992275779376,0.17281252006060605,0.9804258466496174,1.000000000668136,-6.677900454832297e-10
1993.11687,4.176561198,568.9200355,2641.16429,0.224101186,0.717723425,-8.970348275,1.386875167,0.006129413,3.4624e-13,0.258698221,0.001263488,0.731797689,0.00149642,1.10736e-05,0.004017735,0.00271537,3.56225e-09,,38.48290261646338,0.9278180841091394,0.17240001075757577,0.9803670015629713,1.0000000001625962,-1.622499912201647e-10
1991.454789,4.175743556,567.5607558,2641.005346,0.224087951,0.717721458,-8.970481721,1.386882034,0.006139168,3.46546e-13,0.258309068,0.001261781,0.73218049,0.001497721,1.10862e-05,0.004021517,0.002718334,3.55671e-09,,38.38656526339586,0.9276364459149496,0.17198810781818183,0.9803080035471012,1.0000000007570564,-7.567098059269028e-10
1989.792707,4.174923684,566.203479,2640.84582,0.224074693,0.717719514,-8.970615398,1.386888671,0.006148944,3.46853e-13,0.257920009,0.001260075,0.73256319,0.001499024,1.10988e-05,0.0040253,0.002721299,3.55117e-09,,38.29042337469116,0.9274543123289224,0.17157681181818182,0.9802487895001435,0.999999999351517,6.488298787132862e-10
1988.197109,4.174134512,564.9023449,2640.693603,0.224061986,0.717717705,-8.970743536,1.386895235,0.00615835,3.47148e-13,0.257546585,0.001258437,0.73293049,0.001500275,1.11109e-05,0.004028947,0.002724152,3.54585e-09,,38.19819506492593,0.927278998711245,0.17118252875757575,0.9801922884621574,1.0000000004461973,-4.458500235671181e-10
1986.60151,4.173343271,563.6031194,2640.53826,0.224049254,0.717715973,-8.970871926,1.386901545,0.006167773,3.47444e-13,0.257173283,0.001256798,0.733297693,0.001501527,1.11229e-05,0.004032578,0.002726994,3.54052e-09,,38.10631487925257,0.9271032254676875,0.17078882406060605,0.9801346270922454,0.9999999994408674,5.594800178698733e-10
1985.005912,4.172549961,562.3057151,2640.383687,0.224036526,0.717714273,-8.971000289,1.386907884,0.006177217,3.4774e-13,0.256800057,0.00125516,0.7336648,0.00150278,1.1135e-05,0.004036221,0.002729843,3.53519e-09,,38.01451439118788,0.92692699259825,0.17039567124242425,0.9800772515366595,0.9999999995355379,4.648098572701542e-10
1983.410314,4.171754578,561.0101611,2640.228636,0.224023792,0.71771262,-8.971128713,1.386914161,0.006186681,3.48036e-13,0.256426924,0.001253522,0.734031809,0.001504033,1.11472e-05,0.004039868,0.002732693,3.52985e-09,,37.92287463981206,0.9267502992143374,0.17000307912121213,0.9800196985534789,0.999999999730198,2.701501244928295e-10
1981.814715,4.170957115,559.7164579,2640.073169,0.224011068,0.717711036,-8.971257051,1.386920525,0.006196164,3.48333e-13,0.256053885,0.001251884,0.734398718,0.001505287,1.11593e-05,0.004043519,0.002735544,3.52451e-09,,37.83139774490965,0.9265731437609079,0.16961104784848485,0.9799619911563249,0.9999999998248582,1.7549006692263447e-10
1979.899997,4.169997409,558.1664331,2639.887079,0.223995767,0.717709132,-8.971411374,1.386927843,0.006207571,3.4869e-13,0.255606351,0.001249918,0.734838877,0.001506793,1.11739e-05,0.004047912,0.002738972,3.5181e-09,,37.72176951269305,0.9263599462187158,0.16914134336363634,0.9798929168863102,1.0000000004184486,-4.1809999906661233e-10
1977.985279,4.169034692,556.6191054,2639.699114,0.223980464,0.717707333,-8.971565733,1.386935126,0.006219005,3.49048e-13,0.255158972,0.001247952,0.735278886,0.0015083,1.11884e-05,0.004052301,0.002742396,3.51168e-09,,37.61246174446285,0.9261460797864685,0.16867245618181817,0.9798231466398524,0.9999999989120291,1.0883199896838391e-09
1976.070561,4.168068957,555.0744496,2639.510451,0.223965153,0.717705602,-8.971720182,1.386942319,0.006230469,3.49406e-13,0.254711737,0.001245987,0.735718745,0.001509808,1.1203e-05,0.004056695,0.002745821,3.50526e-09,,37.50339234723269,0.9259315429091239,0.16820437866666665,0.9797531173045642,0.9999999995056095,4.947400267241164e-10
1974.155843,4.167100194,553.5324677,2639.32109,0.223949834,0.717703938,-8.971874722,1.38694942,0.00624196,3.49764e-13,0.254264648,0.001244021,0.736158451,0.001511317,1.12176e-05,0.004061094,0.002749248,3.49883e-09,,37.394556418264294,0.9257163333651942,0.1677371114242424,0.9796828288804453,1.0000000000991796,-9.882983320608218e-11
1972.241126,4.166128395,551.9931618,2639.131027,0.223934506,0.717702343,-8.972029354,1.38695643,0.006253481,3.50124e-13,0.253817707,0.001242056,0.736598,0.001512827,1.12322e-05,0.004065498,0.002752676,3.4924e-09,,37.28595952278372,0.9255004493774891,0.1672706550909091,0.9796122798827462,0.99999999969275,3.076000565371828e-10
1970.402996,4.165192605,550.5179476,2638.947897,0.223919784,0.717700876,-8.972177889,1.386963071,0.006264568,3.50469e-13,0.253388787,0.00124017,0.737019818,0.001514277,1.12463e-05,0.00406973,0.002755969,3.48622e-09,,37.18192704862697,0.9252925647461457,0.16682362048484847,0.9795443043275428,1.0000000007865704,-7.862199780106494e-10
1968.564867,4.164253994,549.0452523,2638.762034,0.223905041,0.717699499,-8.972326637,1.386969498,0.006275681,3.50815e-13,0.252960035,0.001238284,0.737441485,0.001515729,1.12602e-05,0.004073951,0.002759253,3.48004e-09,,37.07825864179137,0.9250840534330205,0.16637734918181818,0.979475314317076,1.0000000006803906,-6.800398022477339e-10
1966.726738,4.163312576,547.5749785,2638.577528,0.223890323,0.717698194,-8.972475142,1.38697617,0.006286821,3.51162e-13,0.252531401,0.001236397,0.737863005,0.001517181,1.12743e-05,0.004078192,0.002762546,3.47384e-09,,36.97467645804563,0.924874918548196,0.16593181166666668,0.9794068280079603,0.9999999997741912,2.2615986861040938e-10
1964.888608,4.16236832,546.1071789,2638.392489,0.223875578,0.717696917,-8.972623929,1.386982559,0.006297989,3.51509e-13,0.252102914,0.001234511,0.738284369,0.001518634,1.12884e-05,0.004082438,0.002765842,3.46765e-09,,36.87130089331072,0.9246651532050595,0.16548702390909092,0.979338143855941,0.9999999998680014,1.3235013085477476e-10
1963.050479,4.161421232,544.6418545,2638.206711,0.223860825,0.717695705,-8.972772805,1.386988858,0.006309183,3.51857e-13,0.251674576,0.001232625,0.738705578,0.001520089,1.13025e-05,0.004086687,0.002769139,3.46145e-09,,36.76815315316094,0.9244547587365042,0.1650429862121212,0.9792691853964063,0.9999999999618019,3.854994101715192e-11
1961.285875,4.160509349,543.2374251,2638.029943,0.223846648,0.717694537,-8.972915881,1.386994752,0.006319956,3.52191e-13,0.251263489,0.001230815,0.739109788,0.001521486,1.13161e-05,0.004090787,0.002772316,3.4555e-09,,36.669186386299025,0.9242521850166704,0.16461740154545454,0.9792035713356725,1.0000000005558525,-5.555000903711971e-10
1959.521271,4.159594836,541.8353691,2637.848605,0.223832466,0.717693527,-8.97305901,1.387000591,0.006330752,3.52526e-13,0.250852591,0.001229005,0.739513851,0.001522884,1.13296e-05,0.004094862,0.002775475,3.44954e-09,,36.570685973907835,0.9240490270454765,0.16419253609090909,0.9791362609483549,1.0000000010498926,-1.0495400104559849e-09
1957.756667,4.158677689,540.4355581,2637.668494,0.223818275,0.71769253,-8.973202234,1.387006336,0.006341574,3.52861e-13,0.250441816,0.001227195,0.739917762,0.001524282,1.13431e-05,0.004098954,0.002778644,3.44358e-09,,36.47226797464081,0.9238452839343272,0.16376835093939393,0.9790694060080215,0.9999999995439329,4.564199018730619e-10
1955.992063,4.157757908,539.0380339,2637.487651,0.22380409,0.717691616,-8.973345412,1.387012127,0.006352421,3.53197e-13,0.250031186,0.001225386,0.740321524,0.001525682,1.13567e-05,0.00410305,0.002781813,3.43761e-09,,36.374056671687335,0.9236409556832221,0.16334485875757573,0.9790022793584848,1.0000000011379633,-1.13761000619661e-09
1954.227459,4.156835471,537.6427988,2637.306351,0.223789891,0.717690748,-8.973488734,1.387017774,0.006363293,3.53534e-13,0.249620705,0.001223576,0.740725129,0.001527082,1.13703e-05,0.004107151,0.002784984,3.43164e-09,,36.27603719026269,0.9234360374048881,0.16292206024242425,0.9789349830762898,1.0000000007319936,-7.316400818524471e-10
1952.533439,4.155947442,536.305487,2637.133389,0.223776258,0.717689941,-8.973626349,1.387023169,0.006373755,3.53858e-13,0.249226762,0.001221839,0.741112445,0.001528427,1.13834e-05,0.004111104,0.002788036,3.42591e-09,,36.18202493363678,0.9232387628226774,0.16251681424242423,0.9788707817549384,0.9999999998262638,1.7409007568858215e-10
1950.839419,4.155056956,534.9703628,2636.956563,0.223762609,0.71768925,-8.973764133,1.387028395,0.006384238,3.54182e-13,0.248833001,0.001220103,0.741499612,0.001529773,1.13964e-05,0.004115036,0.002791075,3.42017e-09,,36.08840801342486,0.9230409424208497,0.16211223115151516,0.9788051461653331,0.9999999998205242,1.7983003974819667e-10
1949.145399,4.15416401,533.6373175,2636.780743,0.223748958,0.717688585,-8.973901947,1.387033591,0.006394746,3.54506e-13,0.248439364,0.001218366,0.741886632,0.00153112,1.14095e-05,0.004118984,0.002794121,3.41443e-09,,35.99487731042468,0.9228425755329587,0.16170827803030302,0.9787398839902887,0.9999999999147845,8.556999553377409e-11
1947.451379,4.153268599,532.3063873,2636.604354,0.223735294,0.717687966,-8.974039897,1.387038651,0.006405277,3.54831e-13,0.248045871,0.00121663,0.742273501,0.001532467,1.14226e-05,0.004122935,0.002797169,3.40868e-09,,35.90153078013015,0.9226436610482606,0.16130496584848483,0.9786744106095933,0.9999999990090349,9.913199150446417e-10
1945.757359,4.152370721,530.9775727,2636.427353,0.223721636,0.717687424,-8.974177803,1.387043755,0.006415832,3.55157e-13,0.247652525,0.001214894,0.742660219,0.001533816,1.14357e-05,0.004126891,0.002800216,3.40293e-09,,35.8083735055824,0.9224441985224576,0.16090229475757575,0.9786087100621866,1.0000000001032852,-1.0292988683602289e-10
1944.1311,4.151506431,529.7038687,2636.258353,0.223708515,0.717686918,-8.974310284,1.387048564,0.006425987,3.5547e-13,0.247275033,0.001213228,0.743031325,0.001535111,1.14483e-05,0.004130702,0.00280315,3.39741e-09,,35.71902316513349,0.9222521975307569,0.16051632384848485,0.9785459793854577,1.0000000006977654,-6.974099076018092e-10
1942.504841,4.15063985,528.4321802,2636.086115,0.223695391,0.717686533,-8.9744428,1.387053338,0.006436163,3.55783e-13,0.246897714,0.001211562,0.743402285,0.001536406,1.14609e-05,0.004134497,0.002806072,3.39189e-09,,35.630014674807924,0.9220596875961413,0.1601309636969697,0.97848204680381,1.000000000292246,-2.918902897164344e-10
1940.878582,4.149770975,527.1624175,2635.914537,0.223682238,0.717686133,-8.974575619,1.387057808,0.006446361,3.56097e-13,0.246520519,0.001209896,0.743773101,0.001537703,1.14735e-05,0.004138304,0.002809001,3.38636e-09,,35.54109928684931,0.9218666680521642,0.1597461871212121,0.9784183592058704,1.0000000008867163,-8.863600964303942e-10
1939.252322,4.148899804,525.8946089,2635.742498,0.2236691,0.71768582,-8.974708293,1.387062424,0.006456581,3.56412e-13,0.246143466,0.001208231,0.744143769,0.001539,1.14861e-05,0.004142115,0.00281193,3.38083e-09,,35.45235639964167,0.9216731384545281,0.15936200269696968,0.9783545004905225,1.0000000004811864,-4.808300424485878e-10
1937.626063,4.148026331,524.6287566,2635.569849,0.22365595,0.717685551,-8.974841094,1.387066913,0.006466823,3.56727e-13,0.245766556,0.001206565,0.74451429,0.001540298,1.14987e-05,0.004145929,0.00281486,3.3753e-09,,35.36378552117516,0.9214790974703402,0.15897841109090907,0.9782904153508386,1.0000000000756566,-7.529998846678154e-11
1936.064854,4.147185627,523.4153508,2635.4049,0.223643324,0.717685318,-8.974968609,1.387071197,0.006476676,3.57029e-13,0.245404843,0.001204967,0.744869849,0.001541544,1.15109e-05,0.004149603,0.002817679,3.36998e-09,,35.278840580573906,0.9212923360803823,0.15861071236363639,0.978229188354414,0.9999999992703368,7.300201554372165e-10
1934.503646,4.146342786,522.2038032,2635.237106,0.22363068,0.717685168,-8.975096315,1.387075288,0.006486549,3.57332e-13,0.245043295,0.001203369,0.745225266,0.001542791,1.1523e-05,0.004153263,0.002820488,3.36467e-09,,35.19419919781437,0.9211050999584255,0.15824357672727274,0.978166905329733,0.9999999983650273,1.6353299825411227e-09
1932.942437,4.145497813,520.9940363,2635.069922,0.223618053,0.717685079,-8.975223853,1.387079549,0.006496443,3.57636e-13,0.24468187,0.001201771,0.745580543,0.001544039,1.15351e-05,0.004156935,0.002823302,3.35935e-09,,35.109647104920654,0.920917390215214,0.15787698069696968,0.9781048487293884,0.9999999984597077,1.5406499409564844e-09
1931.381228,4.144650698,519.7860766,2634.90217,0.223605405,0.717685016,-8.975351606,1.387083593,0.006506357,3.5794e-13,0.244320584,0.001200174,0.745935678,0.001545287,1.15473e-05,0.00416061,0.002826117,3.35402e-09,,35.02525104975853,0.9207292046292597,0.15751093230303032,0.9780425812945798,1.0000000006543779,-6.540199493088039e-10
1929.820019,4.143801434,518.5799252,2634.733939,0.223592736,0.717684976,-8.975479572,1.387087426,0.006516291,3.58244e-13,0.243959438,0.001198577,0.746290666,0.001546537,1.15594e-05,0.004164287,0.002828934,3.3487e-09,,34.94101274124438,0.9205405416455207,0.1571454318787879,0.9779801360609894,1.0000000017490582,-1.7487000736338132e-09
1927.946569,4.142779481,517.1349574,2634.530227,0.223577547,0.717685054,-8.975633016,1.387092139,0.006528239,3.5861e-13,0.243526263,0.00119666,0.74671646,0.001548036,1.1574e-05,0.004168695,0.002832308,3.34231e-09,,34.840214332281576,0.9203135160065897,0.15670756284848483,0.9779045207259728,0.9999999993426686,6.576900135613073e-10
1926.073118,4.141754422,515.6925689,2634.327015,0.223562346,0.717685169,-8.975786581,1.387096732,0.006540217,3.58977e-13,0.24309328,0.001194745,0.74714204,0.001549537,1.15886e-05,0.004173118,0.002835689,3.33591e-09,,34.739558762932084,0.920085800373467,0.1562704754242424,0.9778290909846741,1.0000000009362688,-9.359100161532297e-10
1924.199668,4.140726255,514.2527877,2634.123024,0.223547151,0.71768538,-8.9759401,1.387101371,0.006552225,3.59344e-13,0.242660505,0.001192829,0.747567407,0.001551038,1.16032e-05,0.004177545,0.002839069,3.32951e-09,,34.63914183513971,0.9198573943018544,0.1558341780909091,0.9777533720883628,0.9999999995298694,4.704899803087415e-10
1922.326217,4.139694964,512.8156174,2633.918228,0.22353191,0.717685604,-8.976094076,1.387105552,0.006564263,3.59712e-13,0.242227943,0.001190914,0.747992554,0.001552541,1.16179e-05,0.004181974,0.002842453,3.32311e-09,,34.53894819188994,0.9196282942373716,0.1553986719393939,0.9776773543861652,1.0000000002234697,-2.231099749394616e-10
1920.452767,4.138660548,511.3810568,2633.712823,0.223516705,0.717685969,-8.976247713,1.387110074,0.00657633,3.6008e-13,0.241795593,0.001189,0.748417481,0.001554044,1.16325e-05,0.004186412,0.002845835,3.3167e-09,,34.43897428233415,0.9193984999578692,0.1549639566060606,0.9776011106308189,1.0000000008170602,-8.167000409287084e-10
1918.654254,4.137664559,510.006287,2633.517041,0.22350207,0.717686286,-8.976395598,1.38711402,0.006587944,3.60435e-13,0.241380714,0.001187162,0.748825201,0.001555488,1.16467e-05,0.00419069,0.002849095,3.31055e-09,,34.34308180842931,0.9191772421905422,0.1545473596969697,0.9775284388121719,1.0000000000109106,-1.0550005313803013e-11
1916.855742,4.136665669,508.6340198,2633.316581,0.223487444,0.717686794,-8.976543392,1.387118057,0.006599583,3.60789e-13,0.240966088,0.001185325,0.749232712,0.001556933,1.16607e-05,0.004194943,0.002852334,3.30439e-09,,34.24765523444098,0.9189553399695286,0.15413152115151516,0.977454030578698,0.9999999990047508,9.956100388563982e-10
1915.057229,4.135663877,507.2641214,2633.117211,0.223472788,0.717687289,-8.976691498,1.387121783,0.006611251,3.61145e-13,0.240551644,0.001183489,0.749640013,0.001558378,1.16748e-05,0.004199213,0.002855585,3.29823e-09,,34.152316391117644,0.9187327930726793,0.15371640042424242,0.9773800269395296,1.0000000000985914,-9.823009072817968e-11
1913.258717,4.134659173,505.8966348,2632.917207,0.223458138,0.717687871,-8.976839561,1.387125551,0.006622947,3.61501e-13,0.240137406,0.001181653,0.750047101,0.001559825,1.16889e-05,0.004203488,0.002858835,3.29207e-09,,34.057190545227364,0.9185095992785065,0.15330201054545456,0.9773057879675265,1.0000000001924316,-1.9207013757238656e-10
1911.460204,4.13365155,504.5315619,2632.716562,0.223443479,0.717688519,-8.976987715,1.387129229,0.006634671,3.61858e-13,0.239723377,0.001179818,0.750453974,0.001561272,1.1703e-05,0.004207767,0.002862086,3.28591e-09,,33.96227295322361,0.9182857570319682,0.1528883520909091,0.9772313110643769,1.000000000286272,-2.8591018441659344e-10
1909.733632,4.132681486,503.2233212,2632.525068,0.223429403,0.717689169,-8.977129988,1.387132714,0.006645953,3.622e-13,0.239326084,0.001178056,0.750844368,0.001562662,1.17167e-05,0.004211893,0.002865217,3.27999e-09,,33.871230655387585,0.9180702584724418,0.1524919155151515,0.9771602308974565,0.9999999999803522,2.001010468433151e-11
1908.00706,4.131708714,501.9173868,2632.329487,0.223415305,0.717689938,-8.977272486,1.387135974,0.006657259,3.62544e-13,0.238929032,0.001176295,0.751234559,0.001564053,1.17302e-05,0.004215997,0.002868331,3.27406e-09,,33.78059626452301,0.9178541583339482,0.1520961778181818,0.9770876336874842,1.0000000004744225,-4.740599024444236e-10
1906.280488,4.130733236,500.613644,2632.134927,0.223401216,0.717690757,-8.977414905,1.387139313,0.006668592,3.62888e-13,0.238532158,0.001174534,0.751624545,0.001565444,1.17438e-05,0.004220117,0.002871454,3.26814e-09,,33.69005214772792,0.917637457060785,0.15170110424242425,0.9770154154598842,0.9999999990685029,9.31859922559397e-10
1904.553916,4.129755045,499.3121308,2631.939684,0.223387112,0.717691629,-8.977557473,1.387142504,0.006679951,3.63232e-13,0.238135486,0.001172774,0.752014325,0.001566837,1.17574e-05,0.00422424,0.002874577,3.26221e-09,,33.59970722821562,0.9174201530979105,0.1513067063030303,0.9769429437112652,0.9999999996625732,3.3778990715660484e-10
1902.827344,4.128774135,498.0128478,2631.743801,0.223373014,0.717692583,-8.977700005,1.38714573,0.006691335,3.63578e-13,0.237739016,0.001171015,0.752403897,0.00156823,1.1771e-05,0.004228368,0.0028777,3.25628e-09,,33.50955161029565,0.9172022451124321,0.15091298418181817,0.9768702344026872,1.0000000002566436,-2.562798862015825e-10
1901.169835,4.127829894,496.7676008,2631.55671,0.223359451,0.717693487,-8.977837119,1.387148543,0.00670229,3.63909e-13,0.237358579,0.001169326,0.752777687,0.001569568,1.17841e-05,0.004232346,0.002880708,3.25058e-09,,33.42308189588346,0.9169924831015279,0.15053563660606062,0.9768007885740486,1.0000000013509438,-1.3505798701629601e-09
1899.512326,4.126883135,495.5244775,2631.366117,0.223345887,0.717694526,-8.977974254,1.387151336,0.006713267,3.64242e-13,0.236978369,0.001167638,0.753151281,0.001570906,1.17972e-05,0.004236305,0.002883701,3.24489e-09,,33.33697252227182,0.9167821617199295,0.15015893257575758,0.9767300428470084,1.0000000004452543,-4.448899026954223e-10
1897.854817,4.125933854,494.2833828,2631.176257,0.223332319,0.717695597,-8.97811144,1.387154078,0.006724269,3.64575e-13,0.236598336,0.00116595,0.753524677,0.001572246,1.18103e-05,0.004240278,0.002886701,3.23919e-09,,33.25095831672493,0.9165712800790422,0.14978284327272728,0.9766595692003589,1.0000000015395547,-1.5391901087014048e-09
1896.197308,4.124982046,493.0443477,2630.9858,0.223318755,0.717696744,-8.978248593,1.387156853,0.006735295,3.64908e-13,0.236218496,0.001164263,0.753897874,0.001573585,1.18234e-05,0.004244255,0.0028897,3.23348e-09,,33.16512553596933,0.9163598370681215,0.1494073780909091,0.9765888739548099,0.999999999633845,3.6651992552094725e-10
1894.539799,4.124027701,491.8073744,2630.794732,0.223305162,0.717697913,-8.97838605,1.387159324,0.006746346,3.65242e-13,0.235838854,0.001162576,0.754270868,0.001574926,1.18365e-05,0.004248235,0.002892702,3.22778e-09,,33.07946046299519,0.9161478304656794,0.1490325376969697,0.9765179519137374,1.0000000007281453,-7.277800584404304e-10
1892.94859,4.123109143,490.6217893,2630.612065,0.223292119,0.71769908,-8.978517949,1.387161756,0.006756978,3.65563e-13,0.235474566,0.001160957,0.754628752,0.001576214,1.18491e-05,0.004252069,0.002895589,3.2223e-09,,32.9973187250551,0.9159437739025644,0.1486732694848485,0.9764501482183169,0.9999999993226654,6.777001182456388e-10
1891.357381,4.122188239,489.4381611,2630.426393,0.223279064,0.717700351,-8.978649973,1.387164063,0.006767631,3.65884e-13,0.235110494,0.001159339,0.754986446,0.001577502,1.18617e-05,0.004255888,0.002898465,3.21682e-09,,32.9154808406358,0.9157391961783501,0.14831459427272728,0.9763812291046506,0.9999999989171858,1.083179990146732e-09
1889.766172,4.121264986,488.2564096,2630.241282,0.223266004,0.717701653,-8.978782047,1.387166319,0.006778307,3.66206e-13,0.234746594,0.001157722,0.75534395,0.001578791,1.18743e-05,0.004259719,0.002901347,3.21134e-09,,32.83373786866261,0.9155340966265901,0.14795648775757575,0.9763125182271358,1.0000000005117062,-5.113400813883118e-10
1888.174963,4.120339378,487.076561,2630.05561,0.223252938,0.717703009,-8.978914196,1.387168501,0.006789006,3.66529e-13,0.234382882,0.001156104,0.755701262,0.00158008,1.18869e-05,0.004263553,0.002904229,3.20586e-09,,32.75216041650682,0.9153284739143915,0.14759895787878788,0.9762435991134694,1.0000000001062264,-1.058599874426136e-10
1886.583755,4.119411412,485.8986162,2629.869374,0.223239865,0.717704419,-8.979046419,1.387170608,0.006799727,3.66851e-13,0.234019359,0.001154488,0.75605838,0.00158137,1.18996e-05,0.00426739,0.002907111,3.20038e-09,,32.6707477690886,0.915122327375308,0.1472420049090909,0.9761744706500889,1.0000000008007468,-8.003799845113235e-10
1885.056194,4.118518341,484.7695558,2629.69117,0.223227311,0.717705801,-8.979173402,1.387172583,0.006810041,3.67162e-13,0.233670542,0.001152936,0.756401029,0.001582609,1.19117e-05,0.004271085,0.002909884,3.19511e-09,,32.59267833936617,0.9149239327188163,0.1468998653939394,0.9761083235641966,0.999999999895477,1.0489009660830106e-10
1883.528634,4.117623087,483.6422983,2629.510386,0.223214747,0.717707276,-8.979300495,1.387174448,0.006820376,3.67473e-13,0.233321928,0.001151385,0.756743497,0.001583848,1.19239e-05,0.004274768,0.002912647,3.18984e-09,,32.5148760616296,0.9147250531114809,0.1465582722121212,0.9760412188147186,1.0000000000902076,-8.984013533108737e-11
1882.001073,4.116725646,482.5167762,2629.330022,0.223202178,0.717708781,-8.979427638,1.387176262,0.006830731,3.67784e-13,0.232973482,0.001149835,0.757085781,0.001585088,1.1936e-05,0.00427846,0.002915414,3.18457e-09,,32.437179167093156,0.9145256876647062,0.1462172049090909,0.975974269963964,0.9999999991849379,8.154299457885372e-10
1880.473513,4.115826014,481.3930117,2629.14916,0.223189603,0.717710337,-8.979554851,1.387178007,0.006841108,3.68096e-13,0.232625216,0.001148285,0.757427881,0.001586329,1.19482e-05,0.004282156,0.002918182,3.1793e-09,,32.35962335044112,0.9143258354898971,0.1458766702121212,0.9759071362618659,1.000000000379668,-3.793001468466173e-10
1878.945953,4.114924189,480.2710055,2628.96772,0.223177021,0.717711944,-8.979682134,1.387179681,0.006851505,3.68408e-13,0.232277131,0.001146735,0.757769795,0.00158757,1.19603e-05,0.004285855,0.00292095,3.17403e-09,,32.28221925252287,0.9141254961427562,0.14553666833333334,0.9758397880134299,0.9999999994743984,5.259700452953098e-10
1877.11288,4.113839093,478.926944,2628.748294,0.223161913,0.71771396,-8.979834985,1.38718158,0.00686401,3.68783e-13,0.231859685,0.001144877,0.758179844,0.00158906,1.19749e-05,0.00429029,0.002924267,3.16771e-09,,32.189589870622214,0.9138844433617562,0.14512937696969697,0.9757583398390396,1.000000001068079,-1.0677101425216051e-09
1875.279808,4.112750825,477.5853928,2628.529141,0.223146798,0.717716028,-8.979987917,1.387183396,0.006876545,3.69159e-13,0.231442492,0.001143019,0.758589621,0.001590551,1.19895e-05,0.004294736,0.002927589,3.16138e-09,,32.09712346616703,0.9136426859247431,0.1447228463030303,0.9756769929988196,1.0000000006617493,-6.613800618282539e-10
1873.446735,4.111659377,476.246377,2628.309224,0.223131674,0.71771817,-8.980140951,1.387185111,0.006889111,3.69535e-13,0.231025567,0.001141162,0.758999123,0.001592042,1.20041e-05,0.004299187,0.002930912,3.15504e-09,,32.00486645069706,0.9134002220545261,0.14431708393939394,0.9755953625713982,1.0000000002554095,-2.550399891276811e-10
1871.613663,4.110564741,474.909898,2628.088541,0.22311654,0.717720385,-8.980294087,1.387186724,0.006901707,3.69913e-13,0.230608914,0.001139305,0.759408348,0.001593534,1.20188e-05,0.004303643,0.002934234,3.14871e-09,,31.912826701199428,0.9131570499739151,0.14391209030303032,0.9755134478144007,0.9999999999490798,5.129008329163298e-11
1869.78059,4.10946691,473.5759568,2627.86709,0.223101397,0.717722673,-8.980447325,1.387188236,0.006914334,3.7029e-13,0.230192534,0.00113745,0.759817293,0.001595028,1.20334e-05,0.004308102,0.002937557,3.14238e-09,,31.82100584074024,0.9129131681278684,0.1435078656969697,0.9754312479854522,1.0000000005427503,-5.423799187553868e-10
1868.020841,4.108409982,472.2977173,2627.655724,0.223086854,0.7177249,-8.980594496,1.387189623,0.006926486,3.70654e-13,0.229793044,0.001135669,0.760209615,0.001596461,1.20476e-05,0.004312403,0.002940757,3.13629e-09,,31.73294185646946,0.9126783728344412,0.14312052039393938,0.9753527915817983,0.9999999997366605,2.637101648161888e-10
1866.261091,4.107350094,471.0219013,2627.440041,0.223072297,0.717727269,-8.980741824,1.387190855,0.006938665,3.71018e-13,0.229393857,0.001133889,0.760601674,0.001597896,1.20616e-05,0.004316679,0.002943939,3.13021e-09,,31.645290175882984,0.9124429199805475,0.1427339094848485,0.975272732761982,0.9999999987305811,1.2697899398617096e-09
1864.501341,4.106287245,469.7483895,2627.225296,0.223057734,0.717729673,-8.980889218,1.387192019,0.006950872,3.71382e-13,0.228994908,0.00113211,0.760993469,0.001599332,1.20757e-05,0.004320972,0.002947129,3.12412e-09,,31.557742176356918,0.9122068093440387,0.1423479968181818,0.9751930221159811,0.9999999988244913,1.1758800599892538e-09
1862.741592,4.105221426,468.4772207,2627.009835,0.223043162,0.717732145,-8.981036708,1.387193088,0.006963108,3.71747e-13,0.228596221,0.001130332,0.761384998,0.001600768,1.20898e-05,0.00432527,0.002950319,3.11804e-09,,31.47038881726196,0.9119700389255757,0.14196279415151514,0.9751130456997756,1.0000000009184118,-9.180400883934681e-10
1860.981842,4.104152632,467.2083959,2626.793655,0.223028582,0.717734687,-8.981184294,1.387194062,0.006975373,3.72113e-13,0.228197796,0.001128555,0.761776257,0.001602205,1.21039e-05,0.004329571,0.00295351,3.11195e-09,,31.383233972078674,0.9117326076144142,0.1415783017878788,0.9750328023998037,1.000000001012322,-1.0119498572436214e-09
1859.292483,4.103123786,465.9924928,2626.587085,0.223014579,0.717737157,-8.981326041,1.387194931,0.006987175,3.72464e-13,0.227815537,0.001126849,0.762151612,0.001603584,1.21175e-05,0.004333716,0.002956581,3.1061e-09,,31.29966334224801,0.9115040507037624,0.1412098463030303,0.9749561262110942,0.9999999996064726,3.938999126873455e-10
1857.603123,4.102092184,464.7788208,2626.376821,0.223000563,0.717739755,-8.981467923,1.387195666,0.006999001,3.72817e-13,0.227433564,0.001125144,0.762526714,0.001604965,1.2131e-05,0.004337842,0.002959637,3.10026e-09,,31.216443070064894,0.9112748815510007,0.1408420669090909,0.9748780788559951,1.0000000001006328,-1.0026002250640431e-10
1855.913763,4.101057825,463.5672799,2626.167277,0.222986542,0.717742387,-8.981609874,1.387196332,0.007010855,3.73169e-13,0.227051822,0.00112344,0.762901562,0.001606346,1.21446e-05,0.004341982,0.0029627,3.09441e-09,,31.133328112192608,0.9110450999339802,0.14047493330303032,0.9748002987558502,0.9999999996947831,3.0558999775109896e-10
1854.224404,4.100020703,462.3579027,2625.957065,0.222972512,0.717745084,-8.981751913,1.387196909,0.007022736,3.73523e-13,0.226670331,0.001121737,0.763276155,0.001607728,1.21582e-05,0.004346125,0.002965763,3.08856e-09,,31.050398635098006,0.9108147045198084,0.14010845536363636,0.9747222707024977,1.0000000002889335,-2.8856006473176876e-10
1852.535044,4.098980811,461.1506899,2625.746181,0.222958474,0.717747845,-8.981894043,1.387197397,0.007034643,3.73877e-13,0.226289091,0.001120034,0.763650491,0.00160911,1.21718e-05,0.004350273,0.002968826,3.08271e-09,,30.967645622056065,0.9105836937534433,0.1397426333030303,0.9746439932111882,0.999999999883084,1.172899555257345e-10
1850.913259,4.097979905,459.9937712,2625.544478,0.222944992,0.717750527,-8.982030552,1.387197799,0.007046099,3.74217e-13,0.225923323,0.001118401,0.764009609,0.001610438,1.21849e-05,0.004354268,0.002971773,3.07709e-09,,30.888304511781843,0.9103613436804363,0.1393920518787879,0.9745691235917309,0.9999999999774644,2.2909896202349955e-11
1849.291474,4.096976436,458.8389067,2625.339608,0.222931499,0.717753322,-8.982167179,1.387198084,0.007057579,3.74558e-13,0.225557825,0.001116768,0.764368486,0.001611766,1.21979e-05,0.004358247,0.002974707,3.07148e-09,,30.80927266384425,0.9101384242400392,0.13904209293939393,0.9744930784216632,0.9999999999718544,2.8520075190385796e-11
1847.669688,4.095970403,457.6860122,2625.135284,0.222918006,0.717756162,-8.982303816,1.38719836,0.007069084,3.74899e-13,0.225192549,0.001115136,0.764727121,0.001613095,1.2211e-05,0.004362239,0.002977647,3.06586e-09,,30.730339913249146,0.9099149352101028,0.13869273096969698,0.9744172359199355,1.0000000010662349,-1.0658598448287648e-09
1846.047903,4.094961796,456.5351158,2624.930331,0.222904493,0.717759043,-8.982440653,1.387198434,0.007080614,3.75241e-13,0.224827512,0.001113504,0.765085511,0.001614424,1.22241e-05,0.004366233,0.002980588,3.06024e-09,,30.65157613023277,0.9096908743691394,0.1383439744848485,0.9743411599413104,0.9999999991606152,8.397599282616852e-10
1844.426118,4.093950616,455.3862173,2624.724716,0.222890979,0.717761994,-8.982577516,1.387198483,0.007092169,3.75583e-13,0.224462718,0.001111874,0.765443656,0.001615754,1.22372e-05,0.004370231,0.002983527,3.05462e-09,,30.5729858894957,0.9094662419392977,0.13799582342424244,0.9742648382366026,1.0000000002549956,-2.546201027797679e-10
1842.869204,4.092977453,454.2851289,2624.527967,0.222877999,0.717764856,-8.982708968,1.387198467,0.007103285,3.75912e-13,0.224112728,0.001110309,0.765787241,0.001617032,1.22498e-05,0.004374082,0.002986356,3.04923e-09,,30.49762262706594,0.9092500549406207,0.1376621602727273,0.9741918074797046,1.000000000849606,-8.492300196394353e-10
1841.31229,4.092001908,453.1859318,2624.32846,0.22286501,0.717767822,-8.982840524,1.387198347,0.007114423,3.76242e-13,0.223762992,0.001108745,0.766130597,0.001618309,1.22623e-05,0.004377918,0.002989173,3.04383e-09,,30.422542541826715,0.9090333387834877,0.13732907024242424,0.9741177529878575,0.9999999993442061,6.561701182405955e-10
1839.755377,4.091023978,452.0885558,2624.129353,0.222852015,0.717770821,-8.982972146,1.38719816,0.007125585,3.76572e-13,0.22341347,0.001107182,0.766473721,0.001619588,1.22749e-05,0.004381766,0.002991995,3.03843e-09,,30.34755650417255,0.9088160928014516,0.13699653206060605,0.9740438469709847,0.9999999999388064,6.157008236584716e-11
1838.198463,4.090043656,450.9930235,2623.929693,0.222839013,0.717773876,-8.983103846,1.387197895,0.007136769,3.76902e-13,0.223064177,0.001105619,0.766816613,0.001620866,1.22875e-05,0.004385616,0.002994817,3.03304e-09,,30.272728811777114,0.9085983154394712,0.13666455257575758,0.9739697356874598,0.999999998533417,1.4669598868977118e-09
1836.641549,4.089060938,449.899336,2623.729415,0.222825994,0.71777697,-8.983235728,1.387197449,0.007147977,3.77233e-13,0.222715114,0.001104058,0.76715927,0.001622146,1.23001e-05,0.004389469,0.00299764,3.02764e-09,,30.19805135199314,0.9083800058089513,0.13633313212121212,0.9738953950100993,1.0000000001280172,-1.2763989865050007e-10
1835.146912,4.088115278,448.8511088,2623.537549,0.222813509,0.717780006,-8.983362198,1.387197157,0.007158758,3.77552e-13,0.222380219,0.001102559,0.767488001,0.001623374,1.23123e-05,0.004393179,0.003000353,3.02246e-09,,30.12645770007875,0.908169928568891,0.13601548751515152,0.9738241767614527,1.0000000003228375,-3.2246005865488314e-10
1833.652274,4.087167403,447.8046233,2623.343342,0.222801011,0.717783125,-8.983488811,1.387196723,0.00716956,3.77871e-13,0.222045562,0.001101061,0.767816512,0.001624603,1.23243e-05,0.004396878,0.003003057,3.01728e-09,,30.055103159897076,0.9079593592692249,0.1356983706969697,0.9737520895630177,1.000000000317658,-3.172799800665871e-10
1832.157637,4.086217305,446.7598206,2623.149472,0.222788497,0.717786259,-8.983615587,1.387196125,0.007180384,3.7819e-13,0.22171111,0.001099564,0.768144802,0.001625832,1.23365e-05,0.004400586,0.003005765,3.01209e-09,,29.98384570041625,0.9077482961327629,0.13538176381818182,0.9736801274547489,0.9999999985124683,1.487909906394691e-09
1830.663,4.08526499,445.7167193,2622.955001,0.222775982,0.717789454,-8.983742388,1.387195502,0.007191229,3.78509e-13,0.221376876,0.001098068,0.768472873,0.001627062,1.23486e-05,0.004404296,0.003008474,3.00691e-09,,29.912729834547704,0.9075367404923974,0.13506567251515153,0.9736079422628305,1.0000000006072884,-6.069100777494896e-10
1829.168363,4.08431045,444.6753199,2622.760017,0.222763465,0.717792709,-8.983869211,1.387194857,0.007202096,3.7883e-13,0.22104286,0.001096572,0.76880072,0.001628293,1.23607e-05,0.00440801,0.003011181,3.00173e-09,,29.84175834763047,0.9073246905709382,0.13475009693939394,0.9735355666517578,0.9999999997021088,2.982700753051404e-10
1827.374798,4.083162055,443.4279091,2622.52444,0.222748423,0.717796685,-8.984021618,1.387193864,0.007215163,3.79214e-13,0.220642345,0.001094778,0.76919384,0.00162977,1.23752e-05,0.004412463,0.003014426,2.99551e-09,,29.756824517771214,0.9070695759926553,0.13437209366666666,0.9734481234290845,1.000000000195889,-1.9551005259188514e-10
1825.581233,4.082010452,442.1829292,2622.288901,0.222733385,0.717800738,-8.984173997,1.387192898,0.007228262,3.796e-13,0.220242136,0.001092985,0.769586637,0.001631247,1.23898e-05,0.004416927,0.003017675,2.98929e-09,,29.672047343614917,0.9068137487610021,0.13399482703030302,0.9733606943115337,0.9999999997896695,2.1071011602202816e-10
1823.787668,4.080855622,440.9404033,2622.052611,0.22271831,0.717804819,-8.984326763,1.387191546,0.007241392,3.79985e-13,0.219842249,0.001091194,0.769979106,0.001632726,1.24044e-05,0.004421393,0.003020925,2.98307e-09,,29.587477473004746,0.9065572046551513,0.13361830403030303,0.9732729864322184,1.00000000038345,-3.8306979810442954e-10
1821.994104,4.079697569,439.7003297,2621.815599,0.222703267,0.717809045,-8.984479216,1.387190507,0.007254553,3.80372e-13,0.219442686,0.001089403,0.770371246,0.001634205,1.2419e-05,0.004425867,0.003024172,2.97685e-09,,29.503106469424175,0.9062999445636984,0.13324252415151516,0.973185010555574,1.0000000009772305,-9.76850156320097e-10
1820.200539,4.078536277,438.4627117,2621.577767,0.222688171,0.717813275,-8.984632199,1.387188938,0.007267746,3.8076e-13,0.219043449,0.001087614,0.770763053,0.001635684,1.24336e-05,0.004430342,0.003027421,2.97063e-09,,29.418942281903757,0.9060419649322621,0.1328674883939394,0.973096730305232,0.9999999995710108,4.2936998401188475e-10
1818.478717,4.077418399,437.2768679,2621.350326,0.222673707,0.717817431,-8.984778801,1.387187692,0.00728044,3.81132e-13,0.218660467,0.001085896,0.771138877,0.001637105,1.24477e-05,0.004434657,0.003030547,2.96466e-09,,29.338244291478965,0.9057936296690976,0.13250814178787879,0.9730123070635402,0.9999999996650412,3.3534008903046697e-10
1816.756895,4.076297525,436.0933597,2621.119046,0.222659216,0.7178217,-8.984925678,1.387186172,0.007293162,3.81505e-13,0.218277832,0.001084181,0.77151439,0.001638527,1.24617e-05,0.00443895,0.003033656,2.95869e-09,,29.257906739077274,0.9055446288481098,0.13214950293939395,0.9729264588332804,1.0000000006590717,-6.586902134841921e-10
1815.035073,4.075173654,434.912082,2620.888509,0.222644717,0.717826008,-8.985072637,1.387184571,0.007305914,3.81879e-13,0.217895485,0.001082466,0.77188959,0.001639949,1.24757e-05,0.004443258,0.003036773,2.95272e-09,,29.177677212503525,0.9052949622471499,0.13179154,0.972840886395286,0.9999999996531018,3.472799825487982e-10
1813.313251,4.074046786,433.7330685,2620.657151,0.22263021,0.717830387,-8.985219699,1.387182867,0.007318695,3.82253e-13,0.217513447,0.001080752,0.772264478,0.001641372,1.24898e-05,0.00444757,0.003039889,2.94675e-09,,29.097635745968027,0.9050446298662178,0.1314342631818182,0.9727550092124063,1.0000000007471321,-7.467499951729906e-10
1811.591428,4.072916911,432.5563194,2620.425095,0.2226157,0.717834848,-8.985366791,1.387181132,0.007331504,3.82628e-13,0.217131719,0.001079039,0.772639051,0.001642795,1.25038e-05,0.004451886,0.003043004,2.94078e-09,,29.017783558752182,0.9047936294838255,0.13107767254545455,0.9726688729406961,1.0000000007411625,-7.407798818803712e-10
1809.938479,4.071829396,431.428739,2620.203043,0.222601749,0.717839142,-8.985508224,1.387179242,0.00734383,3.82989e-13,0.216765535,0.001077396,0.772998341,0.001644162,1.25174e-05,0.004456043,0.003046003,2.93504e-09,,28.941224323650147,0.9045520393248634,0.1307359815151515,0.9725864500280984,1.000000000335423,-3.350399957469108e-10
1808.28553,4.0707391,430.3033071,2619.977665,0.222587784,0.717843555,-8.985649804,1.387177205,0.00735618,3.8335e-13,0.216399677,0.001075754,0.773357336,0.001645529,1.25309e-05,0.004460183,0.003048988,2.92931e-09,,28.864974006286346,0.9043098313700711,0.13039494154545453,0.9725027925460875,1.0000000008296932,-8.293099540424009e-10
1806.632581,4.069646023,429.1799355,2619.752771,0.222573822,0.717848025,-8.985791358,1.387175193,0.007368558,3.83711e-13,0.216034094,0.001074113,0.773716036,0.001646897,1.25444e-05,0.004464335,0.003051978,2.92358e-09,,28.788840016928948,0.904067005619449,0.13005452590909092,0.9724193147187958,1.0000000003239637,-3.23580051642125e-10
1804.979631,4.068550154,428.0586527,2619.527268,0.222559852,0.717852559,-8.985933007,1.387173087,0.007380963,3.84074e-13,0.215668804,0.001072473,0.774074437,0.001648266,1.25579e-05,0.004468492,0.003054967,2.91785e-09,,28.71287437170921,0.90382355962936,0.12971474324242424,0.9723356108383555,0.999999999818234,1.8215007280275586e-10
1803.326682,4.067451495,426.9394586,2619.301038,0.222545885,0.717857179,-8.986074631,1.387171006,0.007393395,3.84437e-13,0.21530381,0.001070833,0.77443254,0.001649634,1.25714e-05,0.004472653,0.003057955,2.91212e-09,,28.63708076662878,0.9035794938441017,0.12937559351515152,0.9722516371046491,0.9999999993125043,6.878801972476367e-10
1801.739851,4.066394149,425.8669711,2619.084397,0.222532458,0.717861631,-8.986210786,1.387168813,0.007405356,3.84786e-13,0.214953679,0.001069261,0.774776035,0.001650949,1.25845e-05,0.004476659,0.00306083,2.90662e-09,,28.564420459925596,0.9033446056924733,0.1290505973030303,0.972171222687269,1.0000000004070049,-4.066200709473833e-10
1800.15302,4.06533422,424.7964602,2618.864867,0.222519022,0.717866194,-8.986347038,1.387166521,0.007417341,3.85135e-13,0.214603853,0.001067689,0.77511925,0.001652264,1.25975e-05,0.004480651,0.003063693,2.90112e-09,,28.492031668126685,0.9031091437304789,0.12872620006060606,0.9720897359093853,1.000000000401505,-4.0112002608339026e-10
1798.566188,4.064271705,423.7278522,2618.645747,0.222505585,0.717870805,-8.986483315,1.387164205,0.007429351,3.85485e-13,0.21425429,0.001066118,0.775462185,0.00165358,1.26105e-05,0.004484654,0.00306656,2.89562e-09,,28.419752943913593,0.9028731072916715,0.12840237945454544,0.9720084013183508,1.0000000003960057,-3.9561998121939723e-10
1796.979357,4.063206597,422.661171,2618.426017,0.222492134,0.717875466,-8.986619736,1.387161746,0.007441386,3.85835e-13,0.213905005,0.001064549,0.775804836,0.001654896,1.26235e-05,0.00448866,0.003069428,2.89012e-09,,28.347627645372388,0.9026364948210094,0.12807914272727272,0.9719268403029798,1.0000000003905058,-3.9012015840000913e-10
1795.392526,4.062138895,421.5964167,2618.205639,0.222478674,0.717880189,-8.986756245,1.387159198,0.007453446,3.86186e-13,0.213556,0.00106298,0.776147204,0.001656212,1.26365e-05,0.00449267,0.003072294,2.88462e-09,,28.275662918644038,0.9023993060963444,0.12775648990909091,0.9718450387581504,0.9999999993850062,6.153799692043549e-10
1793.869168,4.061111458,420.5760428,2617.994408,0.222465741,0.717884749,-8.986887431,1.387156615,0.007465048,3.86524e-13,0.213221207,0.001061475,0.776475609,0.001657477,1.26491e-05,0.004496529,0.003075052,2.87934e-09,,28.206672666236418,0.9021710621933604,0.1274472856969697,0.9717666324648006,1.0000000009797265,-9.793399424751215e-10
1792.34581,4.060081621,419.5574878,2617.780719,0.222452794,0.717889401,-8.987018748,1.3871539,0.007476672,3.86862e-13,0.2128867,0.001059971,0.776803749,0.001658741,1.26616e-05,0.004500376,0.003077798,2.87407e-09,,28.137930250578645,0.9019422851332416,0.12713863266666667,0.9716873137927322,0.9999999994744568,5.259300772664233e-10
1790.822452,4.059049383,418.5406891,2617.567385,0.222439861,0.717894122,-8.987149942,1.387151309,0.007488319,3.872e-13,0.212552443,0.001058468,0.777131623,0.001660006,1.26741e-05,0.004504235,0.003080548,2.86879e-09,,28.06928136387321,0.901712974693839,0.12683051184848484,0.9716081268922038,0.9999999999691773,3.1209923534447626e-11
1789.299094,4.058014744,417.5256673,2617.353327,0.222426915,0.717898895,-8.987281267,1.387148587,0.00749999,3.87539e-13,0.212218449,0.001056965,0.777459232,0.001661272,1.26866e-05,0.004508095,0.003083298,2.86351e-09,,28.000782912768152,0.9014831308751531,0.1265229294848485,0.9715286712519715,1.0000000004638976,-4.6350989713062063e-10
1787.775736,4.056977693,416.5124225,2617.138728,0.222413957,0.717903714,-8.987412726,1.387145731,0.007511684,3.87879e-13,0.211884721,0.001055464,0.77778657,0.001662538,1.26991e-05,0.004511958,0.003086047,2.85824e-09,,27.932431523265095,0.9012527512335464,0.12621588560606062,0.9714490147993362,0.999999999958628,4.175992884825064e-11
1786.313312,4.055979854,415.5413604,2616.93302,0.222401504,0.717908364,-8.987539062,1.387142854,0.007522933,3.88205e-13,0.21156458,0.001054024,0.778100561,0.001663754,1.27112e-05,0.004515676,0.003088691,2.85318e-09,,27.866903751390566,0.901031082490928,0.12592162436363635,0.9713726585741967,1.0000000000535683,-5.3179904924149923e-11
1784.850888,4.054979791,414.5719714,2616.725137,0.222389051,0.717913116,-8.987665409,1.387139965,0.007534203,3.88532e-13,0.211244707,0.001052584,0.778414303,0.00166497,1.27232e-05,0.004519384,0.003091325,2.84811e-09,,27.801594222153987,0.9008089196893646,0.12562787012121213,0.9712954950163835,0.9999999990484985,9.518901222804743e-10
1783.388465,4.053977496,413.6042045,2616.517492,0.222376581,0.717917886,-8.98779193,1.387136903,0.007545494,3.88859e-13,0.210925073,0.001051146,0.778727793,0.001666186,1.27353e-05,0.004523101,0.003093963,2.84305e-09,,27.736377123245212,0.9005862610516658,0.1253346074242424,0.97121841980118,1.0000000001434388,-1.4304979423229724e-10
1781.926041,4.052972974,412.638075,2616.309242,0.222364128,0.717922749,-8.987918292,1.387133999,0.007556807,3.89187e-13,0.210605686,0.001049708,0.779041032,0.001667403,1.27473e-05,0.004526821,0.003096599,2.83799e-09,,27.67129820458317,0.9003631076885757,0.1250418409090909,0.9711411200175775,0.9999999991383792,8.620100189205004e-10
1780.463617,4.051966214,411.6735847,2616.100422,0.222351638,0.717927618,-8.988045018,1.387130732,0.007568142,3.89515e-13,0.210286551,0.001048272,0.779354016,0.00166862,1.27594e-05,0.004530542,0.003099237,2.83293e-09,,27.60634940066342,0.9001394571564574,0.12474957112121211,0.9710636086571365,1.0000000002333196,-2.329298975922711e-10
1778.708709,4.050755154,410.5183763,2615.848251,0.222336668,0.717933593,-8.988196933,1.387126967,0.007581771,3.89909e-13,0.20990393,0.001046549,0.779729264,0.001670081,1.27738e-05,0.004535005,0.003102395,2.82686e-09,,27.52863425907545,0.8998704216232346,0.12439950796969697,0.9709700059501457,1.0000000006272498,-6.268598973235839e-10
1776.9538,4.04954086,409.3655093,2615.596223,0.222321686,0.717939621,-8.988348967,1.387123083,0.007595432,3.90305e-13,0.209521662,0.001044827,0.78010414,0.001671543,1.27883e-05,0.00453948,0.003105557,2.82078e-09,,27.451062301036778,0.8996006676607726,0.12405015433333333,0.9708764563229585,1.0000000001211704,-1.2078005262594615e-10
1775.198892,4.048323338,408.2150028,2615.343182,0.222306666,0.717945682,-8.988501399,1.387118802,0.007609125,3.907e-13,0.20913976,0.001043107,0.780478647,0.001673005,1.28028e-05,0.004543955,0.003108719,2.81472e-09,,27.373693166203534,0.8993301966019644,0.123701516,0.9707825306828982,0.9999999986151108,1.3852798907976194e-09
1773.443983,4.04710258,407.0668549,2615.089437,0.22229167,0.717951876,-8.988653597,1.387114754,0.007622849,3.91097e-13,0.208758226,0.001041388,0.780852783,0.001674468,1.28173e-05,0.004548437,0.003111878,2.80865e-09,,27.29651217185317,0.8990590066696192,0.12335359239393939,0.9706883437268828,1.0000000001090412,-1.0865019994810154e-10
1771.689075,4.045878574,405.9210678,2614.834915,0.222276637,0.717958101,-8.988806176,1.387110325,0.007636604,3.91494e-13,0.208377062,0.00103967,0.781226541,0.001675931,1.28318e-05,0.004552922,0.003115039,2.80258e-09,,27.219515597704106,0.8987870951979515,0.12300638418181818,0.9705938683582295,0.9999999996029714,3.9742009683152446e-10
1770.004363,4.04470048,404.8232977,2614.591242,0.222262223,0.717964161,-8.988952487,1.387106239,0.007649839,3.91876e-13,0.208011474,0.001038023,0.781584997,0.001677336,1.28458e-05,0.004557243,0.003118078,2.79676e-09,,27.145715849985756,0.8985253830222738,0.12267372657575758,0.9705034200020721,0.9999999995971519,4.03239996948912e-10
1768.319651,4.043519385,403.7277654,2614.344129,0.222247792,0.717970344,-8.989098977,1.387101973,0.007663102,3.92258e-13,0.207646268,0.001036376,0.781943103,0.001678742,1.28597e-05,0.004561546,0.003121102,2.79094e-09,,27.07222372287808,0.8982630041780284,0.1223417470909091,0.9704116947611342,0.9999999994913323,5.090599053403366e-10
1766.634939,4.042335291,402.6343797,2614.097465,0.222233345,0.717976558,-8.989245637,1.387097538,0.007676395,3.92642e-13,0.207281391,0.001034731,0.782300859,0.001680148,1.28737e-05,0.004565862,0.003124132,2.78512e-09,,26.998847419266802,0.8979999591095134,0.1220104180909091,0.9703201361833549,0.9999999994855127,5.148799164800266e-10
1764.950227,4.041148191,401.5431691,2613.850042,0.222218888,0.717982844,-8.989392401,1.387092998,0.007689716,3.93025e-13,0.206916862,0.001033087,0.782658262,0.001681555,1.28876e-05,0.004570182,0.003127162,2.7793e-09,,26.92564317527302,0.8977362462616869,0.12167974821212121,0.9702282958743117,1.000000000379693,-3.7929992480201236e-10
1763.265514,4.039958084,400.4541337,2613.601774,0.222204421,0.717989204,-8.989539273,1.387088351,0.007703067,3.9341e-13,0.206552683,0.001031445,0.783015313,0.001682962,1.29016e-05,0.004574504,0.003130189,2.77348e-09,,26.85262697283002,0.8974718654124004,0.12134973748484848,0.9701361419118848,1.0000000003738734,-3.7347991366232236e-10
1761.648191,4.038812742,399.4106778,2613.364079,0.222190518,0.717995334,-8.98968043,1.387083729,0.007715912,3.93779e-13,0.206203384,0.001029869,0.783357745,0.001684313,1.29151e-05,0.004578667,0.003133103,2.7679e-09,,26.78262644894731,0.8972174290544228,0.12103353872727272,0.9700479125142214,0.9999999988682938,1.1320999693253953e-09
1760.030867,4.037664619,398.3692791,2613.123311,0.222176601,0.718001578,-8.989821735,1.387078959,0.007728783,3.9415e-13,0.205854443,0.001028295,0.783699848,0.001685665,1.29284e-05,0.004582814,0.003136003,2.76232e-09,,26.712905682653805,0.8969623749006151,0.12071796336363637,0.9699585424575664,0.9999999991627143,8.376798144027475e-10
1758.413544,4.036513708,397.3298606,2612.883005,0.222162686,0.718007881,-8.989963021,1.387074208,0.007741681,3.9452e-13,0.205505815,0.001026722,0.784041619,0.001687017,1.29419e-05,0.004586974,0.003138908,2.75674e-09,,26.64328942403549,0.8967067013959359,0.12040298806060606,0.9698693438895072,0.9999999996571345,3.43259975998933e-10
1756.79622,4.035360012,396.2924466,2612.641916,0.222148763,0.718014252,-8.990104406,1.387069359,0.007754606,3.94892e-13,0.205157515,0.00102515,0.784383059,0.00168837,1.29553e-05,0.004591137,0.003141812,2.75116e-09,,26.573836669394044,0.8964504092068314,0.12008862018181818,0.9697798546816851,1.0000000010515548,-1.051160047893518e-09
1755.178896,4.034203526,395.2570365,2612.400128,0.222134849,0.71802072,-8.990245708,1.387064593,0.007767559,3.95264e-13,0.204809544,0.001023579,0.784724166,0.001689723,1.29687e-05,0.004595304,0.003144713,2.74558e-09,,26.504549878065212,0.8961934972225575,0.11977485954545455,0.9696901060138453,1.0000000004459753,-4.455800173275293e-10
1753.626266,4.033090667,394.2649055,2612.168332,0.222121459,0.718026929,-8.990381689,1.387059685,0.007780019,3.95622e-13,0.204475791,0.001022073,0.785051312,0.001691022,1.29817e-05,0.004599314,0.003147504,2.74023e-09,,26.438137928364995,0.8959462769242513,0.11947421378787879,0.9696040662508685,1.0000000004406255,-4.4023007461646557e-10
1752.073635,4.031975224,393.2746656,2611.934035,0.222108057,0.718033237,-8.990517797,1.387054651,0.007792503,3.9598e-13,0.204142372,0.001020567,0.785378146,0.001692322,1.29946e-05,0.004603311,0.003150285,2.73489e-09,,26.371964116401735,0.89569848259343,0.11917414109090908,0.9695170981481136,1.000000000335286,-3.348901156385864e-10
1750.521004,4.030857204,392.2862524,2611.699863,0.222094657,0.718039606,-8.990653894,1.387049629,0.007805013,3.96338e-13,0.203809248,0.001019063,0.78570467,0.001693622,1.30075e-05,0.004607319,0.003153068,2.72954e-09,,26.30590017437322,0.8954501157851351,0.11887462193939395,0.9694301764437881,1.0000000002299363,-2.2953994260888066e-10
1748.968374,4.029736591,391.2996862,2611.465168,0.222081248,0.718046034,-8.990790081,1.387044516,0.007817548,3.96698e-13,0.203476434,0.00101756,0.786030879,0.001694922,1.30204e-05,0.00461133,0.003155851,2.72419e-09,,26.239981611224003,0.8952011729449857,0.11857566248484848,0.9693430606084338,0.9999999991245867,8.758099800942887e-10
1747.415743,4.028613394,390.3149662,2611.229752,0.222067848,0.718052553,-8.990926193,1.387039477,0.007830108,3.97058e-13,0.203143931,0.001016058,0.786356776,0.001696223,1.30333e-05,0.004615345,0.003158632,2.71884e-09,,26.174211605540254,0.8949516560723211,0.11827726248484849,0.9692556771469377,1.0000000010192371,-1.01884012337905e-09
1745.925218,4.027532684,389.3713532,2611.003961,0.222054953,0.718058812,-8.991057177,1.387034324,0.007842189,3.97404e-13,0.20282501,0.001014617,0.786669339,0.001697472,1.30458e-05,0.004619208,0.003161306,2.71371e-09,,26.11117304474944,0.8947115776359851,0.11799131915151514,0.9691718663645157,1.0000000005141074,-5.137101855012816e-10
1744.434692,4.02644958,388.429479,2610.775953,0.222042049,0.718065163,-8.991188262,1.387029071,0.007854293,3.9775e-13,0.202506401,0.001013177,0.786981609,0.001698722,1.30581e-05,0.00462306,0.003163971,2.70859e-09,,26.048348443837074,0.8944709673754072,0.11770590272727273,0.9690872326595474,1.0000000008089878,-8.085898617338216e-10
1742.944167,4.025364082,387.4892892,2610.548105,0.222029146,0.718071569,-8.991319345,1.387023819,0.007866421,3.98097e-13,0.202188071,0.001011739,0.787293586,0.001699971,1.30706e-05,0.004626921,0.003166639,2.70346e-09,,25.985623683864038,0.894229825290587,0.11742099672727271,0.9690026583445691,1.000000000303858,-3.0345992385605314e-10
1741.453641,4.024276184,386.550801,2610.319671,0.222016235,0.718078032,-8.991450512,1.387018482,0.007878572,3.98445e-13,0.201870033,0.001010301,0.787605267,0.001701221,1.3083e-05,0.004630785,0.003169306,2.69833e-09,,25.92303532816901,0.893988150048632,0.11713660636363636,0.9689178665137531,0.9999999986987285,1.3016698829915185e-09
1739.963116,4.023185891,385.6140136,2610.090576,0.222003331,0.718084578,-8.991581615,1.38701321,0.007890746,3.98793e-13,0.201552287,0.001008864,0.787916655,0.001702472,1.30954e-05,0.004634653,0.00317197,2.69321e-09,,25.860585846328934,0.8937459427602863,0.1168527313939394,0.9688328293280417,0.9999999990936087,9.067900874626389e-10
1738.532211,4.022136943,384.7162821,2609.870844,0.221990915,0.718090863,-8.991707766,1.387007857,0.007902456,3.99127e-13,0.201247518,0.001007487,0.788215306,0.001703673,1.31074e-05,0.004638373,0.003174533,2.68829e-09,,25.800725980430094,0.8935129202143324,0.11658069154545454,0.9687512675702961,1.0000000000886893,-8.829004194410572e-11
1737.101307,4.02108578,383.8201491,2609.649141,0.221978495,0.718097242,-8.991833954,1.387002466,0.007914186,3.99462e-13,0.200943039,0.00100611,0.788513683,0.001704874,1.31193e-05,0.004642085,0.003177087,2.68338e-09,,25.741055756008485,0.8932794056087728,0.11630913609090908,0.9686689742021135,0.9999999999837793,1.6620149700941056e-11
1735.670402,4.020032395,382.9255695,2609.427566,0.221966067,0.718103655,-8.991960245,1.386996974,0.007925938,3.99798e-13,0.200638824,0.001004734,0.788811784,0.001706075,1.31313e-05,0.004645804,0.003179644,2.67847e-09,,25.681481520532607,0.893045397388566,0.11603805136363636,0.9685867283459227,0.9999999989788698,1.0215299717231119e-09
1734.239498,4.018976791,382.032557,2609.205342,0.221953635,0.71811013,-8.992086565,1.386991451,0.007937712,4.00134e-13,0.200334883,0.001003359,0.789109609,0.001707277,1.31432e-05,0.004649526,0.0031822,2.67355e-09,,25.622031936924657,0.8928108962201581,0.11576744151515152,0.9685042415890861,0.9999999998739503,1.2644985059040437e-10
1732.808594,4.017918963,381.1411112,2608.982611,0.221941211,0.718116682,-8.992212824,1.38698599,0.007949507,4.00471e-13,0.200031216,0.001001985,0.789407157,0.001708479,1.31552e-05,0.004653252,0.003184753,2.66864e-09,,25.562708696632388,0.8925759009928051,0.11549730642424243,0.968421566640219,0.9999999998690404,1.3136003396141405e-10
1731.091508,4.016646627,380.0734612,2608.713829,0.221926264,0.718124585,-8.992364724,1.386979047,0.00796369,4.00875e-13,0.199667191,0.001000338,0.789763845,0.001709922,1.31695e-05,0.004657718,0.003187814,2.66275e-09,,25.491720032346816,0.8922932530693346,0.11517377612121212,0.9683217981387244,1.0000000001631508,-1.6274981362585095e-10
1729.374423,4.015371085,379.0080506,2608.444938,0.221911331,0.71813259,-8.992516491,1.386972238,0.007977904,4.0128e-13,0.199303554,0.000998693,0.790120131,0.001711365,1.31839e-05,0.004662195,0.003190876,2.65686e-09,,25.420877646369945,0.8920098929367912,0.11485092442424243,0.9682219891777994,1.0000000005572613,-5.568601135763629e-10
1727.657338,4.014092321,377.9448967,2608.175255,0.221896354,0.718140616,-8.992668712,1.386964974,0.007992149,4.01686e-13,0.198940318,0.000997049,0.79047601,0.001712809,1.31982e-05,0.004666674,0.00319394,2.65098e-09,,25.350209966881746,0.8917258170407942,0.11452875657575758,0.9681218862364249,1.0000000008513816,-8.509799531708495e-10
1725.940252,4.012810347,376.8839974,2607.904611,0.221881386,0.718148756,-8.992820844,1.386957799,0.008006426,4.02092e-13,0.198577485,0.000995406,0.790831486,0.001714253,1.32126e-05,0.004671156,0.003196999,2.6451e-09,,25.279734778690326,0.8914410280471295,0.11420727193939394,0.968021426583924,1.000000000245502,-2.4509994034360716e-10
1724.223167,4.011525147,375.8253526,2607.633274,0.221866416,0.718156983,-8.992973021,1.38695058,0.008020734,4.025e-13,0.198215055,0.000993765,0.791186552,0.001715698,1.3227e-05,0.004675643,0.003200057,2.63922e-09,,25.20943310383726,0.891155522401416,0.11388647048484847,0.9679207096985297,0.9999999996396225,3.6077996146133273e-10
1722.574765,4.010288323,374.8111452,2607.373241,0.221852031,0.718164922,-8.993119241,1.386943518,0.0080345,4.02891e-13,0.197867486,0.000992191,0.791527031,0.001717085,1.32408e-05,0.004679965,0.003202999,2.63358e-09,,25.14205036489283,0.8908807634263507,0.11357913490909091,0.9678241887159151,1.0000000004339828,-4.335798386989609e-10
1720.926363,4.009048517,373.7990695,2607.110127,0.221837628,0.718172973,-8.993265658,1.386936261,0.008048293,4.03283e-13,0.197520326,0.000990619,0.791867129,0.001718472,1.32546e-05,0.00468427,0.003205927,2.62794e-09,,25.07494185245121,0.8906053420035452,0.1132724453030303,0.9677265241048094,1.0000000002283433,-2.2794011123039581e-10
1719.277961,4.007805736,372.7890458,2606.847193,0.221823213,0.71818107,-8.993412208,1.38692887,0.008062116,4.03676e-13,0.197173528,0.000989048,0.792206848,0.00171986,1.32684e-05,0.004688586,0.003208859,2.6223e-09,,25.00795479140298,0.8903292596880414,0.11296637751515151,0.9676289263074422,1.0000000000227036,-2.2299939672620894e-11
1717.629559,4.00655997,371.781098,2606.583615,0.221808801,0.718189258,-8.993558733,1.386921504,0.008075968,4.0407e-13,0.196827107,0.000987479,0.792546184,0.001721249,1.32822e-05,0.004692907,0.00321179,2.61667e-09,,24.94112583613371,0.8900525142583511,0.11266093878787878,0.9675310894653661,1.0000000008170742,-8.166700649070435e-10
1715.981158,4.005311217,370.7752263,2606.319223,0.221794373,0.718197508,-8.993705433,1.386913962,0.00808985,4.04464e-13,0.196481067,0.000985911,0.792885137,0.001722637,1.32961e-05,0.00469723,0.003214719,2.61104e-09,,24.874466937456976,0.8897751052701768,0.11235612918181817,0.9674329504767167,0.9999999997114445,2.8895996706523874e-10
1714.398692,4.004109603,369.8115173,2606.065745,0.221780516,0.718205477,-8.993846332,1.386906657,0.008103203,4.04843e-13,0.196149212,0.000984407,0.79321017,0.001723971,1.33094e-05,0.004701393,0.003217535,2.60563e-09,,24.81057963255971,0.8895081681545772,0.11206409615151515,0.9673388626277468,1.000000000006035,-5.629940957874169e-12
1712.816226,4.002905228,368.8497663,2605.809545,0.221766637,0.71821354,-8.99398746,1.386899121,0.008116583,4.05222e-13,0.195817738,0.000982905,0.793534845,0.001725305,1.33226e-05,0.004705541,0.00322034,2.60023e-09,,24.74693457787414,0.8892406176861241,0.11177265645454545,0.9672437644065756,0.9999999992006353,7.99769916959292e-10
1711.23376,4.001698092,367.889906,2605.553602,0.221752757,0.718221662,-8.994128596,1.386891578,0.00812999,4.05603e-13,0.195486606,0.000981404,0.793859164,0.001726639,1.33359e-05,0.004709701,0.003223148,2.59484e-09,,24.6833970953176,0.8889724538648167,0.1114817896969697,0.9671487615805752,1.0000000004952456,-4.948399467963327e-10
1709.651294,4.000488195,366.9319565,2605.296915,0.221738887,0.718229881,-8.994269658,1.386884109,0.008143424,4.05984e-13,0.195155828,0.000979904,0.794183125,0.001727974,1.33492e-05,0.004713864,0.003225954,2.58944e-09,,24.62001265564959,0.8887036766906556,0.11119150196969697,0.9670534825911223,1.000000000789846,-7.894400688712722e-10
1708.068828,3.999275527,365.9759187,2605.039496,0.221724977,0.718238119,-8.994411111,1.386876248,0.008156884,4.06365e-13,0.194825407,0.000978406,0.794506724,0.001729309,1.33625e-05,0.004718029,0.00322876,2.58405e-09,,24.556778301768833,0.8884342839421525,0.11090179354545456,0.9669579318924661,1.0000000000844564,-8.405010021306225e-11
1706.549661,3.998108762,365.0598985,2604.792596,0.22171163,0.718246094,-8.994546858,1.38686875,0.008169832,4.06732e-13,0.194508527,0.000976969,0.794817041,0.001730591,1.33753e-05,0.004722038,0.003231457,2.57887e-09,,24.496175729086584,0.8881750884903,0.11062421166666665,0.9668662857144519,1.0000000008792767,-8.788698657724581e-10
1705.030494,3.996939438,364.1456769,2604.543411,0.221698263,0.71825415,-8.994682819,1.386861038,0.008182804,4.07099e-13,0.194192002,0.000975533,0.795127022,0.001731873,1.33881e-05,0.004726036,0.003234144,2.5737e-09,,24.43578413184487,0.8879153245596524,0.11034717481818182,0.966773791373146,1.000000000674107,-6.736997626433094e-10
1703.511327,3.995767565,363.2331968,2604.294226,0.221684911,0.718262293,-8.994818628,1.386853478,0.008195802,4.07467e-13,0.193875797,0.000974098,0.79543667,0.001733155,1.34009e-05,0.004730044,0.003236831,2.56853e-09,,24.37550359410703,0.8876549943716977,0.11007066569696969,0.96668129703184,0.9999999984689376,1.5314699508550689e-09
1701.99216,3.994593126,362.3224763,2604.044462,0.221671535,0.71827047,-8.99495469,1.386845665,0.008208824,4.07835e-13,0.193559927,0.000972665,0.795745981,0.001734438,1.34136e-05,0.004734054,0.003239519,2.56336e-09,,24.315357944638823,0.8873940941499064,0.10979468978787879,0.9665885877730084,1.0000000001637679,-1.6335999220018493e-10
1700.472992,3.993416124,361.4135145,2603.794035,0.22165815,0.71827871,-8.995090846,1.386837758,0.008221871,4.08204e-13,0.19324439,0.000971233,0.796054954,0.001735721,1.34264e-05,0.004738066,0.003242206,2.5582e-09,,24.25535137883701,0.887132624560725,0.10951924681818183,0.9664956324169065,0.9999999989586082,1.0417999796175081e-09
1699.014592,3.992283791,360.5425481,2603.553671,0.221645284,0.718286649,-8.995221727,1.386829996,0.008234421,4.08559e-13,0.19294178,0.00096986,0.79635125,0.001736954,1.34387e-05,0.004741927,0.003244789,2.55324e-09,,24.19783895614669,0.886881078136567,0.1092553176060606,0.9664064123199759,1.0000000012536485,-1.2532399562559249e-09
1697.556191,3.99114909,359.6732334,2603.311343,0.221632416,0.718294687,-8.995352641,1.386822201,0.008246992,4.08914e-13,0.1926395,0.000968488,0.796647233,0.001738186,1.3451e-05,0.004745778,0.003247362,2.54829e-09,,24.14052077885502,0.886629005664036,0.10899188890909091,0.9663164632109204,1.0000000005486989,-5.482898579600715e-10
1696.097791,3.990012023,358.8055234,2603.06903,0.221619542,0.718302772,-8.995483618,1.386814343,0.008259587,4.0927e-13,0.192337521,0.000967117,0.796942902,0.001739419,1.34633e-05,0.004749638,0.003249937,2.54334e-09,,24.083299322252678,0.8863764075874296,0.10872894648484849,0.9662265196696764,0.9999999998437491,1.5666024033578196e-10
1694.63939,3.988872585,357.9394323,2602.826097,0.22160666,0.718310915,-8.995614683,1.386806397,0.008272205,4.09626e-13,0.192035855,0.000965748,0.797238256,0.001740652,1.34756e-05,0.0047535,0.003252511,2.53839e-09,,24.02620611589458,0.8861232827960038,0.10846649463636364,0.966136345992222,1.0000000001387994,-1.3838996615334054e-10
1693.18099,3.987730777,357.0749593,2602.582547,0.221593779,0.718319133,-8.995745738,1.386798461,0.008284846,4.09983e-13,0.191734502,0.000964379,0.797533296,0.001741885,1.34879e-05,0.004757365,0.003255083,2.53345e-09,,23.96924062312152,0.8858696315119072,0.10820453312121212,0.9660459432921193,1.00000000043386,-4.3344994260507974e-10
1691.780925,3.986632405,356.2465734,2602.348774,0.22158139,0.718327033,-8.995871806,1.386790587,0.008297004,4.10326e-13,0.191445489,0.000963067,0.797816235,0.001743069,1.34997e-05,0.004761082,0.003257555,2.5287e-09,,23.914647513613716,0.8856256294833563,0.10795350709090909,0.965959169691581,0.9999999992291103,7.713000238496193e-10
1690.380861,3.985531843,355.4197048,2602.113243,0.221568994,0.718335016,-8.995997944,1.386782643,0.008309182,4.10669e-13,0.191156783,0.000961756,0.798098881,0.001744254,1.35115e-05,0.004764792,0.00326002,2.52396e-09,,23.8602183879774,0.8853811409489198,0.10770294084848483,0.9658717435435298,1.0000000000243707,-2.3959945139040428e-11
1688.980796,3.984429091,354.5943138,2601.877721,0.221556601,0.718343059,-8.996124051,1.386774731,0.008321382,4.11014e-13,0.190868361,0.000960446,0.798381234,0.001745439,1.35233e-05,0.004768509,0.003262486,2.51922e-09,,23.805884734973322,0.8851361659085978,0.10745282236363636,0.9657843207361655,1.0000000008196313,-8.192202471946075e-10
1687.580732,3.983324143,353.7704128,2601.641622,0.221544192,0.718351139,-8.996250335,1.386766641,0.008333604,4.11358e-13,0.19058023,0.000959137,0.798663292,0.001746624,1.35351e-05,0.004772229,0.003264951,2.51448e-09,,23.751665035700405,0.8848907030294973,0.10720315539393939,0.9656966837536506,1.0000000006148915,-6.144800224205937e-10
1686.180667,3.982217003,352.9480007,2601.404922,0.221531785,0.71835929,-8.996376606,1.386758564,0.008345846,4.11703e-13,0.190292392,0.000957829,0.798945056,0.001747809,1.35469e-05,0.00477595,0.003267414,2.50975e-09,,23.697568124295252,0.8846447532002137,0.10695393960606062,0.9656088236874864,0.9999999994101616,5.902500710419645e-10
1684.50059,3.980885537,351.9630846,2601.119476,0.221516891,0.718369166,-8.996528185,1.386748818,0.008360566,4.12118e-13,0.189947382,0.000956261,0.799282783,0.001749231,1.35611e-05,0.004780414,0.003270364,2.50407e-09,,23.632830411060294,0.884348969617833,0.10665548018181818,0.9655028697185538,0.999999998604482,1.395930149250546e-09
1682.820513,3.979550897,350.9802985,2600.833872,0.221501963,0.718379064,-8.996680126,1.386738711,0.008375316,4.12533e-13,0.189602788,0.000954695,0.799620079,0.001750655,1.35753e-05,0.004784886,0.003273318,2.49839e-09,,23.56822859672599,0.8840524809351417,0.10635766621212121,0.9653968571020065,0.9999999987988026,1.2016099226741517e-09
1681.140435,3.978213092,349.9996541,2600.547398,0.221487036,0.718389062,-8.996832056,1.386728613,0.008390097,4.12949e-13,0.18925862,0.000953131,0.799956948,0.001752078,1.35895e-05,0.004789362,0.003276269,2.49272e-09,,23.503795775845468,0.8837552891514785,0.10606050124242423,0.9652905215523896,0.9999999999931328,7.280065439374539e-12
1679.460358,3.976872114,349.0211506,2600.260086,0.221472099,0.718399138,-8.996984107,1.386718396,0.00840491,4.13366e-13,0.188914878,0.000951568,0.800293387,0.001753502,1.36037e-05,0.004793841,0.003279218,2.48705e-09,,23.439531382208617,0.8834573924896534,0.10576398503030303,0.965183874947701,1.0000000001874634,-1.8704993109963652e-10
1678.116296,3.975797048,348.2398632,2600.030726,0.221460145,0.718407235,-8.997105799,1.38671017,0.008416783,4.137e-13,0.188640177,0.000950319,0.800562227,0.001754641,1.36151e-05,0.004797436,0.003281583,2.48252e-09,,23.388190247410602,0.8832185678611795,0.10552723127272727,0.965098739397319,1.0000000005829337,-5.825200322107094e-10
1676.503422,3.97450428,347.3041781,2599.752546,0.221445783,0.718417059,-8.997252004,1.386700125,0.008431055,4.14101e-13,0.188310932,0.000948822,0.800884469,0.001756008,1.36287e-05,0.004801733,0.003284405,2.47709e-09,,23.32682522499643,0.8829313809933008,0.10524369033333333,0.9649954824762985,1.000000000177504,-1.7708989830111932e-10
1674.890547,3.973208581,346.3704422,2599.474559,0.221431414,0.718426937,-8.997398289,1.38669,0.008445356,4.14503e-13,0.187982069,0.000947326,0.80120631,0.001757376,1.36424e-05,0.004806042,0.003287232,2.47166e-09,,23.265566092774304,0.8826435430072711,0.10496074006060606,0.9648922971944532,0.9999999998720746,1.283400052898287e-10
1673.277673,3.971909952,345.4386761,2599.195709,0.221417035,0.718436889,-8.997544687,1.386679762,0.008459686,4.14906e-13,0.187653605,0.000945832,0.801527752,0.001758744,1.3656e-05,0.004810353,0.003290056,2.46623e-09,,23.20446770579724,0.8823550541252392,0.1046783866969697,0.9647887915778504,1.000000000466645,-4.662301655855572e-10
1671.664799,3.970608384,344.5088794,2598.916121,0.221402639,0.718446901,-8.997691261,1.386669347,0.008474045,4.15309e-13,0.18732554,0.00094434,0.80184879,0.001760113,1.36697e-05,0.004814667,0.003292879,2.46081e-09,,23.14351993954457,0.882065912347866,0.10439663012121213,0.9646850120249196,1.0000000011612253,-1.160809892652992e-09
1670.051925,3.969303881,343.5810505,2598.635721,0.221388246,0.718457009,-8.997837818,1.386658949,0.008488432,4.15713e-13,0.186997876,0.000942849,0.802169425,0.001761481,1.36833e-05,0.004818984,0.003295699,2.45538e-09,,23.0827293726361,0.8817761185637466,0.10411546984848485,0.9645809310677905,0.9999999997557957,2.446199909300617e-10
1668.503565,3.968048789,342.6921643,2598.366784,0.221374415,0.718466752,-8.997978652,1.386648829,0.008502272,4.16102e-13,0.186683683,0.000941419,0.802476853,0.001762795,1.36965e-05,0.00482314,0.00329841,2.45018e-09,,23.024471327162306,0.8814973013742898,0.1038461103939394,0.9644811050322433,0.9999999989505961,1.0498200087027953e-09
1666.955206,3.966790986,341.8051295,2598.09541,0.221360581,0.718476612,-8.998119531,1.386638663,0.008516136,4.16491e-13,0.186369886,0.000939991,0.802783908,0.00176411,1.37095e-05,0.004827284,0.003301109,2.44499e-09,,22.966429270928504,0.8812178819394194,0.10357731196969698,0.964380374412914,0.9999999999454066,5.500999655794203e-11
1665.406847,3.965530465,340.9198883,2597.82412,0.221346729,0.718486507,-8.9982606,1.386628308,0.008530028,4.1688e-13,0.186056449,0.000938565,0.803090586,0.001765425,1.37227e-05,0.004831438,0.003303812,2.43979e-09,,22.908488835659607,0.8809378587040938,0.10330905706060607,0.9642796749733294,1.000000000140207,-1.3978995738739286e-10
1663.858487,3.96426723,340.0364579,2597.552024,0.221332855,0.71849645,-8.99840189,1.386617731,0.008543947,4.17271e-13,0.185743387,0.00093714,0.803396889,0.00176674,1.37358e-05,0.004835593,0.003306514,2.43461e-09,,22.850692621356263,0.8806572325569082,0.10304135087878788,0.9641786763566711,1.0000000012350272,-1.234609969813505e-09
1662.310128,3.963001274,339.1548369,2597.279286,0.221318983,0.718506479,-8.99854317,1.386607165,0.008557892,4.17662e-13,0.185430698,0.000935716,0.803702814,0.001768055,1.37489e-05,0.004839752,0.003309214,2.42942e-09,,22.793033882131294,0.880376001942821,0.102774193,0.9640774394376787,1.0000000003298377,-3.2942004679625825e-10
1660.823703,3.961783402,338.3101644,2597.01746,0.22130566,0.718516157,-8.998678875,1.386596944,0.008571304,4.18037e-13,0.185130859,0.000934351,0.803996147,0.001769318,1.37616e-05,0.004843753,0.003311807,2.42444e-09,,22.737788175542445,0.8801054531319304,0.10251823163636364,0.9639802529159909,0.9999999990248579,9.755600771654827e-10
1659.337278,3.960563016,337.4671909,2596.753635,0.221292334,0.718525939,-8.998814615,1.386586689,0.008584741,4.18414e-13,0.184831388,0.000932987,0.80428913,0.001770582,1.37741e-05,0.004847746,0.003314391,2.41947e-09,,22.682725023358657,0.8798343458389413,0.10226278512121212,0.9638823243906179,1.0000000005198886,-5.194700225530369e-10
1657.850853,3.959340119,336.6258683,2596.48974,0.221278979,0.718535737,-8.998950643,1.386576146,0.008598202,4.18791e-13,0.184532255,0.000931625,0.804581762,0.001771845,1.37867e-05,0.004851745,0.003316978,2.4145e-09,,22.627766659890437,0.8795626807302998,0.10200783887878788,0.9637843698821245,0.9999999991149188,8.85500006653217e-10
1656.364428,3.958114715,335.7862095,2596.225119,0.221265637,0.718545634,-8.999086561,1.386565712,0.008611687,4.19169e-13,0.18423347,0.000930263,0.804874046,0.001773109,1.37994e-05,0.004855748,0.003319562,2.40954e-09,,22.572936006498086,0.879290458694601,0.10175339681818181,0.9636861458915523,0.9999999998099592,1.9045987009747023e-10
1654.878003,3.95688679,334.9482151,2595.959909,0.221252265,0.718555557,-8.999222782,1.386554977,0.008625198,4.19547e-13,0.183935035,0.000928904,0.805165974,0.001774373,1.3812e-05,0.004859753,0.003322146,2.40458e-09,,22.51823174191485,0.8790176766217619,0.10149945912121212,0.9635877032715802,0.9999999994049995,5.954200466007364e-10
1653.451035,3.955705618,334.1452897,2595.705286,0.221239431,0.718565147,-8.999353528,1.386544696,0.008638191,4.1991e-13,0.183648858,0.0009276,0.805445895,0.001775587,1.38241e-05,0.004863606,0.003324627,2.39982e-09,,22.465814184340932,0.8787552806720587,0.10125614839393939,0.9634931904129956,0.9999999995002399,5.001800085224772e-10
1652.024067,3.954522125,333.3439236,2595.448838,0.221226586,0.718574817,-8.999484401,1.386534289,0.008651207,4.20274e-13,0.183363022,0.000926298,0.805725489,0.001776801,1.38362e-05,0.004867451,0.003327101,2.39506e-09,,22.413560300672405,0.8784923691149761,0.10101331018181818,0.96339800013734,1.00000000059548,-5.950597792292456e-10
1650.597099,3.953336308,332.5440759,2595.192358,0.221213734,0.718584533,-8.999615348,1.386523808,0.008664245,4.20639e-13,0.183077502,0.000924997,0.806004756,0.001778016,1.38483e-05,0.004871303,0.003329576,2.39031e-09,,22.361403763527438,0.8782289412840679,0.1007709320909091,0.9633027979836865,1.0000000006907306,-6.903100313593313e-10
1649.170131,3.95214817,331.7457584,2594.935229,0.221200873,0.718594308,-8.999746385,1.386513235,0.008677306,4.21004e-13,0.182792307,0.000923697,0.806283696,0.00177923,1.38605e-05,0.004875158,0.003332049,2.38556e-09,,22.3093640145439,0.8779649978457807,0.1005290176969697,0.9632073549293869,0.999999999885981,1.1444001302152174e-10
1647.743164,3.950957706,330.9489704,2594.677475,0.221188004,0.718604141,-8.999877515,1.386502571,0.00869039,4.2137e-13,0.182507439,0.000922398,0.806562308,0.001780445,1.38726e-05,0.004879014,0.003334521,2.38081e-09,,22.25744483008962,0.8777005376893703,0.10028756678787878,0.9631116798829394,0.9999999999812312,1.9190093958343368e-11
1646.373274,3.949812674,330.1854794,2594.429976,0.221175644,0.718613625,-9.000003469,1.386492264,0.008702973,4.21722e-13,0.182234264,0.000921153,0.806829466,0.001781611,1.38843e-05,0.004882724,0.003336896,2.37625e-09,,22.207686367082303,0.8774461701975226,0.10005620587878788,0.963019811363651,1.0000000006766718,-6.762501669754784e-10
1645.003385,3.948665493,329.4234197,2594.18094,0.221163273,0.718623181,-9.000129536,1.386481843,0.008715575,4.22074e-13,0.181961406,0.000919909,0.807096319,0.001782778,1.38959e-05,0.004886427,0.003339263,2.3717e-09,,22.158080892805753,0.8771913253078905,0.0998252786969697,0.9629273723292732,1.000000000272122,-2.716999958352062e-10
1643.633496,3.947516169,328.6627568,2593.931724,0.221150895,0.718632782,-9.000255676,1.38647135,0.008728199,4.22426e-13,0.181688843,0.000918666,0.807362869,0.001783945,1.39075e-05,0.004890136,0.003341631,2.36715e-09,,22.108565707943818,0.8769360043533665,0.09959477478787879,0.9628348664811566,0.9999999998675724,1.3285006428276347e-10
1642.263607,3.946364697,327.9035005,2593.681956,0.22113851,0.718642437,-9.0003819,1.386460773,0.008740844,4.22779e-13,0.181416584,0.000917424,0.807629113,0.001785112,1.39192e-05,0.004893847,0.003343998,2.36261e-09,,22.059157306050455,0.876680206223207,0.09936469712121213,0.9627421557375752,0.9999999995630326,4.373901241194744e-10
1640.893717,3.945211074,327.1456501,2593.431635,0.221126117,0.718652145,-9.000508208,1.386450112,0.00875351,4.23133e-13,0.181144628,0.000916184,0.807895051,0.001786279,1.39308e-05,0.004897561,0.003346364,2.35807e-09,,22.00985387583258,0.8764239302509653,0.09913504548484849,0.9626492397273415,1.0000000001584932,-1.58070001532451e-10
1639.578624,3.944101576,326.4194252,2593.191174,0.221114213,0.718661507,-9.000629536,1.386439805,0.008765689,4.23473e-13,0.18088383,0.000914994,0.808150064,0.0017874,1.3942e-05,0.004901131,0.003348636,2.35371e-09,,21.96261069157301,0.8761774565947967,0.09891497733333332,0.9625599836252295,0.9999999993541335,6.462899104775488e-10
1638.26353,3.942990094,325.694514,2592.949379,0.2211023,0.718670934,-9.00075096,1.386429402,0.008777888,4.23813e-13,0.180623326,0.000913806,0.808404794,0.001788521,1.39532e-05,0.004904697,0.003350901,2.34935e-09,,21.915499235969502,0.8759305421953967,0.09869530727272728,0.9624702323590777,1.0000000005497738,-5.493498989039836e-10
1636.948436,3.941876627,324.9708876,2592.70745,0.221090381,0.718680403,-9.000872453,1.38641893,0.008790106,4.24154e-13,0.180363097,0.000912619,0.808659239,0.001789642,1.39644e-05,0.004908268,0.003353168,2.345e-09,,21.868469143136274,0.8756831868306163,0.09847602654545455,0.9623804313538091,0.9999999997454241,2.550000210987946e-10
1635.633343,3.940761179,324.2485539,2592.464939,0.221078463,0.718689937,-9.000993946,1.386408458,0.008802343,4.24496e-13,0.180103151,0.000911433,0.808913402,0.001790763,1.39756e-05,0.004911841,0.003355432,2.34065e-09,,21.821542368999502,0.8754353913890509,0.09825713754545454,0.9622904143174528,0.9999999999410745,5.935008040580669e-11
1634.318249,3.939643743,323.5275127,2592.22191,0.221066529,0.718699506,-9.001115598,1.386397827,0.0088146,4.24838e-13,0.179843487,0.000910248,0.80916728,0.001791885,1.39868e-05,0.004915416,0.003357696,2.33631e-09,,21.77471068799845,0.8751871543156589,0.0980386402121212,0.9622002050060046,1.000000001136735,-1.1363101570793788e-09
1632.740137,3.938300195,322.6639782,2591.929153,0.22105219,0.718711049,-9.001261778,1.386384872,0.008829333,4.25248e-13,0.179532271,0.000908828,0.809471555,0.001793231,1.40002e-05,0.004919704,0.003360409,2.3311e-09,,21.71866134267017,0.8748886867314017,0.09777696309090908,0.9620915372857255,1.0000000005315253,-5.311000528251952e-10
1631.162024,3.936953786,321.8022922,2591.636032,0.221037849,0.718722669,-9.00140798,1.386371895,0.008844095,4.2566e-13,0.179221457,0.000907409,0.80977542,0.001794578,1.40137e-05,0.004923999,0.003363121,2.32589e-09,,21.6627390544983,0.8745895835794103,0.09751584612121213,0.9619827344532196,1.0000000000263156,-2.58899568450488e-11
1629.583912,3.935604513,320.9424636,2591.342133,0.221023498,0.718734361,-9.001554298,1.386358803,0.008858885,4.26072e-13,0.178911053,0.000905992,0.810078873,0.001795924,1.40271e-05,0.004928297,0.003365831,2.32069e-09,,21.60695872780699,0.8742898441932377,0.097255292,0.9618736428368885,0.999999999421116,5.793101554019131e-10
1628.0058,3.934252374,320.0844912,2591.047455,0.221009137,0.718746124,-9.00170073,1.386345595,0.008873703,4.26485e-13,0.17860106,0.000904577,0.810381912,0.001797271,1.40405e-05,0.004932598,0.003368539,2.31549e-09,,21.551319621540703,0.8739894681285869,0.09699530036363636,0.9617642620655443,0.9999999998159165,1.845099628638991e-10
1626.427687,3.932897367,319.2283737,2590.751996,0.220994765,0.71875796,-9.001847278,1.386332272,0.00888855,4.26898e-13,0.178291478,0.000903163,0.810684537,0.001798619,1.4054e-05,0.004936902,0.003371245,2.3103e-09,,21.495820762476676,0.8736884549411597,0.09673587081818183,0.9616545913968126,1.0000000003107268,-3.1030000791076873e-10
1624.912699,3.931593863,318.4082264,2590.468391,0.220980959,0.718769375,-9.001988056,1.386319391,0.008902829,4.27296e-13,0.177994655,0.000901808,0.810974667,0.001799912,1.4067e-05,0.004941043,0.003373845,2.30532e-09,,21.442645758973185,0.8733988830836976,0.09648734133333332,0.9615493207839503,0.9999999993057472,6.946799802065584e-10
1623.397711,3.93028771,317.5898203,2590.182641,0.220967141,0.718780884,-9.002128973,1.38630637,0.008917133,4.27694e-13,0.177698236,0.000900454,0.811264412,0.001801206,1.40798e-05,0.004945174,0.003376435,2.30034e-09,,21.389657708638776,0.873108722754048,0.09623933948484847,0.9614432539740372,0.9999999991007678,8.996600131538912e-10
1621.882723,3.928978911,316.7731046,2589.896821,0.220953314,0.718792448,-9.002269983,1.386293256,0.008931464,4.28093e-13,0.177402188,0.000899102,0.811553774,0.0018025,1.40928e-05,0.004949314,0.003379027,2.29537e-09,,21.336770745798862,0.8728179746186574,0.09599184987878788,0.9613371611810037,1.000000000095798,-9.536993417214035e-11
1620.367736,3.927667463,315.9580938,2589.610277,0.220939477,0.718804078,-9.002411099,1.386280036,0.00894582,4.28492e-13,0.177106523,0.000897751,0.811842751,0.001803795,1.41057e-05,0.004953456,0.003381616,2.2904e-09,,21.284018223082093,0.872526638011079,0.0957448769090909,0.9612307996482663,0.9999999999908286,9.599987471631266e-12
1618.852748,3.926353365,315.1447865,2589.32301,0.22092563,0.718815774,-9.002552324,1.386266707,0.008960203,4.28892e-13,0.176811241,0.000896402,0.812131342,0.001805089,1.41186e-05,0.004957601,0.003384204,2.28543e-09,,21.231391794587367,0.8722347127091642,0.09549842015151515,0.9611241697470123,0.9999999998858587,1.145701311600078e-10
1617.398359,3.925089338,314.3655978,2589.047194,0.22091233,0.718827053,-9.002687988,1.386253824,0.008974035,4.29277e-13,0.176528121,0.000895109,0.812408026,0.001806332,1.4131e-05,0.004961588,0.00338669,2.28067e-09,,21.18096878671504,0.8719539106201241,0.09526230236363636,0.9610217903130912,0.9999999992810993,7.193299289554034e-10
1615.943971,3.923822864,313.5880056,2588.769518,0.220899017,0.718838417,-9.002823777,1.386240815,0.008987891,4.29663e-13,0.176245375,0.000893817,0.812684353,0.001807576,1.41434e-05,0.004965567,0.003389167,2.27591e-09,,21.130711530133627,0.8716725649329552,0.09502666836363635,0.9609187204705385,1.0000000006763397,-6.759099946407332e-10
1614.489583,3.922553944,312.8119672,2588.491718,0.220885697,0.718849832,-9.002959654,1.386227718,0.00900177,4.30048e-13,0.175962976,0.000892526,0.812960322,0.001808819,1.41558e-05,0.004969553,0.003391645,2.27116e-09,,21.08055329850984,0.8713906758698065,0.09479150521212122,0.9608156046007438,0.99999999907159,9.288400049101142e-10
1613.035194,3.921282578,312.0374944,2588.213247,0.220872367,0.718861309,-9.003095632,1.386214521,0.009015674,4.30435e-13,0.175680932,0.000891237,0.813235934,0.001810063,1.41683e-05,0.004973542,0.003394122,2.26641e-09,,21.030509605538857,0.8711082434306777,0.09455681648484848,0.9607122396641793,1.0000000005668404,-5.664100299895836e-10
1611.580806,3.920008763,311.2645864,2587.934103,0.220859028,0.718872847,-9.00323171,1.386201223,0.009029602,4.30822e-13,0.175399245,0.000889949,0.813511186,0.001811307,1.41807e-05,0.004977533,0.003396596,2.26166e-09,,20.98058883371768,0.8708252669491227,0.09432260193939393,0.9606086249184701,0.9999999989620909,1.0383399695612638e-09
1610.184593,3.918783598,310.5240527,2587.66603,0.220846215,0.718883971,-9.003362429,1.386188373,0.009042995,4.31194e-13,0.175129153,0.000888715,0.813775091,0.001812501,1.41926e-05,0.004981372,0.003398973,2.25711e-09,,20.932752754644216,0.8705530980069887,0.0940981977878788,0.9605091195888679,0.9999999998575413,1.4288981109444876e-10
1608.78838,3.917556172,309.7849828,2587.396341,0.220833392,0.718895173,-9.003493261,1.38617541,0.00905641,4.31567e-13,0.174859407,0.000887481,0.814038663,0.001813696,1.42045e-05,0.004985203,0.003401342,2.25256e-09,,20.885068445122815,0.8702804267864038,0.09387423721212122,0.9604090144203687,0.9999999987529917,1.2474399291306781e-09
1607.392167,3.916326488,309.047341,2587.126486,0.220820561,0.718906422,-9.003624177,1.386162363,0.009069848,4.3194e-13,0.174589984,0.00088625,0.814301903,0.001814891,1.42164e-05,0.004989042,0.003403712,2.24801e-09,,20.837471061443498,0.8700072539538147,0.0936507093939394,0.9603088476347552,1.000000000648442,-6.48010090031903e-10
1605.995954,3.915094544,308.3111372,2586.856008,0.220807721,0.718917729,-9.003755186,1.386149223,0.009083308,4.32314e-13,0.174320892,0.000885019,0.81456481,0.001816086,1.42284e-05,0.004992882,0.00340608,2.24347e-09,,20.78998533257538,0.8697335790649235,0.09342761733333334,0.9602084495993688,0.9999999996439023,3.5653002772306763e-10
1604.599742,3.913860338,307.5763702,2586.584907,0.220794873,0.718929093,-9.00388629,1.386135988,0.00909679,4.32688e-13,0.174052132,0.00088379,0.814827384,0.001817281,1.42403e-05,0.004996725,0.003408447,2.23893e-09,,20.74260495848857,0.8694594016754328,0.09320496066666666,0.9601078203142095,1.0000000015393626,-1.5389298724244327e-09
1603.259377,3.912673373,306.872334,2586.324512,0.220782531,0.718940047,-9.004012229,1.386123203,0.009109754,4.33048e-13,0.173794427,0.000882611,0.815079141,0.001818429,1.42518e-05,0.00500042,0.003410719,2.23458e-09,,20.69720822473928,0.8691957188176952,0.09299161636363637,0.960011164961743,1.000000001035013,-1.0345799772437658e-09
1601.919013,3.911484321,306.1696403,2586.062709,0.22077018,0.718951071,-9.00413827,1.386110316,0.009122737,4.33409e-13,0.173537042,0.000881434,0.815330588,0.001819577,1.42632e-05,0.005004109,0.003412985,2.23023e-09,,20.65194384420001,0.8689315723353991,0.09277867887878789,0.9599139869773661,1.0000000004306633,-4.3022985174445694e-10
1600.578649,3.910293183,305.4682589,2585.800712,0.220757822,0.71896214,-9.004264392,1.386097349,0.009135742,4.3377e-13,0.173279957,0.000880258,0.815581727,0.001820725,1.42747e-05,0.005007804,0.003415252,2.22588e-09,,20.606761553950452,0.8686669624506932,0.09256613906060607,0.9598167369826268,0.9999999999263138,7.411993241390746e-11
1599.238284,3.909099958,304.768198,2585.538136,0.220745456,0.718973262,-9.0043906,1.386084295,0.009148767,4.34131e-13,0.173023181,0.000879083,0.815832557,0.001821873,1.42861e-05,0.005011501,0.003417516,2.22154e-09,,20.56168278089695,0.868401888941429,0.09235399939393939,0.9597192720703617,0.9999999993219741,6.784600659059947e-10
1597.89792,3.907904645,304.0694567,2585.274983,0.220733081,0.718984438,-9.004516896,1.386071154,0.009161813,4.34493e-13,0.172766712,0.000877909,0.816083077,0.001823021,1.42976e-05,0.0050152,0.003419779,2.2172e-09,,20.51670123211066,0.8681363515854572,0.09214225960606061,0.9596215929829458,0.9999999978176346,2.1827999407975085e-09
1596.61117,3.90675518,303.3998966,2585.022187,0.220721195,0.718995208,-9.004638216,1.386058462,0.009174356,4.34841e-13,0.172520786,0.000876784,0.816323285,0.001824124,1.43086e-05,0.005018757,0.003421953,2.21304e-09,,20.473594669130268,0.8678809993079518,0.0919393626060606,0.9595277582838075,0.9999999998134748,1.8696011405694435e-10
1595.32442,3.905603787,302.7315677,2584.768182,0.2207093,0.719006041,-9.004759628,1.386045678,0.009186918,4.35189e-13,0.172275156,0.00087566,0.816563206,0.001825227,1.43196e-05,0.005022309,0.00342412,2.20888e-09,,20.430610600735935,0.8676252187275478,0.0917368386969697,0.9594334748190587,0.9999999998093152,1.9112000870791235e-10
1594.037671,3.904450471,302.0644447,2584.51392,0.220697399,0.719016918,-9.004881116,1.386032818,0.009199499,4.35538e-13,0.172029806,0.000874537,0.816802841,0.00182633,1.43306e-05,0.005025866,0.003426288,2.20473e-09,,20.387703437368852,0.8673690109549897,0.09153468021212122,0.9593390959591388,1.0000000008051655,-8.047300603664098e-10
1592.750921,3.903295226,301.3985345,2584.259144,0.220685489,0.719027843,-9.005002685,1.386019877,0.009212098,4.35888e-13,0.171784742,0.000873415,0.817042188,0.001827433,1.43416e-05,0.005029424,0.003428454,2.20058e-09,,20.34489060192955,0.8671123746573844,0.09133288924242423,0.9592445263088767,0.9999999998010158,1.9942003604001002e-10
1591.464171,3.902138053,300.7338361,2584.003852,0.220673573,0.719038817,-9.005124335,1.386006855,0.009224717,4.36238e-13,0.171539963,0.000872295,0.817281248,0.001828537,1.43526e-05,0.005032985,0.003430618,2.19643e-09,,20.30216710651528,0.8668553100568808,0.09113146548484849,0.9591497651258973,1.0000000007968664,-7.964300330343121e-10
1589.920071,3.9007469,299.937805,2583.696405,0.220659262,0.719052058,-9.00527043,1.385991114,0.009239884,4.36658e-13,0.171246612,0.000870952,0.81756774,0.001829861,1.43658e-05,0.005037257,0.003433211,2.19146e-09,,20.251032366796046,0.8665462670787052,0.09089024393939395,0.9590356446621797,1.0000000009918968,-9.914600251903494e-10
1588.375972,3.89935297,299.1435077,2583.388549,0.220644942,0.719065363,-9.005416636,1.385975262,0.009255079,4.37079e-13,0.170953668,0.00086961,0.817853816,0.001831185,1.4379e-05,0.005041535,0.003435804,2.18649e-09,,20.20001419998972,0.8662366071932948,0.09064954778787879,0.9589213723828004,0.9999999991869271,8.135100371120529e-10
1586.831872,3.897956261,298.3509511,2583.079919,0.22063061,0.719078738,-9.00556296,1.385959292,0.009270301,4.37501e-13,0.170661138,0.000868271,0.818139477,0.00183251,1.43922e-05,0.005045815,0.003438394,2.18152e-09,,20.14913005588845,0.865926329956352,0.09040937912121211,0.9588068128043455,0.9999999993819574,6.184800449560157e-10
1585.287772,3.89655677,297.5601341,2582.770508,0.220616256,0.719092166,-9.005709519,1.385943087,0.009285551,4.37924e-13,0.170369022,0.000866933,0.818424721,0.001833835,1.44055e-05,0.005050098,0.003440983,2.17657e-09,,20.098371807596855,0.8656154347014303,0.09016973760606062,0.9586919633285031,0.9999999996770078,3.2343006051149814e-10
1583.743673,3.895154502,296.7710541,2582.46033,0.220601915,0.719105703,-9.005855962,1.385926997,0.009300828,4.38347e-13,0.170077321,0.000865597,0.818709549,0.00183516,1.44187e-05,0.005054384,0.003443567,2.17161e-09,,20.047749768436848,0.8653039225392739,0.08993062245454546,0.9585768291518969,0.9999999988720484,1.1283900480663078e-09
1582.261337,3.893805708,296.0151551,2582.162469,0.220588126,0.719118732,-9.005996769,1.38591133,0.00931552,4.38754e-13,0.169797668,0.000864316,0.818982591,0.001836433,1.44314e-05,0.005058507,0.003446051,2.16686e-09,,19.999246511652164,0.8650042895623796,0.08970156215151516,0.9584662668909432,0.9999999995672988,4.331399683366044e-10
1580.779001,3.892454345,295.2608841,2581.862697,0.220574327,0.719131854,-9.00613769,1.385895549,0.009330236,4.39162e-13,0.169518419,0.000863037,0.819255246,0.001837705,1.44441e-05,0.005062622,0.003448525,2.16211e-09,,19.95090818385737,0.8647040858852022,0.08947299518181819,0.9583549952907988,1.000000000262549,-2.621098893484941e-10
1579.296665,3.891100419,294.5081967,2581.562753,0.220560517,0.719145029,-9.006278719,1.385879659,0.009344978,4.3957e-13,0.169239544,0.000861759,0.819527515,0.001838978,1.44568e-05,0.005066744,0.003451,2.15737e-09,,19.90266992296146,0.8644033128406345,0.08924490809090908,0.9582436598464155,0.9999999989578094,1.0426302043953228e-09
1577.81433,3.889743926,293.7571051,2581.262092,0.220546703,0.719158279,-9.006419803,1.385863715,0.009359745,4.39979e-13,0.168961055,0.000860483,0.819799398,0.001840251,1.44694e-05,0.005070869,0.003453473,2.15263e-09,,19.854549864962927,0.8641019695400814,0.08901730457575757,0.9581320582606402,1.00000000055307,-5.526299418079361e-10
1576.331994,3.888384866,293.0076078,2580.960708,0.220532874,0.719171586,-9.006561053,1.385847605,0.009374538,4.40388e-13,0.16868295,0.000859209,0.820070893,0.001841525,1.44821e-05,0.005074995,0.003455943,2.1479e-09,,19.806553531406,0.8638000559835428,0.0887901841818182,0.9580201883063485,0.9999999992483404,7.521000489063567e-10
1574.908952,3.887077754,292.2895759,2580.671238,0.220519583,0.719184401,-9.006696809,1.385831983,0.009388763,4.40782e-13,0.168416323,0.000857987,0.820331165,0.001842748,1.44944e-05,0.005078964,0.003458317,2.14336e-09,,19.76056277650279,0.8635096826131881,0.08857259875757575,0.9579127406791725,1.0000000005438008,-5.433600236415259e-10
1573.485909,3.885768271,291.5730352,2580.380108,0.220506287,0.719197308,-9.00683262,1.385816305,0.009403011,4.41177e-13,0.168150069,0.000856767,0.820591077,0.00184397,1.45065e-05,0.005082926,0.003460682,2.13883e-09,,19.714721803148656,0.8632187825280139,0.0883554652121212,0.9578046768808522,0.9999999996392713,3.611698717875811e-10
1572.062867,3.884456422,290.8579487,2580.088769,0.220492982,0.719210266,-9.00696853,1.38580053,0.009417282,4.41572e-13,0.167884164,0.000855548,0.820850632,0.001845193,1.45187e-05,0.005086895,0.003463047,2.1343e-09,,19.66897299395544,0.8629273568387642,0.08813877233333334,0.957696535504358,0.9999999998347415,1.6570000926918738e-10
1570.639825,3.883142203,290.1443265,2579.796758,0.220479658,0.719223268,-9.007104642,1.385784552,0.009431576,4.41967e-13,0.167618616,0.000854331,0.821109827,0.001846417,1.45309e-05,0.005090866,0.003465411,2.12978e-09,,19.623331478750725,0.8626354046568439,0.08792252318181817,0.9575881446899064,1.000000001030222,-1.0297800390191014e-09
1569.216782,3.881825616,289.4321668,2579.504084,0.220466334,0.719236348,-9.007240758,1.38576857,0.009445894,4.42363e-13,0.167353425,0.000853115,0.821368664,0.00184764,1.45431e-05,0.005094839,0.003467772,2.12526e-09,,19.577801476204254,0.8623429264265505,0.08770671721212121,0.9574795077781847,1.0000000002257023,-2.2526003284895069e-10
1567.850662,3.880559466,288.7498572,2579.222942,0.220453545,0.719248968,-9.00737142,1.385753237,0.009459662,4.42744e-13,0.16709917,0.000851949,0.82161681,0.001848815,1.45548e-05,0.00509866,0.003470039,2.12092e-09,,19.534177711390317,0.8620616527155949,0.08749995672727273,0.9573751513999779,0.9999999999213627,7.908007582102528e-11
1566.484541,3.879291126,288.0689141,2578.940347,0.220440736,0.719261647,-9.007502289,1.385737696,0.00947345,4.43126e-13,0.16684526,0.000850785,0.821864622,0.00184999,1.45665e-05,0.005102475,0.003472299,2.11659e-09,,19.490685698554152,0.8617798924987538,0.08729361033333333,0.9572702556864263,0.9999999996170331,3.834099704391747e-10
1565.118421,3.878020602,287.3893061,2578.657516,0.220427919,0.719274373,-9.007633248,1.385722066,0.00948726,4.43508e-13,0.166591674,0.000849622,0.822112103,0.001851165,1.45782e-05,0.005106296,0.003474559,2.11226e-09,,19.447279490507988,0.8614976471089199,0.08708766851515151,0.9571652723726397,0.9999999993127036,6.877398650573241e-10
1563.7523,3.876747894,286.7110413,2578.374069,0.220415098,0.719287164,-9.007764255,1.385706388,0.009501092,4.43891e-13,0.166338419,0.00084846,0.822359252,0.00185234,1.45899e-05,0.005110119,0.003476818,2.10794e-09,,19.40397106825896,0.8612149165460933,0.08688213372727271,0.9570600604073923,1.000000000008384,-7.940093027514195e-12
1562.386179,3.875472996,286.0341189,2578.090023,0.220402258,0.719299994,-9.007895453,1.385690518,0.009514945,4.44274e-13,0.166085495,0.0008473,0.822606067,0.001853516,1.46017e-05,0.005113944,0.003479075,2.10362e-09,,19.360762151486604,0.860931699477381,0.08667700572727273,0.9569546261008707,1.0000000008040644,-8.036200593863896e-10
1561.074704,3.874247042,285.3855255,2577.817086,0.220389929,0.719312365,-9.008021448,1.385675238,0.009528265,4.44642e-13,0.165842994,0.000846188,0.822842697,0.001854644,1.46129e-05,0.005117621,0.003481241,2.09947e-09,,19.3193657694895,0.8606593552598389,0.08648046227272728,0.9568533153155785,0.9999999999999147,5.297984273511247e-13
1559.763228,3.873019067,284.7381841,2577.542907,0.220377591,0.719324803,-9.008147534,1.385659868,0.009541604,4.45011e-13,0.16560081,0.000845077,0.823079018,0.001855773,1.46242e-05,0.005121294,0.003483402,2.09534e-09,,19.2780821121966,0.8603865620795595,0.08628429821212122,0.9567515435154904,1.000000000295785,-2.9533997469854967e-10
1558.451752,3.871789078,284.0920684,2577.268474,0.220365245,0.719337285,-9.008273707,1.38564441,0.009554963,4.45381e-13,0.165358927,0.000843967,0.823315032,0.001856902,1.46354e-05,0.005124972,0.003485562,2.0912e-09,,19.23688091786518,0.8601133214915845,0.08608850557575758,0.9566496774337936,0.9999999994916454,5.088000021302719e-10
1557.140276,3.870557072,283.4471853,2576.993468,0.22035289,0.71934982,-9.00839997,1.385628863,0.009568342,4.45751e-13,0.165117351,0.000842859,0.823550738,0.001858031,1.46466e-05,0.005128651,0.003487721,2.08707e-09,,19.19577131983667,0.8598396328294674,0.08589308645454545,0.9565475986616958,0.9999999996875159,3.1293001523380326e-10
1555.828801,3.869323048,282.8035336,2576.717889,0.220340528,0.719362407,-9.008526323,1.385613226,0.009581741,4.46121e-13,0.164876082,0.000841752,0.823786135,0.001859161,1.46579e-05,0.005132333,0.003489877,2.08294e-09,,19.154752573579565,0.8595654958710593,0.08569804048484848,0.956445307199197,0.9999999999833863,1.7059798018692618e-11
1554.569784,3.868136489,282.1867778,2576.453106,0.220328652,0.719374531,-9.00864771,1.385598126,0.009594623,4.46477e-13,0.164644748,0.00084069,0.824011826,0.001860245,1.46687e-05,0.005135872,0.003491948,2.07898e-09,,19.11544776568115,0.8593019032057371,0.08551114478787879,0.9563470230762601,0.9999999997794264,2.2101998009560475e-10
1553.310767,3.866948069,281.5711691,2576.187195,0.220316773,0.719386726,-9.00876913,1.385582992,0.009607523,4.46834e-13,0.164413706,0.00083963,0.824237233,0.001861329,1.46795e-05,0.005139408,0.003494013,2.07503e-09,,19.07624781825581,0.8590378971214865,0.0853245966969697,0.9562483202538951,1.0000000005754768,-5.750300235973782e-10
1552.05175,3.865757786,280.9566862,2575.921075,0.220304871,0.719398935,-9.008890798,1.385567612,0.009620441,4.47191e-13,0.164182944,0.000838571,0.824462352,0.001862414,1.46903e-05,0.005142947,0.003496079,2.07108e-09,,19.037122355460344,0.85877347717401,0.08513838975757575,0.9561495398533559,0.9999999993715271,6.289201381903808e-10
1550.792734,3.864565647,280.3433338,2575.654372,0.22029298,0.719411225,-9.009012351,1.385552346,0.009633378,4.47549e-13,0.163952466,0.000837513,0.824687189,0.001863499,1.47011e-05,0.005146489,0.003498142,2.06713e-09,,18.998080508514768,0.8585086449183491,0.08495252539393938,0.9560505430505414,1.0000000011675776,-1.167130170287578e-09
1549.533717,3.863371645,279.7311114,2575.387154,0.220281074,0.719423551,-9.009134065,1.385536918,0.009646333,4.47907e-13,0.163722272,0.000836456,0.824911739,0.001864584,1.47119e-05,0.005150032,0.003500203,2.06319e-09,,18.95912429912453,0.8582433987994623,0.08476700345454545,0.9559513550861972,0.9999999999636379,3.680999949295938e-11
1548.022897,3.861936386,278.997942,2575.065509,0.220266782,0.719438421,-9.009280177,1.385518351,0.009661903,4.48338e-13,0.16344642,0.00083519,0.825180821,0.001865886,1.47248e-05,0.005154284,0.003502672,2.05846e-09,,18.91249610292893,0.857924557726041,0.08454483090909092,0.9558319645032594,0.9999999998589083,1.4154011296341196e-10
1546.512077,3.860498447,278.2663894,2574.743377,0.220252468,0.719453335,-9.009426525,1.385499547,0.009677499,4.48769e-13,0.163170973,0.000833925,0.825449491,0.001867189,1.47378e-05,0.005158541,0.003505142,2.05374e-09,,18.865973531616,0.857605121293819,0.0843231483030303,0.9557123931520399,1.000000000854189,-8.537401896546726e-10
1545.001257,3.859057825,277.5364591,2574.420475,0.220238137,0.719468309,-9.009573049,1.385480567,0.009693123,4.492e-13,0.162895937,0.000832662,0.825717749,0.001868491,1.47508e-05,0.005162799,0.003507609,2.04902e-09,,18.81957498144808,0.85728508883635,0.0841019573030303,0.9555925359864947,0.9999999998494692,1.5098000627489228e-10
1543.490436,3.857614526,276.8081486,2574.096816,0.220223817,0.719483391,-9.009719465,1.385461696,0.009708772,4.49633e-13,0.162621311,0.000831401,0.825985595,0.001869794,1.47637e-05,0.005167062,0.003510071,2.04431e-09,,18.773296135945536,0.8569644616865268,0.08388125715151515,0.9554723978320604,0.9999999997447597,2.556899136862967e-10
1541.979616,3.856168542,276.0814571,2573.772382,0.220209476,0.719498524,-9.009866116,1.385442588,0.009724448,4.50066e-13,0.162347097,0.000830142,0.826253027,0.001871097,1.47767e-05,0.005171327,0.003512532,2.0396e-09,,18.7271339343011,0.8566432380671591,0.0836610476060606,0.9553519720073628,1.0000000007400502,-7.396001588944046e-10
1540.529229,3.854777878,275.3853407,2573.460737,0.220195697,0.719513105,-9.010007016,1.385424131,0.009739523,4.50483e-13,0.162084229,0.000828935,0.826509373,0.001872348,1.47892e-05,0.005175428,0.003514896,2.03509e-09,,18.682911638447926,0.8563343037197498,0.08345010324242423,0.9552362932987876,1.0000000002355407,-2.3509016955358675e-10
1539.078842,3.853384735,274.6907381,2573.147391,0.220181908,0.719527773,-9.010148028,1.385405562,0.009754621,4.509e-13,0.161821759,0.000827729,0.826765336,0.0018736,1.48016e-05,0.005179523,0.00351725,2.03058e-09,,18.63883544587271,0.8560248186654499,0.08323961760606059,0.9551199832003833,1.000000000631031,-6.305800326344979e-10
1537.628455,3.851989124,273.9976109,2572.833754,0.220168109,0.719542496,-9.010289154,1.385386878,0.009769744,4.51318e-13,0.161559661,0.000826525,0.827020918,0.001874851,1.4814e-05,0.005183623,0.003519605,2.02608e-09,,18.59485465305737,0.8557147853478962,0.08302957906060605,0.9550035650864351,0.9999999990265312,9.739200557135064e-10
1536.178067,3.850591036,273.3059689,2572.519473,0.220154299,0.719557282,-9.010430391,1.385368083,0.009784891,4.51737e-13,0.161297943,0.000825323,0.827276117,0.001876103,1.48265e-05,0.005187727,0.003521958,2.02158e-09,,18.550978120033804,0.8554042017677497,0.08281999057575758,0.9548869079277779,0.9999999995220317,4.784199703067316e-10
1534.72768,3.849190476,272.6158107,2572.204445,0.220140479,0.719572133,-9.010571743,1.385349175,0.009800063,4.52156e-13,0.161036607,0.000824122,0.827530934,0.001877355,1.48389e-05,0.005191833,0.003524308,2.01709e-09,,18.507212957246495,0.8550930690357542,0.08261085172727273,0.9547699734921058,0.9999999999175423,8.290990116677222e-11
1533.335308,3.847843614,271.9546416,2571.901792,0.220127202,0.719586439,-9.010707553,1.385330909,0.009814651,4.52559e-13,0.160786075,0.000822971,0.827775199,0.001878557,1.48509e-05,0.005195781,0.003526564,2.01278e-09,,18.465286087453283,0.8547938652503535,0.08241049745454546,0.9546576325009576,0.9999999999132324,8.722012001527446e-11
1531.942936,3.846494467,271.2948582,2571.597627,0.220113916,0.719600827,-9.010843456,1.385312551,0.009829261,4.52963e-13,0.160535909,0.000821821,0.828019109,0.00187976,1.48628e-05,0.005199723,0.003528813,2.00848e-09,,18.42348851608634,0.8544941538549305,0.0822105630909091,0.9545447302744057,0.999999999808933,1.915200220636848e-10
1530.550565,3.845143039,270.6364282,2571.293237,0.22010061,0.719615248,-9.010979566,1.385293986,0.009843894,4.53367e-13,0.160286088,0.000820673,0.828262665,0.001880962,1.48748e-05,0.005203671,0.003531063,2.00418e-09,,18.38177471222377,0.8541939357380808,0.08201103884848485,0.9544317445306805,0.9999999988046332,1.1958201096007315e-09
1529.158193,3.843789332,269.9793594,2570.988192,0.220087314,0.71962976,-9.011115587,1.38527551,0.00985855,4.53772e-13,0.160036619,0.000819527,0.828505868,0.001882165,1.48868e-05,0.005207622,0.003533309,1.99988e-09,,18.340162545193916,0.8538932113441018,0.08181192709090909,0.9543185156591847,0.9999999988003339,1.2001198923528023e-09
1527.765821,3.842433344,269.3236508,2570.682456,0.220073998,0.719644317,-9.011251812,1.38525683,0.009873228,4.54178e-13,0.159787503,0.000818382,0.828748717,0.001883368,1.48987e-05,0.005211575,0.003535554,1.99559e-09,,18.29864803191126,0.8535919802286956,0.08161322751515152,0.9542050302971704,0.9999999996960443,3.044099416982249e-10
1526.429144,3.841129452,268.6954391,2570.388672,0.220061206,0.719658338,-9.01138269,1.385238794,0.00988734,4.54568e-13,0.159548677,0.000817284,0.828981521,0.001884523,1.49102e-05,0.005215375,0.003537709,1.99148e-09,,18.258876071960888,0.8533023221774969,0.08142286033333333,0.9540959813673944,1.0000000011919348,-1.1914800257528668e-09
1525.092467,3.839823453,268.0684959,2570.093619,0.220048405,0.719672432,-9.01151366,1.385220668,0.009901473,4.54958e-13,0.159310189,0.000816188,0.829213995,0.001885678,1.49217e-05,0.00521917,0.003539857,1.98737e-09,,18.219221777052255,0.8530121960587635,0.08123287754545455,0.9539864614007618,1.000000000687825,-6.87369938745519e-10
1523.75579,3.838515352,267.4427938,2569.798271,0.2200356,0.719686581,-9.011644684,1.385202487,0.009915626,4.5535e-13,0.15907202,0.000815093,0.829446143,0.001886833,1.49331e-05,0.005222971,0.003542005,1.98327e-09,,18.17964567724364,0.8527216029832394,0.08104327084848485,0.9538768319338354,1.0000000000837255,-8.327005751596062e-11
1522.419113,3.837205149,266.8183401,2569.502285,0.220022781,0.719700777,-9.011775853,1.38518416,0.009929801,4.55741e-13,0.158834177,0.000813999,0.829677964,0.001887989,1.49446e-05,0.005226773,0.00354415,1.97917e-09,,18.140164152027925,0.8524305429509248,0.08085404245454546,0.9537669656493247,0.9999999985796257,1.4208300092022341e-09
1521.082436,3.835892839,266.1951334,2569.205734,0.220009939,0.719715005,-9.011907256,1.3851656,0.009943996,4.56134e-13,0.158596661,0.000812907,0.829909456,0.001889145,1.49561e-05,0.005230577,0.003546295,1.97507e-09,,18.100769401738038,0.8521390148510755,0.08066519193939393,0.9536568896439126,0.9999999990755262,9.249299104396869e-10
1519.799226,3.834631048,265.5980181,2568.920762,0.219997624,0.719728744,-9.012033284,1.385147902,0.009957644,4.56511e-13,0.158368946,0.00081186,0.830131383,0.001890254,1.49671e-05,0.005234235,0.003548353,1.97114e-09,,18.06302490462265,0.851858709486766,0.08048424790909091,0.9535511116178249,1.0000000000715965,-7.113998279351108e-11
1518.516017,3.833367311,265.0020647,2568.634667,0.219985285,0.719742522,-9.012159558,1.385129957,0.009971309,4.56888e-13,0.158141543,0.000810814,0.830353005,0.001891364,1.49781e-05,0.005237888,0.003550405,1.96722e-09,,18.025387507445355,0.8515779718208797,0.08030365596969698,0.9534449167482462,0.9999999990676769,9.32779964379904e-10
1517.232807,3.832101643,264.4072495,2568.348213,0.219972957,0.719756379,-9.012285724,1.385112121,0.009984995,4.57267e-13,0.157914435,0.00080977,0.830574327,0.001892474,1.49891e-05,0.005241546,0.003552456,1.9633e-09,,17.987824469880383,0.8512968051856487,0.08012340893939393,0.9533385886223782,0.9999999990637573,9.36700050857553e-10
1515.949597,3.830834031,263.8135789,2568.061231,0.219960605,0.719770258,-9.012412149,1.385094024,0.0099987,4.57645e-13,0.15768763,0.000808727,0.830795345,0.001893584,1.50002e-05,0.005245206,0.003554506,1.95938e-09,,17.95034218321539,0.8510152066931385,0.07994350875757575,0.9532320645095436,1.0000000001598375,-1.5937984265690375e-10
1514.666387,3.82956448,263.2210511,2567.77373,0.219948252,0.719784201,-9.012538578,1.385075925,0.010012423,4.58025e-13,0.157461125,0.000807685,0.83101606,0.001894695,1.50112e-05,0.005248868,0.003556554,1.95547e-09,,17.91294300436886,0.8507331774540929,0.07976395487878789,0.9531253477504296,1.000000000155928,-1.5546985920877887e-10
1513.434506,3.828343889,262.6532921,2567.497387,0.219936377,0.719797615,-9.012660129,1.385058371,0.010025617,4.58389e-13,0.15724396,0.000806686,0.831227663,0.001895761,1.50218e-05,0.005252387,0.00355852,1.95172e-09,,17.87711017769062,0.8504620246205984,0.0795919066969697,0.9530227727007294,1.0000000007521783,-7.517197975204226e-10
1512.202624,3.827121509,262.0865966,2567.220047,0.219924503,0.719811103,-9.012781671,1.385040824,0.010038827,4.58755e-13,0.157027081,0.000805688,0.831438986,0.001896827,1.50323e-05,0.005255903,0.00356048,1.94797e-09,,17.841372953813686,0.8501904743628896,0.0794201807878788,0.9529198275771553,0.9999999992484288,7.520299938335029e-10
1510.970743,3.825897341,261.5209457,2566.942421,0.219912613,0.719824619,-9.012903382,1.38502311,0.010052055,4.5912e-13,0.156810477,0.000804692,0.831650029,0.001897894,1.50429e-05,0.005259423,0.00356244,1.94423e-09,,17.805702959356253,0.8499185269031154,0.07924877142424243,0.9528167762939747,0.999999999844689,1.5576995249233505e-10
1509.738861,3.824671385,260.9563437,2566.664294,0.219900723,0.719838194,-9.013025097,1.385005391,0.010065301,4.59486e-13,0.156594151,0.000803696,0.831860793,0.00189896,1.50535e-05,0.005262946,0.003564398,1.94049e-09,,17.77010665263516,0.8496461822412756,0.07907767990909091,0.9527135390458882,0.9999999994409494,5.595099938915382e-10
1508.50698,3.823443642,260.3927898,2566.385599,0.219888818,0.719851805,-9.013146979,1.384987505,0.010078565,4.59853e-13,0.156378104,0.000802702,0.832071277,0.001900027,1.50641e-05,0.005266469,0.003566355,1.93676e-09,,17.734588248908754,0.8493734405995194,0.078906906,0.9526100909633379,1.00000000003722,-3.676015047915371e-11
1507.028722,3.821967988,259.7179133,2566.050287,0.219874525,0.719868212,-9.0132933,1.384965979,0.010094504,4.60294e-13,0.15611922,0.000801511,0.832323487,0.001901307,1.50768e-05,0.005270698,0.003568698,1.93228e-09,,17.692074570762873,0.8490456258250719,0.07870239796969698,0.9524856273617086,0.9999999997327405,2.67719846291925e-10
1505.550464,3.820489763,259.0445359,2565.714435,0.219860228,0.719884692,-9.013439687,1.384944387,0.01011047,4.60735e-13,0.155860733,0.000800322,0.832575296,0.001902588,1.50895e-05,0.005274931,0.00357104,1.92781e-09,,17.64966307777696,0.8487172399060439,0.07849834421212122,0.9523609633188637,1.0000000014282706,-1.42780987033575e-09
1504.072207,3.819008963,258.3726624,2565.377783,0.219845907,0.719901221,-9.013586315,1.384922555,0.010126461,4.61177e-13,0.155602647,0.000799134,0.832826701,0.001903868,1.51022e-05,0.005279166,0.00357338,1.92334e-09,,17.6073598694544,0.8483882819538399,0.07829474618181818,0.9522360023260698,1.0000000001238012,-1.2334000487612684e-10
1502.593949,3.817525585,257.702291,2565.040445,0.21983157,0.719917809,-9.013733119,1.384900547,0.010142477,4.6162e-13,0.155344964,0.000797948,0.833077701,0.00190515,1.51149e-05,0.005283404,0.003575717,1.91888e-09,,17.565165042072586,0.8480587513020135,0.07809160333333333,0.9521107866986946,1.0000000008193417,-8.188800748598624e-10
1501.115691,3.816039638,257.0334189,2564.702285,0.219817243,0.719934503,-9.013879824,1.384878636,0.010158519,4.62063e-13,0.155087682,0.000796764,0.833328299,0.001906431,1.51275e-05,0.005287645,0.00357805,1.91442e-09,,17.523080493305383,0.847728649949904,0.07788891481818182,0.9519852659552468,1.0000000004148821,-4.144200538291898e-10
1499.696564,3.814610706,256.3926994,2564.377442,0.219803468,0.719950562,-9.01402089,1.384857374,0.010173944,4.6249e-13,0.154841063,0.000795628,0.833568493,0.001907661,1.51398e-05,0.005291722,0.003580291,1.91015e-09,,17.482765384520164,0.8474112144119794,0.0776947573939394,0.9518646883148878,0.9999999997106126,2.8984992184177827e-10
1498.277436,3.813179394,255.7533809,2564.051047,0.219789673,0.71996669,-9.014162163,1.384835904,0.010189391,4.62917e-13,0.154594829,0.000794495,0.833808313,0.001908891,1.51519e-05,0.005295794,0.003582524,1.90589e-09,,17.442577470949548,0.8470932501598961,0.07750102451515152,0.9517435345916277,0.999999999806353,1.9410995033553036e-10
1496.858309,3.811745712,255.1154292,2563.724355,0.219775877,0.719982888,-9.014303455,1.384814416,0.010204862,4.63345e-13,0.15434896,0.000793363,0.83404776,0.001910122,1.51641e-05,0.005299872,0.003584757,1.90162e-09,,17.402475572358327,0.846774759415142,0.07730770581818182,0.951622270625699,1.0000000000020834,-1.6200374375330284e-12
1495.439181,3.810309661,254.4788526,2563.396941,0.219762086,0.719999175,-9.014444703,1.384792971,0.010220357,4.63774e-13,0.154103462,0.000792232,0.834286836,0.001911352,1.51763e-05,0.005303953,0.003586986,1.89737e-09,,17.362474274170122,0.8464557423998661,0.07711480381818182,0.9515007386624413,0.9999999991978338,8.026299624930289e-10
1494.020054,3.808871235,253.8436503,2563.068749,0.219748253,0.720015474,-9.014586384,1.384771095,0.010235875,4.64203e-13,0.153858336,0.000791104,0.834525538,0.001912584,1.51885e-05,0.005308033,0.003589214,1.89312e-09,,17.322575625174178,0.8461361977811755,0.07692231827272727,0.9513789179153583,0.9999999993935843,6.068798796832198e-10
1492.657692,3.807488115,253.2351364,2562.753489,0.219734988,0.720031212,-9.014722256,1.384750234,0.010250795,4.64616e-13,0.153623358,0.000790022,0.834754343,0.001913765,1.52002e-05,0.005311959,0.003591351,1.88904e-09,,17.284350507829313,0.8458289393243601,0.07673792012121211,0.9512618973642011,1.0000000000895044,-8.903988657493755e-11
1491.295329,3.806102805,252.6279038,2562.436842,0.219721704,0.720047009,-9.01485833,1.384729171,0.010265736,4.65029e-13,0.153388735,0.000788941,0.834982801,0.001914947,1.52119e-05,0.005315879,0.003593483,1.88497e-09,,17.246238482019333,0.8455211943616591,0.07655391024242425,0.9511443619760697,0.9999999997854347,2.1503021585544957e-10
1489.932967,3.804715307,252.0219243,2562.119879,0.219708401,0.720062841,-9.014994609,1.384707904,0.010280699,4.65443e-13,0.153154449,0.000787862,0.835210915,0.00191613,1.52236e-05,0.005319804,0.003595614,1.8809e-09,,17.20820842246762,0.84521296333737,0.07637028009090908,0.9510267092927084,0.9999999994813653,5.191000962412318e-10
1488.570604,3.803325621,251.4172043,2561.802324,0.219695097,0.720078745,-9.015130902,1.384686622,0.010295684,4.65857e-13,0.152920507,0.000786785,0.835438685,0.001917313,1.52353e-05,0.005323731,0.003597743,1.87684e-09,,17.170268667306097,0.8449042462514931,0.0761870316060606,0.9509088368663849,1.0000000011773058,-1.1768399588163447e-09
1487.208242,3.801933752,250.8137421,2561.484071,0.219681797,0.720094733,-9.015267157,1.384665378,0.010310691,4.66273e-13,0.152686907,0.000785709,0.835666111,0.001918495,1.5247e-05,0.005327662,0.003599868,1.87278e-09,,17.13241869778201,0.8445950442147723,0.07600416427272727,0.9507907053512308,1.0000000008732461,-8.727800704377842e-10
1485.900374,3.800595501,250.2355928,2561.178205,0.219669,0.720110096,-9.015398267,1.384644679,0.010325118,4.66672e-13,0.152462968,0.000784677,0.835884117,0.001919631,1.52582e-05,0.005331438,0.003601908,1.8689e-09,,17.096162349491223,0.8442977533527416,0.07582896751515152,0.9506771717348499,0.9999999990693669,9.310998638767387e-10
1484.592506,3.79925523,249.6586153,2560.871206,0.219656202,0.720125538,-9.0155294,1.384623958,0.010339564,4.67072e-13,0.152239357,0.000783647,0.836101803,0.001920767,1.52695e-05,0.005335212,0.003603943,1.86501e-09,,17.06000292373519,0.8440000137501225,0.07565412584848485,0.9505632175631035,1.000000000365477,-3.6501002220745704e-10
1483.284639,3.797912948,249.082786,2560.56384,0.219643397,0.720141034,-9.015660601,1.384603167,0.010354031,4.67472e-13,0.152016057,0.000782618,0.836319173,0.001921902,1.52807e-05,0.00533899,0.003605976,1.86113e-09,,17.023921832284753,0.843701827406254,0.07547963212121211,0.9504491271655681,0.9999999985615976,1.4388699121070658e-09
1481.976771,3.796568646,248.5081109,2560.25589,0.219630566,0.720156553,-9.01579208,1.384582099,0.010368517,4.67873e-13,0.151793074,0.000781591,0.836536224,0.001923039,1.52919e-05,0.005342769,0.003608009,1.85725e-09,,16.987921236760556,0.8434031923217972,0.07530548815151515,0.9503348199945699,0.999999999757718,2.427499312673831e-10
1480.668903,3.795222332,247.9345878,2559.947348,0.219617752,0.720172171,-9.015923394,1.384561196,0.010383024,4.68275e-13,0.151570407,0.000780565,0.836752958,0.001924175,1.53031e-05,0.005346552,0.003610037,1.85338e-09,,16.952004542349318,0.8431041102739422,0.07513169327272727,0.9502202930806096,0.9999999989538482,1.0466200128789183e-09
1479.41335,3.793927974,247.385082,2559.650852,0.219605424,0.720187178,-9.016049731,1.384540853,0.010396969,4.68661e-13,0.151356941,0.000779581,0.836960723,0.001925266,1.53139e-05,0.005350187,0.003611985,1.84967e-09,,16.91759265558986,0.8428165701894615,0.07496517636363637,0.9501102374905064,0.9999999987501387,1.2503300617083823e-09
1478.157797,3.792631758,246.8366483,2559.35329,0.219593097,0.720202264,-9.016176058,1.384520521,0.010410933,4.69048e-13,0.151143775,0.000778599,0.837168195,0.001926357,1.53247e-05,0.005353819,0.003613927,1.84596e-09,,16.88327408306152,0.8425286173524992,0.07479898433333333,0.9499997862145961,0.999999998546429,1.4540401105378464e-09
1476.902244,3.791333684,246.2892671,2559.055429,0.219580757,0.720217386,-9.016302527,1.384500046,0.010424915,4.69435e-13,0.150930898,0.000777618,0.837375373,0.001927449,1.53355e-05,0.005357456,0.003615869,1.84226e-09,,16.849021017141727,0.8422402517630547,0.07463311124242424,0.9498892239536424,1.0000000003427294,-3.422599981206531e-10
1475.64669,3.790033753,245.7429431,2558.756986,0.219568404,0.720232551,-9.016429132,1.384479436,0.010438915,4.69823e-13,0.150718312,0.000776638,0.837582258,0.00192854,1.53463e-05,0.005361093,0.003617809,1.83856e-09,,16.814846678957117,0.8419514736432772,0.07446755851515151,0.9497784456616007,0.9999999981390296,1.8614401131600289e-09
1474.391137,3.788731965,245.197675,2558.457963,0.219556039,0.720247759,-9.016555869,1.384458693,0.010452934,4.70211e-13,0.150506019,0.00077566,0.83778885,0.001929632,1.5357e-05,0.005364732,0.003619747,1.83486e-09,,16.780747881366487,0.8416622829931667,0.07430232575757575,0.9496674520808461,0.9999999988353302,1.165139984493635e-09
1473.185806,3.787480504,244.6752036,2558.170635,0.219544176,0.720262426,-9.016677474,1.384438843,0.01046641,4.70584e-13,0.150302489,0.000774722,0.837986903,0.00193068,1.53674e-05,0.005368231,0.003621606,1.83132e-09,,16.7480749758369,0.8413842724260251,0.07414400109090909,0.9495607995371587,1.0000000002317906,-2.3132007420656464e-10
1471.980475,3.786227328,244.1537137,2557.8824,0.219532301,0.720277143,-9.016799193,1.384418879,0.010479903,4.70958e-13,0.150099235,0.000773785,0.838184685,0.001931729,1.53777e-05,0.005371727,0.00362346,1.82778e-09,,16.715486886752124,0.8411058808736809,0.07398597384848485,0.9494538103264665,1.000000000528251,-5.277800418923562e-10
1470.775144,3.784972443,243.6331885,2557.593791,0.219520414,0.720291895,-9.016921046,1.384398781,0.010493412,4.71333e-13,0.149896248,0.000772849,0.838382196,0.001932777,1.53881e-05,0.005375226,0.003625314,1.82424e-09,,16.682961318997997,0.8408271096690271,0.07382823893939394,0.9493466822916731,0.9999999999247113,7.576006488818621e-11
1469.569813,3.783715844,243.1136321,2557.304697,0.219508508,0.720306674,-9.017043098,1.384378483,0.010506939,4.71707e-13,0.14969353,0.000771915,0.838579436,0.001933826,1.53984e-05,0.005378726,0.003627167,1.82071e-09,,16.650504792220488,0.8405479577013193,0.0736707976060606,0.9492393742309732,1.0000000002211817,-2.2070989480482694e-10
1468.364482,3.782457537,242.5950427,2557.015038,0.219496606,0.720321518,-9.017165123,1.384358213,0.010520483,4.72083e-13,0.149491082,0.000770981,0.838776407,0.001934875,1.54088e-05,0.005382228,0.003629017,1.81719e-09,,16.61811817330152,0.8402684263034506,0.0735136493030303,0.9491318564493717,1.000000000617662,-6.171898547790988e-10
1466.918085,3.78094531,241.9740159,2556.666613,0.219482325,0.720339418,-9.017311538,1.384333904,0.010536757,4.72534e-13,0.149248503,0.000769863,0.839012414,0.001936134,1.54212e-05,0.005386432,0.003631231,1.81296e-09,,16.579353294408158,0.8399324868807144,0.07332545936363637,0.9490025254668907,1.0000000000134326,-1.2959855411054377e-11
1465.471688,3.779430616,241.3543733,2556.317678,0.21946802,0.720357357,-9.017458208,1.384309339,0.010553057,4.72986e-13,0.149006309,0.000768746,0.839248031,0.001937393,1.54336e-05,0.005390639,0.003633446,1.80873e-09,,16.540678901510933,0.8395959994168735,0.07313768887878788,0.9488730051788171,0.999999999409203,5.912699219123851e-10
1464.025291,3.777913463,240.736118,2555.967929,0.219453702,0.720375364,-9.017605008,1.384284645,0.01056938,4.73438e-13,0.148764504,0.000767631,0.839483259,0.001938652,1.5446e-05,0.005394849,0.003635657,1.80452e-09,,16.5021045102003,0.8392589656891182,0.0729503387878788,0.9487431827441705,0.9999999998049933,1.9548007657022026e-10
1462.578893,3.776393842,240.1192481,2555.617536,0.219439374,0.720393436,-9.01775193,1.384259829,0.010585729,4.73892e-13,0.148523087,0.000766518,0.839718096,0.001939912,1.54584e-05,0.005399061,0.003637866,1.80031e-09,,16.463627968570655,0.8389213836981091,0.0727634085151515,0.9486131212648149,1.0000000002007838,-2.0030999081654954e-10
1461.132496,3.774871758,239.5037619,2555.266323,0.219425017,0.720411547,-9.017899148,1.384234717,0.010602101,4.74346e-13,0.148282059,0.000765407,0.839952542,0.001941172,1.54709e-05,0.005403275,0.003640073,1.7961e-09,,16.425248816287528,0.8385832545545904,0.07257689754545454,0.9484827554117614,1.0000000006965744,-6.961000664773564e-10
1459.743955,3.773408249,238.914184,2554.928791,0.219411249,0.720429031,-9.018040345,1.384210741,0.010617843,4.74783e-13,0.14805103,0.000764341,0.840177248,0.001942382,1.54828e-05,0.005407326,0.003642189,1.79207e-09,,16.388490802135518,0.8382581377773942,0.07239823757575757,0.9483574677740236,1.000000000592545,-5.9206994862393e-10
1458.355414,3.771942461,238.3258964,2554.589975,0.219397468,0.720446587,-9.018181681,1.384186626,0.010633606,4.7522e-13,0.147820372,0.000763277,0.84040159,0.001943591,1.54947e-05,0.005411375,0.003644298,1.78804e-09,,16.351840119870634,0.8379325147230687,0.07221996860606061,0.9482317035316177,0.9999999994885153,5.119600299252625e-10
1456.966872,3.770474405,237.7388701,2554.250732,0.219383653,0.72046416,-9.018323359,1.38416217,0.010649392,4.75658e-13,0.147590067,0.000762215,0.840625573,0.001944802,1.55066e-05,0.005415426,0.003646408,1.78402e-09,,16.31527293057558,0.8376063878352507,0.07204208184848486,0.9481057807921764,0.9999999993844958,6.159799337268623e-10
1455.578331,3.769004085,237.153111,2553.910755,0.219369858,0.720481847,-9.018464849,1.384137901,0.010665201,4.76097e-13,0.14736012,0.000761154,0.8408492,0.001946012,1.55185e-05,0.005419481,0.003648513,1.78001e-09,,16.278796696044893,0.8372797580025356,0.07186457909090908,0.9479795856011569,1.000000000280486,-2.800100151745255e-10
1454.18979,3.767531493,236.5686181,2553.57014,0.219356038,0.720499569,-9.01860661,1.384113362,0.010681032,4.76536e-13,0.147130531,0.000760095,0.841072465,0.001947222,1.55304e-05,0.005423538,0.003650617,1.77599e-09,,16.242407761053833,0.8369526234477327,0.07168746003030303,0.9478531535925531,1.0000000001764664,-1.7598988932832071e-10
1452.85679,3.766115671,236.0086859,2553.242819,0.219342753,0.72051662,-9.018742879,1.384089625,0.010696252,4.76959e-13,0.146910456,0.00075908,0.841286462,0.001948385,1.55419e-05,0.005427437,0.003652636,1.77215e-09,,16.207550919565996,0.8366381002806573,0.0715177836060606,0.9477316561497271,0.999999999672627,3.2784996939483335e-10
1451.52379,3.764697754,235.4499326,2552.91432,0.219329471,0.720533765,-9.018879124,1.384065913,0.010711492,4.77382e-13,0.146690723,0.000758066,0.841500126,0.001949547,1.55533e-05,0.005431334,0.003654648,1.76831e-09,,16.17279344727548,0.8363231117118328,0.07134846442424243,0.947609721448101,0.9999999990687874,9.316898363920245e-10
1450.190791,3.763277751,234.8923342,2552.58538,0.219316173,0.720550949,-9.019015545,1.384042025,0.010726753,4.77806e-13,0.146471315,0.000757054,0.84171346,0.00195071,1.55647e-05,0.005435235,0.00365666,1.76447e-09,,16.138109941311786,0.8360076597405987,0.0711794952121212,0.9474876230528156,1.0000000004649479,-4.6447001800231646e-10
1448.857791,3.761855655,234.335896,2552.25585,0.219302865,0.72056819,-9.019152074,1.384018028,0.010742034,4.7823e-13,0.146252237,0.000756043,0.841926462,0.001951873,1.55762e-05,0.005439138,0.003658669,1.76064e-09,,16.1035092083595,0.8356917428119132,0.07101087757575757,0.9473653056569429,0.9999999999611182,3.93600707582209e-11
1447.524791,3.760431472,233.7806165,2551.925607,0.219289546,0.720585489,-9.019288716,1.383993918,0.010757337,4.78656e-13,0.146033489,0.000755034,0.842139134,0.001953036,1.55876e-05,0.005443042,0.003660676,1.75682e-09,,16.06899189109512,0.835375362258669,0.07084261106060606,0.947242723604428,1.0000000003572984,-3.5681990695479726e-10
1446.245112,3.75906229,233.2486297,2551.608288,0.219276745,0.720602132,-9.019420052,1.383970614,0.010772047,4.79064e-13,0.145823797,0.000754066,0.842342987,0.001954153,1.55986e-05,0.005446795,0.003662602,1.75315e-09,,16.035922998654726,0.8350712001119143,0.07068140293939394,0.9471249387783394,1.0000000003536291,-3.5314995372459634e-10
1444.965432,3.757691179,232.7177208,2551.289909,0.219263946,0.720618858,-9.019551379,1.383947318,0.010786776,4.79474e-13,0.145614418,0.0007531,0.842546534,0.00195527,1.56096e-05,0.005450545,0.003664522,1.74949e-09,,16.00294551787478,0.8347666094401123,0.07052052145454546,0.9470067604935685,1.0000000003499696,-3.4948999250161705e-10
1443.685752,3.756318143,232.1878695,2550.971164,0.219251133,0.720635622,-9.01968286,1.383923868,0.010801525,4.79884e-13,0.145405339,0.000752135,0.842749775,0.001956387,1.56205e-05,0.0054543,0.003666441,1.74583e-09,,15.970035315391792,0.8344615911318584,0.07035996045454546,0.9468884463541958,0.99999999924631,7.541698376911654e-10
1442.406073,3.754943184,231.6590802,2550.651763,0.219238309,0.72065244,-9.019814447,1.383900312,0.010816292,4.80294e-13,0.145196565,0.000751171,0.842952713,0.001957504,1.56315e-05,0.005458055,0.003668358,1.74218e-09,,15.937202598364477,0.8341561456314501,0.07019972127272728,0.9467698887158648,0.9999999992426601,7.578201399738305e-10
1441.126393,3.753566295,231.1313518,2550.331856,0.219225464,0.720669287,-9.019946264,1.383876527,0.010831079,4.80705e-13,0.144988095,0.000750209,0.843155343,0.001958622,1.56425e-05,0.005461813,0.003670273,1.73853e-09,,15.904442343164973,0.833850271383846,0.07003980357575758,0.9466511432566912,0.9999999992390106,7.614701091895881e-10
1439.8979,3.752242678,230.6257227,2550.024333,0.219213142,0.720685537,-9.020072712,1.383853789,0.010845293,4.81101e-13,0.144788245,0.000749287,0.843349584,0.001959695,1.5653e-05,0.005465425,0.00367211,1.73503e-09,,15.873056772936732,0.8335562314474451,0.06988658263636364,0.9465369945827283,1.000000000735511,-7.350300368358376e-10
1438.669408,3.75091728,230.1210797,2549.715928,0.219200799,0.720701823,-9.020199386,1.383830825,0.010859524,4.81497e-13,0.144588684,0.000748366,0.84354354,0.001960769,1.56636e-05,0.005469034,0.003673943,1.73153e-09,,15.841751980660288,0.8332617958640204,0.06973366051515151,0.9464225185214467,1.0000000013320114,-1.3315299973726269e-09
1437.440915,3.749590111,229.6174052,2549.407131,0.219188454,0.720718164,-9.020326093,1.383807828,0.010873772,4.81893e-13,0.1443894,0.000747446,0.843737216,0.001961842,1.56741e-05,0.005472647,0.003675774,1.72804e-09,,15.810511633346948,0.8329669668550599,0.06958103187878788,0.94630789695469,1.000000000828522,-8.280400809468347e-10
1436.212423,3.748261171,229.1147029,2549.097749,0.219176099,0.720734554,-9.020452895,1.383784736,0.010888039,4.8229e-13,0.144190396,0.000746527,0.843930612,0.001962916,1.56846e-05,0.005476261,0.003677602,1.72456e-09,,15.779342488974855,0.8326717444205637,0.06942869784848485,0.946193058243283,1.0000000003250422,-3.2455993448365916e-10
1434.98393,3.746930454,228.6129717,2548.787899,0.219163736,0.720750991,-9.020579793,1.383761548,0.010902323,4.82688e-13,0.143991672,0.00074561,0.844123725,0.00196399,1.56952e-05,0.005479878,0.003679429,1.72108e-09,,15.748237312337146,0.8323761272276389,0.06927665809090909,0.946078045816156,1.0000000009215626,-9.210801010794967e-10
1433.804578,3.745651303,228.1322169,2548.490042,0.219151866,0.720766825,-9.020701636,1.383739267,0.010916053,4.8307e-13,0.143801157,0.00074473,0.844308851,0.001965021,1.57053e-05,0.005483353,0.003681181,1.71774e-09,,15.718438399220023,0.8320919653600539,0.06913097481818183,0.945967485039952,1.000000000018223,-1.774003166588045e-11
1432.625225,3.744370512,227.652364,2548.191406,0.219139986,0.720782707,-9.020823589,1.383716876,0.010929798,4.83453e-13,0.143610907,0.000743852,0.844493716,0.001966052,1.57154e-05,0.005486827,0.00368293,1.7144e-09,,15.688709311465201,0.831807439168427,0.06898556484848485,0.9458566351087352,1.0000000011148835,-1.1143999056884013e-09
1431.445872,3.743088091,227.1733984,2547.892351,0.219128089,0.720798616,-9.020945716,1.38369431,0.01094356,4.83836e-13,0.143420912,0.000742974,0.844678323,0.001967083,1.57255e-05,0.005490303,0.003684677,1.71107e-09,,15.659041784060516,0.8315225508742459,0.06884042375757575,0.9457456296499827,0.9999999992115537,7.889301434360618e-10
1430.266519,3.741804035,226.6953232,2547.592826,0.219116181,0.720814565,-9.021067966,1.383671622,0.010957338,4.8422e-13,0.143231175,0.000742098,0.84486267,0.001968115,1.57356e-05,0.00549378,0.003686423,1.70775e-09,,15.629436254676701,0.8312372993667666,0.06869555248484849,0.945634449733135,0.9999999983082344,1.6922498957683274e-09
1429.087166,3.740518344,226.2181369,2547.292833,0.219104272,0.720830569,-9.021190232,1.383648917,0.010971133,4.84604e-13,0.143041697,0.000741224,0.845046758,0.001969147,1.57457e-05,0.005497261,0.003688167,1.70442e-09,,15.599889340946175,0.8309516846459891,0.06855095057575757,0.9455230961005672,1.0000000014049044,-1.4044199136975521e-09
1427.671943,3.73897336,225.6466899,2546.932002,0.219089983,0.720849859,-9.021336937,1.383621687,0.010987708,4.85066e-13,0.142814667,0.000740175,0.845267322,0.001970385,1.57578e-05,0.005501438,0.003690254,1.70044e-09,,15.564524829782648,0.8306084682948088,0.06837778481818182,0.9453891601667518,1.000000000500925,-5.00439911732542e-10
1426.25672,3.737426025,225.0765154,2546.570564,0.219075653,0.720869162,-9.021484064,1.383594033,0.011004306,4.85529e-13,0.142588005,0.000739128,0.845487513,0.001971623,1.577e-05,0.005505617,0.003692342,1.69646e-09,,15.529243212059505,0.830264729671785,0.06820500466666667,0.9452549989221627,0.9999999996969454,3.0354008195843107e-10
1424.841496,3.735876343,224.5076149,2546.208413,0.219061344,0.720888584,-9.021630997,1.383566575,0.011020928,4.85993e-13,0.142361715,0.000738083,0.845707332,0.001972862,1.57821e-05,0.0055098,0.003694424,1.69249e-09,,15.494053847238506,0.8299204696655131,0.06803261057575757,0.9451205730209313,0.999999999792976,2.0750989815354615e-10
1423.426273,3.734324306,223.9399878,2545.845515,0.219046991,0.720908016,-9.021778383,1.383538663,0.011037573,4.86457e-13,0.142135796,0.00073704,0.845926778,0.001974101,1.57942e-05,0.005513984,0.003696505,1.68853e-09,,15.458952733779315,0.8295756864988026,0.06786060236363636,0.9449858698426853,0.9999999998890163,1.1147005540834698e-10
1422.01105,3.732769924,223.373631,2545.481833,0.219032641,0.720927541,-9.021925736,1.383510783,0.011054242,4.86922e-13,0.141910249,0.000735998,0.846145852,0.001975341,1.58063e-05,0.00551817,0.003698582,1.68457e-09,,15.423943027134765,0.8292303823931416,0.06768897909090908,0.944850875653489,0.9999999999850568,1.543010164084535e-11
1420.652435,3.731275508,222.8311132,2545.132384,0.219018863,0.720946351,-9.022067233,1.383483981,0.011070267,4.87369e-13,0.141694066,0.000735,0.846355814,0.00197653,1.5818e-05,0.005522196,0.003700575,1.68077e-09,,15.390404558689717,0.8288983996627926,0.06752457975757575,0.9447211645750733,1.0000000006812575,-6.807701069533323e-10
1419.293821,3.729778921,222.289779,2544.781684,0.219005073,0.720965232,-9.022208863,1.383457046,0.011086313,4.87817e-13,0.141478237,0.000734003,0.84656543,0.001977721,1.58296e-05,0.005526217,0.003702561,1.67698e-09,,15.356968424447606,0.8285659346473853,0.0673605390909091,0.9445909891411748,1.0000000002774678,-2.7697999449571853e-10
1417.935206,3.728280166,221.7496035,2544.430618,0.21899125,0.72098413,-9.022350832,1.383429773,0.01110238,4.88265e-13,0.141262745,0.000733007,0.846774702,0.001978911,1.58412e-05,0.005530243,0.003704548,1.6732e-09,,15.323602361303925,0.8282329880133661,0.06719684954545455,0.9444606778526744,0.9999999988736884,1.1267998756281372e-09
1416.576592,3.726779254,221.2105915,2544.078774,0.218977431,0.721003114,-9.022492773,1.383402526,0.011118469,4.88714e-13,0.141047595,0.000732014,0.846983633,0.001980102,1.58529e-05,0.005534271,0.003706531,1.66942e-09,,15.29031991425448,0.8278995622043721,0.06703351257575757,0.9443300777803488,1.0000000005699086,-5.694198446093424e-10
1415.217978,3.725276175,220.6727415,2543.726309,0.2189636,0.721022156,-9.022634835,1.383375159,0.01113458,4.89164e-13,0.140832787,0.000731021,0.847192221,0.001981293,1.58645e-05,0.005538301,0.003708511,1.66564e-09,,15.257119590853776,0.827565654998915,0.06687052772727273,0.9441992472006253,1.0000000001661293,-1.6564016824816008e-10
1413.913708,3.723831187,220.1574897,2543.387567,0.21895032,0.721040499,-9.022771253,1.383348849,0.011150067,4.89597e-13,0.140626887,0.00073007,0.847392144,0.001982436,1.58757e-05,0.005542175,0.00371041,1.66203e-09,,15.225316336235943,0.8272446526397582,0.06671439081818183,0.9440735104260897,0.9999999993625196,6.379700101533103e-10
1412.609438,3.722384197,219.6433194,2543.047765,0.218937015,0.721058884,-9.022907927,1.383322281,0.011165573,4.9003e-13,0.140421313,0.00072912,0.847591748,0.00198358,1.58868e-05,0.005546046,0.003712305,1.65841e-09,,15.193599734755978,0.8269232055386914,0.06655858163636363,0.9439473801928714,1.0000000004589,-4.584099766447025e-10
1411.305168,3.72093522,219.1302089,2542.707464,0.218923707,0.721077333,-9.023044644,1.383295671,0.0111811,4.90465e-13,0.140216048,0.000728172,0.847791038,0.001984724,1.5898e-05,0.00554992,0.003714198,1.6548e-09,,15.161954128964616,0.8266013170279467,0.06640309360606061,0.9438210647371227,0.9999999996552904,3.4520009073446545e-10
1410.000898,3.71948425,218.6181627,2542.36659,0.218910398,0.72109585,-9.023181384,1.383269039,0.011196646,4.90899e-13,0.140011098,0.000727225,0.847990013,0.001985868,1.59092e-05,0.005553798,0.003716087,1.6512e-09,,15.13038188803139,0.8262789857746313,0.0662479280909091,0.9436945365909728,0.999999999851691,1.4879997234373832e-10
1408.696628,3.718031286,218.1071795,2542.025089,0.218897073,0.721114416,-9.02331828,1.38324225,0.011212212,4.91335e-13,0.139806463,0.000726279,0.848188672,0.001987012,1.59203e-05,0.005557677,0.003717975,1.6476e-09,,15.098883199498866,0.8259562115565964,0.0660930846969697,0.9435677757103006,0.9999999999480913,5.2400084271653213e-11
1407.444529,3.716634567,217.6176281,2541.696871,0.218884262,0.721132268,-9.023449909,1.383216324,0.011227175,4.91753e-13,0.139610304,0.000725373,0.848379088,0.001988111,1.59311e-05,0.005561405,0.003719787,1.64415e-09,,15.068706315931244,0.8256459320981655,0.06594473578787878,0.943445945312344,1.0000000007446417,-7.441498528493184e-10
1406.19243,3.715236007,217.1290648,2541.367674,0.218871441,0.721150179,-9.023581654,1.383190282,0.011242156,4.92172e-13,0.139414444,0.000724468,0.848569211,0.001989211,1.59418e-05,0.00556513,0.003721593,1.64071e-09,,15.038612493922646,0.8253352436637825,0.0657966863030303,0.9433237515218875,1.0000000004412022,-4.407101350523135e-10
1404.940331,3.713835616,216.6414712,2541.038092,0.218858629,0.721168169,-9.023713307,1.383164332,0.011257155,4.92592e-13,0.139218869,0.000723564,0.848759046,0.00199031,1.59525e-05,0.00556886,0.003723397,1.63726e-09,,15.008580356847082,0.8250241484749352,0.06564893066666667,0.943201414824268,1.0000000001377527,-1.3725998115887705e-10
1403.688232,3.712433388,216.1548516,2540.707927,0.218845795,0.721186189,-9.02384519,1.383138152,0.011272173,4.93013e-13,0.139023584,0.000722661,0.848948589,0.001991409,1.59632e-05,0.005572592,0.0037252,1.63383e-09,,14.97861357035492,0.8247126451987311,0.06550147018181818,0.9430788617243732,0.9999999998343231,1.661699666755112e-10
1402.436133,3.711029325,215.6692044,2540.377184,0.218832951,0.721204261,-9.023977178,1.383111867,0.011287208,4.93434e-13,0.138828589,0.00072176,0.849137843,0.001992509,1.59739e-05,0.005576325,0.003727,1.6304e-09,,14.948716938448763,0.8244007342794676,0.06535430436363637,0.9429560940781402,1.0000000015308934,-1.5304000289262376e-09
1401.234118,3.7096797,215.2038916,2540.059303,0.218820607,0.721221643,-9.02410404,1.38308648,0.011301661,4.93839e-13,0.138641661,0.000720896,0.849319253,0.001993565,1.59842e-05,0.005579912,0.003728727,1.62711e-09,,14.920074536813312,0.8241009166969154,0.06521330048484848,0.9428381006447124,0.9999999998276039,1.7288992459896235e-10
1400.032103,3.708328379,214.7394819,2539.740592,0.218808253,0.721239079,-9.024231008,1.383060987,0.011316129,4.94244e-13,0.138455008,0.000720034,0.849500394,0.001994621,1.59945e-05,0.005583497,0.00373045,1.62382e-09,,14.891504031679652,0.8238007223499879,0.06507257027272727,0.9427197991257127,1.0000000001243143,-1.2382006531197476e-10
1398.830088,3.706975371,214.2759599,2539.421465,0.218795896,0.72125657,-9.024358009,1.38303546,0.011330615,4.9465e-13,0.138268618,0.000719172,0.849681269,0.001995677,1.60048e-05,0.005587086,0.003732172,1.62054e-09,,14.862989443328516,0.8235001532380243,0.06493210906060606,0.9426013431927392,1.0000000004210345,-4.205400472301335e-10
1397.628073,3.705620674,213.813329,2539.101803,0.218783531,0.721274107,-9.024485107,1.383009837,0.011345117,4.95057e-13,0.138082494,0.000718312,0.849861877,0.001996734,1.6015e-05,0.005590676,0.003733891,1.61726e-09,,14.834539482384459,0.823199208916727,0.06479191787878788,0.9424826886744876,1.0000000006177552,-6.172600208742551e-10
1396.426058,3.704264286,213.3515879,2538.781607,0.218771156,0.721291692,-9.024612303,1.382984116,0.011359636,4.95464e-13,0.137896636,0.000717453,0.850042218,0.001997791,1.60253e-05,0.005594269,0.003735607,1.61399e-09,,14.806150115937672,0.8228978889417986,0.06465199633333334,0.9423638359421448,1.0000000009144854,-9.139899947996355e-10
1395.272123,3.702960569,212.9091479,2538.473828,0.218759274,0.721308625,-9.024734445,1.38295939,0.011373591,4.95855e-13,0.13771846,0.000716629,0.850215095,0.001998805,1.60352e-05,0.00559772,0.003737254,1.61085e-09,,14.778951043602397,0.8226082697666409,0.06451792360606061,0.9422495922441984,0.999999999811346,1.8914980692841254e-10
1394.118189,3.701655288,212.4675337,2538.165312,0.218747373,0.721325588,-9.024856787,1.382934463,0.011387561,4.96247e-13,0.137540535,0.000715806,0.850387724,0.00199982,1.6045e-05,0.00560117,0.003738897,1.60771e-09,,14.751816749090949,0.8223183031507503,0.06438410112121212,0.9421350749811113,0.9999999986082061,1.39229017204201e-09
1392.964254,3.700348452,212.0267324,2537.856465,0.218735469,0.7213426,-9.024979168,1.382909499,0.011401547,4.9664e-13,0.137362853,0.000714985,0.850560108,0.002000835,1.60549e-05,0.005604624,0.003740539,1.60458e-09,,14.724733144649479,0.822027991093466,0.06425052496969696,0.9420204348549827,1.0000000005050766,-5.045801554359741e-10
1391.81032,3.69904006,211.5867465,2537.547091,0.218723556,0.721359656,-9.025101639,1.382884443,0.011415548,4.97033e-13,0.137185415,0.000714165,0.850732246,0.00200185,1.60648e-05,0.005608079,0.003742179,1.60146e-09,,14.69770675445768,0.8217373333726394,0.06411719590909092,0.9419055991130753,1.0000000004019571,-4.014599763735305e-10
1390.656385,3.697730114,211.1475747,2537.237226,0.218711646,0.721376774,-9.025224092,1.382859406,0.011429565,4.97426e-13,0.137008223,0.000713346,0.850904139,0.002002866,1.60746e-05,0.005611536,0.003743815,1.59833e-09,,14.670739564759742,0.8214463304325679,0.06398411354545455,0.9417905811181367,1.0000000011988273,-1.1983298797701991e-09
1389.271664,3.696156119,210.6216464,2536.864621,0.218697316,0.721397331,-9.025371421,1.382828976,0.011446406,4.97899e-13,0.136795919,0.000712364,0.851110083,0.002004085,1.60865e-05,0.005615684,0.003745778,1.59459e-09,,14.638453015748425,0.8210966693223711,0.06382474133333334,0.9416522748234467,1.0000000010950878,-1.0945899742154097e-09
1387.886943,3.694579888,210.0968827,2536.491412,0.218682988,0.721417971,-9.025518746,1.38279855,0.011463269,4.98373e-13,0.136583964,0.000711384,0.851315676,0.002005304,1.60983e-05,0.005619836,0.003747737,1.59085e-09,,14.606246262764783,0.8207465114874437,0.06366572203030303,0.9415137443315451,1.0000000008913483,-8.908500603865832e-10
1386.502221,3.693001418,209.573286,2536.117489,0.218668648,0.721438673,-9.025666202,1.382767992,0.011480155,4.98848e-13,0.136372361,0.000710406,0.851520916,0.002006523,1.61101e-05,0.00562399,0.003749693,1.58712e-09,,14.574120706145473,0.8203958562613394,0.06350705636363636,0.9413749488118143,1.000000000687619,-6.871201385649783e-10
1385.1175,3.691420712,209.0508543,2535.742795,0.218654301,0.721459448,-9.025813739,1.382737355,0.011497063,4.99323e-13,0.13616111,0.000709429,0.851725804,0.002007742,1.6122e-05,0.005628146,0.003751645,1.5834e-09,,14.542077306703598,0.8200447043105042,0.06334874372727273,0.9412358671065699,0.9999999995838993,4.1660008776034374e-10
1383.732778,3.689837762,208.5295858,2535.367499,0.218639931,0.721480266,-9.025961511,1.382706481,0.011513994,4.99799e-13,0.135950211,0.000708454,0.851930336,0.002008962,1.61338e-05,0.005632306,0.003753596,1.57968e-09,,14.510108904779118,0.819693053857748,0.06319078357575758,0.9410965619464888,1.0000000003801799,-3.79680065165644e-10
1382.403446,3.688316034,208.0302527,2535.006676,0.218626138,0.721500328,-9.026103371,1.382676845,0.011530269,5.00257e-13,0.135748073,0.000707519,0.852126359,0.002010133,1.61452e-05,0.005636303,0.003755466,1.57611e-09,,14.47949209404495,0.8193550037992043,0.06303947051515152,0.940962628982173,0.9999999997766102,2.2389001763656324e-10
1381.074113,3.686792231,207.5320021,2534.644817,0.218612318,0.721520433,-9.0262455,1.382646939,0.011546564,5.00716e-13,0.13554627,0.000706586,0.852322052,0.002011305,1.61565e-05,0.005640297,0.003757332,1.57255e-09,,14.448960298223469,0.8190164927818878,0.06288848548484849,0.9408283114676731,1.0000000000730507,-7.254996603478503e-11
1379.744781,3.685266372,207.0348116,2534.282485,0.218598495,0.721540603,-9.026387681,1.38261698,0.01156288,5.01175e-13,0.135344786,0.000705654,0.852517422,0.002012477,1.61679e-05,0.005644296,0.003759195,1.569e-09,,14.418497123007812,0.8186775250266257,0.0627378216969697,0.940693818381516,0.9999999994695012,5.30999910708374e-10
1378.415448,3.683738452,206.5386856,2533.919527,0.218584674,0.721560855,-9.02652984,1.382587045,0.011579217,5.01635e-13,0.135143626,0.000704724,0.852712469,0.002013649,1.61792e-05,0.005648298,0.003761055,1.56545e-09,,14.388106754189709,0.8183380994226741,0.06258748048484848,0.9405590929320237,1.0000000017659514,-1.765449786361728e-09
1377.086116,3.682208471,206.0436229,2533.555845,0.218570828,0.721581141,-9.026672268,1.382556839,0.011595574,5.02096e-13,0.134942789,0.000703795,0.85290719,0.002014821,1.61906e-05,0.005652301,0.003762912,1.5619e-09,,14.357791273666264,0.817998215970033,0.06243746148484849,0.9404240987428274,1.000000000162402,-1.6190004892280285e-10
1375.809957,3.680737754,205.5693549,2533.20629,0.218557518,0.721600653,-9.026809189,1.382527653,0.011611297,5.02539e-13,0.134750285,0.000702905,0.853093819,0.002015947,1.62015e-05,0.005656147,0.003764695,1.5585e-09,,14.328750768492723,0.8176714979442418,0.06229374390909091,0.9402943483185434,1.0000000010590027,-1.0585001763985247e-09
1374.533797,3.679265132,205.096075,2532.855778,0.218544211,0.721620251,-9.026946082,1.382498494,0.011627038,5.02983e-13,0.134558087,0.000702016,0.853280147,0.002017073,1.62123e-05,0.005659993,0.003766471,1.55511e-09,,14.299788302307523,0.8173443567249747,0.06215032575757576,0.9401642426678829,1.000000000855613,-8.551099828224551e-10
1373.257638,3.677790613,204.6237648,2532.504847,0.218530887,0.721639887,-9.027083155,1.382469155,0.011642799,5.03428e-13,0.134366183,0.000701128,0.853466177,0.002018199,1.62232e-05,0.005663842,0.003768247,1.55172e-09,,14.270886720094047,0.8170167940894224,0.062007201454545455,0.9400339814896866,1.0000000007522236,-7.517202416096325e-10
1371.981479,3.676314198,204.152428,2532.153262,0.218517553,0.721659577,-9.027220345,1.382439699,0.011658578,5.03873e-13,0.134174577,0.000700242,0.853651909,0.002019325,1.62341e-05,0.005667692,0.003770019,1.54834e-09,,14.242055794291621,0.8166888102597335,0.06186437212121212,0.9399034775549068,0.9999999996488438,3.5166014544785185e-10
1370.70532,3.674835883,203.6820633,2531.801082,0.218504195,0.721679299,-9.027357781,1.382409997,0.011674377,5.04319e-13,0.133983268,0.000699357,0.853837341,0.002020452,1.6245e-05,0.005671544,0.003771791,1.54496e-09,,14.213287660436952,0.8163604043473129,0.061721837363636366,0.9397727527636026,0.9999999995454644,4.550400056757553e-10
1369.480207,3.673414921,203.2314203,2531.462589,0.218491381,0.72169831,-9.027489635,1.382381568,0.011689562,5.04747e-13,0.133799887,0.000698509,0.854015079,0.002021534,1.62555e-05,0.005675247,0.003773488,1.54172e-09,,14.185730181636465,0.8160447393353736,0.061585278878787876,0.9396471084147386,1.0000000010422248,-1.0417200435597351e-09
1368.255094,3.671992204,202.7816802,2531.123234,0.218478548,0.721717363,-9.027621681,1.382352947,0.011704764,5.05177e-13,0.133616787,0.000697662,0.854192539,0.002022616,1.62659e-05,0.005678947,0.003775182,1.53848e-09,,14.158243176406177,0.8157286844522794,0.06144899400000001,0.9395211441023046,1.0000000004389853,-4.384801410850514e-10
1367.029981,3.670567743,202.332827,2530.783421,0.218465704,0.72173646,-9.027753854,1.382324198,0.011719984,5.05607e-13,0.133433957,0.000696816,0.854369726,0.002023698,1.62764e-05,0.005682651,0.003776874,1.53525e-09,,14.130812806364691,0.8154122421416673,0.06131297787878788,0.9393950097860246,0.9999999999357557,6.474987213067607e-11
1365.804868,3.669141535,201.8848635,2530.443068,0.218452865,0.721755632,-9.027885972,1.382295505,0.011735221,5.06037e-13,0.1332514,0.000695971,0.854546639,0.002024781,1.62868e-05,0.005686358,0.003778563,1.53203e-09,,14.103442873453172,0.8150954117370908,0.06117723136363636,0.9392686750285291,1.000000000332536,-3.3202995908254707e-10
1364.579755,3.667713578,201.4377891,2530.10214,0.218439998,0.721774821,-9.028018399,1.382266503,0.011750476,5.06468e-13,0.133069117,0.000695128,0.854723277,0.002025864,1.62973e-05,0.005690065,0.00378025,1.52881e-09,,14.07613585304547,0.8147781927942521,0.061041754272727275,0.9391421268382577,0.9999999998293164,1.7119006212595878e-10
1363.403647,3.6663411,201.0094277,2529.774461,0.218427645,0.721793301,-9.028145528,1.382238661,0.011765137,5.06883e-13,0.132894378,0.00069432,0.854892594,0.002026903,1.63073e-05,0.005693628,0.003781868,1.52572e-09,,14.049973243445445,0.814473298445032,0.06091194778787879,0.9390204965103294,0.9999999998262268,1.7428014587039797e-10
1362.227539,3.664967008,200.581891,2529.446002,0.218415286,0.721811839,-9.028272728,1.382210749,0.011779814,5.07298e-13,0.132719898,0.000693512,0.855061656,0.002027943,1.63173e-05,0.005697189,0.003783482,1.52263e-09,,14.023875310242321,0.8141680455476389,0.060782391212121215,0.9388985766562009,0.9999999988231373,1.1773700903106032e-09
1361.05143,3.663591307,200.1551661,2529.117134,0.218402903,0.721830392,-9.028400191,1.382182574,0.011794508,5.07714e-13,0.132545666,0.000692706,0.855230467,0.002028984,1.63274e-05,0.005700753,0.003785096,1.51955e-09,,13.997827423208046,0.8138624352128164,0.06065308063636364,0.9387765049864109,1.0000000009200576,-9.195499917069583e-10
1359.875322,3.662214,199.7292547,2528.787752,0.218390532,0.721849028,-9.028527529,1.382154524,0.011809218,5.0813e-13,0.132371684,0.000691901,0.855399027,0.002030024,1.63374e-05,0.00570432,0.003786705,1.51648e-09,,13.971837553770854,0.8135564681070113,0.06052401657575758,0.9386542425262787,0.9999999999169881,8.35200797411062e-11
1358.699214,3.660835081,199.3041565,2528.457838,0.21837813,0.721867673,-9.028655191,1.38212615,0.011823943,5.08547e-13,0.132197955,0.000691098,0.855567333,0.002031065,1.63474e-05,0.005707887,0.003788314,1.51341e-09,,13.945902789010457,0.8132501428973306,0.06039519893939394,0.9385317825944302,1.0000000009139187,-9.134100142915713e-10
1357.57015,3.65950981,198.8968217,2528.140751,0.218366231,0.721885639,-9.028777679,1.382098977,0.011838096,5.08948e-13,0.132031407,0.000690327,0.855728673,0.002032064,1.6357e-05,0.005711315,0.003789856,1.51046e-09,,13.9210547967025,0.8129557355268042,0.06027176415151515,0.9384140838838269,1.000000000510969,-5.104601186189939e-10
1356.441086,3.658183052,198.4902406,2527.822997,0.218354324,0.721903651,-9.028900256,1.382071716,0.011852263,5.0935e-13,0.131865096,0.000689558,0.855889778,0.002033063,1.63667e-05,0.005714743,0.003791395,1.50752e-09,,13.896261931733347,0.8126609978210032,0.06014855775757576,0.9382961375912037,1.0000000012080295,-1.2075200839234412e-09
1355.312022,3.656854814,198.0844023,2527.504824,0.218342396,0.721921684,-9.029023053,1.382044236,0.011866444,5.09752e-13,0.131699013,0.000688789,0.856050652,0.002034063,1.63763e-05,0.005718172,0.003792932,1.50458e-09,,13.871520607778201,0.8123659313349688,0.060025576454545454,0.9381780357710445,0.9999999988050897,1.195420096244959e-09
1354.182958,3.655525096,197.6793084,2527.18617,0.218330467,0.72193977,-9.029145871,1.382016734,0.011880641,5.10154e-13,0.131533162,0.000688022,0.856211296,0.002035062,1.63859e-05,0.005721604,0.003794468,1.50165e-09,,13.846826722796536,0.8120705360687014,0.059902820727272724,0.9380597554097284,1.0000000014021602,-1.4016501292957173e-09
1353.053894,3.654193897,197.2749581,2526.867,0.218318529,0.721957899,-9.029268782,1.38198914,0.011894853,5.10557e-13,0.13136754,0.000687255,0.856371708,0.002036062,1.63955e-05,0.005725036,0.003796001,1.49872e-09,,13.82218692849819,0.8117748118000521,0.05978029033333333,0.9379412835156955,0.9999999989992304,1.0012801698877638e-09
1351.969992,3.652914554,196.8874771,2526.560271,0.218307063,0.721975343,-9.029386844,1.381962581,0.01190851,5.10945e-13,0.131208759,0.000686521,0.856525487,0.002037023,1.64048e-05,0.005728334,0.003797471,1.49591e-09,,13.798577201335226,0.8114906072798964,0.05966287184848485,0.9378274295645568,1.000000001296421,-1.2959100459397632e-09
1350.886091,3.651633844,196.5006851,2526.252917,0.218295591,0.721992834,-9.029504967,1.381935962,0.011922181,5.11333e-13,0.131050194,0.000685787,0.856679051,0.002037983,1.6414e-05,0.005731632,0.003798938,1.4931e-09,,13.775018303441936,0.8112060990823227,0.059545662151515154,0.9377133436212707,1.0000000004936114,-4.931000052721402e-10
1349.802189,3.650351768,196.1145729,2525.945222,0.218284098,0.722010339,-9.029623315,1.381909117,0.011935866,5.11721e-13,0.130891839,0.000685054,0.856832402,0.002038944,1.64232e-05,0.005734932,0.003800405,1.4903e-09,,13.751502138880406,0.8109212874294797,0.05942865845454546,0.9375991311030687,1.0000000006908116,-6.903000393521097e-10
1348.718288,3.649068331,195.7291418,2525.63704,0.218272606,0.722027899,-9.029741654,1.381882281,0.011949564,5.1211e-13,0.130733697,0.000684322,0.856985541,0.002039904,1.64324e-05,0.005738233,0.003801869,1.4875e-09,,13.728034707850444,0.8106361734321114,0.059311861151515155,0.9374847378165855,0.9999999998880121,1.1249989828598927e-10
1347.634386,3.64778353,195.3443911,2525.328414,0.218261106,0.722045498,-9.02986008,1.38185536,0.011963276,5.125e-13,0.130575766,0.000683591,0.857138468,0.002040865,1.64417e-05,0.005741535,0.00380333,1.48471e-09,,13.70461542764164,0.8103507564237715,0.05919527003030303,0.9373701797228803,0.9999999981852226,1.8152899183832005e-09
1346.333705,3.646239964,194.8835899,2524.957457,0.218247294,0.722066665,-9.030002326,1.381822917,0.011979749,5.12968e-13,0.130386531,0.000682716,0.857321698,0.002042019,1.64527e-05,0.0057455,0.003805082,1.48136e-09,,13.676571274185639,0.8100078550795983,0.059055633303030305,0.9372324851450853,1.000000000181873,-1.8135981605382767e-10
1345.033023,3.64469444,194.4237622,2524.58586,0.218233473,0.722087892,-9.030144676,1.381790372,0.011996241,5.13437e-13,0.130197599,0.000681841,0.857504624,0.002043173,1.64638e-05,0.005749467,0.003806831,1.47801e-09,,13.648593425313715,0.8096645187680626,0.058916291575757576,0.9370945530073311,1.0000000002785234,-2.7801005941796575e-10
1343.732341,3.643146954,193.9649094,2524.213624,0.21821964,0.722109175,-9.03028715,1.381757703,0.012012753,5.13907e-13,0.130008971,0.000680968,0.857687245,0.002044327,1.64749e-05,0.005753436,0.003808577,1.47467e-09,,13.620682351647055,0.8093207466005691,0.05877724527272728,0.9369563836808051,1.000000000375184,-3.7467007274472053e-10
1342.431659,3.641597503,193.5070298,2523.840787,0.218205795,0.722130513,-9.030429748,1.381724908,0.012029285,5.14377e-13,0.129820648,0.000680097,0.857869559,0.002045481,1.6486e-05,0.005757408,0.00381032,1.47134e-09,,13.592836613094878,0.8089765379106714,0.058638493878787876,0.9368179912706299,1.0000000004718543,-4.713400780786969e-10
1341.130978,3.640046091,193.0501217,2523.467309,0.21819194,0.722151908,-9.030572473,1.381691988,0.012045837,5.14849e-13,0.129632629,0.000679227,0.858051568,0.002046636,1.6497e-05,0.005761381,0.003812061,1.46801e-09,,13.565057578899188,0.8086318935869647,0.05850003687878788,0.9366793609293081,1.0000000004685248,-4.680100751386362e-10
1339.882323,3.638554897,192.6123967,2523.108245,0.218178634,0.722172508,-9.030709541,1.381660332,0.012061746,5.15302e-13,0.129452412,0.000678393,0.858226014,0.002047744,1.65077e-05,0.0057652,0.003813729,1.46482e-09,,13.538447690648313,0.8083006266200693,0.05836739293939394,0.9365460808836925,1.0000000011653352,-1.164819796173333e-09
1338.633669,3.637061887,192.1755742,2522.748347,0.218165318,0.722193166,-9.030846723,1.381628562,0.012077672,5.15756e-13,0.129272483,0.00067756,0.858400175,0.002048853,1.65183e-05,0.005769017,0.003815393,1.46163e-09,,13.51190704418676,0.8079689562309417,0.058235022484848485,0.9364124912677553,1.0000000007621457,-7.616300923274366e-10
1337.385014,3.635567072,191.7396379,2522.388002,0.218151984,0.722213862,-9.030984088,1.38159661,0.012093616,5.1621e-13,0.12909283,0.000676728,0.858574056,0.002049962,1.65289e-05,0.005772838,0.003817055,1.45845e-09,,13.485422731086807,0.8076368848632189,0.058102920575757576,0.9362787357310339,0.9999999993589661,6.415500353185166e-10
1336.13636,3.634070448,191.3045911,2522.027059,0.218138627,0.722234588,-9.031121699,1.38156441,0.012109579,5.16665e-13,0.128913456,0.000675898,0.858747656,0.002051072,1.65395e-05,0.005776659,0.003818717,1.45527e-09,,13.458997882346651,0.8073044116283058,0.05797108821212121,0.9361447582242257,0.9999999989557867,1.044729858179494e-09
1334.887705,3.632572023,190.8704319,2521.665457,0.218125272,0.722255389,-9.031259299,1.381532223,0.01212556,5.17121e-13,0.128734362,0.000675069,0.858920978,0.002052182,1.65501e-05,0.005780483,0.003820374,1.4521e-09,,13.432635184646655,0.8069715383033926,0.05783952481818182,0.9360105361048969,0.9999999995526172,4.47899939359786e-10
1333.688997,3.631131838,190.4544682,2521.31793,0.218112447,0.722275412,-9.031391443,1.381501274,0.01214092,5.17559e-13,0.12856269,0.000674274,0.859087105,0.002053247,1.65603e-05,0.005784158,0.003821963,1.44906e-09,,13.407379004698877,0.806651602924952,0.05771347521212122,0.9358815384487337,0.9999999987495775,1.2509401292604139e-09
1332.490289,3.62968998,190.0393287,2520.969646,0.218099601,0.722295469,-9.031523813,1.3814701,0.012156295,5.17998e-13,0.128391282,0.000673481,0.85925297,0.002054313,1.65705e-05,0.005787832,0.003823549,1.44602e-09,,13.3821836319125,0.8063312958915587,0.05758767536363636,0.9357522598036812,0.999999998946538,1.0539799033537633e-09
1331.291581,3.628246465,189.6249991,2520.620891,0.218086762,0.722315602,-9.031656115,1.381438993,0.012171688,5.18438e-13,0.128220128,0.000672689,0.859418581,0.002055379,1.65807e-05,0.005791509,0.003825132,1.44299e-09,,13.357042258501583,0.8060106207575933,0.057462120939393936,0.9356228063293461,1.0000000001435085,-1.429900642335724e-10
1330.092872,3.626801285,189.2114827,2520.271553,0.21807389,0.722335743,-9.031788766,1.381407538,0.012187097,5.18878e-13,0.12804923,0.000671898,0.859583933,0.002056446,1.65909e-05,0.005795187,0.003826714,1.43996e-09,,13.331955003012508,0.8056895757458657,0.05733681293939394,0.9354931364527357,1.000000000340479,-3.3996006010283963e-10
1328.894164,3.625354442,188.7987775,2519.921715,0.218061031,0.722355971,-9.031921286,1.381376214,0.012202523,5.19319e-13,0.127878589,0.000671108,0.859749029,0.002057512,1.66011e-05,0.005798868,0.003828292,1.43693e-09,,13.306923257694205,0.8053681613006735,0.05721175075757576,0.9353632809824072,1.0000000005374494,-5.369300559721069e-10
1327.743404,3.623963913,188.403339,2519.585391,0.218048659,0.722375404,-9.032048788,1.381345859,0.012217348,5.19743e-13,0.127715011,0.000670351,0.85990728,0.002058537,1.66109e-05,0.005802403,0.003829806,1.43403e-09,,13.282942694497384,0.8050592569433529,0.057091920909090904,0.9352384417390924,1.00000000033455,-3.3403013688371175e-10
1326.592644,3.622571845,188.0086531,2519.2484,0.218036284,0.722394893,-9.032176339,1.381315456,0.012232188,5.20168e-13,0.127551675,0.000669595,0.860065292,0.002059561,1.66206e-05,0.005805939,0.003831317,1.43114e-09,,13.259015413513588,0.8047500106990196,0.056972319121212124,0.9351133549137576,1.0000000010316603,-1.0311400622242672e-09
1325.441884,3.621178248,187.6147081,2518.911029,0.218023908,0.722414439,-9.032303903,1.38128504,0.012247044,5.20593e-13,0.127388571,0.00066884,0.860223069,0.002060586,1.66304e-05,0.005809477,0.003832825,1.42825e-09,,13.235138366137212,0.8044404247891618,0.05685294184848485,0.934988127037197,0.9999999998287706,1.7174994759727724e-10
1324.291124,3.619783119,187.2215065,2518.573105,0.218011504,0.722433999,-9.032431753,1.381254338,0.012261915,5.21019e-13,0.127225704,0.000668086,0.860380609,0.002061611,1.66402e-05,0.005813016,0.003834332,1.42536e-09,,13.211310892313561,0.8041304985473327,0.05673378984848485,0.9348626938939842,0.9999999996258812,3.746398746784507e-10
1323.140364,3.618386462,186.8290465,2518.234663,0.217999113,0.72245364,-9.032559484,1.381223755,0.012276801,5.21445e-13,0.127063072,0.000667333,0.860537914,0.002062636,1.66499e-05,0.005816558,0.003835835,1.42248e-09,,13.187534341630158,0.8038202328621278,0.056614862575757575,0.9347370684756795,0.9999999993230015,6.775199290487421e-10
1322.035635,3.617044231,186.4529788,2517.909361,0.217987192,0.722472507,-9.032682367,1.381194134,0.012291107,5.21855e-13,0.126907163,0.000666611,0.860688706,0.002063621,1.66593e-05,0.00581996,0.003837278,1.41971e-09,,13.164752107191653,0.8035220578478485,0.05650090266666667,0.9346163204602872,0.9999999997202319,2.802899023990335e-10
1320.930905,3.615700584,186.0775986,2517.583455,0.217975268,0.722491427,-9.032805295,1.381164468,0.012305427,5.22266e-13,0.126751476,0.00066589,0.860839278,0.002064606,1.66687e-05,0.005823362,0.003838718,1.41695e-09,,13.142019797615934,0.8032235682708596,0.05638715109090909,0.9344953482476833,1.0000000001174723,-1.169500052355943e-10
1319.826176,3.614355531,185.7028962,2517.257144,0.217963343,0.722510399,-9.032928237,1.381134787,0.012319761,5.22677e-13,0.126596003,0.00066517,0.860989635,0.00206559,1.66781e-05,0.005826767,0.003840155,1.41419e-09,,13.119332434629555,0.8029247663526494,0.05627360490909091,0.934374225704168,0.9999999995147125,4.858100588478464e-10
1318.721446,3.613009068,185.3288734,2516.930344,0.217951402,0.722529402,-9.033051343,1.381104944,0.01233411,5.23088e-13,0.126440747,0.000664452,0.861139774,0.002066575,1.66875e-05,0.005830173,0.00384159,1.41144e-09,,13.09669171231156,0.8026256512046224,0.05616026466666666,0.9342529216499961,0.9999999999119629,8.856015920599702e-11
1317.616716,3.611661193,184.9555293,2516.603083,0.217939443,0.722548428,-9.033174641,1.381074907,0.012348472,5.235e-13,0.126285706,0.000663734,0.861289696,0.002067561,1.66968e-05,0.00583358,0.003843024,1.40869e-09,,13.074096064523227,0.802326222382481,0.056047130090909086,0.9341314464784162,0.9999999992092138,7.913097954670434e-10
1316.556176,3.610365911,184.5977533,2516.288547,0.217927969,0.722566754,-9.033292954,1.381046126,0.012362274,5.23897e-13,0.126137068,0.000663046,0.861433419,0.002068507,1.67058e-05,0.005836853,0.003844399,1.40605e-09,,13.052445316382338,0.8020384770325034,0.05593871312121212,0.9340146946669629,0.999999999206574,7.939497947972995e-10
1315.495636,3.609069324,184.2406059,2515.973464,0.21791648,0.72258511,-9.033411413,1.381017198,0.012376088,5.24294e-13,0.125988633,0.000662359,0.861576941,0.002069454,1.67148e-05,0.005840127,0.003845771,1.40342e-09,,13.030839026705918,0.8017504417783338,0.055830486636363634,0.9338977398159818,1.0000000012039445,-1.2034200302935005e-09
1314.435095,3.607771442,183.8840788,2515.657966,0.217904982,0.722603501,-9.033529978,1.380988164,0.012389916,5.24691e-13,0.125840395,0.000661672,0.861720264,0.0020704,1.67238e-05,0.005843402,0.003847141,1.40079e-09,,13.009275060466432,0.8014621188414602,0.05572244812121212,0.9337806309222146,0.9999999992013148,7.992099204656711e-10
1313.374555,3.606472262,183.5281729,2515.342052,0.217893488,0.722621949,-9.033648507,1.380959167,0.012403757,5.25089e-13,0.125692355,0.000660987,0.861863389,0.002071347,1.67328e-05,0.00584668,0.003848508,1.39817e-09,,12.987752323525015,0.8011735075554361,0.05561459784848485,0.933663367614474,1.000000000198695,-1.9817014695888702e-10
1312.314015,3.605171783,183.172888,2515.025684,0.21788197,0.72264041,-9.033767278,1.380929927,0.012417611,5.25487e-13,0.125544514,0.000660302,0.862006314,0.002072294,1.67418e-05,0.005849957,0.003849875,1.39554e-09,,12.966271986037315,0.8008846076981128,0.05550693575757576,0.9335459357876373,0.9999999991960655,8.044599431045185e-10
1311.041366,3.603609492,182.7473666,2514.645422,0.217868141,0.722662618,-9.033909897,1.380894745,0.012434253,5.25966e-13,0.125367368,0.000659482,0.862177561,0.002073431,1.67526e-05,0.005853892,0.003851512,1.3924e-09,,12.940551021093817,0.8005375466175437,0.05537798987878788,0.9334047873107478,0.9999999999929259,7.600031715071509e-12
1309.768718,3.602045334,182.3227332,2514.264643,0.21785431,0.722684894,-9.034052546,1.380859534,0.012450914,5.26445e-13,0.125190505,0.000658663,0.862348522,0.002074568,1.67634e-05,0.005857831,0.003853146,1.38926e-09,,12.914887404452553,0.8001900707851535,0.05524931309090909,0.9332634469299539,0.9999999997897866,2.1073986999908811e-10
1308.496069,3.600479311,181.898989,2513.88319,0.217840472,0.722707233,-9.034195276,1.380824243,0.012467594,5.26926e-13,0.125013927,0.000657846,0.862519199,0.002075705,1.67742e-05,0.005861772,0.003854776,1.38613e-09,,12.889285318874384,0.7998421806452396,0.05512090575757576,0.9331218563688278,1.000000000586657,-5.861300333975805e-10
1307.223421,3.598911419,181.4761327,2513.50105,0.2178266,0.722729589,-9.034338362,1.380788594,0.012484293,5.27407e-13,0.124837634,0.00065703,0.862689589,0.002076843,1.6785e-05,0.005865712,0.003856405,1.383e-09,,12.863744540287115,0.799493875309207,0.054992767484848486,0.9329800108019329,0.9999999993835275,6.170000066418879e-10
1305.950772,3.597341657,181.0541622,2513.118354,0.217812729,0.722752022,-9.034481438,1.380752956,0.01250101,5.27889e-13,0.124661625,0.000656215,0.862859694,0.002077981,1.67958e-05,0.005869657,0.003858031,1.37988e-09,,12.838259584315152,0.7991451545549069,0.05486489763636364,0.9328379588548238,1.000000000180408,-1.7988011080660726e-10
1304.72903,3.595832937,180.6498977,2512.750449,0.217799409,0.722773618,-9.034618844,1.38071869,0.012517077,5.28352e-13,0.12449292,0.000655434,0.86302273,0.002079074,1.68061e-05,0.005873447,0.003859589,1.37688e-09,,12.813849010848985,0.798809994208034,0.05474239324242424,0.9327013971410842,1.0000000014774082,-1.4768799516673425e-09
1303.507287,3.594322487,180.2464557,2512.381789,0.217786077,0.722795267,-9.034756374,1.380684301,0.012533161,5.28816e-13,0.124324483,0.000654654,0.863185499,0.002080167,1.68165e-05,0.005877237,0.003861143,1.37389e-09,,12.789497759969208,0.7984744495437265,0.05462013809090909,0.9325645551808303,1.0000000008744185,-8.738898493731995e-10
1302.285545,3.592810319,179.8438221,2512.012621,0.217772721,0.722816941,-9.034894168,1.380649646,0.012549263,5.29281e-13,0.124156305,0.000653875,0.863348007,0.002081261,1.68268e-05,0.005881028,0.003862696,1.37091e-09,,12.765200085032003,0.79813852322777,0.054498127909090914,0.9324275246573587,1.0000000001714393,-1.7090995285684585e-10
1301.063802,3.591296432,179.4419992,2511.642854,0.217759357,0.722838673,-9.035032039,1.380614916,0.012565382,5.29746e-13,0.123988387,0.000653098,0.863510254,0.002082354,1.68372e-05,0.005884822,0.003864246,1.36793e-09,,12.740955579892406,0.7978022150380156,0.05437636339393939,0.9322902717926129,0.9999999995684598,4.3206993538547067e-10
1299.84206,3.589780827,179.0409855,2511.27255,0.217746,0.722860481,-9.035169861,1.380580233,0.012581518,5.30213e-13,0.123820731,0.000652321,0.86367224,0.002083448,1.68475e-05,0.005888619,0.003865792,1.36495e-09,,12.716765977498607,0.7974655251966122,0.05425484409090909,0.9321528196002138,0.9999999998654804,1.3504986018375575e-10
1298.669187,3.588324231,178.6567687,2510.916558,0.217733147,0.722881432,-9.035302474,1.380546636,0.012597025,5.30661e-13,0.123660022,0.000651577,0.863827501,0.002084499,1.68575e-05,0.005892265,0.003867276,1.3621e-09,,12.693592443830733,0.7971419441341132,0.054138414757575755,0.9320206798424024,0.9999999988626307,1.137899996450642e-09
1297.496314,3.586866044,178.2733025,2510.559914,0.217720298,0.722902455,-9.035435061,1.380513063,0.012612548,5.3111e-13,0.12349956,0.000650834,0.863982519,0.002085549,1.68674e-05,0.005895913,0.003868756,1.35925e-09,,12.670471425075377,0.7968180096328636,0.054022212878787876,0.9318882980703828,0.9999999997597812,2.4074986448852087e-10
1296.323441,3.585406277,177.8905753,2510.202751,0.217707425,0.722923499,-9.035567902,1.380479237,0.012628088,5.31559e-13,0.123339334,0.000650092,0.864137297,0.002086601,1.68773e-05,0.005899562,0.003870234,1.35641e-09,,12.64740015279872,0.7964937241365001,0.053906234939393935,0.9317557236520835,0.9999999986569414,1.343590128044525e-09
1295.150568,3.583944928,177.5085887,2509.845061,0.217694556,0.722944616,-9.035700699,1.380445454,0.012643643,5.3201e-13,0.123179348,0.000649351,0.864291837,0.002087652,1.68873e-05,0.005903214,0.003871709,1.35356e-09,,12.624377404963528,0.7961690872007253,0.05379048142424242,0.9316229536180055,0.9999999996540923,3.464397657637619e-10
1293.977696,3.582481992,177.127342,2509.486856,0.217681659,0.722965747,-9.035833798,1.38041137,0.012659214,5.3246e-13,0.123019602,0.000648612,0.864446134,0.002088704,1.68972e-05,0.005906866,0.003873183,1.35073e-09,,12.601405006190541,0.795844097714795,0.05367495212121212,0.9314899924223978,0.9999999995512625,4.4926995457217345e-10
1292.851738,3.581076091,176.7620363,2509.142525,0.217669285,0.722986103,-9.03596151,1.380378712,0.012674178,5.32894e-13,0.122866467,0.000647903,0.864594037,0.002089714,1.69067e-05,0.005910376,0.003874595,1.34801e-09,,12.579395403366835,0.7955317784860257,0.053564253424242425,0.9313621810812809,1.000000000048543,-4.801004038768042e-11
1291.72578,3.579668724,176.3974161,2508.797583,0.2176569,0.723006504,-9.036089329,1.380345947,0.012689156,5.33328e-13,0.122713557,0.000647195,0.864741717,0.002090724,1.69162e-05,0.005913886,0.003876004,1.34529e-09,,12.557434781065272,0.7952191335871065,0.05345376245454545,0.9312341429446402,1.0000000005458234,-5.452900353475343e-10
1290.599822,3.578259901,176.0334715,2508.452175,0.217644491,0.72302692,-9.03621741,1.38031292,0.01270415,5.33763e-13,0.122560865,0.000646488,0.864889176,0.002091734,1.69258e-05,0.005917398,0.003877412,1.34258e-09,,12.535516976449776,0.7949061652395256,0.05334347621212121,0.9311059318346544,1.0000000001431137,-1.4257994784827588e-10
1289.473864,3.576849619,175.6702039,2508.106321,0.217632083,0.723047397,-9.036345488,1.380279896,0.012719158,5.34198e-13,0.122408393,0.000645782,0.865036415,0.002092745,1.69353e-05,0.005920912,0.003878817,1.33988e-09,,12.51364519050379,0.7945928727768363,0.05323339512121212,0.9309775551750721,1.0000000006404142,-6.398801488671779e-10
1288.347906,3.57543788,175.3076124,2507.759936,0.217619665,0.723067916,-9.036473669,1.380246769,0.01273418,5.34634e-13,0.12225614,0.000645077,0.865183434,0.002093756,1.69448e-05,0.005924427,0.00388022,1.33717e-09,,12.491818990353707,0.7942792566433365,0.053123518909090915,0.930848981414961,1.0000000001377045,-1.371698310492775e-10
1287.266987,3.574081245,174.9601566,2507.426973,0.21760774,0.723087663,-9.036596771,1.380214919,0.012748616,5.35054e-13,0.122110181,0.000644401,0.865324367,0.002094727,1.6954e-05,0.005927804,0.003881564,1.33458e-09,,12.47090738231662,0.7939778817976529,0.05301822927272727,0.9307253897326195,0.9999999993351151,6.6541994137026e-10
1286.186067,3.572723258,174.6133271,2507.093491,0.217595807,0.723107452,-9.036719963,1.380182978,0.012763065,5.35474e-13,0.121964429,0.000643726,0.865465095,0.002095698,1.69631e-05,0.005931182,0.003882906,1.33199e-09,,12.450038539951537,0.7936762066067833,0.05291312942424242,0.9306016054039985,1.0000000004325253,-4.3198999932769766e-10
1285.105147,3.571363931,174.2671154,2506.759572,0.217583853,0.723127259,-9.036843372,1.380150821,0.012777528,5.35894e-13,0.121818876,0.000643052,0.865605621,0.002096669,1.69722e-05,0.005934561,0.003884247,1.32941e-09,,12.429210068184604,0.7933742337365135,0.05280821678787879,0.9304776588664679,0.999999999529946,4.705899003809577e-10
1284.024228,3.570003264,173.9215225,2506.425182,0.217571904,0.723147129,-9.036966744,1.380118701,0.012792005,5.36315e-13,0.121673525,0.000642379,0.865745946,0.002097641,1.69814e-05,0.005937942,0.003885584,1.32682e-09,,12.408424478942345,0.7930719631868433,0.05270349166666667,0.9303535374996549,0.9999999997273562,2.73180034149334e-10
1282.943308,3.568641251,173.5765479,2506.090359,0.217559932,0.723167016,-9.037090344,1.380086353,0.012806495,5.36736e-13,0.121528375,0.000641707,0.865886068,0.002098613,1.69905e-05,0.005941324,0.003886921,1.32425e-09,,12.387678331874566,0.79276939362488,0.05259895390909091,0.9302292554086818,0.9999999998247868,1.7574985911039676e-10
1281.905625,3.56733246,173.2459505,2505.768507,0.217548439,0.723186157,-9.037209015,1.380055284,0.012820418,5.37142e-13,0.121389218,0.000641062,0.866020397,0.002099546,1.69993e-05,0.005944573,0.003888202,1.32177e-09,,12.367799877537475,0.7924786472666797,0.052498772878787875,0.9301097879899448,0.999999998622307,1.3782301966358546e-09
1280.867943,3.566022428,172.9159251,2505.446174,0.217536941,0.723205342,-9.037327737,1.380024163,0.012834354,5.37548e-13,0.121250251,0.000640419,0.866154539,0.002100479,1.70081e-05,0.005947823,0.00388948,1.31931e-09,,12.347961690805217,0.792187625221811,0.052398765181818185,0.9299901420300508,1.0000000004198475,-4.193099201188488e-10
1279.83026,3.564711159,172.586465,2505.123458,0.217525422,0.72322454,-9.037446689,1.379992814,0.012848302,5.37954e-13,0.121111466,0.000639776,0.866288494,0.002101413,1.70168e-05,0.005951074,0.003890758,1.31684e-09,,12.32815919617618,0.7918963283788688,0.05229892878787879,0.9298703539053687,0.9999999991173779,8.831601006065171e-10
1278.792577,3.563398656,172.2575708,2504.800294,0.217513906,0.723243794,-9.037565609,1.379961495,0.012862263,5.38361e-13,0.120972867,0.000639135,0.866422265,0.002102347,1.70256e-05,0.005954327,0.003892032,1.31438e-09,,12.308396195370513,0.7916047574042999,0.05219926387878788,0.9297503994887152,0.9999999999149184,8.561995556988222e-11
1277.754894,3.562084916,171.9292419,2504.47672,0.217502385,0.72326309,-9.037684588,1.379930118,0.012876237,5.38768e-13,0.120834452,0.000638494,0.866555851,0.002103281,1.70344e-05,0.005957582,0.003893305,1.31192e-09,,12.288668737590106,0.7913129116316577,0.05209977027272727,0.9296302928852128,1.0000000007124588,-7.119198563998452e-10
1276.509675,3.560506793,171.5359944,2504.087813,0.217488535,0.723286272,-9.03782762,1.379892208,0.012893021,5.39258e-13,0.1206686,0.000637726,0.866715908,0.002104402,1.70449e-05,0.005961488,0.00389483,1.30897e-09,,12.265048091239475,0.790962333491189,0.051980604363636364,0.9294859354929368,1.000000000209509,-2.089699524532307e-10
1275.264456,3.558926895,171.1435557,2503.698351,0.217474688,0.723309531,-9.037970627,1.379854323,0.012909824,5.39748e-13,0.120503011,0.000636959,0.8668757,0.002105524,1.70554e-05,0.005965398,0.003896351,1.30603e-09,,12.241480149711702,0.7906113610365894,0.05186168354545455,0.9293413720916337,0.9999999997065696,2.9397018153076715e-10
1274.019236,3.557345214,170.7519269,2503.308315,0.217460822,0.723332828,-9.038113849,1.379816223,0.012926645,5.40239e-13,0.120337688,0.000636193,0.867035225,0.002106646,1.70659e-05,0.00596931,0.003897871,1.30309e-09,,12.217963894958455,0.7902599924906684,0.051743008151515155,0.9291965956287422,1.0000000002036302,-2.0308998927021094e-10
1272.774017,3.555761756,170.3611064,2502.917573,0.217446934,0.723356164,-9.038257293,1.379777902,0.012943484,5.40731e-13,0.12017263,0.000635429,0.867194486,0.002107768,1.70764e-05,0.005973222,0.003899387,1.30016e-09,,12.1945054033862,0.7899082291863185,0.0516245776969697,0.9290515571075206,0.9999999997007009,2.998398196396579e-10
1271.528797,3.554176517,169.9710925,2502.526306,0.217433039,0.723379559,-9.03840082,1.379739497,0.012960341,5.41224e-13,0.120007836,0.000634666,0.867353479,0.002108891,1.70869e-05,0.005977138,0.003900902,1.29723e-09,,12.171095754333912,0.7895560702349451,0.051506391666666665,0.928906323712895,1.0000000001977714,-1.9723023214623936e-10
1270.333387,3.552653023,169.5974325,2502.150109,0.217419699,0.723402085,-9.03853863,1.379702604,0.012976541,5.41698e-13,0.119849879,0.000633935,0.867505868,0.002109969,1.7097e-05,0.005980899,0.003902352,1.29443e-09,,12.148674915205481,0.7892176278616096,0.051393161363636364,0.9287666841129341,1.0000000002949716,-2.9442981386296196e-10
1269.137976,3.551127879,169.224521,2501.773237,0.217406337,0.723424643,-9.03867667,1.379665481,0.012992757,5.42173e-13,0.119692172,0.000633204,0.867658007,0.002111047,1.71071e-05,0.005984661,0.0039038,1.29163e-09,,12.12630413334803,0.788878818942744,0.05128015787878788,0.9286267939614534,0.9999999993921721,6.083700210268717e-10
1267.942566,3.549601101,168.8523453,2501.395912,0.21739298,0.723447277,-9.038814656,1.379628412,0.01300899,5.42648e-13,0.119534705,0.000632475,0.867809904,0.002112126,1.71172e-05,0.005988427,0.003905244,1.28883e-09,,12.103981297890893,0.788539647032729,0.051167377363636364,0.9284867356620643,0.9999999994893727,5.111698841986367e-10
1266.747155,3.548072683,168.480908,2501.017969,0.217379589,0.72346992,-9.038953008,1.379590978,0.01302524,5.43124e-13,0.119377481,0.000631747,0.867961557,0.002113205,1.71273e-05,0.005992192,0.003906688,1.28604e-09,,12.081707750747682,0.7882001107986719,0.051054820606060605,0.9283464479688396,0.9999999985865833,1.4139598381035512e-09
1265.551745,3.54654263,168.1102071,2500.639448,0.217366211,0.723492653,-9.039091237,1.379553666,0.013041506,5.43601e-13,0.1192205,0.00063102,0.868112969,0.002114284,1.71374e-05,0.005995962,0.003908127,1.28325e-09,,12.05948219396537,0.7878602113513167,0.050942487,0.9282059457292766,1.0000000006837935,-6.83249901101135e-10
1264.40415,3.545072241,167.755023,2500.275592,0.217353339,0.72351449,-9.039224236,1.379517547,0.013057138,5.44059e-13,0.119070022,0.000630324,0.868258096,0.002115321,1.7147e-05,0.005999581,0.003909507,1.28057e-09,,12.038192566731318,0.787533566190334,0.050834855454545455,0.9280708869534665,0.999999999281114,7.194299600499221e-10
1263.256556,3.543600334,167.4005219,2499.911124,0.217340459,0.723536378,-9.039357327,1.379481336,0.013072784,5.44518e-13,0.118919774,0.000629628,0.868402996,0.002116358,1.71567e-05,0.006003202,0.003910885,1.2779e-09,,12.016947295155108,0.7872065838074633,0.05072743087878788,0.9279356010109455,1.0000000009784447,-9.778999832121826e-10
1262.108962,3.542126922,167.0466933,2499.546193,0.217327573,0.723558317,-9.039490483,1.379445062,0.013088446,5.44978e-13,0.118769745,0.000628933,0.868547673,0.002117395,1.71664e-05,0.006006825,0.00391226,1.27524e-09,,11.995746754972949,0.7868792670906395,0.050620210090909085,0.9278001432086415,0.999999998675785,1.3247598573684627e-09
1260.961368,3.540652003,166.6935388,2499.180724,0.217314689,0.723580321,-9.039623638,1.379408787,0.013104123,5.45439e-13,0.118619939,0.00062824,0.868692129,0.002118433,1.71761e-05,0.006010451,0.003913632,1.27257e-09,,11.974590171814341,0.7865516155955646,0.05051319357575758,0.9276644857074966,1.0000000013731154,-1.3725700576117106e-09
1259.813774,3.539175574,166.3410577,2498.8147,0.217301771,0.723602333,-9.039757132,1.379372174,0.013119816,5.459e-13,0.118470356,0.000627547,0.86883636,0.002119471,1.71857e-05,0.006014076,0.003915003,1.26992e-09,,11.95347991795292,0.7862236286557925,0.05040638112121212,0.9275286221973247,0.9999999999704658,3.0080049562286604e-11
1258.712083,3.537756788,166.0033049,2498.462886,0.217289377,0.723623531,-9.039885233,1.379337077,0.013134896,5.46343e-13,0.118326962,0.000626883,0.868974615,0.002120467,1.7195e-05,0.00601756,0.003916316,1.26737e-09,,11.933253613754887,0.7859084470396555,0.05030403178787878,0.9273980332606221,0.9999999992679162,7.326301787458078e-10
1257.610393,3.536336603,165.6661759,2498.110529,0.217276963,0.723644757,-9.040013536,1.37930178,0.013149989,5.46787e-13,0.118183777,0.00062622,0.869112661,0.002121464,1.72043e-05,0.006021045,0.003917627,1.26482e-09,,11.91306909369809,0.7855929546373386,0.05020187148484849,0.9272672427691417,0.9999999995653667,4.351800031443531e-10
1256.508703,3.534915034,165.3296614,2497.757709,0.217264554,0.723666049,-9.040141793,1.379266528,0.013165097,5.47232e-13,0.118040794,0.000625558,0.869250504,0.002122461,1.72136e-05,0.006024532,0.003918935,1.26228e-09,,11.89292558967803,0.7852771547810738,0.05009989739393939,0.9271362804178782,0.9999999988628271,1.1377201403206527e-09
1255.407012,3.533492074,164.9937634,2497.404395,0.217252116,0.723687348,-9.040270363,1.379230964,0.013180218,5.47677e-13,0.117898016,0.000624897,0.869388142,0.002123459,1.72229e-05,0.00602802,0.003920242,1.25975e-09,,11.87282214748888,0.7849610459158198,0.04999811012121212,0.9270051347000213,1.0000000001602976,-1.5974999101331377e-10
1254.305322,3.532067725,164.6584803,2497.050601,0.217239681,0.723708712,-9.0403989,1.379195432,0.013195354,5.48123e-13,0.117755441,0.000624237,0.869525576,0.002124457,1.72322e-05,0.00603151,0.003921546,1.25721e-09,,11.85275969571086,0.784644628485874,0.049896509181818184,0.9268738108121949,1.0000000004577583,-4.5721004759968764e-10
1253.247699,3.530699048,164.3371838,2496.710513,0.217227733,0.723729256,-9.040522417,1.3791612,0.013209898,5.48552e-13,0.117618759,0.000623604,0.869657322,0.002125415,1.72411e-05,0.006034862,0.003922796,1.25478e-09,,11.833537349163695,0.7843405785242662,0.0497991466060606,0.9267475744193701,1.0000000003553287,-3.54779983169351e-10
1252.190076,3.529329084,164.0164569,2496.369929,0.21721578,0.723749847,-9.040645988,1.379126914,0.013224455,5.48982e-13,0.117482268,0.000622972,0.869788877,0.002126373,1.725e-05,0.006038216,0.003924043,1.25236e-09,,11.814353157094212,0.7840362426571449,0.04970195663636364,0.9266211539175767,1.000000000252909,-2.52359910746236e-10
1251.132453,3.527957841,163.6962922,2496.028927,0.217203803,0.723770452,-9.040769805,1.379092383,0.013239024,5.49412e-13,0.117345963,0.000622341,0.869920244,0.002127332,1.72589e-05,0.00604157,0.00392529,1.24994e-09,,11.795205381596524,0.7837316226617005,0.049604937030303026,0.926494578259435,1.0000000001504894,-1.499400603677259e-10
1250.074831,3.52658532,163.3766906,2495.687481,0.217191827,0.72379111,-9.040893624,1.379057848,0.013253607,5.49842e-13,0.117209844,0.000621711,0.870051425,0.002128291,1.72678e-05,0.006044927,0.003926533,1.24752e-09,,11.776095149144377,0.7834267187600819,0.04950808806060606,0.9263678377940717,1.00000000004807,-4.7519987944610875e-11
1249.017208,3.525211519,163.0576513,2495.345587,0.217179845,0.723811812,-9.041017511,1.379023247,0.013268203,5.50273e-13,0.117073913,0.000621081,0.870182418,0.00212925,1.72767e-05,0.006048285,0.003927775,1.2451e-09,,11.757021327494279,0.7831215305079912,0.049411409484848484,0.9262409310367369,0.9999999999456501,5.490008447850414e-11
1248.00189,3.523891468,162.7518997,2495.016981,0.217168332,0.723831719,-9.041136549,1.378989922,0.013282228,5.50688e-13,0.116943592,0.000620478,0.870307996,0.002130172,1.72852e-05,0.006051511,0.003928965,1.24279e-09,,11.738744539694792,0.7828282827542331,0.049318757484848486,0.9261189566180553,1.0000000004433407,-4.4279002686664626e-10
1246.986572,3.522570234,162.4466685,2494.687903,0.217156809,0.723851658,-9.041255706,1.378956479,0.013296264,5.51103e-13,0.116813447,0.000619875,0.870433399,0.002131093,1.72938e-05,0.006054737,0.003930153,1.24047e-09,,11.720503595962928,0.7825347721984374,0.04922626318181818,0.9259968069989036,0.9999999990410212,9.595298999798274e-10
1245.971254,3.521247824,162.1419512,2494.358422,0.217145278,0.723871635,-9.04137494,1.378922958,0.013310312,5.51518e-13,0.116683472,0.000619274,0.870558632,0.002132015,1.73023e-05,0.006057965,0.003931339,1.23816e-09,,11.702296171990234,0.7822410003956456,0.04913392460606061,0.9258745077912152,1.0000000005387115,-5.381599610387866e-10
1244.955936,3.519924233,161.837749,2494.028558,0.217133736,0.723891642,-9.041494294,1.378889318,0.013324372,5.51935e-13,0.116553669,0.000618673,0.870683691,0.002132937,1.73109e-05,0.006061195,0.003932523,1.23586e-09,,11.684121756211331,0.7819469662351136,0.04904174212121212,0.9257520664187386,1.000000000136412,-1.3585998992482473e-10
1243.940619,3.518599467,161.5340608,2493.698237,0.217122198,0.723911704,-9.041613623,1.378855703,0.013338445,5.52351e-13,0.116424037,0.000618072,0.870808581,0.002133859,1.73194e-05,0.006064426,0.003933705,1.23355e-09,,11.665981834203949,0.7816526710497346,0.04894971539393939,0.9256294554136039,1.0000000006341023,-6.335501012699751e-10
1242.722237,3.517008185,161.1703145,2493.301347,0.217108333,0.723935812,-9.041757019,1.378815164,0.013355347,5.52852e-13,0.116268706,0.000617353,0.870958218,0.002134966,1.73296e-05,0.006068306,0.003935121,1.23079e-09,,11.64425747118908,0.7812991696531252,0.04883948924242424,0.9254821348320241,1.0000000008313428,-8.307898813342263e-10
1241.503856,3.51541521,160.8073043,2492.903836,0.217094444,0.723959953,-9.041900657,1.378774382,0.013372267,5.53354e-13,0.116113619,0.000616635,0.87110761,0.002136073,1.73399e-05,0.006072186,0.003936535,1.22804e-09,,11.622582584580316,0.780945292158587,0.04872948615151515,0.9253345837430464,0.9999999991285934,8.719599486894936e-10
1240.285474,3.51382054,160.4450304,2492.505687,0.217080549,0.723984153,-9.042044382,1.378733514,0.013389204,5.53856e-13,0.115958779,0.000615919,0.871256755,0.002137181,1.73501e-05,0.006076069,0.003937946,1.22528e-09,,11.60095563513234,0.7805910381218223,0.048619706181818184,0.9251867958364844,1.000000000325834,-3.2528002513743104e-10
1239.067093,3.512224173,160.0834914,2492.107002,0.217066649,0.724008418,-9.042188155,1.378692597,0.013406159,5.54359e-13,0.115804184,0.000615203,0.871405654,0.002138289,1.73604e-05,0.006079955,0.003939353,1.22254e-09,,11.579376838719618,0.7802364070985335,0.04851014890909092,0.9250388089734568,0.9999999996230944,3.774599521833011e-10
1237.848711,3.510626108,159.7226863,2491.707719,0.217052729,0.72403272,-9.042332145,1.378651464,0.01342313,5.54863e-13,0.115649834,0.000614488,0.871554306,0.002139398,1.73706e-05,0.006083842,0.003940759,1.21979e-09,,11.557845523914077,0.7798813988665717,0.04840081403030303,0.9248906001403421,0.9999999988203447,1.1802100408075944e-09
1236.679065,3.509090379,159.3769985,2491.323832,0.217039365,0.724056115,-9.042470398,1.378611952,0.01343944,5.55348e-13,0.115501886,0.000613803,0.871696785,0.002140462,1.73805e-05,0.006087576,0.003942105,1.21717e-09,,11.537220863031454,0.7795402385025926,0.048296060151515156,0.9247481061089962,0.9999999987177254,1.282829953375142e-09
1235.509419,3.507553076,159.031991,2490.939341,0.217025989,0.724079558,-9.042608776,1.378572317,0.013455765,5.55834e-13,0.115354169,0.00061312,0.871839033,0.002141527,1.73903e-05,0.006091312,0.003943448,1.21454e-09,,11.516641604736169,0.7791987284763926,0.048191512424242425,0.9246053878804386,1.000000000515096,-5.145399661898864e-10
1234.339773,3.506014212,158.687653,2490.554348,0.217012584,0.724103019,-9.042747453,1.378532382,0.013472106,5.5632e-13,0.115206675,0.000612437,0.871981055,0.002142593,1.74001e-05,0.006095049,0.00394479,1.21192e-09,,11.49610531084031,0.778856871675906,0.04808716757575758,0.9244624833157883,1.0000000003124763,-3.1191982330369683e-10
1233.170127,3.504473786,158.3439861,2490.16881,0.21699918,0.724126546,-9.042886136,1.378492441,0.013488463,5.56807e-13,0.115059406,0.000611755,0.872122852,0.002143658,1.74099e-05,0.006098789,0.003946128,1.2093e-09,,11.475613352255387,0.7785146678789842,0.04798302609090909,0.9243193764539851,0.9999999991098569,8.906999582336539e-10
1232.00048,3.502931802,158.0009891,2489.782662,0.216985768,0.724150128,-9.043024905,1.378452414,0.013504836,5.57294e-13,0.114912361,0.000611074,0.872264425,0.002144724,1.74198e-05,0.006102531,0.003947464,1.20669e-09,,11.455164193440517,0.7781721179742224,0.047879087606060605,0.9241760431678457,1.0000000000072473,-6.690203946391193e-12
1230.87762,3.501450029,157.6723382,2489.411512,0.21697288,0.724172805,-9.043158265,1.378413847,0.013520569,5.57763e-13,0.114771407,0.000610422,0.872400124,0.002145748,1.74292e-05,0.006106125,0.003948744,1.20419e-09,,11.43557458293571,0.7778429438712299,0.04777949642424243,0.9240382769508756,1.0000000004047478,-4.0419001479108374e-10
1229.75476,3.499966808,157.3443081,2489.039773,0.216959976,0.724195519,-9.043291796,1.378375109,0.013536316,5.58233e-13,0.114630664,0.00060977,0.872535612,0.002146772,1.74386e-05,0.00610972,0.003950022,1.20169e-09,,11.41602599548183,0.777513448096766,0.047680093363636364,0.9239002921045053,0.9999999998022483,1.9831003505998979e-10
1228.631899,3.498482152,157.0168893,2488.667578,0.216947076,0.7242183,-9.043425287,1.37833641,0.013552079,5.58703e-13,0.114490125,0.00060912,0.872670895,0.002147796,1.7448e-05,0.006113319,0.003951296,1.19919e-09,,11.396516742166034,0.7771836335387654,0.047580875545454544,0.9237621379966643,1.0000000001997487,-1.9918999782930769e-10
1227.509039,3.496996056,156.6900839,2488.294866,0.216934148,0.724241096,-9.043559075,1.378297415,0.013567856,5.59174e-13,0.114349793,0.00060847,0.87280597,0.002148821,1.74575e-05,0.006116917,0.00395257,1.19669e-09,,11.377047765586722,0.7768534990864838,0.0474818436060606,0.9236237919849186,0.9999999996972494,3.033098217031238e-10
1226.386179,3.495508523,156.3638902,2487.921612,0.216921224,0.72426396,-9.043692832,1.37825845,0.013583647,5.59646e-13,0.114209666,0.000607822,0.87294084,0.002149846,1.74669e-05,0.006120519,0.00395384,1.1942e-09,,11.357618328573885,0.7765230454063677,0.04738299703030303,0.9234852447895825,1.0000000010947598,-1.0942000638891614e-09
1225.308233,3.494079139,156.0513166,2487.562834,0.216908794,0.724285929,-9.043821473,1.378220809,0.013598821,5.601e-13,0.114075335,0.0006072,0.873070122,0.002150831,1.7476e-05,0.006123977,0.003955058,1.19182e-09,,11.339003717507252,0.7762055094571827,0.04728827775757576,0.9233520709035737,1.0000000001923801,-1.9182011534724097e-10
1224.230287,3.492648422,155.7393097,2487.203552,0.216896359,0.724307946,-9.04395018,1.378183104,0.013614009,5.60554e-13,0.113941198,0.000606579,0.87319921,0.002151816,1.7485e-05,0.006127437,0.003956273,1.18944e-09,,11.320426991409947,0.7758876773836391,0.04719373021212121,0.9232187099390972,0.9999999991900005,8.105600635133214e-10
1223.152341,3.491216383,155.4278616,2486.843831,0.216883922,0.724330017,-9.04407891,1.378145375,0.01362921,5.61009e-13,0.113807248,0.000605959,0.873328111,0.002152801,1.7494e-05,0.0061309,0.003957486,1.18705e-09,,11.301884943404245,0.7755695516293736,0.047099352,0.9230851860233361,1.000000000187611,-1.8704993109963652e-10
1222.074395,3.489783019,155.1169738,2486.483586,0.216871459,0.724352102,-9.044207916,1.37810737,0.013644424,5.61464e-13,0.113673487,0.00060534,0.873456822,0.002153786,1.75031e-05,0.006134363,0.003958697,1.18468e-09,,11.283380847637034,0.7752511315279399,0.04700514357575758,0.9229514676053583,0.9999999992852415,7.153199144127598e-10
1220.996449,3.488348328,154.806645,2486.122931,0.216859006,0.724374258,-9.044336826,1.37806946,0.013659652,5.6192e-13,0.113539915,0.000604722,0.873585344,0.002154772,1.75121e-05,0.006137829,0.003959905,1.18231e-09,,11.264912862749453,0.7749324166350404,0.046911104545454545,0.9228175970005317,1.000000000282872,-2.82309953192339e-10
1219.961621,3.486969781,154.5092525,2485.77622,0.216847028,0.724395543,-9.044460832,1.378032815,0.013674284,5.62359e-13,0.113411861,0.000604129,0.873708549,0.002155718,1.75208e-05,0.006141157,0.003961064,1.18003e-09,,11.2472168946309,0.7746261740647157,0.04682098560606061,0.9226889022333166,0.9999999999805922,1.9970247677747466e-11
1218.926793,3.485590006,154.2123775,2485.429065,0.216835044,0.724416872,-9.044584898,1.37799611,0.013688928,5.62798e-13,0.113283983,0.000603537,0.873831577,0.002156665,1.75295e-05,0.006144487,0.00396222,1.17776e-09,,11.229555205450412,0.7743196586956568,0.046731023484848484,0.9225600426588794,0.9999999996783229,3.2223990142909997e-10
1217.891965,3.484209014,153.9160134,2485.081475,0.216823058,0.72443825,-9.044708987,1.377959381,0.013703585,5.63238e-13,0.113156278,0.000602946,0.873954432,0.002157612,1.75382e-05,0.006147819,0.003963373,1.17549e-09,,11.211927448665756,0.774012872971501,0.04664121618181818,0.9224310216179077,0.9999999993760533,6.245099992696623e-10
1216.857137,3.482826797,153.6201614,2484.733477,0.216811048,0.72445964,-9.044833329,1.3779224,0.013718254,5.63678e-13,0.113028745,0.000602356,0.874077113,0.00215856,1.75468e-05,0.006151151,0.003964526,1.17323e-09,,11.194332593156032,0.7737058151150574,0.04655156406060606,0.9223018491324619,0.9999999989737937,1.0267701133770402e-09
1215.822309,3.481443361,153.3248204,2484.385021,0.216799041,0.724481088,-9.044957649,1.377885441,0.013732935,5.64119e-13,0.112901386,0.000601766,0.874199621,0.002159508,1.75555e-05,0.006154486,0.003965676,1.17096e-09,,11.176770252356585,0.7733984864592192,0.046462066787878786,0.9221725066431703,0.9999999996715242,3.290399064326266e-10
1213.835439,3.478783742,152.7591949,2483.714729,0.216775954,0.724522359,-9.045196707,1.377814115,0.013761159,5.64968e-13,0.112657339,0.000600637,0.874434351,0.002161329,1.75722e-05,0.006160892,0.003967879,1.16663e-09,,11.14314441919007,0.7728076552734527,0.046290665121212125,0.9219237026741405,1.000000000367195,-3.6662983760038514e-10
1211.848569,3.476119619,152.1954446,2483.042868,0.216752845,0.724563786,-9.045436023,1.377742532,0.013789429,5.65819e-13,0.112413927,0.000599511,0.874668443,0.00216315,1.75888e-05,0.006167306,0.003970073,1.1623e-09,,11.109639749981827,0.7722158235294633,0.0461198316969697,0.9216743163120233,0.9999999999628659,3.76999542694989e-11
1209.663012,3.473183884,151.5774795,2482.30189,0.216727378,0.724609505,-9.045699773,1.377663288,0.013820578,5.66757e-13,0.112146908,0.000598275,0.874925209,0.002165156,1.76071e-05,0.006174366,0.003972478,1.15756e-09,,11.072926705286365,0.7715636535039273,0.04593256954545455,0.9213992745878737,1.0000000002581269,-2.575599733489753e-10
1208.47089,3.471580279,151.2413573,2481.896906,0.21671346,0.724634497,-9.04584392,1.377619781,0.013837592,5.6727e-13,0.112001583,0.000597603,0.87506494,0.00216625,1.76171e-05,0.00617822,0.003973787,1.15498e-09,,11.052961733641881,0.7712074145675792,0.045830714333333335,0.9212489496151848,1.0000000012555472,-1.2549798977801174e-09
1207.278768,3.469975053,150.9059042,2481.491357,0.216699535,0.724659546,-9.045988159,1.377576181,0.013854623,5.67784e-13,0.111856485,0.000596931,0.875204442,0.002167345,1.76271e-05,0.006182076,0.003975093,1.15241e-09,,11.033040420889312,0.7708508155280165,0.045729061878787884,0.9210984149215945,1.0000000002529779,-2.5241009282694904e-10
1206.086646,3.468368208,150.571119,2481.085229,0.216685601,0.724684651,-9.046132493,1.377532487,0.013871671,5.68299e-13,0.111711614,0.000596261,0.875343717,0.00216844,1.76371e-05,0.006185935,0.003976395,1.14983e-09,,11.013162890733687,0.7704938568295364,0.04562761181818182,0.9209476653104784,1.0000000002503984,-2.498299345177202e-10
1204.894524,3.466759744,150.2370004,2480.678494,0.216671654,0.724709806,-9.046276961,1.377488659,0.013888735,5.68815e-13,0.11156697,0.000595592,0.875482764,0.002169536,1.76471e-05,0.006189795,0.003977695,1.14726e-09,,10.993328972621024,0.7701365384721391,0.04552636375757576,0.9207966903885887,1.0000000002478289,-2.4725999026031786e-10
1203.750087,3.465214102,149.9168694,2480.287464,0.21665826,0.724734012,-9.04641572,1.377446514,0.013905132,5.69311e-13,0.111428322,0.00059495,0.875616039,0.002170588,1.76566e-05,0.006193503,0.00397894,1.1448e-09,,10.974328828974189,0.7697931759470443,0.04542935436363636,0.9206515449653857,0.9999999997453692,2.5520008328783206e-10
1202.60565,3.463666955,149.5973565,2479.895884,0.216644843,0.724758246,-9.046554716,1.377404132,0.013921544,5.69807e-13,0.111289887,0.00059431,0.875749099,0.002171641,1.76662e-05,0.006197213,0.003980183,1.14234e-09,,10.955368023136698,0.769449479087996,0.045332532272727266,0.9205061953890925,1.0000000003429097,-3.423399341784261e-10
1201.461213,3.46211832,149.2784517,2479.503803,0.216631424,0.72478254,-9.046693746,1.377361715,0.013937972,5.70304e-13,0.111151658,0.00059367,0.875881953,0.002172694,1.76758e-05,0.006200925,0.003981423,1.13989e-09,,10.936446902382018,0.7691054516715242,0.045235894454545456,0.9203606598478938,0.9999999999404604,6.010991704386015e-11
1200.316776,3.460568193,148.9601567,2479.111186,0.216617997,0.724806886,-9.046832861,1.377319215,0.013954415,5.70803e-13,0.111013636,0.000593031,0.876014598,0.002173747,1.76854e-05,0.00620464,0.003982661,1.13744e-09,,10.917563462953002,0.7687610928090336,0.04513944142424242,0.9202149253502293,0.9999999995380108,4.6255999031075135e-10
1199.172339,3.459016573,148.6424706,2478.717968,0.216604544,0.724831255,-9.046972258,1.377276432,0.013970873,5.71302e-13,0.110875823,0.000592394,0.876147035,0.002174801,1.76949e-05,0.006208355,0.003983896,1.13499e-09,,10.898722424333675,0.7684164022783753,0.045043172909090906,0.9200689677689156,1.0000000000355616,-3.4990232933296284e-11
1198.073679,3.457525619,148.3380609,2478.340024,0.216591626,0.724854705,-9.047106111,1.377235328,0.013986687,5.71781e-13,0.110743714,0.000591783,0.876273981,0.002175813,1.77041e-05,0.006211924,0.00398508,1.13265e-09,,10.880669773316013,0.7680851886271933,0.044950927545454544,0.9199286797045034,1.0000000002332219,-2.3265012139006558e-10
1196.975019,3.45603328,148.034215,2477.961574,0.216578696,0.724878194,-9.047240102,1.377194086,0.014002515,5.72262e-13,0.110611801,0.000591172,0.87640073,0.002176825,1.77133e-05,0.006215495,0.003986261,1.13031e-09,,10.86265415743488,0.7677536672999147,0.04485885303030303,0.9197882038192484,0.9999999984308822,1.5696900446116047e-09
1195.87636,3.454539571,147.7309248,2477.582594,0.216565756,0.724901728,-9.0473742,1.377152738,0.014018358,5.72743e-13,0.110480076,0.000590563,0.876527291,0.002177838,1.77225e-05,0.006219068,0.00398744,1.12797e-09,,10.844673874989468,0.7674218416287716,0.04476694690909091,0.9196475312046523,0.9999999996285429,3.7202985136985944e-10
1194.7777,3.453044487,147.4281915,2477.203121,0.216552812,0.724925317,-9.047508344,1.377111343,0.014034214,5.73225e-13,0.110348542,0.000589955,0.876653662,0.002178851,1.77317e-05,0.006222643,0.003988616,1.12563e-09,,10.826730128419406,0.76708971050302,0.04467520954545454,0.91950667559465,1.0000000018262032,-1.8256300915453494e-09
1193.679041,3.451548026,147.1260144,2476.823154,0.216539844,0.724948924,-9.047642747,1.37706969,0.014050085,5.73707e-13,0.110217197,0.000589347,0.87677984,0.002179865,1.77409e-05,0.006226219,0.00398979,1.1233e-09,,10.808822568840426,0.7667572734783623,0.04458364072727273,0.9193656366180543,1.0000000000238736,-2.329980652859831e-11
1192.624327,3.450110135,146.8364441,2476.457932,0.216527393,0.724971641,-9.0477718,1.377029677,0.014065334,5.74171e-13,0.110091283,0.000588765,0.876900794,0.002180838,1.77497e-05,0.006229654,0.003990915,1.12107e-09,,10.791664486273318,0.7664378477092829,0.04449589215151515,0.9192300708002061,0.9999999998216442,1.7892998194213305e-10
1191.569614,3.448670969,146.5473885,2476.092234,0.216514935,0.724994403,-9.047900927,1.376989589,0.014080596,5.74636e-13,0.109965548,0.000588183,0.87702157,0.002181812,1.77585e-05,0.006233091,0.003992037,1.11883e-09,,10.77454020861554,0.7661181387004758,0.04440829954545455,0.9190943282971387,1.0000000006194045,-6.188298762310751e-10
1190.514901,3.447230539,146.2588409,2475.726057,0.216502456,0.725017185,-9.048030278,1.376949277,0.014095871,5.75101e-13,0.109839985,0.000587602,0.877142171,0.002182786,1.77673e-05,0.006236529,0.003993159,1.11661e-09,,10.757447005251498,0.7657981488955776,0.04432086087878788,0.9189584079952888,1.0000000004171852,-4.1661007976756537e-10
1189.460188,3.44578884,145.9708021,2475.359444,0.21648997,0.725040012,-9.048159705,1.37690889,0.014111159,5.75567e-13,0.109714596,0.000587022,0.877262598,0.00218376,1.77762e-05,0.006239969,0.003994277,1.11438e-09,,10.740387962667313,0.7654778771838444,0.04423357639393939,0.9188223258557171,0.9999999993149555,6.856200052141048e-10
1188.405475,3.444345875,145.6832712,2474.992371,0.216477477,0.725062884,-9.048289209,1.376868425,0.01412646,5.76034e-13,0.109589382,0.000586443,0.87738285,0.002184735,1.7785e-05,0.006243411,0.003995394,1.11216e-09,,10.723360409967517,0.7651573242317224,0.04414644581818182,0.9186860729699244,1.0000000011127361,-1.1121601417585225e-09
1187.39295,3.442959442,145.4077168,2474.639518,0.21646548,0.725084886,-9.04841359,1.376829522,0.014141161,5.76483e-13,0.109469338,0.000585888,0.877498129,0.002185671,1.77934e-05,0.006246717,0.003996463,1.11003e-09,,10.707045820908206,0.764849329795912,0.04406294448484849,0.9185550983694756,1.0000000005106064,-5.100300182192541e-10
1186.380425,3.441571833,145.1326323,2474.286266,0.216453473,0.725106924,-9.04853807,1.37679052,0.014155874,5.76932e-13,0.109349457,0.000585333,0.877613245,0.002186607,1.78019e-05,0.006250024,0.00399753,1.1079e-09,,10.69076185020714,0.7645410741131056,0.04397958554545455,0.9184239756652397,0.9999999990084769,9.921000687640458e-10
1185.367901,3.440183059,144.8580121,2473.932572,0.216441452,0.72512899,-9.048662699,1.376751369,0.014170599,5.77382e-13,0.109229735,0.00058478,0.877728202,0.002187544,1.78103e-05,0.006253333,0.003998595,1.10578e-09,,10.674507637881778,0.7642325596269399,0.0438963673030303,0.918292688896157,1.0000000004063574,-4.0577985416234696e-10
1184.355376,3.438793119,144.5838569,2473.578436,0.216429422,0.725151094,-9.048787431,1.376712115,0.014185336,5.77832e-13,0.109110172,0.000584227,0.877842998,0.002188481,1.78188e-05,0.006256644,0.003999659,1.10366e-09,,10.658281500736608,0.7639237861152662,0.04381328996969697,0.9181612380622274,1.0000000009042378,-9.036600356893132e-10
1183.342851,3.437402009,144.3101661,2473.223871,0.216417374,0.725173219,-9.048912352,1.376672672,0.014200085,5.78284e-13,0.108990769,0.000583675,0.877957634,0.002189419,1.78273e-05,0.006259955,0.004000721,1.10154e-09,,10.642086910218287,0.7636147526894892,0.043730353363636364,0.9180296279888878,1.0000000014021182,-1.4015399951716745e-09
1181.398804,3.434727806,143.7859778,2472.541943,0.216394234,0.725215829,-9.049152312,1.37659683,0.014228437,5.79152e-13,0.10876196,0.000582616,0.878177287,0.002191219,1.78435e-05,0.006266318,0.004002754,1.09748e-09,,10.611075629956993,0.7630206816855334,0.04357150842424243,0.9177765048828496,0.9999999985980591,1.4025199890355111e-09
1179.454756,3.432049299,143.2634928,2471.858415,0.216371061,0.725258578,-9.049392625,1.376520634,0.014256833,5.80022e-13,0.108533738,0.000581561,0.878396353,0.002193021,1.78597e-05,0.006272688,0.004004778,1.09343e-09,,10.580174394366072,0.7624256545531157,0.04341317963636363,0.9175227878769134,0.99999999979401,2.065699833408985e-10
1177.316304,3.429097966,142.6907214,2471.104719,0.216345535,0.725305765,-9.049657359,1.37643643,0.01428812,5.80982e-13,0.108283369,0.000580403,0.878636646,0.002195005,1.78776e-05,0.006279702,0.004006997,1.08899e-09,,10.546307203667709,0.7617700194505008,0.043239612545454546,0.9172430253909493,1.000000000689571,-6.88989976183052e-10
1176.149876,3.427485953,142.3791633,2470.692796,0.216331579,0.725331545,-9.049802114,1.376390145,0.014305208,5.81507e-13,0.108147102,0.000579773,0.878767416,0.002196087,1.78873e-05,0.006283529,0.004008204,1.08658e-09,,10.5278911715911,0.7614119126869904,0.043145200999999994,0.9170901247486402,0.9999999993871614,6.134200924989841e-10
1174.983447,3.425872391,142.0682127,2470.28033,0.216317634,0.725357413,-9.049946766,1.376343964,0.014322311,5.82033e-13,0.108011043,0.000579144,0.878897976,0.00219717,1.7897e-05,0.006287361,0.004009407,1.08416e-09,,10.509512363357702,0.7610534618149791,0.04305097354545455,0.9169370225515532,0.999999999084742,9.158400704478709e-10
1173.817019,3.424257279,141.7578689,2469.86729,0.216303664,0.72538331,-9.050091674,1.376297526,0.014339431,5.8256e-13,0.107875194,0.000578516,0.879028326,0.002198254,1.79067e-05,0.006291194,0.004010608,1.08175e-09,,10.491172952879444,0.7606946666123183,0.04295692996969697,0.9167837072928778,0.9999999997823326,2.1824997364916499e-10
1172.650591,3.422640617,141.4481308,2469.453654,0.216289674,0.725409242,-9.050236804,1.376250867,0.014356567,5.83087e-13,0.107739554,0.000577889,0.879158466,0.002199338,1.79165e-05,0.006295028,0.004011808,1.07935e-09,,10.472871565294218,0.7603355270790079,0.04286306993939394,0.9166301708064903,1.0000000005799332,-5.793501234307996e-10
1171.530819,3.421087171,141.1513478,2469.055995,0.216276241,0.725434198,-9.050376168,1.376206035,0.014373033,5.83594e-13,0.107609533,0.000577288,0.879283207,0.002200379,1.79258e-05,0.006298711,0.004012955,1.07704e-09,,10.455340716409122,0.7599904309046295,0.042773135696969694,0.9164825647817723,0.9999999998776236,1.2295997553479765e-10
1170.411048,3.419532284,140.855126,2468.657868,0.21626279,0.725459188,-9.050515717,1.376161018,0.014389512,5.84102e-13,0.107479709,0.000576688,0.879407749,0.00220142,1.79352e-05,0.006302396,0.004014101,1.07474e-09,,10.437844205059802,0.7596450146138215,0.042683371515151516,0.9163347850413338,0.9999999992753241,7.252599631968337e-10
1169.291277,3.417975975,140.5594566,2468.25917,0.216249336,0.725484237,-9.050655311,1.376115955,0.014406007,5.84611e-13,0.107350075,0.000576089,0.879532102,0.002202462,1.79445e-05,0.006306083,0.004015244,1.07245e-09,,10.420383727871467,0.759299282427411,0.04259377472727273,0.9161867933528693,1.0000000005730345,-5.724498652881493e-10
1168.171505,3.416418238,140.2643412,2467.859943,0.216235863,0.72550932,-9.050795105,1.376070692,0.014422516,5.85121e-13,0.107220632,0.00057549,0.879656262,0.002203505,1.79538e-05,0.006309772,0.004016385,1.07015e-09,,10.402958023457025,0.7589532330125052,0.04250434581818181,0.9160386053062511,1.0000000008707353,-8.701501741370521e-10
1167.051734,3.414859072,139.9697786,2467.460203,0.216222381,0.725534453,-9.050934992,1.376025338,0.01443904,5.85631e-13,0.10709138,0.000574893,0.879780229,0.002204547,1.79632e-05,0.006313463,0.004017523,1.06786e-09,,10.3855680373898,0.7586068661469554,0.042415084424242425,0.9158902268404782,0.9999999992684456,7.321400152804358e-10
1165.976754,3.413360933,139.6875153,2467.075957,0.216209433,0.72555863,-9.051069357,1.375981723,0.014454917,5.86122e-13,0.106967476,0.00057432,0.87989906,0.002205549,1.79721e-05,0.006317009,0.004018613,1.06566e-09,,10.368906199110025,0.7582740563566008,0.04232955009090909,0.9157475995528426,1.000000000166246,-1.656599302179984e-10
1164.901773,3.411861469,139.405764,2466.691229,0.216196465,0.725582835,-9.05120393,1.3759379,0.014470808,5.86614e-13,0.106843752,0.000573748,0.88001771,0.00220655,1.79811e-05,0.006320556,0.004019701,1.06347e-09,,10.35227754859593,0.7579409522190782,0.04224417090909091,0.9156047933528627,0.9999999991640566,8.365300674384457e-10
1163.826793,3.410360693,139.1245174,2466.305991,0.216183491,0.725607088,-9.05133858,1.375894001,0.014486712,5.87106e-13,0.106720201,0.000573177,0.880136186,0.002207553,1.799e-05,0.006324105,0.004020787,1.06128e-09,,10.335680765669782,0.7576075566223217,0.04215894466666667,0.9154617978472904,1.0000000000618672,-6.127987006721014e-11
1162.751812,3.4088586,138.8437765,2465.920309,0.216170515,0.725631398,-9.051473245,1.375850086,0.014502629,5.87599e-13,0.106596825,0.000572607,0.880254486,0.002208555,1.7999e-05,0.006327657,0.004021869,1.0591e-09,,10.319116595282047,0.7572738684555875,0.042073871666666665,0.9153186375344964,0.9999999990596876,9.409000245597099e-10
1161.676832,3.407355191,138.5635408,2465.534071,0.216157509,0.725655718,-9.051608237,1.375805845,0.01451856,5.88093e-13,0.106473625,0.000572038,0.88037261,0.002209558,1.80079e-05,0.006331209,0.004022951,1.05691e-09,,10.302584491102643,0.7569398879410245,0.041988951757575756,0.9151752708414878,0.999999999957498,4.309008705405404e-11
1160.644851,3.405910683,138.2949866,2465.162856,0.216145027,0.725679127,-9.051737793,1.375763409,0.014533867,5.88567e-13,0.106355515,0.000571492,0.880485845,0.002210522,1.80165e-05,0.006334622,0.004023986,1.05482e-09,,10.28674372254126,0.7566189922132946,0.041907571696969695,0.9150374804973341,0.9999999995554086,4.4517989294945437e-10
1159.612869,3.404464953,138.0268997,2464.791209,0.216132526,0.725702559,-9.051867554,1.375720768,0.014549186,5.89043e-13,0.10623757,0.000570947,0.880598915,0.002211485,1.80251e-05,0.006338036,0.00402502,1.05273e-09,,10.270932520405458,0.7562978250197236,0.04182633324242424,0.9148995298002082,0.9999999991533192,8.472698098671572e-10
1158.580888,3.403018016,137.7592741,2464.419076,0.216120022,0.725726042,-9.051997351,1.375678092,0.014564517,5.89519e-13,0.106119784,0.000570403,0.880711826,0.002212449,1.80337e-05,0.006341452,0.004026051,1.05065e-09,,10.255151255635276,0.7559763896925435,0.04174523457575757,0.9147613987059882,0.9999999997512394,2.493500961264772e-10
1157.548907,3.401569865,137.4921105,2464.046494,0.216107511,0.725749569,-9.052127225,1.375635338,0.014579861,5.89996e-13,0.106002158,0.000569859,0.880824576,0.002213413,1.80423e-05,0.00634487,0.00402708,1.04856e-09,,10.239398901360302,0.7556546846767128,0.04166427590909091,0.9146231009486092,0.99999999934915,6.514401240664824e-10
1156.516926,3.400120497,137.2254084,2463.673489,0.216094975,0.725773108,-9.052257368,1.375592316,0.014595218,5.90473e-13,0.105884693,0.000569316,0.880937164,0.002214379,1.80509e-05,0.006348289,0.004028108,1.04648e-09,,10.223675612474501,0.755332709305785,0.04158345709090909,0.9144846461789446,1.0000000009470702,-9.46479783436871e-10
1154.535522,3.397334314,136.7146301,2462.955983,0.216070895,0.725818442,-9.052507371,1.375509584,0.014624737,5.91392e-13,0.105659607,0.000568276,0.881152884,0.002216232,1.80674e-05,0.006354859,0.004030074,1.0425e-09,,10.193569995053675,0.7547137620785122,0.04142867578787879,0.914218316966299,1.0000000004430913,-4.4250003661261417e-10
1152.554118,3.394543655,136.205544,2462.236856,0.216046785,0.72586393,-9.052757702,1.375426524,0.014654303,5.92313e-13,0.10543511,0.000567239,0.881368012,0.002218087,1.80839e-05,0.006361436,0.004032031,1.03852e-09,,10.163572557547269,0.7540938205131827,0.04127440727272727,0.9139513860588193,0.9999999999391126,6.147982123394513e-11
1150.612342,3.391804471,135.7082745,2461.530437,0.216023109,0.725908626,-9.053003561,1.375344591,0.014683322,5.93219e-13,0.105215672,0.000566225,0.881578266,0.002219906,1.81e-05,0.006367886,0.004033943,1.03464e-09,,10.134278994112778,0.753485314057652,0.04112371954545454,0.9136891722012794,0.9999999990352334,9.65359903126739e-10
1148.710194,3.389117015,135.2227212,2460.836897,0.215999881,0.725952542,-9.053244783,1.37526395,0.014711792,5.94108e-13,0.10500126,0.000565235,0.881783679,0.002221689,1.81159e-05,0.006374211,0.004035808,1.03084e-09,,10.105682703964948,0.7528882989155677,0.04097658218181818,0.9134317388667315,0.9999999989314341,1.0691599827694631e-09
1146.808046,3.386425437,134.7387106,2460.141813,0.215976629,0.725996609,-9.053486271,1.375183042,0.014740304,5.95e-13,0.104787385,0.000564247,0.881988553,0.002223474,1.81317e-05,0.006380543,0.004037665,1.02706e-09,,10.077184105842024,0.7522903680761044,0.0408299123030303,0.9131737324187819,0.999999999727655,2.7294000393141005e-10
1145.666758,3.384808506,134.4490448,2459.724063,0.215962659,0.726023107,-9.053631375,1.375134287,0.014757432,5.95536e-13,0.104659319,0.000563655,0.882111216,0.002224545,1.81412e-05,0.006384346,0.004038776,1.02479e-09,,10.060130672908105,0.7519311687847651,0.04074213478787879,0.9130186688672817,0.9999999992253856,7.752098962754417e-10
1144.525469,3.383190094,134.1599308,2459.30567,0.215948662,0.72604963,-9.053776758,1.375085252,0.014774575,5.96073e-13,0.104531445,0.000563065,0.882233687,0.002225617,1.81507e-05,0.006388148,0.004039886,1.02253e-09,,10.043113776965713,0.7515716404910439,0.040654524484848485,0.91286336664226,0.9999999997231261,2.774699359164856e-10
1143.38418,3.381570196,133.8713686,2458.886798,0.215934676,0.726076238,-9.053922045,1.375036313,0.014791733,5.96611e-13,0.104403764,0.000562475,0.882355964,0.00222669,1.81602e-05,0.006391955,0.004040991,1.02027e-09,,10.026131345771276,0.7512117820841966,0.0405670813939394,0.9127078866184561,1.0000000002208667,-2.2027002444247046e-10
1142.242892,3.379948811,133.5833576,2458.467321,0.215920654,0.726102856,-9.054067707,1.374986999,0.014808907,5.9715e-13,0.104276275,0.000561886,0.882478047,0.002227763,1.81696e-05,0.006395763,0.004042095,1.01802e-09,,10.009183521771005,0.7508515933420746,0.040479805333333334,0.9125521820262535,0.9999999996186172,3.819800031834575e-10
1141.101603,3.378325943,133.2958961,2458.047296,0.215906642,0.72612956,-9.054213275,1.37493778,0.014826096,5.9769e-13,0.104148979,0.000561299,0.882599938,0.002228836,1.81791e-05,0.006399574,0.004043195,1.01576e-09,,9.99227101812067,0.750491075153273,0.04039269578787878,0.9123962740233359,1.0000000011163577,-1.1157599288935671e-09
1140.005966,3.376766597,133.0204472,2457.643487,0.215893161,0.726155211,-9.054353331,1.374890218,0.014842612,5.98209e-13,0.104026952,0.000560735,0.882716775,0.002229867,1.81882e-05,0.006403233,0.004044249,1.01361e-09,,9.976068354148126,0.7501446683009381,0.04030922642424243,0.9122463851958845,1.0000000002142082,-2.1361001856234907e-10
1138.910329,3.375205871,132.7455074,2457.239228,0.215879681,0.726180926,-9.054493392,1.374842651,0.014859142,5.98729e-13,0.103905107,0.000560172,0.882833429,0.002230898,1.81973e-05,0.006406895,0.0040453,1.01145e-09,,9.959897755123338,0.7497979548832506,0.040225911333333336,0.912096329334087,0.9999999993120487,6.885499947983931e-10
1137.814692,3.373643778,132.4710697,2456.834447,0.215866172,0.726206657,-9.054633749,1.374794789,0.014875686,5.99249e-13,0.103783436,0.000559611,0.882949907,0.00223193,1.82064e-05,0.006410558,0.004046351,1.0093e-09,,9.943757562957805,0.7494509377881451,0.04014274839393939,0.9119460797124478,1.0000000004098992,-4.092999272842235e-10
1136.719054,3.372080318,132.1971348,2456.429128,0.215852666,0.726232456,-9.054774095,1.374746937,0.014892244,5.99771e-13,0.103661941,0.00055905,0.883066209,0.002232963,1.82155e-05,0.006414224,0.004047397,1.00715e-09,,9.927650578140591,0.7491036170156216,0.04005973781818181,0.9117956303919679,1.0000000005077498,-5.071500996933764e-10
1135.623417,3.370515488,131.9237018,2456.023306,0.215839151,0.726258304,-9.054914534,1.374698992,0.014908816,6.00293e-13,0.103540621,0.00055849,0.883182334,0.002233995,1.82246e-05,0.006417893,0.004048441,1.00501e-09,,9.91157391547509,0.7487559918992336,0.03997687933333333,0.9116449943642073,0.9999999996056103,3.949900406752249e-10
1134.571606,3.369011965,131.6616757,2455.63321,0.215826153,0.726283139,-9.055049606,1.374652714,0.014924739,6.00795e-13,0.103424319,0.000557953,0.88329365,0.002234987,1.82334e-05,0.006421415,0.004049442,1.00295e-09,,9.896170992936375,0.7484219860597064,0.03989747748484848,0.9115001956300697,1.000000000403551,-4.0295011771718237e-10
1133.519794,3.367507171,131.4001142,2455.242692,0.215813155,0.726308032,-9.055184686,1.374606429,0.014940675,6.01298e-13,0.103308181,0.000557417,0.8834048,0.002235979,1.82421e-05,0.006424941,0.004050439,1.0009e-09,,9.880797261526647,0.7480876978690468,0.03981821642424242,0.9113552402548337,1.0000000001015013,-1.0089995505779825e-10
1132.467982,3.36600112,131.1390113,2454.851642,0.215800141,0.726332957,-9.055319943,1.374559966,0.014956624,6.01802e-13,0.103192202,0.000556881,0.883515789,0.002236972,1.82508e-05,0.006428468,0.004051435,9.98849e-10,,9.86545192440095,0.7477531304373377,0.03973909433333333,0.911210087407882,0.9999999987994508,1.201151067498074e-09
1131.416171,3.364493805,130.8783676,2454.460115,0.215787116,0.726357923,-9.055455322,1.374513382,0.014972586,6.02307e-13,0.103076386,0.000556347,0.883626617,0.002237965,1.82596e-05,0.006431997,0.004052429,9.96802e-10,,9.850135327841267,0.7474182822095377,0.03966011139393939,0.9110647575045229,1.0000000015974042,-1.5968018018952534e-09
1130.364359,3.362985226,130.6181825,2454.068119,0.215774073,0.726382918,-9.055590888,1.37446661,0.014988561,6.02812e-13,0.10296073,0.000555813,0.883737282,0.002238959,1.82683e-05,0.006435527,0.004053421,9.94759e-10,,9.834848268625942,0.7470831531856466,0.03958126742424242,0.9109192535142563,1.0000000012953618,-1.2947589667078319e-09
1129.35462,3.361535806,130.3688337,2453.691343,0.215761549,0.726406965,-9.055721067,1.374421675,0.015003909,6.03297e-13,0.102849849,0.000555301,0.883843371,0.002239913,1.82767e-05,0.006438918,0.00405437,9.928e-10,,9.820200235190626,0.7467611662629807,0.039505707181818187,0.9107793989967696,0.9999999996934031,3.0720015420371283e-10
1128.344881,3.360085214,130.119909,2453.314171,0.215749018,0.726431053,-9.055851326,1.374376658,0.015019269,6.03784e-13,0.10273912,0.00055479,0.883949308,0.002240868,1.82851e-05,0.006442311,0.004055317,9.90843e-10,,9.805578842331162,0.7464389189819141,0.03943027545454546,0.9106393974890583,1.0000000000914469,-9.084311081153373e-11
1127.335142,3.358633461,129.8714034,2452.936519,0.215736464,0.726455156,-9.055981839,1.374331388,0.015034642,6.04271e-13,0.102628537,0.00055428,0.884055097,0.002241823,1.82935e-05,0.006445705,0.004056263,9.8889e-10,,9.790983487668852,0.7461164137860834,0.039354970727272724,0.9104992178113774,0.9999999994894941,5.111101541999119e-10
1126.325402,3.357180545,129.6233173,2452.558403,0.215723908,0.726479313,-9.056112372,1.374286097,0.015050026,6.04759e-13,0.102518102,0.00055377,0.884160739,0.002242779,1.83018e-05,0.006449101,0.004057207,9.8694e-10,,9.776414419233108,0.745793650231191,0.03927979312121212,0.9103588659027262,1.0000000007875447,-7.869400686644212e-10
1125.315663,3.355726464,129.37565,2452.179872,0.21571135,0.726503521,-9.056242928,1.374240784,0.015065423,6.05248e-13,0.102407814,0.000553261,0.884266233,0.002243734,1.83102e-05,0.0064525,0.004058147,9.84992e-10,,9.761872158943463,0.7454706278729396,0.03920474242424243,0.910218359951289,1.000000000185597,-1.849917996565864e-10
1123.376964,3.35293136,128.9013005,2451.451857,0.215687185,0.726550063,-9.056494177,1.374153202,0.015095017,6.06188e-13,0.102196473,0.000552286,0.884468365,0.002245571,1.83263e-05,0.006459029,0.004059949,9.8126e-10,,9.734023847069828,0.7448496988561668,0.039061000151515146,0.9099481299298756,1.000000000281866,-2.812599042556485e-10
1121.438265,3.350131962,128.4284876,2450.722169,0.21566299,0.726596758,-9.056745758,1.374065286,0.015124656,6.07131e-13,0.101985673,0.000551313,0.884669955,0.002247409,1.83424e-05,0.006465565,0.004061743,9.77539e-10,,9.706271948381014,0.7442278159324202,0.03891772351515152,0.9096772789118814,1.000000001378146,-1.377538749736118e-09
1119.538339,3.347384387,127.9666156,2450.005497,0.215639246,0.72664266,-9.056992676,1.373978761,0.015153746,6.08057e-13,0.101779611,0.000550362,0.884866987,0.002249211,1.83581e-05,0.006471976,0.004063492,9.73901e-10,,9.679170551521512,0.7436174454262566,0.0387777623030303,0.9094112592695577,0.999999998074509,1.926099058024988e-09
1117.677188,3.344688877,127.5155932,2449.301954,0.215615943,0.726687741,-9.057235029,1.373893528,0.015182283,6.08967e-13,0.101578258,0.000549434,0.885059492,0.002250979,1.83736e-05,0.006478263,0.0040652,9.70348e-10,,9.65270926000582,0.7430186410976873,0.03864108884848485,0.9091501129470846,1.000000000570957,-5.70347991057929e-10
1115.816037,3.341989408,127.0659719,2448.596872,0.215592608,0.726732956,-9.057477736,1.37380794,0.015210861,6.0988e-13,0.101377399,0.000548507,0.885251501,0.002252747,1.8389e-05,0.006484555,0.004066901,9.66804e-10,,9.626336834528214,0.7424189572819943,0.03850483996969697,0.9088883953671472,0.9999999999674138,3.319600150319957e-11
1114.029332,3.339394191,126.6356505,2447.918546,0.215570173,0.726776485,-9.057711101,1.373725409,0.015238335,6.10758e-13,0.101185038,0.00054762,0.885435364,0.002254447,1.84038e-05,0.006490602,0.004068526,9.63411e-10,,9.601102045524986,0.741842432923644,0.038374439545454546,0.9086366092782544,1.0000000017640216,-1.7634107507547014e-09
1112.242627,3.33679532,126.2066134,2447.238856,0.215547705,0.72682013,-9.057944835,1.373642511,0.015265847,6.11639e-13,0.10099313,0.000546735,0.885618769,0.002256147,1.84186e-05,0.006496654,0.004070145,9.60027e-10,,9.575947726311753,0.741265096833556,0.0382444283030303,0.9083843168896986,0.9999999995606386,4.3997305798626485e-10
1110.277251,3.33393234,125.736152,2446.489592,0.21552296,0.726868291,-9.058202272,1.373550991,0.015296153,6.12611e-13,0.100782556,0.000545764,0.885819989,0.002258019,1.84349e-05,0.006503319,0.004071917,9.56313e-10,,9.548370782009448,0.7406290892444143,0.038101864242424247,0.908106199506452,0.9999999998569257,1.4368695122612962e-10
1109.205228,3.332368852,125.4801875,2446.080136,0.215509431,0.726894596,-9.058343035,1.37350073,0.015312703,6.13142e-13,0.100667927,0.000545235,0.885929514,0.002259041,1.84438e-05,0.006506956,0.004072882,9.54293e-10,,9.53336902239359,0.7402817622517243,0.038024299242424245,0.9079542145835482,0.999999999754906,2.4570712131577466e-10
1108.133205,3.330804047,125.2246812,2445.670222,0.215495903,0.726920966,-9.058483791,1.373450474,0.015329266,6.13674e-13,0.10055346,0.000544708,0.886038876,0.002260064,1.84527e-05,0.006510596,0.004073843,9.52275e-10,,9.518396649700485,0.7399341426890563,0.03794687309090909,0.9078020596567987,1.0000000006528886,-6.52275122803303e-10
1107.061181,3.329237927,124.9696327,2445.259773,0.215482357,0.726947369,-9.058624747,1.373400019,0.015345844,6.14206e-13,0.100439155,0.000544181,0.886148075,0.002261087,1.84616e-05,0.006514237,0.004074803,9.5026e-10,,9.503452538802316,0.7395862310007083,0.03786958566666667,0.9076497061447707,1.0000000005508742,-5.502600597395713e-10
1105.989158,3.327670489,124.715041,2444.84886,0.215468802,0.726973819,-9.058765802,1.373349465,0.015362435,6.1474e-13,0.100325012,0.000543654,0.886257111,0.00226211,1.84705e-05,0.006517882,0.00407576,9.48249e-10,,9.488535760291697,0.7392380265202337,0.037792436666666665,0.9074971804017722,1.0000000004488638,-4.4824899347872815e-10
1104.960016,3.326164517,124.47106,2444.453828,0.215455783,0.726999261,-9.058901289,1.373300859,0.015378375,6.15253e-13,0.100215585,0.00054315,0.886361636,0.002263093,1.8479e-05,0.006521381,0.004076675,9.46321e-10,,9.474245727022174,0.7389034766382804,0.03771850303030303,0.907350549486449,0.9999999999469362,5.3679061196021394e-11
1103.930874,3.324657321,124.227502,2444.058398,0.215442743,0.727024725,-9.059036999,1.37325203,0.015394327,6.15767e-13,0.10010631,0.000542646,0.886466007,0.002264076,1.84875e-05,0.006524883,0.004077589,9.44395e-10,,9.459980104642186,0.7385686548461882,0.03764469757575758,0.9072037708385263,0.9999999994450107,5.556050064470242e-10
1102.901732,3.323148914,123.984361,2443.662507,0.215429699,0.727050241,-9.059172753,1.373203156,0.015410293,6.16282e-13,0.099997181,0.000542143,0.88657023,0.00226506,1.8496e-05,0.006528388,0.004078501,9.42473e-10,,9.445739288373574,0.7382335640318917,0.037571018484848485,0.9070568210731954,0.9999999999430893,5.7526983177069724e-11
1101.87259,3.321639295,123.7416381,2443.266096,0.215416638,0.727075787,-9.059308692,1.373154097,0.015426271,6.16797e-13,0.099888201,0.000541641,0.886674305,0.002266044,1.85045e-05,0.006531893,0.004079411,9.40553e-10,,9.431526190162986,0.7378982039732421,0.03749746609090909,0.9069096782903976,1.0000000004411698,-4.4055292747202657e-10
1100.843447,3.320128462,123.4993322,2442.869246,0.215403578,0.727101393,-9.05944463,1.373105041,0.015442261,6.17313e-13,0.099779369,0.000541139,0.886778231,0.002267029,1.85131e-05,0.006535401,0.004080317,9.38636e-10,,9.417339518828962,0.7375625742259418,0.03742404006060606,0.9067623725563155,1.0000000000392533,-3.863598330156037e-11
1098.867494,3.317224255,123.0352719,2442.105962,0.215378445,0.727150623,-9.059706253,1.373010229,0.015472998,6.18307e-13,0.099570825,0.000540178,0.886977351,0.002268921,1.85294e-05,0.00654214,0.004082054,9.34965e-10,,9.39017260100661,0.7369174081079675,0.03728341572727273,0.9064790511252124,0.9999999993355833,6.650351380699249e-10
1096.891541,3.31431557,122.5727417,2441.34098,0.215353288,0.727200028,-9.059968154,1.372915139,0.015503781,6.19303e-13,0.099362825,0.00053922,0.887175925,0.002270814,1.85458e-05,0.006548888,0.004083781,9.31302e-10,,9.363100980100901,0.7362712472076389,0.03714325506060606,0.9061950994178426,0.9999999997319212,2.6869806379892225e-10
1094.955107,3.311460715,122.1209403,2440.589544,0.21532858,0.727248566,-9.060225398,1.37282137,0.015533994,6.20282e-13,0.099159509,0.000538283,0.887370001,0.002272672,1.85618e-05,0.006555507,0.004085467,9.27724e-10,,9.336662452656736,0.7356370445775474,0.037006345545454546,0.9059161758154844,1.0000000017283441,-1.7277239638957553e-09
1093.058192,3.30865994,121.6797769,2439.851903,0.215304337,0.727296249,-9.060477821,1.372729086,0.015563634,6.21244e-13,0.098960847,0.000537368,0.887559605,0.002274493,1.85775e-05,0.006561997,0.004087111,9.24229e-10,,9.310852252487983,0.7350148557548947,0.03687265966666666,0.9056423727438097,0.9999999994248504,5.757708754217106e-10
1091.161278,3.305855038,121.2400082,2439.112627,0.215280068,0.727344089,-9.060730548,1.372636496,0.015593316,6.22209e-13,0.098762681,0.000536455,0.887748713,0.002276316,1.85932e-05,0.006568495,0.004088746,9.20743e-10,,9.285128900004782,0.7343917501241187,0.036739396424242426,0.9053679627806764,1.0000000001213651,-1.2074297117692367e-10
1089.340239,3.303158443,120.8191392,2438.401384,0.215256724,0.727390128,-9.060973656,1.372547122,0.015621851,6.23137e-13,0.098572908,0.000535581,0.887929788,0.002278067,1.86083e-05,0.006574738,0.004090309,9.17405e-10,,9.26051661794286,0.7337927047640947,0.03661186036363636,0.9051039583149441,1.000000000218028,-2.1740498290512278e-10
1087.519201,3.300458034,120.3995486,2437.688678,0.215233337,0.727436281,-9.061217232,1.372457279,0.015650426,6.24068e-13,0.09838359,0.000534709,0.888110404,0.00227982,1.86233e-05,0.006580987,0.004091867,9.14077e-10,,9.235982331863157,0.7331928121285239,0.0364847116969697,0.9048394108019926,1.0000000012147012,-1.2140770611068774e-09
1085.734583,3.297807938,119.9895851,2436.988776,0.215210394,0.72748165,-9.061456217,1.372368953,0.015678468,6.24984e-13,0.098198498,0.000533857,0.888286965,0.002281539,1.86381e-05,0.006587118,0.004093385,9.10823e-10,,9.212016227281765,0.7326040964658389,0.036360480333333334,0.9045796159729751,1.000000001011448,-1.0108229808736269e-09
1083.986387,3.295208368,119.5891726,2436.301811,0.215187878,0.727526198,-9.061690764,1.37228199,0.015705975,6.25882e-13,0.098017606,0.000533024,0.888459497,0.002283225,1.86526e-05,0.006593129,0.004094866,9.07644e-10,,9.188612819214516,0.7320266050937353,0.03623914321212121,0.9043246231958203,1.0000000005082699,-5.076439268947297e-10
1082.23819,3.292605284,119.1899263,2435.613451,0.215165339,0.727570879,-9.06192558,1.372194757,0.015733518,6.26784e-13,0.09783713,0.000532193,0.888631611,0.002284911,1.8667e-05,0.006599147,0.00409634,9.04473e-10,,9.165281327665205,0.7314483330907268,0.036118159484848485,0.9040691126121922,0.9999999999050997,9.552703073012481e-11
1081.189272,3.291041742,118.9509381,2435.199806,0.215151796,0.727597738,-9.062066673,1.372142214,0.015750061,6.27325e-13,0.097729045,0.000531695,0.888734677,0.002285924,1.86757e-05,0.00660276,0.004097222,9.02574e-10,,9.151316927774078,0.7311009941020011,0.03604573881818182,0.9039155727851179,0.9999999996032014,3.97425981013555e-10
1080.140354,3.289476935,118.7123672,2434.785629,0.21513823,0.72762462,-9.06220802,1.372089418,0.015766618,6.27868e-13,0.097621108,0.000531198,0.888837594,0.002286938,1.86844e-05,0.006606374,0.004098102,9.00679e-10,,9.137378981744272,0.7307533740950356,0.035973444606060605,0.9037618354863274,0.9999999993013068,6.99321045516399e-10
1079.091436,3.287910864,118.4742135,2434.370939,0.215124672,0.727651578,-9.062349299,1.372036689,0.015783187,6.28412e-13,0.097513321,0.000530702,0.888940362,0.002287952,1.8693e-05,0.006609992,0.004098978,8.98786e-10,,9.123466959291688,0.7304054732919791,0.03590127681818182,0.9036079077683822,1.0000000008994143,-8.987859345666038e-10
1078.042518,3.286343523,118.2364764,2433.955774,0.215111088,0.727678555,-9.062490846,1.371983692,0.01579977,6.28956e-13,0.097405682,0.000530207,0.889042979,0.002288966,1.87017e-05,0.006613611,0.004099853,8.96896e-10,,9.109580302041119,0.7300572903599388,0.03582923527272727,0.9034538037364047,1.000000000597525,-5.968958660673707e-10
1076.9936,3.284774913,117.999155,2433.540141,0.215097498,0.727705584,-9.062632462,1.371930626,0.015816366,6.29501e-13,0.097298191,0.000529712,0.889145447,0.002289981,1.87104e-05,0.006617232,0.004100726,8.95009e-10,,9.095719055009853,0.7297088255210633,0.0357573196969697,0.9032995259887071,1.0000000002956384,-2.9500890619260645e-10
1075.986638,3.283267861,117.7717154,2433.140576,0.215084432,0.727731558,-9.06276863,1.371879466,0.015832311,6.30025e-13,0.097195139,0.000529238,0.889243678,0.002290956,1.87187e-05,0.006620709,0.004101561,8.932e-10,,9.082438235560199,0.7293740357183992,0.03568839860606061,0.9031512124807353,1.00000000059383,-5.932001556629984e-10
1074.979677,3.281759629,117.5446606,2432.740665,0.215071356,0.727757571,-9.06290491,1.371828195,0.015848268,6.3055e-13,0.097092226,0.000528764,0.889341766,0.002291931,1.8727e-05,0.00662419,0.004102395,8.91394e-10,,9.069178483224931,0.7290389837801439,0.03561959412121212,0.9030027705419107,0.9999999998920246,1.08605902049419e-10
1073.972715,3.280250233,117.3179855,2432.340246,0.215058272,0.727783631,-9.063041273,1.37177684,0.015864237,6.31076e-13,0.096989447,0.000528291,0.88943972,0.002292907,1.87353e-05,0.006627672,0.004103226,8.89591e-10,,9.05594361708523,0.7287036732606781,0.0355509046969697,0.9028541400398685,0.9999999991902221,8.104090731819724e-10
1072.965754,3.278739669,117.0916908,2431.939345,0.215045177,0.72780973,-9.063177761,1.37172536,0.015880218,6.31603e-13,0.096886805,0.000527819,0.889537538,0.002293883,1.87437e-05,0.006631156,0.004104055,8.8779e-10,,9.0427320315391,0.7283681032714067,0.03548233054545454,0.9027053306254819,1.0000000005884215,-5.877900388640001e-10
1071.958793,3.277227934,116.865776,2431.538007,0.215032071,0.727835867,-9.063314376,1.371673754,0.015896211,6.3213e-13,0.096784299,0.000527348,0.889635218,0.00229486,1.8752e-05,0.006634642,0.004104881,8.85991e-10,,9.029544779463853,0.7280322731458831,0.03541387151515151,0.9025563590021857,1.0000000008866232,-8.859908362524038e-10
1070.025427,3.274322121,116.4330813,2430.766168,0.215006883,0.727886173,-9.06357694,1.371574405,0.015926952,6.33146e-13,0.096587867,0.000526444,0.889822381,0.002296736,1.8768e-05,0.006641341,0.004106462,8.82546e-10,,9.00428923769072,0.727386750256926,0.03528275190909091,0.9022698620625654,0.9999999998831792,1.1745393546647165e-10
1068.092061,3.271411993,116.0017798,2429.99259,0.214981641,0.727936603,-9.063840091,1.37147447,0.015957738,6.34164e-13,0.096391935,0.000525543,0.890009041,0.002298615,1.87839e-05,0.006648046,0.004108035,8.79111e-10,,8.979121025237637,0.7267402687958702,0.03515205448484848,0.9019827196279934,0.9999999997797452,2.2088897377869898e-10
1066.197363,3.26855588,115.5804499,2429.232828,0.214956864,0.727986166,-9.06409842,1.371376093,0.015987953,6.35164e-13,0.096200403,0.000524662,0.890191483,0.002300458,1.87996e-05,0.006654625,0.004109569,8.75753e-10,,8.954537833195417,0.7261057867025805,0.03502437875757576,0.901700705519041,1.000000000476388,-4.75752992556977e-10
1064.341332,3.265754025,115.169009,2428.487049,0.214932551,0.728034845,-9.064351945,1.371279255,0.016017592,6.36147e-13,0.096013244,0.000523801,0.890369733,0.002302264,1.88149e-05,0.006661076,0.004111065,8.72474e-10,,8.930535869685047,0.7254833579592171,0.0348996996969697,0.9014238817240098,0.9999999987731102,1.2275259697602792e-09
1062.4853,3.26294819,114.7588378,2427.739662,0.214908209,0.728083677,-9.064605784,1.371182103,0.016047273,6.37133e-13,0.09582654,0.000522943,0.890547527,0.002304073,1.88302e-05,0.006667534,0.004112553,8.69203e-10,,8.906612468063637,0.724860045063605,0.03477540539393939,0.9011464610595811,1.00000000106984,-1.0692029484005161e-09
1060.703511,3.260250839,114.3662652,2427.020663,0.214884796,0.728130667,-9.064849963,1.371088344,0.016075805,6.38082e-13,0.095647732,0.000522121,0.890717778,0.00230581,1.88449e-05,0.00667374,0.004113974,8.66071e-10,,8.883719780140764,0.7242608317590835,0.034656444,0.9008795776640931,1.0000000007667091,-7.660709844259372e-10
1058.921721,3.257549809,113.9748565,2426.300245,0.21486134,0.728177768,-9.065094616,1.370994111,0.016104376,6.39033e-13,0.095469342,0.000521301,0.890887606,0.00230755,1.88597e-05,0.006679951,0.00411539,8.62948e-10,,8.86089805822074,0.723660801169104,0.034537835303030305,0.900612167553633,1.0000000005635872,-5.629481325541974e-10
1057.175567,3.254899237,113.5924006,2425.592777,0.214838327,0.728224064,-9.065334664,1.370901473,0.016132413,6.39968e-13,0.095294923,0.000520499,0.891053633,0.002309256,1.88741e-05,0.006686045,0.004116769,8.59895e-10,,8.83860274884037,0.7230719797635873,0.03442193957575758,0.9003495643204726,0.999999999960535,4.010491938544192e-11
1055.465048,3.252299326,113.2188284,2424.898443,0.214815743,0.728269517,-9.065570261,1.37081028,0.016159913,6.40887e-13,0.095124453,0.000519716,0.891215878,0.002310928,1.88882e-05,0.00669202,0.004118115,8.56912e-10,,8.816828081478615,0.7224944126387408,0.03430873587878788,0.9000918362631003,0.9999999990575529,9.430880520966411e-10
1053.75453,3.249696026,112.8463181,2424.202736,0.214793134,0.7283151,-9.065806136,1.370718808,0.016187449,6.41808e-13,0.094954364,0.000518934,0.89137774,0.002312602,1.89023e-05,0.006698002,0.004119454,8.53937e-10,,8.795118088085053,0.7219160926515901,0.034195853969696974,0.8998335985653778,0.999999999154579,8.460627753947847e-10
1052.728219,3.248132412,112.6233213,2423.784718,0.21477955,0.728342499,-9.065947865,1.37066372,0.016203987,6.42361e-13,0.094852495,0.000518466,0.891474671,0.002313608,1.89108e-05,0.006701594,0.004120254,8.52155e-10,,8.78212370771897,0.7215687376681503,0.03412827918181818,0.8996784355356446,0.9999999996527975,3.478448640237275e-10
1051.701908,3.246567579,112.4007046,2423.366162,0.214765949,0.728369933,-9.06608978,1.370608447,0.016220538,6.42916e-13,0.094750762,0.000517999,0.891571465,0.002314613,1.89193e-05,0.006705187,0.004121053,8.50376e-10,,8.769152484811368,0.7212211118853159,0.03406081957575757,0.8995230728070708,0.9999999991510189,8.496240377908748e-10
1050.675597,3.245001525,112.1784678,2422.947098,0.214752338,0.728397412,-9.066231803,1.370553066,0.016237102,6.43471e-13,0.094649166,0.000517532,0.891668122,0.00231562,1.89277e-05,0.006708783,0.004121849,8.486e-10,,8.756204552309644,0.7208732148587892,0.033993475090909095,0.8993675215152794,1.0000000005492435,-5.486000542731517e-10
1049.649286,3.243434245,111.9566103,2422.527597,0.214738718,0.728424937,-9.066373929,1.370497582,0.016253678,6.44028e-13,0.094547707,0.000517066,0.891764641,0.002316627,1.89362e-05,0.006712381,0.004122642,8.46826e-10,,8.743280455620496,0.7205250454778259,0.03392624554545454,0.8992118080145781,1.0000000010474699,-1.0468259592499862e-09
1048.622975,3.241865743,111.7351314,2422.107583,0.214725083,0.728452499,-9.066516225,1.370441927,0.016270268,6.44585e-13,0.094446383,0.000516601,0.891861022,0.002317634,1.89447e-05,0.006715981,0.004123434,8.45055e-10,,8.730378534322806,0.7201766046310215,0.03385913072727273,0.8990559040947224,1.0000000005456995,-5.450548901109187e-10
1046.652458,3.238850787,111.3109506,2421.299778,0.214698867,0.72850553,-9.066789825,1.370334679,0.016302155,6.45657e-13,0.094252225,0.000515709,0.89204569,0.00231957,1.89609e-05,0.006722898,0.004124947,8.41663e-10,,8.705673801652907,0.7195068357549106,0.03373059109090909,0.8987560570277693,1.0000000007423087,-7.41663175318763e-10
1044.681941,3.235831314,110.8881584,2420.49018,0.214672597,0.728558699,-9.067064024,1.370226833,0.016334089,6.46733e-13,0.094058567,0.00051482,0.892229852,0.002321508,1.89772e-05,0.006729823,0.004126452,8.3828e-10,,8.681053461044247,0.718836063432642,0.03360247224242424,0.8984555444217429,1.0000000000389266,-3.827982375526062e-11
1042.750834,3.232867853,110.4751631,2419.69497,0.21464682,0.728610975,-9.0673331,1.370120782,0.016365431,6.4779e-13,0.093869265,0.000513951,0.892409846,0.002323408,1.89931e-05,0.006736617,0.004127918,8.34975e-10,,8.65700832895193,0.7181777341093056,0.03347732215151515,0.8981603724605498,0.9999999989356227,1.0650251791588516e-09
1040.859138,3.229960651,110.0718823,2418.914412,0.214621523,0.728662318,-9.067597197,1.370016383,0.016396177,6.48829e-13,0.093684292,0.000513102,0.892585695,0.002325272,1.90088e-05,0.006743281,0.004129347,8.31746e-10,,8.633530799657354,0.7175319026556566,0.03335511584848485,0.8978706391376727,0.9999999986323949,1.3682539545811778e-09
1038.967441,3.227049283,109.6698669,2418.132128,0.214596183,0.728713804,-9.067861759,1.369911519,0.016426966,6.49871e-13,0.093499776,0.000512255,0.892761086,0.002327138,1.90244e-05,0.006749952,0.004130768,8.28526e-10,,8.610131192495441,0.7168851457300811,0.033233293000000004,0.8975802651452807,1.0000000002291758,-2.2852586489818805e-10
1037.151413,3.224250445,109.2851195,2417.379563,0.214571814,0.728763359,-9.068116218,1.369810371,0.016456565,6.50874e-13,0.093323069,0.000511444,0.892929028,0.002328931,1.90393e-05,0.006756363,0.004132125,8.25444e-10,,8.587740070649824,0.716263387209666,0.033116702878787874,0.897300922472307,1.000000000126095,-1.2544409955239644e-10
1035.335384,3.221447757,108.9015317,2416.62547,0.214547405,0.728813043,-9.068371115,1.369708783,0.016486204,6.5188e-13,0.093146782,0.000510635,0.893096547,0.002330726,1.90543e-05,0.00676278,0.004133474,8.2237e-10,,8.565420889039293,0.7156407734163469,0.033000464151515155,0.8970210126249306,0.9999999991230217,8.776301907431616e-10
1033.555676,3.218697391,108.5267362,2415.884907,0.214523441,0.728861854,-9.068621384,1.369608758,0.01651529,6.52869e-13,0.092974425,0.000509844,0.893260308,0.002332487,1.9069e-05,0.006769075,0.00413479,8.19365e-10,,8.543615809588518,0.7150297828928653,0.03288688975757576,0.8967461249435671,0.999999998820018,1.1806349231591184e-09
1031.812289,3.215999562,108.1606637,2415.158083,0.214499935,0.7289098,-9.068866893,1.369510427,0.016543819,6.5384e-13,0.092805975,0.000509072,0.893420334,0.002334213,1.90834e-05,0.00677525,0.004136072,8.16429e-10,,8.522320038943644,0.7144304634012144,0.0327759586969697,0.8964763370063902,1.0000000002170828,-2.1642909686647727e-10
1030.068901,3.21329818,107.7956491,2414.429814,0.214476387,0.728957858,-9.06911287,1.369411628,0.016572385,6.54814e-13,0.092637908,0.000508301,0.893579973,0.002335941,1.90978e-05,0.00678143,0.004137348,8.13502e-10,,8.501089188852477,0.7138303546148552,0.03266534821212121,0.8962060127033682,0.9999999996141569,3.864979447598671e-10
1028.39525,3.210701509,107.4462276,2413.729324,0.214453747,0.72900411,-9.069349378,1.369316411,0.016599844,6.55751e-13,0.092476923,0.000507563,0.893732865,0.002337602,1.91116e-05,0.006787368,0.004138566,8.10698e-10,,8.48076921139894,0.7132535072521409,0.03255946290909091,0.895945999616138,0.9999999994113538,5.893020516012371e-10
1026.721598,3.208101559,107.0977758,2413.027505,0.214431073,0.729050473,-9.069586269,1.36922081,0.016627337,6.56691e-13,0.092316289,0.000506826,0.893885403,0.002339264,1.91254e-05,0.006793313,0.004139779,8.07901e-10,,8.460506384678911,0.7126759314634908,0.03245387145454545,0.8956854932208052,1.0000000002085576,-2.0790080768051666e-10
1024.880581,3.205237821,106.7155957,2412.254004,0.214406094,0.729101605,-9.069847259,1.36911524,0.016657619,6.57728e-13,0.092139997,0.000506018,0.894052785,0.002341094,1.91406e-05,0.00679986,0.004141105,8.04833e-10,,8.438285663439535,0.712039755485554,0.032338059303030305,0.8953983793676658,1.0000000004054908,-4.0483305596694663e-10
1023.876389,3.203674108,106.5076252,2411.831416,0.21439244,0.729129534,-9.069989928,1.369057346,0.016674154,6.58294e-13,0.092044016,0.000505578,0.894143905,0.002342093,1.91489e-05,0.006803433,0.004141826,8.03163e-10,,8.426195310717837,0.7116923785093825,0.032275037939393944,0.8952415200113488,1.0000000007038212,-7.031630833154168e-10
1022.872198,3.202109213,106.3000008,2411.408342,0.214378783,0.729157519,-9.070132642,1.368999406,0.016690701,6.58862e-13,0.09194816,0.000505139,0.894234898,0.002343093,1.91571e-05,0.006807008,0.004142544,8.01496e-10,,8.414126830329987,0.7113447389533221,0.03221212145454545,0.8950844802579381,0.9999999999021549,9.85039827483547e-11
1021.868007,3.200543135,106.092722,2410.984802,0.214365119,0.729185554,-9.07027543,1.368941392,0.016707261,6.59431e-13,0.09185243,0.0005047,0.894325765,0.002344093,1.91654e-05,0.006810587,0.004143259,7.99831e-10,,8.402078358112925,0.710996836595224,0.0321493096969697,0.8949272675311818,1.0000000002004905,-1.9983126264833118e-10
1020.863816,3.198975873,105.8857883,2410.560757,0.21435143,0.729213608,-9.07041849,1.368883107,0.016723833,6.6e-13,0.091756825,0.000504262,0.894416505,0.002345094,1.91737e-05,0.006814166,0.004143974,7.98168e-10,,8.390050790052104,0.7106486712129393,0.03208660251515152,0.8947698673547704,1.000000000498828,-4.98168173379554e-10
1018.935769,3.195963412,105.4894399,2409.745256,0.214325133,0.729267621,-9.070693342,1.368771022,0.016755686,6.61096e-13,0.091573613,0.000503423,0.894590375,0.002347016,1.91896e-05,0.006821046,0.004145337,7.94983e-10,,8.367017398611575,0.7099794565980996,0.031966496939393935,0.8944671636293078,1.0000000003956442,-3.949829352478673e-10
1017.007722,3.19294658,105.0943569,2408.928015,0.21429878,0.729321766,-9.070968804,1.368658326,0.016787585,6.62195e-13,0.091390861,0.000502585,0.89476378,0.002348942,1.92055e-05,0.006827934,0.004146693,7.91807e-10,,8.34405972192296,0.7093092709708283,0.031846774818181815,0.8941638140377061,1.0000000012924692,-1.2918071057299585e-09
1015.118236,3.189985847,104.7083978,2408.125333,0.214272904,0.729374967,-9.071239309,1.368547333,0.016818891,6.63276e-13,0.091212207,0.000501767,0.89493327,0.00235083,1.92211e-05,0.006834691,0.004148013,7.88704e-10,,8.321636708594248,0.7086515476694352,0.03172981751515151,0.8938658685639891,0.9999999998893673,1.1129597243808576e-10
1013.267311,3.187081455,104.3314872,2407.337476,0.214247519,0.729427233,-9.071504698,1.368438199,0.0168496,6.64338e-13,0.091037626,0.000500968,0.895098869,0.002352682,1.92363e-05,0.006841319,0.004149299,7.85672e-10,,8.299740940170715,0.7080063404539316,0.03161560218181818,0.8935734259440148,1.0000000000863365,-8.56721360520396e-11
1011.416386,3.18417303,103.9557299,2406.547935,0.214222087,0.729479631,-9.071770614,1.36832854,0.016880351,6.65403e-13,0.090863464,0.00050017,0.895264045,0.002354536,1.92516e-05,0.006847953,0.004150578,7.82649e-10,,8.277915346375297,0.7073602373122927,0.03150173633333333,0.8932803582443977,0.9999999983833143,1.617351030880343e-09
1009.639498,3.181377142,103.5960851,2405.788411,0.214197623,0.72953005,-9.072026429,1.368222731,0.016909912,6.66428e-13,0.090696662,0.000499407,0.895422218,0.002356318,1.92663e-05,0.006854329,0.004151799,7.79755e-10,,8.257027814847925,0.7067391341308558,0.03139275306060606,0.892998432478055,1.0000000000804214,-7.975509141999737e-11
1007.862609,3.178577529,103.2374971,2405.027401,0.214173133,0.729580621,-9.072282543,1.368116623,0.016939513,6.67456e-13,0.090530245,0.000498645,0.895580002,0.002358102,1.92809e-05,0.006860713,0.004153012,7.76869e-10,,8.236204183270832,0.7061172034451157,0.03128409003030303,0.8927159551271819,1.0000000006775365,-6.768690052894044e-10
1006.121259,3.175830292,102.8871021,2404.280086,0.214149083,0.729630288,-9.072534081,1.368012091,0.016968559,6.68467e-13,0.090367528,0.0004979,0.895734256,0.002359852,1.92953e-05,0.006866974,0.004154194,7.74047e-10,,8.215860043640284,0.7055069080252487,0.03117790972727273,0.8924385611882488,1.0000000000747156,-7.404699076118959e-11
1004.415447,3.173135641,102.5448373,2403.546676,0.214125489,0.729679065,-9.072780867,1.36790931,0.016997049,6.69459e-13,0.090208489,0.000497173,0.895885,0.002361567,1.93093e-05,0.006873116,0.004155346,7.71291e-10,,8.195988269145795,0.7049082945225039,0.03107419312121212,0.8921663286106167,1.0000000010719605,-1.071291055865231e-09
1002.709634,3.17043755,102.2035367,2402.811827,0.214101852,0.729727952,-9.07302813,1.367806053,0.017025575,6.70455e-13,0.0900498,0.000496447,0.89603539,0.002363285,1.93234e-05,0.006879263,0.004156491,7.68541e-10,,8.176175795311742,0.7043089168278659,0.030970768696969696,0.8918935618942639,1.0000000001692115,-1.685409589669007e-10
1001.072054,3.167844143,101.8767929,2402.105051,0.214079133,0.729775009,-9.073265808,1.36770662,0.017052994,6.71413e-13,0.089897789,0.000495752,0.896179431,0.002364936,1.93369e-05,0.006885171,0.004157584,7.65908e-10,,8.157209994969964,0.7037327945588548,0.030871755424242423,0.8916312155228094,1.0000000006665792,-6.659077733672802e-10
999.4344738,3.165247516,101.5500039,2401.396952,0.214056374,0.729822168,-9.073503931,1.367606743,0.017080447,6.72384e-13,0.089746116,0.000495063,0.896323127,0.002366588,1.93507e-05,0.006891084,0.004158671,7.6329e-10,,8.138299552973848,0.7031559569706879,0.030772728454545453,0.8913683780703768,1.0000000004639626,-4.6329007297174485e-10
997.6331357,3.162387468,101.1896263,2400.616536,0.214031308,0.72987419,-9.073766208,1.367496536,0.017110688,6.73478e-13,0.089579679,0.000494319,0.896480773,0.002368406,1.93664e-05,0.006897597,0.004159859,7.60432e-10,,8.117561838929054,0.7025206007218459,0.030663523121212122,0.8910786974561157,1.0000000001611056,-1.6043211203964347e-10
995.6680396,3.159263027,100.7977153,2399.763342,0.214003916,0.729931095,-9.074052854,1.367375785,0.017143723,6.74675e-13,0.089398552,0.000493509,0.896652307,0.002370393,1.93835e-05,0.006904709,0.004161146,7.57322e-10,,8.095013207772585,0.7018265098836893,0.03054476221212121,0.8907620025626181,1.0000000002579965,-2.5732194153249566e-10
993.7029435,3.156134,100.4070822,2398.908281,0.213976473,0.729988159,-9.074340069,1.367254463,0.017176807,6.75876e-13,0.089217885,0.000492702,0.896823376,0.002372381,1.94007e-05,0.006911831,0.004162424,7.54222e-10,,8.072539589938732,0.7011314002711077,0.030426388545454548,0.8904446146621767,1.000000000454898,-4.542219933512115e-10
991.8164512,3.153125818,100.0332723,2398.085615,0.213950086,0.730043099,-9.074616269,1.367137522,0.017208612,6.77032e-13,0.089044875,0.000491929,0.896987168,0.002374292,1.94171e-05,0.006918676,0.004163642,7.51254e-10,,8.051036721829416,0.7004631362310096,0.030313112818181817,0.8901392513787333,0.9999999998519308,1.4874623754934646e-10
989.929959,3.150113399,99.66063221,2397.26124,0.213923644,0.730098175,-9.074893064,1.367019986,0.017240462,6.78192e-13,0.088872286,0.000491157,0.897150534,0.002376206,1.94335e-05,0.006925529,0.004164853,7.48295e-10,,8.02960233420018,0.69979393094642,0.03020019157878788,0.8898332537359613,0.9999999992489732,7.517050315541951e-10
988.0811966,3.147157122,99.29657482,2396.451586,0.213897683,0.73015229,-9.075164851,1.366904273,0.017271719,6.79333e-13,0.088703556,0.000490403,0.897310223,0.002378083,1.94497e-05,0.006932252,0.004166032,7.45402e-10,,8.008663998960635,0.6991371975401073,0.03008987115757576,0.8895327203434388,0.9999999994460812,5.545980341636891e-10
986.270164,3.144257216,98.94103088,2395.656951,0.213872209,0.730205438,-9.075431568,1.366790444,0.017302378,6.80453e-13,0.088538661,0.000489667,0.897466256,0.002379924,1.94655e-05,0.006938847,0.00416718,7.42577e-10,,7.988215724328166,0.6984929868841483,0.02998213056969697,0.8892377618150212,1.0000000012432575,-1.24257715228282e-09
984.4591314,3.141353401,98.58655321,2394.860634,0.213846689,0.730258722,-9.07569879,1.366676111,0.017333079,6.81577e-13,0.088374149,0.000488932,0.897621902,0.002381768,1.94813e-05,0.006945449,0.00416832,7.39759e-10,,7.9678311042434675,0.6978479078485058,0.029874713093939395,0.8889421789493361,1.0000000020404405,-2.0397588063048033e-09
982.7205402,3.138562053,98.24725524,2394.094647,0.213822148,0.730310001,-9.075955791,1.366565883,0.017362591,6.82659e-13,0.088216578,0.000488228,0.897770957,0.002383539,1.94964e-05,0.006951793,0.004169407,7.37061e-10,,7.948322069943181,0.6972278132226489,0.02977189552727273,0.8886578541985928,0.9999999991377436,8.629390535475068e-10
980.9819489,3.135767091,97.90893457,2393.327176,0.213797565,0.730361406,-9.07621325,1.366455196,0.017392141,6.83744e-13,0.08805936,0.000487525,0.897919656,0.002385313,1.95116e-05,0.006958145,0.004170488,7.34369e-10,,7.928869240653111,0.6966069157510066,0.029669374112121213,0.8883729786056941,0.9999999993350528,6.656309947672412e-10
979.2781295,3.133024522,97.57832469,2392.573557,0.213773433,0.730411904,-9.076466014,1.366346269,0.017421136,6.8481e-13,0.087905627,0.000486839,0.898065038,0.002387052,1.95265e-05,0.006964376,0.00417154,7.31739e-10,,7.909862365769337,0.6959976573217669,0.0295691893,0.8880932447011627,0.9999999992324239,7.682608993420104e-10
977.6090819,3.130334545,97.25536758,2391.834014,0.213749758,0.730461492,-9.076714017,1.366239168,0.017449576,6.85858e-13,0.087755359,0.000486168,0.89820712,0.002388758,1.95411e-05,0.006970488,0.004172565,7.29168e-10,,7.891295012169769,0.6954000821425423,0.02947132350909091,0.887818735630984,0.9999999998298539,1.7083201520051716e-10
975.9400342,3.127641232,96.93330219,2391.093026,0.213726034,0.730511181,-9.076962548,1.36613154,0.01747805,6.86908e-13,0.087605412,0.000485498,0.898348878,0.002390467,1.95556e-05,0.006976605,0.004173584,7.26604e-10,,7.872781063341565,0.6948017658749002,0.029373727936363638,0.88754369019496,1.0000000003272909,-3.26604077116599e-10
974.3377485,3.125052506,96.62495617,2390.380397,0.213703234,0.73055901,-9.077201426,1.366027928,0.017505419,6.87919e-13,0.087461765,0.000484857,0.89848466,0.002392108,1.95696e-05,0.006982485,0.004174555,7.24148e-10,,7.855056725436121,0.6942266834844508,0.02928028974848485,0.887279171263441,1.000000000324836,-3.2414804174152323e-10
972.7354628,3.122460695,96.31742777,2389.666473,0.213680389,0.730606932,-9.077440794,1.365923825,0.01753282,6.88933e-13,0.087318414,0.000484217,0.898620143,0.002393751,1.95836e-05,0.00698837,0.004175521,7.21699e-10,,7.837380664656282,0.6936509157649345,0.029187099324242422,0.8870141716441923,1.000000000322388,-3.2169888974920013e-10
970.9729485,3.119606135,95.98008841,2388.879724,0.213655222,0.730659774,-9.077704528,1.365808884,0.017562998,6.90051e-13,0.087161068,0.000483515,0.898768829,0.00239556,1.9599e-05,0.006994851,0.004176577,7.19011e-10,,7.817991940772174,0.6930167786687409,0.029084875275757573,0.886722140299897,0.9999999997197009,2.8098912085994243e-10
969.0502057,3.11648781,95.61320225,2388.01964,0.213627724,0.730717584,-9.077992708,1.365683023,0.017595965,6.91275e-13,0.086989823,0.00048275,0.898930624,0.002397536,1.96158e-05,0.00700193,0.00417772,7.16087e-10,,7.796906753707695,0.692324046492683,0.02897369765151515,0.8864028879249636,0.9999999995167783,4.83912909743367e-10
967.1274628,3.113365029,95.24748203,2387.157708,0.213600168,0.730775537,-9.078281533,1.365556517,0.017628979,6.92502e-13,0.086818999,0.000481988,0.899091992,0.002399515,1.96326e-05,0.007009018,0.004178855,7.13171e-10,,7.77588964863468,0.6916303244215447,0.028862873342424242,0.8860829495956478,1.0000000003138636,-3.131710446524494e-10
965.2816297,3.110362965,94.89748354,2386.328476,0.213573664,0.73083132,-9.078559356,1.36543452,0.017660717,6.93685e-13,0.086655404,0.000481258,0.899246506,0.002401416,1.96488e-05,0.00701583,0.004179936,7.10379e-10,,7.755778321573454,0.6909634194878431,0.02875681319393939,0.8857751490954979,0.9999999995110727,4.896210104021748e-10
963.4357966,3.107356786,94.54855237,2385.497552,0.213547114,0.730887251,-9.078837688,1.365312014,0.017692498,6.94871e-13,0.086492195,0.00048053,0.899400629,0.00240332,1.96649e-05,0.007022651,0.00418101,7.07596e-10,,7.735728620145807,0.6902956004118039,0.028651076475757573,0.8854667205462057,1.000000000608291,-6.07595973534103e-10
961.6268801,3.104406738,94.20763086,2384.681511,0.213521042,0.730942194,-9.079111042,1.36519137,0.017723685,6.96036e-13,0.086332623,0.000479818,0.899551293,0.002405189,1.96807e-05,0.007029342,0.004182055,7.04875e-10,,7.716141314071327,0.689640250770405,0.028547766927272726,0.8851638163795276,1.0000000014055712,-1.4048751051376485e-09
959.8548803,3.101513047,93.87465582,2383.880638,0.213495455,0.730996145,-9.079379338,1.365072667,0.017754277,6.97182e-13,0.086176666,0.000479122,0.899698516,0.002407021,1.96962e-05,0.007035906,0.004183072,7.02217e-10,,7.697009924475127,0.6889974207692765,0.0284468654,0.8848665423838828,0.9999999999029141,9.778311493846559e-11
958.0828805,3.098615556,93.54265377,2383.078131,0.213469832,0.731050248,-9.079648033,1.364953565,0.017784908,6.98331e-13,0.086021062,0.000478428,0.899845385,0.002408855,1.97117e-05,0.007042478,0.00418408,6.99566e-10,,7.677936579902928,0.6883537466026843,0.02834625871818182,0.8845686618679672,1.0000000004002645,-3.995661579381249e-10
956.3817607,3.095830381,93.22484501,2382.3062,0.213445186,0.731102304,-9.079906511,1.364838697,0.017814352,6.99437e-13,0.085872012,0.000477764,0.899986044,0.002410618,1.97266e-05,0.007048793,0.004185042,6.97028e-10,,7.6596796928360265,0.6877350233014081,0.02824995303333333,0.8842821307791027,1.0000000002977276,-2.970281798297947e-10
954.6806408,3.093041692,92.90792822,2381.532814,0.213420498,0.731154483,-9.080165455,1.364723363,0.017843833,7.00546e-13,0.085723286,0.000477101,0.900126375,0.002412383,1.97415e-05,0.007055116,0.004185997,6.94497e-10,,7.641474590039125,0.687115519369227,0.028153917642424243,0.8839950596125186,1.0000000001951974,-1.9449686305961222e-10
953.0135434,3.090305367,92.59821174,2380.773417,0.213396263,0.731205738,-9.080419681,1.364609874,0.017872761,7.01636e-13,0.085577846,0.000476452,0.900263585,0.002414115,1.97561e-05,0.007061319,0.004186926,6.92022e-10,,7.623684419082118,0.686507648037133,0.028060064163636364,0.8837131809869803,0.9999999997927237,2.079779681807281e-10
951.3804684,3.087621601,92.29564262,2380.028229,0.213372483,0.731256063,-9.080669149,1.364498272,0.017901133,7.02707e-13,0.085435675,0.000475818,0.900397688,0.002415813,1.97704e-05,0.007067403,0.004187831,6.89603e-10,,7.60630426111754,0.6859114526241437,0.02796837655151515,0.883436576563724,0.9999999990903057,9.103969800250411e-10
949.7473934,3.084934588,91.99388745,2379.281637,0.213348663,0.731306502,-9.080919057,1.364386228,0.017929539,7.03781e-13,0.0852938,0.000475186,0.900531494,0.002417513,1.97847e-05,0.007073493,0.004188729,6.87191e-10,,7.588972725792037,0.6853145358939805,0.02787693559090909,0.8831594509933071,1.0000000003878948,-3.8719116801644304e-10
948.1796413,3.082351996,91.70496642,2378.563616,0.213325759,0.731355031,-9.081159381,1.364278255,0.017956841,7.04815e-13,0.085157876,0.00047458,0.900659666,0.002419147,1.97984e-05,0.007079346,0.004189585,6.84881e-10,,7.572378845359606,0.6847408161643084,0.027789383763636367,0.8828929306191318,0.9999999990855859,9.151188695710744e-10
946.6118893,3.079766403,91.41679176,2377.84434,0.213302818,0.731403666,-9.08140011,1.364169876,0.017984174,7.05852e-13,0.085022223,0.000473976,0.900787564,0.002420783,1.98122e-05,0.007085205,0.004190436,6.82576e-10,,7.555828048237913,0.6841664297660689,0.027702058109090908,0.882625944404724,0.9999999998832819,1.174238484225043e-10
944.8873621,3.076918779,91.10065955,2377.051718,0.213277542,0.731457286,-9.081665379,1.364050193,0.018014278,7.06995e-13,0.084873317,0.000473312,0.900927935,0.002422584,1.98273e-05,0.007091658,0.004191366,6.80047e-10,,7.537671313928051,0.6835338334939951,0.02760626046969697,0.8823317330766158,0.9999999999807541,1.9952928198563313e-11
943.0060596,3.073808134,90.7568111,2376.185247,0.213249916,0.731515928,-9.08195533,1.363919063,0.018047162,7.08246e-13,0.084711246,0.00047259,0.901080691,0.002424551,1.98438e-05,0.007098705,0.004192372,6.77295e-10,,7.51792484306796,0.6828428074207686,0.02750206396969697,0.8820101099275267,0.9999999994780032,5.227049904021897e-10
941.1247572,3.070693153,90.41402722,2375.316947,0.213222237,0.731574724,-9.082245871,1.363787342,0.018080092,7.09501e-13,0.084549562,0.00047187,0.901233055,0.002426521,1.98603e-05,0.007105762,0.004193369,6.74552e-10,,7.498240181091354,0.6821508181103186,0.027398190066666665,0.8816878078766167,0.9999999999752615,2.5448088081247988e-11
939.3187069,3.067698687,90.0859527,2374.481642,0.213195615,0.731631312,-9.08252535,1.363660331,0.018111748,7.1071e-13,0.084394707,0.000471181,0.901378957,0.002428415,1.98761e-05,0.007112545,0.004194319,6.71925e-10,,7.479400657962239,0.6814856010632464,0.027298773545454548,0.8813777531551665,1.0000000007726357,-7.719249683901808e-10
937.5126566,3.064700215,89.75885283,2373.64466,0.213168949,0.731688051,-9.082805319,1.36353283,0.018143447,7.11923e-13,0.084240207,0.000470493,0.9015245,0.002430311,1.9892e-05,0.007119337,0.004195261,6.69305e-10,,7.460617466393593,0.6808194940880565,0.02719965237272727,0.8810670759523854,1.0000000016700168,-1.6693049165183993e-09
935.7427272,3.061757825,89.43923663,2372.822703,0.213142756,0.731743776,-9.083080343,1.363407224,0.018174552,7.13115e-13,0.084089138,0.00046982,0.901666787,0.002432171,1.99075e-05,0.007125999,0.004196177,6.66745e-10,,7.4422659432440135,0.6801658456622155,0.027102798978787878,0.8807619758408344,1.0000000001674583,-1.6674506220226704e-10
934.0089189,3.058871737,89.12704628,2372.016058,0.213117058,0.731798504,-9.083350206,1.36328373,0.018205063,7.14286e-13,0.083941482,0.000469163,0.901805833,0.002433996,1.99228e-05,0.007132535,0.004197067,6.64244e-10,,7.424340094081967,0.6795247046584604,0.027008195842424244,0.8804625593513075,0.9999999994649582,5.357561061458682e-10
932.2751106,3.055981946,88.81574473,2371.20779,0.213091313,0.731853364,-9.083620585,1.36315972,0.018235612,7.15461e-13,0.083794149,0.000468507,0.901944553,0.002435823,1.9938e-05,0.007139079,0.00419795,6.61749e-10,,7.4064657006232375,0.678882741037676,0.02691386203939394,0.8801625404245714,0.9999999996624644,3.3825098277873167e-10
930.6106546,3.053204258,88.51772936,2370.430363,0.213066554,0.731906154,-9.083880633,1.363040186,0.018264976,7.16592e-13,0.083653013,0.000467879,0.902077417,0.002437578,1.99526e-05,0.007145368,0.004198792,6.5936e-10,,7.389354433718458,0.6782656809645117,0.026823554351515153,0.8798739692895573,1.0000000002600764,-2.593598669164976e-10
928.9461986,3.050423145,88.22052879,2369.651492,0.213041753,0.731959065,-9.084141157,1.362920177,0.018294377,7.17726e-13,0.083512173,0.000467252,0.90220998,0.002439336,1.99672e-05,0.007151664,0.004199626,6.56978e-10,,7.372291398014949,0.6776478600316862,0.026733493572727272,0.8795848621598852,0.9999999988576957,1.1430220103747502e-09
927.3150317,3.047694332,87.93005969,2368.88674,0.213017405,0.732011038,-9.084396938,1.3628021,0.018323225,7.18841e-13,0.083374437,0.00046664,0.902339602,0.002441061,1.99816e-05,0.007157841,0.004200437,6.54648e-10,,7.355615325516011,0.6770416574814243,0.02664547263333333,0.8793009958256257,1.0000000002553668,-2.546478583553835e-10
925.717154,3.045018008,87.6462737,2368.136322,0.212993515,0.732062062,-9.08464794,1.362685992,0.018351517,7.19936e-13,0.083239787,0.000466041,0.902466297,0.002442753,1.99956e-05,0.0071639,0.004201227,6.52372e-10,,7.339321450642397,0.6764471152998506,0.026559476878787878,0.8790224500920777,1.0000000012530919,-1.252371983895273e-09
924.1192762,3.042338521,87.36323137,2367.384518,0.212969584,0.7321132,-9.084899389,1.362569436,0.018379844,7.21034e-13,0.083105407,0.000465443,0.902592718,0.002444446,2.00097e-05,0.007169966,0.00420201,6.50101e-10,,7.323070832126431,0.6758518704616029,0.026473706475757575,0.8787433898927429,1.000000000350822,-3.5010105925437074e-10
922.5853136,3.03976323,87.09220875,2366.661511,0.212946573,0.732162399,-9.0851412,1.362457124,0.018407069,7.22091e-13,0.082976657,0.00046487,0.902713824,0.002446074,2.00232e-05,0.007175795,0.004202755,6.47927e-10,,7.307511775083583,0.6752797726403648,0.02639157840909091,0.8784750187780104,0.9999999988486491,1.1520729925607043e-09
921.051351,3.037185015,86.82186811,2365.937263,0.212923524,0.732211702,-9.085383423,1.362344399,0.018434324,7.23151e-13,0.082848156,0.000464299,0.902834679,0.002447703,2.00367e-05,0.00718163,0.004203496,6.45757e-10,,7.291991389293129,0.6747070252560172,0.026309657003030302,0.8782061870196695,1.0000000003464802,-3.4575697860361743e-10
919.5480676,3.034655525,86.55759364,2365.226256,0.212900901,0.732260122,-9.085621204,1.362233525,0.018461065,7.24193e-13,0.082722464,0.00046374,0.902952873,0.002449302,2.00499e-05,0.007187355,0.004204216,6.43636e-10,,7.276819469262184,0.6741451020722513,0.026229573830303027,0.8779422701541723,1.0000000005443603,-5.436360250854477e-10
918.0754635,3.032174923,86.29934475,2364.528655,0.212878704,0.73230765,-9.085854518,1.36212453,0.018487289,7.25216e-13,0.082599569,0.000463194,0.903068419,0.00245087,2.00629e-05,0.007192969,0.004204916,6.41562e-10,,7.261993811158317,0.6735940392993225,0.026151316590909093,0.8776833294274455,1.000000000542287,-5.41561906430843e-10
916.6028593,3.029691618,86.04171882,2363.829872,0.212856473,0.732355275,-9.086088216,1.362015149,0.018513542,7.26242e-13,0.0824769,0.000462649,0.903183735,0.002452439,2.00759e-05,0.007198589,0.004205611,6.39493e-10,,7.247203781300484,0.6730423760581704,0.026073248127272727,0.877423949957169,0.9999999995402193,4.6050685487131204e-10
914.8357344,3.026708075,85.7333885,2362.989837,0.212829747,0.732412549,-9.086369189,1.361883359,0.018545083,7.27476e-13,0.082329998,0.000461996,0.903321809,0.002454325,2.00914e-05,0.007205341,0.004206439,6.37017e-10,,7.229502582475819,0.6723795855425082,0.025979814696969698,0.8771121395191452,1.0000000000377445,-3.701705608705197e-11
913.0686094,3.02372063,85.42595005,2362.1481,0.212802973,0.732469967,-9.086650695,1.361751034,0.018576665,7.28714e-13,0.08218342,0.000461345,0.903459554,0.002456212,2.0107e-05,0.007212102,0.004207259,6.34547e-10,,7.211852589170802,0.6717159282022043,0.02588665153030303,0.8767996973201048,0.9999999996352756,3.6545311221658494e-10
911.3368269,3.020789144,85.12552252,2361.32151,0.212776688,0.732526379,-9.086927089,1.361620838,0.018607656,7.29931e-13,0.082040088,0.000460708,0.903594227,0.002458065,2.01223e-05,0.007218735,0.004208054,6.32133e-10,,7.194606688178973,0.6710647020869458,0.025795612884848485,0.8764928774971615,0.999999999932863,6.78668232723112e-11
909.640387,3.017913831,84.83205308,2360.510344,0.212750895,0.732581773,-9.087198339,1.361492803,0.018638053,7.31127e-13,0.081899984,0.000460086,0.903725841,0.002459882,2.01372e-05,0.007225242,0.004208827,6.29775e-10,,7.177758914708356,0.6704259547365773,0.02570668275151515,0.876191782869235,0.9999999998305061,1.7022494525065213e-10
907.943947,3.015034907,84.53939764,2359.697572,0.212725046,0.73263728,-9.087470214,1.361364142,0.018668489,7.32326e-13,0.081760176,0.000459465,0.903857155,0.002461701,2.01522e-05,0.007231756,0.004209594,6.27423e-10,,7.160957712455011,0.6697864052068697,0.025617999284848487,0.8758900921142863,0.9999999998281552,1.7257706375062298e-10
906.3153647,3.012267737,84.25921229,2358.915843,0.21270019,0.732690699,-9.087731656,1.361240186,0.018697743,7.33481e-13,0.08162624,0.00045887,0.903982933,0.00246345,2.01666e-05,0.007238017,0.004210322,6.2517e-10,,7.144873593414042,0.669171681694849,0.025533094633333333,0.8755999241309214,0.9999999992259037,7.748298669341125e-10
904.6867823,3.009497227,83.97977318,2358.132696,0.212675292,0.732744237,-9.087993581,1.361115746,0.018727033,7.34639e-13,0.081492576,0.000458277,0.904108433,0.002465201,2.0181e-05,0.007244286,0.004211045,6.22923e-10,,7.128831086818602,0.6685562162058155,0.025448416115151515,0.8753092298037717,0.9999999996236578,3.770769252398054e-10
903.0907716,3.006778887,83.70664413,2357.363757,0.212650849,0.732796823,-9.08825074,1.360993324,0.018755771,7.35777e-13,0.081361849,0.000457697,0.904231158,0.002466919,2.01951e-05,0.007250435,0.004211747,6.20727e-10,,7.113152188753659,0.6679523402200008,0.025365649736363637,0.8750238093077166,1.0000000007214627,-7.207268115649867e-10
901.5273325,3.0041129,83.43978082,2356.609261,0.212626863,0.732848446,-9.088503105,1.360872945,0.018783956,7.36896e-13,0.081234042,0.00045713,0.904351118,0.002468604,2.02089e-05,0.007256468,0.004212429,6.1858e-10,,7.097831107945715,0.6673600943906367,0.025284782066666664,0.8747437498718035,1.000000000519317,-5.185800677764973e-10
899.9638935,3.001443826,83.17359876,2355.853402,0.212602836,0.732900178,-9.088755941,1.360752096,0.018812173,7.38017e-13,0.081106485,0.000456564,0.904470826,0.002470291,2.02227e-05,0.007262507,0.004213104,6.16439e-10,,7.082550378655579,0.6667671627879078,0.025204120836363638,0.8744631845074148,1.000000000317177,-3.1643887510313107e-10
898.4629919,2.998878605,82.9187034,2355.126511,0.212579734,0.732949953,-9.08899905,1.360635694,0.018839293,7.39096e-13,0.080984263,0.000456021,0.904585508,0.002471912,2.0236e-05,0.007268311,0.004213747,6.14388e-10,,7.067916908386266,0.6661973020051479,0.02512687981818182,0.8741933717006797,0.9999999986151271,1.3856119585042848e-09
896.9620904,2.99631053,82.66443284,2354.398396,0.212556594,0.732999828,-9.089242599,1.360518852,0.018866443,7.40179e-13,0.080862269,0.00045548,0.904699958,0.002473536,2.02493e-05,0.007274121,0.004214385,6.12341e-10,,7.053319209564806,0.6656268072096954,0.025049828133333334,0.8739231045605228,0.9999999989130812,1.0876589628949773e-09
895.491207,2.993791045,82.41585179,2353.683609,0.212533879,0.733048807,-9.089481682,1.360403942,0.01889308,7.41242e-13,0.080742936,0.000454951,0.904811896,0.002475128,2.02623e-05,0.007279821,0.004215004,6.10341e-10,,7.039048700382778,0.6650671066247353,0.024974500542424245,0.8736577846065164,0.9999999989110823,1.0896590296738395e-09
894.0503415,2.99132031,82.1729231,2352.982323,0.212511591,0.733096877,-9.089716301,1.360290962,0.018919201,7.42287e-13,0.080626251,0.000454434,0.904921331,0.00247669,2.0275e-05,0.007285412,0.004215607,6.08385e-10,,7.025100799413407,0.664518235794077,0.02490088578787879,0.873397476054087,1.0000000006091272,-6.083848980154016e-10
892.6094761,2.988846936,81.93056519,2352.279872,0.212489274,0.733145057,-9.089951236,1.360177665,0.01894535,7.43334e-13,0.080509774,0.000453917,0.905030555,0.002478253,2.02878e-05,0.007291008,0.004216203,6.06434e-10,,7.011187027515213,0.6639687787127192,0.024827443996969695,0.8731367350682944,0.9999999984071773,1.593565945867681e-09
890.8804375,2.985875394,81.64048787,2351.435451,0.212462439,0.733202981,-9.090233778,1.360041089,0.018976767,7.44594e-13,0.080370277,0.000453299,0.905161343,0.002480132,2.03031e-05,0.007297732,0.004216913,6.04098e-10,,6.994532200571979,0.66330865420488,0.024739541778787878,0.872823296602175,0.9999999997048425,2.959020806159174e-10
889.151399,2.982900043,81.35122787,2350.589342,0.212435555,0.733261051,-9.090516851,1.359903983,0.019008223,7.45859e-13,0.080231079,0.000452682,0.905291827,0.002482013,2.03184e-05,0.007304464,0.004217616,6.01768e-10,,6.977924219485163,0.6626476835322381,0.024651887233333333,0.8725092315716633,1.0000000000025138,-1.7679191444130993e-12
887.4569412,2.979980498,81.06854325,2349.7585,0.21240916,0.733318095,-9.09079481,1.359769071,0.01903909,7.47101e-13,0.080094953,0.000452079,0.905419409,0.002483859,2.03334e-05,0.007311069,0.004218296,5.99491e-10,,6.961695005841816,0.6619991100958744,0.02456622522727273,0.8722008334597409,0.9999999990002381,1.0005090089748592e-09
885.7970643,2.977116966,80.79238558,2348.943185,0.212383253,0.733374098,-9.091067659,1.35963635,0.019069365,7.48323e-13,0.079961884,0.000451489,0.905544102,0.00248567,2.03482e-05,0.007317549,0.004218957,5.97266e-10,,6.945838106558974,0.6613629798805917,0.024482541084848486,0.8718981987751415,0.9999999997980143,2.027340517685161e-10
884.1371873,2.97424991,80.51697395,2348.126267,0.212357303,0.733430239,-9.091340987,1.359503149,0.019099678,7.49547e-13,0.079829087,0.000450901,0.905668518,0.002487483,2.03629e-05,0.007324037,0.004219611,5.95047e-10,,6.930024011746497,0.660726066812916,0.024399083015151514,0.8715949690770819,1.0000000004957965,-4.950468923681228e-10
882.5437054,2.97149421,80.25327901,2347.340588,0.212332349,0.733484259,-9.091603859,1.3593748,0.019128813,7.50727e-13,0.079701858,0.000450338,0.905787697,0.002489225,2.03771e-05,0.007330273,0.004220232,5.92922e-10,,6.914882603343217,0.6601138913477022,0.024319175457575757,0.8713033349033437,1.0000000006936727,-6.929219420470645e-10
880.9502234,2.968735247,79.99026822,2346.553507,0.212307339,0.73353838,-9.091867334,1.359245847,0.019157983,7.51909e-13,0.07957488,0.000449775,0.905906619,0.002490971,2.03912e-05,0.007336515,0.004220847,5.90802e-10,,6.899780933129442,0.6595009910109338,0.02423947521818182,0.8710111803248198,0.9999999987915539,1.2091980750028597e-09
879.3886112,2.966028298,79.73317884,2345.780729,0.212282796,0.73359155,-9.092125928,1.359119086,0.019186603,7.53072e-13,0.079450683,0.000449226,0.906022919,0.002492683,2.04051e-05,0.007342641,0.004221443,5.8873e-10,,6.8850183561975085,0.6588996455221704,0.024161569345454544,0.8707243348401968,1.0000000006894831,-6.887299619506848e-10
877.8588685,2.96337354,79.48197034,2345.022479,0.212258707,0.733643736,-9.092379755,1.358994401,0.019214672,7.54214e-13,0.079329254,0.000448688,0.906136606,0.002494362,2.04187e-05,0.007348649,0.004222022,5.86704e-10,,6.870592505165307,0.658309894201751,0.02408544555757576,0.8704428819666481,1.0000000002874583,-2.867039938792004e-10
876.3291259,2.960715766,79.23138643,2344.262892,0.212234581,0.733696041,-9.092633997,1.3588693,0.019242773,7.55359e-13,0.079208053,0.000448152,0.90625006,0.002496043,2.04323e-05,0.007354664,0.004222595,5.84684e-10,,6.856202285942628,0.6577194728805319,0.02400951103939394,0.8701609328154969,0.9999999998854392,1.1531609001025345e-10
874.860573,2.958161459,78.9914122,2343.532434,0.212211384,0.733746361,-9.092878481,1.358748793,0.01926978,7.56461e-13,0.079091914,0.000447638,0.906358758,0.002497659,2.04454e-05,0.007360445,0.004223139,5.82748e-10,,6.842421180417372,0.6571520366298429,0.023936791575757576,0.8698897959831767,0.9999999989835044,1.0172520603646262e-09
873.39202,2.95560436,78.75201096,2342.800756,0.212188139,0.733796768,-9.093123488,1.358627762,0.019296816,7.57567e-13,0.078975986,0.000447125,0.906467241,0.002499278,2.04584e-05,0.007366232,0.004223679,5.80818e-10,,6.828672296293304,0.656583980139687,0.023864245745454548,0.8696182063021843,0.9999999999815755,1.9182100352566067e-11
871.9528382,2.953095696,78.51795168,2342.082505,0.212165329,0.733846279,-9.093363928,1.358508818,0.019323341,7.58653e-13,0.078862579,0.000446624,0.906573349,0.002500865,2.04712e-05,0.00737191,0.004224202,5.78929e-10,,6.815230113466602,0.6560266834269588,0.02379331869090909,0.8693516005548986,1.0000000007796876,-7.78928921363331e-10
870.5430273,2.95063562,78.28920035,2341.37783,0.212142949,0.733894876,-9.093599856,1.358391907,0.019349353,7.59719e-13,0.078751681,0.000446133,0.906677091,0.002502422,2.04838e-05,0.007377479,0.004224709,5.77084e-10,,6.802091915449795,0.6554801804804257,0.023724000106060607,0.8690900340482477,0.9999999993778438,6.229159410509055e-10
869.1332165,2.948172963,78.06097257,2340.672005,0.212120531,0.733943562,-9.093836209,1.358274571,0.019375391,7.60789e-13,0.078640975,0.000445644,0.906780638,0.002503981,2.04964e-05,0.007383054,0.004225212,5.75243e-10,,6.788982967332051,0.6549331041678238,0.023654840172727273,0.8688280406760451,1.0000000009760037,-9.752429974696497e-10
867.4414436,2.945214361,77.78778906,2339.823546,0.212093584,0.734002114,-9.094120344,1.358133256,0.019406674,7.62076e-13,0.078508381,0.000445058,0.906904635,0.002505853,2.05114e-05,0.007389752,0.004225809,5.73038e-10,,6.773291465809906,0.6542758542655367,0.02357205729090909,0.8685131033550582,0.9999999999738001,2.6962099219929314e-11
865.7496706,2.942252031,77.51535529,2338.973427,0.212066583,0.734060801,-9.09440507,1.357991351,0.019437997,7.63367e-13,0.078376062,0.000444473,0.907028353,0.002507729,2.05265e-05,0.007396459,0.004226398,5.70839e-10,,6.75764264049011,0.6536177761925002,0.023489501603030302,0.868197549862927,1.0000000010716021,-1.0708387510049988e-09
864.0917331,2.939345328,77.24909509,2338.138667,0.212040068,0.734118441,-9.09468471,1.357851675,0.019468732,7.64636e-13,0.078246654,0.000443901,0.907149327,0.002509569,2.05413e-05,0.007403038,0.004226969,5.6869e-10,,6.742348680854099,0.6529720555911054,0.023408816693939394,0.8678876974386295,0.9999999998694544,1.3131018494760838e-10
862.467631,2.936494456,76.98896399,2337.319528,0.212014047,0.734175034,-9.094959165,1.357714328,0.019498876,7.65883e-13,0.078120143,0.000443342,0.907267568,0.002511375,2.05558e-05,0.007409494,0.004227522,5.66591e-10,,6.727404277256827,0.6523387377797091,0.02332998908787879,0.8675836433332738,1.000000000367357,-3.6659097979452326e-10
860.843529,2.933640134,76.72951732,2336.49882,0.211987987,0.734231771,-9.095234058,1.357576542,0.019529058,7.67135e-13,0.077993882,0.000442784,0.907385555,0.002513182,2.05703e-05,0.007415958,0.004228067,5.64496e-10,,6.712499355977976,0.6517046535549313,0.023251368884848484,0.8672790068348305,0.9999999988652631,1.1355040241411984e-09
859.284391,2.930896732,76.48109107,2335.709486,0.211962911,0.734286337,-9.095498601,1.357443622,0.019558067,7.68339e-13,0.077872908,0.00044225,0.907498582,0.00251492,2.05843e-05,0.00742217,0.004228586,5.6249e-10,,6.698226446182351,0.651095210075736,0.023176088203030305,0.8669860159710129,1.0000000008632584,-8.624900793563484e-10
857.725253,2.928150138,76.23329244,2334.918774,0.211937803,0.734341042,-9.09576351,1.357310337,0.01958711,7.69547e-13,0.077752163,0.000441717,0.907611373,0.00251666,2.05982e-05,0.007428391,0.004229097,5.60489e-10,,6.6839892321985355,0.6504850574975514,0.02310099770909091,0.8666925136109079,0.9999999997612585,2.3951096661534166e-10
856.1972978,2.925455376,75.99105664,2334.142471,0.211913144,0.734394753,-9.096023708,1.357179129,0.019615605,7.70734e-13,0.077634056,0.000441196,0.907721683,0.002518368,2.06119e-05,0.007434493,0.004229592,5.58533e-10,,6.670072006860084,0.6498864193362891,0.02302759292121212,0.8664043596905722,1.0000000004593037,-4.58532989355831e-10
854.7005253,2.922812623,75.75434629,2333.38077,0.211888953,0.734447487,-9.096278993,1.357050203,0.01964355,7.719e-13,0.077518573,0.000440686,0.90782952,0.002520042,2.06253e-05,0.00744048,0.004230072,5.5662e-10,,6.656469735634033,0.6492993349122879,0.022955862512121214,0.8661216258491807,0.9999999988573918,1.1433800573001918e-09
853.2037529,2.920166916,75.51820926,2332.617733,0.211864711,0.734500317,-9.096534838,1.356920716,0.019671527,7.7307e-13,0.0774033,0.000440178,0.907937144,0.002521719,2.06387e-05,0.007446473,0.004230547,5.54713e-10,,6.642900064536081,0.6487115942607131,0.02288430583636364,0.8658383961013745,1.000000000255486,-2.5471313946923146e-10
851.7668513,2.917624254,75.2920558,2331.883996,0.211841405,0.734551146,-9.09678083,1.356796028,0.019698415,7.74196e-13,0.077292836,0.00043969,0.908040261,0.002523331,2.06516e-05,0.007452233,0.004230997,5.52886e-10,,6.629903743450188,0.6481467449328723,0.022815774484848485,0.8655660421454507,1.0000000001536602,-1.5288592614126628e-10
850.3299498,2.915078861,75.06642818,2331.149048,0.211818065,0.734602085,-9.097027201,1.356670961,0.019725332,7.75325e-13,0.077182564,0.000439204,0.908143181,0.002524945,2.06644e-05,0.007458001,0.004231441,5.51063e-10,,6.616936761824977,0.6475812889166415,0.02274740247878788,0.8652932386815418,1.0000000009518384,-9.510630061271286e-10
848.9217862,2.912581723,74.84582168,2330.427597,0.211795146,0.734652091,-9.097269149,1.356547892,0.019751739,7.76434e-13,0.077074685,0.000438728,0.908243852,0.002526528,2.06771e-05,0.007463658,0.004231871,5.49281e-10,,6.604258748121563,0.6470265526910535,0.022680552024242424,0.86502544513446,0.9999999996500574,3.507190093898771e-10
847.5423607,2.910132993,74.63020495,2329.719799,0.211772664,0.734701178,-9.097506511,1.356426981,0.019777634,7.77524e-13,0.076969186,0.000438263,0.908342284,0.002528081,2.06894e-05,0.007469207,0.004232288,5.47538e-10,,6.59186591509976,0.6464825702448753,0.022615213621212122,0.8647627194094457,0.9999999989483156,1.0524620064344958e-09
846.1629352,2.907681736,74.41506886,2329.01086,0.211750143,0.734750356,-9.097744302,1.356305642,0.019803556,7.78616e-13,0.076863864,0.000437799,0.908440536,0.002529636,2.07018e-05,0.007474763,0.0042327,5.45799e-10,,6.579499638356522,0.6459380264286639,0.02255002086666667,0.8644995701595666,1.0000000003465777,-3.4579894503394826e-10
844.5076247,2.904736882,74.15753885,2328.158699,0.211723072,0.734809496,-9.09803017,1.356159516,0.019834698,7.79931e-13,0.076737709,0.000437243,0.9085582,0.002531504,2.07167e-05,0.007481438,0.004233189,5.43718e-10,,6.564695137472924,0.6452838306281644,0.022471981469696967,0.8641832587026905,1.000000000244498,-2.437181567671587e-10
842.8523141,2.90178838,73.90069721,2327.304872,0.211695947,0.73486877,-9.098316639,1.35601279,0.019865879,7.8125e-13,0.076611807,0.000436688,0.908675606,0.002533375,2.07316e-05,0.007488121,0.00423367,5.41642e-10,,6.549930336593594,0.6446288244288199,0.02239415066969697,0.8638663288475458,0.9999999991424231,8.583581623256009e-10
841.2301097,2.898895301,73.64965801,2326.466493,0.211669309,0.734926985,-9.098597989,1.355868387,0.019896475,7.82546e-13,0.076488667,0.000436146,0.908790416,0.002535211,2.07462e-05,0.007494679,0.004234135,5.39612e-10,,6.535497966273161,0.6439861303827606,0.022318078184848485,0.8635551330959162,1.0000000007403944,-7.396119272584656e-10
839.6410115,2.896057846,73.40438039,2325.643825,0.211643173,0.73498415,-9.098874068,1.35572646,0.019926482,7.8382e-13,0.076368276,0.000435616,0.90890264,0.002537012,2.07605e-05,0.007501113,0.004234584,5.37629e-10,,6.521395166297253,0.643355793141897,0.022243751633333333,0.863249769070098,1.000000002038413,-2.0376291764989674e-09
838.0519133,2.89321701,73.1597314,2324.819607,0.211616983,0.735041433,-9.099150752,1.355583929,0.019956526,7.85098e-13,0.076248114,0.000435087,0.909014628,0.002538815,2.07748e-05,0.007507555,0.004235026,5.35651e-10,,6.507327874968647,0.6427247048159194,0.022169615575757574,0.8629438297037535,1.000000000336436,-3.356510624996645e-10
836.5263791,2.890486621,72.9254584,2324.02692,0.211591796,0.735096547,-9.099416867,1.3554466,0.019985402,7.86328e-13,0.076132976,0.00043458,0.909121915,0.002540549,2.07885e-05,0.007513746,0.004235445,5.33757e-10,,6.4938565947321685,0.642118152159139,0.022098623757575757,0.8626495942484619,1.0000000000345433,-3.3756775152937735e-11
835.0008448,2.887753103,72.69176192,2323.232861,0.211566559,0.735151771,-9.09968353,1.355308724,0.020014312,7.87562e-13,0.076018049,0.000434074,0.909228985,0.002542285,2.08022e-05,0.007519946,0.004235858,5.31867e-10,,6.4804167949180265,0.6415109043987441,0.022027806642424243,0.8623548495240079,0.9999999997326546,2.6813296027938804e-10
833.5058213,2.885071218,72.46329668,2322.453297,0.21154179,0.735206017,-9.099945282,1.355173182,0.020042676,7.88774e-13,0.075905626,0.000433579,0.909333705,0.002543989,2.08157e-05,0.007526029,0.004236256,5.30019e-10,,6.467277718945807,0.6409151268476592,0.02195857475151515,0.8620654851614424,1.0000000002308078,-2.3001889282170396e-10
832.0413084,2.882441138,72.2400285,2321.688414,0.211517482,0.73525926,-9.100202185,1.355039915,0.020070492,7.89966e-13,0.075795693,0.000433096,0.909436085,0.00254566,2.08289e-05,0.007531996,0.004236641,5.28214e-10,,6.454435796828204,0.6403308577154787,0.021890917727272724,0.8617815702016289,1.000000000429004,-4.282139087763426e-10
830.5767955,2.879808164,72.01728694,2320.922209,0.21149313,0.735312611,-9.100459574,1.354906161,0.020098339,7.91161e-13,0.075685954,0.000432613,0.909538267,0.002547333,2.08422e-05,0.00753797,0.00423702,5.26412e-10,,6.441623501652208,0.6397459456846533,0.021823420284848488,0.8614971645320244,0.9999999997272031,2.7358804111088375e-10
829.1708632,2.87727778,71.80394941,2320.185423,0.211469714,0.735363934,-9.100707098,1.354777326,0.020125102,7.92311e-13,0.075580786,0.000432151,0.909636176,0.002548941,2.08549e-05,0.007543712,0.004237378,5.24686e-10,,6.429351660398242,0.6391838238998546,0.02175877254848485,0.8612236788256076,0.9999999994254783,5.753139076247749e-10
827.7649308,2.874744717,71.59109501,2319.447451,0.211446256,0.735415351,-9.100955095,1.354648019,0.020151893,7.93464e-13,0.075475795,0.000431689,0.909733903,0.002550552,2.08676e-05,0.007549461,0.004237732,5.22964e-10,,6.417105864499541,0.6386211069784042,0.021694271215151516,0.8609497528908914,1.0000000001237574,-1.2296386131538384e-10
826.3871171,2.872259715,71.38296493,2318.723048,0.211423229,0.73546584,-9.101198551,1.354520879,0.020178176,7.94597e-13,0.075373075,0.000431238,0.9098295,0.002552132,2.088e-05,0.007555101,0.004238074,5.2128e-10,,6.405131377678036,0.6380690667507282,0.021631201493939396,0.8606808635984977,1.0000000005220746,-5.212799081277808e-10
825.037422,2.869822922,71.17953043,2318.012371,0.211400638,0.735515396,-9.10143742,1.354395952,0.02020395,7.9571e-13,0.075272617,0.000430797,0.909922975,0.002553682,2.08922e-05,0.007560633,0.004238404,5.19634e-10,,6.393425925640091,0.6375277360948495,0.021569554675757576,0.8604170692248544,1.0000000007204295,-7.196339080195457e-10
823.687727,2.867383652,70.97653761,2317.300553,0.211378003,0.735565035,-9.101676771,1.354270543,0.02022975,7.96826e-13,0.075172321,0.000430356,0.910016285,0.002555233,2.09045e-05,0.00756617,0.00423873,5.17992e-10,,6.381745134280921,0.6369858551763778,0.021508041699999998,0.8601528513263463,1.000000000018789,-1.7992052292470362e-11
822.0680929,2.864453248,70.73352815,2316.444949,0.211350803,0.735624739,-9.101964435,1.354119609,0.020260745,7.98169e-13,0.07505218,0.000429828,0.910128036,0.002557098,2.09191e-05,0.007572825,0.004239114,5.16026e-10,,6.367760017965074,0.6363348694261277,0.02143440246969697,0.8598352618711272,1.0000000006168244,-6.160261190046867e-10
820.4484588,2.861519263,70.49115131,2315.587699,0.211323546,0.735684574,-9.102252734,1.353968041,0.020291779,7.99516e-13,0.07493227,0.000429302,0.91023955,0.002558965,2.09338e-05,0.007579488,0.004239491,5.14064e-10,,6.353810571503724,0.6356830881610026,0.021360954942424244,0.8595170614413881,1.0000000003148635,-3.1406388600885293e-10
818.8612174,2.85864048,70.25423376,2314.745984,0.211296781,0.735743342,-9.102535856,1.353818915,0.020322229,8.00841e-13,0.074814984,0.000428787,0.910348604,0.002560798,2.09482e-05,0.007586026,0.004239853,5.12147e-10,,6.340174883335507,0.6350435699542767,0.021289161745454546,0.8592046274084713,1.0000000007129477,-7.121470080306835e-10
817.3063687,2.855817094,70.02273797,2313.920055,0.211270514,0.735801039,-9.102813739,1.353672293,0.020352094,8.02142e-13,0.074700307,0.000428284,0.910455207,0.002562595,2.09623e-05,0.007592441,0.004240203,5.10273e-10,,6.326848076844914,0.6344163581249672,0.021219011506060606,0.8588980529404233,0.9999999998110753,1.8972678983431024e-10
815.75152,2.852990391,69.79182001,2313.092581,0.211244196,0.73585886,-9.103092186,1.353525107,0.020381994,8.03447e-13,0.074585842,0.000427781,0.910561595,0.002564396,2.09764e-05,0.007598863,0.004240546,5.08404e-10,,6.3135543527008835,0.6337884094280676,0.021149036366666665,0.8585909049877862,0.9999999999092075,9.159595304453205e-11
814.2588652,2.850273629,69.57068118,2312.296797,0.211218881,0.73591448,-9.103360063,1.353383241,0.020410732,8.04704e-13,0.074476155,0.0004273,0.910663522,0.002566127,2.099e-05,0.007605037,0.004240869,5.06614e-10,,6.300822156825361,0.6331848839930692,0.0210820246,0.8582955199650046,1.000000000507419,-5.066140840170874e-10
812.7662105,2.847553796,69.35007231,2311.499644,0.211193523,0.735970223,-9.103628412,1.353240903,0.020439503,8.05965e-13,0.074366662,0.00042682,0.910765248,0.00256786,2.10036e-05,0.007611218,0.004241187,5.04829e-10,,6.2881192653495726,0.632580676339087,0.02101517342727273,0.8579996267866227,0.9999999991056349,8.951710483984243e-10
811.3034088,2.84488538,69.13438803,2310.717054,0.211168631,0.736024971,-9.103891861,1.353100944,0.02046773,8.07204e-13,0.074259548,0.000426351,0.910864748,0.00256956,2.10169e-05,0.007617284,0.004241491,5.03083e-10,,6.275699472046219,0.6319878909102725,0.020949814554545452,0.8577091392108752,0.9999999994038902,5.96917071327141e-10
809.8704602,2.842268548,68.9235969,2309.949219,0.211144201,0.736078704,-9.104150445,1.35296333,0.020495412,8.08421e-13,0.074154801,0.000425892,0.910962029,0.002571229,2.10299e-05,0.007623234,0.004241785,5.01376e-10,,6.263559245226125,0.6314065648054764,0.020885938454545457,0.8574241285057497,1.0000000004021843,-4.013760435128688e-10
808.4375117,2.839648875,68.71328999,2309.180074,0.211119729,0.736132548,-9.104409499,1.352825247,0.020523124,8.09642e-13,0.074050231,0.000425433,0.911059129,0.002572899,2.1043e-05,0.007629192,0.004242073,4.99674e-10,,6.251445500067446,0.6308246075759221,0.02082220908787879,0.8571386315450826,1.0000000005004837,-4.996740798901556e-10
807.061881,2.83713131,68.51184997,2308.440474,0.211096192,0.736184334,-9.10465868,1.352692197,0.020549757,8.10817e-13,0.073950011,0.000424994,0.911152172,0.002574505,2.10555e-05,0.007634917,0.004242345,4.98043e-10,,6.239842103946491,0.63026533351667,0.02076116665757576,0.8568641013172202,0.9999999999988538,1.9569901255067634e-12
805.6862504,2.834611115,68.31085422,2307.6997,0.211072617,0.736236223,-9.104908289,1.35255872,0.020576418,8.11995e-13,0.073849954,0.000424556,0.911245047,0.002576113,2.1068e-05,0.00764065,0.004242611,4.96415e-10,,6.228263134251632,0.6297054752060577,0.020700258854545454,0.8565891353153076,0.9999999994972271,5.035849515167001e-10
804.3381324,2.832138771,68.11430809,2306.97256,0.211049474,0.736287171,-9.105153346,1.352427472,0.020602573,8.13153e-13,0.073752056,0.000424127,0.911335903,0.002577691,2.10803e-05,0.007646274,0.004242867,4.94824e-10,,6.216939775860163,0.6291562469379702,0.02064069942121212,0.856319230082901,0.9999999987956372,1.2051760700515501e-09
803.017527,2.829714423,67.92218515,2306.259204,0.211026768,0.736337176,-9.105393796,1.352298508,0.020628221,8.1429e-13,0.073656308,0.000423708,0.911424748,0.002579238,2.10924e-05,0.007651791,0.004243114,4.93268e-10,,6.205869079854622,0.6286176809239846,0.02058248034848485,0.8560544412981158,0.9999999998940823,1.067319566061542e-10
801.6969216,2.827287642,67.73046844,2305.544725,0.211004022,0.736387268,-9.105634697,1.352169094,0.020653894,8.1543e-13,0.073560709,0.00042329,0.911513439,0.002580787,2.11045e-05,0.007657314,0.004243356,4.91716e-10,,6.194821155913579,0.6280785744219535,0.020524384375757574,0.8557892356698398,0.9999999999925315,8.283929098240606e-12
800.1121951,2.824372285,67.50094369,2304.685925,0.210976679,0.736447504,-9.105924307,1.352013267,0.020684737,8.16802e-13,0.073446187,0.000422789,0.911619665,0.002582649,2.1119e-05,0.00766395,0.00424364,4.89857e-10,,6.18159328233486,0.6274309313447901,0.02045483142121212,0.8554704598995744,0.9999999994906739,5.101429279008585e-10
798.5274686,2.82145341,67.27200087,2303.825504,0.210949282,0.736507875,-9.106214525,1.351856832,0.020715618,8.18179e-13,0.073331879,0.000422289,0.911725672,0.002584514,2.11335e-05,0.007670596,0.004243917,4.88003e-10,,6.168397217980343,0.6267825067481265,0.02038545480909091,0.8551510824344747,1.0000000009888212,-9.880030127362716e-10
796.9744366,2.818589497,67.04819968,2302.980691,0.21092238,0.736567169,-9.106499534,1.351702931,0.020745918,8.19532e-13,0.073220063,0.0004218,0.911829347,0.002586344,2.11477e-05,0.007677116,0.004244182,4.86191e-10,,6.155497016990815,0.6261462918941486,0.020317636266666664,0.8548374984628805,1.0000000001870104,-1.8619084052318158e-10
795.4530992,2.815780736,66.82950564,2302.151728,0.210895977,0.736625379,-9.106779281,1.351551616,0.020775635,8.20862e-13,0.073110728,0.000421322,0.911930698,0.002588139,2.11616e-05,0.007683514,0.004244436,4.8442e-10,,6.142888241215749,0.6255223289911296,0.020251365345454544,0.8545297978121508,0.9999999990852408,9.155800562155036e-10
793.9317618,2.812968717,66.61134324,2301.321243,0.210869523,0.736683713,-9.107059598,1.351399732,0.020805387,8.22195e-13,0.073001588,0.000420845,0.91203185,0.002589937,2.11756e-05,0.00768992,0.004244683,4.82653e-10,,6.130309280355519,0.6248976423273,0.020185255527272725,0.8542215322141432,0.9999999990834753,9.173469761591946e-10
792.4712778,2.810266106,66.40240641,2300.522575,0.21084408,0.736739832,-9.107329235,1.351253389,0.020833982,8.2348e-13,0.072896997,0.000420388,0.912128767,0.002591666,2.1189e-05,0.007696078,0.004244915,4.80961e-10,,6.118260502905318,0.624297260520058,0.020121941336363636,0.8539250766867954,1.0000000004817846,-4.809610487654936e-10
791.0107939,2.807560479,66.19395727,2299.722547,0.21081859,0.736796066,-9.107599396,1.351106524,0.020862609,8.24768e-13,0.072792586,0.000419932,0.912225498,0.002593397,2.12024e-05,0.007702245,0.00424514,4.79273e-10,,6.106238699803812,0.6236962087120166,0.02005877493030303,0.8536281163445342,1.000000000880098,-8.792733208196069e-10
789.5795196,2.804906034,65.99014868,2298.937149,0.210793564,0.736851288,-9.107864667,1.350962082,0.020890695,8.26034e-13,0.072690435,0.000419485,0.912320117,0.002595096,2.12155e-05,0.007708295,0.004245356,4.77622e-10,,6.094483221907119,0.6231065269241733,0.019997014751515153,0.8533365864744655,0.9999999999784481,2.2377988351252043e-11
788.1774551,2.802302939,65.79095169,2298.166569,0.210769006,0.736905491,-9.108125009,1.350820102,0.020918238,8.27277e-13,0.072590536,0.000419049,0.912412632,0.002596762,2.12284e-05,0.00771423,0.004245562,4.76008e-10,,6.082992170267958,0.622528252477528,0.01993665202727273,0.8530505568598276,0.9999999998768354,1.2399192783618673e-10
786.7753905,2.799697051,65.59220037,2297.394686,0.210744404,0.736959802,-9.108385843,1.350677631,0.020945812,8.28525e-13,0.0724908,0.000418614,0.912504978,0.002598431,2.12413e-05,0.007720172,0.004245763,4.74399e-10,,6.071525566732372,0.6219493575692668,0.019876424354545456,0.8527640435879601,0.9999999997752275,2.2560109336211553e-10
785.4294085,2.797192766,65.40181751,2296.652476,0.210720748,0.737012047,-9.108636671,1.350540432,0.02097231,8.29725e-13,0.072395208,0.000418197,0.912593472,0.002600035,2.12537e-05,0.007725885,0.00424595,4.72857e-10,,6.0605402317197985,0.621393033646161,0.019818732578787877,0.8524885445608891,1.0000000011736867,-1.1728569226931995e-09
784.0834265,2.794685895,65.21184363,2295.909092,0.210697044,0.73706438,-9.108888021,1.35040271,0.020998837,8.30929e-13,0.072299766,0.00041778,0.91268181,0.002601641,2.12661e-05,0.007731603,0.004246133,4.71318e-10,,6.049577701712014,0.6208361352462423,0.019761164736363638,0.8522126097597676,0.9999999995721489,4.2868197880352454e-10
782.7643642,2.792226652,65.02606477,2295.179405,0.210673779,0.73711577,-9.109134752,1.350267335,0.02102486,8.32113e-13,0.072206377,0.000417373,0.912768233,0.002603217,2.12783e-05,0.007737214,0.004246307,4.69813e-10,,6.038855966621485,0.6202898173496647,0.019704868112121212,0.8519417591129608,0.999999999770645,2.3018709160993467e-10
781.4722215,2.78981518,64.84445664,2294.463558,0.210650951,0.737166202,-9.109376874,1.350134296,0.021050378,8.33275e-13,0.072115034,0.000416975,0.912852746,0.002604763,2.12902e-05,0.007742718,0.004246473,4.68342e-10,,6.028373300737911,0.6197541117237076,0.019649835345454548,0.851676045700272,0.9999999996691753,3.316579233469952e-10
780.1800787,2.787401315,64.66322249,2293.746597,0.210628084,0.737216728,-9.109619419,1.350000836,0.021075921,8.3444e-13,0.072023829,0.000416577,0.912937117,0.002606311,2.13021e-05,0.007748228,0.004246634,4.66874e-10,,6.017911515869843,0.6192178744956572,0.019594915906060606,0.8514099187847791,0.9999999985677084,1.4331260622668651e-09
778.6295075,2.784501511,64.44623437,2292.884826,0.210600595,0.73727748,-9.10991103,1.349840124,0.021106608,8.35842e-13,0.071914563,0.000416101,0.913038175,0.002608172,2.13165e-05,0.007754849,0.004246822,4.65116e-10,,6.005383496224938,0.6185736864988765,0.01952916193030303,0.8510900402166406,0.9999999989659518,1.0348840673302107e-09
777.0789362,2.781598248,64.22978206,2292.021447,0.210573051,0.737338366,-9.110203257,1.349678797,0.021137331,8.37249e-13,0.071805495,0.000415626,0.913139031,0.002610035,2.13308e-05,0.00776148,0.004247003,4.63363e-10,,5.992884813892532,0.617928730089375,0.019463570321212122,0.8507695647791045,1.0000000012642,-1.263362969794457e-09
775.5593764,2.77874969,64.01817703,2291.173747,0.210546004,0.737398166,-9.11049024,1.349520097,0.021167477,8.38632e-13,0.071698797,0.000415161,0.913237673,0.002611863,2.13449e-05,0.007767986,0.004247174,4.61649e-10,,5.9806648496856365,0.6172959263303162,0.019399447584848486,0.8504549091893816,0.9999999993624877,6.383509276730592e-10
774.070828,2.775956026,63.81138751,2290.341955,0.210519458,0.737456869,-9.110771938,1.349364062,0.021197042,8.3999e-13,0.07159446,0.000414707,0.913334111,0.002613657,2.13587e-05,0.007774369,0.004247336,4.59974e-10,,5.968720679074864,0.6166753172078242,0.019336784093939394,0.8501461584493948,0.999999999160814,8.400260487206879e-10
772.5822796,2.773159157,63.60508762,2289.508657,0.210492861,0.737515696,-9.111054211,1.349207454,0.021226641,8.41353e-13,0.071490303,0.000414254,0.913430364,0.002615454,2.13725e-05,0.007780761,0.004247491,4.58303e-10,,5.956803523213784,0.6160539960984084,0.019274268975757576,0.8498368487011291,0.9999999999591442,4.1697090225056854e-11
771.1532731,2.77047114,63.40749938,2288.707302,0.210467278,0.737572285,-9.111325753,1.34905655,0.021255089,8.42666e-13,0.071390481,0.000413819,0.913522592,0.002617181,2.13857e-05,0.007786906,0.004247635,4.56702e-10,,5.94538735759638,0.6154568563308439,0.019214393751515152,0.84953939579314,1.0000000001575446,-1.5670198472150787e-10
769.7242667,2.767780155,63.21036032,2287.904587,0.210441651,0.737628995,-9.11159779,1.34890515,0.021283569,8.43982e-13,0.071290823,0.000413386,0.913614649,0.002618911,2.1399e-05,0.007793059,0.004247772,4.55105e-10,,5.933996273396428,0.6148590572256226,0.019154654642424242,0.8492414380702376,0.999999999455949,5.448950179953727e-10
768.3238403,2.765140108,63.01759842,2287.116573,0.210416488,0.737684681,-9.111864923,1.348756242,0.021311511,8.45276e-13,0.071193318,0.000412962,0.913704701,0.002620609,2.1412e-05,0.007799096,0.004247902,4.53544e-10,,5.9228564699748265,0.614272573936291,0.019096241945454544,0.8489489371738356,1.0000000004543894,-4.535440911723754e-10
766.9519941,2.762551162,62.82918703,2286.343429,0.210391793,0.737739333,-9.112127121,1.348609856,0.021338912,8.46547e-13,0.071097956,0.000412547,0.913792754,0.002622274,2.14247e-05,0.007805019,0.004248024,4.52018e-10,,5.911965904393959,0.6136974426731042,0.019039147584848485,0.8486619558346111,0.9999999991528646,8.479820179374542e-10
765.5801479,2.759959467,62.6411862,2285.568992,0.210367056,0.737794096,-9.112389798,1.348462991,0.021366342,8.47822e-13,0.071002745,0.000412133,0.913880652,0.002623942,2.14375e-05,0.007810949,0.00424814,4.50495e-10,,5.90109823913664,0.6131217007228494,0.018982177636363635,0.8483744945500313,0.9999999989513428,1.0495049274084067e-09
764.2631755,2.75746885,62.46109088,2284.824336,0.21034327,0.737846778,-9.112642387,1.348321581,0.021392704,8.49049e-13,0.070911484,0.000411737,0.913964888,0.002625545,2.14498e-05,0.00781665,0.004248246,4.49036e-10,,5.890685951870215,0.6125684131296265,0.018927603296969697,0.8480980875984911,1.0000000002498848,-2.4903590301050826e-10
762.9462032,2.754975687,62.28137237,2284.078516,0.210319436,0.737899545,-9.11289552,1.348179628,0.021419093,8.5028e-13,0.070820361,0.000411341,0.914048979,0.00262715,2.1462e-05,0.007822357,0.004248349,4.47581e-10,,5.880293722656297,0.6120145599455431,0.01887314314242424,0.847821248584775,0.9999999994484313,5.524189994332573e-10
761.6555703,2.752529918,62.1056127,2283.346449,0.210296042,0.737951359,-9.113144006,1.348040098,0.02144498,8.51489e-13,0.070731194,0.000410954,0.914131251,0.002628726,2.14741e-05,0.007827957,0.004248444,4.46157e-10,,5.87012943287062,0.6114712352819801,0.01881988263636364,0.84754951451187,1.0000000005470084,-5.461568974851616e-10
760.3912768,2.750131682,61.93378948,2282.628275,0.210273085,0.738002205,-9.11338787,1.347902967,0.021470365,8.52676e-13,0.070643976,0.000410575,0.914211709,0.002630271,2.14859e-05,0.00783345,0.004248533,4.44765e-10,,5.8601910371463815,0.6109384700176217,0.018767814993939393,0.8472829373460169,1.0000000003456178,-3.447651053534173e-10
759.1269833,2.747731092,61.76231087,2281.908993,0.210250095,0.738053153,-9.113632102,1.347765467,0.021495776,8.53867e-13,0.070556883,0.000410197,0.914292037,0.002631818,2.14977e-05,0.00783895,0.004248617,4.43376e-10,,5.850271249037554,0.6104051818149735,0.01871585177878788,0.8470159489044845,1.0000000001442297,-1.4337597775693212e-10
757.7615464,2.745135804,61.5775002,2281.130919,0.210225216,0.738108268,-9.113896435,1.347616404,0.021523248,8.55157e-13,0.070462965,0.00040979,0.914378644,0.002633492,2.15105e-05,0.007844896,0.004248703,4.41879e-10,,5.839579342673578,0.6098286416840579,0.018659848545454546,0.8467271376111991,1.0000000009427341,-9.418790192228244e-10
756.5478247,2.742826564,61.41356037,2280.438266,0.210203065,0.738157351,-9.114131812,1.347483491,0.021547692,8.56306e-13,0.070379606,0.000409428,0.914455499,0.002634981,2.15218e-05,0.007850188,0.004248775,4.40552e-10,,5.830093556410355,0.6093156467748552,0.018610169809090908,0.846470033519907,0.9999999992414085,7.594478379502334e-10
755.2127308,2.740283878,61.23359099,2279.675187,0.210178658,0.738211442,-9.114391177,1.347336835,0.021574608,8.57574e-13,0.070288045,0.000409031,0.9145399,0.002636622,2.15343e-05,0.007856018,0.004248849,4.39094e-10,,5.8196782372713605,0.6087507921154428,0.018555633633333336,0.8461867881822284,0.9999999997399516,2.6090607452289305e-10
753.7562647,2.737507021,61.03769499,2278.841321,0.210151983,0.738270571,-9.11467467,1.347176298,0.021604003,8.58961e-13,0.070188319,0.000408599,0.91463181,0.002638414,2.1548e-05,0.007862385,0.004248925,4.37507e-10,,5.808339661971717,0.6081339166479365,0.01849627120909091,0.8458772675994988,1.000000000438366,-4.37506919581665e-10
752.2997986,2.734727009,60.84225107,2278.006006,0.210125263,0.738329833,-9.114958682,1.347015241,0.021633433,8.60353e-13,0.070088759,0.000408167,0.914723546,0.002640209,2.15616e-05,0.007868763,0.004248994,4.35924e-10,,5.797024991326204,0.6075163403009467,0.01843704577878788,0.8455672091661741,1.0000000000367844,-3.5924152541610965e-11
750.9015912,2.732055222,60.65504914,2277.202704,0.210099557,0.738386832,-9.115231946,1.346860015,0.021661717,8.61693e-13,0.069993337,0.000407754,0.914811452,0.002641935,2.15747e-05,0.007874893,0.004249055,4.34408e-10,,5.786186229955551,0.6069228060085066,0.01838031792121212,0.8452690335562465,1.0000000011352697,-1.134408122993591e-09
749.5033838,2.729380515,60.46826178,2276.398068,0.210073803,0.738443945,-9.115505745,1.346704254,0.021690033,8.63037e-13,0.069898067,0.000407341,0.914899199,0.002643663,2.15879e-05,0.007881031,0.00424911,4.32896e-10,,5.77536998239428,0.6063286230415523,0.01832371569090909,0.8449703627822791,0.999999999333759,6.671040386763138e-10
748.1331405,2.726756465,60.28561111,2275.608165,0.210048514,0.738500024,-9.115774627,1.346551048,0.021717814,8.64357e-13,0.069804849,0.000406938,0.914985039,0.002645359,2.16007e-05,0.007887054,0.004249159,4.31417e-10,,5.764791731810767,0.6057456934666732,0.018268367003030302,0.8446771607128102,0.9999999991322814,8.685829833154912e-10
746.7908613,2.724183234,60.1070725,2274.833181,0.210023702,0.738555073,-9.116038468,1.346400523,0.021745056,8.65655e-13,0.069713675,0.000406543,0.915068979,0.002647023,2.16134e-05,0.007892964,0.004249202,4.29971e-10,,5.754448755231838,0.6051740532719758,0.018214264393939396,0.8443894963887028,0.9999999998308364,1.700292129314107e-10
745.4485822,2.721607298,59.92891293,2274.056914,0.209998838,0.738610217,-9.116302892,1.346249415,0.021772328,8.66956e-13,0.069622639,0.000406149,0.915152774,0.00264869,2.1626e-05,0.00789888,0.00424924,4.28528e-10,,5.744126947199051,0.6046018121647577,0.018160276645454547,0.8441013558311147,0.999999998429395,1.571471952566128e-09
744.1599942,2.719131848,59.7582356,2273.31051,0.20997493,0.738663264,-9.116557165,1.346103926,0.021798537,8.68209e-13,0.069535376,0.000405772,0.915233083,0.002650292,2.16382e-05,0.007904568,0.004249271,4.27146e-10,,5.734236836616795,0.6040518939024783,0.018108556242424242,0.8438243000439358,1.0000000006280143,-6.271458907747274e-10
742.8714063,2.716653894,59.58790611,2272.562953,0.209950981,0.738716409,-9.116811907,1.345957967,0.021824773,8.69465e-13,0.06944824,0.000405395,0.915313257,0.002651896,2.16503e-05,0.007910262,0.004249298,4.25767e-10,,5.724365598814347,0.6035014193795881,0.018056941245454546,0.843546816277643,0.9999999987266365,1.2742330524062595e-09
741.6085901,2.714223067,59.42131972,2271.829183,0.209927473,0.738768592,-9.117061987,1.345814494,0.02185051,8.707e-13,0.06936297,0.000405027,0.915391701,0.00265347,2.16622e-05,0.00791585,0.004249319,4.24418e-10,,5.7147098449033855,0.6029614140634872,0.01800646052121212,0.8432744500725339,0.9999999996252886,3.7558200993714763e-10
740.3715456,2.711839506,59.25845576,2271.109349,0.209904404,0.738819799,-9.117307414,1.345673499,0.021875747,8.71912e-13,0.069279559,0.000404666,0.915468419,0.002655015,2.16739e-05,0.007921331,0.004249336,4.231e-10,,5.705267806217167,0.6024319088328597,0.017957107806060604,0.8430072567355367,1.000000000323972,-3.230999912062771e-10
739.1345012,2.709453626,59.09591005,2270.388405,0.209881292,0.738871092,-9.117553317,1.345532028,0.02190101,8.73128e-13,0.069196264,0.000404306,0.915545016,0.002656561,2.16856e-05,0.007926818,0.004249348,4.21784e-10,,5.695843409010939,0.6019018884391505,0.01790785153030303,0.8427396513804852,0.9999999990226572,9.78215952684991e-10
737.9469385,2.707160994,58.94016498,2269.695289,0.209859076,0.738920431,-9.117789725,1.345395875,0.021925285,8.74298e-13,0.06911641,0.000403961,0.915618436,0.002658047,2.16969e-05,0.007932093,0.004249355,4.20523e-10,,5.686811539804385,0.6013925829773208,0.017860656054545454,0.84248237542941,0.9999999993213973,6.794770301965514e-10
736.7593758,2.704866217,58.78471208,2269.001166,0.209836819,0.738969848,-9.118026579,1.345259276,0.021949584,8.75472e-13,0.069036664,0.000403617,0.915691743,0.002659536,2.17081e-05,0.007937374,0.004249358,4.19264e-10,,5.677795582171603,0.6008828010063019,0.017813549115151515,0.8422247256925867,1.0000000005201395,-5.192639651596664e-10
735.4530569,2.702339478,58.61405068,2268.236497,0.209812296,0.739024306,-9.118287576,1.345108559,0.021976339,8.76766e-13,0.068949066,0.000403239,0.915772251,0.002661175,2.17205e-05,0.00794319,0.004249357,4.17883e-10,,5.667895834638202,0.6003214889539018,0.01776183353939394,0.8419408901668843,0.9999999989187597,1.082117062622956e-09
734.0279817,2.699580064,58.42827577,2267.400914,0.209785492,0.739083831,-9.118572874,1.344943567,0.022005559,8.78181e-13,0.068853652,0.000402827,0.915859926,0.002662966,2.1734e-05,0.007949544,0.004249351,4.16379e-10,,5.657116964786864,0.5997084884280218,0.01770553811212121,0.8416307322553267,1.0000000004172571,-4.163789313338384e-10
732.6029065,2.696817543,58.24291859,2266.563861,0.209758631,0.739143471,-9.118858821,1.344777925,0.022034812,8.79602e-13,0.06875839,0.000402417,0.91594744,0.00266476,2.17475e-05,0.007955906,0.004249339,4.14878e-10,,5.646360965689369,0.599094797685801,0.01764936926969697,0.8413200286982379,0.9999999999157575,8.512202054333784e-11
731.2348343,2.694162593,58.06536759,2265.758934,0.209732805,0.739200859,-9.119133774,1.344618466,0.022062927,8.80969e-13,0.068667083,0.000402023,0.916031305,0.002666485,2.17605e-05,0.007962023,0.004249321,4.13441e-10,,5.636056081681929,0.5985050037128108,0.017595565936363636,0.8410212499087264,1.0000000009143222,-9.134411005362608e-10
729.8667621,2.691504767,57.88819968,2264.952659,0.209706925,0.739258352,-9.11940933,1.344458403,0.022091073,8.82341e-13,0.068575915,0.00040163,0.916115022,0.002668212,2.17735e-05,0.007968149,0.004249297,4.12007e-10,,5.625771535144584,0.5979145708398538,0.01754187869090909,0.8407219707585509,0.9999999989128893,1.0879931400253895e-09
728.5260513,2.688897303,57.71494564,2264.161165,0.209681513,0.739314803,-9.119679938,1.344300979,0.022118687,8.83689e-13,0.068486707,0.000401245,0.916196924,0.002669908,2.17863e-05,0.007974159,0.00424927,4.10605e-10,,5.615712352283787,0.5973353258250742,0.017489377466666668,0.8404281781298708,0.9999999997114887,2.8939506346858934e-10
727.212702,2.686340361,57.54558271,2263.384628,0.209656577,0.739370213,-9.119945499,1.344146291,0.022145766,8.85013e-13,0.06839945,0.00040087,0.916277017,0.002671571,2.17988e-05,0.007980056,0.004249237,4.09234e-10,,5.60587742949766,0.5967673042122809,0.017438055366666667,0.8401399373516748,1.000000000210119,-2.0923396348848655e-10
725.8993527,2.683780754,57.37657005,2262.606817,0.209631595,0.739425729,-9.12021158,1.343991084,0.022172873,8.86342e-13,0.06831232,0.000400494,0.916356977,0.002673237,2.18113e-05,0.00798596,0.0042492,4.07867e-10,,5.59606083488008,0.5961986905729189,0.017386839409090908,0.8398512236806852,0.9999999997087532,2.9213320651422237e-10
724.6385374,2.681321019,57.21464681,2261.858928,0.209607571,0.739479126,-9.120467488,1.343841615,0.022198924,8.8762e-13,0.068228796,0.000400135,0.916433612,0.002674838,2.18234e-05,0.007991636,0.004249159,4.06556e-10,,5.586654446647791,0.5956522633791287,0.01733777176060606,0.8395736166801636,0.9999999998074436,1.934440385653602e-10
723.377722,2.678858817,57.05304508,2261.109891,0.209583503,0.73953262,-9.120723883,1.343691659,0.022225001,8.88903e-13,0.06814539,0.000399776,0.916510124,0.002676442,2.18354e-05,0.007997319,0.004249113,4.05249e-10,,5.577265505480477,0.5951052881442337,0.01728880153939394,0.839295583556465,0.9999999998061377,1.9475110413225138e-10
722.142123,2.676443461,56.89498645,2260.37469,0.209559874,0.739585136,-9.120975633,1.343544219,0.022250583,8.90163e-13,0.068063765,0.000399425,0.916584987,0.002678015,2.18472e-05,0.008002896,0.004249064,4.0397e-10,,5.568080248251771,0.5945687196923133,0.017240904984848485,0.8390226861821347,0.9999999996048602,3.960299865823913e-10
720.9317403,2.674075091,56.7404518,2259.653448,0.20953669,0.739636677,-9.121222663,1.343399369,0.022275668,8.914e-13,0.067983916,0.000399082,0.916658207,0.002679559,2.18588e-05,0.008008366,0.004249012,4.0272e-10,,5.5590981995717526,0.5940425891242005,0.017194076303030305,0.8387549702132272,1.0000000012036117,-1.2027201456987768e-09
719.7213576,2.671704436,56.58621134,2258.931111,0.209513464,0.739688303,-9.121470171,1.343254043,0.022300777,8.92641e-13,0.067904174,0.000398739,0.916731314,0.002681105,2.18704e-05,0.008013842,0.004248955,4.01472e-10,,5.550132337095815,0.5935159509460656,0.01714733676969697,0.8384868477940769,0.9999999998023645,1.9852808286202617e-10
718.5593902,2.669426452,56.43841676,2258.236651,0.209491134,0.73973796,-9.121708139,1.343114169,0.022324905,8.93836e-13,0.067827722,0.00039841,0.916801391,0.002682591,2.18816e-05,0.008019107,0.004248896,4.00276e-10,,5.541538987336846,0.593009899519949,0.017102550533333333,0.8382290729670876,0.9999999990011699,9.997238592518443e-10
717.3974227,2.667146354,56.29089229,2257.541201,0.209468767,0.739787698,-9.121946534,1.342973868,0.022349057,8.95034e-13,0.06775137,0.000398082,0.916871365,0.002684079,2.18927e-05,0.008024377,0.004248834,3.99083e-10,,5.532960324570933,0.5925033784712561,0.017057846148484847,0.8379709306645362,1.000000000099978,-9.908296405569672e-11
716.1192586,2.664635798,56.12892677,2256.775078,0.209444121,0.739842508,-9.122209247,1.342819059,0.022375649,8.96355e-13,0.067667496,0.000397722,0.916948216,0.002685718,2.1905e-05,0.008030183,0.00424876,3.97773e-10,,5.523539942557721,0.5919456614529865,0.017008765687878787,0.8376865554323016,1.0000000003986693,-3.9777292570875034e-10
714.7248977,2.661894081,55.95260806,2255.937898,0.209417177,0.739902407,-9.122496481,1.342649537,0.022404691,8.978e-13,0.067576133,0.00039733,0.917031911,0.002687509,2.19184e-05,0.008036524,0.004248675,3.96347e-10,,5.513282993009639,0.5913365922945296,0.016955335775757578,0.8373758047344083,1.0000000007972447,-7.963469883520702e-10
713.3305368,2.659149302,55.77667557,2255.099275,0.209390191,0.739962448,-9.122784199,1.342479532,0.022433767,8.9925e-13,0.06748491,0.000396938,0.917115459,0.002689302,2.19318e-05,0.008042875,0.004248583,3.94924e-10,,5.503046503053799,0.5907268429164282,0.0169020229,0.8370645184130444,0.9999999991958232,8.050761168831855e-10
711.9919503,2.656511426,55.60814285,2254.292832,0.209364229,0.740020194,-9.12306103,1.342315705,0.02246171,9.00646e-13,0.067397469,0.000396563,0.917195525,0.002691027,2.19447e-05,0.008048981,0.00424849,3.93561e-10,,5.493238200349534,0.5901408419121548,0.01685095237878788,0.8367651769033796,1.0000000000944618,-9.356115882042104e-11
710.6533639,2.653870715,55.43996439,2253.485054,0.209338216,0.740078051,-9.12333843,1.342151309,0.022489685,9.02046e-13,0.067310158,0.000396189,0.917275455,0.002692754,2.19576e-05,0.008055095,0.004248391,3.92201e-10,,5.483449212956732,0.5895542111160158,0.01679998920909091,0.8364653398584874,0.9999999999931031,7.798983681084337e-12
709.3415491,2.651280064,55.27549217,2252.692097,0.209312676,0.740134865,-9.123610814,1.341989669,0.022517129,9.03422e-13,0.067224717,0.000395822,0.917353656,0.002694449,2.19703e-05,0.008061095,0.004248289,3.90871e-10,,5.4738737611469395,0.5889787010891145,0.01675014914242424,0.8361710041825879,0.9999999986917744,1.3091291384270676e-09
708.0565061,2.648739629,55.11470516,2251.914128,0.209287613,0.740190626,-9.123878148,1.34183082,0.022544043,9.04774e-13,0.067141141,0.000395464,0.917430133,0.002696112,2.19827e-05,0.008066982,0.004248184,3.89571e-10,,5.4645106685710125,0.588414346486665,0.016701425806060606,0.8358822318639832,0.9999999990904758,9.104289544481503e-10
706.7714631,2.646196567,54.95424216,2251.134885,0.209262503,0.740246493,-9.124146005,1.341671446,0.022570984,9.0613e-13,0.067057683,0.000395107,0.917506487,0.002697778,2.19951e-05,0.008072876,0.004248074,3.88274e-10,,5.455165111779029,0.5878494082993015,0.016652800654545455,0.835592986652585,1.0000000004891803,-4.882740878286995e-10
705.5378218,2.64375275,54.80050192,2250.385638,0.209238354,0.740300226,-9.124403638,1.341517958,0.022596875,9.07436e-13,0.066977674,0.000394764,0.917579669,0.002699379,2.20071e-05,0.008078542,0.004247964,3.87031e-10,,5.446208995077751,0.5873065172702082,0.016606212703030303,0.8353148755795249,0.9999999994879384,5.129690006100418e-10
704.3041806,2.6413065,54.64705913,2249.635242,0.20921416,0.740354051,-9.124661782,1.341363959,0.022622793,9.08745e-13,0.066897773,0.000394422,0.917652737,0.002700983,2.2019e-05,0.008084216,0.00424785,3.85791e-10,,5.437268092268051,0.5867630857530695,0.016559714887878788,0.8350363380121003,1.0000000003866998,-3.857909547377858e-10
703.0952121,2.638906812,54.49697293,2248.898713,0.209190413,0.740406905,-9.124915175,1.341212628,0.022648217,9.10031e-13,0.066819576,0.000394087,0.917724234,0.002702556,2.20307e-05,0.008089783,0.004247732,3.84577e-10,,5.428522282879666,0.5862299979286445,0.01651423422121212,0.8347629477008547,0.999999999085487,9.154230706798216e-10
701.9109165,2.636553821,54.35022571,2248.176174,0.209167109,0.740458768,-9.12516387,1.341063911,0.022673148,9.11295e-13,0.066743075,0.00039376,0.917794164,0.0027041,2.20422e-05,0.008095244,0.004247614,3.83391e-10,,5.419968319493518,0.5857072837870221,0.016469765366666667,0.8344947503018424,0.9999999995843022,4.166090805668432e-10
700.7266208,2.634198576,54.20375069,2247.452548,0.209143765,0.740510722,-9.125413017,1.340914743,0.022698103,9.12562e-13,0.066666674,0.000393434,0.91786399,0.002705646,2.20537e-05,0.008100712,0.004247491,3.82208e-10,,5.4114290408839345,0.5851840689219906,0.016425378996969695,0.8342261494220868,1.0000000010831205,-1.0822078788663703e-09
699.589697,2.631935416,54.0633903,2246.756855,0.209121317,0.740560684,-9.125652622,1.340771118,0.022722082,9.13781e-13,0.066593421,0.00039312,0.917930925,0.002707132,2.20648e-05,0.008105968,0.004247368,3.81073e-10,,5.403244787472772,0.5846813106297769,0.016382845545454546,0.8339679169209884,0.9999999991819866,8.189271483161065e-10
698.4527732,2.629670171,53.92327984,2246.060173,0.209098832,0.740610731,-9.125892642,1.340627078,0.022746085,9.15004e-13,0.06652026,0.000392808,0.917997763,0.00270862,2.20759e-05,0.00811123,0.004247242,3.79941e-10,,5.39507361175794,0.5841780891573022,0.01634038783030303,0.8337093173155155,0.9999999992808561,7.200589013933723e-10
697.202157,2.627175986,53.7694465,2245.292693,0.209074056,0.74066588,-9.126157144,1.340468154,0.022772513,9.16352e-13,0.066439888,0.000392464,0.918071174,0.00271026,2.20881e-05,0.008117027,0.004247099,3.78698e-10,,5.386099669517882,0.5836240089371388,0.01629377166666667,0.8334244383819299,1.0000000004796143,-4.786981921967026e-10
695.8378485,2.624452169,53.60197158,2244.454049,0.209046977,0.740726159,-9.126446273,1.3402942,0.022801376,9.17828e-13,0.066352334,0.000392091,0.918151127,0.002712051,2.21014e-05,0.008123359,0.004246937,3.77345e-10,,5.376328634172891,0.5830189162423127,0.01624302169090909,0.8331131442656299,1.000000000778263,-7.773450771964008e-10
694.4735399,2.621725331,53.43485414,2243.613966,0.209019844,0.740786562,-9.126736008,1.340119641,0.022830272,9.19308e-13,0.066264911,0.000391717,0.918230943,0.002713844,2.21147e-05,0.0081297,0.00424677,3.75995e-10,,5.366576086367165,0.5824131524359432,0.01619238004242424,0.832801316010609,1.0000000000769143,-7.599498808019689e-11
693.1638037,2.619104717,53.27475686,2242.806123,0.208993745,0.740844664,-9.127014727,1.339951491,0.022858043,9.20733e-13,0.066181106,0.00039136,0.918307437,0.002715569,2.21275e-05,0.008135797,0.004246603,3.74702e-10,,5.357231400944341,0.5818309861643621,0.016143865715151515,0.8325014548385334,0.9999999998756227,1.2529799420235577e-10
691.8540675,2.616481306,53.11498749,2241.996953,0.208967597,0.74090288,-9.127294008,1.339782778,0.022885844,9.22163e-13,0.066097421,0.000391003,0.918383804,0.002717297,2.21403e-05,0.008141902,0.004246432,3.73412e-10,,5.347903599731307,0.5812481985425701,0.016095450754545455,0.8322011011007299,0.9999999996743341,3.265880899050444e-10
690.570526,2.613907646,52.9587307,2241.202642,0.208941923,0.740960042,-9.127568255,1.339616889,0.022913118,9.23568e-13,0.066015525,0.000390654,0.918458523,0.002718993,2.21529e-05,0.008147894,0.004246258,3.7215e-10,,5.338779166992071,0.5806764630460349,0.016048100212121212,0.8319062628370419,1.0000000002730736,-2.7215008024938925e-10
689.3131792,2.611383891,52.80596705,2240.42334,0.208916726,0.741016145,-9.127837429,1.339453861,0.022939864,9.24949e-13,0.065935411,0.000390312,0.918531598,0.002720656,2.21652e-05,0.008153772,0.004246084,3.70916e-10,,5.329856146394271,0.5801158138856726,0.016001808196969697,0.8316169957255847,0.999999998571841,1.4290839622788098e-09
688.0558324,2.608857543,52.65350335,2239.642777,0.208891483,0.741072353,-9.12810713,1.339290306,0.022966639,9.26333e-13,0.065855407,0.000389971,0.918604559,0.002722322,2.21775e-05,0.008159658,0.004245905,3.69685e-10,,5.320948970883584,0.5795545886934558,0.015955607075757577,0.8313272605467705,0.9999999998706113,1.3031509205063685e-10
686.8487795,2.606429804,52.50741989,2238.892264,0.208867204,0.74112641,-9.128366553,1.339132782,0.022992369,9.27666e-13,0.065778705,0.000389645,0.918674492,0.002723924,2.21894e-05,0.008165317,0.004245728,3.68506e-10,,5.312412602813724,0.5790152693728683,0.015911339360606062,0.8310486795504161,1.0000000007694334,-7.685057035189402e-10
685.6417266,2.603999664,52.36161179,2238.140607,0.208842885,0.74118057,-9.128626437,1.338974799,0.023018125,9.29003e-13,0.065702103,0.000389319,0.918744319,0.002725529,2.22013e-05,0.008170983,0.004245546,3.67329e-10,,5.3038909520479995,0.5784754166729973,0.01586715508787879,0.8307696739156344,1.000000000668258,-6.673288588388004e-10
684.4588148,2.601615795,52.21898631,2237.402847,0.208819009,0.741233741,-9.12888161,1.338819488,0.023043392,9.30316e-13,0.06562713,0.000389,0.918812647,0.002727103,2.22129e-05,0.008176543,0.004245364,3.66178e-10,,5.2955533455819515,0.5779458430205373,0.015823935245454546,0.8304958266726546,1.0000000002671083,-2.661779685553256e-10
683.300044,2.59927833,52.07952709,2236.679101,0.208795582,0.741285922,-9.129132008,1.338666913,0.023068167,9.31607e-13,0.065553781,0.000388688,0.918879482,0.002728647,2.22243e-05,0.008181997,0.004245181,3.65052e-10,,5.287399268757133,0.5774265779612799,0.015781674875757577,0.8302271812504068,1.0000000006659835,-6.650520134598992e-10
682.1412732,2.59693864,51.94031995,2235.954278,0.20877211,0.741338185,-9.129382914,1.338513832,0.023092966,9.329e-13,0.065480522,0.000388376,0.918946219,0.002730194,2.22358e-05,0.008187458,0.004244994,3.63929e-10,,5.279257970604949,0.5769068186209285,0.015739490893939393,0.82995813605929,0.9999999991648618,8.360711012400657e-10
681.0288532,2.59469044,51.80691782,2235.257436,0.208749541,0.741388448,-9.129624187,1.33836647,0.023116796,9.34146e-13,0.065410281,0.000388078,0.919010196,0.002731681,2.22467e-05,0.008192707,0.00424481,3.62852e-10,,5.2714552587499846,0.5764073836748554,0.015699066006060608,0.8296994770638274,1.000000000063786,-6.285194587007936e-11
679.9164333,2.592440182,51.67374716,2234.559606,0.208726935,0.741438796,-9.129865882,1.338218686,0.023140649,9.35394e-13,0.065340123,0.000387779,0.919074084,0.00273317,2.22577e-05,0.008197963,0.004244623,3.61778e-10,,5.2636637003506666,0.5759074915465392,0.01565871126060606,0.8294404513351776,1.0000000000627132,-6.177791611605699e-11
678.6927713,2.589962514,51.52752632,2233.790864,0.208702023,0.741494273,-9.130132251,1.338055619,0.023166912,9.36771e-13,0.065263046,0.000387452,0.919144256,0.00273481,2.22699e-05,0.008203752,0.004244413,3.60598e-10,,5.255106833277449,0.5753570805582077,0.015614401915151515,0.8291551039630476,0.9999999992615348,7.39401984084509e-10
677.3578674,2.587256752,51.36833061,2232.950856,0.208674797,0.741554914,-9.130423405,1.337877159,0.023195595,9.38278e-13,0.065179078,0.000387096,0.919220686,0.002736602,2.22831e-05,0.008210077,0.004244178,3.59314e-10,,5.245788647597743,0.5747559987600773,0.01556616079090909,0.8288433035470845,1.000000000460252,-4.593139202313523e-10
676.0229634,2.584548007,51.20946602,2232.109414,0.208647518,0.74161568,-9.130715157,1.3376981,0.02322431,9.3979e-13,0.065095231,0.00038674,0.919296988,0.002738397,2.22963e-05,0.008216411,0.004243937,3.58032e-10,,5.236487997234629,0.574154254292058,0.015518020006060606,0.8285309708483378,1.0000000006589718,-6.580320732751943e-10
674.7414556,2.5819448,51.05726675,2231.300265,0.20862128,0.741674135,-9.130995802,1.337525641,0.023251906,9.41245e-13,0.065014849,0.000386399,0.919370118,0.002740123,2.2309e-05,0.008222501,0.0042437,3.56805e-10,,5.2275752975728444,0.5735759549647463,0.015471899015151514,0.8282306249054704,0.9999999993577463,6.431949417518013e-10
673.4599478,2.57933883,50.90537127,2230.489795,0.208594989,0.741732697,-9.131277052,1.337352577,0.023279533,9.42705e-13,0.064934578,0.000386058,0.919443131,0.002741852,2.23218e-05,0.0082286,0.004243458,3.5558e-10,,5.218678086531997,0.5729970418402832,0.015425870081818184,0.8279297886239997,0.9999999991565227,8.444199783852468e-10
672.2040702,2.576782296,50.75680756,2229.694216,0.208569172,0.741790195,-9.131553263,1.337182387,0.023306637,9.4414e-13,0.064856019,0.000385725,0.91951457,0.002743549,2.23343e-05,0.008234585,0.004243216,3.54382e-10,,5.209974265330378,0.5724291108642028,0.015380850775757576,0.8276344796946424,0.9999999986553261,1.3456180614213054e-09
670.9738227,2.574275351,50.61155762,2228.913674,0.208543836,0.741846629,-9.131824348,1.337015161,0.023333215,9.4555e-13,0.064779166,0.0003854,0.919584442,0.002745214,2.23465e-05,0.008240457,0.004242975,3.53211e-10,,5.201462018714771,0.5718721960252723,0.015336835642424242,0.8273447523107643,1.0000000008541565,-8.532110573611362e-10
669.7435752,2.571765845,50.46658559,2228.131871,0.208518454,0.741903169,-9.132095961,1.336847405,0.023359821,9.46964e-13,0.064702414,0.000385075,0.919654206,0.002746881,2.23588e-05,0.008246337,0.004242728,3.52042e-10,,5.192964600490358,0.5713147122632493,0.015292904724242424,0.8270545568595292,1.000000000152989,-1.5204215664255116e-10
668.5625377,2.569354305,50.32767345,2227.380171,0.208494042,0.741957546,-9.132357227,1.336685843,0.02338539,9.48325e-13,0.064628826,0.000384763,0.919721079,0.002748484,2.23706e-05,0.00825199,0.004242487,3.50923e-10,,5.18482000344511,0.5707789915311734,0.015250810136363636,0.8267755352636877,0.9999999999518713,4.907707573664766e-11
667.3815001,2.566940393,50.18901648,2226.627337,0.208469587,0.742012023,-9.132618974,1.3365238,0.023410984,9.4969e-13,0.06455533,0.000384452,0.919787854,0.00275009,2.23824e-05,0.00825765,0.004242241,3.49805e-10,,5.176689052704419,0.5702427438621291,0.015208792872727273,0.8264960927412938,0.9999999997507546,2.501950868705194e-10
666.2240833,2.564572456,50.05337956,2225.888422,0.20844558,0.742065509,-9.132875951,1.336364533,0.023436091,9.51031e-13,0.064483394,0.000384148,0.919853198,0.002751665,2.23939e-05,0.008263205,0.004241996,3.48712e-10,,5.168733086734867,0.5697167094844495,0.015167690775757577,0.8262218167768252,1.000000000249663,-2.4871193993192264e-10
665.0902872,2.562250626,49.92074758,2225.163544,0.208422019,0.742117989,-9.133128181,1.336208019,0.02346071,9.52349e-13,0.064413012,0.00038385,0.919917115,0.002753211,2.24053e-05,0.008268654,0.004241751,3.47643e-10,,5.160951783866062,0.5692009177217767,0.015127499266666665,0.8259527511703993,0.9999999986485953,1.3523570041584776e-09
663.9564911,2.559926599,49.78834918,2224.437592,0.208398422,0.74217057,-9.133380817,1.336051099,0.023485353,9.5367e-13,0.064342714,0.000383553,0.919980944,0.002754759,2.24167e-05,0.00827411,0.004241503,3.46577e-10,,5.15318208328782,0.5686846378981768,0.015087378539393938,0.8256832869086671,1.0000000000475306,-4.657696450749427e-11
662.8680469,2.55769346,49.66146614,2223.739675,0.208375728,0.742221127,-9.133623821,1.335899982,0.023509033,9.54942e-13,0.064275308,0.000383268,0.920042133,0.002756247,2.24276e-05,0.008279355,0.00424126,3.45554e-10,,5.145734725116296,0.5681885487352736,0.015048929133333333,0.8254242288867104,0.999999998946509,1.0544458639571985e-09
661.7796026,2.555458287,49.53479766,2223.040769,0.208352992,0.742271763,-9.133867288,1.335748402,0.023532735,9.56217e-13,0.06420798,0.000382984,0.92010324,0.002757738,2.24385e-05,0.008284606,0.004241014,3.44534e-10,,5.138298377902958,0.5676920077216987,0.015010544745454546,0.8251648037603795,1.0000000008454903,-8.445339982898759e-10
660.582314,2.552997243,49.39570968,2222.270852,0.208327947,0.742327573,-9.134135511,1.335581255,0.023558833,9.57624e-13,0.064134008,0.000382672,0.920170362,0.002759379,2.24506e-05,0.00829039,0.004240738,3.43414e-10,,5.130131245513808,0.5671452897351212,0.014968396872727274,0.8248790202430116,0.9999999999443716,5.6586069163699904e-11
659.2761809,2.55030965,49.24427211,2221.429554,0.208300563,0.742388559,-9.134428817,1.335398213,0.023587334,9.59163e-13,0.064053418,0.000382332,0.920243471,0.002761173,2.24637e-05,0.008296709,0.004240433,3.42194e-10,,5.12123628424701,0.5665482441586505,0.0149225067,0.8245667409952556,1.0000000000431533,-4.2194026050879074e-11
657.9700478,2.547619109,49.09314145,2220.586827,0.208273134,0.742449683,-9.134722641,1.335214654,0.023615868,9.60706e-13,0.063972939,0.000381992,0.920316462,0.00276297,2.24769e-05,0.008303039,0.004240121,3.40978e-10,,5.112356971302404,0.5659505436874992,0.014876709530303029,0.8242539313206534,1.0000000002419387,-2.409779042977789e-10
656.7161601,2.545033411,48.94834414,2219.776453,0.20824674,0.742508463,-9.135005403,1.335037746,0.02364329,9.62193e-13,0.063895783,0.000381667,0.920386421,0.002764698,2.24895e-05,0.008309123,0.004239817,3.39812e-10,,5.103848161943236,0.565376133963635,0.01483283155757576,0.8239531306731765,0.9999999988407741,1.1601881677592019e-09
655.4622723,2.542444984,48.80382844,2218.964758,0.208220305,0.742567372,-9.135288645,1.334860358,0.023670742,9.63684e-13,0.063818729,0.000381342,0.920456272,0.002766428,2.25022e-05,0.008315218,0.004239508,3.38649e-10,,5.095352781409435,0.5648011179956788,0.01478903892121212,0.8236518396870965,0.9999999995396127,4.6135095743693455e-10
654.2334623,2.539905673,48.66247554,2218.16798,0.208194342,0.742625203,-9.135566859,1.33468588,0.023697674,9.6515e-13,0.063743314,0.000381025,0.920524621,0.002768127,2.25146e-05,0.008321199,0.0042392,3.37511e-10,,5.087041734727504,0.5642370130884873,0.01474620470909091,0.8233560857040032,1.000000000938476,-9.375109577547391e-10
653.0297301,2.53741563,48.52426874,2217.38626,0.208168861,0.742681959,-9.135839935,1.334514424,0.023724084,9.6659e-13,0.063669533,0.000380714,0.920591472,0.002769794,2.25268e-05,0.008327066,0.004238893,3.36399e-10,,5.078913911829651,0.5636838530086792,0.01470432386060606,0.8230659210613253,0.9999999991373657,8.636008574924858e-10
651.8259978,2.534923057,48.38631964,2216.603292,0.208143335,0.742738825,-9.136113531,1.334342448,0.023750521,9.68034e-13,0.063595845,0.000380404,0.920658224,0.002771463,2.2539e-05,0.008332943,0.004238582,3.35289e-10,,5.070798323073889,0.5631301308923913,0.014662521103030304,0.8227752931767266,1.0000000003362568,-3.3528890774903175e-10
650.6704149,2.5325278,48.25413053,2215.850476,0.208118788,0.742793523,-9.136376651,1.334176882,0.023775927,9.69424e-13,0.063525192,0.000380107,0.920722212,0.002773068,2.25508e-05,0.008338592,0.004238278,3.34225e-10,,5.063020371098363,0.5625980274093265,0.014622463796969696,0.8224958573357065,1.0000000001351945,-1.3422507549876173e-10
649.5148319,2.530130199,48.1221781,2215.096522,0.20809419,0.742848306,-9.136640356,1.334010733,0.023801359,9.70819e-13,0.063454625,0.00037981,0.920786108,0.002774676,2.25625e-05,0.008344249,0.004237971,3.33164e-10,,5.0552539217993955,0.5620654032094601,0.014582478212121212,0.8222159990833837,1.0000000018341348,-1.8331638429458508e-09
648.3823606,2.527778273,47.99309369,2214.356517,0.208070046,0.742902099,-9.136899215,1.333847477,0.023826307,9.72189e-13,0.063385551,0.00037952,0.920848638,0.002776253,2.2574e-05,0.0083498,0.004237664,3.32126e-10,,5.047655333047986,0.5615429256563162,0.014543361724242424,0.8219413185246097,1.0000000003330982,-3.321261043964796e-10
647.273001,2.525472152,47.86686333,2213.630573,0.208046349,0.742954879,-9.137153301,1.333687044,0.02385077,9.73535e-13,0.063317966,0.000379236,0.920909805,0.002777801,2.25853e-05,0.008355246,0.004237361,3.31111e-10,,5.040221813296588,0.5610306236292398,0.0145051101,0.8216718572323768,1.0000000006320844,-6.311109412848737e-10
646.1636413,2.52316386,47.74084962,2212.903553,0.208022616,0.743007757,-9.13740781,1.333526188,0.023875256,9.74884e-13,0.063250459,0.000378952,0.920970889,0.002779351,2.25966e-05,0.008360699,0.004237053,3.30097e-10,,5.032799741162922,0.5605178393171053,0.014466924127272726,0.8214019965424626,0.9999999999310719,6.990297229947373e-11
645.0986561,2.520945851,47.62008001,2212.204607,0.207999788,0.743058599,-9.137652629,1.333371275,0.023898785,9.76183e-13,0.063185726,0.000378681,0.921029451,0.002780841,2.26075e-05,0.00836594,0.004236753,3.29126e-10,,5.025685459534178,0.5600251112656398,0.014430327275757576,0.8211425565686341,0.9999999998301022,1.70873981630848e-10
644.0336708,2.51872583,47.4995094,2211.504684,0.207976925,0.743109529,-9.137897859,1.333215953,0.023922337,9.77486e-13,0.063121065,0.000378409,0.921087935,0.002782333,2.26184e-05,0.008371189,0.00423645,3.28157e-10,,5.018580386931246,0.5595319362507764,0.014393790727272728,0.8208827539446802,0.9999999997291342,2.7184321460538285e-10
642.862187,2.516281481,47.36711121,2210.73364,0.20795173,0.743165649,-9.138168121,1.333044588,0.023948268,9.78923e-13,0.06305002,0.000378111,0.921152179,0.002783977,2.26304e-05,0.00837697,0.004236112,3.27093e-10,,5.010776870973427,0.5589889270385181,0.014353670063636362,0.8205965520990718,0.9999999997280719,2.729070303075787e-10
641.5842047,2.513612132,47.22295025,2209.89112,0.207924195,0.743226994,-9.138463515,1.332857082,0.023976588,9.80495e-13,0.062972615,0.000377787,0.921222157,0.002785773,2.26435e-05,0.008383287,0.004235738,3.25934e-10,,5.002277449097432,0.5583959343448676,0.014309984924242423,0.8202838192602687,1.0000000008269145,-8.259339878691208e-10
640.3062224,2.510939868,47.07907407,2209.047177,0.207896603,0.743288459,-9.138759558,1.332668927,0.024004939,9.82072e-13,0.062895312,0.000377463,0.921292024,0.002787572,2.26566e-05,0.008389613,0.004235358,3.24778e-10,,4.993792903617583,0.5578022940874469,0.014266386081818181,0.8199705582217439,0.99999999892576,1.0752221335508239e-09
639.0793594,2.508371748,46.94122024,2208.235635,0.207870061,0.743347579,-9.139044376,1.332487681,0.024032187,9.8359e-13,0.062821198,0.000377153,0.921358993,0.002789303,2.26692e-05,0.008395696,0.004234989,3.23671e-10,,4.985660670496317,0.5572317892952979,0.014224612193939393,0.8196693240273416,1.0000000015246548,-1.5236711892185895e-09
637.8524964,2.505800928,46.80362775,2207.42277,0.207843465,0.743406811,-9.139329794,1.332305836,0.024059463,9.85114e-13,0.062747178,0.000376843,0.92142586,0.002791036,2.26818e-05,0.008401787,0.004234614,3.22566e-10,,4.977542425173701,0.5566606847013723,0.0141829175,0.8193675987519612,1.0000000001235512,-1.225661794279631e-10
636.6501707,2.503278902,46.66903992,2206.624859,0.207817352,0.743464971,-9.139610068,1.332127063,0.024086223,9.86611e-13,0.062674728,0.00037654,0.921491292,0.002792737,2.26942e-05,0.008407766,0.004234242,3.21485e-10,,4.969598673647889,0.5561004196362958,0.01414213330909091,0.8190714242135025,0.9999999995224716,4.785150053976395e-10
635.4723822,2.500805819,46.53744132,2205.842023,0.207791722,0.743522046,-9.139885191,1.331951369,0.024112465,9.88082e-13,0.062603845,0.000376243,0.921555294,0.002794406,2.27063e-05,0.008413631,0.004233874,3.20428e-10,,4.96182913221055,0.5555510272002405,0.014102254945454546,0.8187808453256457,0.9999999996214162,3.795719294430455e-10
634.2945937,2.498330234,46.40608187,2205.057939,0.207766045,0.743579232,-9.140160838,1.331775151,0.024138733,9.89557e-13,0.062533048,0.000375947,0.921619203,0.002796078,2.27185e-05,0.008419505,0.0042335,3.19373e-10,,4.954071949879598,0.5550010789478722,0.014062449051515153,0.8184898031958682,0.9999999998203626,1.806269578352726e-10
633.1639167,2.495951312,46.28020142,2204.304052,0.207741353,0.743634235,-9.14042595,1.331605492,0.024163977,9.90978e-13,0.062465163,0.000375664,0.921680468,0.002797686,2.27301e-05,0.008425153,0.004233136,3.18363e-10,,4.946636329876775,0.5544726042655566,0.01402430346060606,0.8182099698131038,1.0000000004193539,-4.1836289987884356e-10
632.0332398,2.493570072,46.15454061,2203.549027,0.207716613,0.743689332,-9.140691598,1.331435296,0.024189246,9.92402e-13,0.062397357,0.00037538,0.921741648,0.002799295,2.27418e-05,0.008430808,0.004232768,3.17354e-10,,4.939211813701307,0.5539436146423081,0.013986224427272726,0.8179297140190369,0.9999999981183464,1.882646039064184e-09
630.9251764,2.491234203,46.03160559,2202.807981,0.207692324,0.743743422,-9.140952433,1.331268005,0.024214035,9.93802e-13,0.062330984,0.000375103,0.921801522,0.002800876,2.27533e-05,0.008436358,0.004232404,3.16368e-10,,4.931946090581096,0.5534247041325453,0.01394897139090909,0.8176546470541416,1.0000000006173617,-6.163680676962713e-10
629.8397265,2.488943837,45.91138331,2202.081011,0.207668489,0.743796501,-9.141208417,1.331103656,0.024238341,9.95177e-13,0.062266038,0.000374832,0.921860094,0.002802426,2.27646e-05,0.008441803,0.004232042,3.15403e-10,,4.924839015696464,0.5529159020599104,0.013912540396969696,0.8173848049235992,0.9999999999163982,8.45969960749926e-11
628.7542766,2.486651322,45.79136217,2201.35297,0.207644614,0.743849673,-9.141464865,1.330938841,0.02426267,9.96556e-13,0.062201164,0.000374562,0.921918588,0.002803978,2.27758e-05,0.008447254,0.004231677,3.1444e-10,,4.917742298963103,0.5524066225894911,0.013876170354545454,0.8171145652513124,0.9999999991154367,8.855599586965468e-10
627.7122447,2.484448481,45.67633081,2200.653046,0.207621652,0.7439008,-9.141711528,1.330780148,0.024286049,9.97884e-13,0.062138953,0.000374302,0.921974669,0.002805471,2.27867e-05,0.008452495,0.004231323,3.13517e-10,,4.9109382647717945,0.5519172640911179,0.013841312366666667,0.8168547622561713,1.0000000000145148,-1.3516965324811281e-11
626.6702129,2.482243651,45.56148421,2199.952142,0.207598652,0.743952014,-9.141958619,1.330621026,0.024309449,9.99214e-13,0.062076808,0.000374044,0.922030678,0.002806966,2.27975e-05,0.008457742,0.004230964,3.12596e-10,,4.904144508017832,0.5514274637387692,0.013806510366666669,0.8165945954973426,0.9999999998135952,1.8740398122218949e-10
625.5239778,2.479816035,45.43536599,2199.18002,0.207573308,0.744008447,-9.142230926,1.330445484,0.024335215,1.00068e-12,0.062008526,0.000373759,0.922092204,0.002808612,2.28095e-05,0.008463523,0.004230566,3.11585e-10,,4.896680937395504,0.5508881717424848,0.013768292724242424,0.8163079935116777,0.9999999998125857,1.8841495030841315e-10
624.3985834,2.477430208,45.31175726,2198.420742,0.207548378,0.744063954,-9.142498812,1.330272604,0.024360538,1.00213e-12,0.061941562,0.00037348,0.922152528,0.002810232,2.28212e-05,0.008469206,0.00423017,3.10594e-10,,4.889364640744183,0.5503581631226625,0.013730835533333333,0.8160261590574444,0.9999999995115961,4.894059602023049e-10
623.3982328,2.475307511,45.20206288,2197.744883,0.20752618,0.744113378,-9.142737364,1.330118503,0.024383068,1.00342e-12,0.061882103,0.000373233,0.922206079,0.002811673,2.28316e-05,0.008474265,0.004229815,3.09714e-10,,4.882869822014454,0.5498866085182125,0.013697594812121213,0.8157752886879569,0.9999999999107174,9.028600089777683e-11
622.197812,2.472757835,45.07065262,2196.932643,0.207499494,0.74417279,-9.143024169,1.329933038,0.024410132,1.00497e-12,0.061810832,0.000372937,0.922270253,0.002813406,2.28442e-05,0.008480344,0.004229384,3.08661e-10,,4.875087363565881,0.5493202010386449,0.01365777352121212,0.8154737954047242,1.000000000509666,-5.086611132298913e-10
620.9973913,2.47020549,44.9394851,2196.119071,0.207472757,0.744232317,-9.143311572,1.329746975,0.024437224,1.00652e-12,0.061739648,0.000372641,0.922334333,0.002815141,2.28568e-05,0.008486433,0.004228948,3.0761e-10,,4.867316735322219,0.5487532006439135,0.013618025787878787,0.8151718076998262,1.0000000011086165,-1.1076100037143988e-09
619.820979,2.467701599,44.81117588,2195.320467,0.207446502,0.744290763,-9.14359381,1.32956405,0.024463803,1.00805e-12,0.061669971,0.000372351,0.92239704,0.002816845,2.28691e-05,0.008492408,0.004228516,3.06582e-10,,4.859713630284822,0.5481969642474374,0.013579144206060606,0.8148753759284743,1.0000000004075902,-4.065821013199411e-10
618.6685751,2.46524631,44.68571059,2194.536951,0.207420735,0.744348124,-9.143870842,1.329384305,0.024489867,1.00955e-12,0.061601797,0.000372068,0.922458378,0.002818516,2.28812e-05,0.008498271,0.004228088,3.05577e-10,,4.852276561165243,0.5476515247272393,0.01354112442121212,0.8145845446331607,0.9999999995065866,4.944229470282835e-10
617.5161712,2.462788545,44.56046757,2193.75219,0.207394918,0.744405589,-9.144148446,1.329203988,0.024515958,1.01106e-12,0.061533703,0.000371785,0.92251963,0.00282019,2.28933e-05,0.008504143,0.004227656,3.04574e-10,,4.844850212122546,0.5471055351665973,0.01350317199090909,0.814293251209489,1.0000000006055851,-6.045739464610733e-10
616.4098635,2.460426756,44.44044305,2192.997659,0.207370088,0.744460858,-9.144415456,1.329030373,0.024541031,1.01251e-12,0.061468407,0.000371514,0.922578351,0.0028218,2.2905e-05,0.008509787,0.004227236,3.03612e-10,,4.837732082051921,0.5465808665597781,0.013466800924242423,0.8140131787820156,1.0000000003046245,-3.036120244104268e-10
615.3035557,2.458062676,44.32062266,2192.241989,0.207345215,0.744516226,-9.14468297,1.328856254,0.024566129,1.01396e-12,0.061403183,0.000371244,0.922636992,0.002823412,2.29166e-05,0.00851544,0.004226812,3.02653e-10,,4.83062368888917,0.5460556890100439,0.013430491715151515,0.8137326835720523,0.9999999999036671,9.734690831209036e-11
614.2193741,2.455743648,44.20339626,2191.500312,0.207320793,0.744570582,-9.144945648,1.328685103,0.02459075,1.01539e-12,0.061339335,0.000370979,0.922694383,0.002824994,2.29281e-05,0.008520988,0.004226392,3.01714e-10,,4.823667236106687,0.5455405197083261,0.013394968563636363,0.8134573823878847,0.9999999994027293,5.982859763165038e-10
613.1573187,2.453469803,44.08875174,2190.772723,0.207296828,0.744623919,-9.145203451,1.32851696,0.024614892,1.01679e-12,0.061276858,0.000370721,0.922750529,0.002826547,2.29393e-05,0.00852643,0.004225977,3.00797e-10,,4.816862291367915,0.5450353877561183,0.013360227799999999,0.8131873104923192,1.0000000016018136,-1.6007968284270646e-09
612.0952633,2.451193832,43.9742942,2190.044065,0.20727282,0.744677348,-9.145461734,1.328348336,0.024639056,1.0182e-12,0.061214447,0.000370462,0.922806601,0.002828102,2.29505e-05,0.00853188,0.004225557,2.99881e-10,,4.81006666385602,0.5445297835155485,0.013325543696969698,0.8129168417973843,0.9999999998008994,2.001188104117091e-10
611.0756901,2.449006896,43.86459059,2189.343551,0.207249735,0.74472873,-9.145710118,1.328186025,0.024662277,1.01956e-12,0.061154595,0.000370214,0.922860363,0.002829597,2.29613e-05,0.008537119,0.004225151,2.99003e-10,,4.8035512285318855,0.5440439582939377,0.013292300178787879,0.8126568198016557,1.0000000006000225,-5.990030693681092e-10
610.0561169,2.446817991,43.75505876,2188.642058,0.207226605,0.744780188,-9.145959002,1.328023214,0.024685518,1.02092e-12,0.061094804,0.000369967,0.922914057,0.002831094,2.29721e-05,0.008542365,0.004224741,2.98127e-10,,4.797044445992025,0.5435576956613275,0.013259108715151515,0.812396434413427,1.000000000399148,-3.9812708685360576e-10
608.56754,2.44361865,43.59545006,2187.616108,0.207192771,0.744855479,-9.14632312,1.327784763,0.02471949,1.02291e-12,0.061007619,0.000369607,0.922992331,0.002833283,2.29879e-05,0.008550036,0.004224136,2.9685e-10,,4.787559960646475,0.5428469658775874,0.013210742442424242,0.8120156146631897,1.000000000197873,-1.968500917826077e-10
607.0993546,2.440459005,43.43838483,2186.602149,0.207159318,0.744929918,-9.14668318,1.327548648,0.024753041,1.02488e-12,0.060921756,0.000369252,0.923069392,0.002835447,2.30035e-05,0.008557618,0.004223531,2.95594e-10,,4.778222724943394,0.5421450545128579,0.013163146918181818,0.8116392458215006,0.9999999997966188,2.044060476436016e-10
605.9248062,2.437928329,43.31298738,2185.789508,0.207132497,0.744989596,-9.14697191,1.327359074,0.024779915,1.02646e-12,0.060853156,0.000368968,0.923130942,0.002837182,2.3016e-05,0.008563694,0.004223042,2.94591e-10,,4.7707653013434825,0.5415828678606077,0.013125147690909092,0.8113376036921057,1.0000000002956175,-2.9459101824613754e-10
604.7502579,2.435395014,43.18781576,2184.975538,0.207105618,0.745049382,-9.147261282,1.327168858,0.024806818,1.02804e-12,0.060784636,0.000368686,0.923192403,0.00283892,2.30286e-05,0.008569779,0.004222548,2.93591e-10,,4.763319226230276,0.5410200949576582,0.013087216896969697,0.8110354682546083,1.000000000894619,-8.935909789897778e-10
603.5992005,2.4329098,43.06536615,2184.17655,0.207079229,0.745108088,-9.147545424,1.326981889,0.02483321,1.0296e-12,0.060717565,0.000368409,0.92325255,0.002840625,2.30409e-05,0.008575751,0.004222058,2.92612e-10,,4.756033451531057,0.5404680076344351,0.013050110954545455,0.8107388939472808,0.9999999991936416,8.073879342873624e-10
602.4716341,2.430472834,42.9456252,2183.392657,0.207053327,0.7451657,-9.147824349,1.326798153,0.024859091,1.03114e-12,0.060651936,0.000368138,0.923311387,0.002842299,2.30529e-05,0.008581611,0.004221575,2.91655e-10,,4.7489056394263685,0.5399266385468131,0.013013825818181819,0.8104479227143037,0.9999999991926862,8.083449465345893e-10
601.3440677,2.428033421,42.82609105,2182.607517,0.207027377,0.745223421,-9.148103822,1.32661387,0.024884999,1.03267e-12,0.060586382,0.000367868,0.923370143,0.002843976,2.3065e-05,0.00858748,0.004221086,2.90701e-10,,4.741788548768559,0.5393847258610621,0.01297760334848485,0.8101564886105936,1.0000000002917337,-2.907010188124559e-10
600.2616039,2.425689275,42.71153254,2181.85263,0.207002419,0.745278934,-9.148372646,1.326436428,0.024909896,1.03415e-12,0.060523518,0.000367609,0.923426473,0.002845588,2.30766e-05,0.008593122,0.004220613,2.89785e-10,,4.734965525577819,0.5388639766256305,0.012942888648484849,0.8098762840403929,0.9999999998908191,1.102150593013107e-10
599.1791402,2.423342861,42.59716398,2181.096601,0.206977415,0.745334546,-9.148641981,1.326258475,0.024934818,1.03564e-12,0.060460722,0.000367351,0.923482729,0.002847202,2.30882e-05,0.008598773,0.004220135,2.88872e-10,,4.728151903058794,0.5383427235567064,0.01290823150909091,0.8095956555741401,1.0000000004899077,-4.888720539497626e-10
598.1183257,2.421041173,42.48526666,2180.354574,0.206952867,0.745389141,-9.148906449,1.326083562,0.024959266,1.0371e-12,0.060399246,0.000367098,0.923537788,0.002848787,2.30996e-05,0.008604318,0.004219663,2.87979e-10,,4.721483564618544,0.5378314063152878,0.01287432323030303,0.8093202244743697,0.9999999998890161,1.1202105909546844e-10
597.0791605,2.418784335,42.37582931,2179.626644,0.206928775,0.745442712,-9.149166024,1.325911713,0.024983238,1.03853e-12,0.060339089,0.000366851,0.923591653,0.002850342,2.31108e-05,0.008609758,0.004219197,2.87105e-10,,4.714959815549637,0.5373300524478268,0.012841160396969697,0.8090500260038884,1.0000000010881436,-1.087104850583387e-09
596.0399953,2.416525395,42.26656598,2178.897646,0.206904641,0.745496376,-9.149426073,1.325739391,0.025007233,1.03996e-12,0.060278992,0.000366604,0.923645451,0.002851899,2.3122e-05,0.008615206,0.004218726,2.86233e-10,,4.708444689438483,0.5368282316235753,0.012808050296969698,0.8087794311052252,1.0000000002872729,-2.862328152275495e-10
594.5435974,2.413268818,42.10953194,2177.846023,0.206869817,0.745573818,-9.14980137,1.325490421,0.025041826,1.04204e-12,0.060192562,0.000366249,0.923722801,0.002854145,2.31382e-05,0.008623064,0.004218042,2.8498e-10,,4.699077702930581,0.5361047869307642,0.012760464224242422,0.8083890818599367,1.0000000014860222,-1.4849801388550077e-09
593.0671515,2.410051365,41.95494387,2176.806247,0.206835365,0.745650408,-9.15017271,1.325243723,0.025076005,1.0441e-12,0.060107408,0.000365899,0.923798981,0.002856367,2.31542e-05,0.008630833,0.004217358,2.83747e-10,,4.689853045690708,0.5353900335878465,0.012713619354545454,0.8080031300722056,1.000000000484791,-4.83747042423488e-10
591.6306095,2.40691676,41.80486888,2175.792513,0.206801761,0.745725108,-9.150534969,1.325002739,0.025109306,1.0461e-12,0.060024675,0.00036556,0.92387297,0.002858533,2.31697e-05,0.008638407,0.004216686,2.8255e-10,,4.680893827149766,0.5346936848292239,0.012668142084848484,0.8076268447476896,1.000000000983596,-9.825500413285226e-10
590.5771454,2.404615467,41.69502336,2175.047811,0.206777069,0.745780008,-9.15080118,1.324825462,0.025133754,1.04758e-12,0.059964077,0.000365312,0.923927147,0.002860124,2.31812e-05,0.008643972,0.004216187,2.81674e-10,,4.674333804744166,0.5341824553365837,0.012634855563636364,0.8073504207215273,1.0000000004827216,-4.816740339919079e-10
589.4279118,2.402102466,41.57539356,2174.234129,0.206750074,0.745839996,-9.15109226,1.324631401,0.025160453,1.0492e-12,0.059898043,0.000365041,0.92398617,0.002861863,2.31937e-05,0.00865005,0.00421564,2.8072e-10,,4.667187348235691,0.5336241951644831,0.01259860410909091,0.8070483921860113,1.000000000981769,-9.807199496947305e-10
588.2786783,2.399586852,41.45597382,2173.419133,0.206723029,0.745900104,-9.151383909,1.324436771,0.025187181,1.05082e-12,0.059832082,0.000364771,0.92404511,0.002863605,2.32062e-05,0.008656139,0.004215087,2.79768e-10,,4.660050964096348,0.5330653545175519,0.012562416309090909,0.8067458759102041,1.0000000004808187,-4.797680031032314e-10
587.175414,2.397169398,41.34152808,2172.635483,0.206697018,0.745957921,-9.151664442,1.324249375,0.025212866,1.05238e-12,0.05976883,0.000364512,0.924101616,0.00286528,2.32182e-05,0.008661993,0.004214551,2.78856e-10,,4.653210050435114,0.5325283199974361,0.012527735781818183,0.8064549948757742,1.0000000004799083,-4.788558438661994e-10
586.0721498,2.394749522,41.2272752,2171.850615,0.206670955,0.746015839,-9.151945571,1.324061385,0.025238578,1.05395e-12,0.059705645,0.000364254,0.924158046,0.002866958,2.32302e-05,0.008667856,0.004214011,2.77946e-10,,4.646378252916615,0.5319907474329117,0.012493113696969697,0.8061636617350467,1.000000000479,-4.779461271198215e-10
584.9909508,2.392375692,41.11549403,2171.080236,0.206645364,0.746072702,-9.152221639,1.323876592,0.025263802,1.05549e-12,0.05964379,0.000364001,0.924213274,0.002868605,2.32421e-05,0.008673611,0.004213477,2.77056e-10,,4.639691985254933,0.5314634039323172,0.012459240615151515,0.8058777067290833,1.0000000003781113,-3.7705594202464e-10
583.9318172,2.390048041,41.00617314,2170.324451,0.20662025,0.746128505,-9.152492593,1.323695051,0.025288536,1.057e-12,0.059583261,0.000363754,0.924267304,0.002870221,2.32536e-05,0.008679256,0.00421295,2.76185e-10,,4.633151253107998,0.5309463190414436,0.012426113072727273,0.8055971688325649,0.999999999877242,1.2381506930836395e-10
582.8726835,2.387718144,40.89702889,2169.567517,0.206595088,0.746184406,-9.152764083,1.323512974,0.025313294,1.05852e-12,0.059522794,0.000363507,0.924321266,0.002871839,2.32653e-05,0.00868491,0.004212419,2.75316e-10,,4.6266185763723815,0.5304287352043513,0.012393039057575758,0.8053162044416823,1.0000000005763745,-5.753160170485216e-10
581.8559152,2.385479326,40.79241636,2168.839785,0.206570888,0.746238161,-9.153025237,1.323337656,0.025337085,1.05998e-12,0.059464804,0.00036327,0.924373003,0.002873396,2.32764e-05,0.008690346,0.004211905,2.74483e-10,,4.62035530065588,0.5299313844583778,0.01236133829090909,0.8050460794663135,1.000000000675543,-6.74483136009485e-10
580.8391469,2.383238428,40.68796608,2168.110996,0.206546648,0.746292015,-9.153286838,1.323161891,0.025360899,1.06144e-12,0.059406871,0.000363034,0.924424677,0.002874954,2.32876e-05,0.008695789,0.004211387,2.73652e-10,,4.6141001437214575,0.5294335716428875,0.012329686690909092,0.8047755621458244,0.9999999998747134,1.2634793211674378e-10
579.3546651,2.379962974,40.53575947,2167.045059,0.206511178,0.746370803,-9.153669685,1.322904365,0.025395709,1.06358e-12,0.059322391,0.00036269,0.924500007,0.002877234,2.33039e-05,0.008703751,0.004210623,2.72441e-10,,4.604981489322128,0.5287059334470621,0.012283563475757577,0.804379899723573,1.0000000001735045,-1.7244095040780394e-10
577.8905187,2.376728024,40.38597524,2165.991505,0.206476103,0.746448703,-9.154048335,1.322649319,0.02543009,1.06571e-12,0.059239187,0.000362351,0.924574172,0.002879488,2.33201e-05,0.00871162,0.004209862,2.71249e-10,,4.5960037507395635,0.5279872931664824,0.012238174315151515,0.803988833715345,1.0000000003723148,-3.7124903151664057e-10
576.4849382,2.373618381,40.24249674,2164.97801,0.206442345,0.746523665,-9.154412823,1.322403491,0.025463141,1.06776e-12,0.059159421,0.000362026,0.924645246,0.002881657,2.33356e-05,0.008719189,0.004209124,2.70108e-10,,4.587400366168307,0.5272964896863598,0.012194695981818182,0.8036126371046264,0.9999999988711757,1.1298920687963232e-09
574.9856523,2.370296997,40.08979163,2163.894694,0.206406246,0.746603826,-9.154802639,1.322140245,0.025498444,1.06995e-12,0.059074457,0.000361681,0.924720926,0.002883975,2.33522e-05,0.00872728,0.004208328,2.68894e-10,,4.578239718595432,0.526558648195866,0.012148421706060607,0.8032105238159203,0.9999999994699641,5.311058259849233e-10
573.8611879,2.367802948,39.97549159,2163.080667,0.206379107,0.746664076,-9.155095747,1.321942065,0.025524954,1.0716e-12,0.059010815,0.000361422,0.924777596,0.002885718,2.33647e-05,0.008733359,0.004207726,2.67986e-10,,4.571380175249963,0.5260045981879402,0.01211378533030303,0.8029083672207389,1.0000000009690577,-9.679861356914898e-10
572.7367235,2.365306312,39.86138725,2162.265315,0.206351915,0.746724443,-9.155389461,1.321743279,0.025551493,1.07325e-12,0.05894724,0.000361164,0.924834189,0.002887463,2.33772e-05,0.008739448,0.004207118,2.67079e-10,,4.564530269497472,0.5254499734810528,0.012079208257575757,0.8026057188022043,0.9999999994681523,5.32920929607883e-10
571.6572376,2.362907101,39.75203083,2161.481333,0.206325759,0.746782503,-9.155672013,1.321551858,0.025576996,1.07485e-12,0.058886274,0.000360916,0.924888446,0.002889141,2.33892e-05,0.008745303,0.004206531,2.6621e-10,,4.557962684248514,0.5249169916216083,0.01204606994848485,0.8023147145335454,1.0000000004672847,-4.66209959526509e-10
570.5777518,2.360505493,39.64285409,2160.696125,0.206299554,0.74684067,-9.155955139,1.321359863,0.025602527,1.07644e-12,0.05882537,0.000360669,0.924942632,0.002890823,2.34012e-05,0.008751167,0.004205939,2.65343e-10,,4.55140388910637,0.5243834772714755,0.012012986087878787,0.8020232551890897,1.0000000014664197,-1.4653431801292527e-09
569.5198557,2.358149588,39.53603479,2159.92542,0.206273823,0.746897777,-9.156233167,1.321171143,0.025627572,1.07802e-12,0.058765745,0.000360428,0.924995666,0.002892473,2.3413e-05,0.008756922,0.004205354,2.64495e-10,,4.544984985473633,0.5238601157882319,0.011980616603030304,0.8017371791760222,1.0000000012655732,-1.2644951752349698e-09
568.4835493,2.35583952,39.4315623,2159.169311,0.20624857,0.746953819,-9.156506055,1.32098574,0.025652131,1.07956e-12,0.058707395,0.000360191,0.925047551,0.002894092,2.34246e-05,0.008762569,0.004204777,2.63665e-10,,4.538704495815846,0.5233469369398175,0.011948958272727274,0.8014565210147744,0.9999999998647446,1.363348323124569e-10
567.4472428,2.353527228,39.32725441,2158.412055,0.20622327,0.747009959,-9.156779483,1.320799798,0.025676714,1.08111e-12,0.058649103,0.000359955,0.925099372,0.002895714,2.34362e-05,0.008768224,0.004204196,2.62837e-10,,4.532432059275126,0.5228332640324581,0.011917349821212122,0.801175437101537,1.0000000004639182,-4.628371019776978e-10
565.9549616,2.35019361,39.17733973,2157.319595,0.206186756,0.747090977,-9.157174166,1.320531094,0.025712157,1.08334e-12,0.058565263,0.000359616,0.92517388,0.002898055,2.34529e-05,0.008776382,0.004203351,2.61648e-10,,4.523413918688526,0.5220927047734695,0.011871921130303031,0.8007699296749137,1.0000000001627314,-1.6164802829621294e-10
564.4825775,2.346899895,39.02975704,2156.239364,0.206150633,0.747171116,-9.15756469,1.32026487,0.025747178,1.08556e-12,0.058482657,0.000359282,0.925247264,0.002900369,2.34694e-05,0.008784449,0.00420251,2.60477e-10,,4.514531275554194,0.5213610099182941,0.011827199103030303,0.8003689614994485,1.0000000006615626,-6.604770064200238e-10
563.0499875,2.343690852,38.88648001,2155.186105,0.206115394,0.747249284,-9.157945711,1.320004789,0.0257813,1.08773e-12,0.058402395,0.000358958,0.925318538,0.002902626,2.34856e-05,0.008792314,0.004201683,2.59341e-10,,4.505904190406737,0.5206481248468364,0.011783781821212121,0.7999780049915142,0.9999999998604288,1.4065903997106943e-10
561.6555999,2.340563251,38.747323,2154.158801,0.206081006,0.747325553,-9.158317578,1.319750637,0.025814557,1.08984e-12,0.058324377,0.000358643,0.925387795,0.002904828,2.35013e-05,0.008799986,0.00420087,2.58237e-10,,4.497521168587541,0.5199533320184523,0.01174161303030303,0.799596682653488,1.0000000005593268,-5.58237012171503e-10
560.2803135,2.33747449,38.61036083,2153.14351,0.206047004,0.747400954,-9.158685336,1.319498981,0.025847403,1.09194e-12,0.058247529,0.000358333,0.925455988,0.002907005,2.35168e-05,0.008807568,0.004200061,2.57152e-10,,4.489266712810487,0.5192671674497005,0.011700109342424242,0.7992198193901339,1.000000001058244,-1.0571519215574199e-09
559.1800844,2.335000609,38.500997,2152.329803,0.206019745,0.747461411,-9.1589802,1.319296999,0.025873712,1.09362e-12,0.058186122,0.000358086,0.925510462,0.002908749,2.35293e-05,0.008813645,0.004199408,2.56285e-10,,4.482672893567387,0.518717597738898,0.011666968787878788,0.7989177815749321,1.0000000015573787,-1.556285100789978e-09
558.0798553,2.332524169,38.39181575,2151.514769,0.205992426,0.747521973,-9.159275754,1.319094327,0.025900048,1.09531e-12,0.058124778,0.000357839,0.925564863,0.002910497,2.35418e-05,0.008819731,0.00419875,2.5542e-10,,4.476088025726802,0.5181674595493004,0.011633883560606061,0.7986152511940022,1.0000000000565152,-5.541989089863364e-11
557.0016308,2.330094768,38.28499488,2150.714745,0.205965602,0.74758144,-9.159565981,1.318895124,0.025925886,1.09697e-12,0.058064723,0.000357597,0.925618107,0.002912213,2.3554e-05,0.008825705,0.004198101,2.54574e-10,,4.4696430758074,0.5176277710173971,0.0116015136,0.7983182923364909,1.0000000002556708,-2.5457391750194347e-10
555.9454109,2.32771255,38.18052358,2149.929823,0.205939277,0.747639804,-9.159850848,1.318699424,0.025951222,1.09859e-12,0.058005952,0.00035736,0.925670196,0.002913896,2.3566e-05,0.008831567,0.004197461,2.53747e-10,,4.463337268261248,0.5170985641326162,0.01156985563030303,0.7980269391516418,0.9999999982548455,1.7462530310652369e-09
554.8891909,2.325327957,38.07621957,2149.143668,0.205912896,0.747698268,-9.160136349,1.31850309,0.025976584,1.10023e-12,0.05794724,0.000357124,0.92572222,0.002915583,2.3578e-05,0.008837438,0.004196816,2.52922e-10,,4.457039742116638,0.5165688296444206,0.011538248354545455,0.7977351282926841,0.9999999992540223,7.470779550544648e-10
553.8752198,2.323036506,37.97624486,2148.387799,0.205887527,0.747754502,-9.160410935,1.318314104,0.026000957,1.1018e-12,0.05789093,0.000356898,0.925772101,0.002917205,2.35896e-05,0.008843083,0.004196192,2.5213e-10,,4.45100157475277,0.516059786540331,0.011507952987878788,0.7974545592164209,0.9999999988532319,1.1478699102340784e-09
552.8612486,2.320742854,37.87642384,2147.630794,0.205862108,0.747810831,-9.160686086,1.318124553,0.026025354,1.10338e-12,0.057834674,0.000356672,0.925821921,0.002918829,2.36012e-05,0.008848737,0.004195565,2.51341e-10,,4.444970148071065,0.5155502544867191,0.011477704193939394,0.7971735684712302,0.9999999994524443,5.486591181380618e-10
551.3808508,2.31739016,37.73096056,2146.523512,0.20582491,0.747893247,-9.161088809,1.317846806,0.026061018,1.10569e-12,0.057752635,0.000356343,0.925894549,0.002921206,2.36181e-05,0.008857006,0.004194642,2.5019e-10,,4.436177720403849,0.5148054575171035,0.011433624412121212,0.7967625593044265,0.9999999993512956,6.498099835994253e-10
549.9207323,2.314078773,37.58780942,2145.429003,0.205788125,0.747974749,-9.161487115,1.317571764,0.026096243,1.10798e-12,0.057671831,0.000356019,0.925966055,0.002923556,2.36349e-05,0.008865181,0.004193722,2.49058e-10,,4.427520614489228,0.5140698368482252,0.011390245278787878,0.7963562913147463,0.999999999150166,8.509419835434073e-10
548.5190186,2.310895509,37.45068208,2144.376024,0.205752713,0.74805318,-9.161870614,1.317306598,0.026130108,1.11019e-12,0.057594362,0.000355709,0.926034584,0.002925817,2.3651e-05,0.008873045,0.004192831,2.47974e-10,,4.419224023953157,0.5133626785508422,0.011348691539393939,0.795965438739294,0.9999999992490842,7.520258860083118e-10
547.1359944,2.307750515,37.31566822,2143.334917,0.205717687,0.74813076,-9.162249996,1.317043972,0.026163567,1.11238e-12,0.057518025,0.000355404,0.926102086,0.002928053,2.36669e-05,0.008880821,0.004191944,2.46907e-10,,4.411051328889917,0.5126640218882721,0.011307778248484848,0.7955789929010852,1.0000000001480194,-1.4690693106444996e-10
545.7903493,2.30468653,37.18457469,2142.319877,0.205683519,0.748206421,-9.162620139,1.316787429,0.026196165,1.11452e-12,0.057443844,0.000355107,0.926167656,0.002930233,2.36824e-05,0.008888403,0.004191074,2.45872e-10,,4.403111740546154,0.5119833612783424,0.011268052936363637,0.7952022228057775,0.9999999996469864,3.5412817123159357e-10
544.2652847,2.301209239,37.03632459,2141.167015,0.205644696,0.748292394,-9.16304078,1.316495535,0.026233163,1.11695e-12,0.057359885,0.000354772,0.926241841,0.00293271,2.37001e-05,0.008897014,0.004190078,2.44701e-10,,4.394129317363408,0.5112108852339222,0.011223128663636363,0.7947742949156288,1.0000000003458178,-3.4470071241798905e-10
543.1887686,2.298751617,36.93188333,2140.351634,0.205617223,0.748353216,-9.163338493,1.316288702,0.026259313,1.11867e-12,0.05730069,0.000354536,0.926294125,0.002934462,2.37125e-05,0.008903105,0.00418937,2.43876e-10,,4.387797947006903,0.5106649274405596,0.011191479796969696,0.7944716357326587,1.0000000007449947,-7.438760718514459e-10
542.1337828,2.296340681,36.82969579,2139.551267,0.205590243,0.748412931,-9.163630893,1.316085365,0.026284967,1.12036e-12,0.057242736,0.000354305,0.926345298,0.002936183,2.37248e-05,0.008909083,0.004188671,2.4307e-10,,4.381601304605887,0.5101293408863625,0.011160513875757576,0.7941745495578565,1.0000000010441905,-1.0430700747576793e-09
541.1003273,2.293976573,36.72975188,2138.766007,0.205563763,0.748471536,-9.163917915,1.315885588,0.026310124,1.12203e-12,0.057186019,0.000354079,0.926395363,0.002937871,2.37368e-05,0.00891495,0.004187982,2.42281e-10,,4.375537910578287,0.5096041571164617,0.011130227842424243,0.7938830709116542,1.0000000010434031,-1.0422811502763807e-09
540.0668718,2.29161011,36.62996404,2137.979512,0.205537232,0.748530251,-9.164205513,1.315685234,0.026335307,1.1237e-12,0.057129356,0.000353853,0.926445367,0.002939562,2.37488e-05,0.008920825,0.004187288,2.41494e-10,,4.3694824200325595,0.5090784501861223,0.011099989103030302,0.793591133848968,1.0000000000426177,-4.1494141456155376e-11
538.5786959,2.288198255,36.48654324,2136.844791,0.20549894,0.748614995,-9.164620664,1.315395716,0.026371616,1.12611e-12,0.057047855,0.000353529,0.926517264,0.002942002,2.37662e-05,0.008929303,0.004186281,2.40363e-10,,4.3607746445486875,0.5083205106709838,0.011056528254545455,0.7931699396701005,1.0000000004414893,-4.4036307933481567e-10
537.1103624,2.284827076,36.34535062,2135.722677,0.205461049,0.748698821,-9.165031547,1.31510879,0.026407494,1.1285e-12,0.056967549,0.000353209,0.926588077,0.002944416,2.37833e-05,0.008937686,0.004185279,2.3925e-10,,4.3521977684826325,0.507571607280686,0.011013742612121211,0.7927534250512421,0.9999999995403783,4.607501047360074e-10
535.6817135,2.281542403,36.20827453,2134.628485,0.205424081,0.748780593,-9.165432485,1.31482846,0.026442453,1.13083e-12,0.056889517,0.000352899,0.926656857,0.00294677,2.38001e-05,0.008945861,0.004184295,2.3817e-10,,4.343866692432054,0.5068419210950161,0.010972204403030303,0.7923472747279792,0.9999999993393008,6.618300352201345e-10
534.291162,2.278340944,36.07513762,2133.561177,0.205388003,0.748860387,-9.165823826,1.31455451,0.026476528,1.13312e-12,0.056813663,0.000352599,0.926723689,0.002949067,2.38164e-05,0.008953836,0.004183329,2.37122e-10,,4.335770870685784,0.5061307208001046,0.010931859884848485,0.7919511034077527,0.9999999996382551,3.6287806093326935e-10
532.9196591,2.275179095,35.94409813,2132.506262,0.205352326,0.748939283,-9.166210885,1.314283234,0.026510184,1.13538e-12,0.056738942,0.000352302,0.926789497,0.002951338,2.38326e-05,0.008961718,0.004182369,2.3609e-10,,4.327798413018249,0.5054283198194061,0.01089215094848485,0.7915595322134239,0.9999999988372256,1.1639098573823503e-09
531.6030163,2.272139741,35.81855527,2131.491453,0.205317988,0.749015205,-9.166583473,1.314021798,0.026542537,1.13756e-12,0.056667298,0.000352019,0.926852572,0.002953523,2.38481e-05,0.008969302,0.004181439,2.35102e-10,,4.320156725457011,0.5047531309567217,0.010854107657575756,0.7911828478624141,1.0000000013362396,-1.335101806887451e-09
530.1985973,2.268893453,35.68491766,2130.406729,0.205281269,0.749096392,-9.166981967,1.313741866,0.026577095,1.13989e-12,0.05659097,0.000351717,0.926919742,0.002955859,2.38647e-05,0.008977409,0.004180439,2.3405e-10,,4.312017983708157,0.5040319719529774,0.010813611412121213,0.7907802119417975,1.00000000093519,-9.340499484977727e-10
529.1452831,2.266455807,35.58487514,2129.591643,0.205253662,0.749157414,-9.16728161,1.313531145,0.026603045,1.14165e-12,0.056533788,0.00035149,0.926970046,0.002957615,2.38771e-05,0.0089835,0.004179683,2.33263e-10,,4.305922991842169,0.5034904518041671,0.010783295496969698,0.7904776622591212,0.9999999993344046,6.667369989443728e-10
528.0919688,2.264015644,35.48499147,2128.775232,0.205225999,0.749218551,-9.167581896,1.313319779,0.026629024,1.14341e-12,0.056476661,0.000351265,0.927020286,0.002959374,2.38896e-05,0.008989602,0.004178923,2.32477e-10,,4.299834913944928,0.5029483725068117,0.010753027718181818,0.7901746207530915,1.0000000008336203,-8.324767541978417e-10
527.0807872,2.261670713,35.38925232,2127.990225,0.205199389,0.749277352,-9.167870782,1.313116258,0.026653989,1.14511e-12,0.056421869,0.000351048,0.927068457,0.002961065,2.39017e-05,0.008995469,0.004178189,2.31725e-10,,4.293997124381803,0.5024274488845671,0.010724015854545453,0.7898832360173106,0.9999999989328701,1.0682750239965344e-09
526.0696055,2.25932345,35.29365906,2127.203988,0.205172727,0.749336259,-9.168160277,1.312912128,0.026678981,1.14681e-12,0.056367127,0.000350832,0.92711657,0.00296276,2.39137e-05,0.009001346,0.00417745,2.30973e-10,,4.288166186917593,0.5019060072113065,0.010695048200000001,0.7895913947209829,0.9999999989321199,1.069026978051113e-09
524.5932803,2.255892246,35.15435432,2126.053866,0.205133708,0.74942246,-9.168584001,1.312613036,0.026715514,1.1493e-12,0.056287293,0.000350518,0.927186711,0.00296524,2.39313e-05,0.009009944,0.004176363,2.29879e-10,,4.279664908471401,0.5011437693389171,0.010652834642424244,0.7891644838844096,1.0000000005310283,-5.298790295427125e-10
523.1371787,2.252503146,35.01726116,2124.916914,0.205095114,0.749507707,-9.169003182,1.31231678,0.026751602,1.15177e-12,0.056208655,0.000350208,0.92725577,0.002967691,2.39487e-05,0.009018443,0.004175283,2.28802e-10,,4.271293747019116,0.5003908848198635,0.01061129126060606,0.7887424615863717,0.9999999989299538,1.071197908153465e-09
521.7393212,2.249245016,34.88593436,2123.823009,0.205057961,0.749589757,-9.169406782,1.312031187,0.026786297,1.15416e-12,0.056133259,0.000349912,0.927321954,0.002970051,2.39654e-05,0.009026622,0.004174236,2.27771e-10,,4.263270558571437,0.49966709512995644,0.010571495260606061,0.7883364177939031,0.9999999996289253,3.7222891435817473e-10
520.3601017,2.246025902,34.75662927,2122.741346,0.205021204,0.749670918,-9.169806148,1.311748257,0.026820578,1.15652e-12,0.05605896,0.00034962,0.927387148,0.002972385,2.3982e-05,0.009034709,0.004173196,2.26756e-10,,4.2553664514002065,0.4989519727978715,0.010532311899999999,0.787934918078029,1.0000000002279126,-2.2675594735233062e-10
519.0181585,2.242889557,34.63107645,2121.686677,0.204985345,0.749750082,-9.170195813,1.311471879,0.026853979,1.15882e-12,0.055986757,0.000349336,0.927450477,0.002974661,2.39981e-05,0.009042596,0.004172175,2.25771e-10,,4.247687709226397,0.498255237500326,0.010494265590909092,0.7875434381958096,1.0000000003269298,-3.257709657589203e-10
517.7120004,2.239832824,34.50911499,2120.657997,0.204950352,0.749827323,-9.170576134,1.311201825,0.026886535,1.16108e-12,0.055916562,0.000349061,0.927512019,0.002976881,2.40139e-05,0.009050288,0.004171174,2.24815e-10,,4.240225063123,0.4975761879135389,0.010457307572727273,0.7871616051038711,0.9999999991259761,8.751849245314247e-10
516.4237349,2.236814064,34.38905882,2119.641338,0.20491575,0.749903686,-9.17095226,1.310934455,0.026918687,1.16331e-12,0.055847407,0.00034879,0.927572625,0.002979077,2.40295e-05,0.009057892,0.00417018,2.23874e-10,,4.232874564424982,0.4969055739833691,0.010420926915151516,0.7867842340561042,1.0000000007250374,-7.238740717951941e-10
515.3931225,2.234396258,34.2931813,2118.826526,0.204888005,0.749964908,-9.171253888,1.310719831,0.02694444,1.1651e-12,0.05579214,0.000348574,0.927621043,0.002980837,2.4042e-05,0.009063986,0.004169379,2.23122e-10,,4.227002206093777,0.4963684612668736,0.010391873121212121,0.7864817860787853,1.000000001224287,-1.2231218260438936e-09
514.0533264,2.231249381,34.1687624,2117.765284,0.204851852,0.75004467,-9.171646983,1.310439843,0.02697796,1.16744e-12,0.055720368,0.000348293,0.927683897,0.002983129,2.40582e-05,0.009071924,0.00416833,2.22148e-10,,4.2193782634286,0.4956693862981014,0.010354170424242424,0.7860878663815473,0.9999999994233154,5.778520995036729e-10
512.5692446,2.227758672,34.03123687,2116.587127,0.204811694,0.750133252,-9.172083701,1.310128412,0.027015145,1.17004e-12,0.055640966,0.000347983,0.927753403,0.002985675,2.40763e-05,0.009080738,0.00416716,2.21071e-10,,4.210945859447241,0.4948939294609998,0.010312496021212121,0.7856505493051981,1.000000001522241,-1.5210708248503124e-09
511.1049505,2.224309402,33.89584526,2115.421959,0.204771956,0.750220891,-9.172515936,1.309819793,0.02705189,1.17262e-12,0.055562723,0.000347677,0.927821862,0.002988194,2.40941e-05,0.009089455,0.004165995,2.20011e-10,,4.202639862831734,0.49412767824827775,0.010271468260606062,0.7852180535824587,1.0000000003211837,-3.2001112870716497e-10
509.6802319,2.22094847,33.76439858,2114.285679,0.204733182,0.750306395,-9.172937751,1.309518254,0.027087697,1.17514e-12,0.055486691,0.000347381,0.927888356,0.002990651,2.41115e-05,0.009097957,0.004164852,2.18982e-10,,4.194571256306949,0.49338105121679693,0.010231635933333334,0.7847962807223782,0.9999999997201573,2.810178756362802e-10
508.2935058,2.217672519,33.63672696,2113.177217,0.204695331,0.750389828,-9.173349592,1.309223481,0.0271226,1.1776e-12,0.055412777,0.000347093,0.927952969,0.002993048,2.41285e-05,0.009106252,0.004163732,2.17984e-10,,4.1867293299455985,0.4926533026130147,0.010192947563636362,0.7843848335543996,0.9999999997191615,2.8201596613541824e-10
506.925776,2.214436942,33.51106441,2112.081531,0.204657899,0.750472334,-9.17375695,1.308931588,0.027157074,1.18004e-12,0.055339963,0.00034681,0.928016593,0.002995419,2.41453e-05,0.009114452,0.004162618,2.17001e-10,,4.179006849315657,0.49193452304513346,0.010154868003030304,0.7839781286771068,1.000000000518181,-5.170011085908754e-10
505.6127553,2.211326566,33.39067082,2111.027414,0.204621868,0.75055174,-9.17414912,1.308650264,0.027190217,1.18239e-12,0.055270144,0.000346538,0.928077575,0.0029977,2.41615e-05,0.009122341,0.004161541,2.16061e-10,,4.1716041882090025,0.49124355672993597,0.010118385096969697,0.7835868536903523,1.0000000007172434,-7.160609882816971e-10
504.3172416,2.208253594,33.27211473,2109.985175,0.204586224,0.750630278,-9.174537147,1.308371605,0.027222963,1.18472e-12,0.055201332,0.000346271,0.92813765,0.002999956,2.41775e-05,0.009130143,0.00416047,2.15134e-10,,4.164310403558506,0.4905608996686851,0.010082459009090909,0.7831999876679655,0.9999999997163189,2.84865908639631e-10
503.0567418,2.205259785,33.15698387,2108.969017,0.204551455,0.750706878,-9.174915708,1.308099456,0.027254866,1.187e-12,0.055134455,0.000346012,0.928196012,0.003002156,2.4193e-05,0.00913775,0.004159421,2.14235e-10,,4.157223802216348,0.4898958285733786,0.01004757086969697,0.7828228025851042,0.9999999992154219,7.857651196374604e-10
501.8298553,2.202342114,33.04513196,2107.977972,0.204517526,0.750781608,-9.175285172,1.307833566,0.02728596,1.18922e-12,0.055069431,0.00034576,0.928252735,0.003004303,2.42082e-05,0.00914517,0.004158392,2.13362e-10,,4.150335594713216,0.4892476714438776,0.010013676351515151,0.7824549391323298,0.9999999994145513,5.866378494090441e-10
500.6197755,2.199460826,32.93501363,2106.99858,0.20448398,0.750855483,-9.175650529,1.307570364,0.027316668,1.19142e-12,0.055005365,0.000345512,0.928308599,0.003006425,2.42233e-05,0.009152504,0.004157371,2.12503e-10,,4.1435502804860604,0.48860759675439225,0.00998030716060606,0.78209140112675,0.9999999995136944,4.874970427337644e-10
499.1676797,2.1959992,32.80314031,2105.846032,0.204441069,0.750939318,-9.176117816,1.307225665,0.027353555,1.194e-12,0.054928584,0.000345226,0.928375985,0.003009075,2.42457e-05,0.00916157,0.004155314,2.11501e-10,,4.135597284570173,0.48783860067102097,0.00994034554848485,0.7816635897894563,0.9999999999126951,8.849898591734018e-11
497.7349452,2.192579128,32.67330978,2104.724651,0.204396744,0.751018575,-9.176600505,1.306863928,0.027389996,1.1965e-12,0.054852927,0.000344953,0.928442691,0.003011767,2.42712e-05,0.009170719,0.004152671,2.10535e-10,,4.127891060123441,0.48707883575914207,0.009901002963636362,0.7812473472509887,0.9999999994117317,5.894648102966471e-10
496.3409332,2.189246642,32.54725517,2103.630934,0.204353498,0.751095909,-9.177071531,1.306510585,0.027425506,1.19894e-12,0.054779404,0.000344688,0.928507482,0.003014394,2.4296e-05,0.009179642,0.004150094,2.09598e-10,,4.120402206434018,0.486338527972602,0.009862804596969697,0.7808413732417578,1.000000000210797,-2.0959789459595868e-10
494.9840949,2.185998413,32.42481415,2102.563867,0.204311294,0.751171393,-9.177531302,1.30616536,0.027460121,1.20132e-12,0.054707925,0.00034443,0.928570441,0.003016958,2.43202e-05,0.009188347,0.004147579,2.08687e-10,,4.113122051431341,0.48561693777802495,0.009825701257575759,0.7804452913777036,1.0000000004098883,-4.086870841746304e-10
493.6458434,2.182790209,32.30429353,2101.508971,0.204269558,0.751246045,-9.177986054,1.305823583,0.027494311,1.20369e-12,0.054637505,0.000344177,0.928632437,0.003019493,2.43441e-05,0.009196952,0.004145092,2.07791e-10,,4.105950398126176,0.48490423908941566,0.009789179857575759,0.7800537272359362,1.0000000003089946,-3.0779090387511587e-10
492.361122,2.179706143,32.18882037,2100.493974,0.204229388,0.751317899,-9.178423838,1.305494256,0.027527179,1.20597e-12,0.054569977,0.000343934,0.928691857,0.003021933,2.43672e-05,0.009205231,0.0041427,2.06933e-10,,4.099073132552299,0.4842191175093089,0.009754187990909092,0.7796769731016883,0.9999999994081391,5.930669289000434e-10
491.0935302,2.176659159,32.07510392,2099.490296,0.204189658,0.751388987,-9.178856895,1.30516821,0.027559655,1.20823e-12,0.054503421,0.000343695,0.928750396,0.003024345,2.439e-05,0.009213418,0.004140334,2.06087e-10,,4.09229511304931,0.4835422336512333,0.009719728460606059,0.7793044204380315,0.9999999992072952,7.93912935392882e-10
489.8601977,2.173690664,31.96466747,2098.511624,0.204150908,0.751458331,-9.179279354,1.30484987,0.027591296,1.21043e-12,0.054438731,0.000343464,0.928807266,0.003026699,2.44122e-05,0.009221401,0.004138027,2.05267e-10,,4.085707336868674,0.48288278603080653,0.00968626286969697,0.778941149687406,1.0000000004064773,-4.0526693112497014e-10
488.659754,2.170797657,31.85737119,2097.557033,0.2041131,0.751525993,-9.179691608,1.304538957,0.027622134,1.21259e-12,0.054375831,0.000343238,0.928862537,0.003028995,2.44339e-05,0.009229187,0.004135777,2.04469e-10,,4.079301874388271,0.48224010797946143,0.009653748845454545,0.7785868175014331,0.9999999991056815,8.955310937253103e-10
487.4757547,2.167940722,31.75173296,2096.613561,0.204075723,0.751592891,-9.180099242,1.304231278,0.027652589,1.21472e-12,0.054313855,0.000343017,0.928916973,0.003031265,2.44553e-05,0.009236883,0.004133553,2.03685e-10,,4.072990573451989,0.4816054432798531,0.00962173726060606,0.7782366125485642,1.0000000015048998,-1.5036849543292874e-09
486.0549556,2.16450772,31.62521335,2095.478815,0.204030757,0.751673388,-9.180589733,1.303860731,0.027689187,1.21729e-12,0.054239564,0.000342751,0.928982194,0.003033995,2.44811e-05,0.009246138,0.004130877,2.02745e-10,,4.065425882202824,0.4808428059839102,0.009583397984848484,0.7778154090900108,1.0000000003039622,-3.0274494022819454e-10
484.6531005,2.161115468,31.50064325,2094.35643,0.203986266,0.751753043,-9.181075132,1.303493677,0.027725353,1.21984e-12,0.054166349,0.00034249,0.929046434,0.003036697,2.45066e-05,0.009255292,0.004128231,2.0182e-10,,4.057970765179848,0.4800892212518195,0.00954564946969697,0.7773987938793572,0.9999999998030398,1.9818002794380618e-10
483.2891333,2.157810092,31.37968983,2093.261722,0.203942861,0.751830769,-9.18154879,1.303135167,0.027760595,1.22233e-12,0.054095195,0.000342237,0.929108834,0.003039332,2.45315e-05,0.00926422,0.00412565,2.00922e-10,,4.0507257682527325,0.4793549359194152,0.009508996918181817,0.7769924520233772,0.9999999997021443,2.9907809562246257e-10
481.9615386,2.15458829,31.26219785,2092.193681,0.2039005,0.751906635,-9.182011136,1.302784897,0.027794949,1.22476e-12,0.054026016,0.000341991,0.929169471,0.003041904,2.45557e-05,0.00927293,0.004123132,2.0005e-10,,4.043682114211335,0.4786392164513393,0.009473393287878789,0.7765960086227599,0.9999999999012749,9.99499372156265e-11
480.6521302,2.15140619,31.14654296,2091.137815,0.203858611,0.751981668,-9.182468428,1.302438146,0.027828881,1.22717e-12,0.053957858,0.000341749,0.929229182,0.003044448,2.45797e-05,0.009281541,0.004120643,1.99191e-10,,4.036742322643476,0.4779323167351667,0.009438346351515152,0.7762040844291792,1.0000000009004184,-8.99191165970592e-10
479.395098,2.148347218,31.03572643,2090.121881,0.203818296,0.752053896,-9.182908613,1.30210408,0.027861502,1.2295e-12,0.053892496,0.000341517,0.929286416,0.003046895,2.46028e-05,0.009289826,0.004118247,1.98369e-10,,4.030087717613946,0.4772527697572025,0.009404765584848485,0.7758269824923035,0.9999999999995984,1.63113966777928e-12
478.1548263,2.14532503,30.9265907,2089.117272,0.203778417,0.752125344,-9.183344121,1.301773277,0.027893733,1.2318e-12,0.053828072,0.000341289,0.9293428,0.003049316,2.46257e-05,0.009298018,0.004115879,1.97559e-10,,4.023528493346994,0.47658139430092505,0.009371694151515151,0.7754540842531435,0.9999999998987907,1.0244105563828043e-10
476.9480755,2.142380692,30.82059801,2088.137682,0.203739523,0.752195043,-9.183768951,1.301450321,0.027925135,1.23405e-12,0.053765451,0.000341067,0.92939758,0.003051678,2.4648e-05,0.009306007,0.004113569,1.96773e-10,,4.017152898681716,0.4759273131292095,0.009339575154545456,0.7750904727524516,1.000000000198007,-1.967728202600938e-10
475.7735047,2.13951123,30.71761456,2087.182191,0.203701576,0.752263054,-9.18418351,1.30113492,0.02795574,1.23625e-12,0.05370456,0.000340852,0.929450822,0.003053982,2.46697e-05,0.009313798,0.004111316,1.96009e-10,,4.010953957954911,0.4752898655715061,0.009308368048484849,0.7747358064977861,0.9999999998972452,1.0399103800295961e-10
474.6150239,2.136677548,30.6162181,2086.237824,0.203664063,0.752330301,-9.184593402,1.300822828,0.027985966,1.23842e-12,0.05364456,0.00034064,0.929503261,0.003056259,2.46912e-05,0.009321499,0.004109089,1.95258e-10,,4.004845603760228,0.4746603664980881,0.009277641848484848,0.7743852693321617,0.9999999993964964,6.047420342270016e-10
473.2248469,2.133272487,30.49477296,2085.101994,0.203618929,0.752411212,-9.185086653,1.300446937,0.028022288,1.24104e-12,0.053572635,0.000340387,0.92956609,0.003058999,2.4717e-05,0.009330761,0.004106411,1.94357e-10,,3.9975233349559556,0.4739039362619389,0.00924084029090909,0.7739636635064275,1.000000000195598,-1.9435697495850945e-10
471.8532056,2.129907847,30.37519301,2083.97853,0.203574275,0.752491281,-9.185574767,1.300074617,0.028058182,1.24364e-12,0.053501748,0.000340137,0.929627978,0.00306171,2.47426e-05,0.009339922,0.004103762,1.93471e-10,,3.9903068282484,0.47315648550268463,0.009204603942424243,0.77354664778453,0.9999999997947145,2.0652912713359228e-10
470.5186357,2.126629377,30.25907898,2082.882759,0.203530711,0.752569415,-9.186051061,1.299710988,0.028093159,1.24618e-12,0.053432853,0.000339895,0.929688094,0.003064354,2.47675e-05,0.009348858,0.004101178,1.92611e-10,,3.9832931129893687,0.4724281773060596,0.009169417872727273,0.7731399113563052,0.9999999996938572,3.0738900314020157e-10
469.2196544,2.1234338,30.1462824,2081.813674,0.203488191,0.752645672,-9.186516027,1.299355683,0.028127253,1.24866e-12,0.053365866,0.00033966,0.929746514,0.003066936,2.47919e-05,0.009357575,0.004098657,1.91775e-10,,3.9764740602914928,0.471718283690426,0.00913523709090909,0.7727430804360045,1.0000000000930236,-9.177503201840409e-11
467.9384673,2.120277603,30.03524415,2080.756772,0.20344615,0.752721103,-9.186975856,1.299004013,0.02816093,1.25112e-12,0.053299865,0.000339429,0.929804044,0.003069488,2.48159e-05,0.009366193,0.004096165,1.90953e-10,,3.9697553791043423,0.4710171382947801,0.009101589136363636,0.77235077169224,1.000000000092204,-9.095302289097162e-11
466.7085277,2.117243533,29.92884618,2079.739832,0.203405682,0.752793704,-9.187418552,1.298665148,0.028193306,1.25349e-12,0.053236569,0.000339207,0.929859188,0.003071944,2.48391e-05,0.009374485,0.004093767,1.90165e-10,,3.9633120897580163,0.4703431232663876,0.009069347327272728,0.7719732963408035,0.9999999992914185,7.098350796042041e-10
465.4949873,2.114245947,29.82405722,2078.734222,0.203365659,0.752865532,-9.187856476,1.298329673,0.028225294,1.25584e-12,0.053174177,0.000338989,0.929913517,0.003074374,2.4862e-05,0.009382685,0.004091395,1.89389e-10,,3.9569610879741384,0.4696772131150401,0.009037593096969698,0.7716000265430197,0.9999999991906448,8.106111337724542e-10
464.3142452,2.111325578,29.72228159,2077.753648,0.203326622,0.7529356,-9.18828368,1.298002147,0.02825646,1.25814e-12,0.053113529,0.000338778,0.929966301,0.003076744,2.48843e-05,0.009390681,0.004089083,1.88636e-10,,3.9507874195621513,0.4690284566280601,0.009006751996969698,0.7712360497938904,1.0000000004898941,-4.886360205347273e-10
463.1649897,2.108479475,29.62339119,2076.797193,0.203288532,0.753003967,-9.18870059,1.297682258,0.028286835,1.26038e-12,0.053054554,0.000338572,0.930017604,0.003079056,2.49061e-05,0.009398479,0.004086828,1.87904e-10,,3.9447843346591287,0.4683961982443204,0.008976785209090909,0.7708810257145363,0.9999999992891645,7.120958267492483e-10
462.0314773,2.10566886,29.52602059,2075.851865,0.203250881,0.753071572,-9.189112778,1.297365761,0.028316833,1.2626e-12,0.052996439,0.00033837,0.930068135,0.003081341,2.49277e-05,0.009406188,0.004084599,1.87183e-10,,3.9388684533300276,0.46777182347741475,0.008947278966666666,0.7705301318377857,0.9999999998884457,1.1281697798182222e-10
460.6712625,2.102291519,29.40939193,2074.71487,0.203205582,0.753152916,-9.189608785,1.296984585,0.028352882,1.26527e-12,0.05292677,0.000338128,0.930128681,0.003084091,2.49536e-05,0.009415459,0.004081918,1.8632e-10,,3.9317768343798387,0.46702155120617306,0.008911936948484848,0.7701080935786881,1.0000000007875853,-7.863198980828656e-10
459.3291839,2.098954267,29.29454873,2073.59025,0.203160761,0.753233409,-9.190099662,1.296607007,0.028388506,1.26793e-12,0.052858104,0.000337889,0.930188321,0.003086812,2.49792e-05,0.009424629,0.004079266,1.85471e-10,,3.9247874103073155,0.46628018465842264,0.008877135978787878,0.7696906487641145,1.000000000386739,-3.8547098846208883e-10
458.0233777,2.095702484,29.18302869,2072.493338,0.203117035,0.75331196,-9.190578642,1.296238263,0.02842322,1.27052e-12,0.052791363,0.000337658,0.930246256,0.003089466,2.50042e-05,0.009433573,0.00407668,1.84647e-10,,3.9179938806081567,0.4655578049469884,0.008843342027272728,0.7692834888110249,1.0000000003859175,-3.8464698093321203e-10
456.7523929,2.092532918,29.07468967,2071.423135,0.203074358,0.753388627,-9.191046226,1.295877977,0.028457058,1.27305e-12,0.052726468,0.000337434,0.930302558,0.003092057,2.50286e-05,0.009442299,0.004074157,1.83846e-10,,3.9113883870946293,0.4648536896439526,0.008810512021212122,0.7688862429031704,1.0000000017851192,-1.783845959835162e-09
455.498819,2.089402412,28.96803451,2070.365116,0.203032159,0.75346446,-9.191508659,1.295521372,0.028490482,1.27556e-12,0.052662524,0.000337213,0.930358003,0.003094618,2.50527e-05,0.009450926,0.004071662,1.83057e-10,,3.9048798658530814,0.46415825147328654,0.008778192275757575,0.7684935195430395,0.9999999988843326,1.1169429825486077e-09
454.295388,2.086393037,28.86583181,2069.347097,0.202991544,0.753537457,-9.191953827,1.295177798,0.028522614,1.27798e-12,0.052601198,0.000337001,0.930411152,0.003097084,2.5076e-05,0.009459227,0.004069262,1.82302e-10,,3.8986375133050504,0.46348972240966285,0.00874722176060606,0.7681156436803591,1.0000000001835798,-1.8230195131252458e-10
453.1080027,2.083419847,28.76517022,2068.340412,0.20295137,0.75360967,-9.192394237,1.294837628,0.028554362,1.28038e-12,0.052540745,0.000336793,0.930463516,0.003099523,2.50989e-05,0.009467436,0.004066888,1.81559e-10,,3.8924843259156163,0.4628292318005911,0.008716718248484849,0.7677419748560815,1.0000000000828395,-8.155920383501325e-11
451.9527089,2.080523245,28.66739904,2067.358782,0.202912187,0.753680117,-9.192823865,1.29450553,0.028585294,1.28272e-12,0.05248198,0.000336591,0.930514392,0.003101901,2.51213e-05,0.00947544,0.004064574,1.80837e-10,,3.886502862708052,0.4621857551242877,0.008687090618181818,0.7673776061330194,0.9999999994821197,5.19163045886728e-10
450.828223,2.077700304,28.57239556,2066.401289,0.202873958,0.753748858,-9.19324311,1.294181215,0.028615441,1.285e-12,0.052424833,0.000336395,0.930563843,0.003104222,2.51432e-05,0.009483248,0.004062316,1.80135e-10,,3.880686137892117,0.46155864215119696,0.008658301684848485,0.7670221967611067,1.00000000038142,-3.801350345611354e-10
449.719141,2.074912561,28.47884829,2065.45493,0.202836165,0.753816828,-9.193657651,1.293860303,0.028645214,1.28727e-12,0.052368517,0.000336201,0.93061255,0.003106516,2.51648e-05,0.009490965,0.004060085,1.79444e-10,,3.874953845082304,0.4609393483717865,0.008629954027272726,0.7666709201901092,0.9999999989807313,1.0205559730636082e-09
448.3882425,2.0715627,28.36679408,2064.316685,0.202790696,0.753898615,-9.19415647,1.29347384,0.028680993,1.29e-12,0.052301002,0.00033597,0.930670912,0.003109277,2.51907e-05,0.009500247,0.004057402,1.78617e-10,,3.86808161294356,0.46019518074973886,0.008595998206060605,0.7662484179467164,1.0000000008799068,-8.786167349228435e-10
447.0750894,2.068252602,28.25644991,2063.190821,0.20274571,0.753979551,-9.194650112,1.293091054,0.028716349,1.29271e-12,0.052234454,0.000335743,0.930728404,0.003112008,2.52164e-05,0.009509428,0.004054748,1.77803e-10,,3.861307948694273,0.4594598464306717,0.008562560578787879,0.765830511374972,1.0000000015790957,-1.577802999364053e-09
445.7974269,2.065027274,28.14929359,2062.092684,0.202701819,0.754058531,-9.195131823,1.292717205,0.028750803,1.29535e-12,0.052169769,0.000335522,0.930784253,0.003114672,2.52415e-05,0.009518383,0.004052159,1.77013e-10,,3.854723941627961,0.4587433436659053,0.008530088966666667,0.765422896717273,0.9999999996783083,3.2298697050237024e-10
444.5538354,2.061883493,28.04518898,2061.021278,0.202658984,0.754135622,-9.195602042,1.29235197,0.028784388,1.29794e-12,0.05210687,0.000335307,0.93083853,0.003117273,2.5266e-05,0.00952712,0.004049634,1.76245e-10,,3.8483214615327657,0.45804495646983695,0.008498542115151515,0.7650252042709328,1.0000000001775429,-1.7624501857937958e-10
443.3272795,2.05877845,27.94269774,2059.962062,0.202616627,0.754211871,-9.196067117,1.291990442,0.028817561,1.3005e-12,0.052044891,0.000335096,0.930891983,0.003119844,2.52902e-05,0.009535758,0.004047137,1.75489e-10,,3.8420128132177505,0.4573551748742229,0.008467484163636364,0.7646320365994406,0.9999999993767894,6.24511109492687e-10
442.1497857,2.055793552,27.84448076,2058.942882,0.20257586,0.754285273,-9.196514806,1.291642158,0.028849452,1.30297e-12,0.051985445,0.000334894,0.930943223,0.00312232,2.53134e-05,0.00954407,0.004044734,1.74765e-10,,3.835962067769353,0.45669208334692823,0.008437721442424242,0.7642537297881467,0.999999999576068,4.2523495835666836e-10
440.9879919,2.052844542,27.74774064,2057.935042,0.202535537,0.754357887,-9.196957717,1.291297326,0.028880962,1.30541e-12,0.051926844,0.000334696,0.930993708,0.003124768,2.53365e-05,0.009552289,0.004042359,1.74052e-10,,3.8299971231202257,0.4560369642959901,0.008408406254545454,0.7638796322423802,1.0000000006753575,-6.740521474313255e-10
439.8575979,2.049971495,27.65377434,2056.952276,0.202496207,0.754428725,-9.197389793,1.290960678,0.028911663,1.3078e-12,0.051869876,0.000334503,0.93104276,0.003127156,2.53589e-05,0.009560304,0.004040043,1.7336e-10,,3.8241983272513655,0.4553987203348165,0.008379931618181818,0.7635148418503905,1.0000000010746677,-1.0733598454493176e-09
438.7573477,2.047171507,27.56246429,2055.993669,0.202457836,0.754497851,-9.197811414,1.290631941,0.028941584,1.31014e-12,0.051814474,0.000334315,0.931090439,0.003129486,2.53808e-05,0.009568122,0.004037783,1.72687e-10,,3.8185591477122975,0.4547767063432742,0.008352261906060606,0.7631590189756737,0.9999999999739971,2.7313040718013326e-11
437.6721695,2.044406428,27.47255021,2055.046201,0.2024199,0.754566201,-9.198228318,1.290306648,0.028971134,1.31245e-12,0.051759875,0.000334131,0.931137402,0.003131789,2.54025e-05,0.00957585,0.00403555,1.72025e-10,,3.8130013546147934,0.45416244734440714,0.008325015215151516,0.7628073307578095,0.9999999996733374,3.2797498050740614e-10
436.3699556,2.0410838,27.36484324,2053.906612,0.202374259,0.754648442,-9.198730006,1.289914894,0.029006645,1.31524e-12,0.051694416,0.00033391,0.931193676,0.00313456,2.54285e-05,0.009585144,0.004032865,1.71232e-10,,3.80633815352583,0.45342432950079853,0.008292376739393939,0.7623843296385023,0.9999999996725473,3.287680128138959e-10
435.0851046,2.037800606,27.2587749,2052.779412,0.202329105,0.754729835,-9.199226455,1.289526913,0.029041738,1.318e-12,0.051629891,0.000333693,0.931249112,0.003137302,2.54543e-05,0.009594338,0.004030209,1.70451e-10,,3.799769871685372,0.45269497187321306,0.008260234818181817,0.761965927160343,0.9999999994717689,5.295490712597939e-10
433.8349792,2.034601489,27.15576609,2051.679958,0.202285048,0.754809257,-9.199710931,1.289147973,0.029075933,1.3207e-12,0.05156717,0.000333482,0.931302967,0.003139978,2.54794e-05,0.009603306,0.004027618,1.69693e-10,,3.793385232746841,0.4519842918508056,0.008229020027272728,0.7615578236487904,1.0000000005710137,-5.696929594734002e-10
432.6181906,2.031483254,27.05568631,2050.607259,0.202242053,0.754886786,-9.200183831,1.288777796,0.029109267,1.32334e-12,0.051506177,0.000333277,0.931355306,0.003142589,2.55039e-05,0.009612056,0.00402509,1.68956e-10,,3.787176483139457,0.4512915796681402,0.008198692821212121,0.7611596512570951,0.9999999990702793,9.310440196586001e-10
431.4180702,2.028403438,26.95715316,2049.546755,0.202199537,0.754963469,-9.200651554,1.288411387,0.029142192,1.32595e-12,0.051446074,0.000333076,0.931406853,0.003145171,2.55282e-05,0.009620707,0.004022591,1.68232e-10,,3.781058139420724,0.45060740222045975,0.008168834290909092,0.7607660054961849,1.000000000369558,-3.6823211146952417e-10
430.2659547,2.025442787,26.86272512,2048.526325,0.202158615,0.755037284,-9.201101832,1.288058371,0.029173846,1.32847e-12,0.051388424,0.000332883,0.931456267,0.003147656,2.55515e-05,0.009629031,0.004020187,1.67537e-10,,3.77518944027202,0.44994969713526883,0.008140219733333334,0.7603872347005958,0.9999999996688654,3.3246305708445334e-10
429.1292008,2.022517729,26.76971305,2047.517245,0.20211814,0.755110313,-9.201547275,1.287708894,0.029205121,1.33097e-12,0.051331592,0.000332693,0.931504953,0.003150115,2.55746e-05,0.009637263,0.00401781,1.66853e-10,,3.769403735980072,0.4492998989925366,0.008112034257575758,0.7600126768824084,1.000000000768184,-7.668528034798783e-10
428.0231699,2.019668014,26.67936418,2046.533257,0.202078661,0.755181556,-9.201981829,1.287367712,0.029235592,1.33341e-12,0.05127634,0.000332509,0.931552259,0.003152512,2.55971e-05,0.00964529,0.004015492,1.66189e-10,,3.763779079939549,0.448666838207309,0.008084655812121212,0.7596474328993716,0.9999999992675225,7.338110119547991e-10
426.9466332,2.016890761,26.59156578,2045.573454,0.202040144,0.755251076,-9.202405885,1.287034537,0.02926529,1.3358e-12,0.051222605,0.00033233,0.931598242,0.003154852,2.56191e-05,0.00965312,0.004013231,1.65544e-10,,3.7583087242140185,0.44804987476887537,0.008058050236363636,0.759291166084481,0.9999999992668797,7.344561625544088e-10
425.8848435,2.01414813,26.50510628,2044.624794,0.202002065,0.755319817,-9.202825188,1.286704871,0.02929462,1.33816e-12,0.051169647,0.000332154,0.931643536,0.003157165,2.56408e-05,0.00966086,0.004010996,1.64909e-10,,3.7529173477724953,0.4474406025664097,0.008031850387878788,0.7589390354111928,0.9999999989662471,1.0350910129020008e-09
424.6106959,2.010852471,26.40153305,2043.48376,0.201956253,0.755402535,-9.203329741,1.286307882,0.029329866,1.341e-12,0.051106152,0.000331943,0.931697812,0.003159948,2.56669e-05,0.009670169,0.004008308,1.64148e-10,,3.74645331340968,0.4467084758539552,0.00800046456060606,0.7585154979260401,0.999999999065489,9.358520625113442e-10
423.5234233,2.008036277,26.31330392,2042.507798,0.201917058,0.755473319,-9.203761501,1.285967911,0.029359987,1.34344e-12,0.051052016,0.000331764,0.93174406,0.003162329,2.56893e-05,0.009678133,0.00400601,1.635e-10,,3.7409413096842274,0.44608286171885975,0.00797372846060606,0.7581532330933669,1.0000000014648436,-1.46349998786377e-09
422.3002416,2.004863752,26.21421465,2041.407311,0.201872852,0.75555317,-9.204248565,1.285584108,0.029393921,1.3462e-12,0.050991163,0.000331563,0.931796015,0.003165015,2.57145e-05,0.009687112,0.004003418,1.62773e-10,,3.7347459821975164,0.44537808907750637,0.007943701409090908,0.7577447461451926,1.0000000006641192,-6.627729476349487e-10
421.1096781,2.001771432,26.11793874,2040.333586,0.201829709,0.755631116,-9.204724005,1.285209176,0.029427,1.34889e-12,0.050931985,0.000331367,0.93184651,0.003167636,2.57391e-05,0.009695874,0.004000889,1.62067e-10,,3.7287207444445327,0.4446911338811534,0.007914526890909091,0.7573461929151877,1.000000000263416,-2.620670347397436e-10
419.9354237,1.998717209,26.02314656,2039.272059,0.201787046,0.755708212,-9.205194257,1.284838055,0.029459673,1.35156e-12,0.050873666,0.000331175,0.931896242,0.003170228,2.57634e-05,0.009704536,0.003998389,1.61371e-10,,3.7227831327578613,0.44401264188786976,0.007885801987878789,0.7569521674295302,0.9999999995627227,4.3862891097035117e-10
418.8081395,1.995781157,25.93229982,2038.250638,0.201745984,0.755782429,-9.205646944,1.284480534,0.029491084,1.35413e-12,0.050817727,0.000330991,0.931943917,0.003172723,2.57868e-05,0.009712871,0.003995984,1.60705e-10,,3.7170875739077633,0.44336040144116223,0.007858272672727273,0.7565730287871918,0.9999999999620591,3.9295011688977866e-11
417.6958857,1.992880399,25.84281167,2037.240569,0.201705369,0.755855853,-9.206094797,1.284126579,0.02952212,1.35668e-12,0.050762577,0.00033081,0.931990891,0.003175191,2.58099e-05,0.009721115,0.003993606,1.60048e-10,,3.7114719083554872,0.44271600151442037,0.007831155051515151,0.7561981038646298,1.0000000000614047,-6.004796659908607e-11
416.6136929,1.990054354,25.75588234,2036.255607,0.201665755,0.755927483,-9.206531696,1.283781039,0.029552358,1.35917e-12,0.05070896,0.000330634,0.932036535,0.003177598,2.58325e-05,0.009729153,0.003991287,1.59411e-10,,3.7060125637592076,0.4420881989914352,0.00780481283030303,0.7558324983450302,0.9999999996607701,3.405890014462898e-10
415.5603585,1.987300167,25.67140364,2035.294846,0.201627104,0.755997383,-9.20695804,1.283443618,0.02958183,1.36161e-12,0.050656812,0.000330463,0.932080904,0.003179947,2.58545e-05,0.009736995,0.003989025,1.58792e-10,,3.700702427721724,0.44147635963736515,0.007779213224242424,0.7554758759325756,1.0000000006601537,-6.587921319578527e-10
414.5214533,1.984580311,25.58821003,2034.345233,0.201588895,0.756066502,-9.207379596,1.283109767,0.029610936,1.36402e-12,0.050605416,0.000330295,0.932124608,0.003182269,2.58762e-05,0.009744746,0.003986789,1.58182e-10,,3.695468989363307,0.4408721468739604,0.007754003039393939,0.7551233915176606,0.9999999993595461,6.418179321343587e-10
413.1916547,1.981093953,25.48190711,2033.1268,0.201539854,0.756155225,-9.207920769,1.282680856,0.029648247,1.36712e-12,0.050539685,0.000330081,0.932180468,0.00318525,2.59042e-05,0.009754691,0.003983921,1.57404e-10,,3.6887755907284743,0.4400976566063145,0.007721790033333334,0.7546711244961284,1.0000000003587712,-3.57404106310355e-10
412.0613259,1.978126171,25.39171254,2032.088526,0.201498054,0.756230868,-9.208382129,1.282314919,0.02968001,1.36976e-12,0.050483861,0.000329899,0.932227878,0.003187791,2.5928e-05,0.009763166,0.003981477,1.56743e-10,,3.683090917249586,0.43943836737798664,0.0076944583454545456,0.7542857302319266,1.0000000001581129,-1.56743062973419e-10
410.8645072,1.97497941,25.2963752,2030.986565,0.201453682,0.756311193,-9.208871986,1.281926099,0.029713692,1.37258e-12,0.050424802,0.000329707,0.932278005,0.003190488,2.59532e-05,0.009772163,0.003978883,1.56045e-10,,3.6770763011574976,0.4387393181784759,0.007665568242424242,0.7538766961534712,1.0000000013574175,-1.35604505402398e-09
409.7155612,1.971954242,25.2050086,2029.926139,0.201410969,0.756388523,-9.20934362,1.281551459,0.029746074,1.37529e-12,0.050368151,0.000329523,0.932326057,0.003193084,2.59776e-05,0.00978082,0.003976387,1.55376e-10,,3.671307022186762,0.4380672807187561,0.007637881393939394,0.7534830793451811,0.9999999997567514,2.446238767106479e-10
408.5819345,1.968965288,25.11501087,2028.877405,0.201368715,0.756465035,-9.209810278,1.281180502,0.029778071,1.37798e-12,0.0503123,0.000329342,0.932373401,0.003195653,2.60016e-05,0.009789382,0.003973919,1.54718e-10,,3.6656190425917665,0.43740328815590357,0.007610609354545455,0.7530938024603959,0.999999998756096,1.2452819886377142e-09
407.4789464,1.966053172,25.02758891,2027.854644,0.201327499,0.756539685,-9.210265566,1.280818329,0.029809248,1.38061e-12,0.050258,0.000329166,0.932419403,0.003198159,2.60251e-05,0.009797733,0.003971513,1.54079e-10,,3.660088418775006,0.436756365063021,0.007584117851515151,0.7527141664268929,0.9999999992554596,7.45920991640503e-10
406.4053712,1.963214963,24.94263372,2026.856925,0.201287285,0.756612544,-9.210709872,1.280464655,0.029839635,1.38318e-12,0.050205189,0.000328996,0.932464119,0.003200604,2.60479e-05,0.00980588,0.003969165,1.53457e-10,,3.654709667341855,0.4361258603219574,0.0075583738545454545,0.7523438256691688,1.0000000010548404,-1.0534570993314674e-09
405.3465026,1.960411997,24.85897303,2025.870697,0.201247521,0.75668459,-9.211149282,1.280114636,0.029869647,1.38572e-12,0.050153138,0.000328828,0.932508163,0.003203022,2.60706e-05,0.009813933,0.003966844,1.52846e-10,,3.6494082754603436,0.43550318477127026,0.007533022130303031,0.7519777502262749,0.9999999987542317,1.2471540467018372e-09
404.3299887,1.957717741,24.77878068,2024.921879,0.201209259,0.756753936,-9.211572179,1.279777554,0.029898497,1.38818e-12,0.050103205,0.000328668,0.932550392,0.003205349,2.60923e-05,0.009821681,0.003964612,1.52259e-10,,3.6443223459970038,0.4349046590173039,0.0075087214181818185,0.7516255609053716,0.9999999994536471,5.477410747189992e-10
403.3270284,1.955056123,24.6997744,2023.983748,0.20117142,0.75682253,-9.211990472,1.279443931,0.029926999,1.39061e-12,0.050053972,0.000328509,0.932592006,0.00320765,2.61139e-05,0.009829343,0.003962405,1.51682e-10,,3.639307225001217,0.434313383756074,0.007484780121212121,0.7512773384645998,0.9999999990530727,9.483179796987429e-10
402.0258906,1.951598335,24.59745241,2022.763771,0.2011222,0.756911773,-9.212534686,1.279009559,0.02996403,1.39377e-12,0.049990152,0.000328305,0.932645915,0.003210644,2.61419e-05,0.009839307,0.003959535,1.50935e-10,,3.6328063059635918,0.43354524027982083,0.007453773457575757,0.750824498329666,1.000000000052329,-5.093525601296278e-11
400.8548666,1.948481595,24.50552898,2021.662949,0.201077777,0.756992342,-9.213025977,1.278617127,0.029997411,1.39663e-12,0.049932763,0.000328121,0.932694359,0.003213346,2.61671e-05,0.009848298,0.003956946,1.50263e-10,,3.6269601675610965,0.43285286020962077,0.007425917872727273,0.7504158870337005,1.0000000002516596,-2.50262921497324e-10
399.6994563,1.945402002,24.41498531,2020.574168,0.201033825,0.757072065,-9.213512147,1.278228498,0.030030397,1.39947e-12,0.049876182,0.000327941,0.932742088,0.00321602,2.61921e-05,0.009857192,0.003954385,1.49602e-10,,3.6211961664752774,0.4321687323011241,0.0073984803969696965,0.7500117452056553,1.0000000002510014,-2.496021167530671e-10
398.5752733,1.942401422,24.32703547,2019.51225,0.20099095,0.75714986,-9.213986514,1.277849034,0.030062539,1.40224e-12,0.049821174,0.000327765,0.932788462,0.003218628,2.62165e-05,0.009865867,0.003951887,1.48961e-10,,3.615592143708012,0.4315021570362509,0.0073718289303030295,0.7496175745857102,0.9999999996503632,3.5103897566557407e-10
397.4810685,1.939476843,24.24156959,2018.47624,0.20094911,0.757225792,-9.214449519,1.277478403,0.030093868,1.40495e-12,0.049767672,0.000327595,0.932833538,0.003221174,2.62403e-05,0.009874331,0.003949451,1.48337e-10,,3.610141188041296,0.43085246530279675,0.007345930178787879,0.7492330206898641,1.0000000014497419,-1.4483370058826495e-09
396.4018528,1.936588436,24.1574082,2017.452069,0.200907739,0.757300891,-9.214907429,1.277111601,0.030124813,1.40764e-12,0.049714941,0.000327428,0.932877936,0.003223691,2.62638e-05,0.009882698,0.003947043,1.47723e-10,,3.6047688306306793,0.4302108091359601,0.007320426727272727,0.7488528612820758,1.0000000009491306,-9.477230111798463e-10
395.3658057,1.933811914,24.07673799,2016.46666,0.200867924,0.75737318,-9.215348195,1.276758299,0.030154561,1.41023e-12,0.049664355,0.000327267,0.932920502,0.003226114,2.62865e-05,0.00989075,0.003944726,1.47135e-10,,3.599614470479979,0.42959400808830384,0.0072959812090909095,0.7484870898416922,1.0000000006485452,-6.471347901992885e-10
394.3435726,1.931068897,23.99726288,2015.492267,0.200828545,0.757444692,-9.215784215,1.276408576,0.030183952,1.41279e-12,0.049614477,0.00032711,0.932962447,0.00322851,2.63088e-05,0.009898712,0.003942435,1.46555e-10,,3.594532409636117,0.4289846501363989,0.007271897842424243,0.7481254074021065,0.9999999999479678,5.344502618243041e-11
393.0174323,1.927505164,23.89433664,2014.225006,0.200777319,0.757537745,-9.216351536,1.275953209,0.030222139,1.41614e-12,0.049549821,0.000326905,0.933016784,0.003231628,2.6338e-05,0.009909068,0.003939455,1.45805e-10,,3.587944187102494,0.42819297110487414,0.007240708072727272,0.7476550160404363,0.9999999991472212,8.54194937005559e-10
391.7443377,1.924078404,23.79571465,2013.005059,0.20072799,0.757627372,-9.216897973,1.275514247,0.030258862,1.41936e-12,0.049487805,0.00032671,0.933068862,0.00323463,2.6366e-05,0.009919039,0.003936588,1.45087e-10,,3.581624197727928,0.42743172046177946,0.007210822621212121,0.7472021870411257,1.0000000001465066,-1.4508727552708933e-10
390.6622073,1.921161347,23.71202987,2011.965475,0.200685944,0.757703786,-9.217363846,1.275139728,0.030290125,1.42212e-12,0.049435131,0.000326545,0.933113065,0.00323719,2.63899e-05,0.009927535,0.003934144,1.44477e-10,,3.5762566737038313,0.4267836997316455,0.007185463596969696,0.7468163065213823,1.0000000000458993,-4.4477088678718246e-11
389.5164221,1.918068362,23.62356627,2010.862107,0.200641306,0.757784926,-9.217858528,1.274741774,0.030323276,1.42505e-12,0.0493794,0.00032637,0.933159802,0.003239907,2.64152e-05,0.009936554,0.003931551,1.43833e-10,,3.5705768840672154,0.4260965968063364,0.007158656445454546,0.7464067501822041,0.9999999993452581,6.561670096161265e-10
388.4164683,1.915094884,23.53878012,2009.800309,0.200598341,0.757863049,-9.218334779,1.274358382,0.030355149,1.42787e-12,0.049325937,0.000326202,0.933204607,0.003242523,2.64396e-05,0.009945234,0.003929056,1.43216e-10,,3.5651278756070544,0.4254360422184084,0.007132963672727272,0.7460126241047516,0.999999998744644,1.2567838991728308e-09
387.3311806,1.912156992,23.45525755,2008.750199,0.200555838,0.757940351,-9.218805989,1.273978792,0.030386642,1.43067e-12,0.049273224,0.000326038,0.933248755,0.003245112,2.64638e-05,0.00995382,0.003926588,1.42609e-10,,3.5597550770691977,0.4247833930178976,0.007107653803030303,0.7456228364660541,1.0000000009440397,-9.426091018838179e-10
386.275225,1.909294619,23.37411906,2007.726078,0.200514377,0.75801577,-9.219265746,1.27360818,0.030417328,1.43341e-12,0.049221972,0.000325878,0.933291653,0.003247636,2.64873e-05,0.009962192,0.003924182,1.42019e-10,,3.554531245600602,0.42414752027308117,0.007083066381818182,0.7452426956176376,1.0000000004434526,-4.420193100429515e-10
385.2474281,1.906504881,23.29526401,2006.727018,0.200473923,0.75808938,-9.219714436,1.273246257,0.030447238,1.43608e-12,0.049172119,0.000325723,0.933333352,0.0032501,2.65103e-05,0.009970361,0.003921834,1.41445e-10,,3.5494497583418503,0.42352778330680235,0.007059170912121212,0.7448718570975615,0.9999999994428811,5.585549800457557e-10
384.2337108,1.903749778,23.2176047,2005.739449,0.200433924,0.758162175,-9.220158149,1.272888123,0.030476778,1.43873e-12,0.049122981,0.00032557,0.933374428,0.003252537,2.6533e-05,0.009978437,0.003919514,1.40881e-10,,3.5444406053609576,0.4229157404644258,0.007035637787878787,0.7445052838923155,1.0000000001423197,-1.4088108457599446e-10
382.9361525,1.900218034,23.11836786,2004.472165,0.200382585,0.758255637,-9.220727787,1.272428025,0.030514648,1.44214e-12,0.049060131,0.000325375,0.933426929,0.003255664,2.65622e-05,0.009988801,0.003916537,1.4016e-10,,3.538033396870418,0.42213116775106224,0.0070055660181818176,0.7440348839933343,0.9999999993416021,6.598399604484939e-10
381.677521,1.896786628,23.02228701,2003.239453,0.20033263,0.758346597,-9.221282205,1.271979862,0.030551446,1.44546e-12,0.048999216,0.000325187,0.933477773,0.003258707,2.65905e-05,0.009998884,0.003913642,1.39462e-10,,3.531822852896885,0.421368885004614,0.006976450609090909,0.7435773167863997,0.9999999996409075,3.605380438642669e-10
380.3072994,1.89304468,22.9178875,2001.893558,0.200278074,0.758445967,-9.221887834,1.271489908,0.030591577,1.4491e-12,0.048932956,0.000324983,0.933533035,0.003262031,2.66215e-05,0.010009893,0.003910481,1.38704e-10,,3.5250672133567136,0.4205376157235944,0.006944814393939394,0.7430777374718662,1.000000000640153,-6.387037565502851e-10
379.1862091,1.889978168,22.83262431,2000.789348,0.200233304,0.758527542,-9.22238494,1.271087445,0.030624467,1.45209e-12,0.048878785,0.000324816,0.933578179,0.00326476,2.66469e-05,0.010018926,0.003907887,1.38085e-10,,3.5195440093551364,0.4198563937436315,0.006918977063636363,0.7426678685928667,1.000000000039537,-3.8084868592136445e-11
378.1099624,1.887030134,22.75090229,1999.726729,0.200190207,0.758606077,-9.222863578,1.270699663,0.030656089,1.45497e-12,0.048826817,0.000324656,0.933621457,0.003267386,2.66713e-05,0.01002762,0.003905392,1.37492e-10,,3.5142447437656124,0.4192014915099282,0.006894212815151515,0.7422734377705289,0.9999999994389469,5.62508040147236e-10
377.0480656,1.884117377,22.67039506,1998.6758,0.200147576,0.75868379,-9.223337134,1.270315754,0.030687335,1.45783e-12,0.048775576,0.000324499,0.933664101,0.003269985,2.66955e-05,0.010036219,0.003902925,1.36908e-10,,3.5090192832755465,0.41855442601966086,0.006869816684848485,0.7418833461293212,1.0000000006383658,-6.369078597856515e-10
376.0148687,1.881279486,22.59218287,1997.650868,0.200105991,0.758759613,-9.22379917,1.269940941,0.03071778,1.46063e-12,0.048725752,0.000324347,0.933705538,0.00327252,2.67191e-05,0.010044606,0.003900518,1.36341e-10,,3.503938364208647,0.4179239919219176,0.006846116021212121,0.7415029042478939,1.0000000002378016,-2.3634094681312945e-10
375.0092238,1.878513605,22.51616897,1996.651009,0.200065412,0.758833615,-9.224250109,1.269574899,0.030747455,1.46336e-12,0.048677287,0.000324199,0.933745818,0.003274994,2.67421e-05,0.010052789,0.003898171,1.3579e-10,,3.498995421452712,0.417309554759708,0.006823081506060606,0.7411317691490562,1.0000000002372533,-2.357898321037055e-10
373.6999567,1.874907211,22.4173713,1995.345908,0.200012434,0.758930262,-9.224838974,1.269096563,0.030786151,1.46693e-12,0.048614235,0.000324007,0.933798183,0.003278224,2.67722e-05,0.010063471,0.003895108,1.35074e-10,,3.4925643129201966,0.41650839863796246,0.006793142818181818,0.7406473320547977,1.0000000003365408,-3.350739685714643e-10
372.4303644,1.871404198,22.32174667,1994.076674,0.199960896,0.759024306,-9.225411962,1.268630755,0.03082374,1.47041e-12,0.048553142,0.000323822,0.93384888,0.003281367,2.68014e-05,0.01007386,0.003892129,1.34381e-10,,3.486332899819594,0.41573020848194947,0.006764165657575758,0.7401762083403158,1.0000000015358514,-1.5343808446033336e-09
371.2115558,1.86803581,22.2301126,1992.854802,0.199911268,0.759114892,-9.225963856,1.268181754,0.030859889,1.47377e-12,0.048494537,0.000323644,0.933897472,0.003284394,2.68295e-05,0.010083863,0.003889261,1.33717e-10,,3.480354770849239,0.41498192510896964,0.006736397757575757,0.7397226648051904,1.0000000006351908,-6.337170788128788e-10
370.1755685,1.865168429,22.15235094,1991.813557,0.199868967,0.759192126,-9.226434379,1.267798689,0.030890663,1.47664e-12,0.048444756,0.000323494,0.933938716,0.003286974,2.68535e-05,0.010092388,0.003886818,1.33155e-10,,3.475276311707697,0.41434493984293186,0.006712833618181819,0.7393361677431154,0.9999999996346317,3.668449988225575e-10
369.0786407,1.862128104,22.07014229,1990.708405,0.199824058,0.759274141,-9.226934006,1.267391665,0.030923296,1.4797e-12,0.048392082,0.000323335,0.933982329,0.003289714,2.6879e-05,0.010101437,0.003884225,1.3256e-10,,3.4699023985720214,0.4136695352737566,0.006687921906060606,0.7389259492055509,1.0000000011340398,-1.1325600457468e-09
368.0255901,1.859205239,21.99134487,1989.64487,0.19978083,0.759353107,-9.227415034,1.266999536,0.03095467,1.48264e-12,0.048341547,0.000323183,0.934024139,0.003292351,2.69035e-05,0.010110147,0.003881729,1.3199e-10,,3.4647464371785976,0.41302022430335633,0.0066640439,0.7385311783755215,0.9999999996334726,3.680099558422967e-10
366.9865801,1.856317342,21.91371585,1988.593024,0.199738067,0.759431242,-9.227890987,1.266611297,0.030985672,1.48556e-12,0.048291717,0.000323034,0.934065337,0.00329496,2.69277e-05,0.010118762,0.003879262,1.31429e-10,,3.4596618535901325,0.41237868143241085,0.006640519954545454,0.7381407463554347,0.9999999998329145,1.6857104601086803e-10
365.9756515,1.853503667,21.83829702,1987.567187,0.199696353,0.759507481,-9.228355358,1.266232269,0.031015879,1.48841e-12,0.048243263,0.000322889,0.934105371,0.003297506,2.69514e-05,0.010127164,0.003876855,1.30883e-10,,3.4547177614036095,0.41175362689015826,0.006617665763636363,0.7377599685493776,0.9999999995323714,4.691169674941875e-10
364.6681838,1.849859019,21.74091894,1986.236928,0.199642246,0.759606397,-9.22895784,1.265740165,0.03105501,1.49212e-12,0.04818064,0.000322702,0.934157071,0.003300809,2.6982e-05,0.010138061,0.003873735,1.3018e-10,,3.4483271526159975,0.4109439726879807,0.006588157254545455,0.7372661931215976,1.0000000001316722,-1.301798668862375e-10
363.400075,1.846317997,21.64664817,1984.942894,0.199589597,0.759702677,-9.229544223,1.265260836,0.031093032,1.49574e-12,0.048119947,0.000322521,0.934207133,0.003304023,2.70118e-05,0.010148664,0.0038707,1.29499e-10,,3.4421327335217433,0.4101573388779933,0.006559590354545454,0.7367858639586963,0.9999999999309948,7.05010494428393e-11
362.1702682,1.842878173,21.55538988,1983.684335,0.199538378,0.759796375,-9.230114825,1.264794055,0.031129972,1.49926e-12,0.048061131,0.000322346,0.934255606,0.00330715,2.70408e-05,0.010158977,0.003867749,1.2884e-10,,3.436129411273257,0.40939318608289454,0.0065319363272727275,0.7363187026700965,0.9999999999303394,7.115985578565187e-11
360.9777283,1.839537151,21.46705193,1982.460479,0.199488558,0.75988754,-9.23066997,1.264339585,0.031165853,1.5027e-12,0.048004137,0.000322177,0.934302538,0.003310192,2.7069e-05,0.010169006,0.003864879,1.28203e-10,,3.4303119840309035,0.4086509820341449,0.006505167251515152,0.7358644226990975,0.9999999981297057,1.871796939667547e-09
359.9044424,1.836525633,21.38767795,1981.356111,0.19944359,0.759969844,-9.231171176,1.263928986,0.031198198,1.50581e-12,0.047952877,0.000322026,0.934344716,0.003312939,2.70945e-05,0.010178057,0.00386229,1.2763e-10,,3.4250792738143345,0.40798197690562954,0.00648111453030303,0.7354544951724831,0.9999999996291359,3.7236991268230213e-10
358.8454669,1.833549983,21.30948289,1980.263785,0.199399103,0.760051297,-9.231667123,1.263522439,0.031230161,1.50889e-12,0.047902331,0.000321877,0.934386275,0.003315656,2.71197e-05,0.010187012,0.00385973,1.27066e-10,,3.419918568722174,0.40732093981049455,0.006457419057575758,0.7350490374849761,1.0000000008285748,-8.270659712650286e-10
357.8151124,1.830650653,21.23351603,1979.198362,0.199355702,0.760130782,-9.232151056,1.263125488,0.031261307,1.5119e-12,0.047853181,0.000321732,0.934426657,0.003318307,2.71443e-05,0.010195746,0.003857232,1.26519e-10,,3.4149005964428993,0.40667685711224794,0.006434398796969697,0.7346535658530671,0.9999999994280309,5.734810404334212e-10
356.8122341,1.827824738,21.15968348,1978.158897,0.199313346,0.760208365,-9.232623436,1.262737772,0.031291666,1.51485e-12,0.047805369,0.000321592,0.934465911,0.003320895,2.71682e-05,0.010204269,0.003854796,1.25987e-10,,3.4100185888560497,0.4060490834686076,0.006412025296969697,0.7342677295046286,1.0000000003275018,-3.2598701515951234e-10
355.5065688,1.824139836,21.06371968,1976.801938,0.199258042,0.760309705,-9.233240373,1.26223106,0.031331257,1.5187e-12,0.047743162,0.00032141,0.934516941,0.003324275,2.71995e-05,0.010215397,0.003851616,1.25295e-10,,3.403666157838536,0.4052304868883858,0.006382945357575757,0.7337640433723003,1.0000000006268137,-6.252951489926772e-10
354.2404692,1.820560314,20.97083651,1975.482092,0.199204235,0.760408333,-9.233840763,1.261737555,0.031369719,1.52246e-12,0.047682885,0.000321234,0.934566344,0.003327563,2.723e-05,0.010226221,0.003848523,1.24627e-10,,3.397510512596959,0.4044353003493601,0.006354798942424243,0.733274133119294,1.0000000001261495,-1.2462719745087725e-10
353.0250136,1.817118123,20.88182821,1974.211334,0.199152415,0.760503349,-9.234419134,1.261261793,0.031406709,1.52609e-12,0.047625059,0.000321066,0.934613695,0.003330731,2.72593e-05,0.010236645,0.003845545,1.23986e-10,,3.391604543930827,0.40367062172803714,0.00632782673030303,0.7328024437151592,1.000000000425512,-4.2398595745396506e-10
351.8460217,1.813773696,20.79563918,1972.975197,0.199101993,0.76059583,-9.234982035,1.260798424,0.031442652,1.52963e-12,0.047569005,0.000320903,0.934659554,0.003333814,2.72878e-05,0.010246786,0.003842649,1.23366e-10,,3.3858789757528878,0.4029276612626023,0.006301708842424242,0.7323436051912554,0.9999999989248956,1.0766340041712397e-09
350.5625006,1.810126566,20.70197513,1971.625512,0.199046925,0.760696866,-9.235596962,1.260291853,0.031481852,1.5335e-12,0.047508023,0.000320727,0.934709402,0.003337182,2.7319e-05,0.01025786,0.003839488,1.22693e-10,,3.37964933845278,0.4021174556870879,0.0062733257969696974,0.7318426190763385,1.0000000011242263,-1.1226928275931414e-09
349.246308,1.806379866,20.60610672,1970.237184,0.198990263,0.760800861,-9.236229851,1.259770077,0.031522126,1.5375e-12,0.047445534,0.000320547,0.934760432,0.003340647,2.7351e-05,0.010269253,0.003836236,1.22004e-10,,3.373265312735117,0.4012851307549412,0.0062442747636363635,0.7313272891653219,1.0000000001235414,-1.2200396248829293e-10
348.2381605,1.803505422,20.53279849,1969.170821,0.198946732,0.760880785,-9.236716201,1.259368836,0.031553027,1.54058e-12,0.047397701,0.000320409,0.93479946,0.00334331,2.73756e-05,0.010278006,0.003833738,1.21477e-10,,3.3683779543070758,0.4006465764518854,0.006222060148484849,0.7309314686172227,0.9999999997230176,2.7852298245534257e-10
346.9342897,1.799781821,20.43814428,1967.787827,0.198890258,0.760984497,-9.237347297,1.258847813,0.03159306,1.54458e-12,0.047335875,0.000320232,0.934849862,0.003346766,2.74075e-05,0.010289358,0.0038305,1.20797e-10,,3.362060424307283,0.3998193829350129,0.006193377054545454,0.7304181186199912,1.0000000006223413,-6.20796747341501e-10
345.6696695,1.79616383,20.34650909,1966.442309,0.198835299,0.761085462,-9.237961629,1.25834024,0.031631962,1.54848e-12,0.047275952,0.000320061,0.934898665,0.003350129,2.74386e-05,0.010300405,0.003827349,1.2014e-10,,3.3559367404364298,0.3990156505535619,0.006165608815151515,0.7299186792431211,0.9999999997216884,2.7986002404389865e-10
344.443246,1.79264899,20.25780085,1965.133504,0.198781826,0.761183736,-9.238559511,1.257845894,0.031669758,1.55228e-12,0.047217878,0.000319895,0.934945918,0.003353402,2.74688e-05,0.010311153,0.003824285,1.19503e-10,,3.350001047153607,0.3982348330436182,0.00613872753030303,0.7294328672705986,0.9999999999210553,8.049705346735436e-11
343.2539868,1.789234872,20.17193013,1963.860619,0.198729807,0.761279369,-9.239141279,1.257364524,0.031706475,1.556e-12,0.0471616,0.000319736,0.934991667,0.003356586,2.74982e-05,0.010321607,0.003821305,1.18887e-10,,3.344248658407107,0.39747639080573127,0.0061127061,0.728960388350787,0.999999999320443,6.811129438233365e-10
342.112298,1.785951931,20.08963232,1962.635188,0.198679714,0.761371489,-9.239701655,1.25690053,0.031741785,1.55958e-12,0.047107606,0.000319583,0.93503552,0.003359654,2.75265e-05,0.010331673,0.003818437,1.18298e-10,,3.33872896201881,0.39674708938179387,0.006087767369696969,0.7285055237595758,0.9999999996198577,3.817018923157889e-10
341.0048598,1.782762412,20.00993242,1961.443251,0.198630977,0.761461142,-9.24024698,1.256448696,0.031776092,1.56307e-12,0.047055264,0.000319435,0.935077996,0.003362638,2.7554e-05,0.010341465,0.003815647,1.17727e-10,,3.3333778338448887,0.39603854154362816,0.006063615884848484,0.728063091720355,0.9999999991192902,8.822729213875391e-10
339.7992364,1.779284414,19.92331047,1960.141948,0.198577754,0.761559075,-9.240842652,1.255954803,0.031813507,1.56689e-12,0.046998315,0.000319275,0.935124167,0.003365898,2.75841e-05,0.010352158,0.003812602,1.17106e-10,,3.32755478449645,0.3952659084400019,0.0060373668090909095,0.7275800643959794,0.9999999992186729,7.828939718734773e-10
338.4971631,1.775521471,19.82992714,1958.732223,0.198520081,0.76166524,-9.241488293,1.255419083,0.03185399,1.57105e-12,0.046936851,0.000319102,0.935173951,0.003369432,2.76166e-05,0.010363744,0.003809304,1.16438e-10,,3.3212692701377033,0.3944299751447964,0.00600906883030303,0.7270567921873891,1.0000000007180088,-7.164377979762548e-10
337.2345466,1.771865875,19.73954024,1957.360862,0.198463963,0.761768581,-9.242116705,1.254897262,0.031893323,1.5751e-12,0.046877289,0.000318936,0.935222146,0.003372871,2.76483e-05,0.010375016,0.003806095,1.15791e-10,,3.3151779888481845,0.3936178888574887,0.005981678860606061,0.7265477602136036,1.000000001417366,-1.415791039960368e-09
336.0224348,1.768350281,19.65292282,1956.04033,0.198409909,0.761868153,-9.242722177,1.254394118,0.031931154,1.57901e-12,0.046820145,0.000318777,0.935268337,0.003376184,2.76788e-05,0.010385872,0.003803006,1.15172e-10,,3.3093332235512865,0.39283690384734504,0.005955431157575758,0.7260575953260161,0.9999999999167509,8.48280334864171e-11
334.8466863,1.764934303,19.56904776,1954.755608,0.198357305,0.761965084,-9.243311537,1.253904015,0.031967916,1.58283e-12,0.046764749,0.000318623,0.935313073,0.003379409,2.77085e-05,0.010396436,0.003800001,1.14572e-10,,3.303666464347165,0.3920780484126787,0.005930014472727273,0.7255807226605213,0.9999999996161548,3.8542802283103583e-10
333.7063315,1.761615625,19.48783262,1953.505958,0.198306126,0.762059427,-9.243885088,1.253426733,0.032003634,1.58655e-12,0.046711053,0.000318474,0.935356397,0.003382547,2.77374e-05,0.010406713,0.003797078,1.13992e-10,,3.2981731158971734,0.39134080805685445,0.005905403824242424,0.7251168682807912,0.9999999995155784,4.86008233657742e-10
332.6004201,1.758391957,19.40919725,1952.290649,0.19825634,0.762151229,-9.244443164,1.252962019,0.032038333,1.59018e-12,0.046659008,0.000318331,0.935398349,0.0033856,2.77655e-05,0.01041671,0.003794236,1.13431e-10,,3.292847919877557,0.3906246740591062,0.005881574924242424,0.72466576084881,0.9999999996150212,3.865689990334431e-10
331.5280211,1.755261039,19.33306374,1951.10893,0.198207919,0.762240544,-9.244986071,1.252509645,0.032072037,1.59371e-12,0.046608567,0.000318192,0.935438973,0.00338857,2.77928e-05,0.010426432,0.003791473,1.12887e-10,,3.287686272963041,0.389929144363132,0.005858504163636364,0.724227121602813,0.9999999999144809,8.711287247109567e-11
330.2411423,1.75149749,19.24185782,1949.68665,0.198149625,0.762348106,-9.245639839,1.251964516,0.032112555,1.59798e-12,0.046548074,0.000318026,0.935487645,0.003392147,2.78256e-05,0.010438135,0.003788148,1.12237e-10,,3.281495311204907,0.38909307644574986,0.005830866006060606,0.7236991891359602,1.0000000007138352,-7.122371581402831e-10
328.9928699,1.747840092,19.15354854,1948.302622,0.198092883,0.762452844,-9.246276387,1.251433348,0.032151935,1.60215e-12,0.046489432,0.000317866,0.935534778,0.003395629,2.78576e-05,0.010449525,0.003784912,1.11607e-10,,3.275493322709817,0.38828058984629343,0.005804105618181818,0.7231854553309195,0.999999999713209,2.883931982111676e-10
327.7821743,1.744286406,19.06804828,1946.956066,0.198037661,0.762554812,-9.246896041,1.250915902,0.032190202,1.60621e-12,0.046432589,0.000317712,0.935580418,0.003399019,2.78887e-05,0.01046061,0.003781764,1.10998e-10,,3.26967450568456,0.38749114274382446,0.005778196448484848,0.7226856306614906,1.0000000008126042,-8.109981575188385e-10
326.6080467,1.740834018,18.98527184,1945.646221,0.19798393,0.762654062,-9.247499126,1.250411937,0.032227382,1.61018e-12,0.046377495,0.000317562,0.935624609,0.003402317,2.7919e-05,0.010471394,0.003778703,1.10408e-10,,3.2640339209152005,0.38672419887112475,0.005753112678787879,0.7221994326540345,0.9999999991120182,8.89591955655078e-10
325.4694988,1.737480543,18.90513646,1944.372295,0.19793166,0.762750649,-9.248085969,1.24992121,0.032263501,1.61404e-12,0.046324101,0.000317418,0.935667395,0.003405527,2.79485e-05,0.010481884,0.003775726,1.09838e-10,,3.2585668285094633,0.38597922840329163,0.0057288292303030305,0.7217265673281017,0.999999999611452,3.901620138080375e-10
324.3764927,1.734255896,18.82832913,1943.145834,0.197881323,0.762843692,-9.248651241,1.249448211,0.032298235,1.61777e-12,0.046272869,0.00031728,0.935708409,0.003408619,2.79768e-05,0.010491986,0.00377286,1.09291e-10,,3.25332037390503,0.3852628769218621,0.0057055542818181815,0.7212713204138311,0.9999999999109087,9.070899587015901e-11
323.3162768,1.731122995,18.75394058,1941.952869,0.197832351,0.762934246,-9.249201329,1.248987627,0.032331984,1.62141e-12,0.0462232,0.000317147,0.935748136,0.003411628,2.80044e-05,0.010501813,0.003770073,1.08762e-10,,3.2482334466024967,0.38456690670480514,0.0056830122969696965,0.7208285067939258,1.0000000015103836,-1.5087620042208982e-09
322.1620624,1.727706714,18.67308478,1940.650414,0.197778869,0.763033168,-9.249802215,1.24848418,0.032368789,1.6254e-12,0.046169155,0.000317002,0.935791321,0.003414914,2.80345e-05,0.010512544,0.00376703,1.08187e-10,,3.2426977365568463,0.3838079839590505,0.0056585105393939395,0.7203450518616238,1.0000000006098124,-6.081870562724134e-10
320.9155109,1.724010522,18.58591008,1939.239406,0.197720915,0.763140406,-9.250453529,1.247938101,0.032408615,1.62972e-12,0.046110819,0.000316847,0.935837885,0.003418476,2.80672e-05,0.010524173,0.003763734,1.07568e-10,,3.2367214241007423,0.3829868793188068,0.005632093963636364,0.7198213034195526,1.0000000013091976,-1.3075680538321421e-09
319.7067336,1.720419748,18.50152509,1937.866763,0.19766452,0.763244793,-9.25108749,1.247406186,0.032447309,1.63394e-12,0.046054283,0.000316697,0.935882965,0.003421943,2.80989e-05,0.010535486,0.003760527,1.06969e-10,,3.2309294193873606,0.382189193161414,0.005606522754545455,0.7193117955834739,1.000000000008603,-6.968869925572108e-12
318.5463074,1.716966471,18.42065231,1936.544962,0.1976102,0.76334538,-9.251698296,1.246893343,0.032484525,1.63802e-12,0.046000038,0.000316553,0.935926172,0.003425283,2.81295e-05,0.010546384,0.00375744,1.06395e-10,,3.2253707103500027,0.3814220517984256,0.005582015851515152,0.7188211596590297,0.9999999996080329,3.936051484743075e-10
317.4206941,1.713611022,18.34233351,1935.258974,0.197557339,0.763443303,-9.252292856,1.246393808,0.03252069,1.642e-12,0.045947447,0.000316414,0.935968019,0.003428535,2.81592e-05,0.010556988,0.003754437,1.05839e-10,,3.2199810240095883,0.380676642808849,0.005558282881818181,0.7183438170702406,0.9999999993074811,6.941609509425462e-10
316.3289651,1.710351128,18.26649233,1934.008064,0.197505905,0.763538611,-9.252871504,1.245907325,0.032555829,1.64588e-12,0.045896466,0.000316281,0.936008545,0.003431699,2.81882e-05,0.010567305,0.003751516,1.05301e-10,,3.2147556530459185,0.3799524612484478,0.005535300706060606,0.7178794949943409,1.000000000306947,-3.0530089567548657e-10
315.2702108,1.707184541,18.19305449,1932.791501,0.197455872,0.763631358,-9.253434532,1.245433677,0.032589966,1.64966e-12,0.045847047,0.000316151,0.93604779,0.003434778,2.82163e-05,0.010577341,0.003748676,1.04781e-10,,3.209689544455696,0.37924900772670556,0.0055130468151515155,0.7174279220933145,0.9999999994064307,5.952189852109768e-10
314.24354,1.704109043,18.12194776,1931.608536,0.197407209,0.763721592,-9.253982278,1.244972604,0.032623124,1.65335e-12,0.045799149,0.000316026,0.936085792,0.003437773,2.82437e-05,0.010587102,0.003745914,1.04277e-10,,3.20477877674896,0.3785657895175703,0.0054914993212121215,0.7169888203477719,0.9999999998059304,1.9572299336800825e-10
313.0115351,1.700412085,18.0367568,1930.184721,0.197348623,0.763830267,-9.254641882,1.244417006,0.032662986,1.6578e-12,0.045741699,0.000315877,0.936131325,0.00344138,2.82766e-05,0.010598851,0.003742591,1.03674e-10,,3.198888141293032,0.377744514711341,0.005465683878787878,0.7164603181082045,0.9999999997053318,2.9632596376671927e-10
311.8164902,1.696819373,17.95426418,1928.799161,0.197291596,0.763936093,-9.255284118,1.243875656,0.032701728,1.66214e-12,0.045686002,0.000315733,0.936175419,0.003444891,2.83087e-05,0.010610289,0.003739357,1.0309e-10,,3.1931760391865387,0.37694639802956176,0.005440686115151515,0.7159460156440115,0.9999999998047523,1.9690982178133254e-10
310.65742,1.693328513,17.87438873,1927.451079,0.197236096,0.764039123,-9.255909329,1.243348294,0.032739377,1.66638e-12,0.045632009,0.000315594,0.936218117,0.00344831,2.83399e-05,0.010621419,0.003736211,1.02525e-10,,3.187638099919637,0.3761709076479903,0.0054164814333333335,0.7154456245425549,1.0000000000041913,-2.525091247207456e-12
309.5333583,1.689937135,17.79705151,1926.139715,0.197182093,0.764139411,-9.256517837,1.242834681,0.032775956,1.67051e-12,0.045579673,0.00031546,0.936259461,0.003451637,2.83702e-05,0.010632248,0.003733151,1.01979e-10,,3.1822694143407735,0.37541751707395626,0.005393045912121212,0.7149588627013831,1.0000000003036495,-3.019791083858081e-10
308.4433592,1.686642897,17.72217578,1924.86428,0.197129557,0.76423701,-9.257109969,1.242334567,0.032811491,1.67454e-12,0.045528946,0.00031533,0.936299492,0.003454875,2.83997e-05,0.010642783,0.003730175,1.0145e-10,,3.177064924282788,0.37468570603495527,0.005370356296969697,0.7144854372536089,1.0000000008031245,-8.014497954178523e-10
307.39696,1.68347519,17.6504041,1923.636336,0.197078964,0.764331031,-9.257680347,1.241852527,0.032845665,1.67843e-12,0.045480271,0.000315206,0.936337865,0.003457993,2.84281e-05,0.010652927,0.00372731,1.00943e-10,,3.1720704761359437,0.37398200370655016,0.005348607303030303,0.7140296398683704,1.0000000002026215,-2.009430399851908e-10
306.3819528,1.680397586,17.58088742,1922.4419,0.197029741,0.764422541,-9.258235415,1.241383146,0.03287887,1.68223e-12,0.045433075,0.000315086,0.936375034,0.003461028,2.84558e-05,0.010662797,0.003724523,1.00452e-10,,3.1672270541862537,0.37329831765202903,0.005327541642424242,0.7135862802317463,0.9999999989021342,1.0995480081987807e-09
305.2769553,1.677041582,17.50532122,1921.137807,0.196975985,0.76452251,-9.258841754,1.240870092,0.032915082,1.68638e-12,0.045381718,0.000314957,0.936415439,0.003464343,2.84859e-05,0.010673575,0.003721481,9.99194e-11,,3.1619559367246306,0.37255278536986497,0.005304642793939393,0.7131022172944237,0.9999999990016059,1.0000805739096563e-09
304.0835579,1.673410574,17.42384271,1919.724986,0.196917732,0.764630886,-9.259498993,1.2403136,0.032954266,1.69089e-12,0.045326278,0.000314817,0.936459008,0.003467937,2.85186e-05,0.010685255,0.003718186,9.9345e-11,,3.1562645763225863,0.3717461612774039,0.005279952336363636,0.7125777958895305,0.9999999997010358,3.0065505640664014e-10
302.9263241,1.669883097,17.34496488,1918.350539,0.196861046,0.764736389,-9.260138724,1.239771564,0.032992337,1.6953e-12,0.045272544,0.000314683,0.936501188,0.003471434,2.85505e-05,0.01069662,0.00371498,9.87893e-11,,3.1507477484529747,0.3709625364729963,0.005256049963636363,0.7120676184313167,0.9999999996004847,4.0121062028219967e-10
301.8153797,1.666490664,17.26936383,1917.026966,0.196806443,0.764838049,-9.260755131,1.239248943,0.033028955,1.69955e-12,0.045220983,0.000314554,0.936541617,0.003474804,2.85811e-05,0.010707567,0.003711894,9.8257e-11,,3.1454529463927057,0.37020891153197166,0.0052331405545454545,0.7115763247627356,1.0000000001999565,-1.982569663994127e-10
300.7377636,1.66319431,17.19614445,1915.73922,0.196753305,0.764937022,-9.261355149,1.238739898,0.033064539,1.7037e-12,0.045170989,0.00031443,0.936580773,0.003478085,2.86109e-05,0.01071822,0.003708891,9.77417e-11,,3.1403185583903244,0.3694766304260968,0.005210952863636363,0.7110983296264335,0.9999999989994454,1.0022582763724586e-09
299.6925871,1.659991802,17.1252359,1914.486566,0.196701603,0.765033356,-9.26193911,1.238244172,0.033099114,1.70775e-12,0.045122522,0.00031431,0.936618695,0.003481278,2.86399e-05,0.010728585,0.003705971,9.7243e-11,,3.1353399751633253,0.3687651970970875,0.005189465424242424,0.710633360199645,1.0000000009989507,-9.972429548810169e-10
298.6789791,1.656880935,17.05656924,1913.268276,0.196651307,0.765127104,-9.262507326,1.237761525,0.033132703,1.71169e-12,0.045075536,0.000314194,0.936655418,0.003484384,2.86681e-05,0.010738668,0.003703131,9.67602e-11,,3.130512921678266,0.36807412170682613,0.005168657345454546,0.7101811462579162,0.9999999991984717,8.032399190227579e-10
297.4012188,1.652952182,16.97014791,1911.727561,0.196587683,0.765245739,-9.263226313,1.237150407,0.033175128,1.7167e-12,0.045016332,0.000314049,0.936701638,0.003488315,2.87037e-05,0.010751422,0.003699539,9.61531e-11,,3.1244299735422416,0.3672013539180664,0.005142469063636364,0.7096092522070492,0.9999999987978697,1.2038470220687714e-09
296.2217478,1.649318499,16.8905129,1910.300479,0.196528735,0.765355703,-9.263892667,1.236583624,0.033214371,1.72135e-12,0.044961708,0.000313915,0.936744229,0.003491959,2.87368e-05,0.010763239,0.003696213,9.55939e-11,,3.118816224806849,0.3663941355775488,0.005118337242424243,0.7090795372981276,0.9999999998973153,1.0440615039186696e-10
295.0894556,1.645823679,16.81418814,1908.926029,0.196471945,0.765461684,-9.264534802,1.236037078,0.033252119,1.72584e-12,0.044909291,0.000313788,0.93678505,0.00349547,2.87686e-05,0.010774623,0.00369301,9.50583e-11,,3.113428515629944,0.3656177654867049,0.005095208527272727,0.7085693587263515,1.0000000006967842,-6.950584552356531e-10
293.9911322,1.642427601,16.74026973,1907.588614,0.196416671,0.765564876,-9.265159969,1.235504632,0.033288804,1.73022e-12,0.044858468,0.000313665,0.936824583,0.003498888,2.87996e-05,0.010785703,0.003689893,9.454e-11,,3.1082038376901453,0.3648633308132817,0.00507280900909091,0.7080729270812774,0.9999999996962703,3.054598796126129e-10
292.9258717,1.639127986,16.66868598,1906.287485,0.196362883,0.765665332,-9.265768491,1.23498604,0.033324452,1.7345e-12,0.044809194,0.000313546,0.936862868,0.003502215,2.88297e-05,0.010796485,0.003686861,9.40382e-11,,3.1031375653046793,0.3641303252801499,0.005051116963636363,0.707589964343516,0.9999999987957726,1.2059617748860774e-09
291.8927864,1.635922578,16.59936711,1905.021898,0.196310551,0.765763105,-9.266360693,1.234481052,0.033359085,1.73867e-12,0.044761427,0.000313432,0.936899942,0.003505453,2.8859e-05,0.010806975,0.003683912,9.35527e-11,,3.098225506400971,0.36341824771960257,0.005030111245454545,0.707120194349614,1.0000000000952916,-9.355294317003882e-11
290.8910067,1.63280915,16.53224529,1903.791085,0.196259646,0.765858247,-9.266936899,1.233989416,0.033392728,1.74274e-12,0.044715124,0.000313321,0.93693584,0.003508604,2.88875e-05,0.010817179,0.003681045,9.30827e-11,,3.0934630521122393,0.36272660340624857,0.005009771299999999,0.7066633320276209,1.0000000005948253,-5.930826940669931e-10
289.6888711,1.629066304,16.4518242,1902.30946,0.196198351,0.765972853,-9.267630905,1.233396895,0.033433177,1.74765e-12,0.044659582,0.000313189,0.93697885,0.003512398,2.89218e-05,0.010829465,0.003677593,9.25201e-11,,3.0877497375279286,0.36189513463560097,0.004985401272727273,0.706113371442363,0.9999999988942679,1.1074797745536102e-09
288.5348209,1.625466224,16.37474811,1900.882274,0.196139293,0.766083327,-9.268299774,1.232825453,0.033472088,1.7524e-12,0.044606284,0.000313063,0.93702007,0.003516056,2.89548e-05,0.010841303,0.003674269,9.19811e-11,,3.082266017475269,0.36109538116141765,0.0049620448818181815,0.705583617929948,0.9999999998937334,1.0801892713629968e-10
287.4153922,1.621967609,16.30010398,1899.493373,0.196081801,0.766190908,-9.268951089,1.23226864,0.033509906,1.75703e-12,0.044554604,0.000312942,0.937059989,0.003519617,2.8987e-05,0.010852827,0.003671034,9.14595e-11,,3.076947866400867,0.3603181680158543,0.004939425448484848,0.7050680753285303,1.0000000000932165,-9.145950663480562e-11
286.3296618,1.61856813,16.22781922,1898.141979,0.196025849,0.766295655,-9.269585143,1.231726244,0.033546657,1.76155e-12,0.044504499,0.000312825,0.937098644,0.003523084,2.90182e-05,0.010864042,0.003667887,9.09547e-11,,3.0717909784045623,0.35956297781434127,0.004917520975757576,0.7045664548542848,0.9999999992927162,7.090452669444858e-10
285.2767249,1.615265482,16.15782321,1896.827336,0.195971405,0.76639762,-9.270202275,1.231198001,0.033582366,1.76596e-12,0.044455925,0.000312711,0.937136074,0.003526459,2.90487e-05,0.010874956,0.003664825,9.04662e-11,,3.066790588587599,0.35882929850388023,0.004896310063636364,0.7040784758895096,0.9999999987922321,1.2095338064455063e-09
284.2556952,1.61205739,16.09004729,1895.548658,0.195918437,0.766496856,-9.270802835,1.230683638,0.033617056,1.77026e-12,0.044408839,0.000312602,0.937172316,0.003529743,2.90783e-05,0.010885573,0.003661848,8.99934e-11,,3.0619426574402233,0.35811662469593714,0.004875771906060606,0.7036038466808795,0.9999999993917635,6.100067118097741e-10
283.0304595,1.608200458,16.00884455,1894.009208,0.195854651,0.766616413,-9.271526266,1.230063642,0.033658766,1.77546e-12,0.044352357,0.000312472,0.937215735,0.003533699,2.91139e-05,0.010898359,0.003658263,8.94274e-11,,3.056126453617567,0.35725981185658673,0.004851165015151515,0.7030324221821195,0.999999998991203,1.0105725145592714e-09
281.8542332,1.604490353,15.9310214,1892.526117,0.195793181,0.766731677,-9.272223633,1.229465572,0.033698895,1.78048e-12,0.044298155,0.000312348,0.937257345,0.003537513,2.91482e-05,0.010910681,0.003654811,8.88852e-11,,3.050543530080427,0.35643561646000255,0.0048275822424242425,0.70248191743608,1.0000000012906658,-1.28888522077375e-09
280.725056,1.600921745,15.85643207,1891.097504,0.195733954,0.766842785,-9.272895765,1.228888766,0.033737497,1.78533e-12,0.044246139,0.000312229,0.937297223,0.003541189,2.91813e-05,0.010922553,0.003651485,8.8366e-11,,3.0451850866060894,0.3556428544530476,0.004804979415151516,0.7019516342391934,0.9999999993901513,6.116340767192696e-10
279.6410459,1.597489481,15.78493752,1889.721531,0.195676894,0.766949873,-9.27354348,1.228332564,0.033774629,1.79002e-12,0.044196222,0.000312116,0.937335444,0.003544731,2.92132e-05,0.010933991,0.003648282,8.78686e-11,,3.04004179526209,0.3548803811029237,0.0047833144,0.7014408903489519,0.9999999992896587,7.121313538860363e-10
278.5895561,1.594154163,15.71569165,1888.382605,0.195621356,0.767054147,-9.274174099,1.227790712,0.033810717,1.79459e-12,0.044147818,0.000312006,0.937372461,0.003548181,2.92442e-05,0.010945125,0.003645166,8.73872e-11,,3.0350531517586505,0.3541394441909645,0.004762330803030303,0.7009438978396617,1.0000000012891819,-1.2873873078689257e-09
277.5697193,1.590913552,15.64862781,1887.079969,0.19556731,0.767155659,-9.274787942,1.227262964,0.033845784,1.79905e-12,0.044100886,0.000311901,0.937408308,0.003551538,2.92743e-05,0.010955959,0.003642134,8.69212e-11,,3.03021580925614,0.353419546325993,0.004742008427272727,0.7004603757224336,1.0000000003887202,-3.869209397322493e-10
276.3409201,1.587001456,15.56795,1885.505134,0.195501953,0.767278469,-9.275530473,1.226624169,0.033888122,1.80446e-12,0.044044356,0.000311775,0.937451429,0.0035556,2.93108e-05,0.010969061,0.003638469,8.6361e-11,,3.0243878759824767,0.352550478869898,0.004717560606060606,0.6998758167562413,1.0000000008881653,-8.863609846088139e-10
275.1612729,1.583238098,15.4906299,1883.987812,0.195438964,0.767396882,-9.276246325,1.226007904,0.033928856,1.8097e-12,0.043990107,0.000311654,0.937492751,0.003559515,2.93459e-05,0.010981688,0.003634938,8.58245e-11,,3.018793983856656,0.35171445338293783,0.0046941302727272725,0.699312605893071,0.9999999989876341,1.0141755213410875e-09
274.0288116,1.579618094,15.41652269,1882.526092,0.195378268,0.767511041,-9.276936336,1.225413496,0.033968043,1.81475e-12,0.043938045,0.000311539,0.937532352,0.00356329,2.93797e-05,0.010993857,0.003631537,8.53107e-11,,3.013424259468081,0.35091027381594003,0.004671673542424243,0.6987700337937319,0.9999999997871254,2.1468937738688965e-10
272.835584,1.57579619,15.33856599,1880.980496,0.195314071,0.767631838,-9.277666369,1.224784196,0.034009422,1.82012e-12,0.043883207,0.000311419,0.937574006,0.003567284,2.94155e-05,0.011006728,0.003627941,8.47706e-11,,3.0077671136741144,0.3500612424049727,0.0046480503,0.6981963279769886,1.0000000005865908,-5.847706763262295e-10
271.7855438,1.572426379,15.27007164,1879.615737,0.195257368,0.767738578,-9.278311369,1.224227841,0.03404591,1.82487e-12,0.043834965,0.000311314,0.9376106,0.003570812,2.94471e-05,0.011018096,0.003624766,8.42963e-11,,3.002789495604362,0.3493126429142417,0.004627294436363636,0.6976897465826575,1.0000000001861211,-1.842963559539612e-10
270.7673229,1.569152808,15.20374886,1878.288129,0.195202197,0.76784248,-9.278939123,1.223686045,0.03408136,1.8295e-12,0.043788198,0.000311212,0.93764603,0.003574247,2.94778e-05,0.011029158,0.003621677,8.38374e-11,,2.997963144617259,0.3485854230246182,0.004607196624242424,0.6971969551727709,0.9999999998856669,1.1616263506653013e-10
269.5454579,1.565216846,15.12428599,1876.689531,0.195135745,0.767967678,-9.279695468,1.223032851,0.03412399,1.8351e-12,0.043732094,0.000311092,0.937688474,0.003578385,2.95148e-05,0.011042482,0.003617959,8.3288e-11,,2.992171884448616,0.3477110537651147,0.004583116966666667,0.6966035756795306,1.000000000885123,-8.832881093212563e-10
268.3724675,1.561430395,15.04812909,1875.149208,0.195071697,0.768088407,-9.280424677,1.222402667,0.034165005,1.84052e-12,0.043678251,0.000310976,0.937729146,0.003582375,2.95504e-05,0.011055324,0.003614376,8.27618e-11,,2.98661294154795,0.34686989819577324,0.004560039118181818,0.6960318271341387,0.9999999984846023,1.517238223947004e-09
267.2463967,1.557788052,14.97513567,1873.665231,0.195009976,0.768204806,-9.281127617,1.22179479,0.034204465,1.84575e-12,0.043626577,0.000310866,0.937768124,0.003586222,2.95848e-05,0.011067701,0.003610925,8.22578e-11,,2.981276459164476,0.34606075604659403,0.0045379199,0.6954809935160307,0.9999999998841036,1.1774214936366434e-10
266.1653688,1.554284591,14.90516978,1872.235724,0.194950503,0.768317011,-9.281805157,1.221208511,0.034242425,1.85081e-12,0.043576984,0.000310761,0.93780548,0.00358993,2.96178e-05,0.011079627,0.0036076,8.17751e-11,,2.9761540969001676,0.3452824663679159,0.004516718115151515,0.694950378477576,0.9999999998836259,1.1822487433477136e-10
265.1275819,1.550914955,14.83810166,1870.858851,0.194893207,0.768425161,-9.282458087,1.220643192,0.034278939,1.8557e-12,0.043529387,0.000310661,0.937841283,0.003593503,2.96497e-05,0.011091117,0.003604398,8.13127e-11,,2.971236837876639,0.3445339057532259,0.004496394442424242,0.6944393005186419,0.9999999987831685,1.2186872622166334e-09
264.1209287,1.547640466,14.77313817,1869.519012,0.194837437,0.768530471,-9.283093804,1.220092457,0.034314427,1.86047e-12,0.043483229,0.000310565,0.937875958,0.003596982,2.96807e-05,0.011102302,0.003601283,8.08651e-11,,2.9664670516493308,0.34380648193099833,0.004476708536363636,0.6939419691152224,0.9999999997827255,2.1913504344439616e-10
262.9054727,1.543678933,14.69482104,1867.895602,0.194769845,0.768658162,-9.283864518,1.219424352,0.034357366,1.86626e-12,0.043427512,0.000310449,0.937917754,0.003601201,2.97182e-05,0.011115858,0.003597508,8.03259e-11,,2.9607084624868403,0.3429264321043718,0.004452976072727273,0.6933393797193135,1.0000000002821923,-2.803259846473338e-10
261.738635,1.539867742,14.61976113,1866.33126,0.194704693,0.768781303,-9.284607645,1.218779731,0.034398682,1.87187e-12,0.043374038,0.000310339,0.937957804,0.003605269,2.97544e-05,0.011128926,0.003593871,7.98095e-11,,2.9551801776289524,0.3420797805735652,0.004430230645454546,0.6927587156228899,1.0000000014816814,-1.4798096081847234e-09
260.6184708,1.53620147,14.54781812,1864.824039,0.194641903,0.768900038,-9.285324064,1.218157876,0.034438432,1.87729e-12,0.043322716,0.000310234,0.937996183,0.003609191,2.97893e-05,0.01114152,0.003590366,7.93149e-11,,2.949873542564196,0.34126532262560266,0.0044084297333333335,0.6921992541240134,0.9999999993811921,6.206851699275262e-10
259.5431132,1.53267487,14.47885813,1863.372043,0.194581398,0.769014505,-9.286014631,1.217558091,0.034476673,1.88253e-12,0.043273459,0.000310134,0.938032965,0.003612971,2.98229e-05,0.011153658,0.003586991,7.88413e-11,,2.9447787133835535,0.3404818926456981,0.004387532766666667,0.6916602914513046,1.000000000980724,-9.788414523370648e-10
258.3584569,1.528781866,14.40300824,1861.766674,0.194514483,0.769141159,-9.286778594,1.216894138,0.034518892,1.88834e-12,0.043219208,0.000310024,0.938073414,0.003617154,2.986e-05,0.011167081,0.003583259,7.83206e-11,,2.939166490771854,0.33961706645461087,0.004364547951515151,0.6910643986479332,1.000000000080209,-7.832068327218167e-11
257.1196449,1.524701913,14.32382422,1860.08138,0.194444215,0.769274226,-9.287581107,1.216196207,0.034563146,1.89446e-12,0.043162491,0.000309911,0.938115631,0.003621548,2.98989e-05,0.011181179,0.003579341,7.77776e-11,,2.933297562470462,0.3387107097663554,0.004340552793939394,0.6904388386887185,0.9999999999796721,2.2222335083199596e-11
255.9303854,1.52077646,14.24793548,1858.457151,0.194376474,0.769402576,-9.288355039,1.215522673,0.03460573,1.90039e-12,0.043108057,0.000309803,0.938156081,0.003625786,2.99365e-05,0.01119477,0.003575566,7.72576e-11,,2.9276633982203215,0.33783867506865617,0.004317556206060606,0.6898359452902992,0.9999999995791581,4.2274228562177996e-10
254.7886962,1.516999958,14.17519989,1856.891993,0.194311176,0.769526355,-9.289101291,1.214872802,0.034646705,1.90611e-12,0.043055812,0.0003097,0.938194842,0.003629873,2.99727e-05,0.011207872,0.003571928,7.67596e-11,,2.9222544530150496,0.33699972965778746,0.004295515118181818,0.6892549783049277,0.9999999997786656,2.2324042614485506e-10
253.6926747,1.513367036,14.10548186,1855.383961,0.194248246,0.769645707,-9.28982073,1.21424589,0.034686127,1.91165e-12,0.043005667,0.000309602,0.938231987,0.003633814,3.00075e-05,0.0112205,0.003568423,7.62826e-11,,2.917061750563077,0.3361926803725113,0.004274388442424242,0.6886952157730403,1.0000000005781942,-5.762825772137603e-10
252.640494,1.509872495,14.03865201,1853.931159,0.194187603,0.769760772,-9.290514216,1.21364123,0.034724052,1.917e-12,0.042957537,0.000309508,0.938267584,0.003637612,3.00411e-05,0.01123267,0.003565047,7.58257e-11,,2.9120763104555683,0.33541637226118437,0.004254136972727272,0.6881559539232578,0.9999999991777428,8.241742843750899e-10
251.4813703,1.506014859,13.96514214,1852.324873,0.194120536,0.769888089,-9.291281422,1.212971877,0.034765924,1.92294e-12,0.042904526,0.000309406,0.93830673,0.003641815,3.00782e-05,0.01124613,0.003561314,7.53236e-11,,2.906584177183266,0.3345594030290744,0.004231861254545454,0.6875597207410076,0.9999999992772466,7.246763189527883e-10
250.2692581,1.501971946,13.88839771,1850.638585,0.194050108,0.770021857,-9.292087356,1.212268271,0.034809814,1.9292e-12,0.042849103,0.0003093,0.938347588,0.00364623,3.01172e-05,0.011260267,0.003557395,7.47998e-11,,2.900840408782508,0.3336612747326002,0.0042086053666666665,0.6869337918214811,1.0000000002767289,-2.7479973851995965e-10
249.1056304,1.498082106,13.81484386,1849.013367,0.19398221,0.770150886,-9.292864595,1.211589266,0.034852048,1.93525e-12,0.042795907,0.000309199,0.938386735,0.003650489,3.01548e-05,0.011273896,0.003553619,7.42983e-11,,2.8953260286461395,0.3327971514203357,0.004186316321212121,0.6863305313186874,0.9999999998762336,1.2570178231641194e-10
247.9885479,1.494339842,13.74434325,1847.447228,0.193916762,0.770275322,-9.293614055,1.210934111,0.034892686,1.9411e-12,0.042744848,0.000309103,0.938424247,0.003654596,3.01909e-05,0.011287035,0.00354998,7.38179e-11,,2.8900318392417326,0.3319658119402933,0.0041649525,0.6857492001984408,0.999999999975759,2.6182167545130142e-11
246.9161486,1.490739833,13.6767648,1845.938225,0.193853684,0.77039531,-9.294336597,1.210302101,0.034931785,1.94676e-12,0.04269584,0.000309012,0.938460194,0.003658556,3.02258e-05,0.011299699,0.003546473,7.33579e-11,,2.884949216357613,0.3311660742386752,0.0041444741818181825,0.6851890772435528,0.9999999998753046,1.2664203019596698e-10
245.8866453,1.487276932,13.61198341,1844.484463,0.193792899,0.77051099,-9.295033088,1.209692521,0.034969399,1.95223e-12,0.042648799,0.000308924,0.938494644,0.003662373,3.02594e-05,0.011311904,0.003543096,7.29172e-11,,2.8800689837833335,0.3303967949155761,0.004124843457575758,0.6846494590538316,0.9999999994748696,5.270825997882866e-10
244.7525039,1.483454199,13.54072397,1842.877086,0.193725673,0.770638991,-9.295803628,1.209017726,0.035010928,1.9583e-12,0.042596985,0.000308829,0.938532528,0.003666597,3.02965e-05,0.011325403,0.003539361,7.24329e-11,,2.874692650395759,0.3295475793432485,0.004103249687878788,0.6840528209060882,0.9999999995743911,4.2756709284219596e-10
243.5665161,1.479447837,13.46632586,1841.189621,0.193655077,0.77077348,-9.296613077,1.208308399,0.035054459,1.96469e-12,0.042542811,0.000308731,0.938572067,0.003671034,3.03354e-05,0.011339581,0.00353544,7.19276e-11,,2.8690697857013627,0.3286575708077893,0.0040807048060606055,0.6834264550989493,0.9999999994738922,5.280725856593449e-10
242.4279678,1.475593138,13.39501778,1839.563239,0.193587016,0.770903206,-9.297393737,1.207623856,0.035096349,1.97088e-12,0.042490812,0.000308637,0.938609951,0.003675314,3.0373e-05,0.011353251,0.003531662,7.14438e-11,,2.8636709208636306,0.3278012540267231,0.004059096296969697,0.6828227625339798,1.0000000000734146,-7.144373981304852e-11
241.3349614,1.471884657,13.32666693,1837.995946,0.19352141,0.77102832,-9.298146481,1.206963384,0.035136655,1.97686e-12,0.042440899,0.000308548,0.938646252,0.003679442,3.04092e-05,0.01136643,0.003528021,7.09805e-11,,2.8584872614184063,0.32697741939980013,0.004038383918181818,0.6822410030634318,1.0000000012729573,-1.2709804320110152e-09
240.2856753,1.468317124,13.2611466,1836.485805,0.193458179,0.771148963,-9.298872216,1.20632623,0.035175435,1.98265e-12,0.042392989,0.000308463,0.938681038,0.003683422,3.0444e-05,0.011379132,0.003524512,7.05367e-11,,2.8535106925185967,0.3261848962028119,0.004018529272727273,0.6816804576972413,1.0000000000725193,-7.053668760192977e-11
239.2783607,1.464885439,13.19833579,1835.030921,0.193397245,0.771265276,-9.299571801,1.205711684,0.035212744,1.98824e-12,0.042347,0.000308383,0.938714374,0.003687259,3.04776e-05,0.011391375,0.003521132,7.01116e-11,,2.8487321435994675,0.3254225514768467,0.003999495693939394,0.6811404230352166,1.0000000006721,-6.701117438723259e-10
238.1686632,1.46109714,13.12924133,1833.422274,0.193329854,0.771393982,-9.300345766,1.2050314,0.035253935,1.99444e-12,0.042296342,0.000308294,0.938751033,0.003691504,3.05147e-05,0.011404916,0.003517395,6.96444e-11,,2.8434671396536118,0.3245809853765114,0.003978557978787879,0.6805433134794293,0.9999999987716389,1.2303555951831413e-09
237.0082367,1.457126839,13.05710057,1831.733442,0.193259083,0.771529212,-9.301158845,1.204316285,0.035297113,2.00098e-12,0.042243375,0.000308203,0.938789293,0.003695965,3.05536e-05,0.011419138,0.003513472,6.9157e-11,,2.8379605605177747,0.32369898774915223,0.003956697142424242,0.679916440259065,0.999999999671158,3.3084290862461785e-10
235.8942273,1.453306807,12.98795323,1830.105709,0.193190852,0.771659659,-9.301943,1.203626175,0.035338662,2.00731e-12,0.042192531,0.000308116,0.938825952,0.003700267,3.05912e-05,0.011432851,0.003509691,6.86902e-11,,2.8326731373904863,0.3228503722007501,0.003935743403030303,0.679312246219869,0.9999999992706975,7.313097905026211e-10
234.8247782,1.449631651,12.92167087,1828.537085,0.193125081,0.771785469,-9.302699146,1.202960312,0.035378642,2.01342e-12,0.042143725,0.000308034,0.938861078,0.003704417,3.06273e-05,0.011446072,0.003506047,6.82432e-11,,2.827596261791767,0.32203394068279345,0.003915657839393939,0.6787299926988434,1.0000000003702565,-3.682432136997704e-10
233.7981071,1.446096151,12.85813093,1827.025631,0.19306169,0.771906787,-9.303428167,1.202317964,0.035417108,2.01934e-12,0.042096875,0.000307956,0.938894737,0.003708418,3.06622e-05,0.011458816,0.003502536,6.78151e-11,,2.8227214604592756,0.3212485335785138,0.0038964033121212122,0.6781689599635491,1.0000000002698344,-2.6781510342743786e-10
232.6186135,1.442025439,12.78524286,1825.282395,0.192988557,0.772046823,-9.30426951,1.201576194,0.035461405,2.02619e-12,0.042043056,0.000307867,0.938933333,0.003713036,3.07024e-05,0.01147352,0.003498487,6.73244e-11,,2.81711986811433,0.32034422976737637,0.003874316018181818,0.6775218926619021,1.0000000014693506,-1.4673244841389987e-09
231.4940552,1.438135357,12.71585878,1823.613523,0.192918524,0.772180999,-9.305075492,1.200865148,0.035503742,2.03277e-12,0.041991747,0.000307783,0.938970056,0.00371746,3.07408e-05,0.011487603,0.00349461,6.68578e-11,,2.811778036683741,0.31948005269510077,0.0038532905393939393,0.6769024283427656,0.9999999998688905,1.331422749828448e-10
230.3772525,1.434263381,12.64705846,1821.949501,0.192848673,0.772314896,-9.305879653,1.200155269,0.03554589,2.03935e-12,0.041940795,0.0003077,0.939006455,0.003721876,3.07791e-05,0.011501651,0.003490745,6.63955e-11,,2.8064716090603956,0.31861989784911005,0.0038324419575757576,0.676284764282695,1.000000001168435,-1.166395646734486e-09
229.3051219,1.430538055,12.5811086,1820.34575,0.192781334,0.77244405,-9.306655161,1.19947027,0.035586447,2.04573e-12,0.041891884,0.000307622,0.939041329,0.003726134,3.08161e-05,0.011515195,0.003487019,6.59528e-11,,2.801376587737121,0.31779232112554684,0.0038124571515151516,0.6756894720605956,0.9999999991679985,8.34047164666174e-10
228.2758765,1.426954106,12.51788727,1818.8003,0.192716425,0.772568606,-9.307402939,1.198809381,0.035625471,2.05189e-12,0.041844931,0.000307547,0.939074746,0.003730241,3.08517e-05,0.011528253,0.003483429,6.55287e-11,,2.7964837988902413,0.3169961511337562,0.0037932991727272726,0.6751158204372181,0.9999999987675805,1.2344714139800317e-09
227.0980904,1.422843686,12.44565037,1817.024722,0.192641828,0.772711828,-9.30826262,1.19804913,0.035670236,2.059e-12,0.041791204,0.000307463,0.93911291,0.003734963,3.08925e-05,0.011543262,0.003479305,6.50447e-11,,2.7908833647640083,0.31608302623782264,0.003771409203030303,0.6744567481915074,0.9999999995671037,4.34955294004169e-10
225.9750042,1.418914921,12.37687601,1815.324486,0.192570376,0.772849092,-9.309086367,1.197320195,0.035713028,2.06583e-12,0.041739973,0.000307384,0.939149227,0.003739489,3.09317e-05,0.01155764,0.003475355,6.45843e-11,,2.78554166924708,0.31521025578327727,0.003750568487878788,0.6738256419496198,0.9999999997666502,2.3541568694440684e-10
224.7729984,1.41470001,12.303385,1813.49701,0.192493554,0.772996759,-9.30997236,1.196535676,0.035758946,2.0732e-12,0.041685144,0.0003073,0.939188013,0.003744357,3.09737e-05,0.011573102,0.00347111,6.40929e-11,,2.7798226506263997,0.31427391833643625,0.003728298484848485,0.6731473058183418,0.9999999997661662,2.3590707165510594e-10
223.7064914,1.410951456,12.23827872,1811.868761,0.192425086,0.773128442,-9.310762289,1.195835781,0.03579979,2.0798e-12,0.041636496,0.000307226,0.939222356,0.003748699,3.10112e-05,0.011586884,0.003467327,6.3658e-11,,2.7747469196696843,0.31344118154040296,0.0037085693090909092,0.6725429202464288,0.9999999992657378,7.363420984063396e-10
222.6826448,1.407345025,12.17586519,1810.299587,0.192359084,0.773255449,-9.311524026,1.195160478,0.035839092,2.08618e-12,0.041589795,0.000307157,0.939255262,0.003752886,3.10473e-05,0.011600172,0.003463682,6.32414e-11,,2.769872698314035,0.3126400171991515,0.003689656118181818,0.6719604625723131,1.0000000013653276,-1.3632412976249952e-09
221.506396,1.40319225,12.10426802,1808.489452,0.192282925,0.773402084,-9.312403305,1.194380499,0.035884355,2.09357e-12,0.041536141,0.000307078,0.939292989,0.00375772,3.10889e-05,0.011615507,0.003459477,6.2764e-11,,2.7642711107682025,0.3117174831905319,0.0036679600060606056,0.6712885632023674,1.0000000009648575,-9.62764090672863e-10
220.3849314,1.399223349,12.03611157,1806.756205,0.192209978,0.773542615,-9.313245808,1.19363267,0.035927621,2.10067e-12,0.041484986,0.000307003,0.939328882,0.003762352,3.11287e-05,0.011630198,0.00345545,6.23101e-11,,2.7589285751883628,0.3108357965715013,0.003647306536363636,0.6706452036920213,0.9999999997644107,2.376899788103515e-10
219.2801109,1.395304176,11.96906764,1805.041528,0.192137793,0.77368176,-9.314079834,1.192891914,0.035970353,2.10773e-12,0.041434589,0.000306931,0.939364169,0.003766939,3.11681e-05,0.011644738,0.003451467,6.1864e-11,,2.7536633974952682,0.3099651569683049,0.003626990193939394,0.6700087371323666,1.0000000011639718,-1.161864160437176e-09
218.2194832,1.391533144,11.90479952,1803.388709,0.192068191,0.773816,-9.314884297,1.19217699,0.036011476,2.11455e-12,0.041386206,0.000306862,0.939397975,0.003771364,3.12061e-05,0.01165876,0.003447627,6.14368e-11,,2.748607026285693,0.30912742671140603,0.003607515006060606,0.6693952314851447,1.0000000001635514,-1.614366418323243e-10
217.2012807,1.387904948,11.84318861,1801.795735,0.192001091,0.773945485,-9.315660111,1.191487133,0.036051048,2.12116e-12,0.041339757,0.000306797,0.939430365,0.003775632,3.12426e-05,0.011672281,0.003443926,6.10276e-11,,2.7437511422115533,0.30832142730138795,0.0035888450333333333,0.6688039395500458,1.0000000006631486,-6.61027454995633e-10
216.0346176,1.383738033,11.77269835,1799.962879,0.191923864,0.774094596,-9.316553335,1.1906924,0.036096503,2.12879e-12,0.041286532,0.000306724,0.9394674,0.003780547,3.12847e-05,0.011687844,0.003439667,6.056e-11,,2.738185379226828,0.3073957521086488,0.0035674843484848487,0.6681236064303607,0.9999999987626887,1.2394401061044391e-09
214.9221886,1.3797551,11.70558801,1798.207591,0.191849883,0.774237526,-9.317409354,1.189930292,0.03613996,2.13613e-12,0.04123578,0.000306655,0.939502637,0.003785258,3.1325e-05,0.011702757,0.003435588,6.01153e-11,,2.7328760426613723,0.30651094829756975,0.003547147881818182,0.6674720655777319,1.0000000000622515,-6.011524611437835e-11
213.8615216,1.375948594,11.64169385,1796.526965,0.191779028,0.774374496,-9.318229491,1.189199697,0.036181498,2.14318e-12,0.041187385,0.00030659,0.939536163,0.003789773,3.13636e-05,0.011717041,0.003431683,5.96923e-11,,2.7278117330246774,0.3056653375339202,0.003527786015151515,0.6668482383214696,0.9999999986618354,1.3403077536722208e-09
212.8502555,1.372311227,11.58086036,1794.918181,0.191711183,0.774505718,-9.319015073,1.188499487,0.036221198,2.14996e-12,0.041141241,0.00030653,0.939568064,0.003794098,3.14005e-05,0.011730722,0.003427945,5.929e-11,,2.7229811907294357,0.3048573007972005,0.0035093516242424246,0.6662510779130034,1.0000000005614398,-5.592899476880575e-10
211.8375945,1.36866082,11.5200257,1793.300836,0.191642959,0.774637746,-9.31980532,1.18779473,0.036261046,2.1568e-12,0.041095031,0.00030647,0.939599945,0.00379845,3.14375e-05,0.011744481,0.003424186,5.88881e-11,,2.7181424611433367,0.3040463672400482,0.0034909168787878786,0.6656507397688954,1.0000000005610448,-5.588880469531432e-10
210.672616,1.36445134,11.45014287,1791.432293,0.191564115,0.774790415,-9.320718912,1.186979485,0.036307005,2.16473e-12,0.041041864,0.000306401,0.939636543,0.003803482,3.14804e-05,0.011760385,0.003419844,5.84269e-11,,2.7125729982334077,0.3031112362833736,0.003469740263636364,0.6649571600831723,0.9999999994605916,5.415731196833917e-10
209.569354,1.360454927,11.38406271,1789.654849,0.191489092,0.774935774,-9.321588572,1.186202964,0.036350646,2.17231e-12,0.040991509,0.000306338,0.939671124,0.003808273,3.15211e-05,0.011775522,0.003415713,5.79913e-11,,2.7072962236448217,0.30222343790638717,0.0034497159727272728,0.6642973952017055,1.0000000001601637,-1.5799139774230753e-10
208.5173308,1.356635049,11.32114237,1787.952728,0.191417228,0.775075096,-9.322421928,1.18545842,0.036392367,2.1796e-12,0.040943488,0.000306279,0.939704028,0.003812864,3.15601e-05,0.011790024,0.003411757,5.75769e-11,,2.7022623020695935,0.3013748565689013,0.003430649203030303,0.6636655892715007,1.0000000001597564,-1.575768404649125e-10
207.3913816,1.352536865,11.25389861,1786.123116,0.191339958,0.775224985,-9.323318316,1.184657086,0.036437135,2.18747e-12,0.040892086,0.000306216,0.939739167,0.003817805,3.1602e-05,0.01180562,0.003407504,5.71346e-11,,2.696872053096438,0.30046444988576027,0.0034102723060606063,0.6629864602838588,1.0000000000593219,-5.713451933786473e-11
206.1958283,1.34817407,11.1826086,1784.171392,0.191257505,0.775385034,-9.324275209,1.183801122,0.036484804,2.1959e-12,0.040837499,0.000306151,0.939776391,0.00382308,3.16466e-05,0.011822266,0.003402967,5.66662e-11,,2.6911456028159337,0.29949526018486483,0.0033886692727272726,0.6622620048559995,1.000000000658862,-6.566662769103004e-10
205.0559583,1.344003581,11.11474478,1782.301841,0.191178498,0.77553849,-9.325192496,1.182980063,0.03653038,2.20401e-12,0.040785447,0.00030609,0.939811795,0.003828138,3.16894e-05,0.011838221,0.003398621,5.62209e-11,,2.685682618137178,0.29856879103229234,0.003368104478787879,0.6615680510133406,1.000000001458425,-1.4562209216251176e-09
203.9764746,1.340044152,11.05057115,1780.523398,0.191103319,0.775684605,-9.326065682,1.182198007,0.036573658,2.21176e-12,0.040736144,0.000306033,0.939845248,0.003832953,3.173e-05,0.011853405,0.003394486,5.58002e-11,,2.68050657683964,0.29768920860675396,0.003348657924242424,0.660907915315625,0.9999999990580121,9.441997184111983e-10
202.9471254,1.336259593,10.98946378,1778.820285,0.191031303,0.775824652,-9.326902441,1.181448147,0.036615031,2.21921e-12,0.040689125,0.00030598,0.939877077,0.003837569,3.1769e-05,0.011867954,0.003390526,5.54001e-11,,2.6755682610084452,0.2968484733429539,0.0033301405393939393,0.6602757411674833,1.0000000000576192,-5.540012892879531e-11
201.8454435,1.332199269,10.92415499,1776.989567,0.190953869,0.775975328,-9.327802499,1.180641093,0.036659428,2.22725e-12,0.040638793,0.000305925,0.939911067,0.003842535,3.18108e-05,0.011883601,0.003386269,5.4973e-11,,2.670280137302387,0.2959464772136151,0.003310349996969697,0.659596201646537,1.0000000008572,-8.549729813012164e-10
200.6756577,1.327876739,10.85491348,1775.036618,0.190871239,0.776136219,-9.328763345,1.179779002,0.036706701,2.23587e-12,0.04058534,0.000305867,0.939947071,0.003847838,3.18554e-05,0.011900302,0.003381727,5.45207e-11,,2.6646618271554887,0.29498623233440086,0.0032893677212121213,0.6588712915140683,1.0000000004567564,-4.5452064334483566e-10
199.560355,1.323744703,10.78899691,1773.165848,0.190792061,0.776290488,-9.32968443,1.178952071,0.0367519,2.24416e-12,0.040534366,0.000305813,0.939981315,0.003852923,3.18981e-05,0.011916309,0.003377376,5.40906e-11,,2.6593019077953097,0.2940683054698728,0.003269393003030303,0.6581768851939246,1.0000000001563347,-1.5409051812298458e-10
198.5041373,1.319821745,10.72666214,1771.386205,0.190716717,0.77643738,-9.330561259,1.178164409,0.03679482,2.25209e-12,0.040486083,0.000305763,0.94001367,0.003857765,3.19387e-05,0.011931544,0.003373237,5.36844e-11,,2.654222964164809,0.29319682503344496,0.003250503678787879,0.6575163040712854,1.0000000007559364,-7.536842261401944e-10
197.4969733,1.316072016,10.66730349,1769.681907,0.190644543,0.776578176,-9.331401522,1.177409171,0.036835852,2.25971e-12,0.040440034,0.000305716,0.940044453,0.003862406,3.19775e-05,0.011946142,0.003369272,5.3298e-11,,2.649377230840745,0.2923638272125643,0.003232516209090909,0.6568836900660318,1.0000000005555576,-5.532978519795506e-10
196.4190358,1.312049023,10.6038612,1767.849872,0.190566936,0.776729661,-9.33230537,1.176596323,0.036879883,2.26793e-12,0.040390738,0.000305667,0.940077324,0.003867399,3.20193e-05,0.011961842,0.00336501,5.28856e-11,,2.644187793322734,0.2914701241203094,0.003213291272727273,0.6562036616912318,0.9999999993551535,6.471144731179379e-10
195.274462,1.307766195,10.5365958,1765.895472,0.19048412,0.776891419,-9.333270292,1.175728027,0.036926767,2.27674e-12,0.040338382,0.000305616,0.940112143,0.003872731,3.20638e-05,0.011978601,0.003360463,5.24487e-11,,2.638673796179274,0.2905186989929985,0.0031929078181818183,0.6554782129657931,0.9999999998547254,1.475513045079424e-10
194.1831972,1.303672072,10.47255779,1764.023266,0.190404763,0.777046527,-9.334195296,1.174895148,0.036971595,2.28523e-12,0.040288453,0.000305569,0.940145257,0.003877844,3.21064e-05,0.011994664,0.003356106,5.20334e-11,,2.633413386100788,0.2896091944561594,0.0031735023606060606,0.6547832736204908,0.9999999994543186,5.479666720376031e-10
193.1497438,1.299785072,10.41199709,1762.242215,0.190329246,0.777194219,-9.335075883,1.174101805,0.037014163,2.29333e-12,0.040241158,0.000305525,0.940176543,0.003882713,3.2147e-05,0.012009953,0.003351961,5.16411e-11,,2.6284283896367207,0.28874570204650446,0.0031551506333333335,0.6541221698659415,1.0000000000539344,-5.164091376741453e-11
192.0044833,1.295466358,10.34498055,1760.259251,0.190245142,0.777358812,-9.336057,1.173217372,0.037061468,2.30239e-12,0.040188732,0.000305478,0.940211128,0.003888138,3.21921e-05,0.012026985,0.003347346,5.12076e-11,,2.6229002560528865,0.2877863048871347,0.0031348425909090913,0.6533861185425733,0.9999999991535099,8.487924807454306e-10
190.9178175,1.291357641,10.28148592,1758.368689,0.190164933,0.77751589,-9.336993087,1.172373022,0.037106482,2.31108e-12,0.040138974,0.000305435,0.940243861,0.003893317,3.22351e-05,0.012043234,0.003342945,5.07973e-11,,2.6176511114366185,0.28687355831061806,0.003115601793939394,0.652684365680691,1.0000000011531085,-1.1507974573277124e-09
189.8206174,1.287198177,10.21746754,1756.450762,0.190083537,0.777675397,-9.337943413,1.171515323,0.037152062,2.31992e-12,0.040088719,0.000305392,0.940276828,0.003898575,3.22786e-05,0.012059727,0.00333848,5.03842e-11,,2.612347347984793,0.2859495383486338,0.003096202284848485,0.6519724552746152,0.9999999996527043,3.496156697480046e-10
188.7743745,1.283221593,10.15650802,1754.613358,0.190005535,0.777828353,-9.338854489,1.170692571,0.037195647,2.32844e-12,0.040040785,0.000305353,0.940308186,0.003903618,3.23204e-05,0.012075536,0.003334202,4.99913e-11,,2.607286442412235,0.2850661449603253,0.003077729703030303,0.65129043399447,1.0000000004523197,-4.4999137749357487e-10
187.6138933,1.278798953,10.0889899,1752.565468,0.189918569,0.777998999,-9.339870689,1.169774339,0.03724413,2.33797e-12,0.0399876,0.00030531,0.940342878,0.003909244,3.23668e-05,0.012093167,0.003329433,4.95567e-11,,2.6016686338800565,0.2840836607641235,0.0030572696666666664,0.6505302829556148,0.9999999988518946,1.150443296182857e-09
186.5191156,1.274615188,10.02538826,1750.623914,0.189836094,0.778160951,-9.340834847,1.168902603,0.037290005,2.34705e-12,0.03993741,0.000305272,0.940375519,0.003914584,3.24109e-05,0.012109894,0.003324911,4.91479e-11,,2.596364581445787,0.2831542423640001,0.0030379964424242425,0.6498096025039823,1.0000000009514949,-9.491478714096502e-10
185.3783161,1.270243544,9.959209537,1748.590699,0.189749696,0.77833072,-9.341845293,1.167988464,0.037337951,2.35661e-12,0.039885092,0.000305233,0.940409442,0.003920182,3.2457e-05,0.01212742,0.003320175,4.87231e-11,,2.5908333106348627,0.2821830868683187,0.0030179422839393937,0.6490548986407544,1.0000000010510797,-1.0487228863098608e-09
184.3263788,1.26620148,9.898272873,1746.706686,0.189669613,0.778488188,-9.342782282,1.16714028,0.037382291,2.36551e-12,0.039836833,0.000305198,0.94044064,0.003925375,3.24996e-05,0.01214367,0.003315785,4.83324e-11,,2.5857289751502117,0.281285147176181,0.0029994766281818182,0.6483555766853921,1.000000000650698,-6.483324987982542e-10
183.3234359,1.262337817,9.84025195,1744.902135,0.189592886,0.778639158,-9.343680377,1.166326854,0.037424683,2.37407e-12,0.039790806,0.000305166,0.94047031,0.003930353,3.25405e-05,0.012159244,0.00331158,4.7961e-11,,2.5808584725486545,0.2804268390532161,0.0029818945303030303,0.6476857500260905,0.999999999550335,4.5203896181789105e-10
182.2206359,1.258078272,9.776541409,1742.908484,0.189508092,0.77880611,-9.344673308,1.165427022,0.037471428,2.38357e-12,0.039740178,0.000305132,0.940502851,0.003935859,3.25856e-05,0.012176461,0.003306934,4.75536e-11,,2.5754985721804755,0.2794805862165597,0.002962588305757576,0.646945731822591,1.000000000649937,-6.475535663241772e-10
181.174187,1.254025449,9.716170568,1741.007471,0.189427213,0.778965462,-9.345620798,1.164567874,0.037515915,2.39267e-12,0.039692119,0.000305102,0.940533646,0.003941114,3.26286e-05,0.012192887,0.003302503,4.71681e-11,,2.5704085783249493,0.2785802564254162,0.002944294111515152,0.6462400996808122,0.9999999996495607,3.528319858503437e-10
180.1460969,1.250033275,9.656938486,1739.130959,0.189347352,0.779122913,-9.346556746,1.163718718,0.037559745,2.4017e-12,0.039644886,0.000305072,0.940563823,0.003946307,3.2671e-05,0.012209112,0.003298128,4.67904e-11,,2.5654036078789244,0.2776933997372192,0.0029263449957575758,0.6455435620024095,0.9999999990491919,9.532097333675438e-10
179.1376991,1.246107422,9.598917397,1737.281785,0.189268632,0.779278219,-9.34747971,1.162880883,0.037602855,2.41064e-12,0.039598541,0.000305045,0.940593346,0.00395143,3.27127e-05,0.012225109,0.003293816,4.64209e-11,,2.5604908143249205,0.2768212761799974,0.0029087628475757575,0.6448571718461392,0.9999999997488315,2.5357915767187933e-10
178.0202049,1.241745006,9.534707313,1735.222485,0.189180939,0.779451345,-9.348508315,1.161946618,0.03765077,2.42064e-12,0.03954716,0.000305016,0.940625975,0.003957141,3.27592e-05,0.012242936,0.003289013,4.60125e-11,,2.555041470771883,0.27585217067349954,0.0028893052463636365,0.6440927855586362,1.0000000002484333,-2.4601254366984904e-10
176.9598847,1.237594186,9.473867857,1733.258655,0.189097284,0.779616615,-9.349489985,1.161054461,0.037696372,2.43022e-12,0.039498388,0.00030499,0.940656847,0.003962593,3.28035e-05,0.012259947,0.003284433,4.56261e-11,,2.5498661879491697,0.27493007096579597,0.0028708690475757574,0.6433638365356736,1.0000000015480563,-1.5456260715751569e-09
175.896471,1.233419815,9.412934224,1731.279315,0.189012943,0.77978336,-9.350480139,1.160154081,0.037742242,2.43992e-12,0.039449452,0.000304965,0.940687724,0.003968094,3.2848e-05,0.012277103,0.003279815,4.52397e-11,,2.544671272377318,0.27400273943155784,0.0028524043103030305,0.6426291303955745,1.0000000010476795,-1.0452396725924018e-09
174.8824916,1.229428737,9.354910675,1729.382768,0.188932105,0.779943288,-9.351429579,1.159290241,0.037786108,2.44927e-12,0.03940277,0.000304943,0.940717085,0.00397337,3.28907e-05,0.012293552,0.003275389,4.48722e-11,,2.539713339897369,0.2731161262184525,0.0028348214166666664,0.641925155976886,0.9999999997473215,2.5512780776892896e-10
173.7567675,1.224985419,9.290581041,1727.266553,0.188841875,0.780121925,-9.352489795,1.15832506,0.037834955,2.45974e-12,0.039350921,0.00030492,0.940749589,0.003979264,3.29383e-05,0.012311918,0.00327045,4.44654e-11,,2.534203807401208,0.27212904842923635,0.002815327588181818,0.6411396435564479,1.0000000003469252,-3.444653451367685e-10
172.700992,1.220806226,9.230332841,1725.271524,0.188756785,0.780290509,-9.353490073,1.15741391,0.03788091,2.46967e-12,0.039302269,0.000304899,0.940779984,0.003984827,3.29832e-05,0.012329244,0.003265793,4.40849e-11,,2.529031316351346,0.2712006456934548,0.0027970705578787875,0.6403991138566612,0.9999999992465545,7.559152193081786e-10
171.6991647,1.216829782,9.173238365,1723.369108,0.18867562,0.780451429,-9.354444619,1.156543939,0.037924644,2.47918e-12,0.039256083,0.000304881,0.940808745,0.003990138,3.30259e-05,0.012345777,0.00326135,4.37249e-11,,2.524118722088776,0.27031728340597916,0.0027797692015151514,0.6396929609389094,0.9999999999462041,5.62750956945024e-11
170.5529337,1.212267156,9.108003748,1721.181208,0.188582245,0.780636692,-9.355543257,1.155542067,0.037974838,2.49018e-12,0.039203212,0.000304862,0.940841556,0.003996252,3.3075e-05,0.012364803,0.003256241,4.33142e-11,,2.5184920925510452,0.2693037014869943,0.0027600011357575755,0.6388808399471025,1.0000000010458046,-1.0433143238230969e-09
169.4385138,1.207817721,9.044670829,1719.042363,0.188490932,0.780818003,-9.356618143,1.154561261,0.038023799,2.50098e-12,0.039151781,0.000304845,0.940873355,0.004002237,3.3123e-05,0.012383416,0.003251244,4.2916e-11,,2.5130158758300953,0.26831526481353074,0.002740809342121212,0.6380869275549818,1.000000001045417,-1.0429159758018614e-09
168.3811106,1.203583572,8.984661115,1717.002188,0.188403804,0.780991136,-9.357644251,1.153624419,0.038070402,2.51134e-12,0.039102955,0.00030483,0.940903436,0.004007952,3.31687e-05,0.012401182,0.003246477,4.25393e-11,,2.5078143102119643,0.26737465366795626,0.0027226245803030303,0.6373296402271973,1.0000000007450507,-7.425393633297972e-10
167.2518339,1.199048209,8.920661299,1714.811631,0.188310222,0.781177232,-9.358746879,1.152617125,0.038120332,2.52252e-12,0.039050781,0.000304816,0.940935461,0.004014095,3.32177e-05,0.012420272,0.003241357,4.21382e-11,,2.5022530453358396,0.2663671281918745,0.0027032306966666667,0.6365165329903723,0.9999999997446607,2.5786184298937087e-10
166.1512191,1.194614506,8.858373872,1712.664897,0.188218482,0.78135981,-9.359828332,1.151628587,0.038169156,2.53354e-12,0.038999902,0.000304804,0.940966573,0.004020124,3.32657e-05,0.012438993,0.003236339,4.17485e-11,,2.496826776031388,0.26538218636342986,0.002684355718787879,0.6357196923005668,1.000000000744282,-7.417484404470542e-10
165.0544784,1.190183078,8.796391841,1710.514017,0.188126534,0.781542945,-9.360912749,1.150636758,0.038217966,2.54464e-12,0.038949173,0.000304793,0.940997477,0.004026171,3.33138e-05,0.012457764,0.003231309,4.13613e-11,,2.491413554873041,0.2643977499235194,0.0026655732851515153,0.6349213126676505,1.000000000843906,-8.41361424974707e-10
164.0137793,1.185965669,8.737656234,1708.462113,0.188038788,0.78171784,-9.361948091,1.149689272,0.038264431,2.55528e-12,0.038901007,0.000304785,0.941026709,0.004031946,3.33596e-05,0.012475683,0.003226509,4.09949e-11,,2.4862713438956336,0.2634608575489605,0.0026477746163636362,0.6341596716824262,0.99999999864355,1.359005241674538e-09
162.8973903,1.18142796,8.674734303,1706.248998,0.187944118,0.781906685,-9.363065675,1.148665934,0.038314438,2.56682e-12,0.038849307,0.000304778,0.941057966,0.004038183,3.34089e-05,0.012495025,0.003221331,4.06031e-11,,2.4807485197054024,0.2624528109117794,0.0026287073645454542,0.6333381911994138,0.9999999989431699,1.0593969035355144e-09
161.847419,1.177147281,8.615636304,1704.1561,0.18785456,0.782085471,-9.364123409,1.147696839,0.038361624,2.57779e-12,0.038800653,0.000304772,0.941087268,0.004044089,3.34555e-05,0.012513329,0.003216433,4.02357e-11,,2.4755481765201885,0.26150186318225305,0.00261079888,0.6325613337564271,0.9999999995428134,4.5976433771244274e-10
160.7616519,1.172707353,8.554605293,1701.980039,0.187761413,0.782271566,-9.365224058,1.146687851,0.038410577,2.58926e-12,0.038750308,0.000304768,0.941117469,0.004050237,3.3504e-05,0.012532375,0.003211339,3.98569e-11,,2.470163983647103,0.26051553847748987,0.0025923046342424243,0.6317536072526783,1.0000000000424463,-3.985700658404312e-11
159.7374279,1.168506571,8.497109582,1699.916179,0.18767304,0.782448259,-9.366268791,1.145729584,0.038456906,2.6002e-12,0.038702786,0.000304766,0.941145866,0.004056074,3.35498e-05,0.012550451,0.003206506,3.95006e-11,,2.4650791529335527,0.2595823397711315,0.0025748816915151518,0.6309875283504659,0.9999999988421009,1.1604993632730043e-09
158.6338956,1.163966782,8.435244067,1697.680257,0.187577268,0.782639896,-9.367401542,1.144689994,0.038506986,2.61211e-12,0.038651551,0.000304766,0.941176359,0.004062407,3.35995e-05,0.01257005,0.003201269,3.91178e-11,,2.459593570504374,0.25857383106443355,0.0025561345657575756,0.6301575821955946,1.00000000154173,-1.5391179442048042e-09
157.5696753,1.159575101,8.375662948,1695.511802,0.187484354,0.782825962,-9.368501024,1.143680354,0.038555445,2.62373e-12,0.038602107,0.000304767,0.941205664,0.004068556,3.36476e-05,0.012589071,0.003196188,3.87498e-11,,2.454296862694202,0.25759822437312263,0.0025380796812121214,0.629352678943486,1.0000000006413736,-6.387499418281095e-10
156.5389199,1.155308654,8.318030489,1693.399988,0.187393838,0.78300737,-9.36957265,1.142695745,0.038602534,2.6351e-12,0.038554185,0.00030477,0.941233952,0.004074552,3.36944e-05,0.012607609,0.003191239,3.83944e-11,,2.449160158658063,0.25665043826540584,0.00252061529969697,0.6285688001189549,1.0000000014410295,-1.4383945146079213e-09
155.5367708,1.151148362,8.262068094,1691.335759,0.187305333,0.783184882,-9.370620955,1.141732042,0.038648464,2.64628e-12,0.038507561,0.000304774,0.941261363,0.004080419,3.37401e-05,0.012625743,0.003186399,3.80499e-11,,2.4441598514887777,0.2557262343642101,0.0025036569981818184,0.6278025842485785,0.999999999140696,8.619501778994731e-10
154.4570227,1.146652284,8.20185002,1689.099378,0.187209416,0.783377412,-9.371757604,1.140686546,0.038698113,2.65845e-12,0.038457292,0.000304781,0.941290796,0.004086785,3.37895e-05,0.012645403,0.003181154,3.76798e-11,,2.4387656578300194,0.25472743600397946,0.002485409096969697,0.626972467718674,1.0000000005403382,-5.376799006029387e-10
153.4466684,1.142432226,8.145574748,1686.995019,0.187119132,0.783558781,-9.372828027,1.139701417,0.038744727,2.66997e-12,0.038410219,0.000304788,0.94131824,0.004092782,3.3836e-05,0.012663917,0.003176218,3.73345e-11,,2.433711135503121,0.253789955157233,0.0024683559842424243,0.6261913560964804,1.0000000000400044,-3.733435782748984e-11
152.4381287,1.138207155,8.08947036,1684.883012,0.18702849,0.783741008,-9.373903192,1.138711394,0.038791408,2.6816e-12,0.038363197,0.000304797,0.941345541,0.004098808,3.38826e-05,0.012682512,0.003171261,3.69909e-11,,2.4286594392613963,0.2528513606785211,0.0024513546545454545,0.6254074056327741,0.9999999986396725,1.3630091499905461e-09
151.3207577,1.133511327,8.02739292,1682.529602,0.186927455,0.7839443,-9.375102255,1.137606661,0.038843304,2.69462e-12,0.038311061,0.000304809,0.941375678,0.004105532,3.39345e-05,0.012703249,0.003165737,3.66113e-11,,2.423054613762332,0.2518081880942543,0.0024325433090909092,0.6245338494083907,1.000000000539306,-5.366111999194345e-10
150.2750079,1.12910223,7.96937151,1680.314022,0.186832303,0.784135913,-9.376232066,1.136565133,0.038892046,2.70696e-12,0.038262227,0.000304822,0.941403776,0.00411187,3.39832e-05,0.012722787,0.003160534,3.62572e-11,,2.417801652564871,0.2508287124593348,0.0024149610636363637,0.623711453948348,0.9999999992389643,7.637427357209958e-10
149.1462128,1.124327362,7.906825711,1677.908186,0.186728945,0.784344231,-9.377459957,1.135432535,0.038944846,2.72043e-12,0.038209472,0.000304839,0.941433988,0.004118763,3.40361e-05,0.01274402,0.003154882,3.58762e-11,,2.4121233336668255,0.2497679812334269,0.0023960077912121213,0.6228184378514311,1.0000000001385965,-1.3587619918098426e-10
148.0073706,1.119493374,7.843810403,1675.465672,0.186623974,0.784555991,-9.378707708,1.134280925,0.038998316,2.73419e-12,0.0381562,0.000304857,0.941464345,0.00412577,3.40897e-05,0.012765596,0.003149141,3.5493e-11,,2.406385422593651,0.24869411657009705,0.002376912243333333,0.6219118073417268,0.9999999987382272,1.2645069435990308e-09
146.9415258,1.114953952,7.784913267,1673.165639,0.186525091,0.784755645,-9.379883711,1.133194901,0.039048542,2.74723e-12,0.038106299,0.000304876,0.941492642,0.004132378,3.41401e-05,0.01278593,0.003143734,3.51356e-11,,2.40100693907506,0.24768568939201102,0.0023590646263636364,0.6210580639891291,0.9999999991378828,8.648644023168117e-10
145.9390918,1.110670975,7.729589566,1670.989858,0.186431518,0.784944734,-9.380997124,1.132166115,0.039095944,2.75963e-12,0.038059327,0.000304896,0.941519153,0.004138638,3.41877e-05,0.012805182,0.003138616,3.48004e-11,,2.395941017900818,0.24673423116452795,0.0023422998684848482,0.6202504414178623,0.99999999973756,2.651996400260259e-10
144.9204954,1.106305284,7.673442557,1668.766339,0.186335861,0.785138193,-9.382135909,1.13111332,0.039144275,2.77238e-12,0.038011558,0.000304918,0.941545988,0.004145043,3.42363e-05,0.012824871,0.003133385,3.44609e-11,,2.3907858547290117,0.24576439812068987,0.0023252856233333336,0.6194250991007632,0.9999999993372333,6.655391793231047e-10
143.8230265,1.101585982,7.613025111,1666.356178,0.186232139,0.785348144,-9.383371351,1.129970527,0.039196537,2.78629e-12,0.037960044,0.000304944,0.941574785,0.004151996,3.42889e-05,0.012846231,0.003127712,3.40963e-11,,2.3852229030051375,0.2447160108153466,0.0023069773063636363,0.6185304776181844,1.0000000009368828,-9.34096355820202e-10
142.7960904,1.097155212,7.556562809,1664.087147,0.186134457,0.785546044,-9.384535471,1.128893102,0.039245617,2.79945e-12,0.037911796,0.00030497,0.94160162,0.00415855,3.43383e-05,0.012866357,0.003122368,3.37562e-11,,2.3800093555458064,0.24373172054935055,0.0022898675178787877,0.6176882418184858,0.9999999993365557,6.662437268545318e-10
141.71909,1.092492934,7.497422586,1661.692999,0.186031353,0.78575511,-9.385764857,1.127754636,0.039297277,2.81343e-12,0.037861148,0.000305,0.941629646,0.004165476,3.43904e-05,0.012887611,0.003116728,3.34006e-11,,2.3745326674788174,0.2426960010575314,0.002271946238181818,0.6167995641603239,0.999999999436214,5.665995450598871e-10
140.6584767,1.087885922,7.439256606,1659.320576,0.185929149,0.785962537,-9.386984174,1.126624857,0.039348341,2.82737e-12,0.037811223,0.000305031,0.941657127,0.004172349,3.4442e-05,0.012908691,0.003111137,3.30516e-11,,2.3691302344806466,0.241672558841635,0.0022543201836363637,0.615918950549215,1.000000000035879,-3.3051561487695835e-11
139.611807,1.083324068,7.381927397,1656.964844,0.185827629,0.786168759,-9.388195989,1.125501403,0.039398919,2.84129e-12,0.037761907,0.000305064,0.94168413,0.004179183,3.44931e-05,0.01292964,0.003105583,3.27083e-11,,2.363790147032386,0.24065914842152855,0.0022369476960606063,0.6150445324276046,1.0000000001355496,-1.3270828880251884e-10
138.5141112,1.078523196,7.321879907,1654.478574,0.185720445,0.786386685,-9.389476107,1.124313953,0.039452164,2.85608e-12,0.037710133,0.000305101,0.941712324,0.004186407,3.45469e-05,0.01295177,0.003099718,3.23494e-11,,2.35818002749438,0.23959264043806447,0.002218751486969697,0.614121660240439,0.9999999999352055,6.765066284941668e-11
137.4387868,1.073803487,7.263131883,1652.027179,0.185614727,0.786601832,-9.390739436,1.123141403,0.039504526,2.87075e-12,0.037659362,0.000305139,0.941739817,0.00419354,3.45999e-05,0.012973609,0.003093933,3.19991e-11,,2.3526745053328613,0.2385441627181571,0.0022009490554545453,0.6132117332151131,0.9999999999348699,6.800082719138345e-11
136.3774472,1.069128792,7.205221003,1649.592114,0.185509675,0.786815819,-9.391995499,1.121974939,0.039556405,2.88542e-12,0.037609199,0.000305179,0.941766827,0.004200636,3.46525e-05,0.012995323,0.003088183,3.16544e-11,,2.3472309576119232,0.23750568480461154,0.002183400303939394,0.6123078676806216,0.9999999995345398,4.683456955589804e-10
135.2688993,1.064228612,7.144811433,1647.032003,0.18539919,0.787041091,-9.393317291,1.120746731,0.039610804,2.90094e-12,0.037556747,0.000305223,0.941794906,0.004208108,3.47077e-05,0.013018173,0.003082136,3.12956e-11,,2.3415346541896285,0.23641711566750245,0.002165094373636364,0.6113575866419747,1.0000000007341967,-7.312956906702084e-10
134.2378234,1.059654607,7.088694107,1644.635239,0.185295716,0.787252263,-9.394555894,1.119595173,0.039661598,2.91557e-12,0.037507907,0.000305267,0.941820897,0.004215115,3.47592e-05,0.013039584,0.003076471,3.09631e-11,,2.3362270273948464,0.23540100591725197,0.0021480891233333333,0.6104679379574796,1.0000000002338787,-2.309630264818452e-10
133.2224356,1.055134696,7.033496688,1642.260069,0.18519314,0.787461795,-9.395784431,1.118452355,0.039711808,2.93016e-12,0.037459758,0.000305311,0.941846375,0.004222068,3.48102e-05,0.013060822,0.003070855,3.06366e-11,,2.3309904199793654,0.23439691308452348,0.0021313626327272724,0.609586304694483,0.9999999992335669,7.693633508054631e-10
132.220397,1.050658964,6.979088913,1639.901456,0.185091244,0.787670125,-9.397005486,1.117315893,0.039761542,2.94473e-12,0.037412192,0.000305358,0.941871401,0.004228983,3.48608e-05,0.013081931,0.003065275,3.03155e-11,,2.3258135548632217,0.23340263456390353,0.002114875428181818,0.608710817181869,1.0000000008332603,-8.303155940581064e-10
131.169508,1.045948592,6.922096653,1637.411978,0.184983657,0.787890294,-9.39829545,1.116114645,0.039813901,2.96021e-12,0.037362251,0.000305409,0.941897521,0.004236292,3.4914e-05,0.013104231,0.003059383,2.99798e-11,,2.320374202216622,0.23235623104739958,0.0020976050463636362,0.6077867542254078,1.00000000103294,-1.029979879163534e-09
130.1400365,1.041317714,6.86633305,1634.957249,0.184877534,0.788107673,-9.399568582,1.114928422,0.039865393,2.97558e-12,0.037313271,0.000305461,0.941922981,0.004243511,3.49664e-05,0.01312624,0.00305357,2.96521e-11,,2.3150355358025796,0.23132748702809475,0.0020807069848484848,0.6068755896611695,1.0000000004326277,-4.29652091682442e-10
129.0820597,1.036541399,6.809094276,1632.417818,0.184767711,0.788332849,-9.400886868,1.113699451,0.03991852,2.99158e-12,0.037262875,0.000305517,0.941949014,0.004250991,3.50206e-05,0.01314903,0.003047553,2.93164e-11,,2.3095383262936875,0.23026643435286426,0.002063361901818182,0.6059329847787045,1.000000000632308,-6.293163767878696e-10
128.0255836,1.031754249,6.752006019,1629.864822,0.184657261,0.788559531,-9.402213457,1.11246205,0.039971786,3.00778e-12,0.037212489,0.000305576,0.941974873,0.004258522,3.50749e-05,0.013171964,0.003041501,2.89824e-11,,2.3040378619729083,0.2292029746953187,0.00204606243,0.6049853447386666,0.9999999999319902,7.101763621619739e-11
126.9412933,1.026822556,6.693486445,1627.226494,0.184543077,0.78879411,-9.403585707,1.111181336,0.040026679,3.02463e-12,0.037160711,0.000305639,0.94200127,0.004266318,3.51309e-05,0.013195689,0.003035243,2.86408e-11,,2.29838074979765,0.22810740498288024,0.0020283292257575756,0.6040060305323173,1.0000000009316654,-9.28640719877194e-10
125.8196503,1.021701,6.633026904,1624.477669,0.184424066,0.789038861,-9.405016868,1.109844866,0.040083707,3.04231e-12,0.037107079,0.000305707,0.94202842,0.004274454,3.51891e-05,0.013220432,0.003028719,2.82887e-11,,2.292516258881335,0.22696965743165243,0.002010008152727273,0.6029857012278229,1.000000000131331,-1.2828871298609101e-10
124.7812454,1.016941196,6.577122614,1621.914777,0.184313063,0.789267378,-9.406352535,1.108596861,0.040136726,3.05892e-12,0.03705736,0.000305772,0.942053413,0.004282053,3.52432e-05,0.013243525,0.003022632,2.79639e-11,,2.2870752034633934,0.22591227265536093,0.001993067458787879,0.6020343879169157,0.9999999982310228,1.7720361844553167e-09
123.7114836,1.012019012,6.51959865,1619.25605,0.184197868,0.789504767,-9.407739491,1.107300215,0.040191573,3.07627e-12,0.037006073,0.000305842,0.942079015,0.004289949,3.52993e-05,0.013267506,0.003016314,2.76305e-11,,2.2814577479159364,0.22481881535592055,0.0019756359545454543,0.6010475018580539,0.9999999983307069,1.6723694651332721e-09
122.629812,1.007022555,6.46150454,1616.548396,0.184080509,0.789746867,-9.409153384,1.105977637,0.040247269,3.09406e-12,0.036954143,0.000305916,0.94210475,0.004298004,3.53562e-05,0.013291954,0.003009876,2.72946e-11,,2.2757650044195095,0.22370885839819807,0.0019580316787878786,0.6000424547114979,0.9999999992303887,7.727053441541898e-10
121.6044013,1.002267677,6.406496947,1613.963343,0.183968422,0.789978329,-9.410504576,1.104713011,0.040300291,3.11117e-12,0.036904847,0.000305989,0.942129001,0.004305708,3.54105e-05,0.013315319,0.003003726,2.69773e-11,,2.270356330367637,0.22265256792692587,0.0019413627112121212,0.5990829155158156,1.0000000005300884,-5.269773506455522e-10
120.5490453,0.997355114,6.349948509,1611.283978,0.183852204,0.790218571,-9.411906432,1.103400248,0.040355091,3.12903e-12,0.03685404,0.000306067,0.942153813,0.004313706,3.54665e-05,0.013339561,0.002997348,2.66519e-11,,2.2647772343646353,0.22156124792114978,0.001924226820909091,0.5980883688906442,1.0000000015297807,-1.526651915995103e-09
119.5061432,0.992481533,6.294132321,1608.617182,0.183736489,0.790458023,-9.4133031,1.102091623,0.040409477,3.14693e-12,0.036803762,0.000306146,0.942178181,0.00432168,3.55222e-05,0.013363714,0.002990995,2.63315e-11,,2.2592515011415846,0.22047858772013654,0.0019073128245454547,0.5970984877203592,1.0000000002294787,-2.263316201123189e-10
118.4936489,0.98773177,6.240004961,1606.009734,0.183623308,0.790692476,-9.414670009,1.100810189,0.040462502,3.16456e-12,0.03675488,0.000306226,0.942201694,0.00432949,3.55766e-05,0.013387354,0.00298478,2.60215e-11,,2.2538745188383924,0.21942343354000798,0.0018909105942424244,0.5961306357820417,1.000000000629186,-6.26021456895387e-10
117.4525747,0.982828924,6.184412438,1603.309477,0.183506055,0.790935615,-9.416086971,1.099481116,0.040517255,3.18295e-12,0.036704545,0.000306312,0.942225718,0.004337592,3.56327e-05,0.013411861,0.002978339,2.5704e-11,,2.248333069163089,0.21833427215418166,0.001874064375151515,0.5951283343089518,0.9999999997288869,2.742961413559897e-10
116.4472733,0.978076029,6.130790117,1600.68323,0.183391975,0.791172425,-9.417466451,1.098186504,0.040570354,3.20096e-12,0.036655868,0.000306397,0.94224877,0.004345485,3.56871e-05,0.013435722,0.002972071,2.53984e-11,,2.242969233627194,0.2172784222039921,0.001857815186969697,0.5941535044180201,1.0000000001285994,-1.2539835836378188e-10
115.3419823,0.972829137,6.071901969,1597.774125,0.18326556,0.791435126,-9.418996071,1.096750192,0.040628996,3.22107e-12,0.036602267,0.000306494,0.942273943,0.004354245,3.57472e-05,0.013462181,0.002965122,2.50637e-11,,2.237057655187868,0.21611283140999182,0.0018399702936363635,0.5930736811912408,0.9999999992282848,7.74936337322174e-10
114.3233462,0.967973628,6.017692912,1595.07269,0.183148125,0.791679439,-9.420417967,1.095414291,0.040683285,3.23988e-12,0.03655279,0.000306586,0.942296982,0.004362394,3.58029e-05,0.013486779,0.002958666,2.47564e-11,,2.2315954870561034,0.21503418588220405,0.0018235433066666668,0.592070942459351,0.9999999999279964,7.524347811482812e-11
113.2275635,0.962728715,5.959444549,1592.144437,0.183020781,0.791944662,-9.421960849,1.093963915,0.040741951,3.26043e-12,0.03649948,0.000306689,0.942321591,0.004371244,3.58631e-05,0.013513472,0.002951662,2.44271e-11,,2.22570479397456,0.21386903472069121,0.0018058922875757574,0.5909840117355422,1.0000000011276875,-1.1244272180022108e-09
112.154887,0.957572352,5.902490472,1589.255232,0.182895087,0.792206754,-9.423484792,1.092530528,0.040799652,3.28086e-12,0.036447206,0.000306793,0.942345502,0.004379992,3.59223e-05,0.01353984,0.002944746,2.41061e-11,,2.2199228754116906,0.2127235548359664,0.0017886334763636364,0.5899115751387446,1.000000001327387,-1.3241061580515634e-09
111.0710556,0.952339914,5.845009992,1586.312772,0.182767026,0.792474093,-9.425038488,1.09106833,0.040858229,3.30185e-12,0.036394297,0.000306901,0.942369478,0.004388919,3.59824e-05,0.013566725,0.002937697,2.37829e-11,,2.2140650110663977,0.21156117498081076,0.001771215149090909,0.5888193709550288,0.9999999994270848,5.76216963033005e-10
109.9699332,0.947000566,5.786679801,1583.299056,0.182635811,0.792748341,-9.42663156,1.089568215,0.040918028,3.32351e-12,0.03634045,0.000307015,0.942393645,0.00439808,3.60437e-05,0.013594294,0.002930472,2.34559e-11,,2.208097170000664,0.21037504519678552,0.0017535393336363637,0.5877007174393544,0.9999999997267793,2.765441209362507e-10
108.9375817,0.941972943,5.732053803,1580.4509,0.182511757,0.793007929,-9.428138731,1.088148196,0.040974361,3.34415e-12,0.036289876,0.000307126,0.942416125,0.004406755,3.61015e-05,0.013620379,0.002923639,2.31505e-11,,2.2024864753032896,0.2092581647493694,0.001736986000909091,0.5866435177156281,1.0000000015264947,-1.5231507166646452e-09
107.8966948,0.936882153,5.677035632,1577.556599,0.182385645,0.793272129,-9.429671937,1.086702862,0.041031426,3.36529e-12,0.036238795,0.000307241,0.942438612,0.004415587,3.61601e-05,0.013646917,0.002916689,2.28438e-11,,2.196814026672215,0.20812725182831276,0.0017203138278787879,0.5855691895476554,1.000000001126209,-1.1228435958798855e-09
106.8602528,0.93179126,5.622311302,1574.651727,0.182259025,0.793537705,-9.431212387,1.08524991,0.041088517,3.38668e-12,0.036187841,0.000307358,0.942460821,0.004424468,3.62186e-05,0.013673584,0.002909709,2.25397e-11,,2.1911497475229096,0.20699631602592908,0.0017037306975757577,0.5844909375572938,0.9999999996259263,3.7746039627251093e-10
105.7713223,0.926418743,5.564878368,1571.574634,0.182124845,0.793819479,-9.432845948,1.083708277,0.041148793,3.40953e-12,0.036134207,0.000307486,0.942483957,0.004433895,3.62805e-05,0.013701866,0.002902308,2.22213e-11,,2.185181513181166,0.20580281778815138,0.001686326778181818,0.5833487592954711,0.9999999995256309,4.777785944654056e-10
104.6876677,0.921047693,5.507787069,1568.486442,0.181990127,0.794102735,-9.434487257,1.08215845,0.04120908,3.43266e-12,0.036080728,0.000307617,0.942506776,0.004443375,3.63423e-05,0.013730286,0.002894874,2.19059e-11,,2.179224079130902,0.20460964544267235,0.0016690263845454546,0.5822024612242933,0.9999999983253387,1.6780939970928443e-09
103.6663924,0.915963071,5.454039539,1565.551827,0.18186206,0.794372342,-9.436048657,1.080683267,0.041266179,3.45482e-12,0.036030232,0.000307745,0.94252809,0.004452403,3.64008e-05,0.013757326,0.002887804,2.16098e-11,,2.1735928756647023,0.20348010273545228,0.0016527392542424243,0.581113169006015,1.000000000825065,-8.216098912328107e-10
102.6359593,0.910810163,5.39986601,1562.566674,0.181731736,0.794647028,-9.437638673,1.079180241,0.04132407,3.47755e-12,0.035979185,0.000307877,0.942549403,0.004461604,3.64601e-05,0.013784864,0.002880606,2.13122e-11,,2.1678943785951525,0.20233539037485282,0.0016363230333333333,0.5800051177170825,0.9999999991247897,8.78687900218722e-10
101.6110771,0.905662084,5.346039583,1559.573018,0.181600992,0.79492294,-9.439234952,1.077670483,0.041381934,3.50054e-12,0.035928314,0.000308012,0.942570407,0.00447085,3.65194e-05,0.013812515,0.002873382,2.10174e-11,,2.1622092508414172,0.20119175077083845,0.0016200119948484848,0.5788939102213796,0.9999999994245181,5.789824175650438e-10
100.561817,0.900367522,5.290989443,1556.482287,0.181465956,0.795208265,-9.440884824,1.07610919,0.041441472,3.52447e-12,0.035876128,0.000308155,0.942591706,0.004480416,3.65804e-05,0.013841099,0.002865916,2.07169e-11,,2.156370913629933,0.20001557014324717,0.0016033301342424243,0.5777466697053011,1.0000000004242415,-4.2071701678025875e-10
99.50298138,0.894999634,5.235494443,1553.336311,0.181328453,0.79549918,-9.442566092,1.074517309,0.041501864,3.54905e-12,0.035823356,0.000308303,0.942612984,0.004490174,3.66421e-05,0.013870231,0.00285831,2.04149e-11,,2.1504603571530376,0.1988231002322933,0.0015865134675757577,0.576578922939306,1.000000000123964,-1.204150112954494e-10
98.46306015,0.889702817,5.181046491,1550.21959,0.181192174,0.795787876,-9.44423363,1.072937562,0.041561486,3.57362e-12,0.035771417,0.000308453,0.942633668,0.004499861,3.67031e-05,0.013899129,0.002850768,2.01195e-11,,2.1446364956508366,0.19764641865914406,0.0015700140881818182,0.575422035261759,0.9999999991236931,8.798805017917743e-10
97.45817038,0.884560721,5.128484663,1547.182002,0.181059303,0.79606971,-9.445860647,1.071395379,0.041619393,3.59777e-12,0.035721122,0.000308602,0.94265345,0.004509323,3.67622e-05,0.01392733,0.00284341,1.98353e-11,,2.1389906477504175,0.19650410817143713,0.0015540862615151514,0.574294520759606,0.999999999223433,7.801647106120413e-10
96.38487214,0.879042445,5.072400495,1543.909013,0.180916081,0.796373904,-9.447615754,1.06973088,0.041681568,3.62402e-12,0.035667287,0.000308765,0.942674352,0.00451954,3.68257e-05,0.013957756,0.002835475,1.9533e-11,,2.132940229637992,0.19527822974581815,0.0015370910590909092,0.5730796283637685,1.000000000723157,-7.195330997689098e-10
95.30162952,0.873445254,5.015854569,1540.575133,0.180770134,0.796684312,-9.449405657,1.068032425,0.041744666,3.65102e-12,0.035612827,0.000308935,0.942695203,0.004529971,3.689e-05,0.013988791,0.002827384,1.92292e-11,,2.1268121803302145,0.19403482044715883,0.00151995593,0.5718421339937493,1.0000000010228802,-1.0192291455268787e-09
94.28794369,0.868181788,4.962991647,1537.426945,0.180632262,0.796977946,-9.451097847,1.066425811,0.041804032,3.67675e-12,0.035561747,0.000309099,0.942714489,0.004539842,3.69505e-05,0.014018137,0.002819735,1.89462e-11,,2.121057680879834,0.1928655477588448,0.0015039368627272726,0.5706735661611452,0.9999999995226229,4.810538634103523e-10
93.19993298,0.862504331,4.906308163,1534.016773,0.180482855,0.797296582,-9.452933037,1.064682472,0.041868101,3.70488e-12,0.035506793,0.00030928,0.94273494,0.00455056,3.70157e-05,0.014049969,0.002811442,1.86438e-11,,2.1148590141727746,0.19160430746410795,0.0014867600493939394,0.5694077531592384,0.9999999997223488,2.813561605918835e-10
92.16676829,0.857085746,4.852534577,1530.748027,0.180339588,0.797602558,-9.454694231,1.063008497,0.041929282,3.73211e-12,0.035454484,0.000309456,0.942754117,0.004560858,3.70779e-05,0.014080524,0.002803484,1.83579e-11,,2.108951207226687,0.19040057527512674,0.0014704650233333333,0.5681944357116929,1.00000000092209,-9.183580562677207e-10
91.15205945,0.851737631,4.799770785,1527.508178,0.180197532,0.797906366,-9.456441909,1.061346482,0.041989699,3.75935e-12,0.035402987,0.000309634,0.942772714,0.004571087,3.71392e-05,0.01411085,0.002795589,1.80784e-11,,2.103127928981281,0.18921249791251762,0.0014544759954545454,0.5669918444674933,1.0000000002218379,-2.180784441918604e-10
90.0990416,0.846159578,4.745065917,1524.114468,0.18004867,0.798225178,-9.458274768,1.059602519,0.042052747,3.78816e-12,0.035349415,0.000309824,0.942791761,0.004581828,3.7203e-05,0.014142661,0.002787309,1.77896e-11,,2.097062486608718,0.18797334009771113,0.0014378987627272726,0.5657321419531622,1.0000000010215775,-1.0177894083085448e-09
89.06483424,0.840652932,4.691388151,1520.749447,0.179901008,0.798541877,-9.460094343,1.057870253,0.042115024,3.817e-12,0.035296667,0.000310015,0.942810211,0.004592502,3.7266e-05,0.014174248,0.002779091,1.75072e-11,,2.0910824387562714,0.18675004526270816,0.0014216327730303031,0.5644830884351902,1.000000000021324,-1.7507106875314093e-11
88.03420507,0.835137041,4.637944651,1517.363919,0.179752386,0.798861093,-9.461927228,1.056124374,0.04217744,3.8463e-12,0.035243967,0.000310212,0.942828338,0.004603268,3.73291e-05,0.014206073,0.002770813,1.72272e-11,,2.0851002466525697,0.18552469666199198,0.001405437773030303,0.5632264229764627,1.0000000001210734,-1.1722711690254073e-10
86.98991639,0.829518752,4.583841609,1513.90007,0.179600267,0.799188307,-9.463804804,1.054334957,0.04224105,3.87658e-12,0.03519043,0.000310416,0.942846436,0.004614309,3.73932e-05,0.014238682,0.002762334,1.69447e-11,,2.079014806176529,0.18427660046781968,0.001389042911818182,0.5619406857465395,1.0000000002208211,-2.169446844391132e-10
85.98217355,0.824068658,4.531677865,1510.524842,0.17945198,0.799507746,-9.465636589,1.052588246,0.042302792,3.90639e-12,0.035138629,0.000310618,0.942863637,0.004625094,3.74553e-05,0.014270503,0.002754062,1.66733e-11,,2.0731189567400126,0.18306586859210427,0.0013732357166666665,0.5606878435184056,0.9999999983205796,1.68332681127481e-09
84.93777801,0.818390379,4.477663775,1506.992315,0.179296721,0.799842706,-9.46755611,1.050756894,0.042367157,3.93789e-12,0.0350848,0.000310834,0.942881184,0.004636409,3.75199e-05,0.014303857,0.002745395,1.63934e-11,,2.0669838163113643,0.18180444569104875,0.0013568678106060607,0.5593766138777344,0.9999999989203313,1.083606537832793e-09
83.92832991,0.812872633,4.425501807,1503.543847,0.179145096,0.800170322,-9.469432279,1.048965943,0.042429739,3.96897e-12,0.035032629,0.000311048,0.942897868,0.004647483,3.75825e-05,0.014336466,0.002736925,1.61241e-11,,2.061029337754392,0.18057868500429708,0.0013410611536363636,0.5580965858817684,1.000000001520093,-1.5161238930971876e-09
82.92797997,0.807375545,4.373852673,1500.092617,0.178993291,0.800498822,-9.471312258,1.047170415,0.042492123,4.00038e-12,0.034980786,0.000311266,0.942914125,0.004658592,3.76449e-05,0.014369149,0.002728437,1.58585e-11,,2.055104364981112,0.17935751346758363,0.0013254099009090909,0.5568155326661033,0.999999999919859,8.41414715679889e-11
81.91713316,0.801790872,4.321704074,1496.570185,0.178838294,0.800834744,-9.473233399,1.04533461,0.04255554,4.03278e-12,0.034928252,0.000311492,0.942930268,0.00466996,3.7708e-05,0.014402556,0.002719764,1.55914e-11,,2.0490920441848512,0.1781168850276802,0.0013096072951515152,0.5555080501626013,1.000000000019624,-1.5591306024020923e-11
80.88942615,0.796081694,4.268728753,1492.952135,0.178679025,0.801180463,-9.475209191,1.043445577,0.04262041,4.06641e-12,0.034874687,0.000311727,0.94294638,0.004681666,3.77725e-05,0.014436924,0.002710844,1.53211e-11,,2.042952712716833,0.1768485979506622,0.0012935541675757577,0.5541650754588183,1.0000000005193874,-5.153211191100127e-10
79.88275508,0.79045818,4.216879164,1489.371271,0.178521333,0.80152331,-9.477167157,1.041572595,0.042684347,4.10005e-12,0.034822063,0.000311964,0.94296186,0.004693281,3.78358e-05,0.014470991,0.002702005,1.50577e-11,,2.036912521582693,0.17559934102897762,0.0012778421709090909,0.5528359037310403,0.9999999998191579,1.8494217268738566e-10
78.81676897,0.784469043,4.162018336,1485.538701,0.178352487,0.801891008,-9.479265501,1.039564243,0.042752486,4.13645e-12,0.034766166,0.000312222,0.942977919,0.004705747,3.79031e-05,0.014507511,0.002692531,1.47801e-11,,2.0304871638534134,0.1742688613943279,0.0012612176775757577,0.5514133018984295,0.9999999991189166,8.852198973841041e-10
77.7570476,0.778479504,4.107523762,1481.68613,0.17818269,0.802261412,-9.481377643,1.037541563,0.042820676,4.17346e-12,0.034710418,0.000312486,0.942993533,0.004718313,3.79702e-05,0.014544284,0.002682996,1.45056e-11,,2.0240685378142445,0.17293829245585812,0.0012447041703030303,0.549983275945906,1.000000000218679,-2.1450552445401172e-10
76.71403643,0.772549082,4.053930297,1477.851884,0.178013632,0.802630841,-9.483482583,1.035524675,0.042888239,4.21073e-12,0.03465537,0.000312753,0.943008552,0.004730854,3.80365e-05,0.014580943,0.002673492,1.42368e-11,,2.017720600817748,0.1716208562883638,0.0012284637263636363,0.5485600520031519,1.0000000005184475,-5.142368753041637e-10
75.67715498,0.766618102,4.000692041,1473.997404,0.177843613,0.803003012,-9.48560148,1.033493311,0.042955854,4.24862e-12,0.034600465,0.000313025,0.943023129,0.004743496,3.81025e-05,0.014617857,0.002663925,1.3971e-11,,2.011378970036733,0.1703032961618356,0.0012123309215151515,0.5471293174538125,0.9999999995182196,4.860289948283025e-10
74.65662359,0.7607455,3.948331591,1470.161031,0.177674326,0.803374228,-9.487713257,1.031467688,0.043022851,4.28678e-12,0.034546245,0.0003133,0.943037122,0.004756114,3.81676e-05,0.01465466,0.00265439,1.37108e-11,,2.0051062782152687,0.16899870463831507,0.0011964641184848486,0.5457053039953816,0.9999999986179976,1.386289194549306e-09
73.6420898,0.754872182,3.896315675,1466.304183,0.177504067,0.803748226,-9.489839154,1.029427439,0.043089903,4.32559e-12,0.034492162,0.000313582,0.943050676,0.004768836,3.82325e-05,0.014691721,0.00264479,1.34534e-11,,1.9988394869121393,0.1676939540562493,0.0011807017196969697,0.5442736904741932,0.999999999517779,4.865465808023828e-10
72.60271027,0.74881788,3.843063046,1462.307272,0.177327556,0.804136657,-9.492045257,1.02730908,0.043159072,4.3663e-12,0.034436562,0.000313878,0.943064182,0.004782058,3.82992e-05,0.014730195,0.002634827,1.31912e-11,,1.9923859834256679,0.16634899809464435,0.0011645645593939395,0.542790087327119,1.0000000012175574,-1.2131911031332265e-09
71.55616617,0.742683093,3.789480347,1458.234945,0.177147642,0.804533309,-9.494296133,1.025146554,0.043229211,4.40828e-12,0.034380375,0.000314184,0.94307738,0.004795569,3.83664e-05,0.014769464,0.002624661,1.29286e-11,,1.9858532082453675,0.16498616248637327,0.001148327377878788,0.5412784907083512,0.9999999994173369,5.870715025224627e-10
70.50311509,0.736470097,3.735600943,1454.087524,0.176964336,0.804938206,-9.496591772,1.022939814,0.0433003,4.45157e-12,0.034323629,0.000314501,0.943090244,0.004809372,3.84342e-05,0.01480953,0.002614291,1.26658e-11,,1.9792437441159207,0.163605952842119,0.0011320002857575758,0.5397390201402447,1.0000000012171175,-1.2126659676425788e-09
69.44673789,0.730196243,3.681587014,1449.875474,0.176778098,0.805350379,-9.498926546,1.020694221,0.043372141,4.49611e-12,0.034266485,0.000314827,0.943102715,0.004823433,3.85023e-05,0.014850296,0.002603742,1.24037e-11,,1.9725758930278166,0.16221222366581772,0.0011156324284848486,0.5381755600993195,1.0000000003168996,-3.1240365849782847e-10
68.39415468,0.723902959,3.627801485,1445.625784,0.17659012,0.805767225,-9.501285611,1.018424015,0.043444263,4.54164e-12,0.034209323,0.000315162,0.943114695,0.004837664,3.85703e-05,0.014891503,0.002593083,1.2144e-11,,1.9658935478555963,0.1608141781382122,0.0010993337833333334,0.5365981285632934,1.0000000003166856,-3.121440883546711e-10
67.34011333,0.717558064,3.573974714,1441.31593,0.176399404,0.806190992,-9.503681575,1.016117034,0.043517035,4.58842e-12,0.034151853,0.000315507,0.943126233,0.004852143,3.86384e-05,0.014933372,0.002582254,1.18855e-11,,1.9591627603311432,0.15940466728857045,0.0010830226406060607,0.5349983649063517,1.000000000416474,-4.1188541466397055e-10
66.28582515,0.711167791,3.520167453,1436.949184,0.176206093,0.806621406,-9.506112762,1.01377485,0.04359039,4.63646e-12,0.034094132,0.000315862,0.943137298,0.00486686,3.87065e-05,0.014975877,0.002571264,1.16285e-11,,1.9523894909129895,0.15798507577040152,0.0010667174100000001,0.533377483653786,0.999999999516265,4.883714543879591e-10
65.25725023,0.704890119,3.467702288,1432.633516,0.176014967,0.80704783,-9.508519061,1.011455385,0.043662512,4.68459e-12,0.034037585,0.000316218,0.943147621,0.004881453,3.87731e-05,0.015017965,0.002560384,1.13793e-11,,1.9457412168701196,0.15659049842995817,0.001050818875151515,0.5317755619130898,0.999999999116064,8.886206215308334e-10
64.24127814,0.698646486,3.41590767,1428.315427,0.175823662,0.807475538,-9.510930227,1.009129987,0.043734304,4.7334e-12,0.033981498,0.00031658,0.943157345,0.004896101,3.88388e-05,0.015060158,0.00254948,1.11345e-11,,1.9391341674897518,0.15520348281272872,0.0010351235363636364,0.5301727415276105,1.000000000815868,-8.111344929062625e-10
63.21233787,0.692278738,3.363478785,1423.884576,0.175627285,0.807915507,-9.513408014,1.006739064,0.043807586,4.78417e-12,0.033924451,0.000316957,0.943166697,0.004911182,3.89053e-05,0.015103537,0.002538271,1.08882e-11,,1.932400960982772,0.15378889519641917,0.0010192359954545455,0.5285280653044429,1.0000000003156722,-3.108879820246102e-10
62.20682834,0.686011823,3.312268698,1419.496915,0.175432749,0.808352282,-9.51586528,1.004366683,0.043879772,4.83515e-12,0.03386846,0.000317335,0.94317534,0.004926165,3.89702e-05,0.015146578,0.002527152,1.06489e-11,,1.9257790529193748,0.15239670751068402,0.0010037177872727274,0.5268994206666476,1.000000000215484,-2.1064883171106885e-10
61.17347534,0.679524813,3.259664908,1414.926548,0.175230036,0.808808407,-9.518428718,1.001890482,0.043954559,4.88901e-12,0.03381066,0.000317735,0.943183692,0.004941825,3.90369e-05,0.015191501,0.00251555,1.04044e-11,,1.9189291834715938,0.1509556259834508,0.0009877772448484848,0.5252029578571219,0.9999999999152934,8.959566422106491e-11
60.15336295,0.673073535,3.207758022,1410.352012,0.175027062,0.809266144,-9.520998396,0.999406923,0.044029004,4.94371e-12,0.033753337,0.000318141,0.943191392,0.004957554,3.91026e-05,0.015236558,0.002503915,1.01647e-11,,1.9121215180913198,0.1495224822773603,0.0009720478854545455,0.5235049475671745,0.9999999996151083,3.898353861941928e-10
59.11158557,0.666435468,3.154770774,1405.613973,0.174816756,0.809741507,-9.523664031,0.996829235,0.044105677,5.00121e-12,0.033694518,0.000318568,0.943198677,0.004973902,3.91695e-05,0.015283323,0.002491842,9.9214e-12,,1.9051210344995244,0.14804784361791068,0.0009559911436363637,0.5217462470178351,0.9999999995149227,4.900785333106228e-10
58.08734072,0.659858863,3.102695508,1400.88823,0.174606917,0.810216926,-9.526326909,0.994252825,0.044181714,5.05944e-12,0.033636406,0.000319,0.943205249,0.004990267,3.92351e-05,0.015330065,0.002479777,9.68379e-12,,1.8981894786968103,0.146586858668387,0.00094021076,0.5199921105892121,0.9999999991147434,8.903160431117385e-10
57.08288441,0.653359716,3.051644378,1396.18674,0.174398081,0.81069119,-9.528980215,0.991684315,0.044256929,5.11825e-12,0.033579136,0.000319437,0.943211104,0.005006607,3.92992e-05,0.015376667,0.002467751,9.45229e-12,,1.8913430782472693,0.14514308092109307,0.0009247407206060607,0.5182469765694809,1.0000000012145704,-1.209452094030894e-09
56.05099975,0.646630647,2.999216253,1391.285468,0.174180293,0.811186979,-9.53175062,0.989001022,0.044334884,5.18051e-12,0.033520002,0.000319898,0.943216489,0.005023703,3.93648e-05,0.015425354,0.002455189,9.21606e-12,,1.8842578295301369,0.14364822627598264,0.00090885341,0.5164276859813576,0.9999999998143966,1.907839441983583e-10
55.01853518,0.639843211,2.946774308,1386.30659,0.173958979,0.81169206,-9.534569402,0.986269401,0.044413598,5.24478e-12,0.033460523,0.000320374,0.943221213,0.005041136,3.94301e-05,0.015474922,0.002442402,8.98132e-12,,1.87711442790085,0.14214040547150145,0.0008929619115151516,0.5145795890210553,1.000000000114226,-1.0898104640943984e-10
53.97657509,0.632936513,2.893864162,1381.203388,0.173732059,0.812211267,-9.537463286,0.98346348,0.044493781,5.31175e-12,0.03340017,0.000320868,0.943225281,0.005059074,3.94956e-05,0.015525843,0.002429269,8.74609e-12,,1.8698483442606724,0.14060609075609656,0.0008769285339393939,0.5126853445539267,1.0000000006140581,-6.087463866322196e-10
52.93561127,0.625977839,2.841016914,1376.023507,0.17350165,0.812739854,-9.540405502,0.980609143,0.044574657,5.38088e-12,0.033339535,0.000321378,0.943228615,0.005077353,3.95606e-05,0.01557765,0.002415909,8.51277e-12,,1.8625302188721715,0.13906022963434125,0.0008609142163636364,0.5107626378053727,1.0000000006138936,-6.085127957078384e-10
51.8900344,0.618927732,2.787945913,1370.735649,0.173266358,0.81328111,-9.543414076,0.977688837,0.044656689,5.45267e-12,0.033278278,0.000321906,0.943231199,0.005096088,3.96253e-05,0.015630662,0.002402241,8.28014e-12,,1.8551181019290903,0.13749405678078966,0.0008448320948484849,0.5087998513510128,0.9999999993137328,6.917199035783028e-10
50.88176933,0.612070065,2.736776774,1365.552833,0.173035665,0.813813239,-9.546367782,0.974820249,0.044736575,5.52427e-12,0.033218861,0.000322431,0.943232935,0.005114526,3.96871e-05,0.015682745,0.002388815,8.05747e-12,,1.8479099554036988,0.13597063424350103,0.0008293262951515151,0.5068760551673334,1.0000000001135818,-1.0805756289755664e-10
49.84248125,0.604938864,2.684039407,1360.121381,0.172793831,0.814372637,-9.549468347,0.971807422,0.044819745,5.60063e-12,0.033157248,0.000322989,0.943233916,0.005133928,3.97502e-05,0.015737457,0.002374714,7.82966e-12,,1.8404156644908207,0.13438644645466039,0.0008133452748484849,0.5048599684242503,1.0000000022134303,-2.2078296968430777e-09
48.82688999,0.597907144,2.632508489,1354.723047,0.172553396,0.814930397,-9.552555234,0.968806272,0.044901856,5.6779e-12,0.033096665,0.000323552,0.943234046,0.005153292,3.98111e-05,0.015791969,0.002360666,7.60875e-12,,1.8330268513110237,0.1328243582512082,0.0007977298451515152,0.5028561746666815,1.0000000011132868,-1.1076088934913741e-09
47.80919143,0.590796379,2.580872432,1349.220084,0.17230823,0.815500799,-9.555707271,0.965740149,0.044984992,5.75813e-12,0.033035573,0.000324134,0.943233319,0.005173115,3.98713e-05,0.015847675,0.002346313,7.3891e-12,,1.8255553689397777,0.13124471029537085,0.0007820825551515152,0.5008135439388438,1.0000000003131473,-3.073892251848065e-10
46.77469269,0.583500084,2.528383478,1343.526659,0.172054507,0.816092901,-9.558974029,0.962560724,0.045070407,5.84272e-12,0.032973065,0.000324745,0.943231662,0.005193713,3.99316e-05,0.015905456,0.002331428,7.16759e-12,,1.8178888229219872,0.12962384707152133,0.0007661768115151514,0.49870021610951987,1.0000000006130105,-6.071676494912026e-10
45.75744323,0.576256365,2.47676685,1337.826292,0.171800406,0.816687735,-9.562250445,0.959370185,0.04515532,5.92906e-12,0.032911183,0.000325365,0.943229089,0.005214428,3.99898e-05,0.015963456,0.002316488,6.95155e-12,,1.8102770322503712,0.12801466354330598,0.0007505354090909091,0.49658431149701326,0.9999999988128806,1.1930484378197548e-09
44.72992844,0.568867779,2.424623911,1331.961631,0.171538913,0.817301825,-9.565627196,0.956080177,0.045242048,6.01965e-12,0.032848242,0.000326013,0.943225496,0.005235836,4.00474e-05,0.016023285,0.00230108,6.73514e-12,,1.8025117480891852,0.1263732979839845,0.0007347345184848484,0.49440742301585283,0.9999999994127549,5.932647706430316e-10
43.72807889,0.561592047,2.373775578,1326.135825,0.171279091,0.817913983,-9.568987446,0.952804504,0.045327571,6.11147e-12,0.032786436,0.000326666,0.943220983,0.0052572,4.01024e-05,0.016082876,0.002285736,6.5259e-12,,1.7948631809561848,0.12475700280603665,0.0007193259327272727,0.4922449570225286,0.9999999994126374,5.934741587054759e-10
42.71209922,0.554139007,2.322199486,1320.114692,0.171010499,0.818548917,-9.572466459,0.949411261,0.045415303,6.20831e-12,0.032723302,0.000327351,0.943215342,0.005279381,4.01567e-05,0.01614463,0.002269837,6.31553e-12,,1.7870259766001617,0.1231013188675611,0.0007036968139393939,0.4900099881008407,0.999999999712524,2.9368441012422863e-10
41.68245479,0.54650638,2.269915882,1313.891231,0.170732822,0.819207611,-9.576068841,0.945895802,0.045505283,6.31056e-12,0.03265883,0.000328069,0.943208475,0.005302418,4.02101e-05,0.016208637,0.002253361,6.10421e-12,,1.7789966039113607,0.12140573989142857,0.0006878532975757575,0.48769991756754794,1.0000000001124147,-1.0610423650803114e-10
40.67408318,0.538951331,2.218695962,1307.672639,0.170455312,0.819868269,-9.579674894,0.942374876,0.045594485,6.41497e-12,0.032595195,0.000328797,0.943200571,0.005325548,4.02606e-05,0.016272774,0.002236854,5.89913e-12,,1.7710450654101866,0.11972739477538255,0.0006723321096969697,0.4853916543458823,0.999999999612314,3.941009740771051e-10
39.65128763,0.531204322,2.166723445,1301.23427,0.170167946,0.820554907,-9.583415174,0.938720941,0.045686098,6.52549e-12,0.032530127,0.000329562,0.943191301,0.005349615,4.03099e-05,0.016339368,0.002219717,5.69304e-12,,1.7628867709156553,0.11800640597450056,0.0006565828621212122,0.48300181266303643,0.9999999999122186,9.430689562606176e-11
38.64970945,0.523533165,2.115806297,1294.795792,0.169880535,0.821244254,-9.587162329,0.93505834,0.045776962,6.63855e-12,0.032465877,0.000330338,0.943180934,0.005373803,4.03561e-05,0.016406158,0.002202532,5.49312e-12,,1.7548027836595605,0.11630226760486558,0.0006411534233333332,0.48061193052076,0.9999999981121317,1.894506884703162e-09
37.63218799,0.515650691,2.064051994,1288.112847,0.169582177,0.821962654,-9.591058881,0.931247688,0.045870487,6.75867e-12,0.032400044,0.000331156,0.943169026,0.005399039,4.04006e-05,0.01647569,0.002184645,5.29199e-12,,1.7464896288034013,0.11455118541595327,0.0006254703012121213,0.478131305299502,1.0000000006120506,-6.052920387134009e-10
36.60066718,0.507564447,2.011554319,1281.184625,0.169272841,0.82271054,-9.595106002,0.927287648,0.045966598,6.88627e-12,0.032332702,0.000332017,0.943155456,0.005425339,4.04431e-05,0.016547996,0.002166047,5.09014e-12,,1.7379538202830862,0.1127548359648039,0.0006095619148484848,0.4755596363374388,1.0000000001119762,-1.0508993675273359e-10
35.59215289,0.499562075,1.960192985,1274.254029,0.168963381,0.823461886,-9.599162116,0.923316674,0.046061887,7.01713e-12,0.032266247,0.00033289,0.943140648,0.005451792,4.04816e-05,0.016620552,0.002147389,4.89482e-12,,1.7294977288332136,0.11097711857832718,0.0005939978742424242,0.4729870861764019,0.999999999611912,3.951050597805761e-10
34.5731108,0.491375306,1.908256471,1267.085202,0.168643278,0.824242461,-9.603365516,0.919199302,0.046159554,7.156e-12,0.032198453,0.000333808,0.943124046,0.005479304,4.05172e-05,0.016695841,0.002128031,4.69955e-12,,1.720836925418449,0.10915843761843572,0.0005782595366666666,0.4703261076612359,1.0000000002118554,-2.0469936856670756e-10
33.54652116,0.483021069,1.855890934,1259.685551,0.168312873,0.825051832,-9.607712529,0.914938955,0.046259417,7.3032e-12,0.032129469,0.000334769,0.943105551,0.005507864,4.05494e-05,0.01677381,0.002107988,4.50498e-12,,1.7119872742494167,0.10730255384226946,0.0005623911921212121,0.4675794501772812,1.0000000004118084,-4.0450509608547236e-10
32.51890823,0.474546422,1.803423541,1252.089809,0.167973733,0.825886557,-9.612183307,0.910554928,0.046360927,7.45852e-12,0.03205969,0.000335771,0.943085147,0.005537351,4.05775e-05,0.016854114,0.002087349,4.31243e-12,,1.7029969799273914,0.10541992112835005,0.0005464919821212121,0.4647600061777616,0.9999999995117709,4.95687602075634e-10
31.49422227,0.465979209,1.751050697,1244.316769,0.167626714,0.826744901,-9.616767257,0.906057483,0.046463767,7.62206e-12,0.031989349,0.000336812,0.943062794,0.005567707,4.06008e-05,0.016936575,0.002066161,4.12267e-12,,1.6938936650119139,0.10351672498803698,0.0005306214233333333,0.46187475138816686,0.9999999988117448,1.1958772860864997e-09
30.47855472,0.457367044,1.699078981,1236.404377,0.167273531,0.827622976,-9.621442338,0.901468145,0.046567376,7.79348e-12,0.031918838,0.000337889,0.943038526,0.005598796,4.06189e-05,0.017020809,0.002044523,3.93684e-12,,1.684726159352932,0.10160354281458812,0.0005148724184848484,0.4589377708869536,0.9999999999117304,9.606304640641383e-11
29.47388969,0.448724667,1.647605701,1228.361711,0.16691461,0.828520041,-9.626203455,0.896791842,0.046671588,7.97304e-12,0.031848276,0.000339001,0.94301231,0.005630591,4.06313e-05,0.017106734,0.002022457,3.75528e-12,,1.6755084327501402,0.0996836490814067,0.0004992744548484849,0.45595243431366816,1.0000000003117282,-3.037550211359985e-10
28.46366079,0.439904489,1.59577618,1220.044217,0.166543527,0.829452619,-9.631136626,0.891943955,0.046778199,8.16459e-12,0.031776462,0.000340168,0.942983574,0.00566368,4.06375e-05,0.017195918,0.00199956,3.57504e-12,,1.6660809008433652,0.09772425706833615,0.00048356853939393943,0.4528650850396485,0.9999999995117396,4.9642501220859e-10
27.44389739,0.430862182,1.543378026,1211.398653,0.166157944,0.830427277,-9.636274173,0.886892497,0.046887771,8.37028e-12,0.031703042,0.000341401,0.942951975,0.005698299,4.06367e-05,0.017288966,0.001975679,3.39551e-12,,1.6563929579789558,0.09571551936309573,0.00046769031090909094,0.4496559603034131,0.9999999987117657,1.2966046014639687e-09
26.42734811,0.421702123,1.491057858,1202.513734,0.165761858,0.831434607,-9.641564032,0.881688456,0.046999065,8.58895e-12,0.031628871,0.000342688,0.942917686,0.005734115,4.0628e-05,0.01738496,0.001951052,3.21903e-12,,1.6465529034887418,0.09368062319162901,0.00045183571454545453,0.4463579899983702,1.0000000000118079,-3.218980637598179e-12
25.40559736,0.412339902,1.43837383,1193.296023,0.165351152,0.832485834,-9.647062458,0.876276287,0.047113133,8.82397e-12,0.031553271,0.000344045,0.942880189,0.005771529,4.06103e-05,0.017484945,0.001925412,3.04419e-12,,1.6364666143311146,0.09160081697320559,0.00043587085757575757,0.4429364914840373,1.0000000013118682,-1.3030443390960045e-09
24.38948699,0.402866077,1.385875879,1183.822342,0.164929308,0.833572877,-9.652724187,0.870700338,0.047228901,9.07458e-12,0.031476976,0.000345463,0.942839637,0.005810253,4.05826e-05,0.017588123,0.001898965,2.87294e-12,,1.6262278844017068,0.08949621805941631,0.0004199623875757576,0.4394199801216433,0.9999999996119474,3.971271089753259e-10
23.38931796,0.393372377,1.334089823,1174.175532,0.164500071,0.834686776,-9.658499963,0.865008997,0.047345267,9.33968e-12,0.031400724,0.000346931,0.942796272,0.005849969,4.05442e-05,0.017693623,0.001871938,2.70699e-12,,1.61593228220925,0.08738720393810404,0.00040426964333333334,0.43583920544959603,1.0000000012120467,-1.2027070450670863e-09
22.38363342,0.383647327,1.281895829,1164.128016,0.164053389,0.83585454,-9.664526431,0.85906743,0.047464854,9.62696e-12,0.031322816,0.000348485,0.942748912,0.005891638,4.04931e-05,0.017803969,0.001843687,2.54282e-12,,1.605346210928942,0.08522679569048003,0.0003884532815151515,0.43210969374471225,1.0000000001121698,-1.0254286308963856e-10
21.36588399,0.373611039,1.228938833,1153.57562,0.163584741,0.837089444,-9.670866874,0.852812906,0.047588693,9.9416e-12,0.031242622,0.000350145,0.942696795,0.005935735,4.04268e-05,0.01792037,0.001813906,2.37951e-12,,1.5943759965304245,0.08299724629271552,0.00037240570696969695,0.4281927769270065,0.9999999998123212,1.9762036451709264e-10
20.36127858,0.363499362,1.176517712,1142.74716,0.163104403,0.838365795,-9.677384279,0.84638031,0.047713917,1.0279e-11,0.03116203,0.000351878,0.942640819,0.00598134,4.03449e-05,0.018040355,0.001783233,2.22121e-12,,1.583273119420651,0.08075094931860125,0.0003565205187878788,0.4241733886208952,0.9999999999125002,9.777878506866955e-11
19.34448498,0.353042746,1.123296086,1131.331676,0.162598726,0.839721514,-9.684266196,0.839584232,0.047843917,1.06516e-11,0.031078893,0.000353736,0.942579112,0.006029804,4.0243e-05,0.018167434,0.001750778,2.06402e-12,,1.5717337699716258,0.07842802455742912,0.00034039275333333334,0.4199361043811973,1.0000000000127156,-2.064126647383091e-12
18.34213739,0.342499397,1.070652466,1119.586333,0.162079273,0.841127479,-9.691357852,0.832577194,0.047975538,1.10542e-11,0.030995268,0.000355682,0.942512777,0.00608008,4.01209e-05,0.018298812,0.00171726,1.91216e-12,,1.5600348558406845,0.07608583216384981,0.0003244401412121212,0.41557638062496,0.9999999999129665,9.808764911412027e-11
17.32703628,0.331564864,1.01714035,1107.142638,0.161529963,0.842629491,-9.698881799,0.825138942,0.048112648,1.15034e-11,0.030908739,0.00035778,0.9424394,0.006133799,3.99721e-05,0.01843869,0.00168162,1.76162e-12,,1.5478279972220157,0.07365673871167047,0.0003082243484848485,0.4109574373802313,1.000000000113265,-1.017617101695123e-10
16.31512072,0.320385534,0.963576316,1094.128612,0.160956735,0.844214285,-9.706760618,0.81734555,0.048253499,1.19999e-11,0.030820468,0.000360015,0.942359311,0.006190473,3.97942e-05,0.018585729,0.00164421,1.61495e-12,,1.5352638388628854,0.07117326389818257,0.00029199282303030307,0.40612679443378946,1.000000000213615,-2.0161494695969395e-10
15.30390586,0.308910579,0.909806321,1080.445534,0.160355574,0.845896199,-9.715053487,0.809138048,0.048398821,1.25537e-11,0.030730052,0.000362408,0.942271476,0.006250598,3.95821e-05,0.018741146,0.001604739,1.47192e-12,,1.5222709966090031,0.06862411634386519,0.0002756988851515152,0.40104780779073884,1.0000000011140258,-1.1014720247004561e-09
14.30368067,0.297233571,0.856354937,1066.162465,0.159729914,0.847669296,-9.723717291,0.800558684,0.048547525,1.31691e-11,0.030638221,0.000364952,0.942175901,0.006313936,3.93323e-05,0.01890426,0.001563397,1.33409e-12,,1.508940315688142,0.06603008295681098,0.00025950149606060604,0.39574611202661547,0.9999999993145031,6.986660139318701e-10
13.29529191,0.285098737,0.802168609,1050.909944,0.159064115,0.849582789,-9.732974188,0.791386916,0.048702996,1.38723e-11,0.030542957,0.000367721,0.942069543,0.00638221,3.90327e-05,0.019079425,0.001519111,1.19901e-12,,1.4949593215642785,0.0633343440704147,0.00024308139666666666,0.3900845678600289,0.9999999997150715,2.988007619109112e-10
12.29471179,0.272658705,0.748069403,1034.809567,0.158364195,0.851625579,-9.742747258,0.781698315,0.048863437,1.46707e-11,0.030445447,0.000370701,0.941952567,0.006454975,3.86786e-05,0.019265402,0.001472229,1.06902e-12,,1.480478763906723,0.060570805812667286,0.00022668769787878787,0.3841083101984794,0.9999999996157397,3.9893099934573684e-10
11.29200397,0.259745977,0.693480232,1017.561743,0.157618044,0.853840656,-9.753213423,0.771316799,0.049031193,1.55965e-11,0.030344361,0.000373954,0.941822024,0.00653369,3.82549e-05,0.019465831,0.001421884,9.4304e-13,,1.4652731161775674,0.057702258702829766,0.00021014552484848484,0.3777061346267485,0.9999999989165396,1.099056956554989e-09
10.28618104,0.246286235,0.638292913,998.9534985,0.15681775,0.856262133,-9.764494142,0.760120992,0.049207483,1.66863e-11,0.030239094,0.000377534,0.941675283,0.00661946,3.77449e-05,0.019683417,0.001367468,8.2127e-13,,1.4492135205715118,0.05471219308592381,0.00019342209484848487,0.3707989880573787,1.0000000009175076,-9.008214174599516e-10
9.281347837,0.232260483,0.58266842,978.8155043,0.155957804,0.858920631,-9.776679928,0.748020035,0.049392875,1.79851e-11,0.03012946,0.000381486,0.941509786,0.006713212,3.71297e-05,0.019920408,0.001308518,7.04553e-13,,1.4322245911967961,0.05159638902322708,0.00017656618787878788,0.36332401761873684,0.9999999997186896,2.992953662683817e-10
8.277335853,0.217576191,0.526520633,956.8310431,0.155027157,0.861869096,-9.789943367,0.734841356,0.049588996,1.95644e-11,0.030014682,0.000385886,0.94132145,0.006816579,3.63812e-05,0.020180848,0.001244174,5.93254e-13,,1.4141256342952837,0.04833429108570294,0.00015955170696969697,0.3551636618282148,1.0000000002201577,-2.0059331973243388e-10
7.275869475,0.202142974,0.469849919,932.6180968,0.154013231,0.865173752,-9.804484471,0.720384796,0.049797596,2.15292e-11,0.029893972,0.000390829,0.941105139,0.006931515,3.54625e-05,0.020469642,0.00117344,4.88016e-13,,1.3947126847885798,0.04490582035350403,0.00014237876333333333,0.34617612036666634,0.9999999995220172,4.995119873285603e-10
6.271624608,0.185717718,0.412224678,905.4396284,0.152890724,0.868956735,-9.820694675,0.70425937,0.050022736,2.40668e-11,0.029765303,0.000396483,0.940851781,0.007061674,3.43123e-05,0.020796053,0.001094394,3.88875e-13,,1.3735455919907325,0.041256969341762637,0.0001249165690909091,0.33608781435962803,1.0000000003244556,-3.0038882492533503e-10
5.269252986,0.168149537,0.353733899,874.5186057,0.15163649,0.873358024,-9.838948337,0.686090329,0.050267625,2.74722e-11,0.029627295,0.000403032,0.94055077,0.007210853,3.2851e-05,0.021169989,0.00100521,2.97052e-13,,1.350229786117795,0.03735421890570819,0.00010719209060606062,0.3246103192168857,1.0000000000277693,-2.9687363678476686e-13
4.266017821,0.149055885,0.293965649,838.3511412,0.150204932,0.87864138,-9.859967907,0.665155453,0.050539372,3.23367e-11,0.029476613,0.000410811,0.940182775,0.007386143,3.09404e-05,0.0216103,0.000902418,2.13273e-13,,1.3239404281334681,0.03311258690812848,8.90804996969697e-05,0.3111854107928815,1.0000000004325498,-4.002129738722715e-10
3.265849571,0.127976587,0.232769653,794.631603,0.14853396,0.885227682,-9.884757392,0.640450403,0.050847558,3.99052e-11,0.029309038,0.000420308,0.939717448,0.00759781,2.83591e-05,0.022145708,0.000781329,1.39197e-13,,1.2934938499579562,0.028429846022135698,7.053625848484848e-05,0.29495726749368073,1.0000000001400444,-1.001392302413251e-10
2.265110569,0.103856986,0.169262672,738.2852034,0.146494383,0.894043602,-9.915395605,0.609896673,0.05121361,5.36282e-11,0.029114993,0.000432522,0.939089849,0.007866987,2.46574e-05,0.022838468,0.000632524,7.65066e-14,,1.2562555093914214,0.023071705454241427,5.129171878787879e-05,0.2740421918833252,1.0000000004537049,-4.0007663848484754e-10
1.264665369,0.074469039,0.102108281,656.4750373,0.14381166,0.90748622,-9.956350596,0.56902614,0.051686904,8.74276e-11,0.028873509,0.00044965,0.938137958,0.008240177,1.88079e-05,0.023842682,0.000437216,2.85073e-14,,1.2058452702524427,0.016543208111858915,3.0941903333333334e-05,0.2436752860681532,0.999999999987456,9.997147554230423e-11
0.999435399,0.065108655,0.083303943,626.0403976,0.142911526,0.912667079,-9.970263482,0.555135645,0.051846548,1.07147e-10,0.02879493,0.000455669,0.937776041,0.008370464,1.65933e-05,0.024213749,0.000372553,1.89165e-14,,1.1881074978957489,0.014463809980792467,2.5243619090909094e-05,0.2323783301842243,0.9999999994071659,6.999810731045386e-10
