P_bars,H2OT_m_wtpc,CO2T_m_ppmw,ST_m_ppmw,Fe3Fet_m,S6St_m,logfO2,dFMQ,vapor_wt,O2_v_mf,CO2_v_mf,CO_v_mf,H2O_v_mf,H2_v_mf,S2_v_mf,SO2_v_mf,H2S_v_mf,CH4_v_mf,OCS_v_mf,CS_v_mf,H2OT_m_wtpc_norm,CO2T_m_ppmw_norm,ST_m_ppmw_norm,SUM_v_mf,XO2_BYDIFF_v_mf
1051.0,0.300014371,800.0,1509.830975,0.186421757,0.901123519,-7.255572672,0.741376423,0.0001,4.28088e-11,0.967041321,0.018358246,0.012974134,8.58357e-05,1.6393e-06,0.001528722,1.0102e-05,5.6441e-12,,638.9974097739309,1.0,1.0,1.0,1.0000000000484528,-5.643929767984446e-12
1049.976,0.300013322,799.1613199,1509.829186,0.186414817,0.901117113,-7.255656755,0.741367786,0.00010084,4.28503e-11,0.967025032,0.018359806,0.01298695,8.59376e-05,1.64167e-06,0.001530516,1.0117e-05,5.64621e-12,,638.2371974932569,0.9999965035008274,0.998951649875,0.9999988150991537,1.0000000003184966,-2.7564617255393387e-10
1048.952,0.300012273,798.3228632,1509.828789,0.186407881,0.901110685,-7.255740785,0.741359201,0.00010168,4.28919e-11,0.967008708,0.018361365,0.012999791,8.60396e-05,1.64407e-06,0.001532321,1.0132e-05,5.64833e-12,,637.4741847174026,0.9999930070016546,0.997903579,0.9999985521558132,1.0000000007185403,-6.756484260961315e-10
1047.928,0.300011222,797.4846359,1509.827693,0.186400943,0.901104267,-7.255824844,0.741350588,0.00010252,4.29336e-11,0.966992359,0.018362924,0.013012656,8.61419e-05,1.64646e-06,0.001534126,1.01471e-05,5.65044e-12,,636.7129222736813,0.9999895038361346,0.996855794875,0.9999978262467425,1.0000000005085838,-4.6565040712209793e-10
1046.904,0.300010171,796.6466357,1509.826595,0.186394006,0.901097849,-7.255908903,0.741341974,0.000103359,4.29754e-11,0.966975981,0.018364483,0.013025546,8.62443e-05,1.64885e-06,0.001535934,1.01621e-05,5.65256e-12,,635.9522440361209,0.9999860006706145,0.9958082946250001,0.9999970990130203,0.9999999992986282,7.443472505030968e-10
1045.88,0.300009118,795.8088626,1509.825494,0.186387069,0.90109143,-7.255992964,0.741333358,0.000104199,4.30172e-11,0.966959575,0.018366042,0.013038461,8.6347e-05,1.65125e-06,0.001537746,1.01773e-05,5.65467e-12,,635.1916123401601,0.9999824908387472,0.99476107825,0.9999963697923205,0.9999999995986717,4.443454493241461e-10
1043.91392,0.300007095,794.2009738,1509.823375,0.186373749,0.901079106,-7.256154365,0.741316813,0.00010581,4.30977e-11,0.966927995,0.018369035,0.013063328,8.65446e-05,1.65588e-06,0.001541236,1.02064e-05,5.65874e-12,,633.7317212939046,0.9999757478284266,0.99275121725,0.9999949663239621,1.0000000009287566,-8.856588795680409e-10
1041.94784,0.300005069,792.5939202,1509.821246,0.18636043,0.901066781,-7.256315771,0.741300262,0.00010742,4.31786e-11,0.966896309,0.018372027,0.013088286,8.67431e-05,1.66052e-06,0.001544738,1.02356e-05,5.66281e-12,,632.2734550416363,0.9999689948185849,0.9907424002499999,0.9999935562323458,0.9999999992688413,7.743372609780863e-10
1040.021082,0.300003079,791.0198184,1509.818549,0.186347377,0.901054711,-7.256473976,0.741284015,0.000108997,4.32581e-11,0.966865156,0.018374959,0.013112836,8.69383e-05,1.66508e-06,0.001548181,1.02643e-05,5.6668e-12,,630.8462005195464,0.9999623618029951,0.9887747729999999,0.9999917699396782,0.9999999997289247,3.1433333713692946e-10
1038.133645,0.300001128,789.4786131,1509.817093,0.186334594,0.901042867,-7.256628912,0.74126814,0.000110541,4.33363e-11,0.966834534,0.01837783,0.013136971,8.71302e-05,1.66958e-06,0.001551572,1.02926e-05,5.67071e-12,,629.4467143406752,0.9999558587811782,0.986848266375,0.9999908055933215,0.999999999429007,6.143293651561521e-10
1036.246208,0.299999173,787.938176,1509.815025,0.186321809,0.901031032,-7.256783875,0.741252238,0.000112085,4.34147e-11,0.966803816,0.018380702,0.013161193,8.73228e-05,1.67409e-06,0.001554972,1.0321e-05,5.67462e-12,,628.0496333812138,0.9999493424266667,0.98492272,0.9999894359035786,1.0000000009390893,-8.956744235177894e-10
1034.434269,0.299997293,786.4600764,1509.813032,0.186309536,0.901019669,-7.256932644,0.741236968,0.000113566,4.34903e-11,0.966774232,0.018383458,0.013184527,8.75085e-05,1.67843e-06,0.001558248,1.03483e-05,5.67838e-12,,626.7093162023215,0.9999430760601797,0.9830750955,0.9999881158882702,1.0000000002791687,-2.3567836571203316e-10
1032.622329,0.29999541,784.9826813,1509.811032,0.186297264,0.901008306,-7.257081417,0.741221694,0.000115046,4.35662e-11,0.966744556,0.018386213,0.013207942,8.76947e-05,1.68279e-06,0.001561536,1.03758e-05,5.68213e-12,,625.3697167959601,0.999936799694172,0.981228351625,0.9999867912366813,1.0000000003392482,-2.9568214543473914e-10
1030.846629,0.299993562,783.5355181,1509.808545,0.186285236,0.900997177,-7.257227238,0.741206701,0.000116496,4.36408e-11,0.966715385,0.018388913,0.013230967,8.78779e-05,1.68708e-06,0.001564766,1.04028e-05,5.68582e-12,,624.0592261142426,0.9999306399892424,0.979419397625,0.9999851440324306,0.9999999988293266,1.2143142047449373e-09
1029.107167,0.299991748,782.1185402,1509.80713,0.186273458,0.900986258,-7.257370048,0.741192049,0.000117916,4.37141e-11,0.966686718,0.018391557,0.013253599,8.8058e-05,1.6913e-06,0.001567947,1.04294e-05,5.68943e-12,,622.7739339594017,0.9999245936122173,0.97764817525,0.9999842068414313,0.9999999997494035,2.943106869324197e-10
1027.367705,0.299989932,780.7022105,1509.805189,0.186261678,0.900975346,-7.257512882,0.741177374,0.000119336,4.37877e-11,0.966657967,0.018394201,0.013276305,8.82387e-05,1.69553e-06,0.001571136,1.0456e-05,5.69305e-12,,621.490659973169,0.999918540568845,0.975877763125,0.9999829212670642,0.9999999992794807,7.643070620844128e-10
1025.697822,0.299988186,779.3431416,1509.803319,0.186250369,0.90096487,-7.257650006,0.741163283,0.000120698,4.38585e-11,0.966630284,0.018396739,0.013298174,8.84128e-05,1.69961e-06,0.001574208,1.04817e-05,5.69652e-12,,620.2593636921141,0.9999127208476289,0.974178927,0.9999816827178287,0.999999999159555,8.843035192995785e-10
1024.027939,0.299986438,777.9846672,1509.801441,0.186239061,0.900954394,-7.257787133,0.741149187,0.000122059,4.39296e-11,0.966602521,0.018399277,0.013320114,8.85874e-05,1.70371e-06,0.00157729,1.05075e-05,5.7e-12,,619.0288790746699,0.9999068944600658,0.972480834,0.9999804388699868,1.0000000006596297,-6.156999354800519e-10
1022.191067,0.299984511,776.4910312,1509.799369,0.186226623,0.900942868,-7.257937978,0.741133678,0.000123556,4.40081e-11,0.966571888,0.018402067,0.013344329,8.87802e-05,1.70822e-06,0.001580692,1.05359e-05,5.70382e-12,,617.6762619090999,0.9999004714344167,0.970613789,0.9999790665309406,1.0000000003697123,-3.2570413033283785e-10
1021.189137,0.299983459,775.6766232,1509.798235,0.186219838,0.900936582,-7.258020258,0.741125217,0.000124373,4.4051e-11,0.966555137,0.018403589,0.013357573,8.88856e-05,1.7107e-06,0.001582552,1.05515e-05,5.7059e-12,,616.9391570439683,0.999896964935723,0.969595779,0.9999783154534897,0.9999999988497568,1.1942942190756867e-09
1020.187207,0.299982406,774.8624284,1509.797099,0.186213054,0.900930294,-7.25810254,0.741116755,0.000125189,4.4094e-11,0.966538357,0.018405111,0.013370843,8.89913e-05,1.71317e-06,0.001584417,1.05671e-05,5.70799e-12,,616.2018486351403,0.9998934551038556,0.9685780355,0.9999775630513872,0.9999999996198019,4.242920459418542e-10
1019.185277,0.299981352,774.0484469,1509.795961,0.18620627,0.900924007,-7.258184823,0.741108291,0.000126005,4.41371e-11,0.966521548,0.018406633,0.013384138,8.90972e-05,1.71565e-06,0.001586285,1.05827e-05,5.71008e-12,,615.4650980883636,0.9998899419388145,0.967560558625,0.9999768093246332,0.9999999995998473,4.442898271506124e-10
1018.183347,0.299980297,773.2346783,1509.79482,0.186199486,0.900917719,-7.258267107,0.741099826,0.00012682,4.41803e-11,0.966504709,0.018408155,0.013397459,8.92033e-05,1.71814e-06,0.001588157,1.05984e-05,5.71217e-12,,614.7284849249199,0.9998864254406,0.9665433478750001,0.9999760536109017,0.9999999998898925,1.5428780475446047e-10
1016.259642,0.299978269,771.6728391,1509.792622,0.186186461,0.900905646,-7.258425096,0.74108357,0.000128386,4.42634e-11,0.966472296,0.018411076,0.013423108,8.94075e-05,1.72293e-06,0.001591761,1.06285e-05,5.71618e-12,,613.3152853264586,0.999879665764411,0.964591048875,0.9999745978188054,0.9999999999799796,6.428380050493843e-11
1014.335936,0.299976237,770.1117834,1509.790416,0.186173437,0.900893572,-7.258583091,0.741067309,0.000129951,4.43468e-11,0.966439772,0.018413996,0.013448853,8.96126e-05,1.72774e-06,0.001595379,1.06588e-05,5.72019e-12,,611.903000928168,0.9998728927555273,0.9626397292500001,0.999973136728103,0.9999999991900668,8.542799800892453e-10
1012.450705,0.299974243,768.5827098,1509.787642,0.186160672,0.900881749,-7.258737949,0.741051349,0.000131483,4.44289e-11,0.966407795,0.018416858,0.013474176,8.98143e-05,1.73247e-06,0.001598936,1.06886e-05,5.72413e-12,,610.5207606799831,0.9998662464072429,0.96072838725,0.9999712994363491,1.000000000420153,-3.7572411848429965e-10
1010.603947,0.299972285,767.0855656,1509.78611,0.186148171,0.900870146,-7.258889613,0.741035749,0.000132984,4.45096e-11,0.966376361,0.01841966,0.013499073,9.00127e-05,1.73713e-06,0.001602438,1.07179e-05,5.72798e-12,,609.1659337876808,0.9998597200532104,0.958856957,0.999970284753232,0.9999999997802375,2.6427215971125406e-10
1008.75719,0.299970325,765.5891422,1509.783966,0.18613567,0.900858552,-7.2590413,0.741020126,0.000134484,4.45906e-11,0.966344827,0.018422462,0.013524059,9.02118e-05,1.7418e-06,0.001605951,1.07474e-05,5.73184e-12,,607.8127574591816,0.9998531870328304,0.95698642775,0.9999688647267286,1.0000000000503224,-5.731859431534758e-12
1006.984303,0.299968439,764.1532513,1509.781901,0.186123668,0.900847421,-7.259186925,0.741005122,0.000135924,4.46686e-11,0.966314457,0.018425152,0.01354813,9.04036e-05,1.7463e-06,0.001609335,1.07757e-05,5.73555e-12,,606.5149097724399,0.9998469006673016,0.955191564125,0.9999674970239633,0.9999999996504041,3.942643989063299e-10
1005.211416,0.299966551,762.7180213,1509.779827,0.186111667,0.900836289,-7.259332553,0.740990115,0.000137363,4.47469e-11,0.966283991,0.018427841,0.013572285,9.05961e-05,1.75082e-06,0.001612732,1.08042e-05,5.73926e-12,,605.2175356940311,0.9998406076354257,0.953397526625,0.9999661233602656,1.0000000001704858,-1.2573897478773688e-10
1003.473987,0.299964698,761.3121377,1509.777268,0.186099905,0.900825388,-7.259475289,0.740975388,0.000138772,4.48239e-11,0.966254043,0.018430476,0.013596039,9.07854e-05,1.75526e-06,0.001616069,1.08322e-05,5.7429e-12,,603.9483812136377,0.9998344312646276,0.951640172125,0.9999644284685575,0.9999999999105667,1.3425727196647586e-10
1001.772015,0.299962879,759.9355562,1509.775782,0.186088387,0.900814692,-7.259615083,0.740960991,0.000140153,4.48996e-11,0.966224612,0.018433056,0.013619386,9.09715e-05,1.75964e-06,0.001619355,1.08597e-05,5.74646e-12,,602.70379392228,0.9998283682217344,0.9499194452499999,0.9999634442524269,0.9999999998906463,1.542533878406971e-10
1000.070044,0.299961057,758.5595828,1509.773769,0.186076867,0.900804003,-7.259754898,0.740946572,0.000141532,4.49755e-11,0.966195093,0.018435636,0.013642811,9.11583e-05,1.76403e-06,0.00162265,1.08874e-05,5.75003e-12,,601.4608169704771,0.9998222951793199,0.9481994785000001,0.9999621109906026,0.9999999997807253,2.642501772953665e-10
998.4361509,0.299959293,757.2148208,1509.7718,0.186065821,0.900793755,-7.259888972,0.740932879,0.000142881,4.50504e-11,0.966166437,0.018438347,0.013665372,9.13382e-05,1.76831e-06,0.001625824,1.0914e-05,5.75353e-12,,600.2682550838672,0.9998164154609781,0.946518526,0.9999608068711134,1.000000000560804,-5.157536620004066e-10
996.8022582,0.299957526,755.8695891,1509.769823,0.186054776,0.900783507,-7.260023044,0.740919188,0.000144229,4.51256e-11,0.966137687,0.018441067,0.013688006,9.15187e-05,1.77262e-06,0.001629008,1.09407e-05,5.75704e-12,,599.0765953209155,0.999810525743115,0.944836986375,0.9999594974530179,1.0000000000708826,-2.5756952126698707e-11
995.0049763,0.299955579,754.3905544,1509.76764,0.186042627,0.900772234,-7.260170527,0.740904124,0.000145713,4.52086e-11,0.966105967,0.018444058,0.013712988,9.17179e-05,1.77737e-06,0.001632522,1.09702e-05,5.7609e-12,,597.7668280697336,0.9998040360539929,0.942988193,0.9999580515958085,1.0000000005209695,-4.757607641181494e-10
993.0443051,0.299953451,752.7779216,1509.76525,0.186029374,0.900759934,-7.260331422,0.740887685,0.00014733,4.52995e-11,0.966071248,0.018447318,0.013740342,9.19361e-05,1.78258e-06,0.001636371,1.10025e-05,5.76511e-12,,596.3386707570135,0.9997969430604375,0.940972402,0.9999564686371598,1.0000000002310647,-1.857651810155403e-10
991.0836338,0.299951319,751.1661843,1509.762849,0.186016122,0.900747634,-7.260492322,0.740871241,0.000148946,4.53907e-11,0.966036408,0.018450576,0.013767803,9.21551e-05,1.78781e-06,0.001640235,1.10349e-05,5.76932e-12,,594.9117135753972,0.9997898367341876,0.9389577303750001,0.9999548783929273,0.9999999998611601,1.842306307509034e-10
989.2013895,0.299949268,749.6197577,1509.760535,0.1860034,0.900735825,-7.260646792,0.74085545,0.000150497,4.54787e-11,0.966002848,0.018453701,0.013794266,9.23662e-05,1.79284e-06,0.001643959,1.10662e-05,5.77337e-12,,593.542801917333,0.9997830003950043,0.937024697125,0.9999533457710389,0.9999999992912522,7.542265700877238e-10
987.3191451,0.299947214,748.074154,1509.758211,0.185990679,0.900724015,-7.260801266,0.740839654,0.000152047,4.55669e-11,0.965969176,0.018456825,0.013820828,9.25781e-05,1.7979e-06,0.001647697,1.10976e-05,5.77742e-12,,592.174979478814,0.9997761540563003,0.9350926925,0.9999518065258928,0.9999999996513441,3.9422276554290647e-10
985.4745456,0.299945198,746.5602614,1509.755311,0.18597821,0.90071245,-7.260952679,0.740824146,0.000153565,4.56538e-11,0.96593607,0.018459884,0.013846956,9.27866e-05,1.80288e-06,0.001651372,1.11284e-05,5.78139e-12,,590.8362730054257,0.9997694343781952,0.93320032675,0.9999498857810887,0.9999999999314351,1.1421874557271394e-10
983.667591,0.299943219,745.0780249,1509.753676,0.185966,0.9007011,-7.26110096,0.740808997,0.000155052,4.57391e-11,0.965903528,0.018462878,0.013872645,9.29916e-05,1.80778e-06,0.001654991,1.11588e-05,5.78528e-12,,589.5237915378633,0.9997628380275156,0.9313475311249999,0.9999488028784149,1.0000000002315244,-1.8578538707458847e-10
981.8606364,0.299941237,743.5965454,1509.751419,0.185953789,0.90068976,-7.261249269,0.740793819,0.000156538,4.58248e-11,0.965870884,0.01846587,0.013898426,9.31974e-05,1.8127e-06,0.001658621,1.11893e-05,5.78918e-12,,588.2130720683136,0.9997562316773153,0.92949568175,0.9999473080090967,1.000000000451614,-4.057891800357538e-10
980.12596,0.29993933,742.1750345,1509.749244,0.185942067,0.900678872,-7.26139165,0.740779244,0.000157963,4.59074e-11,0.965839445,0.018468741,0.013923264,9.33957e-05,1.81743e-06,0.001662118,1.12187e-05,5.79291e-12,,586.9558014482923,0.9997498753151395,0.927718793125,0.999945867450494,0.9999999998817003,1.6420709236797393e-10
978.3912836,0.299937421,740.7542176,1509.74706,0.185930345,0.900667984,-7.261534035,0.740764665,0.000159389,4.59902e-11,0.965807909,0.01847161,0.013948189,9.35947e-05,1.82219e-06,0.001665627,1.12482e-05,5.79665e-12,,585.6995245516846,0.9997435122866164,0.925942772,0.9999444209309587,1.000000000141787,-9.579670390280626e-11
976.6913007,0.299935546,739.3624911,1509.744384,0.185918856,0.900657322,-7.261673591,0.740750358,0.000160785,4.60717e-11,0.96577691,0.01847442,0.013972699,9.37903e-05,1.82686e-06,0.001669076,1.12772e-05,5.80032e-12,,584.4698844858668,0.9997372625859979,0.9242031138750001,0.9999426485471329,0.9999999994118721,6.341995817393808e-10
975.0260113,0.299933707,737.9998083,1509.742801,0.185907605,0.900646859,-7.261810274,0.740736369,0.000162152,4.61518e-11,0.965746447,0.018477171,0.013996792,9.39827e-05,1.83147e-06,0.001672471,1.13058e-05,5.80392e-12,,583.2644536425366,0.9997311328796312,0.922499760375,0.9999416000854003,1.0000000010219559,-9.758041041862953e-10
973.360722,0.299931865,736.6377642,1509.740681,0.185896353,0.900636404,-7.261946976,0.740722362,0.000163518,4.62321e-11,0.965715894,0.01847992,0.014020965,9.41758e-05,1.83608e-06,0.001675876,1.13344e-05,5.80751e-12,,582.0604205686572,0.9997249931737437,0.92079720525,0.999940195954716,1.0000000013320398,-1.285807682549489e-09
971.7620442,0.299930093,735.3308004,1509.738639,0.185885551,0.900626367,-7.262078213,0.740708911,0.000164829,4.63095e-11,0.965686476,0.018482557,0.014044248,9.43617e-05,1.84053e-06,0.001679155,1.1362e-05,5.81096e-12,,580.9055365143146,0.9997190867900125,0.9191635005000001,0.9999388434854437,1.0000000002821205,-2.358109263411734e-10
970.1633664,0.299928319,734.0244222,1509.73659,0.18587475,0.900616329,-7.262209454,0.740695456,0.00016614,4.63872e-11,0.965656972,0.018485193,0.014067606,9.45483e-05,1.84499e-06,0.001682446,1.13897e-05,5.81442e-12,,579.750973196361,0.999713173739934,0.91753052775,0.9999374863798909,1.0000000000422016,4.18554080283684e-12
968.4048208,0.299926364,732.5880816,1509.734328,0.185862869,0.900605286,-7.262353822,0.740680652,0.000167581,4.64729e-11,0.96562442,0.01848809,0.014093388,9.47543e-05,1.84992e-06,0.001686078,1.14203e-05,5.81822e-12,,578.4820044570578,0.9997066573854224,0.915735102,0.9999359881989439,1.000000000572291,-5.258182778078435e-10
966.4864075,0.299924227,731.0219704,1509.73185,0.185849908,0.900593239,-7.26251132,0.740664497,0.000169152,4.65667e-11,0.965588788,0.018491249,0.014121619,9.49798e-05,1.85532e-06,0.001690055,1.14538e-05,5.82237e-12,,577.0987674207036,0.9996995343933041,0.913777463,0.9999343469556251,0.999999999972389,7.417777503349043e-11
964.5679942,0.299922087,729.4566988,1509.729362,0.185836948,0.900581191,-7.262668824,0.740648336,0.000170723,4.66609e-11,0.965553031,0.018494405,0.014149961,9.52063e-05,1.86074e-06,0.001694048,1.14874e-05,5.82652e-12,,575.7165277613664,0.9996924014016648,0.9118208735000001,0.9999326990890487,0.9999999994924874,5.541734848790725e-10
962.7263173,0.299920028,727.9548269,1509.726963,0.185824506,0.900569624,-7.262820032,0.740632818,0.00017223,4.67517e-11,0.965518586,0.018497432,0.014177274,9.54245e-05,1.86596e-06,0.001697897,1.15198e-05,5.8305e-12,,574.3903062927486,0.9996855383970923,0.9099435336249999,0.9999311101694678,0.9999999993125821,7.341696139917531e-10
960.8846405,0.299917965,726.4537265,1509.724554,0.185812065,0.900558056,-7.262971245,0.740617294,0.000173736,4.68429e-11,0.965484025,0.018500458,0.01420469,9.56436e-05,1.87121e-06,0.001701761,1.15524e-05,5.83449e-12,,573.0649356558685,0.9996786620598251,0.908067158125,0.9999295146266288,1.0000000012626773,-1.2158343221102541e-09
959.0797973,0.29991594,724.9833974,1509.721572,0.185799873,0.90054673,-7.263119453,0.740602062,0.000175211,4.69325e-11,0.965450043,0.018503421,0.014231658,9.58592e-05,1.87637e-06,0.001705558,1.15844e-05,5.8384e-12,,571.7684018828936,0.9996719123831571,0.9062292467499999,0.9999275395711098,1.0000000000227711,2.4161339595707432e-11
957.3117875,0.299913952,723.5437875,1509.719854,0.185787931,0.900535612,-7.263264612,0.740587165,0.000176656,4.70207e-11,0.96541664,0.018506321,0.014258172,9.60711e-05,1.88145e-06,0.001709299,1.16159e-05,5.84223e-12,,570.4966811805905,0.9996652860339146,0.904429734375,0.9999264016953949,1.000000000502863,-4.5584247487795437e-10
955.5437778,0.299911961,722.1048874,1509.717514,0.185775989,0.900524505,-7.26340979,0.740572249,0.0001781,4.71092e-11,0.96538313,0.018509219,0.014284784,9.62839e-05,1.88655e-06,0.00171305,1.16475e-05,5.84607e-12,,569.227124259936,0.9996586496851513,0.9026311092500001,0.9999248518530359,1.0000000010029553,-9.558460689618187e-10
953.8464885,0.299910046,720.7242084,1509.715259,0.185764525,0.900513841,-7.263549166,0.740557925,0.000179486,4.71944e-11,0.965350856,0.018511999,0.014310422,9.64889e-05,1.89146e-06,0.001716664,1.1678e-05,5.84975e-12,,568.0091797339015,0.9996522666575861,0.9009052605,0.9999233583083695,0.9999999994130442,6.34150176814785e-10
952.1491991,0.299908128,719.3441799,1509.712996,0.185753061,0.900503176,-7.263688545,0.740543597,0.000180871,4.728e-11,0.965318481,0.018514778,0.01433615,9.66946e-05,1.89639e-06,0.001720291,1.17086e-05,5.85343e-12,,566.7920140344511,0.9996458736305002,0.8991802248749999,0.9999218594650967,0.9999999996431334,4.041466050708209e-10
950.4858555,0.299906245,717.992384,1509.710241,0.185741826,0.900492734,-7.263825152,0.74052954,0.000182228,4.73641e-11,0.965286657,0.018517499,0.014361451,9.6897e-05,1.90123e-06,0.001723856,1.17386e-05,5.85704e-12,,565.6006777462629,0.9996395972644925,0.89749048,0.999920034757533,0.9999999998832213,1.6414281045484813e-10
948.8564578,0.299904397,716.6687765,1509.70858,0.185730823,0.900482485,-7.263958952,0.74051579,0.000183556,4.74468e-11,0.965255381,0.018520162,0.014386321,9.70959e-05,1.90601e-06,0.001727366,1.17682e-05,5.86058e-12,,564.4325290804787,0.9996334375595627,0.8958359706250001,0.9999189346343884,1.0000000001633074,-1.1586065440383209e-10
947.22706,0.299902546,715.3457678,1509.706383,0.185719818,0.900472245,-7.264092768,0.740502024,0.000184884,4.75298e-11,0.965224012,0.018522824,0.014411275,9.72955e-05,1.9108e-06,0.001730885,1.17979e-05,5.86412e-12,,563.2661330136076,0.9996272678551121,0.89418220975,0.999917479504618,1.000000000253394,-2.0586421456414428e-10
945.6628381,0.299900766,714.0762405,1509.704266,0.185709255,0.900462414,-7.264221234,0.740488804,0.000186159,4.76097e-11,0.965193808,0.018525377,0.014435311,9.74878e-05,1.91541e-06,0.001734274,1.18265e-05,5.86752e-12,,562.1473104475137,0.9996213348059916,0.892595300625,0.9999160773609111,0.9999999997634772,2.8413249530956364e-10
944.0986163,0.299898983,712.807262,1509.702142,0.185698691,0.900452583,-7.264349704,0.740475582,0.000187432,4.76899e-11,0.965163515,0.018527929,0.014459425,9.76807e-05,1.92004e-06,0.001737675,1.18553e-05,5.87092e-12,,561.0288933966541,0.9996153917573503,0.8910090775,0.9999146705809238,1.0000000000935607,-4.587086266383267e-11
942.3779722,0.299897019,711.4120187,1509.699796,0.185687072,0.900441768,-7.264491026,0.740461033,0.000188833,4.77784e-11,0.96513009,0.018530734,0.014486041,9.78937e-05,1.92514e-06,0.001741429,1.1887e-05,5.87466e-12,,559.7995108384818,0.9996088454042756,0.889265023375,0.99991311676461,0.9999999998936531,1.541253791259578e-10
940.500906,0.299894872,709.8906904,1509.697227,0.185674397,0.900429968,-7.264645199,0.740445156,0.00019036,4.78754e-11,0.965093502,0.018533792,0.014515186,9.81269e-05,1.93074e-06,0.001745541,1.19217e-05,5.87875e-12,,558.458973751146,0.9996016890804207,0.8873633630000001,0.9999114152496441,1.0000000003937544,-3.4587888109172127e-10
938.6238398,0.29989272,708.370149,1509.694647,0.185661722,0.900418168,-7.264799378,0.740429275,0.000191887,4.79727e-11,0.965056784,0.018536847,0.014544447,9.83611e-05,1.93636e-06,0.001749669,1.19565e-05,5.88283e-12,,557.1195823725513,0.9995945160906975,0.8854626862499999,0.9999097064490944,1.0000000010138557,-9.6588292919364e-10
936.8218562,0.299890651,706.9111685,1509.69216,0.185649555,0.900406839,-7.264947394,0.740414023,0.000193352,4.80665e-11,0.965021412,0.018539777,0.014572645,9.85868e-05,1.94178e-06,0.001753647,1.19902e-05,5.88675e-12,,555.8347837670391,0.9995876197543884,0.883638960625,0.9999080592448436,0.9999999998339533,2.1411328265941165e-10
935.0198726,0.299888577,705.4529109,1509.689663,0.185637388,0.90039551,-7.265095415,0.740398767,0.000194816,4.81606e-11,0.964985918,0.018542706,0.014600951,9.88134e-05,1.94722e-06,0.001757641,1.20239e-05,5.89068e-12,,554.5507284835988,0.9995807067522109,0.881816138625,0.9999064054173349,1.0000000005740513,-5.258906643490491e-10
933.2539287,0.299886542,704.0245212,1509.686594,0.185625465,0.900384419,-7.265240471,0.740383821,0.00019625,4.82532e-11,0.96495102,0.018545573,0.014628795,9.90363e-05,1.95257e-06,0.001761567,1.20571e-05,5.89453e-12,,553.2941854761807,0.9995739237438062,0.8800306514999999,0.9999043727394716,1.0000000010241479,-9.758946983851047e-10
931.5240244,0.299884544,702.625949,1509.684789,0.185613785,0.900373528,-7.265382589,0.740369157,0.000197654,4.83443e-11,0.964916713,0.01854838,0.014656171,9.92555e-05,1.95784e-06,0.001765434,1.20898e-05,5.8983e-12,,552.0620285152198,0.9995672640628271,0.87828243625,0.9999031772414126,1.0000000011942427,-1.1458984872092515e-09
929.7941202,0.299882542,701.2280424,1509.682363,0.185602105,0.90036265,-7.265524703,0.740354498,0.000199058,4.84357e-11,0.964882295,0.018551184,0.014683648,9.94756e-05,1.96312e-06,0.001769311,1.21226e-05,5.90207e-12,,550.8320826830641,0.9995605910491534,0.876535053,0.9999015704390353,0.9999999993743378,6.7409788861994e-10
928.1334121,0.299880617,699.8866753,1509.680025,0.185590894,0.900352206,-7.265661136,0.740340421,0.000200405,4.85238e-11,0.964849147,0.018553875,0.01471012,9.96876e-05,1.96822e-06,0.001773048,1.21542e-05,5.90569e-12,,549.6516591950112,0.9995541746898519,0.874858344125,0.9999000219213279,1.0000000000744296,-2.5905722011998478e-11
926.4727041,0.299878688,698.5459177,1509.677678,0.185579682,0.900341761,-7.265797573,0.740326341,0.000201752,4.86122e-11,0.964815893,0.018556563,0.014736687,9.99004e-05,1.97333e-06,0.001776798,1.21859e-05,5.90932e-12,,548.4721371506487,0.9995477449978555,0.873182397125,0.9998984674426884,1.0000000006845213,-6.359091031526987e-10
924.8452102,0.299876795,697.2325678,1509.674842,0.185568696,0.900331536,-7.265931275,0.740312547,0.000203071,4.86991e-11,0.964783204,0.018559195,0.014762813,0.00010011,1.97835e-06,0.001780483,1.22171e-05,5.91287e-12,,547.3178845319333,0.9995414353001109,0.87154070975,0.9998965890867353,1.000000000504612,-4.559128630177156e-10
923.2509304,0.299874937,695.946583,1509.673099,0.185557933,0.900321497,-7.266062272,0.740299012,0.000204362,4.87845e-11,0.964751076,0.018561772,0.014788493,0.000100315,1.98331e-06,0.001784112,1.22478e-05,5.91635e-12,,546.1858677860854,0.9995352422634448,0.86993322875,0.9998954346528757,0.9999999991647007,8.840838061630052e-10
921.6566507,0.299873075,694.6611597,1509.670821,0.185547171,0.900311468,-7.266193263,0.740285483,0.000205653,4.88702e-11,0.964718853,0.018564347,0.014814262,0.000100522,1.98827e-06,0.00178775,1.22786e-05,5.91984e-12,,545.0556532260877,0.9995290358940838,0.8683264496249999,0.9998939258747158,1.0000000009247902,-8.75920003196029e-10
920.1261421,0.299871285,693.4276788,1509.668626,0.18553684,0.90030184,-7.266319018,0.740272492,0.000206892,4.89528e-11,0.964687824,0.018566817,0.014839082,0.000100721,1.99305e-06,0.001791254,1.23082e-05,5.92318e-12,,543.9714341276099,0.9995230695132267,0.8667845985,0.999892472069597,0.9999999993048759,7.440769111966006e-10
918.5956335,0.299869492,692.1947121,1509.666423,0.185526509,0.900292212,-7.266444777,0.740259497,0.000208131,4.90357e-11,0.964656704,0.018569286,0.014863984,0.00010092,1.99785e-06,0.001794771,1.2338e-05,5.92653e-12,,542.8874377091101,0.9995170931328486,0.865243390125,0.9998910129658718,1.000000000904962,-8.559264408347644e-10
917.0957351,0.299867732,690.9869047,1509.663803,0.185516386,0.900282785,-7.266568013,0.740246768,0.000209344,4.91171e-11,0.964626118,0.018571703,0.014888467,0.000101116,2.00257e-06,0.001798225,1.23673e-05,5.92981e-12,,541.8269635638469,0.9995112267472014,0.863733630875,0.9998892776722903,0.999999998925047,1.1240701702774913e-09
915.6264469,0.299866005,689.8042205,1509.662127,0.185506468,0.900273531,-7.266688758,0.740234277,0.000210532,4.91972e-11,0.964596065,0.018574069,0.014912527,0.000101309,2.00721e-06,0.001801626,1.23961e-05,5.93302e-12,,540.7867901388103,0.999505470356285,0.862255275625,0.9998881676142589,0.9999999993651303,6.840669142249567e-10
914.1571587,0.299864275,688.6220101,1509.659991,0.185496551,0.900264286,-7.266809496,0.740221792,0.00021172,4.92775e-11,0.964565928,0.018576434,0.014936664,0.000101503,2.01187e-06,0.001805035,1.24249e-05,5.93624e-12,,539.7481154461185,0.9994997039658478,0.860777512625,0.999886752886362,1.0000000008252137,-7.759362041781515e-10
912.3940129,0.299862196,687.2039797,1509.657417,0.185484651,0.900253192,-7.266954386,0.740206805,0.000213144,4.93742e-11,0.964529649,0.018579269,0.014965729,0.000101736,2.01747e-06,0.00180914,1.24597e-05,5.9401e-12,,538.5025549284824,0.9994927742978019,0.859004974625,0.999885048059767,1.0000000002253142,-1.759401513368175e-10
910.630867,0.299860112,685.7866271,1509.654833,0.185472752,0.900242097,-7.26709928,0.740191815,0.000214568,4.94713e-11,0.964493245,0.018582102,0.014994904,0.00010197,2.0231e-06,0.001813262,1.24946e-05,5.94396e-12,,537.2575378100547,0.9994858279638879,0.8572332838750001,0.9998833366099142,1.0000000007554153,-7.059439699474979e-10
908.9029841,0.299858066,684.39828,1509.651679,0.185461089,0.900231234,-7.267241296,0.740177104,0.000215963,4.95668e-11,0.964457449,0.018584876,0.015023605,0.0001022,2.02864e-06,0.001817313,1.2529e-05,5.94774e-12,,536.0394301512282,0.9994790082905728,0.85549785,0.9998812476343585,1.0000000006955145,-6.459477397413593e-10
907.210364,0.299856058,683.0388919,1509.649789,0.185449668,0.900220571,-7.267380389,0.740162719,0.000217329,4.96607e-11,0.964422259,0.018587591,0.015051824,0.000102426,2.03409e-06,0.001821303,1.25628e-05,5.95145e-12,,534.8450274617326,0.9994723152778571,0.853798614875,0.999879995838607,0.9999999999456122,1.040485475556352e-10
905.517744,0.299854045,681.6801274,1509.647278,0.185438245,0.900209918,-7.2675195,0.740148315,0.000218694,4.9755e-11,0.964386955,0.018590303,0.015080147,0.000102653,2.03956e-06,0.001825305,1.25967e-05,5.95516e-12,,533.6522765779696,0.9994656055992731,0.8521001592499999,0.9998783327385371,0.9999999993157102,7.340448249237852e-10
903.8928288,0.29985211,680.3762976,1509.644858,0.18542728,0.900199691,-7.267653052,0.740134482,0.000220004,4.98458e-11,0.964352952,0.018592906,0.015107436,0.000102872,2.04483e-06,0.001829161,1.26294e-05,5.95873e-12,,532.5079777967582,0.9994591559082349,0.8504703720000001,0.9998767299101147,1.0000000012858046,-1.2359586687438195e-09
902.2679136,0.299850171,679.0730392,1509.642429,0.185416315,0.900189463,-7.267786607,0.740120646,0.000221314,4.99369e-11,0.964318839,0.018595505,0.015134821,0.000103092,2.05013e-06,0.001833031,1.26623e-05,5.96229e-12,,531.3643453304932,0.9994526928845019,0.848841299,0.9998751211207598,1.0000000004858993,-4.3596237730980647e-10
900.6754966,0.299848268,677.7964014,1509.639514,0.18540557,0.90017945,-7.267917484,0.740107094,0.000222597,5.00266e-11,0.964285304,0.018598051,0.015161753,0.000103308,2.05532e-06,0.001836834,1.26945e-05,5.96579e-12,,530.2452531326921,0.9994463498550207,0.84724550175,0.999873190441069,0.9999999998759924,1.740342314704435e-10
899.115578,0.2998464,676.5463439,1509.63769,0.185395044,0.900169619,-7.268045716,0.740093792,0.000223853,5.01147e-11,0.964252344,0.018600543,0.015188227,0.00010352,2.06045e-06,0.001840578,1.27263e-05,5.96921e-12,,529.1480308364339,0.9994401234866179,0.845682929875,0.9998719823588199,0.999999998806084,1.2440306562666592e-09
897.5556594,0.299844528,675.2968127,1509.635332,0.185384518,0.900159798,-7.268173941,0.740080498,0.000225109,5.02031e-11,0.964219285,0.018603033,0.015214791,0.000103733,2.06559e-06,0.001844333,1.27582e-05,5.97264e-12,,528.0520632929272,0.9994338837855203,0.844121015875,0.9998704205945966,0.9999999988461757,1.2040273222879705e-09
896.0581375,0.299842728,674.0977553,1509.63306,0.185374414,0.90015037,-7.26829704,0.740067732,0.000226314,5.02883e-11,0.964187451,0.018605421,0.015240379,0.000103939,2.07054e-06,0.00184795,1.27889e-05,5.97592e-12,,527.0006019400648,0.9994278840729266,0.8426221941250001,0.9998689157903916,0.9999999994962643,5.540240488599579e-10
894.5606157,0.299840925,672.8991797,1509.63078,0.18536431,0.900140941,-7.268420142,0.740054963,0.000227519,5.03737e-11,0.964155522,0.018607808,0.015266051,0.000104145,2.0755e-06,0.001851579,1.28197e-05,5.97921e-12,,525.9497941135733,0.9994218743608118,0.841123974625,0.9998674056875803,1.000000000256353,-2.0597923366949544e-10
893.0930442,0.299839155,671.725044,1509.628085,0.185354407,0.900131709,-7.268540797,0.740042435,0.000228699,5.04577e-11,0.96412414,0.018610145,0.015291292,0.000104347,2.08038e-06,0.001855145,1.285e-05,5.98244e-12,,524.9212196991464,0.999415974643428,0.839656305,0.9998656207195643,0.9999999994364401,6.140176145308374e-10
891.6554232,0.299837418,670.5753147,1509.626334,0.185344709,0.900122649,-7.268658971,0.740030181,0.000229855,5.05403e-11,0.964093304,0.018612433,0.015316097,0.000104546,2.08519e-06,0.001858654,1.28798e-05,5.9856e-12,,523.9129642532362,0.999410184920775,0.838219143375,0.9998644609870982,0.9999999990465259,1.0040144271528106e-09
890.2178022,0.299835679,669.4260292,1509.624123,0.18533501,0.900113596,-7.268777159,0.740017912,0.00023101,5.06231e-11,0.964062381,0.018614718,0.015340982,0.000104746,2.09001e-06,0.001862173,1.29096e-05,5.98876e-12,,522.9056804237339,0.9994043885317747,0.8367825365,0.9998629965847667,0.9999999996666118,3.8401126722931167e-10
888.492657,0.299833587,668.0474696,1509.621459,0.185323371,0.900102732,-7.268918989,0.740003186,0.000232396,5.07229e-11,0.964025155,0.018617459,0.015370947,0.000104987,2.09581e-06,0.00186641,1.29456e-05,5.99256e-12,,521.6978919201147,0.9993974155324713,0.835059337,0.9998612321488503,0.9999999994667153,5.840076200414046e-10
886.7675119,0.299831491,666.669545,1509.618784,0.185311733,0.900091868,-7.269060824,0.739988455,0.000233781,5.0823e-11,0.963987799,0.018620197,0.015401028,0.000105228,2.10164e-06,0.001870664,1.29818e-05,5.99635e-12,,520.4907566053936,0.9993904292004732,0.83333693125,0.9998594604273501,0.9999999994968193,5.540037317786073e-10
885.0768696,0.299829433,665.3197963,1509.615542,0.185300329,0.900081233,-7.269199813,0.739974027,0.000235138,5.09215e-11,0.963951067,0.018622878,0.01543062,0.000105466,2.10736e-06,0.001874845,1.30173e-05,6.00007e-12,,519.3096975544896,0.9993835695290743,0.831649745375,0.9998573131671245,1.0000000007169214,-6.659999218783241e-10
883.4207302,0.299827413,663.9981783,1509.613563,0.185289156,0.90007079,-7.269335996,0.739959865,0.000236467,5.10184e-11,0.963914954,0.018625502,0.015459715,0.000105699,2.11301e-06,0.001878964,1.30523e-05,6.00372e-12,,518.1513172883958,0.9993768365182746,0.829997722875,0.9998560024243773,0.9999999993670222,6.839961930182881e-10
881.7645908,0.299825389,662.6771452,1509.610964,0.185277984,0.900060358,-7.26947217,0.73994571,0.000237795,5.11156e-11,0.963878723,0.018628124,0.015488919,0.000105934,2.11867e-06,0.001883094,1.30874e-05,6.00737e-12,,516.994926605495,0.9993700901747803,0.8283464315000001,0.9998542810396375,1.000000000127123,-7.600742257807269e-11
880.174697,0.299823442,661.4095006,1509.608459,0.18526726,0.900050343,-7.269602901,0.739932117,0.00023907,5.12093e-11,0.963843826,0.018630638,0.015517056,0.00010616,2.12413e-06,0.001887074,1.31213e-05,6.01087e-12,,515.885314031575,0.9993636004856581,0.82676187575,0.9998526219135224,0.99999999948722,5.639892997066909e-10
878.5848032,0.299821491,660.1423911,1509.605944,0.185256535,0.900040328,-7.269733637,0.739918521,0.000240344,5.13033e-11,0.963808816,0.01863315,0.015545294,0.000106387,2.12961e-06,0.001891069,1.31552e-05,6.01438e-12,,514.7762646038677,0.9993570974638412,0.825177988875,0.9998509561641493,1.0000000008673176,-8.160143671886999e-10
877.0267072,0.299819576,658.9011441,1509.602945,0.185246025,0.900030522,-7.269861771,0.739905183,0.000241592,5.13958e-11,0.963774398,0.01863561,0.015573064,0.00010661,2.13499e-06,0.001894994,1.31886e-05,6.01781e-12,,513.691172413811,0.999350714436276,0.823626430125,0.9998489698490919,0.9999999996474137,4.0398207001857145e-10
875.5004092,0.299817696,657.6857221,1509.601039,0.185235731,0.900020898,-7.269987274,0.739892133,0.000242815,5.14867e-11,0.963740569,0.018638017,0.015600363,0.000106829,2.14029e-06,0.00189886,1.32215e-05,6.02118e-12,,512.6268131991117,0.9993444480697894,0.822107152625,0.9998477074561275,0.999999999847508,2.0397872280142337e-10
873.9741111,0.299815812,656.4707929,1509.598597,0.185225437,0.900011282,-7.270112791,0.739879069,0.000244037,5.15779e-11,0.963706637,0.018640423,0.015627756,0.000107049,2.14561e-06,0.001902735,1.32545e-05,6.02454e-12,,511.56429878961893,0.9993381683706078,0.820588491125,0.9998460900565376,1.0000000001676024,-1.1602452332226676e-10
872.508865,0.299814001,655.3049221,1509.596245,0.185215554,0.90000205,-7.270233291,0.739866524,0.000245209,5.16658e-11,0.963673961,0.01864273,0.015654141,0.000107261,2.15073e-06,0.001906469,1.32863e-05,6.02778e-12,,510.54454911508316,0.9993321319931038,0.819131152625,0.999844532266269,0.9999999990876935,9.6397223536826e-10
871.0436188,0.299812186,654.1395027,1509.593885,0.185205672,0.899992818,-7.270353794,0.739853977,0.000246381,5.17539e-11,0.963641187,0.018645035,0.015680615,0.000107474,2.15587e-06,0.001910215,1.33182e-05,6.03101e-12,,509.5255337319977,0.999326082282905,0.817674378375,0.9998429691773941,1.000000000127785,-7.603095930619475e-11
869.6076776,0.299810405,652.9978304,1509.591112,0.185195987,0.899983778,-7.270471899,0.739841668,0.00024753,5.18406e-11,0.963608973,0.018647293,0.015706644,0.000107683,2.16092e-06,0.001913896,1.33495e-05,6.03418e-12,,508.52809822619713,0.9993201459006109,0.816247288,0.9998411325479661,0.9999999994778749,5.739657638059725e-10
868.2010413,0.299808657,651.8798735,1509.589282,0.185186501,0.899974907,-7.270587581,0.739829623,0.000248654,5.19258e-11,0.963577319,0.018649502,0.015732224,0.000107889,2.1659e-06,0.001917519,1.33803e-05,6.03729e-12,,507.5501427225086,0.9993143195130475,0.8148498418750001,0.9998399204917622,0.9999999992579631,7.939626733843852e-10
866.794405,0.299806906,650.7623324,1509.586992,0.185177015,0.899966043,-7.270703273,0.739817568,0.000249778,5.20112e-11,0.963545575,0.01865171,0.015757887,0.000108095,2.17088e-06,0.001921151,1.34113e-05,6.04039e-12,,506.573432522515,0.9993084831259632,0.8134529155,0.999838403765693,1.0000000002380516,-1.860402942810424e-10
865.1064415,0.2998048,649.421829,1509.584234,0.185165631,0.899955406,-7.270842109,0.739803096,0.000251127,5.21142e-11,0.963507359,0.018654356,0.01578879,0.000108344,2.17689e-06,0.001925525,1.34485e-05,6.04412e-12,,505.4021137427989,0.9993014634622286,0.81177728625,0.9998365770711518,0.9999999994481583,6.039558853032645e-10
863.4184779,0.29980269,648.0819202,1509.581465,0.185154249,0.899944768,-7.270980949,0.739788621,0.000252475,5.22175e-11,0.963469009,0.018657,0.015819812,0.000108593,2.18292e-06,0.001929917,1.34859e-05,6.04785e-12,,504.2313231734317,0.9992944304657992,0.81010240025,0.999834743091027,0.9999999998782654,1.7395207496662124e-10
861.7642737,0.299800618,646.7693876,1509.578131,0.185143093,0.899934354,-7.271117027,0.73977442,0.000253795,5.23191e-11,0.963431297,0.018659589,0.015850331,0.000108839,2.18885e-06,0.001934233,1.35227e-05,6.05151e-12,,503.085949969429,0.9992875241299691,0.8084617344999999,0.9998325348968283,1.0000000006083707,-5.560516491698309e-10
860.1438287,0.299798584,645.4841893,1509.576059,0.185132167,0.89992413,-7.271250312,0.739760525,0.000255089,5.24191e-11,0.963394221,0.018662122,0.015880338,0.00010908,2.19469e-06,0.001938485,1.35589e-05,6.0551e-12,,501.96260360386793,0.999280744454738,0.806855236625,0.9998311625577823,0.9999999996484741,4.0394498856954897e-10
858.5233837,0.299796546,644.1995384,1509.573368,0.18512124,0.899913916,-7.271383611,0.739746615,0.000256381,5.25194e-11,0.963357022,0.018664653,0.015910458,0.000109322,2.20055e-06,0.00194275,1.35953e-05,6.05868e-12,,500.84073850960976,0.9992739514468125,0.805249423,0.9998293802390694,1.000000000908578,-8.560585573746948e-10
856.9677564,0.299794585,642.9667859,1509.570775,0.18511075,0.899904111,-7.271511583,0.739733258,0.000257622,5.2616e-11,0.963321191,0.01866708,0.015939478,0.000109555,2.2062e-06,0.001946859,1.36303e-05,6.06212e-12,,499.7645790657426,0.999267415093259,0.803708482375,0.9998276628282844,0.9999999995586781,4.939378905888248e-10
855.4121292,0.299792621,641.7345343,1509.568171,0.185100261,0.899894305,-7.271639558,0.739719897,0.000258862,5.2713e-11,0.963285242,0.018669505,0.015968603,0.00010979,2.21187e-06,0.001950983,1.36655e-05,6.06556e-12,,498.68904099022063,0.9992608687401844,0.8021681678749999,0.9998259381319156,1.0000000004287786,-3.7606562308667435e-10
853.8876146,0.299790692,640.527415,1509.565085,0.185089982,0.899884704,-7.271764986,0.739706791,0.000260076,5.28085e-11,0.963249901,0.01867188,0.015997246,0.00011002,2.21744e-06,0.001955036,1.37e-05,6.06894e-12,,497.6364647171708,0.9992544390481882,0.80065926875,0.999823894194514,1.0000000004988774,-4.4606873750296927e-10
852.3942125,0.299788799,639.3453924,1509.563092,0.185079913,0.89987528,-7.271887841,0.739693965,0.000261266,5.29023e-11,0.963215163,0.018674203,0.016025403,0.000110247,2.22293e-06,0.001959027,1.37341e-05,6.07225e-12,,496.60424319266616,0.9992481293504436,0.7991817405,0.9998225741792057,1.0000000000889744,-3.6072034248491036e-11
850.9008103,0.299786902,638.1638313,1509.560564,0.185069844,0.899865866,-7.272010709,0.739681127,0.000262455,5.29964e-11,0.963180319,0.018676524,0.016053658,0.000110474,2.22844e-06,0.001963028,1.37682e-05,6.07556e-12,,495.5736613951791,0.9992418063200047,0.797704789125,0.9998208998195974,0.9999999996990719,3.5392444530657485e-10
849.4671443,0.299785078,637.0299645,1509.558129,0.185060178,0.899856827,-7.272128665,0.739668799,0.000263596,5.3087e-11,0.963146764,0.018678751,0.016080874,0.000110693,2.23374e-06,0.001966883,1.38011e-05,6.07873e-12,,494.5846578658133,0.9992357266112428,0.796287455625,0.9998192870562879,0.9999999998991658,1.5392120911172924e-10
848.0334783,0.29978325,635.89652,1509.555685,0.185050513,0.899847788,-7.272246625,0.739656468,0.000264737,5.3178e-11,0.963113106,0.018680975,0.016108182,0.000110913,2.23906e-06,0.001970751,1.38341e-05,6.08191e-12,,493.59621712078206,0.9992296335697866,0.79487065,0.9998176683320462,1.0000000002192597,-1.6608181496735597e-10
846.6284856,0.299781455,634.7861552,1509.552829,0.18504104,0.899838938,-7.272362235,0.739644374,0.000265855,5.32675e-11,0.963080024,0.018683154,0.016135031,0.000111129,2.24429e-06,0.001974551,1.38665e-05,6.08502e-12,,492.62892409163857,0.9992236505230611,0.793482694,0.9998157767295772,0.9999999998493525,2.039149959998099e-10
845.2521662,0.299779694,633.6988401,1509.550918,0.185031762,0.899830252,-7.272475476,0.739632536,0.000266949,5.33554e-11,0.963047515,0.018685285,0.016161419,0.000111341,2.24944e-06,0.001978292,1.38984e-05,6.08807e-12,,491.68030791755837,0.9992177808042402,0.792123550125,0.999814511024984,0.9999999998994434,1.5391199426062485e-10
843.8758468,0.29977793,632.6119142,1509.548547,0.185022484,0.899821573,-7.272588727,0.739620688,0.000268044,5.34436e-11,0.963014913,0.018687415,0.016187891,0.000111554,2.2546e-06,0.001982043,1.39305e-05,6.09113e-12,,490.7327256597076,0.9992119010858984,0.79076489275,0.9998129406505255,1.0000000011595347,-1.1060912186167116e-09
842.2242635,0.299775808,631.308114,1509.545691,0.18501135,0.899811159,-7.272724632,0.739606467,0.000269356,5.35498e-11,0.962975662,0.018689968,0.01621977,0.000111811,2.26082e-06,0.001986559,1.3969e-05,6.09479e-12,,489.5966715348228,0.9992048280913849,0.7891351425,0.9998110490480565,0.9999999998796445,1.7390533457728452e-10
840.5726802,0.299773683,630.0048703,1509.542823,0.185000216,0.899800744,-7.272860542,0.739592241,0.000270668,5.36564e-11,0.962936272,0.018692518,0.016251772,0.000112069,2.26706e-06,0.001991094,1.40077e-05,6.09845e-12,,488.46103370415557,0.9991977450973507,0.787506087875,0.999809149497678,0.999999999819755,2.339014537611206e-10
838.9541286,0.299771595,628.7282325,1509.539392,0.184989305,0.899790549,-7.272993746,0.739578287,0.000271954,5.37613e-11,0.962897537,0.018695015,0.016283256,0.000112322,2.2732e-06,0.001995551,1.40458e-05,6.10205e-12,,487.3499322223475,0.9991907854307419,0.785910290625,0.9998068770578772,1.0000000000598634,-6.1022298325497104e-12
837.3686087,0.299769545,627.478161,1509.537225,0.184978618,0.899780538,-7.27312422,0.73956463,0.000273212,5.38644e-11,0.962859453,0.018697458,0.016314213,0.000112571,2.27925e-06,0.001999942,1.40833e-05,6.10557e-12,,486.2601745868095,0.9991839524247325,0.78434770125,0.9998054417978807,0.9999999996099698,4.4389458775384583e-10
835.7830887,0.299767491,626.2286018,1509.534438,0.184967931,0.899770539,-7.273254706,0.73955096,0.000274471,5.3968e-11,0.962821242,0.018699899,0.016345286,0.000112822,2.28532e-06,0.002004345,1.41209e-05,6.10909e-12,,485.17222580967774,0.999177106086028,0.78278575225,0.9998035958958915,1.000000000280077,-2.26109131418184e-10
834.2609896,0.299765515,625.0295043,1509.531752,0.184957671,0.899760939,-7.273379977,0.739537834,0.000275678,5.40677e-11,0.962784435,0.01870224,0.016375226,0.000113063,2.29116e-06,0.002008589,1.41572e-05,6.11247e-12,,484.1280854698934,0.9991705197348696,0.7812868803749999,0.9998018168888078,1.0000000014201802,-1.3661123343666759e-09
832.7388905,0.299763535,623.8308756,1509.529056,0.184947412,0.899751339,-7.273505252,0.739524703,0.000276885,5.41679e-11,0.962747506,0.018704578,0.016405273,0.000113305,2.29703e-06,0.002012847,1.41936e-05,6.11585e-12,,483.08492827451374,0.9991639200510166,0.7797885945,0.9998000312584658,0.9999999996902839,3.638840340158822e-10
831.2472333,0.299761591,622.6566754,1509.525879,0.184937357,0.89974194,-7.273628031,0.739511825,0.000278068,5.42664e-11,0.9627112,0.018706867,0.016434826,0.000113543,2.3028e-06,0.002017033,1.42293e-05,6.11916e-12,,482.0637267310512,0.9991574403614152,0.77832084425,0.9997979270494168,1.0000000011603856,-1.1061191962369321e-09
829.7860181,0.299759682,621.50687,1509.523795,0.184927509,0.899732714,-7.273748296,0.739499218,0.000279226,5.43632e-11,0.962675513,0.018709107,0.016463876,0.000113777,2.30848e-06,0.002021154,1.42646e-05,6.12241e-12,,481.06250658009236,0.9991510773328922,0.7768835875000001,0.9997965467624612,1.0000000001404856,-8.612244251082757e-11
828.3248029,0.29975777,620.3574965,1509.521177,0.184917661,0.899723497,-7.273868571,0.739486601,0.000280384,5.44603e-11,0.962639714,0.018711345,0.016493028,0.000114012,2.31418e-06,0.002025287,1.42999e-05,6.12566e-12,,480.06248569249294,0.999144704304848,0.7754468706250001,0.9997948127935314,1.0000000001405862,-8.612577317990144e-11
826.9220364,0.299755931,619.2545019,1509.518655,0.184908207,0.899714648,-7.273984038,0.739474486,0.000281495,5.45539e-11,0.96260524,0.018713491,0.01652111,0.000114238,2.31967e-06,0.002029268,1.43339e-05,6.12878e-12,,479.10310164740605,0.9991385745984814,0.7740681273750001,0.9997931424078778,1.0000000006306828,-5.761289223471522e-10
825.5192698,0.299754088,618.1519024,1509.516123,0.184898753,0.899705799,-7.274099509,0.739462367,0.000282605,5.46478e-11,0.962570659,0.018715635,0.016549285,0.000114465,2.32518e-06,0.002033262,1.43681e-05,6.1319e-12,,478.14434388082213,0.9991324315594201,0.772689878,0.9997914653989662,0.9999999993407797,7.138681867857599e-10
824.1445586,0.299752279,617.0717392,1509.513182,0.184889488,0.899697135,-7.274212678,0.739450483,0.000283693,5.47401e-11,0.962536668,0.018717734,0.016576989,0.000114688,2.33059e-06,0.002037187,1.44017e-05,6.13496e-12,,477.2058160587636,0.9991264018482635,0.771339674,0.9997895174988047,0.9999999983508752,1.7038649380296533e-09
822.7979027,0.299750503,616.0139839,1509.511186,0.184880413,0.899688631,-7.274323531,0.739438847,0.000284759,5.48309e-11,0.962503266,0.018719789,0.016604217,0.000114908,2.33593e-06,0.002041051,1.44347e-05,6.13795e-12,,476.28544246205036,0.9991204821318376,0.7700174798749999,0.999788195496519,1.000000001690969,-1.6361381138807474e-09
821.4512467,0.299748724,614.9565927,1509.50873,0.184871337,0.899680135,-7.274434393,0.739427203,0.000285824,5.49219e-11,0.962469766,0.018721841,0.016631532,0.000115128,2.34127e-06,0.002044924,1.44679e-05,6.14095e-12,,475.3663860137433,0.9991145524158909,0.768695740875,0.9997865688243679,1.0000000002310627,-1.7614087965966974e-10
819.8352597,0.299746585,613.6882012,1509.505772,0.184860447,0.89966994,-7.27456743,0.739413227,0.000287102,5.50316e-11,0.962429434,0.018724301,0.016664427,0.000115393,2.34771e-06,0.002049589,1.45078e-05,6.14455e-12,,474.26402976619113,0.9991074227574253,0.7671102515,0.9997846096646679,0.9999999995711761,4.838555112129939e-10
818.2192726,0.299744441,612.42033,1509.502801,0.184849558,0.899659744,-7.274700473,0.739399246,0.00028838,5.51416e-11,0.962388958,0.018726758,0.016697451,0.000115659,2.35417e-06,0.002054272,1.45479e-05,6.14815e-12,,473.1624566666853,0.9991002764330912,0.7655254125000001,0.9997826418947326,1.0000000001312899,-7.614819885759516e-11
816.6356052,0.299742336,611.1783224,1509.49927,0.184838885,0.899649764,-7.274830865,0.739385534,0.000289631,5.52499e-11,0.962349152,0.018729164,0.016729939,0.000115921,2.36053e-06,0.002058876,1.45873e-05,6.15167e-12,,472.0843515568329,0.9990932601025302,0.763972903,0.9997803032223523,0.9999999998914016,1.6384826828641508e-10
815.0842576,0.299740268,609.9621407,1509.497002,0.184828432,0.899639964,-7.274958588,0.73937211,0.000290857,5.53564e-11,0.962310015,0.018731517,0.016761885,0.000116178,2.36679e-06,0.002063411,1.46261e-05,6.15513e-12,,471.0271473603398,0.9990863670993946,0.762452675875,0.9997788010674507,0.9999999989515114,1.10384501539329e-09
813.53291,0.299738196,608.7464382,1509.494116,0.184817979,0.899630175,-7.275086321,0.739358675,0.000292082,5.54633e-11,0.962270746,0.018733868,0.016793951,0.000116437,2.37307e-06,0.002067959,1.4665e-05,6.15858e-12,,469.97156623413167,0.9990794607635646,0.7609330477499999,0.9997768895952078,0.9999999991316219,9.238414477863444e-10
812.0436163,0.299736203,607.579812,1509.491333,0.184807943,0.899620777,-7.27520895,0.739345774,0.000293258,5.55663e-11,0.962232919,0.018736123,0.016824848,0.000116686,2.37913e-06,0.002072342,1.47026e-05,6.1619e-12,,468.9586484293085,0.9990728177484537,0.7594747649999999,0.9997750463425218,0.9999999997917282,2.638381735309281e-10
810.5543226,0.299734206,606.4136241,1509.48854,0.184797908,0.89961138,-7.275331582,0.739332869,0.000294433,5.56697e-11,0.962194965,0.018738374,0.016855858,0.000116936,2.3852e-06,0.002076741,1.47402e-05,6.16522e-12,,467.9463758101199,0.9990661614006484,0.758017030125,0.999773196466578,0.9999999994618348,5.938348701661766e-10
809.0948148,0.299732244,605.2711863,1509.485268,0.184788074,0.899602179,-7.275451769,0.739320214,0.000295585,5.57713e-11,0.962157649,0.018740579,0.016886357,0.000117182,2.39117e-06,0.002081064,1.47773e-05,6.16848e-12,,466.95572178087474,0.999059621713921,0.756588982875,0.9997710293365785,0.9999999995319397,5.238315337052768e-10
807.6650928,0.299730319,604.1524668,1509.48309,0.184778441,0.899593147,-7.275569499,0.739307822,0.000296713,5.58713e-11,0.96212097,0.018742736,0.016916338,0.000117424,2.39706e-06,0.002085322,1.48137e-05,6.17166e-12,,465.9840421692403,0.9990532053546196,0.7551905834999999,0.9997695867909981,1.000000000822043,-7.661717926765732e-10
806.2353709,0.29972839,603.034151,1509.480378,0.184768808,0.899584124,-7.275687237,0.739295422,0.00029784,5.59716e-11,0.962084174,0.01874489,0.016946425,0.000117667,2.40296e-06,0.00208959,1.48503e-05,6.17485e-12,,465.01402003516444,0.9990467756626232,0.7537926887499999,0.9997677905634437,0.9999999993221464,7.338251117872119e-10
804.8628378,0.299726534,601.9609455,1509.477765,0.184759561,0.899575462,-7.275800269,0.739283514,0.000298922,5.60682e-11,0.962048739,0.018746956,0.016975407,0.000117901,2.40864e-06,0.002093703,1.48856e-05,6.17791e-12,,464.0829782333046,0.9990405892923042,0.7524511818749999,0.9997660599061428,1.000000000302246,-2.461779669005182e-10
803.4903047,0.299724674,600.8881093,1509.475142,0.184750314,0.8995668,-7.275913304,0.739271603,0.000300003,5.61652e-11,0.962013192,0.01874902,0.017004488,0.000118135,2.41435e-06,0.002097829,1.49209e-05,6.18097e-12,,463.15268392218405,0.9990343895892908,0.751110136625,0.9997643226255839,0.9999999993123462,7.438190063879802e-10
802.1452223,0.299722848,599.8370892,1509.472111,0.184741251,0.899558319,-7.276024085,0.739259924,0.000301063,5.62605e-11,0.961978252,0.018751041,0.017033082,0.000118366,2.41995e-06,0.002101884,1.49557e-05,6.18398e-12,,462.24193936077063,0.9990283032141817,0.7497963615000001,0.9997623151161009,1.0000000007124445,-6.561839960284033e-10
800.8275906,0.299721056,598.8078582,1509.470027,0.184732375,0.899549994,-7.276132602,0.739248487,0.000302101,5.63542e-11,0.961943915,0.018753018,0.017061184,0.000118593,2.42547e-06,0.002105875,1.49899e-05,6.18692e-12,,461.34902631491275,0.9990223301669772,0.7485098227500001,0.9997609348291454,1.000000000432541,-3.761866373963585e-10
799.5099588,0.299719261,597.7789676,1509.467483,0.184723498,0.899541678,-7.276241125,0.739237043,0.000303138,5.64482e-11,0.961909477,0.018754994,0.017089378,0.00011882,2.43101e-06,0.002109876,1.50242e-05,6.18986e-12,,460.4572575271759,0.9990163471202518,0.7472237094999999,0.9997592498723241,1.0000000002726381,-2.16189954826973e-10
797.9288007,0.299717102,596.5447454,1509.464418,0.184712846,0.899531698,-7.276371357,0.739223306,0.000304383,5.65614e-11,0.961868015,0.018757361,0.017123332,0.000119094,2.43768e-06,0.002114695,1.50655e-05,6.19339e-12,,459.38766155937867,0.999009150798313,0.74568093175,0.9997572198437643,1.000000000242755,-1.8619350505844068e-10
796.3476426,0.299714938,595.3110095,1509.46134,0.184702194,0.899521717,-7.276501594,0.739209564,0.000305627,5.66751e-11,0.961826402,0.018759726,0.017157419,0.000119369,2.44437e-06,0.002119534,1.5107e-05,6.19692e-12,,458.3185312517306,0.9990019378105057,0.7441387618749999,0.999755181204969,1.0000000014328718,-1.3761967121439511e-09
794.7981077,0.299712812,594.1024215,1509.457703,0.184691755,0.899511948,-7.276629234,0.739196089,0.000306846,5.67869e-11,0.961785478,0.01876204,0.017190954,0.00011964,2.45095e-06,0.002124289,1.51478e-05,6.20038e-12,,457.27268644930035,0.9989948514832978,0.742628026875,0.9997527723260545,0.9999999998129873,2.437996471371662e-10
793.2801959,0.299710725,592.9189455,1509.455332,0.18468153,0.899502355,-7.276754266,0.739182893,0.00030804,5.68969e-11,0.961745239,0.018764304,0.01722393,0.000119906,2.45743e-06,0.002128975,1.5188e-05,6.20377e-12,,456.246635478439,0.9989878951498627,0.7411486818749999,0.9997512019515958,0.9999999994931007,5.637962319227086e-10
791.7622841,0.299708633,591.7359174,1509.452341,0.184671305,0.899492773,-7.276879306,0.739169688,0.000309233,5.70073e-11,0.961704863,0.018766566,0.017257031,0.000120173,2.46394e-06,0.002133674,1.52283e-05,6.20716e-12,,455.22225387621194,0.9989809221505592,0.7396698967499999,0.9997492209351446,0.9999999993032145,7.537928059520027e-10
790.3050888,0.299706621,590.6006292,1509.449458,0.184661489,0.899483574,-7.276999349,0.739157008,0.000310378,5.71136e-11,0.961665969,0.018768734,0.017288926,0.000120431,2.47021e-06,0.002138202,1.52672e-05,6.21042e-12,,454.23940568158247,0.9989742158051489,0.7382507865,0.9997473114498794,0.9999999994733241,5.837895722393682e-10
788.8478935,0.299704604,589.4657504,1509.446563,0.184651674,0.899474375,-7.277119395,0.739144323,0.000311523,5.72204e-11,0.961626943,0.0187709,0.017320938,0.000120689,2.4765e-06,0.002142747,1.53062e-05,6.21367e-12,,453.25706556283274,0.9989674927938701,0.736832188,0.9997453940167044,0.999999999763434,2.937864396201917e-10
787.4198421,0.299702624,588.3539677,1509.443191,0.184642054,0.89946537,-7.277237047,0.739131886,0.000312645,5.73254e-11,0.961588573,0.01877302,0.017352423,0.000120943,2.48268e-06,0.002147214,1.53445e-05,6.21687e-12,,452.295640706911,0.998960893110017,0.735442459625,0.9997431606541255,1.000000000243542,-1.862168197419578e-10
786.0209346,0.299700679,587.2652506,1509.440916,0.184632632,0.899456528,-7.277352297,0.739119704,0.000313743,5.74286e-11,0.961550855,0.018775094,0.017383374,0.000121193,2.48878e-06,0.002151612,1.53823e-05,6.21999e-12,,451.3529696495331,0.9989544100872422,0.73408156325,0.9997416538629431,0.9999999991436487,9.137799406033764e-10
784.6220271,0.299698731,586.1769109,1509.438106,0.184623209,0.899447696,-7.277467552,0.739107516,0.000314841,5.75322e-11,0.961513017,0.018777166,0.017414435,0.000121444,2.49489e-06,0.002156023,1.54202e-05,6.22312e-12,,450.4113804626427,0.9989479170649462,0.7327211386250001,0.9997397927274607,1.0000000001537552,-9.622302954426232e-11
783.2790759,0.299696856,585.1324575,1509.435398,0.184614164,0.899439218,-7.277578201,0.739095812,0.000315895,5.7632e-11,0.961476576,0.018779152,0.017444357,0.000121686,2.50077e-06,0.002160272,1.54567e-05,6.22612e-12,,449.50801801428963,0.9989416673643278,0.731415571875,0.9997379991492094,1.000000000533858,-4.762261696100722e-10
781.9361247,0.299694978,584.088349,1509.43268,0.184605119,0.899430739,-7.277688853,0.739084105,0.000316949,5.77322e-11,0.96144002,0.018781137,0.01747438,0.000121928,2.50668e-06,0.002164536,1.54933e-05,6.22913e-12,,448.60504325633116,0.9989354076641882,0.7301104362499999,0.9997361989476999,1.0000000010439614,-9.862290983875255e-10
780.6200325,0.299693134,583.0654583,1509.429555,0.184596254,0.899422438,-7.277797304,0.73907262,0.000317981,5.78306e-11,0.961404086,0.018783079,0.017503901,0.000122167,2.51249e-06,0.002168725,1.55293e-05,6.23207e-12,,447.7213912179501,0.9989292612919534,0.728831822875,0.9997341291795924,0.9999999998540627,2.0376789144904706e-10
779.3307994,0.299691324,582.06376,1509.42738,0.184587571,0.899414289,-7.277903529,0.739061382,0.000318992,5.79274e-11,0.961368772,0.018784979,0.017532916,0.000122401,2.5182e-06,0.002172849,1.55647e-05,6.23496e-12,,446.85482063450405,0.9989232282476228,0.7275797,0.9997326886209895,0.9999999999641624,9.376499576774222e-11
778.0415663,0.29968951,581.0623796,1509.424743,0.184578888,0.899406149,-7.278009764,0.739050134,0.000320002,5.80245e-11,0.961333353,0.018786878,0.017562025,0.000122636,2.52394e-06,0.002176984,1.56002e-05,6.23784e-12,,445.9892262795135,0.9989171818705977,0.7263279745,0.9997309420678695,1.0000000002042624,-1.4623791066981084e-10
776.4944865,0.299687329,579.8611402,1509.421566,0.184568469,0.899396381,-7.278137251,0.739036631,0.000321215,5.81415e-11,0.961290708,0.018789153,0.017597082,0.00012292,2.53084e-06,0.002181963,1.5643e-05,6.2413e-12,,444.95130604823754,0.9989099122188383,0.7248264252500001,0.9997288378588205,0.9999999999043828,1.5375867246092412e-10
774.9474067,0.299685142,578.6603547,1509.418376,0.18455805,0.899386612,-7.278264743,0.739023124,0.000322427,5.82589e-11,0.961247906,0.018791425,0.017632278,0.000123204,2.53777e-06,0.002186963,1.5686e-05,6.24476e-12,,443.9137733216685,0.998902622568037,0.7233254433749999,0.9997267250395363,0.9999999998345037,2.2375523656137375e-10
773.4312685,0.299682995,577.4840269,1509.414628,0.184547839,0.899377051,-7.278389691,0.73900988,0.000323614,5.83744e-11,0.961205812,0.018793649,0.017666905,0.000123484,2.54458e-06,0.002191878,1.57282e-05,6.24816e-12,,442.89850230727114,0.998895466244182,0.721855033625,0.9997242426424586,1.0000000008446226,-7.862481776754748e-10
771.9460719,0.299680886,576.3321227,1509.41215,0.184537837,0.899367661,-7.27851209,0.738996907,0.000324777,5.8488e-11,0.961164422,0.018795824,0.017700955,0.000123759,2.5513e-06,0.002196719,1.57698e-05,6.25148e-12,,441.90297906379476,0.9988884365809263,0.7204151533750001,0.99972260139914,1.0000000001647393,-1.0625145208109643e-10
770.4608753,0.299678772,575.1806368,1509.409049,0.184527835,0.899358282,-7.278634495,0.738983927,0.00032594,5.8602e-11,0.961122889,0.018797996,0.017735135,0.000124035,2.55804e-06,0.002201575,1.58116e-05,6.25481e-12,,440.9087529227433,0.9988813902518022,0.7189757960000001,0.9997205475268515,0.9999999997048568,3.5374525531040035e-10
769.0350866,0.299676738,574.0756012,1509.406061,0.184518234,0.899349279,-7.278752008,0.738971462,0.000327055,5.87119e-11,0.961082878,0.018800079,0.01776807,0.000124302,2.56453e-06,0.002206255,1.58518e-05,6.258e-12,,439.9547325024921,0.9988746105765713,0.7175945015,0.9997185684973775,1.0000000003949703,-3.3625835449413444e-10
767.6092979,0.2996747,572.9709477,1509.403062,0.184508632,0.899340275,-7.278869524,0.738958993,0.000328171,5.88222e-11,0.961042731,0.018802159,0.017801126,0.000124569,2.57105e-06,0.002210952,1.58922e-05,6.2612e-12,,439.0013012204695,0.9988678175686457,0.716213684625,0.9997165821823201,1.0000000003150835,-2.562612344547688e-10
766.212025,0.299672699,571.8887593,1509.399585,0.184499223,0.899331462,-7.278984695,0.73894677,0.000329264,5.89306e-11,0.961003257,0.018804195,0.017833639,0.000124832,2.57745e-06,0.002215568,1.59319e-05,6.26433e-12,,438.0682490683248,0.9988611478881456,0.714860949125,0.9997142792755327,1.000000000415195,-3.5626435135327483e-10
764.8432678,0.299670733,570.8290073,1509.397208,0.184490006,0.899322808,-7.279097518,0.738934793,0.000330334,5.90373e-11,0.960964452,0.018806186,0.017865603,0.00012509,2.58377e-06,0.002220114,1.5971e-05,6.26739e-12,,437.153163474504,0.9988545948687239,0.713536259125,0.9997127049271194,0.9999999998353046,2.2373269903397386e-10
763.4745106,0.299668764,569.7696075,1509.394295,0.184480789,0.899314164,-7.279210345,0.738922812,0.000331404,5.91443e-11,0.960925524,0.018808175,0.017897679,0.000125349,2.59009e-06,0.002224672,1.60102e-05,6.27046e-12,,436.239418644285,0.9988480318497809,0.712212009375,0.9997107755720802,0.9999999993554146,7.03729630124883e-10
762.1605037,0.299666869,568.7529128,1509.391488,0.184471941,0.899305866,-7.279318662,0.738911307,0.00033243,5.92474e-11,0.960888031,0.018810083,0.017928579,0.000125599,2.59619e-06,0.002229064,1.6048e-05,6.2734e-12,,435.3624881653892,0.9988417154856892,0.7109411409999999,0.9997089164235751,1.0000000002555207,-1.962734419436174e-10
760.8464968,0.29966497,567.7365399,1509.388671,0.184463093,0.899297567,-7.279426983,0.738899799,0.000333457,5.93509e-11,0.960850419,0.018811987,0.017959585,0.00012585,2.60231e-06,0.00223347,1.60859e-05,6.27635e-12,,434.48623360066466,0.9988353857889026,0.709670674875,0.9997070506518121,0.9999999992756272,7.837237525620822e-10
759.5587701,0.299663106,566.7408078,1509.385448,0.184454421,0.899289443,-7.279533148,0.73888851,0.000334463,5.94526e-11,0.960813446,0.018813852,0.017990074,0.000126096,2.60832e-06,0.0022378,1.61232e-05,6.27923e-12,,433.62844595148175,0.9988291727531946,0.7084260097499999,0.9997049159757766,0.9999999995857316,4.737209513550056e-10
758.2973235,0.299661275,565.7656924,1509.383177,0.184445928,0.899281468,-7.279637136,0.738877462,0.000335448,5.95526e-11,0.960777109,0.018815675,0.01802004,0.000126339,2.61424e-06,0.002242063,1.61599e-05,6.28206e-12,,432.7871995228288,0.9988230697122172,0.7072071155,0.9997034118338974,1.0000000002058347,-1.4628209754619093e-10
757.0358769,0.299659441,564.7908737,1509.380443,0.184437434,0.899273501,-7.279741134,0.738866404,0.000336433,5.96529e-11,0.960740664,0.018817497,0.018050104,0.000126582,2.62018e-06,0.002246336,1.61967e-05,6.28489e-12,,431.9471724416221,0.998816956671719,0.705988592125,0.9997016010351755,0.9999999999459378,1.1371514840874397e-10
755.6735145,0.299657457,563.7384019,1509.37706,0.184428261,0.899264905,-7.27985346,0.738854452,0.000337496,5.97616e-11,0.96070118,0.018819462,0.018082685,0.000126845,2.62661e-06,0.002250965,1.62365e-05,6.28794e-12,,431.0407742717478,0.9988103436551712,0.704673002375,0.9996993603870128,1.0000000001760494,-1.1628786822370785e-10
754.4625258,0.299655688,562.8031567,1509.374837,0.184420108,0.899257249,-7.279953299,0.738843836,0.000338441,5.98586e-11,0.960665967,0.018821206,0.018111743,0.000127081,2.63236e-06,0.002255098,1.62721e-05,6.29066e-12,,430.23464474916995,0.9988044472709608,0.7035039458750001,0.9996978880367718,0.9999999995261492,5.337094099999717e-10
753.1304382,0.29965374,561.7747013,1509.371919,0.184411139,0.899248835,-7.280063131,0.738832149,0.00033948,5.99656e-11,0.960627116,0.018823123,0.018143814,0.00012734,2.63869e-06,0.002259658,1.63114e-05,6.29365e-12,,429.34865600393033,0.998797954248665,0.702218376625,0.9996959553701035,1.000000001156259,-1.0962935004243946e-09
751.6772517,0.299651609,560.6531228,1509.368724,0.184401355,0.899239657,-7.280182952,0.738819394,0.000340613,6.00828e-11,0.960584587,0.018825211,0.018178928,0.000127624,2.64563e-06,0.00226465,1.63544e-05,6.29691e-12,,428.3828269202493,0.9987908512555886,0.7008164035,0.9996938392391902,1.0000000000963798,-3.629696543328009e-11
750.2240652,0.299649473,559.5319327,1509.365515,0.184391571,0.899230479,-7.280302776,0.738806636,0.000341746,6.02005e-11,0.960541907,0.018827295,0.018214177,0.000127909,2.6526e-06,0.002269661,1.63975e-05,6.30016e-12,,427.41761249263925,0.998783731596644,0.6994149158749999,0.9996917138357159,0.9999999991665008,8.936996698238886e-10
748.8290061,0.299647418,558.4559549,1509.362423,0.184382179,0.899221668,-7.280417812,0.738794384,0.000342834,6.03138e-11,0.96050079,0.018829294,0.018248143,0.000128184,2.65931e-06,0.002274491,1.64391e-05,6.30329e-12,,426.4912922874937,0.9987768819247662,0.6980699436250001,0.9996896659243595,1.000000000476617,-4.1630321412355897e-10
747.4339471,0.299645358,557.3803337,1509.359318,0.184372786,0.899212856,-7.280532853,0.738782128,0.000343921,6.04276e-11,0.960459531,0.018831289,0.018282234,0.00012846,2.66605e-06,0.002279338,1.64809e-05,6.30642e-12,,425.56564954073264,0.9987700155870199,0.696725417125,0.9996876094027677,0.9999999990167339,1.0436936870306113e-09
746.0667892,0.299643335,556.3265722,1509.355738,0.184363581,0.899204231,-7.280645602,0.738770107,0.000344986,6.05395e-11,0.960418963,0.018833243,0.018315766,0.000128731,2.67267e-06,0.002284102,1.6522e-05,6.30949e-12,,424.6596817312018,0.9987632725766994,0.69540821525,0.9996852382764235,0.9999999997368488,3.2369062985537767e-10
744.7275326,0.299641349,555.2946433,1509.35326,0.184354566,0.899195762,-7.280756041,0.73875834,0.000346029,6.06495e-11,0.960379082,0.018835153,0.018348731,0.000128998,2.6792e-06,0.002288794,1.65624e-05,6.3125e-12,,423.7711356703616,0.9987566528938042,0.694118304125,0.9996835970331049,0.9999999996669621,3.936874160004322e-10
743.3882759,0.299639358,554.2630431,1509.350245,0.18434555,0.899187303,-7.280866491,0.738746563,0.000347072,6.076e-11,0.960339072,0.018837061,0.018381814,0.000129266,2.68575e-06,0.002293499,1.66029e-05,6.3155e-12,,422.88377530327733,0.9987500165450408,0.692828803875,0.9996816001208347,1.0000000007170753,-6.563154464345189e-10
742.1025895,0.299637443,553.2730139,1509.347339,0.184336894,0.899179182,-7.280972526,0.738735254,0.000348073,6.08663e-11,0.960300537,0.018838889,0.018413684,0.000129524,2.69205e-06,0.002298031,1.6642e-05,6.31839e-12,,422.0324689449749,0.9987436335174757,0.691591267375,0.9996796754020759,0.9999999991171846,9.436816883479082e-10
740.8169031,0.299635523,552.2832849,1509.344423,0.184328239,0.899171061,-7.281078565,0.738723941,0.000349074,6.09731e-11,0.960261879,0.018840716,0.018445664,0.000129783,2.69838e-06,0.002302579,1.66812e-05,6.32127e-12,,421.1815385467977,0.9987372338240424,0.690354106125,0.9996777440600594,1.0000000006472944,-5.86321213802421e-10
739.5569304,0.299633638,551.3136428,1509.341103,0.184319756,0.89916311,-7.281182501,0.738712836,0.000350054,6.10781e-11,0.960223875,0.018842504,0.018477111,0.000130037,2.7046e-06,0.002307049,1.67198e-05,6.3241e-12,,420.34845726961356,0.9987309507916872,0.6891420535,0.9996755451384218,1.0000000004674021,-4.063240854890182e-10
738.3226714,0.299631788,550.364065,1509.338736,0.184311448,0.899155306,-7.281284289,0.738701984,0.000351014,6.11812e-11,0.960186526,0.018844252,0.018508018,0.000130287,2.71072e-06,0.002311448,1.67577e-05,6.32687e-12,,419.5317929008689,0.9987247844204103,0.6879550812499999,0.9996739774132664,0.999999999487508,5.736732200389838e-10
737.0884125,0.299629934,549.414764,1509.335907,0.184303139,0.899147509,-7.281386096,0.738691114,0.000351974,6.12848e-11,0.960149063,0.018845998,0.018539029,0.000130538,2.71686e-06,0.002315859,1.67957e-05,6.32964e-12,,418.7160128898503,0.9987186047164387,0.6867684549999999,0.9996721036935938,0.9999999996276143,4.336704328977703e-10
735.9035239,0.29962815,548.5036935,1509.333181,0.184295163,0.899140025,-7.281483833,0.738680676,0.000352896,6.13845e-11,0.96011299,0.018847673,0.018568895,0.00013078,2.72278e-06,0.002320107,1.68324e-05,6.3323e-12,,417.93329436606876,0.9987126583346235,0.685629616875,0.9996702981934782,1.0000000002477167,-1.8633228293651882e-10
734.7186353,0.299626363,547.592876,1509.330446,0.184287187,0.89913254,-7.281581574,0.738670234,0.000353817,6.14845e-11,0.960076809,0.018849345,0.018598856,0.000131023,2.72871e-06,0.002324369,1.68691e-05,6.33496e-12,,417.1509024768304,0.9987067019532875,0.684491095,0.9996684867324304,0.9999999998778194,1.8366508314215935e-10
733.4152579,0.299624392,546.5912683,1509.327427,0.184278413,0.899124307,-7.281689092,0.738658746,0.00035483,6.15949e-11,0.960036884,0.018851182,0.018631925,0.000131291,2.73526e-06,0.002329074,1.69097e-05,6.33789e-12,,416.29050554356013,0.9987001322679973,0.683239085375,0.9996664871708569,1.0000000010279328,-9.663378985891313e-10
731.9933915,0.299622238,545.4989531,1509.32412,0.184268842,0.899115326,-7.281806388,0.738646209,0.000355935,6.17158e-11,0.959993181,0.018853182,0.018668132,0.000131584,2.74243e-06,0.002334225,1.69541e-05,6.34108e-12,,415.3525405490314,0.9986929526119267,0.681873691375,0.9996642968594547,1.000000000598057,-5.363409716352407e-10
730.5715252,0.299620079,544.4070001,1509.3208,0.184259271,0.899106344,-7.281923689,0.738633667,0.000357039,6.18371e-11,0.959949319,0.01885518,0.018704478,0.000131878,2.74963e-06,0.002339396,1.69988e-05,6.34427e-12,,414.4150728785627,0.9986857562899878,0.680508750125,0.9996620979378171,0.9999999994981813,5.636557887100935e-10
729.2065336,0.299618001,543.3590653,1509.3176,0.184250083,0.899097722,-7.282036301,0.738621623,0.000358099,6.1954e-11,0.959907063,0.018857095,0.018739503,0.000132162,2.75658e-06,0.002344379,1.70418e-05,6.34734e-12,,413.5156174810839,0.9986788299551158,0.6791988316249999,0.999659978495275,1.0000000004483014,-3.863473985177279e-10
727.8415419,0.299615918,542.3114631,1509.314387,0.184240895,0.899089099,-7.282148918,0.738609575,0.000359159,6.20714e-11,0.95986466,0.018859007,0.018774657,0.000132447,2.76354e-06,0.002349381,1.70849e-05,6.3504e-12,,412.61659509900835,0.9986718869543751,0.677889328875,0.9996578504424972,1.000000000508422,-4.4635051210661914e-10
726.5038501,0.299613872,541.2851367,1509.310701,0.18423189,0.899080658,-7.282259302,0.738597749,0.000360198,6.21869e-11,0.959822966,0.018860878,0.018809235,0.000132727,2.77039e-06,0.002354297,1.71274e-05,6.35341e-12,,411.73671883841115,0.9986650672810603,0.6766064208749999,0.999655409109619,1.0000000008585403,-7.96353427645613e-10
725.1934581,0.299611863,540.2800607,1509.308118,0.184223071,0.899072372,-7.282367406,0.73858619,0.000361215,6.23004e-11,0.959781977,0.018862707,0.018843229,0.000133002,2.77714e-06,0.002359138,1.71691e-05,6.35635e-12,,410.8739040079471,0.9986583709351708,0.6753500758750001,0.9996536983220918,0.9999999993086568,7.536435919774931e-10
723.8830661,0.299609849,539.2752913,1509.304998,0.184214251,0.899064094,-7.282475529,0.738574613,0.000362232,6.24143e-11,0.959740854,0.018864534,0.018877345,0.000133279,2.78391e-06,0.002363993,1.72111e-05,6.35929e-12,,410.0121087424052,0.9986516579234133,0.6740941141250001,0.9996516318656133,1.0000000000787737,-1.6359358312456607e-11
722.6250898,0.299607912,538.3109988,1509.301991,0.184205784,0.899056147,-7.282579331,0.738563495,0.000363207,6.2524e-11,0.959701246,0.018866285,0.018910212,0.000133545,2.79043e-06,0.00236867,1.72514e-05,6.36212e-12,,409.1852838166928,0.9986452015660275,0.6728887485,0.9996496402519494,0.9999999998988859,1.6363810306785354e-10
721.3671135,0.299605971,537.3469861,1509.298974,0.184197317,0.899048201,-7.282683136,0.738552374,0.000364183,6.26342e-11,0.95966151,0.018868034,0.018943192,0.000133812,2.79697e-06,0.002373364,1.7292e-05,6.36494e-12,,408.3587140356339,0.9986387318759474,0.671683732625,0.9996476420150275,1.000000001038999,-9.763649888583359e-10
720.1342967,0.299604064,536.4025263,1509.295553,0.184189019,0.899040422,-7.282784874,0.738541467,0.000365139,6.27425e-11,0.959622447,0.018869745,0.018975622,0.000134075,2.8034e-06,0.002377976,1.73318e-05,6.36771e-12,,407.5497695779632,0.9986323755137716,0.6705031578749999,0.9996453761984846,1.0000000002691103,-2.0636781172811425e-10
718.9266394,0.299602192,535.4775977,1509.293088,0.184180891,0.899032784,-7.282884529,0.738530789,0.000366075,6.28489e-11,0.959584054,0.018871419,0.019007498,0.000134333,2.80973e-06,0.002382516,1.7371e-05,6.37042e-12,,406.7565351732086,0.9986261358126741,0.669346997125,0.9996437435654013,1.0000000007992194,-7.3637052011577e-10
717.7189822,0.299600316,534.5529273,1509.29016,0.184172763,0.899025156,-7.282984192,0.738520103,0.000367011,6.29557e-11,0.959545544,0.01887309,0.019039479,0.000134592,2.81608e-06,0.002387068,1.74103e-05,6.37314e-12,,405.96422871272597,0.9986198827788819,0.6681911591249999,0.9996418042754752,0.9999999994493289,6.136268160261693e-10
716.5596312,0.299598511,533.6654846,1509.287339,0.18416496,0.899017832,-7.283079871,0.738509841,0.00036791,6.30586e-11,0.959508461,0.018874692,0.019070282,0.000134842,2.82219e-06,0.002391452,1.74482e-05,6.37574e-12,,405.20401284385304,0.9986138664004199,0.66708185575,0.999639935854409,0.9999999994594345,6.03624039641204e-10
715.4002802,0.299596703,532.7782775,1509.284508,0.184157157,0.899010508,-7.283175554,0.738499576,0.000368808,6.31618e-11,0.959471267,0.018876292,0.019101183,0.000135093,2.82833e-06,0.002395851,1.74862e-05,6.37835e-12,,404.44400260130396,0.9986078400224369,0.6659728468749999,0.999638060810085,1.0000000005995402,-5.363782751288682e-10
714.1249942,0.299594709,531.8026214,1509.281383,0.184148574,0.899002452,-7.283280808,0.738488282,0.000369796,6.32757e-11,0.959430223,0.01887805,0.019135289,0.000135369,2.8351e-06,0.002400706,1.75281e-05,6.38121e-12,,403.60845640910054,0.9986011936741525,0.6647532767500001,0.9996359910419773,1.000000000269657,-2.0638113440440975e-10
712.733773,0.299592529,530.7385933,1509.277961,0.184139211,0.898993664,-7.283395635,0.738475956,0.000370873,6.34004e-11,0.959385293,0.018879964,0.019172633,0.000135672,2.84252e-06,0.002406022,1.75741e-05,6.38434e-12,,402.6974238998062,0.9985939273555665,0.6634232416250001,0.9996337245631087,1.000000000689785,-6.263844998244394e-10
711.3425518,0.299590344,529.6749027,1509.274525,0.184129848,0.898984876,-7.283510466,0.738463626,0.00037195,6.35256e-11,0.9593402,0.018881875,0.019210121,0.000135976,2.84996e-06,0.002411359,1.76202e-05,6.38746e-12,,401.7868584696235,0.9985866443711126,0.662093628375,0.9996314488116791,1.0000000012299133,-1.1663876531287087e-09
710.0069795,0.299588241,528.6540764,1509.271213,0.184120859,0.898976439,-7.283620708,0.738451785,0.000372984,6.36463e-11,0.959296756,0.018883706,0.019246247,0.000136269,2.85714e-06,0.002416502,1.76647e-05,6.39046e-12,,400.91318798935447,0.9985796347068987,0.6608175955,0.9996292551886478,1.0000000019100368,-1.8463903739274201e-09
708.6714072,0.299586133,527.6335599,1509.267887,0.184111871,0.898968002,-7.283730954,0.73843994,0.000374018,6.37674e-11,0.959253159,0.018885534,0.019282507,0.000136563,2.86435e-06,0.002421664,1.77093e-05,6.39346e-12,,400.04003636919583,0.9985726083768166,0.659541949875,0.9996270522930555,1.0000000007201608,-6.563933840908476e-10
707.3625463,0.299584062,526.6337554,1509.26409,0.184103062,0.898959744,-7.283839013,0.738428315,0.000375031,6.38865e-11,0.95921029,0.018887323,0.019318173,0.000136852,2.87142e-06,0.002426738,1.77531e-05,6.3964e-12,,399.185399009858,0.9985657053741601,0.6582921942500001,0.9996245374420138,1.000000000590283,-5.263964819590683e-10
706.0803969,0.299582028,525.6546388,1509.261398,0.184094434,0.898951635,-7.283944843,0.73841695,0.000376023,6.40036e-11,0.959168145,0.018889072,0.019353238,0.000137136,2.8784e-06,0.002431735,1.77963e-05,6.39928e-12,,398.34723143341074,0.9985589256989292,0.6570682985,0.9996227544609754,1.000000000770403,-7.063993834321991e-10
704.7982475,0.29957999,524.6758078,1509.258169,0.184085806,0.898943536,-7.284050691,0.738405567,0.000377014,6.41212e-11,0.95912586,0.018890818,0.019388429,0.000137421,2.8854e-06,0.002436746,1.78397e-05,6.40216e-12,,397.5101486335018,0.9985521326910037,0.65584475975,0.9996206158109849,0.9999999991705235,8.935976403279255e-10
703.567384,0.299578029,523.7363965,1509.255056,0.184077522,0.898935761,-7.284152308,0.738394636,0.000377966,6.42344e-11,0.959085133,0.018892492,0.019422332,0.000137696,2.89214e-06,0.002441573,1.78814e-05,6.40493e-12,,396.7070746295465,0.9985455963374502,0.6546704956249999,0.9996185539907869,0.9999999996106393,4.5359505040920567e-10
702.3365206,0.299576063,522.7972458,1509.251933,0.184069239,0.898927986,-7.284253929,0.738383702,0.000378917,6.43481e-11,0.959044272,0.018894163,0.019456352,0.000137972,2.89891e-06,0.002446418,1.79233e-05,6.40769e-12,,395.9041930425391,0.9985390433180282,0.65349655725,0.9996164855473308,0.9999999992807557,7.83592413178269e-10
701.1302744,0.299574133,521.877132,1509.248407,0.184061122,0.898920374,-7.284353524,0.738372979,0.00037985,6.44598e-11,0.959004103,0.018895798,0.019489807,0.000138244,2.90555e-06,0.002451178,1.79645e-05,6.4104e-12,,395.1184785874008,0.9985326102928583,0.6523464149999999,0.9996141501865796,1.0000000001208702,-5.6410431881204204e-11
699.9486455,0.299572237,520.9760345,1509.24584,0.18405317,0.898912902,-7.284451083,0.738362479,0.000380763,6.45697e-11,0.958964621,0.018897397,0.019522689,0.00013851,2.9121e-06,0.002455865,1.8005e-05,6.41306e-12,,394.3478264402172,0.998526290595593,0.6512200431249999,0.9996124499962653,0.9999999991709828,8.935868711645867e-10
698.7670166,0.299570338,520.0751775,1509.242809,0.184045218,0.898905438,-7.28454865,0.738351972,0.000381676,6.46799e-11,0.958925019,0.018898994,0.019555682,0.000138778,2.91867e-06,0.002460563,1.80457e-05,6.41571e-12,,393.5782855667961,0.9985199608988063,0.650093971875,0.9996104424867823,1.0000000004410956,-3.764157874286411e-10
697.6326528,0.29956851,519.210579,1509.239889,0.184037585,0.898898272,-7.284642316,0.738341883,0.000382552,6.47861e-11,0.958886883,0.018900524,0.019587458,0.000139036,2.92499e-06,0.002465089,1.80848e-05,6.41826e-12,,392.83972088302755,0.9985138678573501,0.64901322375,0.9996085084954625,0.9999999998612042,2.0358181807011988e-10
696.4982891,0.299566679,518.3461998,1509.236958,0.184029952,0.898891107,-7.284735985,0.73833179,0.000383428,6.48926e-11,0.958848631,0.018902052,0.019619337,0.000139295,2.93134e-06,0.002469629,1.81241e-05,6.42081e-12,,392.10157829784856,0.9985077648163727,0.64793274975,0.9996065672185589,0.9999999995113134,5.535792935162931e-10
695.2504889,0.29956466,517.3956355,1509.233724,0.184021555,0.898883225,-7.284839025,0.738320685,0.000384392,6.50101e-11,0.95880642,0.01890373,0.019654523,0.00013958,2.93834e-06,0.002474641,1.81675e-05,6.42361e-12,,391.28985029095327,0.9985010351387467,0.6467445443750001,0.9996044252569397,0.999999999911434,1.5357615179567574e-10
693.8892524,0.299562452,516.3589578,1509.230181,0.184012395,0.898874627,-7.284951436,0.738308566,0.000385443,6.51388e-11,0.95876021,0.018905558,0.01969305,0.000139893,2.94601e-06,0.002480129,1.8215e-05,6.42667e-12,,390.40480218251423,0.9984936754912983,0.64544869725,0.99960207863665,1.0000000010815655,-1.0164267205681199e-09
692.5280159,0.299560239,515.322594,1509.226623,0.184003235,0.898866029,-7.285063851,0.738296442,0.000386494,6.52681e-11,0.958713831,0.018907382,0.019731726,0.000140206,2.95371e-06,0.002485638,1.82627e-05,6.42973e-12,,389.5203004628217,0.9984862991779817,0.6441532425,0.9995997220814733,0.9999999994816978,5.835703031920048e-10
691.2212289,0.299558109,514.3279795,1509.223194,0.183994442,0.898857774,-7.285171775,0.738284799,0.000387502,6.53926e-11,0.958669147,0.01890913,0.019768998,0.000140509,2.96113e-06,0.002490947,1.83086e-05,6.43266e-12,,388.67162937194144,0.9984791995180792,0.642909974375,0.9995974509663241,1.0000000008018253,-7.36432692605149e-10
689.9144419,0.299555973,513.3336532,1509.219751,0.183985648,0.89884952,-7.285279702,0.738273152,0.00038851,6.55176e-11,0.958624305,0.018910874,0.019806409,0.000140812,2.96858e-06,0.002496277,1.83547e-05,6.4356e-12,,387.82323884078914,0.9984720798591344,0.6416670664999999,0.9995951705786139,1.0000000003519531,-2.8643554195184606e-10
688.6337905,0.299553875,512.3594942,1509.215837,0.18397703,0.898841441,-7.285385486,0.738261723,0.000389498,6.56405e-11,0.958580209,0.018912581,0.019843208,0.000141111,2.9759e-06,0.002501515,1.84001e-05,6.43848e-12,,386.9929923886482,0.9984650868607892,0.6404493677499999,0.9995925782354544,1.0000000000720788,-6.438405364406208e-12
687.379275,0.299551815,511.4054796,1509.213033,0.18396859,0.898833507,-7.285489093,0.738250545,0.000390466,6.57614e-11,0.958536857,0.01891425,0.019879387,0.000141405,2.98312e-06,0.002506673,1.84448e-05,6.44129e-12,,386.17884335695203,0.9984582205230429,0.6392568495,0.9995907210739268,0.9999999999922028,7.355860365265698e-11
686.1247594,0.29954975,510.4517307,1509.209689,0.183960148,0.898825584,-7.285592715,0.738239353,0.000391433,6.58828e-11,0.958493361,0.018915916,0.019915698,0.0001417,2.99036e-06,0.002511846,1.84896e-05,6.44411e-12,,385.36568538361337,0.9984513375194284,0.638064663375,0.9995885062564701,1.0000000010323271,-9.664442579548904e-10
684.9204245,0.299547763,509.5363796,1509.206467,0.183952045,0.898817977,-7.285692195,0.738228605,0.000392361,6.59997e-11,0.958451465,0.018917512,0.019950679,0.000141984,2.99733e-06,0.00251683,1.85327e-05,6.44682e-12,,384.5854158056885,0.9984447145033596,0.6369204745,0.9995863722427604,1.0000000001024465,-3.644684554160449e-11
683.7160895,0.299545771,508.6212708,1509.203233,0.183943941,0.89881037,-7.285791679,0.738217852,0.00039329,6.6117e-11,0.958409431,0.018919105,0.019985783,0.000142268,3.00433e-06,0.002521832,1.8576e-05,6.44952e-12,,383.8054279799008,0.9984380748214225,0.6357765885,0.9995842302811412,0.9999999994025665,6.635505478413961e-10
682.5358413,0.299543815,507.7247004,1509.199597,0.183935999,0.898802924,-7.285889179,0.738207309,0.000394199,6.62323e-11,0.958368107,0.018920664,0.020020303,0.000142549,3.0112e-06,0.002526747,1.86186e-05,6.45217e-12,,383.04200341400525,0.9984315551337372,0.6346558755,0.9995818220645526,0.9999999998726845,1.9354784441816264e-10
681.3796798,0.299541894,506.8466489,1509.196924,0.18392822,0.898795614,-7.285984688,0.738196983,0.00039509,6.63457e-11,0.958327489,0.018922189,0.020054234,0.000142824,3.01797e-06,0.002531585,1.86605e-05,6.45477e-12,,382.2934606161577,0.9984251521071301,0.6335583111249999,0.999580051667704,0.9999999995428003,5.235454292318309e-10
680.2235182,0.299539969,505.9688209,1509.193786,0.183920441,0.898788312,-7.286080202,0.738186651,0.000395981,6.64595e-11,0.958286746,0.018923711,0.020088278,0.000143101,3.02476e-06,0.002536437,1.87026e-05,6.45736e-12,,381.54560683377315,0.9984187357478286,0.632461026125,0.999577973289361,1.0000000004329168,-3.664573089423584e-10
679.1136031,0.299538117,505.1263146,1509.190762,0.183912973,0.898781302,-7.2861719,0.73817673,0.000396836,6.65691e-11,0.958247511,0.018925169,0.020121069,0.000143367,3.0313e-06,0.002541109,1.8743e-05,6.45986e-12,,380.8282161871092,0.9984125627102043,0.63140789325,0.9995759704161585,0.999999999373029,6.935401142271758e-10
678.0036881,0.29953626,504.2840121,1509.187728,0.183905505,0.898774292,-7.2862636,0.738166805,0.000397691,6.6679e-11,0.958208156,0.018926625,0.020153965,0.000143634,3.03786e-06,0.002545797,1.87837e-05,6.46235e-12,,380.1109994335464,0.9984063730067118,0.630355015125,0.9995739609196983,0.9999999986331413,1.4335377329643961e-09
676.7827815,0.299534214,503.3577144,1509.184378,0.18389729,0.898766581,-7.286364474,0.738155884,0.000398631,6.68004e-11,0.958164726,0.018928224,0.020190275,0.000143929,3.04511e-06,0.002550972,1.88285e-05,6.46509e-12,,379.3223611623032,0.9983995533333969,0.6291971430000001,0.9995717421282868,0.9999999996832657,3.8353475950714255e-10
675.4508834,0.299531976,502.3474879,1509.180709,0.183888329,0.898758169,-7.286474523,0.738143966,0.000399656,6.69333e-11,0.95811718,0.018929965,0.020230034,0.000144252,3.05304e-06,0.002556638,1.88776e-05,6.46808e-12,,378.4625580795665,0.9983920936907384,0.627934359875,0.999569312054947,0.9999999997134015,3.535318704450674e-10
674.1189853,0.299529732,501.3375532,1509.177025,0.183879368,0.898749758,-7.286584576,0.738132043,0.000400681,6.70667e-11,0.958069459,0.018931703,0.020269948,0.000144576,3.06101e-06,0.002562327,1.89269e-05,6.47107e-12,,377.6030975840847,0.9983846140490383,0.6266719415,0.9995668720467202,1.0000000009835377,-9.164711212150678e-10
672.8403631,0.299527572,500.3682897,1509.173474,0.183870765,0.898741683,-7.286690231,0.738120593,0.000401665,6.71952e-11,0.95802348,0.018933367,0.020308412,0.000144888,3.06868e-06,0.002567809,1.89744e-05,6.47394e-12,,376.7785202222971,0.9983774143939259,0.625460362125,0.9995645201278242,0.9999999991536692,9.135260325976446e-10
671.5617409,0.299525407,499.3992939,1509.169909,0.183862162,0.898733609,-7.28679589,0.738109139,0.000402649,6.73243e-11,0.957977337,0.018935028,0.020347022,0.000145202,3.07639e-06,0.002573312,1.90221e-05,6.47681e-12,,375.9543188482356,0.998370198072945,0.624249117375,0.9995621589363669,0.9999999995638011,5.035231120942285e-10
670.3086912,0.29952328,498.4499391,1509.165874,0.18385373,0.898725705,-7.286899449,0.738097901,0.000403613,6.74512e-11,0.957931962,0.018936653,0.020385,0.000145511,3.08396e-06,0.002578721,1.9069e-05,6.47962e-12,,375.1476195154796,0.9983631084125634,0.623062423875,0.9995594864517864,1.0000000000339309,3.3520297648692576e-11
669.0812139,0.299521191,497.5202034,1509.162952,0.183845473,0.898717944,-7.28700088,0.738086907,0.000404557,6.75761e-11,0.95788735,0.018938241,0.02042234,0.000145814,3.09143e-06,0.002584048,1.91152e-05,6.48238e-12,,374.3564742065996,0.998356145412781,0.6219002542500001,0.9995575511358149,0.9999999997040584,3.635176604177559e-10
667.8537366,0.299519096,496.5907146,1509.159489,0.183837214,0.898710193,-7.287102325,0.738075899,0.000405501,6.77013e-11,0.957842589,0.018939827,0.020459816,0.000146118,3.09891e-06,0.00258939,1.91615e-05,6.48513e-12,,373.566371558129,0.9983491624139564,0.62073839325,0.9995552575015888,1.0000000004841862,-4.1648506865499257e-10
666.6753584,0.299517081,495.6986355,1509.156152,0.183829286,0.898702752,-7.287199715,0.738065329,0.000406407,6.7822e-11,0.957799473,0.018941346,0.020495921,0.000146412,3.10612e-06,0.002594537,1.92062e-05,6.48778e-12,,372.8081799003756,0.9983424460690252,0.6196232943750001,0.9995530473204127,1.0000000013943096,-1.3264875864393844e-09
665.4969802,0.299515061,494.8067815,1509.152802,0.183821358,0.898695311,-7.287297109,0.738054754,0.000407313,6.79431e-11,0.957756214,0.018942862,0.020532153,0.000146706,3.11336e-06,0.002599702,1.9251e-05,6.49042e-12,,372.0503661389287,0.9983357130582255,0.618508476875,0.9995508285290013,1.0000000014344335,-1.3664904763288632e-09
664.3421696,0.299513077,493.9329838,1509.149053,0.183813587,0.898688026,-7.287392574,0.738044372,0.0004082,6.80623e-11,0.957713684,0.018944345,0.020567783,0.000146996,3.12047e-06,0.002604777,1.9295e-05,6.49301e-12,,371.30868124250384,0.9983291000416777,0.61741622975,0.999548345469598,1.0000000005445553,-4.764928451805872e-10
663.2109265,0.299511129,493.0772244,1509.146269,0.183805977,0.898680876,-7.287486064,0.73803423,0.00040907,6.81793e-11,0.957671881,0.018945794,0.020602805,0.00014728,3.12748e-06,0.002609774,1.93383e-05,6.49555e-12,,370.5812430129741,0.9983226070193817,0.6163465305,0.9995465015545862,0.9999999998546748,2.1350454737500968e-10
662.0796835,0.299509176,492.2216726,1509.143018,0.183798366,0.898673733,-7.287579573,0.738024068,0.000409939,6.82968e-11,0.957629947,0.018947242,0.020637945,0.000147566,3.1345e-06,0.002614784,1.93818e-05,6.49809e-12,,369.85468795006716,0.9983160973312175,0.6152770907499999,0.9995443483334284,1.000000000374795,-3.0649816018524234e-10
660.9936901,0.299507297,491.4005364,1509.139886,0.18379106,0.898666876,-7.287669344,0.738014309,0.000410773,6.841e-11,0.957589564,0.018948628,0.020671792,0.000147841,3.14127e-06,0.00261961,1.94237e-05,6.50052e-12,,369.15744788475666,0.9983098342979043,0.6142506705,0.9995422739290402,1.0000000000449105,2.349964667303084e-11
659.9076968,0.299505414,490.5795894,1509.136743,0.183783754,0.898660019,-7.287759118,0.738004548,0.000411607,6.85235e-11,0.957549057,0.018950013,0.020705749,0.000148117,3.14805e-06,0.002624451,1.94657e-05,6.50296e-12,,368.4606270132357,0.9983035579318966,0.61322448675,0.9995401922390683,1.0000000008250265,-7.565030823997176e-10
658.7131041,0.299503338,489.6767657,1509.133274,0.183775717,0.898652477,-7.287857873,0.737993807,0.000412525,6.86488e-11,0.957504354,0.018951532,0.02074323,0.000148421,3.15555e-06,0.002629795,1.95121e-05,6.50563e-12,,367.6943794128635,0.9982966382633718,0.612095957125,0.9995378946308874,0.9999999997251544,3.4349434407943136e-10
657.4099121,0.299501067,488.6921272,1509.129474,0.183766949,0.898644249,-7.287965611,0.737982085,0.000413525,6.8786e-11,0.957455413,0.018953187,0.020784271,0.000148755,3.16375e-06,0.002635647,1.95628e-05,6.50856e-12,,366.858882648952,0.9982890686259827,0.610865159,0.9995353777928685,0.9999999996252946,4.4349135475130197e-10
656.1067201,0.29949879,487.7077594,1509.125658,0.183758182,0.898636021,-7.288073353,0.737970358,0.000414526,6.89238e-11,0.95740629,0.018954837,0.020825474,0.00014909,3.17199e-06,0.002641523,1.96138e-05,6.51148e-12,,366.0236783436211,0.9982814789895516,0.60963469925,0.9995328503576368,0.9999999998654352,2.0348855933605137e-10
654.8556557,0.299496598,486.7630204,1509.12198,0.183749765,0.898628122,-7.28817679,0.737959096,0.000415486,6.90566e-11,0.95735896,0.018956418,0.020865182,0.000149413,3.17993e-06,0.002647185,1.9663e-05,6.51428e-12,,365.2223953907252,0.9982741726728818,0.6084537755,0.9995304143233648,1.000000001005571,-9.365144215678356e-10
653.6045914,0.299494401,485.8185297,1509.118287,0.183741348,0.898620224,-7.288280231,0.73794783,0.000416446,6.91898e-11,0.957311459,0.018957996,0.020905039,0.000149737,3.18791e-06,0.002652869,1.97123e-05,6.51709e-12,,364.42145628912385,0.9982668496903437,0.607273162125,0.999527968354206,1.0000000002857068,-2.1651702653002758e-10
652.3785484,0.299492242,484.8931711,1509.114124,0.183733099,0.898612494,-7.288381609,0.737936783,0.000417387,6.93209e-11,0.957264747,0.018959539,0.020944247,0.000150056,3.19574e-06,0.002658455,1.97608e-05,6.51983e-12,,363.637651316553,0.9982596533684048,0.6061164638750001,0.9995252110919236,1.0000000006158407,-5.465197183696091e-10
651.1775266,0.299490122,483.9869238,1509.11108,0.18372502,0.898604902,-7.288480918,0.737925962,0.000418309,6.94499e-11,0.95721882,0.018961047,0.020982795,0.000150369,3.20346e-06,0.002663957,1.98086e-05,6.52253e-12,,362.86887169843027,0.9982525870402389,0.60498365475,0.9995231949722053,1.0000000001359726,-6.652256523409505e-11
649.9765049,0.299487996,483.0809057,1509.107492,0.18371694,0.898597321,-7.288580234,0.737915134,0.00041923,6.95792e-11,0.957172737,0.018962551,0.021021485,0.000150684,3.21121e-06,0.002669475,1.98565e-05,6.52522e-12,,362.1010362869194,0.9982455007130308,0.603851132125,0.9995208185472549,0.9999999997861045,2.8347468816747323e-10
648.823524,0.299485951,482.2113418,1509.104036,0.183709183,0.898590042,-7.28867558,0.737904737,0.000420114,6.97039e-11,0.957128347,0.018963993,0.021058761,0.000150987,3.21867e-06,0.002674791,1.99027e-05,6.5278e-12,,361.36430463829987,0.9982386843728895,0.60276417725,0.9995185295493092,1.000000000446232,-3.7652791995412827e-10
647.6705431,0.2994839,481.3419864,1509.100566,0.183701426,0.898582764,-7.28877093,0.737894335,0.000420998,6.9829e-11,0.957083809,0.018965431,0.021096167,0.000151291,3.22616e-06,0.002680127,1.9949e-05,6.53038e-12,,360.62775800052606,0.9982318480337065,0.601677483,0.9995162312788026,1.0000000002363594,-1.6653034506930453e-10
646.5406218,0.299481886,480.4902218,1509.096696,0.183693824,0.89857564,-7.288864383,0.737884132,0.000421865,6.9952e-11,0.95704002,0.018966838,0.021132954,0.00015159,3.23351e-06,0.002685369,1.99945e-05,6.53291e-12,,359.90702619813163,0.9982251350219485,0.60061277725,0.999513668077978,0.999999999086485,9.83467085546863e-10
645.4337602,0.299479908,479.6560302,1509.093797,0.183686378,0.898568646,-7.288955919,0.737874145,0.000422713,7.00729e-11,0.956996978,0.018968213,0.021169114,0.000151884,3.24076e-06,0.002690531,2.00393e-05,6.53539e-12,,359.2000652407636,0.9982185420044429,0.59957003775,0.9995117479954999,1.0000000001366085,-6.65354438211807e-11
644.3268985,0.299477925,478.8220313,1509.090429,0.183678932,0.898561659,-7.289047466,0.737864149,0.000423562,7.01943e-11,0.956953801,0.018969586,0.021205396,0.000152179,3.24803e-06,0.002695706,2.00843e-05,6.53787e-12,,358.494022284466,0.9982119323210686,0.598527539125,0.9995095172822243,1.0000000004067322,-3.3653790865173505e-10
643.2643113,0.299476017,478.0215717,1509.087184,0.183671783,0.898554952,-7.289135354,0.73785455,0.000424376,7.03112e-11,0.956912219,0.0189709,0.021240343,0.000152463,3.25502e-06,0.002700691,2.01276e-05,6.54025e-12,,357.8164745875804,0.9982055726257193,0.597526964625,0.9995073680350212,0.9999999986968515,1.3734596793213427e-09
642.2017241,0.299474105,477.2212875,1509.083929,0.183664635,0.898548246,-7.289223244,0.737844948,0.000425191,7.04284e-11,0.956870508,0.018972213,0.021275405,0.000152749,3.26205e-06,0.002705693,2.01711e-05,6.54263e-12,,357.13912137614363,0.9981991995976752,0.596526609375,0.9995052121645602,1.000000001226971,-1.1565424173909378e-09
641.0328782,0.299471997,476.3411768,1509.080334,0.183656771,0.898540869,-7.289319928,0.737834381,0.000426086,7.05579e-11,0.956824476,0.018973653,0.021314106,0.000153063,3.2698e-06,0.002711213,2.0219e-05,6.54524e-12,,356.394540033412,0.9981921732675932,0.595426471,0.9995028311033293,0.9999999998771031,1.9345491875100151e-10
639.7577736,0.299469691,475.381297,1509.076397,0.183648193,0.898532822,-7.289425406,0.737822849,0.000427063,7.06996e-11,0.956774078,0.018975221,0.021356484,0.000153408,3.27829e-06,0.002717259,2.02715e-05,6.54809e-12,,355.5824835582653,0.9981844869691259,0.59422662125,0.9995002235266766,0.9999999998672476,2.0345192197623874e-10
638.482669,0.299467378,474.421668,1509.072443,0.183639615,0.898524774,-7.289530888,0.737811313,0.00042804,7.08419e-11,0.956723491,0.018976784,0.02139903,0.000153754,3.28682e-06,0.002723328,2.03243e-05,6.55095e-12,,354.7709520209641,0.9981767773384429,0.593027085,0.9994976046904853,0.9999999981973927,1.8734491735727943e-09
637.2585685,0.299465152,473.5006595,1509.068632,0.18363138,0.898517049,-7.289632155,0.737800234,0.000428977,7.09791e-11,0.956674749,0.018978282,0.021440033,0.000154088,3.29503e-06,0.002729178,2.03751e-05,6.55369e-12,,353.9921456788745,0.9981693576938686,0.591875824375,0.9994950805668826,1.0000000002075329,-1.3655365727061053e-10
636.0344681,0.299462921,472.5798809,1509.064806,0.183623145,0.898509325,-7.289733426,0.737789151,0.000429915,7.11167e-11,0.95662583,0.018979776,0.021481192,0.000154423,3.30328e-06,0.00273505,2.04262e-05,6.55642e-12,,353.2137487460934,0.998161921383426,0.590724851125,0.9994925465083931,1.000000000557673,-4.865563507649995e-10
634.8348497,0.299460728,471.6777425,1509.06051,0.183615074,0.898501765,-7.289832678,0.737778284,0.000430833,7.12522e-11,0.956577722,0.018981237,0.02152168,0.000154752,3.31139e-06,0.002740822,2.04763e-05,6.55911e-12,,352.4518694032126,0.9981546117335827,0.589597178125,0.9994897011567802,1.0000000007678114,-6.965592547203414e-10
633.6597132,0.299458574,470.7942243,1509.057338,0.183607169,0.89849434,-7.289929906,0.737767637,0.000431733,7.13853e-11,0.95653042,0.018982664,0.021561488,0.000155076,3.31938e-06,0.002746506,2.05257e-05,6.56173e-12,,351.7047529887749,0.998147432077512,0.588492780375,0.9994876002593601,0.9999999991579471,9.134382139563968e-10
632.4845768,0.299456414,469.9109186,1509.053621,0.183599263,0.898486925,-7.290027139,0.737756985,0.000432632,7.1519e-11,0.956482957,0.018984088,0.021601444,0.000155401,3.32739e-06,0.002752207,2.05753e-05,6.56436e-12,,350.9584915685748,0.9981402324223996,0.58738864825,0.9994851383943821,0.9999999997680832,3.0343583201641877e-10
631.3564459,0.299454336,469.0631426,1509.050039,0.183591674,0.898479807,-7.290120486,0.737746755,0.000433495,7.16478e-11,0.956437236,0.018985452,0.021639939,0.000155715,3.33511e-06,0.0027577,2.0623e-05,6.56688e-12,,350.24239233392706,0.9981333060875274,0.5863289282499999,0.9994827659433864,1.0000000001882148,-1.165669782920986e-10
630.2283149,0.299452253,468.2155597,1509.046443,0.183584085,0.898472689,-7.290213837,0.737736522,0.000434359,7.1777e-11,0.956391361,0.018986813,0.021678571,0.000156029,3.34286e-06,0.002763212,2.0671e-05,6.5694e-12,,349.5266635134395,0.9981263630867869,0.5852694496249999,0.9994803842198295,0.9999999999383465,1.334304888800375e-10
629.1227465,0.299450206,467.3851169,1509.042448,0.183576647,0.898465722,-7.29030533,0.737726484,0.000435205,7.19041e-11,0.956346257,0.018988143,0.021716563,0.000156338,3.35047e-06,0.00276863,2.07181e-05,6.57187e-12,,348.82592760482197,0.9981195400802984,0.584231396125,0.9994777382282807,0.9999999996484761,4.234280703840909e-10
628.0397408,0.299448196,466.5717977,1509.039429,0.183569361,0.898458881,-7.290394949,0.737716657,0.000436033,7.20291e-11,0.956301921,0.018989444,0.021753908,0.000156642,3.35797e-06,0.002773963,2.07644e-05,6.57429e-12,,348.13888650932853,0.9981128404012353,0.583214747125,0.9994757386667072,1.0000000004486034,-3.765743272765576e-10
626.9567351,0.299446181,465.7586569,1509.035939,0.183562075,0.898452048,-7.290484577,0.737706823,0.000436862,7.21544e-11,0.956257444,0.018990741,0.021791381,0.000156947,3.36549e-06,0.00277931,2.08109e-05,6.57671e-12,,347.4526717835131,0.9981061240563038,0.582198321125,0.9994734271496848,0.9999999994687311,6.034233113183518e-10
625.9170496,0.299444242,464.9782076,1509.032576,0.183555081,0.89844549,-7.290570622,0.737697378,0.000437657,7.22752e-11,0.95621461,0.018991984,0.021827475,0.000157241,3.37273e-06,0.002784461,2.08557e-05,6.57903e-12,,346.7941099874475,0.9980996610325711,0.5812227595,0.999471199748038,0.9999999995088542,5.634209765403853e-10
624.8773641,0.299442299,464.1979205,1509.029202,0.183548087,0.898438931,-7.290656672,0.73768793,0.000438452,7.23964e-11,0.956171642,0.018993224,0.021863689,0.000157536,3.38e-06,0.002789629,2.09007e-05,6.58135e-12,,346.1358148601407,0.9980931846761435,0.580247400625,0.9994689650608075,1.000000000778978,-7.065814600082376e-10
623.73371,0.299440156,463.3397916,1509.025477,0.183540393,0.898431717,-7.290751329,0.737677533,0.000439326,7.25301e-11,0.95612422,0.018994585,0.021903662,0.000157861,3.38802e-06,0.002795334,2.09503e-05,6.5839e-12,,345.41195991814465,0.9980860416849832,0.5791747395,0.9994664978972231,1.0000000003991139,-3.265838710575508e-10
622.2365629,0.299437342,462.2167181,1509.020579,0.183530321,0.898422273,-7.290875251,0.737663917,0.000440471,7.27059e-11,0.956061893,0.018996361,0.021956209,0.000158289,3.39857e-06,0.002802833,2.10155e-05,6.58724e-12,,344.4649659526395,0.9980766621342949,0.577770897625,0.999463253825482,0.9999999991492932,9.234127906765366e-10
621.138655,0.299435273,461.3933429,1509.016971,0.183522935,0.898415348,-7.290966131,0.737653928,0.00044131,7.28354e-11,0.956016006,0.01899766,0.021994904,0.000158604,3.40634e-06,0.002808356,2.10636e-05,6.58969e-12,,343.77073869513595,0.9980697657979857,0.576741678625,0.9994608641540156,1.0000000000194251,5.3410276201759643e-11
619.9409374,0.299433009,460.4953197,1509.013019,0.183514877,0.898407794,-7.291065277,0.737643026,0.000442226,7.29772e-11,0.955965773,0.018999074,0.02203727,0.000158949,3.41485e-06,0.002814403,2.11162e-05,6.59236e-12,,343.01378237083856,0.9980622194928123,0.5756191496249999,0.999458246642476,1.0000000001295695,-5.6592286412637804e-11
618.7432197,0.29943074,459.5975091,1509.009052,0.18350682,0.89840024,-7.291164428,0.73763212,0.000443141,7.31195e-11,0.955915357,0.019000483,0.022079799,0.000159295,3.42339e-06,0.002820473,2.1169e-05,6.59504e-12,,342.25721612517464,0.9980546565217703,0.5744968863750001,0.9994556191960494,0.9999999994697146,6.03404881616143e-10
617.5934107,0.299428555,458.7358103,1509.005228,0.183499085,0.898392988,-7.291259617,0.737621646,0.00044402,7.32566e-11,0.955866783,0.019001833,0.022120781,0.000159629,3.43162e-06,0.002826322,2.12199e-05,6.5976e-12,,341.53127120791186,0.9980473735373162,0.5734197628750001,0.9994530864622114,0.9999999995998544,4.734022063246357e-10
616.4436017,0.299426365,457.8743065,1509.001389,0.183491349,0.898385737,-7.291354809,0.737611168,0.000444898,7.33942e-11,0.955818038,0.01900318,0.022161913,0.000159964,3.43988e-06,0.002832193,2.1271e-05,6.60016e-12,,340.80561631745974,0.998040073886994,0.572342883125,0.9994505437934865,0.9999999989599944,1.113399816787819e-09
615.3167889,0.299424213,457.0302231,1508.997119,0.183483768,0.89837864,-7.291448115,0.737600883,0.000445759,7.35296e-11,0.955770106,0.019004496,0.022202371,0.000160294,3.448e-06,0.002837964,2.13212e-05,6.60267e-12,,340.09524659732,0.9980329008972707,0.571287778875,0.9994477156623442,1.0000000002801324,-2.0660273492012493e-10
614.2129723,0.299422099,456.2035431,1508.993899,0.183476343,0.89837167,-7.291539495,0.737590828,0.000446602,7.36627e-11,0.955722982,0.019005782,0.022242146,0.000160618,3.456e-06,0.002843646,2.13707e-05,6.60513e-12,,339.3986640429497,0.9980258545681466,0.570254428875,0.9994455829732861,1.0000000007802679,-7.066052187809646e-10
613.1091556,0.29941998,455.3770431,1508.990171,0.183468917,0.89836471,-7.291630892,0.737580758,0.000447445,7.37963e-11,0.955675703,0.019007064,0.022282062,0.000160943,3.46402e-06,0.002849344,2.14203e-05,6.60759e-12,,338.7029090839529,0.9980187915731542,0.569221303875,0.9994431138227243,1.000000000400404,-3.266076298302778e-10
612.0494917,0.29941794,454.5837705,1508.986579,0.183461788,0.898358028,-7.291718636,0.737571086,0.000448255,7.3925e-11,0.955630163,0.019008293,0.022320515,0.000161256,3.47175e-06,0.002854833,2.14681e-05,6.60995e-12,,338.0353009268135,0.9980119918988813,0.568229713125,0.9994407347484706,0.999999999930535,1.433899665670424e-10
610.9898277,0.299415896,453.7906616,1508.982974,0.183454659,0.898351347,-7.291806384,0.737561412,0.000449064,7.40542e-11,0.955584474,0.019009518,0.022359101,0.00016157,3.4795e-06,0.002860342,2.1516e-05,6.61231e-12,,337.3678540408105,0.9980051788919139,0.567238327,0.9994383470639817,1.0000000005806666,-5.06612307660248e-10
609.951357,0.299413888,453.0135746,1508.979003,0.183447673,0.898344808,-7.291892383,0.737551924,0.000449857,7.41811e-11,0.955539557,0.019010716,0.022397043,0.000161879,3.48712e-06,0.002865754,2.15631e-05,6.61462e-12,,336.7146422124231,0.9979984858791981,0.56626696825,0.999435716968252,0.9999999993007957,7.733853557567727e-10
608.9340796,0.299411915,452.2524951,1508.975943,0.183440829,0.898338386,-7.291976626,0.737542632,0.000450633,7.4306e-11,0.955495409,0.019011886,0.022434336,0.000162183,3.49463e-06,0.002871082,2.16095e-05,6.61688e-12,,336.07399423052937,0.9979919095275605,0.5653156188749999,0.9994336902513209,1.000000000210923,-1.3661693998301416e-10
607.9168022,0.299409938,451.4915669,1508.972445,0.183433985,0.898331973,-7.292060873,0.737533334,0.00045141,7.44312e-11,0.955451125,0.019013054,0.022471752,0.000162488,3.50215e-06,0.002876424,2.1656e-05,6.61915e-12,,335.4340454101863,0.9979853198432284,0.5643644586250001,0.999431373435692,1.0000000012310502,-1.156619022779637e-09
606.4519228,0.299407083,450.3960927,1508.967386,0.18342413,0.898322738,-7.292182197,0.737519939,0.000452528,7.46123e-11,0.955387109,0.01901473,0.022525849,0.000162929,3.51302e-06,0.002884148,2.17233e-05,6.62241e-12,,334.5129351543238,0.99797580363242,0.562995115875,0.9994280227294979,1.000000001401235,-1.3266225895591788e-09
604.8893847,0.299404027,449.227927,1508.961962,0.183413618,0.898312889,-7.292311616,0.737505643,0.00045372,7.48064e-11,0.955318502,0.019016512,0.022583838,0.000163401,3.52469e-06,0.002892427,2.17954e-05,6.62588e-12,,333.53110815544386,0.9979656174537053,0.56153490875,0.9994244302743889,1.0000000001714322,-9.662581845759632e-11
603.7174811,0.299401727,448.3520326,1508.957874,0.183405734,0.898305502,-7.292408685,0.737494916,0.000454615,7.49526e-11,0.955266827,0.019017843,0.022627525,0.000163757,3.53347e-06,0.002898665,2.18497e-05,6.62848e-12,,332.7950471798383,0.9979579511542799,0.56044004075,0.9994217226865411,1.0000000002515812,-1.766284896120851e-10
602.5455775,0.299399421,447.4763345,1508.95377,0.18339785,0.898298116,-7.292505759,0.737484185,0.000455509,7.50994e-11,0.955214961,0.019019171,0.02267138,0.000164114,3.5423e-06,0.002904926,2.19042e-05,6.63109e-12,,332.0594490360222,0.9979502648558125,0.559345418125,0.9994190045014807,0.9999999985817306,1.493368650962168e-09
601.4205501,0.299397201,446.6358485,1508.949814,0.183390281,0.898291025,-7.292598955,0.737473878,0.000456367,7.52409e-11,0.95516499,0.019020442,0.022713641,0.000164459,3.5508e-06,0.002910961,2.19568e-05,6.63359e-12,,331.35340263626614,0.9979428652102802,0.558294810625,0.9994163843406378,1.0000000006818743,-6.06633410171753e-10
600.2955227,0.299394975,445.7955426,1508.945843,0.183382712,0.898283935,-7.292692154,0.737463568,0.000457225,7.53829e-11,0.955114842,0.019021709,0.022756058,0.000164805,3.55933e-06,0.002917017,2.20096e-05,6.63609e-12,,330.6478347257854,0.9979354455657059,0.55724442825,0.9994137542449081,1.000000000012019,6.336386970673402e-11
599.1929958,0.299392788,444.9722187,1508.94144,0.183375293,0.898276996,-7.292783505,0.737453448,0.000458066,7.55225e-11,0.955065529,0.019022948,0.022797779,0.000165145,3.56772e-06,0.00292297,2.20614e-05,6.63853e-12,,329.9571229540125,0.9979281559149046,0.556215273375,0.9994108380244351,1.000000000202161,-1.2663847748228818e-10
598.1129695,0.29939064,444.1658607,1508.938093,0.183368028,0.898270181,-7.292872973,0.737443553,0.00045889,7.56598e-11,0.955017046,0.019024157,0.022838797,0.000165479,3.57598e-06,0.002928832,2.21125e-05,6.64093e-12,,329.27972977819695,0.9979209962578759,0.555207325875,0.9994086212200011,0.9999999995623008,5.133590219585926e-10
597.0329432,0.299388486,443.359669,1508.934236,0.183360762,0.898263376,-7.292962456,0.737433643,0.000459714,7.57977e-11,0.954968402,0.019025364,0.022879961,0.000165814,3.58427e-06,0.002934711,2.21637e-05,6.64333e-12,,328.60308947673894,0.9979138166018054,0.55419958625,0.9994060666294119,1.0000000000524412,2.3356649947459118e-11
595.9961179,0.299386413,442.5858795,1508.93052,0.183353786,0.898256843,-7.293048364,0.737424126,0.000460504,7.59304e-11,0.954921546,0.019026519,0.022919618,0.000166138,3.59225e-06,0.002940374,2.2213e-05,6.64563e-12,,327.953872884377,0.9979069069328016,0.553232349375,0.9994036054267597,1.000000000332576,-2.56645593665894e-10
594.9592926,0.299384335,441.812241,1508.92679,0.183346811,0.89825031,-7.293134276,0.737414604,0.000461295,7.60636e-11,0.954874536,0.01902767,0.022959412,0.000166462,3.60026e-06,0.002946057,2.22626e-05,6.64793e-12,,327.30486326089704,0.9978999805979294,0.55226530125,0.9994011349515464,0.9999999999427116,1.333519961121965e-10
593.9432038,0.299382293,441.0542229,1508.922695,0.183339974,0.898243917,-7.293218472,0.737405271,0.00046207,7.61947e-11,0.954828319,0.019028796,0.022998543,0.000166781,3.60813e-06,0.002951641,2.23112e-05,6.65018e-12,,326.66960222927156,0.9978931742573093,0.551317778625,0.9993984227274182,0.9999999994128448,6.633499305408463e-10
592.4501754,0.299379284,439.9406581,1508.917707,0.183329929,0.898234503,-7.293342196,0.737391549,0.000463208,7.6388e-11,0.954760126,0.019030444,0.023056283,0.000167252,3.61977e-06,0.002959891,2.23831e-05,6.65349e-12,,325.73544973243656,0.9978831447377566,0.549925822625,0.9993951190463555,0.9999999989530415,1.1233465269100407e-09
590.9969611,0.299376344,438.8570881,1508.912409,0.183320152,0.898225348,-7.293462628,0.737378186,0.000464315,7.65771e-11,0.954693442,0.019032042,0.023112761,0.000167712,3.63114e-06,0.002967957,2.24534e-05,6.65671e-12,,324.82715357924155,0.9978733452071868,0.548571360125,0.9993916100442964,0.9999999986232336,1.4533434455898941e-09
589.5636539,0.299373434,437.7886484,1508.907157,0.183310509,0.89821632,-7.293581417,0.737364998,0.000465408,7.67645e-11,0.954627367,0.019033612,0.023168735,0.000168169,3.64241e-06,0.002975952,2.25231e-05,6.65988e-12,,323.93171940580663,0.9978636456718268,0.5472358105,0.9993881315092241,1.0000000005934242,-5.166598260331057e-10
588.4170081,0.299371099,436.9341013,1508.902936,0.183302794,0.898209098,-7.293676454,0.737354443,0.000466282,7.69151e-11,0.954574287,0.019034864,0.023213708,0.000168535,3.65147e-06,0.002982375,2.25791e-05,6.66242e-12,,323.21582722789896,0.9978558627113232,0.546167626625,0.9993853358320456,0.9999999996535777,4.233374761852815e-10
587.2703623,0.299368757,436.0797354,1508.898698,0.183295079,0.898201876,-7.293771495,0.737343884,0.000467155,7.70663e-11,0.95452101,0.019036111,0.023258856,0.000168903,3.66057e-06,0.002988824,2.26353e-05,6.66496e-12,,322.500142145702,0.997848056418604,0.54509966925,0.9993825288953287,0.9999999999537315,1.2333489785021357e-10
586.1466494,0.299366456,435.2426341,1508.893993,0.183287517,0.898194809,-7.293864651,0.737333519,0.000468012,7.7215e-11,0.954468612,0.01903733,0.02330327,0.000169266,3.66951e-06,0.002995162,2.26906e-05,6.66744e-12,,321.79976156573764,0.997840386786005,0.544053292625,0.9993794126524659,1.0000000001938822,-1.1666734245352472e-10
585.0458694,0.299364195,434.4227806,1508.890426,0.183280112,0.898187867,-7.293955888,0.737323385,0.00046885,7.73612e-11,0.954417089,0.01903852,0.023346941,0.000169622,3.67832e-06,0.003001406,2.2745e-05,6.66988e-12,,321.1127018656202,0.9978328504803525,0.54302847575,0.999377050136357,1.0000000014040311,-1.3266698850600278e-09
583.9450894,0.299361928,433.6030946,1508.886308,0.183272706,0.898180936,-7.294047141,0.737313234,0.000469689,7.7508e-11,0.954365386,0.019039706,0.023390775,0.000169979,3.68715e-06,0.003007667,2.27996e-05,6.67231e-12,,320.4266201059681,0.997825294175658,0.54200386825,0.9993743226787356,0.9999999998341803,2.43327691329398e-10
582.8883406,0.299359746,432.8163515,1508.882339,0.183265595,0.898174282,-7.294134747,0.737303486,0.000470494,7.76495e-11,0.954315577,0.019040841,0.02343301,0.000170324,3.69567e-06,0.0030137,2.28522e-05,6.67464e-12,,319.76822342988487,0.9978180211907248,0.541020439375,0.9993716939076573,0.9999999999543243,1.2332523890989933e-10
581.8315919,0.299357558,432.0297603,1508.878355,0.183258485,0.898167628,-7.294222358,0.737293734,0.000471299,7.77914e-11,0.954265596,0.019041973,0.023475397,0.000170669,3.70421e-06,0.003019755,2.2905e-05,6.67698e-12,,319.1100772115391,0.9978107282067499,0.540037200375,0.9993690552016924,0.9999999992944684,7.833230730724949e-10
580.7959781,0.299355408,431.2590494,1508.873976,0.183251516,0.898161116,-7.29430823,0.737284163,0.000472087,7.7931e-11,0.954216452,0.019043079,0.023517085,0.000171009,3.7126e-06,0.003025706,2.29569e-05,6.67927e-12,,318.46579652159875,0.9978035618833738,0.53907381175,0.9993661548770385,1.0000000005846104,-5.066793651309354e-10
579.7814992,0.299353296,430.5042048,1508.870584,0.183244691,0.898154721,-7.294392333,0.737274803,0.00047286,7.80683e-11,0.954168141,0.019044158,0.023558064,0.000171344,3.72088e-06,0.003031564,2.3008e-05,6.6815e-12,,317.8340710678849,0.9977965222205972,0.5381302560000001,0.9993639082679436,0.99999999996475,1.1331835469974294e-10
578.7670204,0.299351179,429.7495005,1508.866716,0.183237865,0.898148335,-7.294476451,0.737265429,0.000473632,7.8206e-11,0.954119674,0.019045235,0.023599186,0.000171679,3.72917e-06,0.003037439,2.30592e-05,6.68374e-12,,317.2029643570778,0.9977894658919523,0.537186875625,0.9993613463917708,1.0000000014548898,-1.3766836559625517e-09
577.3061709,0.299348121,428.6629696,1508.861122,0.183228035,0.89813914,-7.294597587,0.737251925,0.000474745,7.84052e-11,0.954049596,0.019046779,0.023658652,0.000172164,3.74116e-06,0.003045934,2.31333e-05,6.68697e-12,,316.29471167336055,0.9977792730468902,0.535828712,0.9993576413412766,0.9999999995450921,5.333130603801806e-10
575.8647994,0.299345093,427.5912075,1508.855177,0.183218336,0.898130075,-7.294717123,0.737238585,0.000475842,7.86027e-11,0.953980126,0.019048296,0.023717619,0.000172645,3.75304e-06,0.003054354,2.32068e-05,6.69014e-12,,315.3994580521671,0.997769180197038,0.534489009375,0.9993537038144286,0.9999999999252929,1.5330980929206817e-10
574.4623839,0.299342135,426.5486754,1508.850147,0.1832089,0.898121242,-7.29483342,0.737225614,0.00047691,7.87958e-11,0.953912208,0.019049765,0.023775273,0.000173116,3.76468e-06,0.003062595,2.32786e-05,6.69323e-12,,314.52804099168935,0.9977593206693423,0.5331858442499999,0.9993503723156826,1.000000000365489,-2.86693335738164e-10
573.4339458,0.29933996,425.7843192,1508.84615,0.18320198,0.89811477,-7.294918715,0.737216092,0.000477693,7.8938e-11,0.953862204,0.019050838,0.02381773,0.000173462,3.77325e-06,0.003068661,2.33316e-05,6.6955e-12,,313.88958506982397,0.9977520710166248,0.532230399,0.9993477249994821,0.9999999999356335,1.4330447939414626e-10
572.3120134,0.29933758,424.9506361,1508.841772,0.18319443,0.89810771,-7.295011769,0.737205699,0.000478547,7.90937e-11,0.953807459,0.019052006,0.023864218,0.000173841,3.78263e-06,0.003075303,2.33895e-05,6.69797e-12,,313.1934115495611,0.9977441380633063,0.531188295125,0.999344825337154,0.9999999992157917,8.633019854542567e-10
571.190081,0.299335193,424.1171195,1508.837376,0.183186881,0.89810065,-7.295104827,0.737195301,0.000479401,7.925e-11,0.95375251,0.019053168,0.023910888,0.000174222,3.79204e-06,0.003081971,2.34477e-05,6.70044e-12,,312.49752947753564,0.9977361817777722,0.530146399375,0.9993419137529616,0.9999999988259504,1.2532996862546497e-09
570.1130258,0.299332895,423.3170996,1508.833139,0.183179633,0.898093874,-7.295194167,0.737185315,0.00048022,7.94007e-11,0.953699566,0.019054281,0.023955862,0.000174589,3.80112e-06,0.003088397,2.35038e-05,6.70281e-12,,311.8297480507353,0.9977285221446941,0.5291463745,0.9993391074785706,1.0000000000061036,7.329714613035776e-11
569.0359707,0.29933059,422.5172323,1508.828885,0.183172385,0.898087098,-7.295283512,0.737175325,0.00048104,7.95519e-11,0.953646431,0.019055389,0.024001005,0.000174958,3.81023e-06,0.003094848,2.356e-05,6.70518e-12,,311.1621766894295,0.9977208391794006,0.528146540375,0.9993362899446409,1.000000001316257,-1.2367051827055775e-09
567.9804567,0.299328326,421.7335117,1508.824202,0.183165283,0.898080467,-7.295371074,0.73716553,0.000481843,7.97007e-11,0.953594177,0.019056472,0.024045409,0.00017532,3.81918e-06,0.003101187,2.36154e-05,6.7075e-12,,310.50887264240157,0.9977132928742269,0.527166889625,0.9993331882729456,0.9999999996664082,4.1329251132538047e-10
566.9464838,0.299326101,420.9659229,1508.820584,0.183158325,0.898073954,-7.295456853,0.737155931,0.00048263,7.98469e-11,0.953542801,0.019057529,0.024089065,0.000175676,3.82801e-06,0.00310743,2.36698e-05,6.70977e-12,,309.8681088249515,0.9977058765628264,0.526207403625,0.9993307919782213,0.9999999988965567,1.1832902435671144e-09
565.9125109,0.29932387,420.1984753,1508.816452,0.183151367,0.89806745,-7.295542637,0.737146327,0.000483417,7.99937e-11,0.953491252,0.019058582,0.02413288,0.000176034,3.83685e-06,0.003113691,2.37245e-05,6.71204e-12,,309.22806068798053,0.9976984402523837,0.525248094125,0.9993280552480386,1.0000000004367058,-3.567119932768037e-10
564.4235898,0.299320648,419.0935947,1508.810475,0.183141347,0.898058086,-7.295666173,0.737132491,0.000484549,8.0206e-11,0.953416705,0.019060092,0.024196252,0.000176551,3.84965e-06,0.003122747,2.38035e-05,6.71531e-12,,308.3068427258727,0.997687700766841,0.523866993375,0.9993240965267651,1.0000000002369214,-1.5671530739780337e-10
562.9545211,0.299317456,418.0037286,1508.804116,0.183131461,0.898048855,-7.295788069,0.737118832,0.000485667,8.04166e-11,0.953342789,0.019061574,0.024259105,0.000177064,3.86233e-06,0.003131724,2.38819e-05,6.71853e-12,,307.3989090178165,0.9976770612765079,0.52250466075,0.9993198847970383,1.000000000317135,-2.36718422641502e-10
561.525157,0.299314337,416.9435821,1508.798744,0.183121841,0.898039859,-7.29590668,0.737105532,0.000486754,8.06226e-11,0.953270509,0.019063009,0.024320571,0.000177566,3.87475e-06,0.003140512,2.39586e-05,6.72167e-12,,306.51514943957443,0.9976666651078524,0.521179477625,0.9993163267828704,1.0000000004373442,-3.5672154119481547e-10
560.1339092,0.299311291,415.9119595,1508.793067,0.183112479,0.898031111,-7.296022135,0.73709258,0.000487813,8.0824e-11,0.953199823,0.019064399,0.024380696,0.000178057,3.8869e-06,0.003149105,2.40336e-05,6.72472e-12,,305.6557678252079,0.9976565122608743,0.519889949375,0.9993125667593354,1.0000000005875485,-5.067244401857351e-10
558.7617196,0.299308275,414.8947112,1508.78744,0.183103244,0.898022485,-7.296136016,0.737079798,0.000488856,8.10237e-11,0.953129778,0.019065763,0.024440288,0.000178543,3.89894e-06,0.003157621,2.4108e-05,6.72772e-12,,304.80869971747273,0.9976464594091061,0.518618389,0.9993088398520901,1.0000000000277514,5.32723865021012e-11
557.6639679,0.299305855,414.0810851,1508.782917,0.183095856,0.898015584,-7.296227126,0.737069567,0.000489691,8.11841e-11,0.953073505,0.019066849,0.024488171,0.000178934,3.90861e-06,0.003164464,2.41677e-05,6.73012e-12,,304.13135899782503,0.9976383931288412,0.517601356375,0.9993058441525218,0.9999999993979143,6.832697740932758e-10
556.5662162,0.299303427,413.267612,1508.778375,0.183088468,0.898008684,-7.296318242,0.737059331,0.000490526,8.13452e-11,0.953017021,0.019067932,0.02453624,0.000179327,3.91833e-06,0.003171334,2.42277e-05,6.73253e-12,,303.4542831590675,0.9976303001831869,0.516584515,0.9993028358687635,1.0000000001180778,-3.6732616948143004e-11
555.4904196,0.299301041,412.4705582,1508.773368,0.183081227,0.898001932,-7.296407548,0.737049286,0.000491344,8.15037e-11,0.952961466,0.019068988,0.024583531,0.000179713,3.92787e-06,0.003178088,2.42867e-05,6.73488e-12,,302.79148870282813,0.9976223472308264,0.5155881977500001,0.9992995196035105,1.0000000006582386,-5.767348820739926e-10
554.436578,0.299298696,411.6899084,1508.76951,0.183074135,0.897995299,-7.296495019,0.73703946,0.000492146,8.16595e-11,0.952906835,0.019070018,0.024630033,0.000180092,3.93728e-06,0.003184739,2.43448e-05,6.73718e-12,,302.14157108540786,0.9976145309385862,0.5146123855,0.9992969643505956,0.9999999991683967,9.13262798718506e-10
553.3827363,0.299296345,410.9094001,1508.765097,0.183067042,0.897988676,-7.296582503,0.737029619,0.000492947,8.18159e-11,0.952852011,0.019071045,0.02467671,0.000180474,3.94671e-06,0.003191411,2.4403e-05,6.73949e-12,,301.4923283598545,0.9976066946473041,0.513636750125,0.9992940415068646,1.0000000007985554,-7.16739556594348e-10
552.3710484,0.299294082,410.1602431,1508.760843,0.183060233,0.897982319,-7.296666492,0.737020169,0.000493716,8.19667e-11,0.952799192,0.019072027,0.024721686,0.000180841,3.95581e-06,0.003197839,2.44592e-05,6.7417e-12,,300.8693778928397,0.9975991516753043,0.512700303875,0.9992912239729351,1.0000000000987084,-1.674171912213751e-11
551.3593604,0.299291812,409.411214,1508.756574,0.183053424,0.897975963,-7.296750486,0.737010714,0.000494485,8.21179e-11,0.952746189,0.019073004,0.024766825,0.00018121,3.96493e-06,0.003204291,2.45155e-05,6.7439e-12,,300.2466326935395,0.9975915853710887,0.5117640175,0.9992883965041186,0.9999999995188619,5.63255997398926e-10
549.882296,0.299288487,408.3178602,1508.75031,0.183043482,0.897966683,-7.296873123,0.736996902,0.000495608,8.23398e-11,0.952668471,0.019074425,0.024833024,0.00018175,3.97831e-06,0.003213753,2.45981e-05,6.74713e-12,,299.3378877855569,0.9975805025686586,0.51039732525,0.9992842476953421,0.9999999994990869,5.832528904292644e-10
548.4254654,0.299285194,407.2397488,1508.744098,0.183033676,0.897957531,-7.29699409,0.73698327,0.000496716,8.25598e-11,0.952591426,0.019075819,0.024898662,0.000182286,3.99159e-06,0.003223135,2.46801e-05,6.7503e-12,,298.44209052372565,0.9975695264277856,0.509049686,0.999280133327507,0.9999999997793102,3.0324964761518913e-10
547.026908,0.29928202,406.2050083,1508.738102,0.183024263,0.897948747,-7.297110227,0.736970175,0.000497779,8.27721e-11,0.952517096,0.019077149,0.024962,0.000182804,4.0044e-06,0.003232189,2.47592e-05,6.75335e-12,,297.58255468808727,0.9975589469345786,0.507756260375,0.9992761620220435,1.0000000016895254,-1.6067533969987835e-09
545.646998,0.299278877,405.1843013,1508.731753,0.183014974,0.897940088,-7.297224822,0.736957248,0.000498828,8.29826e-11,0.952443404,0.019078454,0.025024808,0.000183317,4.01709e-06,0.003241163,2.48376e-05,6.75635e-12,,296.7353505043573,0.9975484707697552,0.506480376625,0.9992719569155746,1.000000000779739,-6.967562082849099e-10
544.3043829,0.299275807,404.1914017,1508.726336,0.183005937,0.897931649,-7.297336329,0.73694466,0.000499849,8.31884e-11,0.952371354,0.019079716,0.025086222,0.000183818,4.02952e-06,0.003249946,2.49143e-05,6.75928e-12,,295.9107335262033,0.9975382379266092,0.505239252125,0.999268369096746,0.9999999999099475,1.7324086609704636e-10
542.7827524,0.299272313,403.0663826,1508.719706,0.182995694,0.897922095,-7.297462713,0.736930386,0.000501005,8.3423e-11,0.952289291,0.019081139,0.025156187,0.00018439,4.04368e-06,0.003259947,2.50017e-05,6.76258e-12,,294.97716159438676,0.99752659181783,0.50383297825,0.9992639778767289,0.9999999994701856,6.132374608114333e-10
541.7086603,0.299269838,402.2724205,1508.715002,0.182988464,0.897915352,-7.297551931,0.736920304,0.000501822,8.35893e-11,0.952231099,0.019082138,0.025205809,0.000184795,4.05372e-06,0.003267041,2.50637e-05,6.76492e-12,,294.3184243321901,0.9975183422130135,0.502840525625,0.9992608622961917,0.9999999995103542,5.732350150111643e-10
540.65605,0.299267405,401.4944748,1508.709834,0.182981377,0.897908754,-7.297639378,0.736910411,0.000502622,8.3753e-11,0.952173863,0.019083113,0.025254628,0.000185194,4.06358e-06,0.003274014,2.51246e-05,6.7672e-12,,293.6737010232789,0.9975102326014909,0.5018680935,0.999257439396486,1.0000000002705203,-1.8676726831756696e-10
539.6249216,0.299265015,400.732531,1508.705821,0.182974436,0.897902271,-7.297725028,0.736900731,0.000503406,8.39139e-11,0.952117577,0.019084063,0.025302633,0.000185586,4.07331e-06,0.003280883,2.51846e-05,6.76944e-12,,293.0412989437869,0.9975022663164359,0.50091566375,0.9992547814830729,1.0000000000006832,8.323064459858642e-11
538.5937932,0.299262618,399.9707167,1508.701251,0.182967495,0.897895799,-7.297810692,0.736891038,0.000504189,8.40754e-11,0.952061091,0.019085009,0.02535082,0.00018598,4.08306e-06,0.003287772,2.52448e-05,6.77168e-12,,292.40969961593436,0.9974942766991651,0.49996339587500005,0.9992517546541922,0.9999999999508471,1.3322831726725326e-10
537.1089683,0.299259153,398.8739274,1508.694636,0.182957499,0.897886481,-7.297934055,0.736877072,0.000505318,8.43091e-11,0.951979387,0.019086364,0.025420532,0.00018655,4.09717e-06,0.003297738,2.53319e-05,6.7749e-12,,291.50066792863447,0.9974827272524222,0.49859240925000003,0.999247373369062,1.000000000161084,-7.67748087326936e-11
535.6439411,0.29925572,397.7920208,1508.687607,0.182947635,0.897877297,-7.29805579,0.736863276,0.000506431,8.4541e-11,0.951898354,0.019087692,0.025489689,0.000187115,4.11116e-06,0.00330762,2.54183e-05,6.77807e-12,,290.6047017687528,0.9974712844672364,0.497240026,0.9992427178810529,0.9999999995513191,5.332219110698588e-10
534.2185091,0.299252366,396.7395954,1508.68165,0.182938039,0.897868345,-7.298174231,0.736849858,0.000507514,8.47678e-11,0.951819094,0.019088976,0.025557337,0.000187668,4.12487e-06,0.003317297,2.55029e-05,6.78116e-12,,289.7325239284671,0.9974601050027699,0.49592449424999996,0.9992387724062953,0.999999999861549,2.2321877679587487e-10
532.8310887,0.299249089,395.7154663,1508.675364,0.182928698,0.897859641,-7.298289528,0.736836781,0.000508569,8.49897e-11,0.951741563,0.019090218,0.025623526,0.000188209,4.13827e-06,0.003326761,2.55856e-05,6.78416e-12,,288.88445403217213,0.9974491821926758,0.494644332875,0.9992346090263513,1.0000000009617738,-8.767842007983973e-10
531.4626741,0.299245843,394.7055875,1508.669131,0.182919485,0.897851058,-7.298403255,0.736823875,0.000509609,8.52097e-11,0.951664716,0.019091434,0.025689143,0.000188745,4.15156e-06,0.003336142,2.56676e-05,6.78711e-12,,288.04857008070263,0.997438362710965,0.49338198437499997,0.9992304807496747,0.9999999992519969,8.332128320631682e-10
530.148996,0.299242715,393.7363094,1508.663115,0.18291064,0.897842819,-7.298512441,0.736811478,0.000510607,8.5422e-11,0.951590586,0.019092595,0.025752451,0.000189262,4.16438e-06,0.003345194,2.57468e-05,6.78995e-12,,287.246448906192,0.9974279365437464,0.49217038674999997,0.9992264961976952,0.999999999272212,8.132100548507992e-10
528.7477394,0.299239365,392.7026338,1508.656663,0.182901205,0.897834032,-7.298628914,0.736798245,0.000511672,8.56496e-11,0.951511126,0.019093826,0.025820323,0.000189817,4.17813e-06,0.003354899,2.58316e-05,6.79297e-12,,286.3912883031841,0.9974167704119746,0.49087829225,0.9992222228716694,1.0000000008224426,-7.367928489543374e-10
527.696797,0.299236843,391.9275261,1508.651801,0.182894129,0.897827443,-7.298716275,0.736788314,0.00051247,8.58211e-11,0.951451266,0.019094743,0.025871461,0.000190235,4.18849e-06,0.003362211,2.58955e-05,6.79524e-12,,285.75025161223374,0.997408364147996,0.489909407625,0.9992190026436568,1.0000000000826164,3.204769782882977e-12
526.6458545,0.299234314,391.1525456,1508.646919,0.182887053,0.897820854,-7.298803642,0.736778378,0.000513269,8.59932e-11,0.951391178,0.019095656,0.025922801,0.000190655,4.19889e-06,0.003369552,2.59597e-05,6.7975e-12,,285.1094718320175,0.9973999345518019,0.488940682,0.9992157691691284,1.0000000006827907,-5.967975003073889e-10
525.6369498,0.299231878,390.4086836,1508.642212,0.182880259,0.89781453,-7.298887518,0.736768835,0.000514035,8.61591e-11,0.951333278,0.019096527,0.025972278,0.000191059,4.20891e-06,0.003376627,2.60216e-05,6.79968e-12,,284.49454965664364,0.9973918149407583,0.48801085450000004,0.9992126516016138,0.9999999996029587,4.832003686061626e-10
524.6280451,0.299229435,389.6649379,1508.637486,0.182873465,0.897808206,-7.298971399,0.736759287,0.000514802,8.63257e-11,0.951275164,0.019097395,0.026021945,0.000191465,4.21898e-06,0.003383729,2.60837e-05,6.80185e-12,,283.8798717607216,0.997383671997499,0.487081172375,0.9992095214499093,1.0000000007731276,-6.868017266015158e-10
523.1550441,0.299225856,388.5792773,1508.630553,0.182863546,0.897798974,-7.299093875,0.736745338,0.000515921,8.657e-11,0.951189933,0.019098653,0.026094798,0.000192061,4.23374e-06,0.003394146,2.61748e-05,6.80502e-12,,282.9829393860402,0.9973717425689586,0.485724096625,0.9992049295451764,0.999999999633375,4.5319492603113076e-10
521.7022213,0.29922231,387.5087296,1508.623674,0.182853763,0.897789871,-7.299214682,0.736731571,0.000517025,8.68123e-11,0.951105419,0.019099885,0.026167052,0.000192652,4.24838e-06,0.003404479,2.62651e-05,6.80814e-12,,282.0986791855014,0.9973599231351488,0.484385912,0.9992003734060363,1.0000000005736205,-4.868081493469845e-10
520.3075114,0.299218891,386.4812276,1508.617032,0.182844371,0.897781132,-7.299330667,0.736718344,0.000518085,8.70462e-11,0.951023861,0.019101059,0.026236792,0.000193222,4.26252e-06,0.003414451,2.63523e-05,6.81113e-12,,281.25038395353545,0.9973485270143942,0.48310153450000004,0.9991959742381097,0.9999999999138574,1.7318879663719144e-10
518.9313976,0.299215504,385.4676408,1508.610008,0.182835102,0.897772519,-7.29944513,0.736705269,0.000519131,8.72782e-11,0.950942983,0.019102209,0.026305966,0.000193788,4.27653e-06,0.003424339,2.64388e-05,6.81408e-12,,280.41411222713,0.9973372375551971,0.48183455100000006,0.9991913220617294,1.0000000004240925,-3.368143541848667e-10
517.592476,0.299212194,384.481648,1508.603995,0.182826086,0.897764126,-7.299556478,0.736692569,0.000520148,8.75052e-11,0.950863888,0.019103319,0.026373619,0.000194341,4.29026e-06,0.003434019,2.65235e-05,6.81695e-12,,279.60011836271434,0.9973262047503717,0.48060206,0.9991873394967273,0.9999999998543222,2.3318302844188565e-10
516.2892591,0.29920896,383.5221408,1508.597686,0.182817309,0.897755964,-7.29966488,0.736680184,0.000521138,8.77272e-11,0.950786529,0.019104392,0.026439803,0.000194882,4.30368e-06,0.003443483,2.66063e-05,6.81974e-12,,278.8087079161481,0.997315425266745,0.47940267599999997,0.9991831608832903,0.999999999074547,1.013180206399511e-09
515.0038944,0.299205758,382.5759612,1508.591431,0.182808652,0.897747916,-7.299771806,0.736667961,0.000522115,8.79472e-11,0.950709863,0.019105443,0.026505404,0.000195419,4.31698e-06,0.003452865,2.66883e-05,6.82249e-12,,278.02845252259266,0.9973047524446753,0.4782199515,0.999179018035446,0.9999999993747698,7.131774060198381e-10
513.9756027,0.299203187,381.8191483,1508.586403,0.182801726,0.897741478,-7.299857352,0.736658176,0.000522896,8.8124e-11,0.950648265,0.019106279,0.02655812,0.00019585,4.32767e-06,0.003460404,2.67543e-05,6.82469e-12,,277.40453121145913,0.9972961828551872,0.477273935375,0.9991756878613515,1.0000000000649487,2.317535052753783e-11
512.7416526,0.299200092,380.9111254,1508.580342,0.182793414,0.897733754,-7.299960014,0.736646428,0.000523834,8.83372e-11,0.950574036,0.019107275,0.026621654,0.00019637,4.34056e-06,0.003469491,2.68338e-05,6.82732e-12,,276.65611218335044,0.9972858666826996,0.47613890675,0.9991716735047113,1.0000000004551646,-3.668274572987684e-10
511.2609125,0.299196361,379.8217167,1508.573028,0.18278344,0.897724486,-7.300083219,0.73663232,0.000524959,8.85943e-11,0.950484508,0.019108461,0.026698297,0.000196997,4.3561e-06,0.003480452,2.69297e-05,6.83048e-12,,275.75855383351114,0.9972734306117623,0.47477714587500003,0.9991668292538507,1.0000000008954248,-8.068306023290006e-10
509.7999156,0.299192664,378.7470679,1508.565262,0.182773599,0.897715352,-7.300204799,0.736618382,0.00052607,8.88494e-11,0.950395691,0.019109621,0.026774349,0.000197619,4.37152e-06,0.003491324,2.70248e-05,6.8336e-12,,274.87384961510776,0.9972611078687293,0.473433834875,0.999161685631731,1.000000000415683,-3.268336712380915e-10
508.3784051,0.29918905,377.7016803,1508.558662,0.182764024,0.897706449,-7.30032309,0.736604823,0.00052715,8.90991e-11,0.950308794,0.01911074,0.026848762,0.000198227,4.38663e-06,0.003501972,2.7118e-05,6.83662e-12,,274.0127197586593,0.9972490617791107,0.47212710037500005,0.9991573142814876,0.9999999997259358,3.6316327722829556e-10
506.9948016,0.299185517,376.6843792,1508.551705,0.182754703,0.897697793,-7.300438244,0.73659161,0.000528201,8.93434e-11,0.950223772,0.01911182,0.026921587,0.000198823,4.40141e-06,0.003512388,2.72091e-05,6.83957e-12,,273.17540690476613,0.9972372856765586,0.47085547400000005,0.9991527064809357,1.000000000606183,-5.16839682163095e-10
505.6301515,0.299182018,375.6812132,1508.544804,0.18274551,0.897689258,-7.300551829,0.736578568,0.000529238,8.95857e-11,0.950139477,0.019112876,0.0269938,0.000199414,4.41606e-06,0.003522717,2.72995e-05,6.84246e-12,,272.3499807100091,0.9972256229019109,0.4696015165,0.9991481357706282,0.999999999656428,4.3315762088269594e-10
504.3200875,0.299178645,374.7183591,1508.538143,0.182736684,0.897681065,-7.300660881,0.736566038,0.000530234,8.98195e-11,0.950058143,0.019113881,0.02706349,0.000199984,4.4302e-06,0.003532685,2.73867e-05,6.84525e-12,,271.557989014934,0.997214380107145,0.46839794887499997,0.9991437240185114,0.9999999999966648,9.315470617110577e-11
503.0274909,0.299175303,373.7685216,1508.53113,0.182727975,0.89767299,-7.300768492,0.736553663,0.000531216,9.00514e-11,0.949977499,0.019114866,0.027132602,0.00020055,4.44422e-06,0.003542565,2.74732e-05,6.84799e-12,,270.7773761484108,0.9972032406407625,0.467210652,0.9991390791277149,0.9999999995168993,5.731520813512248e-10
501.7698294,0.299172038,372.84452,1508.525071,0.182719502,0.89766512,-7.300873194,0.736541621,0.000532172,9.02782e-11,0.949898644,0.019115815,0.027200185,0.000201103,4.45795e-06,0.003552237,2.75578e-05,6.85065e-12,,270.01743523289593,0.997192357828752,0.46605565,0.9991350660957263,0.9999999998471288,2.431493895116432e-10
500.5457055,0.299168847,371.945318,1508.518747,0.182711254,0.897657469,-7.300975116,0.736529889,0.000533103,9.05e-11,0.949821531,0.019116732,0.027266289,0.000201644,4.47137e-06,0.003561692,2.76406e-05,6.85324e-12,,269.27852136152904,0.9971817216715929,0.4649316475,0.9991308775474023,1.0000000000673532,2.31467067735025e-11
499.3383505,0.299165689,371.0585887,1508.512481,0.182703118,0.897649923,-7.301075654,0.736518305,0.00053402,9.07199e-11,0.949745128,0.019117629,0.027331802,0.00020218,4.48467e-06,0.003571063,2.77133e-05,6.85579e-12,,268.5507387951152,0.9971711955091644,0.46382323587499996,0.9991267274139742,1.0000000000675757,2.3144264282848326e-11
497.8895244,0.299161882,369.9947145,1508.504924,0.182693355,0.897640869,-7.301196315,0.73650439,0.000535122,9.09851e-11,0.949652985,0.019118696,0.027410832,0.000202827,4.50072e-06,0.003582368,2.77919e-05,6.85886e-12,,267.67850062380995,0.9971585061170286,0.462493393125,0.9991217222179456,1.000000000717844,-6.268590091451642e-10
496.4600161,0.299158109,368.9452376,1508.496915,0.182683721,0.897631947,-7.301315384,0.736490643,0.000536208,9.12483e-11,0.94956157,0.019119738,0.027489256,0.000203468,4.51663e-06,0.003593581,2.78698e-05,6.86187e-12,,266.8187745759891,0.9971459300527974,0.46118154699999997,0.9991164176506578,0.9999999995281101,5.631382027360132e-10
495.0691431,0.299154421,367.9243205,1508.490079,0.182674348,0.897623248,-7.301431234,0.736477268,0.000537266,9.15058e-11,0.949472128,0.019120742,0.027565991,0.000204097,4.53223e-06,0.003604563,2.79462e-05,6.8648e-12,,265.981951881447,0.9971336373083275,0.459905400625,0.9991118899915269,0.9999999995283707,5.631350941115443e-10
493.71536,0.299150815,366.9308173,1508.482891,0.182665224,0.897614793,-7.301544012,0.736464234,0.000538295,9.17578e-11,0.949384612,0.01912171,0.027641091,0.000204711,4.54749e-06,0.003615307,2.8021e-05,6.86765e-12,,265.16817118669746,0.997121617884098,0.458663521625,0.9991071291937166,0.9999999995886254,5.031324246118629e-10
492.3801219,0.299147244,365.9511038,1508.47576,0.182656225,0.897606455,-7.301655254,0.736451368,0.00053931,9.20078e-11,0.949297842,0.019122656,0.027715563,0.000205321,4.56261e-06,0.00362596,2.80951e-05,6.87046e-12,,264.36604627938993,0.9971097151209466,0.45743887974999997,0.9991024061484763,0.9999999998088784,2.831294088068148e-10
491.0982933,0.2991438,365.0107463,1508.468876,0.182647585,0.897598452,-7.301762056,0.736439008,0.000540285,9.2249e-11,0.949214118,0.019123555,0.027787433,0.000205909,4.57721e-06,0.003636241,2.81667e-05,6.87315e-12,,263.5963790390111,0.9970982356708507,0.456263432875,0.9990978466977072,1.000000000009122,8.312683874578397e-11
489.8335558,0.299140388,364.0830879,1508.461641,0.18263906,0.897590565,-7.301867447,0.736426799,0.000541246,9.24883e-11,0.949131101,0.019124433,0.02785871,0.000206493,4.59168e-06,0.003646433,2.82377e-05,6.87581e-12,,262.8376472674044,0.9970868628823116,0.455103859875,0.9990930547705845,0.9999999994793641,6.131242180629215e-10
488.6030004,0.299137055,363.1806497,1508.455367,0.182630765,0.897582877,-7.301969991,0.736414919,0.000542182,9.27222e-11,0.949049923,0.019125279,0.027928411,0.000207063,4.60586e-06,0.003656409,2.83073e-05,6.87839e-12,,262.0990979696671,0.9970757534144922,0.453975812125,0.99908889933855,0.9999999982596005,1.833121654470915e-09
487.4052598,0.299133797,362.3024205,1508.448831,0.182622691,0.897575403,-7.302069813,0.736403343,0.000543093,9.29511e-11,0.948970537,0.019126095,0.027996589,0.000207622,4.61971e-06,0.003666163,2.83752e-05,6.88089e-12,,261.3808741591999,0.9970648939346974,0.45287802562499996,0.9990845703771575,1.000000001009832,-9.168810155557594e-10
486.2239266,0.299130572,361.4363587,1508.442352,0.182614727,0.897568033,-7.302168275,0.736391918,0.000543992,9.31779e-11,0.948891869,0.019126893,0.028064158,0.000208175,4.63345e-06,0.00367583,2.84427e-05,6.88336e-12,,260.6727990747381,0.9970541444496337,0.451795448375,0.9990802791683353,1.0000000012500614,-1.1568834779041026e-09
484.8063267,0.299126684,360.3972628,1508.434533,0.18260517,0.89755919,-7.302286441,0.736378197,0.00054507,9.34515e-11,0.948796982,0.01912784,0.028145671,0.000208842,4.65001e-06,0.003687491,2.8524e-05,6.88632e-12,,259.8236167439301,0.997041185070431,0.4504965785,0.9990751004429486,1.0000000001103377,-1.6886270159943706e-11
483.4076282,0.299122831,359.3722128,1508.426262,0.18259574,0.897550477,-7.302403048,0.736364642,0.000546134,9.37231e-11,0.948702842,0.019128763,0.028226561,0.000209505,4.66644e-06,0.003699058,2.86047e-05,6.88924e-12,,258.9865533121367,0.9970283423523068,0.449215266,0.9990696223463026,1.0000000002406124,-1.4688916749605596e-10
482.0467324,0.299119063,358.3750424,1508.419174,0.182586565,0.897541982,-7.302516505,0.736351452,0.000547169,9.39888e-11,0.948610731,0.019129651,0.028305711,0.000210153,4.68255e-06,0.003710388,2.86838e-05,6.89208e-12,,258.1717147237805,0.997015782953944,0.44796880299999997,0.9990649277810717,1.0000000004508809,-3.568920714513979e-10
480.7221271,0.29911538,357.4046337,1508.411736,0.182577633,0.897533725,-7.302626952,0.736338598,0.000548177,9.42489e-11,0.9485206,0.019130505,0.028383177,0.000210787,4.6983e-06,0.003721471,2.87612e-05,6.89483e-12,,257.3794266622532,0.9970035068753422,0.446755792125,0.9990600014018125,0.9999999996011438,4.931051122980534e-10
479.415667,0.299111731,356.4476802,1508.404358,0.182568824,0.897525582,-7.302735896,0.73632591,0.000549171,9.45068e-11,0.948431235,0.019131339,0.028459997,0.000211416,4.71392e-06,0.003732462,2.8838e-05,6.89755e-12,,256.5983584768339,0.9969913441246453,0.44555960024999997,0.9990551147621011,1.0000000010214045,-9.268976697285325e-10
478.1614654,0.299108213,355.529155,1508.397235,0.182560366,0.897517766,-7.302840492,0.73631372,0.000550125,9.47558e-11,0.948345002,0.019132129,0.028534135,0.000212023,4.72899e-06,0.003743069,2.89122e-05,6.90015e-12,,255.84892020050955,0.9969796180196981,0.44441144375,0.9990503970154672,0.9999999992916561,8.030996978547478e-10
476.9239865,0.299104727,354.6230216,1508.38976,0.182552021,0.897510064,-7.302943712,0.736301674,0.000551067,9.50027e-11,0.948259497,0.019132901,0.028607663,0.000212626,4.74393e-06,0.003753584,2.89857e-05,6.90272e-12,,255.11015661030808,0.9969679985763082,0.443278777,0.9990454461301537,1.0000000007319054,-6.369027527597382e-10
475.7199529,0.299101321,353.741511,1508.383255,0.182543901,0.897502557,-7.303044135,0.736289961,0.000551983,9.52441e-11,0.948175883,0.019133643,0.028679567,0.000213215,4.75857e-06,0.003763877,2.90577e-05,6.90521e-12,,254.3909999940736,0.9969566457868112,0.44217688875,0.9990411377008608,1.0000000013721493,-1.2769052482042298e-09
474.5480269,0.299097992,352.8836365,1508.376492,0.182535998,0.897495259,-7.303141896,0.736278544,0.000552875,9.54803e-11,0.948094111,0.019134357,0.0287499,0.000213791,4.77287e-06,0.00377394,2.91281e-05,6.90763e-12,,253.69169514605431,0.9969455496516865,0.441104545625,0.999036658391513,1.0000000000723879,2.3092527889900794e-11
473.3921547,0.299094696,352.0376363,1508.369787,0.182528202,0.897488062,-7.303238327,0.736267274,0.000553755,9.57144e-11,0.948013077,0.019135053,0.028819608,0.000214362,4.78705e-06,0.003783914,2.91979e-05,6.91002e-12,,253.00224240413937,0.9969345635112926,0.44004704537499995,0.9990322174970612,0.9999999990526245,1.0430899477498201e-09
472.0051081,0.299090723,351.0225958,1508.361695,0.182518846,0.897479427,-7.303354055,0.73625374,0.000554811,9.59968e-11,0.947915333,0.019135879,0.028903704,0.000215051,4.80416e-06,0.003795946,2.92822e-05,6.91288e-12,,252.17534227688876,0.9969213208123286,0.43877824475,0.9990268579567325,0.9999999994629096,6.330871382687064e-10
470.6365554,0.299086784,350.0212605,1508.353151,0.182509615,0.897470919,-7.303468257,0.736240369,0.000555853,9.62771e-11,0.947818355,0.019136682,0.02898716,0.000215734,4.82112e-06,0.003807881,2.93658e-05,6.9157e-12,,251.36026200717131,0.9969081914412693,0.43752657562499997,0.9990211990451447,0.9999999990231927,1.0730843991169081e-09
469.3049906,0.299082933,349.0471448,1508.345799,0.182500633,0.897462624,-7.303579376,0.736227357,0.000556866,9.65513e-11,0.947723463,0.019137453,0.029068822,0.000216403,4.83776e-06,0.003819572,2.94477e-05,6.91844e-12,,250.56680066245775,0.9968953553894923,0.436308931,0.9990163296259039,0.99999999856347,1.5330813285530098e-09
468.0089342,0.299079168,348.0991581,1508.338101,0.182491889,0.897454561,-7.303687546,0.736214676,0.000557853,9.68198e-11,0.947630609,0.019138193,0.029148749,0.000217058,4.85402e-06,0.003831009,2.95279e-05,6.9211e-12,,249.79524991173326,0.9968828059906504,0.435123947625,0.9990112310419383,1.0000000000237408,7.307898730601892e-11
466.730632,0.299075437,347.164302,1508.330464,0.182483265,0.897446611,-7.303794245,0.736202159,0.000558827,9.7086e-11,0.94753854,0.019138913,0.029228011,0.000217708,4.87015e-06,0.00384235,2.96074e-05,6.92372e-12,,249.03470793383104,0.9968703699197129,0.4339553775,0.9990061728598459,0.9999999996540098,4.430762423623946e-10
465.5034619,0.29907184,346.2669742,1508.323091,0.182474986,0.89743898,-7.303896687,0.736190131,0.000559762,9.73429e-11,0.947449696,0.019139595,0.029304509,0.000218335,4.88572e-06,0.003853296,2.96842e-05,6.92623e-12,,248.30489596991762,0.9968583804940463,0.43283371775,0.9990012895317636,1.0000000010242691,-9.269260914379629e-10
464.292654,0.299068276,345.3817401,1508.315367,0.182466816,0.897431461,-7.303997775,0.736178252,0.000560684,9.75978e-11,0.947361598,0.019140258,0.029380379,0.000218956,4.90115e-06,0.003864147,2.97603e-05,6.92871e-12,,247.58549047985758,0.9968465010631108,0.43172717512500003,0.9989961737273272,0.9999999995545265,5.430713656551234e-10
463.1145707,0.299064792,344.520549,1508.308621,0.182458867,0.897424131,-7.304096135,0.73616669,0.000561582,9.7847e-11,0.947275445,0.019140895,0.029454575,0.000219564,4.91626e-06,0.003874769,2.98349e-05,6.93111e-12,,246.88517996338567,0.9968348882860683,0.43065068625,0.9989917056775178,0.9999999992647782,8.330688361368743e-10
461.967903,0.299061388,343.6824383,1508.30162,0.182451129,0.897417005,-7.304191884,0.736155424,0.000562455,9.80908e-11,0.947191189,0.019141506,0.029527153,0.000220159,4.93104e-06,0.003885155,2.99078e-05,6.93345e-12,,246.20412480529652,0.9968235421629186,0.429603047875,0.998987068734631,1.000000000945024,-8.469331902460908e-10
460.836943,0.299058017,342.8559176,1508.294679,0.182443497,0.897409979,-7.30428633,0.736144304,0.000563317,9.83325e-11,0.94710769,0.019142101,0.029599086,0.000220749,4.94568e-06,0.003895448,2.99801e-05,6.93576e-12,,245.53274539163732,0.9968123060345,0.428569897,0.9989824715312918,0.9999999998852682,2.1306423292344334e-10
459.479791,0.299053953,341.8642347,1508.286302,0.182434338,0.897401549,-7.304399677,0.736130948,0.000564352,9.8624e-11,0.94700697,0.019142804,0.02968587,0.00022146,4.96335e-06,0.003907866,3.00674e-05,6.93852e-12,,244.7274598223322,0.9967987600167326,0.427330293375,0.9989769232281116,1.0000000008555625,-7.569385118699756e-10
458.1407344,0.299049924,340.8859268,1508.277473,0.1824253,0.897393243,-7.304511533,0.73611775,0.000565372,9.89134e-11,0.946907034,0.019143486,0.029771995,0.000222166,4.98087e-06,0.003920184,3.0154e-05,6.94123e-12,,243.93368770792617,0.9967853306600437,0.4261074085,0.9989710755536725,0.9999999999758548,1.2305867436168683e-10
456.8378685,0.299045984,339.934198,1508.269846,0.182416507,0.897385145,-7.304620363,0.736104911,0.000566366,9.91965e-11,0.946809246,0.019144138,0.029856272,0.000222857,4.99805e-06,0.003932251,3.02388e-05,6.94388e-12,,243.16093456919347,0.9967721979558105,0.4249177475,0.9989660239948381,1.0000000009561405,-8.569438492145309e-10
455.5697457,0.299042132,339.0079843,1508.261876,0.182407948,0.897377274,-7.304726309,0.736092397,0.000567332,9.94737e-11,0.946713553,0.019144763,0.02993876,0.000223533,5.01485e-06,0.003944055,3.03219e-05,6.94644e-12,,242.4095763737934,0.99675935857086,0.42375998037499996,0.9989607452582564,1.00000000085642,-7.569465054757529e-10
454.3189945,0.299038315,338.0945864,1508.25397,0.182399505,0.897369513,-7.304830815,0.736080043,0.000568286,9.97485e-11,0.946618667,0.019145368,0.030020565,0.000224203,5.03151e-06,0.003955761,3.04043e-05,6.94897e-12,,241.66888317506064,0.9967466358469874,0.422618233,0.9989555089105255,0.9999999999166975,1.8305112980954164e-10
453.1182733,0.299034635,337.2178432,1508.246336,0.182391399,0.897362064,-7.304931152,0.736068172,0.000569202,1.00014e-10,0.946527101,0.019145939,0.030099518,0.000224851,5.04759e-06,0.003967059,3.04838e-05,6.95139e-12,,240.95815161601783,0.9967343697679069,0.421522304,0.9989504527154106,0.9999999994969655,6.030485000252384e-10
451.9335617,0.299030987,336.3529044,1508.238351,0.1823834,0.897354725,-7.305030163,0.736056447,0.000570106,1.00277e-10,0.946436302,0.019146494,0.030177826,0.000225493,5.06353e-06,0.00397826,3.05627e-05,6.95378e-12,,240.257493541535,0.9967222103503836,0.4204411305,0.998945164043942,1.0000000013372305,-1.2369536506184886e-09
450.7808693,0.299027423,335.5114461,1508.231354,0.182375618,0.897347569,-7.305126504,0.736045033,0.000570985,1.00534e-10,0.946347504,0.019147024,0.030254408,0.00022612,5.07914e-06,0.003989225,3.06399e-05,6.9561e-12,,239.57542795249037,0.9967103309194479,0.419389307625,0.9989405297503583,1.00000000014749,-4.6955994648101296e-11
449.6589154,0.299023938,334.6925286,1508.224105,0.182368043,0.897340614,-7.305220287,0.736033913,0.000571841,1.00786e-10,0.946260657,0.019147531,0.030329322,0.000226735,5.0944e-06,0.003999945,3.07155e-05,6.95835e-12,,238.91219798940736,0.9966987148092316,0.41836566075,0.9989357285506744,1.0000000000077445,9.304168546719893e-11
448.5523308,0.299020488,333.8849255,1508.216918,0.18236057,0.897333755,-7.305312794,0.736022935,0.000572686,1.01036e-10,0.94617459,0.019148023,0.030403572,0.000227343,5.10953e-06,0.004010571,3.07904e-05,6.96057e-12,,238.25828526356364,0.9966872153600934,0.417356156875,0.9989309684151897,0.9999999990379965,1.063039434257007e-09
447.2244292,0.299016328,332.9159269,1508.208244,0.182351603,0.897325527,-7.305423815,0.73600975,0.000573699,1.01337e-10,0.946070767,0.019148602,0.030493154,0.000228078,5.12778e-06,0.00402339,3.08808e-05,6.96323e-12,,237.47400890443808,0.9966733493576546,0.416144908625,0.9989252234012485,0.9999999996883002,4.130368269628093e-10
445.9142329,0.299012204,331.9599828,1508.199116,0.182342755,0.897317421,-7.305533372,0.735996725,0.0005747,1.01635e-10,0.94596775,0.019149162,0.030582058,0.000228807,5.14588e-06,0.004036107,3.09705e-05,6.96585e-12,,236.70088492474827,0.9966596033494676,0.4149499785,0.9989191776913968,1.000000000488601,-3.8696579274244414e-10
444.6394474,0.299008171,331.0299964,1508.191203,0.182334145,0.897309517,-7.305639974,0.735984046,0.000575673,1.01928e-10,0.945866942,0.019149694,0.030669058,0.00022952,5.16362e-06,0.004048564,3.10584e-05,6.96839e-12,,235.94829299828945,0.9966461606600838,0.41378749550000005,0.9989139367073854,1.0000000001288964,-2.6968427491169678e-11
443.3986562,0.299004227,330.124929,1508.182949,0.182325765,0.897301835,-7.305743748,0.735971689,0.000576621,1.02214e-10,0.945768291,0.019150202,0.030754213,0.000230219,5.18098e-06,0.00406075,3.11445e-05,6.97086e-12,,235.21652105752813,0.9966330146231562,0.41265616125,0.9989084698702779,1.000000000589185,-4.869709080423945e-10
442.1748621,0.299000318,329.2323722,1508.174761,0.182317498,0.89729426,-7.305846112,0.735959491,0.000577555,1.02498e-10,0.945670468,0.019150692,0.030838665,0.000230911,5.19819e-06,0.004072836,3.12298e-05,6.97329e-12,,234.4950853350591,0.9966199852473067,0.41154046525,0.9989030467466731,1.000000000099471,3.0268010320355643e-12
441.0000197,0.298996549,328.3756218,1508.166855,0.182309562,0.897286991,-7.305944393,0.735947769,0.000578453,1.02772e-10,0.945576065,0.019151151,0.030920176,0.00023158,5.2148e-06,0.004084501,3.13122e-05,6.97562e-12,,233.8028232383648,0.9966074225157701,0.41046952724999997,0.9988978103989421,1.0000000001097475,-6.9755312637198585e-12
439.8408419,0.298992814,327.5303954,1508.158597,0.182301731,0.897279828,-7.306041376,0.735936191,0.000579339,1.03044e-10,0.945482449,0.019151596,0.031001022,0.000232243,5.23127e-06,0.004096066,3.13939e-05,6.97792e-12,,233.12037840104566,0.996594973112138,0.40941299425,0.9988923409125317,1.000000001280022,-1.176978070560608e-09
438.7129933,0.298989163,326.7081033,1508.151338,0.182294111,0.897272844,-7.306135744,0.73592492,0.000580201,1.03309e-10,0.945390893,0.019152018,0.031080089,0.000232891,5.2474e-06,0.004107387,3.1474e-05,6.98015e-12,,232.45606245841347,0.9965828036950937,0.408385129125,0.9988875330895896,0.9999999995102893,5.930197444214969e-10
437.6152206,0.298985595,325.9078284,1508.14383,0.182286694,0.897266057,-7.306227607,0.735913937,0.00058104,1.03569e-10,0.945301347,0.01915242,0.031157436,0.000233526,5.26317e-06,0.004118456,3.15523e-05,6.98232e-12,,231.8100557881624,0.9965709109314633,0.4073847855,0.9988825603475249,1.0000000005805516,-4.769824535344469e-10
436.5324859,0.29898206,325.1186003,1508.136385,0.182279378,0.897259364,-7.306318221,0.735903096,0.000581867,1.03827e-10,0.945212601,0.019152808,0.0312341,0.000234155,5.2788e-06,0.004129428,3.16299e-05,6.98445e-12,,231.17312921264784,0.9965591281625639,0.40639825037500005,0.9988776293319853,1.0000000008108114,-7.069844709661766e-10
435.2332042,0.298977799,324.1716357,1508.1274,0.182270598,0.897251335,-7.30642697,0.735890074,0.000582861,1.04138e-10,0.945105544,0.019153262,0.031326595,0.000234913,5.29766e-06,0.004142665,3.17235e-05,6.98701e-12,,230.40920765303866,0.996544925509585,0.405214544625,0.9988716783347222,1.0000000002711251,-1.6698709082163532e-10
433.9512464,0.298973574,323.2374149,1508.117961,0.182261934,0.897243425,-7.306534286,0.73587721,0.000583841,1.04447e-10,0.944999313,0.019153697,0.031418394,0.000235666,5.31636e-06,0.004155796,3.18165e-05,6.98953e-12,,229.65619192844326,0.996530842850858,0.404046768625,0.9988654266415483,0.9999999989714365,1.1330104632278903e-09
432.703936,0.298969442,322.3285484,1508.109748,0.182253504,0.897235712,-7.306638708,0.735864685,0.000584795,1.04749e-10,0.944895356,0.019154109,0.03150823,0.000236403,5.33469e-06,0.00416866,3.19076e-05,6.99197e-12,,228.92310966717244,0.9965170701772815,0.4029106855,0.9988599869597986,1.000000000401741,-2.969919865591919e-10
431.4898872,0.298965401,321.4440223,1508.101198,0.182245298,0.897228216,-7.306740361,0.73585248,0.000585724,1.05045e-10,0.94479362,0.019154498,0.031596163,0.000237125,5.35262e-06,0.004181244,3.19968e-05,6.99434e-12,,228.21032960141568,0.9965036008225087,0.40180502787499994,0.998854324074256,0.9999999995320392,5.730057539565792e-10
430.2924692,0.298961396,320.5717107,1508.092715,0.182237204,0.897220825,-7.306840634,0.73584043,0.000586641,1.05338e-10,0.944692735,0.01915487,0.031683373,0.00023784,5.37041e-06,0.004193726,3.20852e-05,6.99668e-12,,227.50755814087623,0.9964902514619874,0.400714638375,0.9988487055645418,0.9999999997223347,3.830032957452545e-10
429.142948,0.298957533,319.7343819,1508.084525,0.182229433,0.897213732,-7.306936907,0.73582885,0.000587521,1.05621e-10,0.944595373,0.019155217,0.031767548,0.000238531,5.38758e-06,0.004205772,3.21706e-05,6.99892e-12,,226.83328110902778,0.9964773754121264,0.39966797737500004,0.9988432811162852,0.9999999992926201,8.130008888329598e-10
428.0087537,0.298953705,318.9083048,1508.075982,0.182221765,0.897206743,-7.307031909,0.735817413,0.000588389,1.05902e-10,0.944498819,0.01915555,0.03185104,0.000239216,5.40459e-06,0.004217716,3.22553e-05,7.00113e-12,,226.16850915703625,0.9964646160233438,0.398635381,0.9988376228670233,1.0000000010029029,-8.970009179876115e-10
426.9052133,0.298949963,318.1046318,1508.068449,0.182214304,0.89719993,-7.307124351,0.735806276,0.000589234,1.06176e-10,0.944404388,0.019155863,0.031932696,0.000239886,5.42126e-06,0.004229408,3.23382e-05,7.00327e-12,,225.52141433519571,0.996452143287496,0.39763078975,0.9988326335668136,1.0000000005731795,-4.670035469445111e-10
425.8311006,0.298946305,317.3224675,1508.060669,0.182207041,0.897193307,-7.307214339,0.735795426,0.000590057,1.06445e-10,0.944312026,0.019156158,0.032012577,0.000240541,5.43756e-06,0.00424084,3.24194e-05,7.00535e-12,,224.89214087680082,0.9964399505382361,0.396653084375,0.9988274806721328,0.9999999990734505,1.0329944677422986e-09
424.7717019,0.298942682,316.5510904,1508.052956,0.182199878,0.897186777,-7.307303104,0.735784714,0.000590868,1.06711e-10,0.944220486,0.019156441,0.032091756,0.000241191,5.45371e-06,0.004252172,3.24998e-05,7.0074e-12,,224.27171695997896,0.9964278744500543,0.395688863,0.9988223721532802,0.9999999996237184,4.829925348559527e-10
423.5004233,0.298938314,315.6255319,1508.043646,0.18219128,0.897178944,-7.307409635,0.735771847,0.000591842,1.07032e-10,0.944110054,0.019156768,0.032187288,0.000241975,5.4732e-06,0.004265845,3.25969e-05,7.00985e-12,,223.52750667815428,0.9964133151474933,0.394531914875,0.998816205900134,1.0000000002140421,-1.0700995645152034e-10
422.415599,0.298934568,314.8358022,1508.035656,0.182183943,0.897172262,-7.307500553,0.735760856,0.000592674,1.07308e-10,0.944015311,0.019157036,0.032269259,0.000242648,5.48992e-06,0.004277576,3.26802e-05,7.01194e-12,,222.8927876402262,0.996400829078951,0.39354475275,0.9988109139170362,1.00000000023432,-1.2701195650777208e-10
421.1951716,0.298930335,313.9474437,1508.026615,0.182175689,0.897164746,-7.307602849,0.735748478,0.00059361,1.0762e-10,0.94390816,0.019157327,0.032361975,0.000243409,5.50884e-06,0.004290846,3.27745e-05,7.01429e-12,,222.17897942453277,0.9963867197548346,0.392434304625,0.9988049258295286,1.0000000004546343,-3.4701419515670295e-10
420.0072889,0.298926194,313.0828624,1508.017762,0.182167653,0.897157434,-7.307702429,0.735736418,0.00059452,1.07925e-10,0.943803288,0.019157597,0.032452732,0.000244154,5.52736e-06,0.004303835,3.28668e-05,7.01656e-12,,221.48454739296596,0.9963729170826953,0.39135357800000004,0.9987990622592704,1.0000000002749416,-1.6701662275409035e-10
418.8356786,0.29892209,312.2302084,1508.008979,0.182159727,0.897150224,-7.307800657,0.73572451,0.000595419,1.08228e-10,0.943699288,0.019157853,0.032542745,0.000244892,5.54573e-06,0.004316718,3.29584e-05,7.01881e-12,,220.79990770410302,0.9963592377379815,0.39028776049999997,0.9987932450518178,1.0000000002452467,-1.3701884071792847e-10
417.7109327,0.298918131,311.4117378,1508.000498,0.182152118,0.897143304,-7.307894968,0.735713067,0.000596282,1.0852e-10,0.943598918,0.019158087,0.032629627,0.000245606,5.56345e-06,0.004329152,3.30468e-05,7.02095e-12,,220.14299209569978,0.9963460417034489,0.38926467225000005,0.9987876278667551,1.000000000365541,-2.5702107109282224e-10
416.6011835,0.298914207,310.6042551,1507.991665,0.182144609,0.897136487,-7.307988035,0.735701764,0.000597133,1.0881e-10,0.943499378,0.019158308,0.032715806,0.000246313,5.58103e-06,0.00434148,3.31345e-05,7.02307e-12,,219.4953784893736,0.9963329623299945,0.388255318875,0.9987817775430127,1.0000000006458332,-5.370230926615704e-10
415.5214274,0.298910372,309.8186621,1507.983851,0.182137303,0.89712984,-7.308078594,0.735690758,0.000597962,1.09094e-10,0.943402022,0.019158512,0.032800093,0.000247005,5.59824e-06,0.004353549,3.32204e-05,7.02512e-12,,218.86493899016455,0.9963201796089961,0.387273327625,0.9987766021292548,0.999999999756119,3.529749825759154e-10
414.4704648,0.298906622,309.0540844,1507.975796,0.182130191,0.897123381,-7.30816675,0.735680034,0.000598769,1.09371e-10,0.943306797,0.019158701,0.03288255,0.000247682,5.61507e-06,0.004365351,3.33045e-05,7.02711e-12,,218.25180437264743,0.9963076802077592,0.38631760550000005,0.9987712670949805,1.000000000686398,-5.770270927740739e-10
413.433899,0.298902908,308.3000422,1507.967808,0.182123176,0.897117012,-7.308253709,0.735669446,0.000599565,1.09646e-10,0.943212417,0.019158878,0.032964284,0.000248353,5.63176e-06,0.004377048,3.33878e-05,7.02908e-12,,217.64738517024023,0.996295300800774,0.38537505275,0.9987659764365345,0.9999999996766751,4.32970881369954e-10
412.1070948,0.29889813,307.3349563,1507.957522,0.182114195,0.897108862,-7.308365031,0.735655879,0.000600584,1.1e-10,0.943090941,0.019159091,0.033069497,0.000249216,5.65323e-06,0.004392107,3.3495e-05,7.03158e-12,,216.8739879765362,0.9962793748970111,0.384168695375,0.9987591637534128,1.0000000003470317,-2.370317275790512e-10
410.9793112,0.298894048,306.5147102,1507.948724,0.182106561,0.897101937,-7.308459668,0.735644335,0.000601451,1.10303e-10,0.942987088,0.019159259,0.033159457,0.000249955,5.67159e-06,0.004404982,3.35868e-05,7.03371e-12,,216.21693897123643,0.996265768882118,0.38314338775,0.9987533366110734,0.9999999995073366,6.029663435214161e-10
409.7851874,0.298889704,305.6462902,1507.939354,0.182098477,0.897094607,-7.308559886,0.735632097,0.000602368,1.10625e-10,0.942876523,0.019159425,0.033255243,0.000250741,5.69115e-06,0.004418691,3.36845e-05,7.03595e-12,,215.52153837894969,0.996251289575725,0.38205786275000003,0.9987471306183793,0.999999998767661,1.3429639622586365e-09
408.6388285,0.298885513,304.8126794,1507.930304,0.182090716,0.897087573,-7.308656107,0.735620336,0.00060325,1.10936e-10,0.942769793,0.019159573,0.033347719,0.000251501,5.71003e-06,0.004431926,3.37789e-05,7.0381e-12,,214.85425906160955,0.9962373202449025,0.38101584925,0.9987411365699395,1.0000000010479742,-9.370382247908537e-10
407.5077545,0.298881359,303.9902537,1507.920869,0.182083058,0.897080644,-7.308751059,0.735608718,0.000604119,1.11245e-10,0.942663921,0.019159706,0.033439467,0.000252254,5.72874e-06,0.00444505,3.38725e-05,7.04022e-12,,214.1964892260722,0.9962234742415056,0.37998781712499996,0.9987348875260689,0.9999999993582852,7.529598056166265e-10
406.4072499,0.298877297,303.1901166,1507.912533,0.182075606,0.897073887,-7.308843455,0.735597404,0.000604966,1.11547e-10,0.942560351,0.019159825,0.03352922,0.000252991,5.74708e-06,0.004457902,3.39642e-05,7.04228e-12,,213.5561223457237,0.9962099348900856,0.37898764575,0.9987293663782463,1.0000000003985894,-2.8704238985710617e-10
405.3360922,0.298873324,302.4113784,1507.90393,0.182068352,0.897067321,-7.3089334,0.735586379,0.00060579,1.11843e-10,0.942459025,0.019159929,0.033617043,0.000253712,5.76502e-06,0.004470471,3.4054e-05,7.04427e-12,,212.93339994524163,0.9961966921911217,0.378014223,0.9987236683894367,0.9999999991388873,9.72955715994317e-10
404.2796079,0.298869389,301.6433652,1507.895398,0.182061196,0.897060847,-7.309022124,0.735575494,0.000606603,1.12136e-10,0.942358578,0.019160022,0.033704114,0.000254427,5.78279e-06,0.004482933,3.41429e-05,7.04623e-12,,212.31943492401308,0.996183576152757,0.3770542065,0.9987180174257584,0.9999999998091822,3.0295377317912653e-10
403.265383,0.298865593,300.9061252,1507.887164,0.182054326,0.897054635,-7.30910731,0.735565033,0.000607384,1.12418e-10,0.942261669,0.019160101,0.033788127,0.000255117,5.79995e-06,0.004494957,3.42288e-05,7.04811e-12,,211.73026729868536,0.9961709234255315,0.37613265650000005,0.9987125638351669,0.9999999998694662,2.4295176981325994e-10
402.264681,0.298861833,300.1787665,1507.878633,0.182047547,0.897048513,-7.309191382,0.73555469,0.000608154,1.12699e-10,0.942165593,0.01916017,0.033871431,0.000255801,5.81695e-06,0.004506874,3.4314e-05,7.04997e-12,,211.14943305975794,0.996158390692558,0.375223458125,0.9987069135338146,1.000000000069749,4.2949976908346343e-11
400.9664731,0.298856929,299.2352357,1507.868337,0.182038753,0.89704056,-7.309300436,0.735541284,0.000609154,1.13065e-10,0.94204025,0.019160244,0.033980114,0.000256694,5.83915e-06,0.004522434,3.44252e-05,7.05236e-12,,210.39566688618677,0.9961420448089134,0.37404404462499996,0.998700094227435,1.0000000004701173,-3.5705238765615377e-10
399.7980859,0.298852492,298.3861285,1507.858681,0.182030836,0.89703341,-7.30939861,0.735529193,0.000610054,1.13396e-10,0.941926771,0.019160297,0.034078526,0.000257502,5.85925e-06,0.004536519,3.45259e-05,7.05451e-12,,209.7178021468563,0.9961272555173699,0.37298266062499996,0.9986936988095637,1.0000000002704503,-1.570543695095239e-10
398.6452773,0.298848091,297.5484076,1507.848606,0.182023025,0.897026369,-7.309495491,0.735517248,0.000610943,1.13725e-10,0.94181418,0.019160337,0.034176186,0.000258304,5.87918e-06,0.004550488,3.46258e-05,7.05663e-12,,209.04965018802184,0.996112586220078,0.37193550950000004,0.9986870258771846,1.0000000001007816,1.2943424110289925e-11
397.5236256,0.298843788,296.7333833,1507.839713,0.182015424,0.897019501,-7.309589765,0.735505614,0.000611808,1.14046e-10,0.941704011,0.019160362,0.034271744,0.000259089,5.89872e-06,0.004564171,3.47237e-05,7.05868e-12,,208.39916087025034,0.9960982435738053,0.370916729125,0.9986811358138946,0.9999999995411047,5.729412499988484e-10
396.4318847,0.29883958,295.9401499,1507.830528,0.182008024,0.897012828,-7.309681539,0.735494277,0.000612649,1.14361e-10,0.941596206,0.019160375,0.034365268,0.000259857,5.91782e-06,0.004577556,3.48195e-05,7.06067e-12,,207.76659021825304,0.9960842175790305,0.369925187375,0.9986750523514726,0.9999999994414216,6.729393708937437e-10
395.3550991,0.298835408,295.1578351,1507.821416,0.182000726,0.897006249,-7.309772067,0.735483083,0.00061348,1.14673e-10,0.941489312,0.019160377,0.034458011,0.000260619,5.93676e-06,0.00459083,3.49145e-05,7.06263e-12,,207.1429093263405,0.9960703115785078,0.368947293875,0.9986690172388336,1.0000000003817355,-2.6706259426134693e-10
394.3213849,0.298831385,294.4068609,1507.81262,0.181993718,0.896999936,-7.309858987,0.735472324,0.000614278,1.14975e-10,0.941386162,0.019160367,0.034547517,0.000261354,5.95504e-06,0.004603639,3.50062e-05,7.06451e-12,,206.54448150266145,0.9960569022208606,0.36800857612500004,0.9986631914211456,1.0000000003620397,-2.4706481305258876e-10
393.3014536,0.298827398,293.6659466,1507.8035,0.181986804,0.896993716,-7.30994476,0.735461697,0.000615065,1.15274e-10,0.941283877,0.019160347,0.034636285,0.000262083,5.97316e-06,0.004616338,3.50972e-05,7.06636e-12,,205.95446027479784,0.9960436128574655,0.36708243325,0.9986571510099003,1.0000000004823404,-3.6706637729366776e-10
391.9782994,0.298822197,292.7048229,1507.792501,0.181977832,0.896985633,-7.310056048,0.735447895,0.000616087,1.15664e-10,0.941150401,0.019160304,0.034752125,0.000263035,5.99684e-06,0.004632922,3.5216e-05,7.06875e-12,,205.18882173996198,0.9960262770212431,0.365881028625,0.998649866088487,0.9999999999627329,1.5293111221836853e-10
390.7080715,0.298817175,291.7822141,1507.781488,0.181969219,0.896977885,-7.310162904,0.735434626,0.000617068,1.16041e-10,0.941021444,0.019160247,0.034864062,0.000263955,6.01971e-06,0.004648942,3.53309e-05,7.07103e-12,,204.4543943378687,0.9960095378231064,0.364727767625,0.9986425718945129,1.000000000733112,-6.170710609154639e-10
389.6283777,0.298812884,290.9980484,1507.772068,0.181961896,0.896971301,-7.310253746,0.735423332,0.000617902,1.16363e-10,0.94091119,0.019160184,0.034959776,0.000264741,6.03926e-06,0.00466264,3.54291e-05,7.07297e-12,,203.8304213503765,0.9959952351749176,0.3637475605,0.9986363327855291,0.999999999483436,6.329270441085555e-10
388.4851725,0.298808317,290.167806,1507.762034,0.181954142,0.896964333,-7.310349945,0.735411361,0.000618786,1.16706e-10,0.940793802,0.019160105,0.035061695,0.000265578,6.06009e-06,0.004677226,3.55337e-05,7.07502e-12,,203.17001307704675,0.9959800125707978,0.3627097575,0.9986296870085077,0.999999999913781,2.0292501012875164e-10
387.3876956,0.29880391,289.3708213,1507.752343,0.181946698,0.896957647,-7.310442311,0.735399854,0.000619635,1.17038e-10,0.940680477,0.019160016,0.035160097,0.000266387,6.08019e-06,0.004691309,3.56348e-05,7.07698e-12,,202.53627195152248,0.9959653232744641,0.361713526625,0.9986232684092337,1.000000001114115,-9.970770875611379e-10
386.3048516,0.298799541,288.5845101,1507.742266,0.181939351,0.896951062,-7.310533459,0.735388487,0.000620472,1.17366e-10,0.940568057,0.019159915,0.035257729,0.000267189,6.10012e-06,0.004705274,3.5735e-05,7.0789e-12,,201.91157669446062,0.9959507606387296,0.36073063762499996,0.9986165941522029,0.9999999992444449,8.729210687619116e-10
385.2512737,0.298795268,287.8194891,1507.733311,0.181932203,0.896944639,-7.310622156,0.735377415,0.000621287,1.17688e-10,0.940458074,0.019159805,0.035353243,0.000267974,6.11966e-06,0.00471895,3.58332e-05,7.08077e-12,,201.30340794091333,0.9959365179876667,0.359774361375,0.9986106630247137,0.9999999989847688,1.1329192028952662e-09
384.2257912,0.29879109,287.0749096,1507.724097,0.181925244,0.896938398,-7.310708502,0.735366624,0.000622081,1.18003e-10,0.940350468,0.019159687,0.035446708,0.000268742,6.13876e-06,0.004732326,3.59293e-05,7.08258e-12,,200.71196896564396,0.9959225919881017,0.358843637,0.9986045603548437,0.9999999991850856,9.329174099903526e-10
383.2143565,0.298786949,286.3405668,1507.714958,0.18191838,0.896932246,-7.310793675,0.73535597,0.000622864,1.18315e-10,0.940243789,0.019159558,0.035539378,0.000269504,6.15769e-06,0.004745588,3.60246e-05,7.08437e-12,,200.1288611363503,0.9959087893159625,0.3579257085,0.9985985073594081,0.9999999994153994,7.029156146032278e-10
381.91972,0.29878162,285.4006603,1507.703186,0.181909593,0.896924374,-7.310902716,0.735342314,0.000623867,1.18717e-10,0.940106439,0.019159377,0.035658704,0.000270484,6.18208e-06,0.004762665,3.61473e-05,7.08665e-12,,199.38279628327885,0.9958910268335114,0.356750825375,0.9985907104601559,0.9999999985058038,1.6129132474063113e-09
380.6639226,0.298776421,284.4890057,1507.691687,0.181901069,0.896916743,-7.311008504,0.73532905,0.00062484,1.19109e-10,0.939972344,0.019159184,0.035775218,0.000271442,6.20589e-06,0.004779339,3.62672e-05,7.08885e-12,,198.6594772389578,0.9958736976636363,0.355611257125,0.9985830943758456,1.0000000002161977,-9.708878145886501e-11
379.2967864,0.298770725,283.4965835,1507.679078,0.181891787,0.896908439,-7.311123694,0.735314587,0.0006259,1.1954e-10,0.939825379,0.019158953,0.03590293,0.000272491,6.23199e-06,0.004797616,3.63986e-05,7.09123e-12,,197.87239666436142,0.9958547119064507,0.35437072937499997,0.9985747431099032,0.9999999997166313,4.0290870639836385e-10
378.1782205,0.298766038,282.6846464,1507.66869,0.181884192,0.896901648,-7.311217957,0.735302737,0.000626768,1.19894e-10,0.939704368,0.019158749,0.036008101,0.000273356,6.25348e-06,0.004812666,3.65069e-05,7.09318e-12,,197.22876549240598,0.9958390893214912,0.35335580800000005,0.9985678628695506,1.0000000005069871,-3.870932463456711e-10
377.1043971,0.298761514,281.9052236,1507.658657,0.1818769,0.896895132,-7.311308465,0.735291345,0.000627601,1.20236e-10,0.939587541,0.019158539,0.036109646,0.00027419,6.27424e-06,0.004827198,3.66115e-05,7.09504e-12,,196.61109457905195,0.9958240100438389,0.3523815295,0.9985612177548548,0.9999999998673309,2.529051412736294e-10
376.0448915,0.298757029,281.1362294,1507.648238,0.181869704,0.896888715,-7.311397778,0.735280093,0.000628423,1.20575e-10,0.939471645,0.019158318,0.036210399,0.000275018,6.29481e-06,0.004841609,3.67152e-05,7.09687e-12,,196.00221927588512,0.9958090607599595,0.35142028675,0.9985543169824026,0.9999999991376719,9.829030922503534e-10
375.0140211,0.298752643,280.3880471,1507.638953,0.181862701,0.896882455,-7.311484693,0.73526913,0.000629224,1.20908e-10,0.939358256,0.019158091,0.03630897,0.000275829,6.31498e-06,0.004855722,3.68169e-05,7.09864e-12,,195.4094495754217,0.9957944414602725,0.350485058875,0.998548167287401,1.0000000000080065,1.1290135493169373e-10
374.0106406,0.298748353,279.6598475,1507.629412,0.181855885,0.896876375,-7.311569303,0.735258447,0.000630003,1.21233e-10,0.939247314,0.019157858,0.036405429,0.000276622,6.33469e-06,0.004869526,3.69163e-05,7.10037e-12,,194.8329768368057,0.9957801421452575,0.349574809375,0.9985418480369963,1.0000000001183333,2.8995694734135213e-12
372.7043217,0.298742736,278.711835,1507.616514,0.181847008,0.896868469,-7.31167949,0.735244505,0.000631019,1.21658e-10,0.939102014,0.019157538,0.03653178,0.00027766,6.3605e-06,0.004887601,3.70466e-05,7.1026e-12,,194.0830490166569,0.9957614197087913,0.34838979375,0.9985333053588995,1.0000000002287606,-1.0710254905177408e-10
371.4375882,0.298737256,277.7925912,1507.6047,0.181838402,0.896860793,-7.311786334,0.735230991,0.000632003,1.22074e-10,0.938960157,0.019157206,0.036655142,0.000278674,6.38574e-06,0.00490526,3.71739e-05,7.10476e-12,,193.3557319085541,0.9957431539171169,0.347240739,0.9985254806419639,0.9999999987691789,1.3528951292585134e-09
370.221524,0.298731964,276.9101577,1507.592895,0.181830137,0.896853435,-7.311888936,0.735217985,0.000632949,1.22476e-10,0.938823093,0.01915687,0.036774356,0.000279654,6.41011e-06,0.00492232,3.72969e-05,7.10682e-12,,192.65803465949244,0.9957255147620913,0.34613769712500003,0.9985176618859604,1.0000000001395828,-1.7106760452634262e-11
369.1878694,0.29872744,276.1601183,1507.582797,0.181823111,0.896847184,-7.311976163,0.735206915,0.000633754,1.22819e-10,0.938705899,0.01915657,0.036876298,0.000280493,6.43095e-06,0.004936908,3.74022e-05,7.10857e-12,,192.06525257211567,0.9957104354844388,0.34520014787500003,0.9985109737200881,1.0000000012799275,-1.1571086311334966e-09
368.0934117,0.298722626,275.3659869,1507.572039,0.18181567,0.896840568,-7.312068536,0.735195178,0.000634606,1.23185e-10,0.938581114,0.019156238,0.036984854,0.000281385,6.45314e-06,0.004952442,3.75143e-05,7.11041e-12,,191.43786915832305,0.9956943895864241,0.344207483625,0.9985038484191913,1.0000000005702954,-4.471103487446726e-10
367.0427322,0.29871798,274.603647,1507.561649,0.181808527,0.89683422,-7.31215723,0.735183895,0.000635424,1.23538e-10,0.93846064,0.019155905,0.037089671,0.000282247,6.47457e-06,0.004967441,3.76226e-05,7.11218e-12,,190.83581382200953,0.995678903661585,0.34325455875000005,0.9984969668541871,1.00000000130065,-1.1771121855019828e-09
366.0060618,0.298713372,273.8514975,1507.550872,0.181801476,0.896827967,-7.312244771,0.735172733,0.000636232,1.23889e-10,0.93834112,0.019155563,0.037193673,0.000283102,6.49581e-06,0.004982315,3.773e-05,7.11391e-12,,190.24234379743376,0.9956635443973448,0.34231437187499997,0.9984898289691003,0.9999999989410029,1.1828861223861509e-09
364.9974096,0.298708866,273.1196951,1507.541242,0.181794617,0.896821871,-7.312329931,0.735161887,0.000637018,1.24232e-10,0.938224183,0.019155217,0.037295426,0.000283939,6.51663e-06,0.004996883,3.78352e-05,7.11559e-12,,189.66452837341475,0.9956485251168186,0.341399618875,0.9984834507716998,0.9999999999613476,1.6288437265643552e-10
363.692886,0.298703005,272.1732639,1507.5281,0.181785744,0.896814,-7.312440111,0.735147821,0.000638036,1.24678e-10,0.93807202,0.01915475,0.037427854,0.000285028,6.54371e-06,0.005015832,3.79721e-05,7.11775e-12,,188.91795220575744,0.9956289893859785,0.340216579875,0.9984747464861091,0.9999999999417958,1.8288226488749615e-10
362.4276326,0.298697284,271.2553549,1507.515259,0.181777137,0.896806372,-7.312546997,0.735134156,0.000639023,1.25114e-10,0.937923419,0.019154277,0.037557197,0.000286091,6.57015e-06,0.00503434,3.81059e-05,7.11984e-12,,188.1941743524316,0.9956099202994513,0.339069193625,0.9984662415605826,1.000000000182234,-5.7120086438544604e-11
361.200595,0.2986917,270.3652003,1507.502344,0.181768787,0.896798984,-7.312650689,0.735120868,0.000639981,1.2554e-10,0.937778346,0.019153798,0.037683488,0.00028713,6.59596e-06,0.005052405,3.82365e-05,7.12186e-12,,187.4928245614885,0.9955913078577159,0.337956500375,0.9984576876229473,0.999999999592662,5.328780749991324e-10
360.0107403,0.298686253,269.5020422,1507.490466,0.18176069,0.896791812,-7.312751234,0.735107988,0.00064091,1.25956e-10,0.93763674,0.019153314,0.037806767,0.000288144,6.62118e-06,0.005070051,3.83642e-05,7.12381e-12,,186.81257831051158,0.9955731520607725,0.33687755275000003,0.9984498205171608,1.0000000015130799,-1.3871237491969168e-09
358.9398712,0.298681323,268.7252212,1507.479369,0.181753402,0.896785367,-7.312841753,0.735096367,0.000641747,1.26332e-10,0.937508519,0.019152862,0.037918408,0.000289062,6.64401e-06,0.005086025,3.84798e-05,7.12556e-12,,186.20084820919763,0.9955567195146129,0.3359065265,0.9984424706878198,0.9999999999434575,1.8287449332632377e-10
357.8832803,0.298676432,267.9587771,1507.46785,0.181746209,0.896779021,-7.31293108,0.735084887,0.000642573,1.26706e-10,0.937381284,0.019152402,0.038029209,0.000289973,6.66664e-06,0.005101871,3.85945e-05,7.12727e-12,,185.59779433358617,0.9955404169622261,0.334948471375,0.9984348413569936,1.0000000002738332,-1.471271993125356e-10
356.8552459,0.298671648,267.2130594,1507.457566,0.18173921,0.896772829,-7.313018013,0.735073697,0.000643377,1.27071e-10,0.937256769,0.019151939,0.038137638,0.000290865,6.68884e-06,0.005117393,3.87069e-05,7.12893e-12,,185.01070818206915,0.9955244710594214,0.33401632425000005,0.9984280299985235,0.9999999998742,2.528710574267734e-10
355.8546257,0.298666968,266.4872433,1507.447005,0.181732396,0.896766816,-7.31310264,0.735062792,0.00064416,1.27429e-10,0.93713491,0.019151475,0.038243771,0.000291738,6.71054e-06,0.005132579,3.88169e-05,7.13054e-12,,184.43975721726065,0.9955088718066775,0.33310905412499997,0.9984210351758083,1.0000000005745595,-4.4713055480372077e-10
354.5519005,0.298660838,265.5423112,1507.432728,0.181723524,0.896759001,-7.313212838,0.735048576,0.00064518,1.27898e-10,0.936975265,0.01915085,0.038382835,0.000292881,6.73896e-06,0.005152469,3.8961e-05,7.13263e-12,,183.69702782506337,0.9954884394521221,0.331927889,0.998411579150441,1.0000000000950307,3.286737548791052e-11
353.2886518,0.298654854,264.6260288,1507.419635,0.181714919,0.89675141,-7.313319726,0.73503476,0.00064617,1.28356e-10,0.936819349,0.019150221,0.038518653,0.000293999,6.76675e-06,0.005171909,3.91019e-05,7.13465e-12,,182.97663811740878,0.9954684937409216,0.33078253599999996,0.9984029073188142,0.9999999997854906,3.428654027359812e-10
352.0759331,0.298649073,263.7464151,1507.406554,0.181706657,0.896744136,-7.313422359,0.735021477,0.000647121,1.28799e-10,0.936668654,0.019149596,0.038649946,0.000295079,6.7936e-06,0.005190694,3.92381e-05,7.13657e-12,,182.28563591005312,0.9954492246639745,0.32968301887499996,0.998394243435097,1.0000000008359355,-7.071365715205502e-10
350.899596,0.298643431,262.8932031,1507.393774,0.181698641,0.896737084,-7.313521935,0.73500857,0.000648043,1.29231e-10,0.93652151,0.01914897,0.038778157,0.000296133,6.81982e-06,0.005209037,3.93712e-05,7.13843e-12,,181.6156958404123,0.9954304188981667,0.32861650387499997,0.9983857789114439,0.9999999981563692,1.9728617628445022e-09
349.618965,0.298637249,261.9643585,1507.379759,0.181689913,0.896729413,-7.313630364,0.734994495,0.000649048,1.29705e-10,0.936360226,0.019148266,0.038918706,0.00029729,6.84856e-06,0.005229146,3.95171e-05,7.14044e-12,,180.8866590334766,0.9954098132185808,0.327455448125,0.9983764964154347,0.9999999997968455,3.32859517726547e-10
348.3057361,0.298630866,261.0118829,1507.365274,0.181680961,0.896721551,-7.313741579,0.734980035,0.00065008,1.30195e-10,0.936193638,0.019147519,0.039063894,0.000298484,6.87825e-06,0.005249918,3.96679e-05,7.14249e-12,,180.1394450803596,0.9953885375710886,0.32626485362499996,0.9983669026263022,0.9999999992873374,8.428575615226919e-10
347.2998587,0.298625947,260.2823341,1507.354101,0.181674103,0.896715534,-7.313826784,0.73496894,0.00065087,1.30573e-10,0.93606521,0.01914693,0.039175836,0.000299405,6.90114e-06,0.005265934,3.97842e-05,7.14405e-12,,179.56733949958286,0.9953721416898392,0.325352917625,0.9983595024602008,1.000000000477717,-3.471440912505841e-10
345.9989239,0.298619546,259.3387918,1507.33955,0.181665232,0.896707756,-7.313937007,0.734954566,0.000651893,1.31064e-10,0.935898031,0.019146146,0.039321569,0.000300604,6.93095e-06,0.005286783,3.99356e-05,7.14606e-12,,178.82778417199142,0.9953508060452211,0.32417348975000004,0.9983498649575657,0.9999999996882101,4.4285397571286467e-10
344.7371513,0.298613295,258.4236592,1507.325327,0.181656626,0.896700218,-7.314043938,0.734940599,0.000652885,1.31545e-10,0.935734712,0.019145361,0.039463954,0.000301776,6.96007e-06,0.005307153,4.00837e-05,7.148e-12,,178.11082598492828,0.9953299703766524,0.323029574,0.9983404446977914,0.9999999999086929,2.2285207013084118e-10
343.5134893,0.298607193,257.5361729,1507.311023,0.181648277,0.89669292,-7.314147678,0.734927015,0.000653849,1.32014e-10,0.935575218,0.019144577,0.039603027,0.00030292,6.98849e-06,0.005327042,4.02283e-05,7.14987e-12,,177.4160794571681,0.9953096313509595,0.321920216125,0.9983309707896275,1.0000000009291639,-7.971499016434791e-10
342.326908,0.298601238,256.6755792,1507.297851,0.181640182,0.896685834,-7.31424827,0.734913846,0.000654783,1.32472e-10,0.935419483,0.019143794,0.039738824,0.000304037,7.01629e-06,0.005346476,4.03696e-05,7.15167e-12,,176.74223435403457,0.9952897823017951,0.32084447400000005,0.9983222466342632,1.0000000000296236,1.0284828544371294e-10
341.18779,0.298595485,255.8494112,1507.284723,0.181632408,0.896679043,-7.314344876,0.734901168,0.000655681,1.32915e-10,0.935268992,0.019143023,0.039870068,0.000305117,7.04313e-06,0.005365252,4.05062e-05,7.15339e-12,,176.09583117209112,0.9952706065537107,0.319811764,0.9983135516212336,1.0000000014700685,-1.3371534990369582e-09
340.0828455,0.29858987,255.0480274,1507.271901,0.181624866,0.89667246,-7.314438603,0.734888849,0.000656553,1.33347e-10,0.935122078,0.019142255,0.039998205,0.000306172,7.06934e-06,0.005383582,4.06396e-05,7.15505e-12,,175.4691274347045,0.9952518907835918,0.31881003425,0.9983050592798972,1.000000001080502,-9.47155021080448e-10
338.8799368,0.298583719,254.1755905,1507.257842,0.181616653,0.896665298,-7.314540665,0.734875414,0.000657502,1.33821e-10,0.934961078,0.019141397,0.040138642,0.000307327,7.09806e-06,0.005403672,4.07858e-05,7.15685e-12,,174.78713415250857,0.9952313884323896,0.317719488125,0.998295747641553,1.0000000000009777,1.3284329192231326e-10
337.5807955,0.298577031,253.2333556,1507.242069,0.181607781,0.896657578,-7.314650931,0.734860866,0.000658528,1.34337e-10,0.934785951,0.019140445,0.040291425,0.000308585,7.12929e-06,0.00542552,4.0945e-05,7.15877e-12,,174.05117811235405,0.9952090961669299,0.3165416945,0.9982853007767971,1.0000000004314957,-2.971587420574906e-10
336.3210221,0.298570499,252.3196628,1507.227583,0.181599177,0.896650081,-7.314757862,0.734846752,0.000659523,1.34841e-10,0.934614858,0.019139495,0.040440694,0.000309813,7.15984e-06,0.00544688,4.11006e-05,7.16063e-12,,173.33738699683627,0.9951873238765618,0.3153995785,0.9982757063253388,1.0000000005820018,-4.471607528699906e-10
335.1116396,0.298564186,251.4425113,1507.213113,0.181590915,0.896642898,-7.314860553,0.734833164,0.00066048,1.35328e-10,0.934449437,0.019138559,0.040585035,0.000311001,7.18936e-06,0.005467528,4.12511e-05,7.1624e-12,,172.6526793339326,0.9951662815512261,0.314303139125,0.9982661224710931,1.0000000006024905,-4.671625308816374e-10
333.9385386,0.298558022,250.591665,1507.198972,0.181582899,0.896635935,-7.314960188,0.73481996,0.000661408,1.35804e-10,0.934287864,0.019137628,0.040726034,0.000312162,7.2182e-06,0.005487697,4.13981e-05,7.16411e-12,,171.9888291438705,0.995145735868766,0.31323958125,0.9982567565220337,1.000000001442968,-1.3071639326511786e-09
332.8007516,0.298552005,249.7664214,1507.185156,0.181575123,0.896629187,-7.315056848,0.734807128,0.000662309,1.36269e-10,0.934130095,0.019136703,0.040863727,0.000313295,7.24636e-06,0.005507392,4.15418e-05,7.16575e-12,,171.3452661916645,0.9951256801628346,0.31220802675000003,0.9982476058288577,1.0000000003034348,-1.6716583672859997e-10
331.6973303,0.298546133,248.9660938,1507.171311,0.181567579,0.896622654,-7.315150621,0.734794653,0.000663183,1.36723e-10,0.93397609,0.019135786,0.040998153,0.000314401,7.27384e-06,0.005526614,4.1682e-05,7.16734e-12,,170.72157678739939,0.9951061077670842,0.31120761725,0.9982384359282336,0.9999999999838903,1.5283263543608427e-10
330.6273461,0.298540404,248.1900041,1507.158487,0.181560264,0.896616311,-7.315241555,0.734782552,0.000664032,1.37166e-10,0.933825784,0.019134876,0.041129353,0.000315481,7.30069e-06,0.005545386,4.1819e-05,7.16886e-12,,170.1166722594166,0.9950870120151677,0.31023750512500003,0.9982299422622455,0.9999999998343347,3.028312045572079e-10
329.3433651,0.298533484,247.2586809,1507.142558,0.181551483,0.896608713,-7.315350716,0.734767991,0.00066505,1.37701e-10,0.933644168,0.019133758,0.041287905,0.000316787,7.33312e-06,0.005568065,4.19846e-05,7.17069e-12,,169.39129959802037,0.9950639464534184,0.309073351125,0.9982193920746658,1.0000000008648717,-7.271707680445161e-10
328.0979034,0.298526723,246.3552777,1507.126981,0.181542964,0.89660135,-7.315456632,0.734753838,0.000666039,1.38224e-10,0.933466678,0.019132647,0.041442872,0.000318062,7.36482e-06,0.005590229,4.21465e-05,7.17244e-12,,168.68808024480532,0.9950414108662814,0.307944097125,0.9982090750257656,0.9999999994653963,6.728276824574664e-10
326.889934,0.29852012,245.4790492,1507.111754,0.181534699,0.896594213,-7.315559388,0.734740081,0.000666999,1.38735e-10,0.933293272,0.019131543,0.04159429,0.000319309,7.39579e-06,0.005611886,4.23048e-05,7.17413e-12,,168.00631068590022,0.9950194019205834,0.3068488115,0.9981989897908936,1.000000000735909,-5.971738659127368e-10
325.7184503,0.298513672,244.6292668,1507.096463,0.18152668,0.896587306,-7.315659082,0.734726699,0.000667931,1.39235e-10,0.933123913,0.019130448,0.041742194,0.000320526,7.42602e-06,0.005633033,4.24593e-05,7.17575e-12,,167.34564801524397,0.994997909616803,0.3057865835,0.9981888621671707,0.9999999994664106,6.728243517883925e-10
324.582466,0.298507378,243.8052109,1507.082335,0.181518905,0.896580599,-7.315755751,0.734713725,0.000668835,1.39723e-10,0.932958535,0.019129362,0.041886625,0.000321716,7.45558e-06,0.005653697,4.26104e-05,7.17731e-12,,166.70486114388473,0.9949769306217667,0.304756513625,0.9981795048283467,1.0000000011269004,-9.871774508951603e-10
323.4919211,0.298501297,243.0140974,1507.068278,0.181511439,0.896574172,-7.315848593,0.734701232,0.000669703,1.40194e-10,0.932798715,0.019128297,0.042026221,0.000322865,7.48413e-06,0.005673662,4.27565e-05,7.17881e-12,,166.0901718674415,0.9949566615927208,0.30376762175,0.9981701945146542,1.0000000007773726,-6.371785321590551e-10
322.4340925,0.298495362,242.246696,1507.054547,0.181504194,0.896567943,-7.315938672,0.734689091,0.000670546,1.40654e-10,0.932642682,0.019127244,0.042162521,0.000323987,7.51201e-06,0.005693155,4.28991e-05,7.18024e-12,,165.49417450917537,0.9949368792070297,0.30280837,0.9981611001191706,1.0000000002578344,-1.1718026549090155e-10
321.2824771,0.298488859,241.4112316,1507.03949,0.181496306,0.896561167,-7.316036763,0.734675848,0.000671465,1.41159e-10,0.932471677,0.019126074,0.042311914,0.000325217,7.54257e-06,0.00571452,4.30555e-05,7.18179e-12,,164.84560765851322,0.9949152035786979,0.3017640395,0.9981511274796835,1.0000000002183407,-7.718181649352118e-11
320.0387325,0.298481787,240.5089005,1507.022623,0.181487785,0.896553866,-7.316142725,0.734661521,0.000672458,1.41708e-10,0.932285653,0.019124782,0.042474452,0.000326556,7.57579e-06,0.005737755,4.32256e-05,7.18346e-12,,164.14574503495595,0.9948916313745517,0.30063612562500003,0.9981399560305086,0.9999999995388914,6.028165744353942e-10
318.8326771,0.298474879,239.6338756,1507.007078,0.181479519,0.896546772,-7.31624552,0.734647585,0.000673421,1.42244e-10,0.932103897,0.019123502,0.042633262,0.000327863,7.60829e-06,0.005760475,4.33921e-05,7.18505e-12,,163.4668706134133,0.9948686058108864,0.2995423445,0.998129660176034,0.999999999539429,6.028150201231597e-10
317.6748639,0.298468201,238.793821,1506.991577,0.181471582,0.896539978,-7.316344226,0.734634183,0.000674347,1.42763e-10,0.931928155,0.019122247,0.04278684,0.000329128,7.6397e-06,0.005782437,4.3553e-05,7.18658e-12,,162.81570612154727,0.9948463468771633,0.29849227625,0.9981193934638941,0.9999999998499496,2.928134401614102e-10
316.5517851,0.298461679,237.9789359,1506.976427,0.181463882,0.896533394,-7.316439998,0.734621156,0.000675245,1.4327e-10,0.931756488,0.019121004,0.042936872,0.000330364,7.67039e-06,0.005803892,4.37103e-05,7.18804e-12,,162.18432944554326,0.9948246079185319,0.297473669875,0.9981093592281083,1.000000000840458,-6.971880850414891e-10
315.4625144,0.298455312,237.1885495,1506.961624,0.181456411,0.896527014,-7.316532913,0.734608496,0.000676117,1.43765e-10,0.93158885,0.019119776,0.043083395,0.00033157,7.70036e-06,0.005824844,4.38639e-05,7.18945e-12,,161.5722426971767,0.9948033856018182,0.296485686875,0.9980995548193731,0.9999999994109545,7.32810478965007e-10
314.4061442,0.298449098,236.4220062,1506.94681,0.181449164,0.896520837,-7.316623054,0.734596186,0.000676964,1.44249e-10,0.9314252,0.019118562,0.043226452,0.000332748,7.7296e-06,0.005845294,4.40139e-05,7.1908e-12,,160.97904386562354,0.9947826732606753,0.29552750775,0.998089743125054,0.9999999996514396,4.928093488842933e-10
313.3817852,0.298443035,235.678658,1506.933047,0.181442136,0.896514841,-7.316710471,0.73458424,0.000677785,1.4472e-10,0.93126547,0.019117364,0.043366083,0.000333898,7.75817e-06,0.005865266,4.41605e-05,7.19211e-12,,160.40371353307302,0.9947624642287552,0.2945983225,0.998080627535145,0.9999999998219122,3.2280778050619574e-10
312.1525543,0.298435708,234.7866001,1506.915976,0.181433699,0.896507659,-7.316815412,0.734569866,0.000678772,1.45291e-10,0.931072452,0.019115898,0.043534836,0.000335288,7.79269e-06,0.005889396,4.43376e-05,7.19366e-12,,159.7138013949949,0.994738042065325,0.293483250125,0.998069320971508,1.0000000004424847,-2.9719360306046383e-10
310.9602004,0.29842855,233.9212586,1506.899281,0.181425513,0.8965007,-7.316917236,0.73455589,0.000679729,1.45848e-10,0.930883802,0.019114447,0.043699786,0.000336647,7.82642e-06,0.005912981,4.45108e-05,7.19515e-12,,159.04490955156163,0.9947141832082438,0.29240157325,0.9980582634423697,1.0000000003730432,-2.2719515158087233e-10
309.8037401,0.298421557,233.0819221,1506.882959,0.181417572,0.896493956,-7.317016027,0.734542305,0.000680659,1.46393e-10,0.930699479,0.019113011,0.043860968,0.000337974,7.85939e-06,0.005936027,4.46801e-05,7.19658e-12,,158.3964363130253,0.994690874324817,0.291352402625,0.9980474529607527,0.9999999986435897,1.502803437247735e-09
308.6822096,0.298414728,232.267895,1506.866593,0.181409868,0.896487432,-7.317111856,0.734529107,0.000681562,1.46925e-10,0.930519445,0.019111592,0.044018422,0.000339271,7.89157e-06,0.005958531,4.48455e-05,7.19796e-12,,157.7680430165826,0.994668112081871,0.29033486875000003,0.9980366133368007,0.9999999982241228,1.9228021397310613e-09
307.5946648,0.298408061,231.4784894,1506.851422,0.181402395,0.896481094,-7.317204823,0.734516266,0.000682437,1.47445e-10,0.930343628,0.019110191,0.044172188,0.000340538,7.92303e-06,0.005980524,4.50071e-05,7.19928e-12,,157.15850771468791,0.9946458898130583,0.28934811175,0.9980265651921731,0.9999999992846442,8.628007197586385e-10
306.5506218,0.298401619,230.7206207,1506.836351,0.18139522,0.896475023,-7.317294091,0.734503921,0.000683279,1.47947e-10,0.930173707,0.019108823,0.044320818,0.000341762,7.95343e-06,0.006001774,4.51634e-05,7.20053e-12,,156.573794294891,0.99462441750832,0.288400775875,0.998016583280125,1.0000000009851475,-8.372005311230168e-10
305.5379001,0.298395329,229.9854485,1506.821628,0.181388258,0.89646914,-7.317380706,0.734491921,0.000684096,1.48438e-10,0.930007801,0.019107472,0.044465947,0.000342958,7.98311e-06,0.006022522,4.5316e-05,7.20174e-12,,156.0068731151907,0.9946034518459783,0.287481810625,0.9980068318574533,0.9999999992656398,8.827982789227917e-10
304.4353908,0.298388437,229.1850503,1506.805482,0.181380677,0.896462742,-7.317475027,0.734478829,0.000684986,1.48976e-10,0.929825962,0.019105977,0.044625028,0.000344269,8.01564e-06,0.006045265,4.54834e-05,7.20304e-12,,155.3899090407668,0.9945804796130916,0.286481312875,0.9979961379451762,1.0000000001961793,-4.7203130293382856e-11
303.2446806,0.29838094,228.3205666,1506.787422,0.181372487,0.896455847,-7.317576937,0.734464647,0.000685948,1.49561e-10,0.929628137,0.019104333,0.044798118,0.000345695,8.05101e-06,0.00607,4.56655e-05,7.20443e-12,,154.72414224980344,0.9945554908101385,0.28540070825,0.9979841763413285,0.9999999996667656,4.827954702690818e-10
302.0900526,0.298373617,227.4822186,1506.770722,0.181364544,0.896449151,-7.317675773,0.73445088,0.000686882,1.50133e-10,0.929434835,0.019102708,0.044967251,0.000347088,8.08562e-06,0.006094189,4.58436e-05,7.20577e-12,,154.07831963653854,0.9945310819794029,0.28435277325,0.9979731155005612,1.0000000003773388,-2.2720580972190874e-10
300.9816098,0.298366536,226.6773518,1506.754095,0.181356915,0.896442739,-7.317770697,0.734437624,0.000687779,1.50686e-10,0.929247913,0.01910112,0.045130824,0.000348436,8.11907e-06,0.006117572,4.60158e-05,7.20704e-12,,153.45885826150095,0.9945074797766938,0.28334668975,0.9979621030095769,1.000000000027893,1.227931090141965e-10
299.9064202,0.29835962,225.8965784,1506.737843,0.181349513,0.896436525,-7.317862803,0.734424735,0.00068865,1.51226e-10,0.929065311,0.019099553,0.045290631,0.000349752,8.15175e-06,0.006140416,4.61842e-05,7.20825e-12,,152.85822735039528,0.994484427547639,0.282370723,0.9979513388907656,0.9999999991084343,1.0427917418454058e-09
298.8635971,0.298352867,225.1392575,1506.721963,0.181342332,0.896430504,-7.317952163,0.734412207,0.000689496,1.51754e-10,0.928886982,0.019098008,0.045446713,0.000351038,8.18366e-06,0.006162727,4.63486e-05,7.20942e-12,,152.27591067644218,0.9944619186258915,0.281424071875,0.9979408211571497,1.0000000004189635,-2.672093657452024e-10
297.8522716,0.298346275,224.404763,1506.70609,0.181335367,0.896424678,-7.318038843,0.734400038,0.000690317,1.5227e-10,0.928712882,0.019096485,0.045599111,0.000352294,8.2148e-06,0.006184504,4.65092e-05,7.21054e-12,,151.7115718141846,0.9944399463451036,0.28050595375,0.9979303080598143,1.0000000001594807,-7.210676500335467e-12
296.5773884,0.298337903,223.47878,1506.686736,0.181326582,0.896417325,-7.31814817,0.734384642,0.000691352,1.52925e-10,0.928491744,0.019094532,0.045792687,0.000353889,8.2544e-06,0.00621218,4.67134e-05,7.21193e-12,,151.00008665694955,0.9944120410151953,0.279348475,0.9979174894063887,0.9999999999601369,1.9278811880241165e-10
295.4005733,0.298330114,222.623955,1506.668379,0.181318471,0.896410553,-7.318249117,0.734370399,0.00069231,1.53534e-10,0.92828597,0.019092695,0.045972837,0.000355374,8.29124e-06,0.006237929,4.69034e-05,7.2132e-12,,150.34380104285614,0.9943860789255324,0.27827994375,0.9979053310917799,0.9999999998007472,3.5278679977324146e-10
294.2708307,0.29832258,221.8032553,1506.650611,0.181310682,0.89640406,-7.318346061,0.734356691,0.000693229,1.54124e-10,0.928086916,0.0190909,0.04614712,0.00035681,8.32687e-06,0.006262839,4.70873e-05,7.21441e-12,,149.7140334933966,0.994360966795154,0.277254069125,0.9978935628870642,0.9999999993313385,8.227855063935863e-10
293.1749804,0.298315219,221.0071113,1506.633237,0.181303124,0.896397768,-7.318440129,0.734343362,0.000694122,1.547e-10,0.927892404,0.019089129,0.046317442,0.000358214,8.36169e-06,0.006287183,4.72671e-05,7.21556e-12,,149.10339577233773,0.9943364313038192,0.27625888912499996,0.9978820556387115,1.0000000009519154,-7.97215404801932e-10
292.1121186,0.29830803,220.2348706,1506.616255,0.181295791,0.896391673,-7.318531397,0.734330403,0.000694989,1.55263e-10,0.927702387,0.019087383,0.046483842,0.000359585,8.39571e-06,0.006310965,4.74428e-05,7.21667e-12,,148.5114013436613,0.9943124691183544,0.27529358825,0.9978708080220701,1.0000000006724796,-5.172164918576527e-10
291.0813595,0.298301009,219.4858956,1506.599271,0.181288677,0.896385775,-7.318619946,0.734317797,0.000695831,1.55813e-10,0.927516823,0.019085664,0.046646362,0.000360924,8.42892e-06,0.006334183,4.76144e-05,7.21772e-12,,147.93772308433012,0.994289066906065,0.2743573695,0.9978595590807772,0.9999999994830308,6.727823853580617e-10
289.8419498,0.298292504,218.5852264,1506.579181,0.181280121,0.896378683,-7.318726449,0.73430261,0.000696844,1.56479e-10,0.927291981,0.019083561,0.046843292,0.000362548,8.46918e-06,0.006362327,4.78224e-05,7.21898e-12,,147.24795698249795,0.9942607182640595,0.273231533,0.9978462529555667,1.0000000007436978,-5.872187180955279e-10
288.594544,0.298283872,217.6786529,1506.559112,0.181271508,0.896371549,-7.318833677,0.734287288,0.000697865,1.57155e-10,0.927063779,0.019081404,0.047043178,0.000364195,8.51006e-06,0.0063909,4.80337e-05,7.22022e-12,,146.55389573514952,0.9942319463089987,0.272098316125,0.9978329607391979,0.9999999999243752,2.327797954393418e-10
287.500665,0.298276244,216.8835822,1506.540702,0.18126395,0.896365312,-7.318927757,0.734273801,0.000698761,1.57753e-10,0.926862086,0.019079481,0.047219872,0.000365651,8.54616e-06,0.006416143,4.82205e-05,7.22129e-12,,145.94584816705907,0.9942065208602958,0.27110447775,0.9978207673213221,0.9999999998249743,3.3277869349035427e-10
286.3952715,0.298268479,216.0800634,1506.522632,0.181256312,0.896359006,-7.319022849,0.734260152,0.000699667,1.58362e-10,0.926656729,0.019077505,0.047399779,0.000367134,8.58295e-06,0.006441858,4.84108e-05,7.22236e-12,,145.33134447084385,0.9941806387668009,0.27010007925,0.9978087990942164,0.9999999989155842,1.2427777695833697e-09
285.3230398,0.298260891,215.3005765,1506.504632,0.181248899,0.896352902,-7.31911513,0.73424687,0.000700548,1.58958e-10,0.926456055,0.019075558,0.047575604,0.000368584,8.61889e-06,0.006466983,4.85968e-05,7.22338e-12,,144.73565217892144,0.9941553466450445,0.269125720625,0.9977968772299163,0.9999999998561814,3.0277658158439635e-10
284.2830856,0.298253478,214.5444825,1506.487036,0.181241708,0.896346989,-7.319204665,0.734233955,0.000701402,1.59539e-10,0.926260011,0.019073641,0.047747387,0.00037,8.654e-06,0.006491529,4.87786e-05,7.22436e-12,,144.15813760221386,0.9941306378286793,0.26818060312499997,0.9977852229452372,1.0000000007667635,-6.072244929100634e-10
283.2745422,0.29824624,213.8111579,1506.469448,0.18123473,0.896341267,-7.319291543,0.734221384,0.000702232,1.60107e-10,0.926068553,0.019071754,0.047915171,0.000371383,8.68827e-06,0.006515494,4.89562e-05,7.22529e-12,,143.59847871158416,0.994106512317705,0.26726394737500003,0.9977735739591646,0.9999999996373323,5.227747124081361e-10
282.0618453,0.29823747,212.9292961,1506.448629,0.18122634,0.896334391,-7.319396003,0.734206272,0.00070323,1.60795e-10,0.925836561,0.019069448,0.048118486,0.000373059,8.72983e-06,0.006544544,4.91715e-05,7.22639e-12,,142.925574673055,0.9940772803846787,0.266161620125,0.9977597849984499,0.9999999994980214,6.627736137687634e-10
280.8976562,0.298228981,212.0826114,1506.428463,0.181218279,0.896327795,-7.31949637,0.73419168,0.00070419,1.61462e-10,0.925612009,0.019067196,0.048315299,0.000374682,8.77005e-06,0.006572664,4.938e-05,7.22743e-12,,142.27987638671937,0.9940489850734517,0.26510326424999997,0.997746428536479,1.0000000002186893,-5.7227333982723394e-11
279.7259562,0.298220369,211.2303645,1506.408301,0.181210165,0.896321162,-7.319597403,0.734176974,0.000705157,1.62138e-10,0.925384159,0.019064892,0.048515014,0.000376328,8.81088e-06,0.006601205,4.95917e-05,7.22846e-12,,141.63014164039558,0.9940202797818641,0.264037955625,0.9977330747238113,1.0000000007493666,-5.872287101027496e-10
278.644387,0.298212357,210.4435865,1506.389215,0.181202672,0.896315053,-7.319690709,0.734163355,0.000706051,1.62767e-10,0.925172182,0.01906273,0.048700837,0.00037786,8.84886e-06,0.006627753,4.97887e-05,7.22939e-12,,141.03079110010816,0.9939935743944746,0.263054483125,0.9977204335736984,0.9999999997299964,4.3277070815861407e-10
277.6060805,0.298204609,209.6881968,1506.370745,0.181195476,0.896309197,-7.319780318,0.734150245,0.00070691,1.63376e-10,0.924967167,0.019060624,0.048880572,0.000379342,8.88558e-06,0.00665343,4.99793e-05,7.23027e-12,,140.45565308437355,0.9939677489649321,0.262110246,0.997708200416275,1.0000000000506062,1.1276990452557811e-10
276.5989233,0.298197039,208.9553897,1506.352689,0.181188493,0.896303523,-7.319867272,0.734137495,0.000707745,1.63971e-10,0.924766867,0.019058551,0.049056187,0.00038079,8.92147e-06,0.006678517,5.01655e-05,7.2311e-12,,139.8980002967618,0.9939425168403017,0.261194237125,0.9976962414617305,0.9999999991412021,1.022768869596291e-09
275.3828587,0.298187827,208.0704756,1506.330701,0.181180059,0.896296682,-7.319972308,0.734122056,0.000708753,1.64695e-10,0.924523114,0.019056009,0.049269918,0.000382553,8.96514e-06,0.006709049,5.03923e-05,7.23209e-12,,139.22493578362014,0.9939118116445163,0.26008809450000003,0.9976816782421621,1.0000000006119272,-4.472320291881715e-10
274.2154368,0.298178909,207.2208466,1506.3094,0.181171959,0.896290126,-7.320073187,0.734107189,0.000709722,1.65396e-10,0.924287125,0.019053527,0.04947686,0.000384259,9.00742e-06,0.00673861,5.0612e-05,7.23302e-12,,138.57908490330018,0.9938820864017877,0.25902605824999997,0.9976675700404146,1.000000000592629,-4.272329157117838e-10
273.0947118,0.298170278,206.4050977,1506.288769,0.181164179,0.89628384,-7.320170076,0.734092872,0.000710654,1.66074e-10,0.924058723,0.019051106,0.049677166,0.000385911,9.04834e-06,0.006767221,5.08247e-05,7.2339e-12,,137.95936020385136,0.9938533177799006,0.258006372125,0.9976539055969493,1.0000000002133083,-4.723421653807236e-11
271.8600769,0.298160689,205.5063148,1506.265833,0.181155606,0.896276927,-7.320276862,0.734077051,0.000711682,1.66828e-10,0.923804977,0.019048395,0.049899717,0.000387746,9.09381e-06,0.006799009,5.10611e-05,7.23483e-12,,137.27693549729446,0.9938213559776441,0.25688289350000004,0.9976387144925278,0.9999999990840628,1.082765210824732e-09
270.8229837,0.298152569,204.7512364,1506.246396,0.1811484,0.89627113,-7.320366603,0.73406372,0.000712546,1.67467e-10,0.923590085,0.019046082,0.050088207,0.0003893,9.13231e-06,0.006825931,5.12613e-05,7.23561e-12,,136.70394550260428,0.9937942906074989,0.2559390455,0.9976258408660611,0.9999999987847027,1.3827643474684237e-09
269.8172149,0.298144636,204.0188766,1506.226967,0.181141409,0.896265522,-7.320453687,0.734050738,0.000713386,1.68091e-10,0.923380152,0.019043808,0.050272369,0.000390819,9.16991e-06,0.006852224,5.1457e-05,7.23634e-12,,136.14867457264256,0.9937678485408288,0.25502359575,0.9976129725382008,0.9999999990853273,1.0827636565124976e-09
268.6078541,0.29813502,203.1381482,1506.203951,0.181133003,0.896258783,-7.320558396,0.734035131,0.000714396,1.68848e-10,0.92312568,0.019041029,0.050495612,0.00039266,9.21551e-06,0.006884108,5.16944e-05,7.23719e-12,,135.48103034586336,0.9937357967428833,0.25392268525,0.9975977284477158,0.9999999990860852,1.0827628793563804e-09
267.4468678,0.298125709,202.292524,1506.181648,0.181124925,0.89625232,-7.320659013,0.734020053,0.000715368,1.6958e-10,0.922879272,0.019038319,0.050711799,0.000394443,9.25967e-06,0.006914983,5.19243e-05,7.23799e-12,,134.84038120357926,0.9937047615629053,0.25286565499999997,0.9975829565955222,1.000000000146818,2.2762014495469884e-11
266.3323209,0.298116695,201.4806074,1506.160042,0.181117169,0.896246128,-7.320755633,0.734005549,0.000716301,1.7029e-10,0.922640747,0.019035676,0.050921087,0.00039617,9.30241e-06,0.006944871,5.2147e-05,7.23874e-12,,134.22563429760305,0.9936747163355051,0.25185075925,0.9975686463844073,1.0000000005875285,-4.172384659995032e-10
265.2105833,0.298107548,200.6633328,1506.138421,0.181109359,0.8962399,-7.320852917,0.733990911,0.000717243,1.7101e-10,0.922398699,0.019032975,0.051133477,0.000397921,9.34581e-06,0.006975209,5.23731e-05,7.23947e-12,,133.60702570141422,0.9936442277960078,0.250829166,0.9975543262384056,1.0000000000882496,8.276046514765767e-11
264.1751333,0.298099038,199.9088194,1506.11797,0.181102147,0.896234166,-7.320942767,0.733977351,0.000718112,1.7168e-10,0.922173496,0.019030445,0.051331108,0.000399552,9.38617e-06,0.007003429,5.25835e-05,7.24013e-12,,133.03640496397628,0.9936158624881338,0.24988602425,0.9975407810135832,0.99999999984892,3.2276004091613686e-10
262.9325933,0.298088738,199.0032645,1506.093204,0.181093488,0.896227297,-7.321050639,0.733961025,0.000719158,1.72491e-10,0.921900965,0.019027362,0.051570292,0.000401525,9.43501e-06,0.007037582,5.28383e-05,7.2409e-12,,132.35193453279047,0.993581530799403,0.248754080625,0.997524377852958,0.9999999994897318,6.827591825242507e-10
261.7397549,0.298078761,198.1337865,1506.069194,0.181085172,0.896220716,-7.321154253,0.733945296,0.000720163,1.73276e-10,0.921636959,0.019024353,0.051802016,0.000403436,9.48232e-06,0.007070669,5.30851e-05,7.2416e-12,,131.69513545863654,0.9935482757257652,0.24766723312500002,0.9975084754106331,1.0000000006005174,-4.2724157545137587e-10
260.59463,0.298069098,197.2989511,1506.045926,0.181077184,0.896214409,-7.321253774,0.733930144,0.000721129,1.74037e-10,0.921381293,0.019021418,0.052026438,0.000405288,9.52814e-06,0.007102711,5.33243e-05,7.24226e-12,,131.06490704990307,0.9935160672686575,0.24662368887500002,0.9974930644140481,1.0000000006212793,-4.4724224323999806e-10
259.4953101,0.298059742,196.4973808,1506.023384,0.181069512,0.896208366,-7.321349363,0.73391555,0.000722058,1.74774e-10,0.92113378,0.019018558,0.052243721,0.00040708,9.5725e-06,0.007133733,5.3556e-05,7.24287e-12,,130.4601329877222,0.9934848820958647,0.245621726,0.9974781342659896,1.0000000006820167,-5.072426922936302e-10
258.439963,0.298050688,195.727753,1506.001553,0.181062143,0.896202574,-7.321441175,0.733901493,0.000722951,1.75487e-10,0.920894232,0.019015772,0.052454027,0.000408815,9.61544e-06,0.007163757,5.37803e-05,7.24343e-12,,129.87980001968828,0.993454703541518,0.24465969125,0.997463675031571,0.9999999989227305,1.2527564541287006e-09
257.4268298,0.298041926,194.9887974,1505.980417,0.181055066,0.896197023,-7.321529357,0.733887956,0.00072381,1.76178e-10,0.920662463,0.019013061,0.052657521,0.000410494,9.65697e-06,0.007192807,5.39974e-05,7.24396e-12,,129.3229039271667,0.993425498273881,0.24373599675000002,0.9974496761135795,1.000000000553422,-3.772440138050115e-10
256.2009386,0.298031233,194.0945108,1505.954606,0.181046499,0.896190319,-7.321636114,0.733871519,0.00072485,1.7702e-10,0.920379628,0.01900973,0.052905869,0.000412543,9.70767e-06,0.00722826,5.42624e-05,7.24456e-12,,128.64932452946996,0.9933898566479004,0.2426181385,0.997432580822499,1.0000000002542646,-7.724465511671497e-11
255.024083,0.298020873,193.2358378,1505.92958,0.18103827,0.896183897,-7.32173866,0.733855681,0.00072585,1.77836e-10,0.920105608,0.019006481,0.053146498,0.000414528,9.75678e-06,0.007262609,5.45193e-05,7.24512e-12,,128.00298923235775,0.9933553249687497,0.24154479725000003,0.9974160054571671,1.000000000265081,-8.724510003332853e-11
253.8943017,0.298010838,192.4113635,1505.905324,0.181030365,0.896177743,-7.32183716,0.73384042,0.000726812,1.78627e-10,0.919840215,0.019003314,0.05337957,0.000416451,9.80434e-06,0.007295877,5.47682e-05,7.24562e-12,,127.38279363142449,0.9933218765710393,0.24051420437499998,0.997399940082697,0.9999999997258727,4.5275427851265704e-10
252.8097117,0.298001121,191.6197292,1505.881822,0.181022773,0.896171848,-7.321931771,0.733825719,0.000727737,1.79393e-10,0.919583258,0.019000228,0.053605252,0.000418314,9.8504e-06,0.007328089,5.50093e-05,7.24609e-12,,126.78764793269157,0.9932894881225539,0.23952466149999999,0.9973843741018759,1.000000000886639,-7.072460395107782e-10
251.7685052,0.297991714,190.8596301,1505.859058,0.181015482,0.896166198,-7.322022646,0.733811557,0.000728626,1.80134e-10,0.919334545,0.018997223,0.053823709,0.000420116,9.89498e-06,0.007359269,5.52428e-05,7.24651e-12,,126.216529581286,0.9932581329579042,0.238574537625,0.997369296917491,0.9999999999673805,2.1275348149885076e-10
250.5706875,0.297980798,189.9850413,1505.832623,0.181007088,0.896159713,-7.32212725,0.733795205,0.00072965,1.80995e-10,0.919045926,0.018993715,0.054077238,0.000422208,9.94671e-06,0.007395452,5.55138e-05,7.24698e-12,,125.5598068955778,0.9932217480341966,0.237481301625,0.9973517883351147,0.999999999698242,4.827529487272386e-10
249.3712177,0.297969761,189.1090711,1505.805881,0.180998679,0.896153232,-7.322232062,0.733778766,0.000730678,1.81864e-10,0.918754195,0.018990146,0.054333521,0.000424323,9.99899e-06,0.007432027,5.57879e-05,7.24741e-12,,124.90246573743157,0.9931849597964759,0.236386338875,0.9973340764187196,0.9999999990791114,1.1027525559370588e-09
248.2197266,0.297959067,188.2679717,1505.779952,0.180990601,0.896147025,-7.322332744,0.733762923,0.000731666,1.82707e-10,0.918471542,0.018986666,0.05458185,0.000426373,1.00497e-05,0.007467465,5.60535e-05,7.2478e-12,,124.27169833287125,0.9931493148373216,0.235334964625,0.9973169029731954,0.9999999993899548,7.927521972206364e-10
247.1142952,0.297948708,187.4603587,1505.754818,0.180982841,0.896141078,-7.322429456,0.733747656,0.000732617,1.83524e-10,0.918197776,0.018983276,0.054822391,0.000428358,1.00987e-05,0.00750179,5.63109e-05,7.24815e-12,,123.66642416375299,0.9931147864913444,0.234325448375,0.9973002560766776,1.0000000007907721,-6.072480296381855e-10
246.0530811,0.297938676,186.6849027,1505.730465,0.180975388,0.896135382,-7.322522354,0.733732945,0.00073353,1.84315e-10,0.9179327,0.018979974,0.055055314,0.00043028,1.01462e-05,0.007535026,5.65603e-05,7.24845e-12,,123.08560224524444,0.9930813480931552,0.233356128375,0.9972841264566056,1.0000000006915633,-5.072482434087533e-10
245.0343155,0.297928964,185.9403268,1505.706875,0.18096823,0.896129924,-7.322611586,0.733718773,0.000734409,1.8508e-10,0.917676117,0.01897676,0.055280789,0.000432141,1.01922e-05,0.007567197,5.68017e-05,7.24873e-12,,122.52824914115682,0.9930489763105382,0.2324254085,0.9972685021911145,0.9999999980923286,2.0927513055823965e-09
243.8623141,0.297917691,185.0835867,1505.679479,0.18095999,0.89612366,-7.322714302,0.733702407,0.000735421,1.85969e-10,0.917378351,0.01897301,0.055542475,0.000434301,1.02456e-05,0.007604534,5.7082e-05,7.24902e-12,,121.88730730121144,0.9930114014438328,0.231354483375,0.9972503571136496,0.9999999987932179,1.3927511366418344e-09
242.6886961,0.297906295,184.2254794,1505.651764,0.180951733,0.896117402,-7.322817227,0.73368595,0.000736437,1.86867e-10,0.91707736,0.018969196,0.055807017,0.000436485,1.02995e-05,0.007642276,5.73655e-05,7.24927e-12,,121.24577673548504,0.992973416596767,0.23028184925,0.9972320007542566,0.9999999991941163,9.927506594564761e-10
241.5620229,0.29789525,183.4015188,1505.624889,0.180943802,0.896111408,-7.3229161,0.733670087,0.000737414,1.87738e-10,0.916785721,0.018965479,0.05606336,0.000438601,1.03518e-05,0.007678847,5.76403e-05,7.24949e-12,,120.63016265427342,0.9929366016936568,0.2292518985,0.9972142007485307,1.0000000002949876,-1.0724954258023445e-10
240.4804166,0.29788455,182.6103504,1505.598837,0.180936183,0.896105668,-7.323011078,0.733654798,0.000738353,1.88582e-10,0.916503237,0.018961859,0.056311674,0.000440651,1.04024e-05,0.00771427,5.79066e-05,7.24968e-12,,120.03943651235323,0.9929009367354606,0.22826293799999997,0.9971969458369337,1.000000000195832,-7.249978395407197e-12
239.4420745,0.297874187,181.850673,1505.573592,0.180928865,0.89610017,-7.323102314,0.733640065,0.000739257,1.89398e-10,0.916229708,0.018958335,0.056552134,0.000442636,1.04514e-05,0.007748571,5.81645e-05,7.24983e-12,,119.47256722468255,0.9928663950567889,0.22731334125,0.9971802254222529,1.000000000096648,9.27500298786299e-11
238.2475521,0.297862154,180.9765384,1505.544262,0.18092044,0.89609386,-7.323207342,0.733623046,0.000740298,1.90347e-10,0.915912155,0.018954222,0.056831316,0.00044494,1.05083e-05,0.007788394,5.84641e-05,7.24997e-12,,118.82069970016808,0.9928262869780994,0.226220673,0.9971607994067017,0.9999999995975969,5.927500712488154e-10
237.0612677,0.297850084,180.108226,1505.514823,0.180912068,0.89608761,-7.32331172,0.73360607,0.000741334,1.91298e-10,0.9155937,0.018950073,0.057111315,0.000447252,1.05654e-05,0.00782833,5.87646e-05,7.25008e-12,,118.17363893133977,0.9927860555719846,0.2251352825,0.997141301197639,1.0000000001985478,-7.249978395407197e-12
235.9224348,0.297838382,179.2744494,1505.486266,0.180904026,0.896081627,-7.323411994,0.733589702,0.00074233,1.92221e-10,0.915285041,0.018946029,0.057382722,0.000449493,1.06207e-05,0.007867039,5.90561e-05,7.25015e-12,,117.55272599911306,0.9927470507737778,0.22409306175000002,0.9971223871599268,1.0000000009994712,-8.07250044587704e-10
234.8291551,0.297827042,178.4738398,1505.458575,0.1808963,0.896075897,-7.323508324,0.733573922,0.000743289,1.93115e-10,0.914985977,0.01894209,0.057645711,0.000451664,1.06743e-05,0.007904546,5.93386e-05,7.25019e-12,,116.9568932573253,0.992709252584437,0.22309229975,0.9971040466963529,1.0000000011003651,-9.07250274906346e-10
233.7796066,0.297816055,177.7050822,1505.431732,0.180888878,0.89607041,-7.323600862,0.733558711,0.00074421,1.9398e-10,0.914696306,0.018938255,0.057900458,0.000453767,1.07262e-05,0.007940875,5.96123e-05,7.2502e-12,,116.38513824870189,0.9926726310053995,0.22213135274999998,0.9970862678850525,0.9999999997012301,4.927499519524758e-10
232.7720401,0.297805414,176.9669137,1505.405722,0.180881749,0.896065156,-7.323689757,0.733544051,0.000745097,1.94819e-10,0.914415822,0.018934524,0.058147144,0.000455804,1.07765e-05,0.007976052,5.98774e-05,7.25018e-12,,115.83647343830997,0.9926371627044492,0.221208642125,0.9970690407911388,1.0000000001020692,9.274980783402498e-11
231.6190616,0.297793124,176.1220176,1505.37533,0.180873585,0.896059166,-7.323791558,0.733527199,0.000746113,1.95788e-10,0.914091943,0.018930194,0.058432023,0.000458156,1.08345e-05,0.008016665,6.01837e-05,7.25014e-12,,115.20900139629873,0.9925961980001285,0.220152522,0.997048911385594,0.9999999994030381,7.927499767745871e-10
230.4304877,0.297780324,175.2508115,1505.34434,0.180865164,0.896052996,-7.323896571,0.733509756,0.000747163,1.96796e-10,0.913754735,0.018925662,0.058728634,0.000460606,1.08949e-05,0.008058966,6.05028e-05,7.25005e-12,,114.56218784246087,0.9925535333772394,0.219063514375,0.997028385909224,1.000000000904046,-7.072500363136669e-10
229.3340284,0.297768399,174.4469211,1505.31514,0.180857389,0.896047326,-7.323993524,0.733493587,0.000748134,1.97736e-10,0.913440642,0.018921418,0.059004941,0.000462887,1.09512e-05,0.00809836,6.08001e-05,7.24994e-12,,113.9658889059031,0.9925137852813057,0.218058651375,0.997009045996026,0.999999999504986,6.927500795228525e-10
228.2814274,0.297756841,173.6749994,1505.286827,0.180849921,0.896041898,-7.324086667,0.733477997,0.000749068,1.98646e-10,0.913136341,0.018917287,0.059272653,0.000465098,1.10057e-05,0.008136527,6.10882e-05,7.2498e-12,,113.3936702194294,0.9924752604601064,0.21709374925,0.9969902935658078,1.0000000001058957,9.275036294553729e-11
227.2709304,0.297745645,172.9337797,1505.259384,0.180842746,0.896036701,-7.324176147,0.733462967,0.000749966,1.99528e-10,0.912841622,0.018913268,0.059531953,0.000467239,1.10585e-05,0.008173492,6.13674e-05,7.24964e-12,,112.84456256981063,0.9924379422477732,0.21616722462500002,0.9969721173590308,1.0000000001067775,9.275036294553729e-11
226.11157,0.297732675,172.0831516,1505.227577,0.180834508,0.896030756,-7.324278886,0.733445647,0.000750998,2.0055e-10,0.912500318,0.01890859,0.05983226,0.00046972,1.11196e-05,0.008216301,6.16908e-05,7.24942e-12,,112.21481763667173,0.9923947109853615,0.2151039395,0.9969510507624869,0.9999999996077994,5.927506263603277e-10
225.0061554,0.297720183,171.2718875,1505.196926,0.180826647,0.896025105,-7.324376922,0.733429054,0.000751985,2.01533e-10,0.912171696,0.018904065,0.06012143,0.000472108,1.11785e-05,0.00825752,6.20024e-05,7.24918e-12,,111.61462739526647,0.9923530729799608,0.214089859375,0.9969307498145612,1.000000000108782,9.275080703474714e-11
223.9522258,0.297708157,170.4982089,1505.167402,0.180819147,0.896019734,-7.324470465,0.733413162,0.000752927,2.0248e-10,0.911855431,0.018899689,0.060399747,0.000474407,1.12352e-05,0.008297189,6.23024e-05,7.24891e-12,,111.04263443520452,0.9923129882334869,0.213122761125,0.9969111953078059,1.000000000809729,-6.072489178166052e-10
222.8968425,0.297696,169.7232652,1505.137541,0.180811631,0.896014371,-7.324564208,0.733397176,0.000753873,2.03438e-10,0.911535803,0.018895246,0.060681042,0.00047673,1.12924e-05,0.008337281,6.26056e-05,7.24862e-12,,110.47007520942711,0.9922724668412635,0.21215408149999998,0.9968914175972579,1.0000000002106868,-7.248646127777647e-12
221.8836745,0.297684218,168.9791303,1505.108589,0.18080441,0.896009238,-7.324654271,0.733381761,0.000754783,2.04365e-10,0.911226167,0.018890923,0.060953562,0.000478981,1.13479e-05,0.008376119,6.28995e-05,7.2483e-12,,109.92064456811646,0.9922331953891635,0.211223912875,0.9968722419408569,0.9999999996116133,5.927516255610499e-10
220.7181127,0.297670529,168.1228354,1505.074932,0.180796097,0.896003351,-7.324757964,0.733363944,0.000755832,2.05443e-10,0.910866525,0.018885879,0.061270116,0.000481596,1.14123e-05,0.00842123,6.3241e-05,7.2479e-12,,109.28883251773311,0.992187567574888,0.21015354425000002,0.9968499500415932,0.9999999995126908,6.927521889465993e-10
219.6142983,0.29765743,167.3116731,1505.042372,0.180788219,0.895997804,-7.324856231,0.733347002,0.000756828,2.06473e-10,0.91052251,0.018881031,0.061572946,0.000484097,1.14738e-05,0.008464374,6.35678e-05,7.24749e-12,,108.69086214671978,0.9921439063330736,0.20913959137500002,0.9968283847137258,0.9999999998137205,3.927524971913954e-10
218.4764065,0.297643786,166.4752249,1505.009126,0.180780088,0.895992088,-7.324957653,0.733329417,0.000757857,2.07547e-10,0.910164302,0.018875961,0.061888276,0.000486702,1.1538e-05,0.008509313,6.39083e-05,7.24702e-12,,108.07446864445312,0.9920984285116129,0.208094031125,0.9968063650303637,1.000000000514794,-3.0724711663765447e-10
217.4267012,0.297631071,165.7033833,1504.977815,0.180772583,0.895986841,-7.32505128,0.733313129,0.000758808,2.08547e-10,0.909830618,0.018871215,0.062182045,0.000489129,1.15978e-05,0.008551169,6.42255e-05,7.24656e-12,,107.50618124678081,0.9920560472084853,0.207129229125,0.9967856269474137,0.9999999995157934,6.927535212142288e-10
216.4189842,0.297618746,164.9622145,1504.947452,0.180765372,0.89598182,-7.325141235,0.73329742,0.000759724,2.09517e-10,0.909507309,0.018866599,0.062466699,0.000491481,1.16557e-05,0.008591724,6.4533e-05,7.24608e-12,,106.96083782313946,0.9920149658430862,0.206202768125,0.9967655167493169,1.0000000009167629,-7.072458174661733e-10
215.2628133,0.297604462,164.111613,1504.912243,0.180757091,0.895976079,-7.325244532,0.733279307,0.000760776,2.1064e-10,0.909132731,0.018861226,0.062796516,0.000494205,1.17227e-05,0.008638709,6.48894e-05,7.24549e-12,,106.33543021833412,0.991967354790481,0.20513951625000001,0.9967421969204201,0.9999999993178855,8.927544259407227e-10
214.1604397,0.297590696,163.3003424,1504.878295,0.180749189,0.895970626,-7.325343113,0.733261945,0.000761782,2.11722e-10,0.908771906,0.018856028,0.063114245,0.000496831,1.17873e-05,0.00868397,6.52329e-05,7.24489e-12,,105.73936635315839,0.9919214703218333,0.204125428,0.9967197122843502,1.0000000004189666,-2.072446658729632e-10
213.1094095,0.297577436,162.5266282,1504.84558,0.180741649,0.895965446,-7.325437186,0.733245309,0.000762744,2.12764e-10,0.908424493,0.018851002,0.063420185,0.000499358,1.18495e-05,0.008727548,6.55637e-05,7.24428e-12,,105.1713058790345,0.9918772724390592,0.20315828525000001,0.9966980442959847,0.9999999994200084,7.927556389120127e-10
212.0656278,0.297564136,161.7580257,1504.812748,0.180734154,0.895960319,-7.325530694,0.733228704,0.000763701,2.1381e-10,0.90807615,0.018845941,0.063726965,0.000501893,1.19118e-05,0.008771243,6.58956e-05,7.24364e-12,,104.6073857540261,0.9918329412293385,0.202197532125,0.9966762988155015,0.9999999996210537,5.927562884977533e-10
211.0635973,0.297551241,161.0199544,1504.780903,0.180726952,0.895955416,-7.32562054,0.733212685,0.000764622,2.14823e-10,0.907738577,0.018841017,0.064024279,0.00050435,1.19723e-05,0.008813587,6.62173e-05,7.24299e-12,,104.06623147326663,0.9917899599549517,0.20127494299999998,0.9966552070505773,0.9999999998220661,3.927569380834939e-10
209.9169539,0.297536331,160.1751069,1504.74367,0.180718704,0.895949834,-7.325723453,0.733194253,0.000765679,2.15994e-10,0.907348438,0.018835303,0.064367923,0.000507189,1.20421e-05,0.008862514,6.65892e-05,7.2422e-12,,103.44737573651616,0.9917402623356332,0.200218883625,0.9966305466742725,0.9999999985232363,1.6927576007574885e-09
208.8235639,0.297521958,159.3692317,1504.708536,0.180710832,0.895944518,-7.325821673,0.73317659,0.000766689,2.17123e-10,0.906972502,0.018829774,0.064699061,0.000509926,1.21094e-05,0.00890968,6.69478e-05,7.24141e-12,,102.85724411826344,0.9916923546305719,0.199211539625,0.9966072765198104,1.0000000004243643,-2.0724133520388932e-10
207.7810018,0.29750811,158.6005792,1504.674287,0.180703318,0.895939477,-7.325915423,0.733159654,0.000767654,2.1821e-10,0.906610457,0.018824427,0.065017994,0.000512561,1.21741e-05,0.008955093,6.72932e-05,7.24061e-12,,102.29491030567235,0.991646196841684,0.198250724,0.9965845925236764,0.9999999995254505,6.927595164185618e-10
206.6235451,0.297492567,157.7469385,1504.635832,0.180694968,0.895933903,-7.326019608,0.733140747,0.000768729,2.1943e-10,0.906204336,0.018818405,0.065375779,0.000515518,1.22468e-05,0.009006034,6.76809e-05,7.23968e-12,,101.67086641367251,0.9915943893234367,0.197183673125,0.9965591227852507,0.9999999999266698,2.9276026047853065e-10
205.4388542,0.297476474,156.872903,1504.595992,0.180686413,0.895928225,-7.32612636,0.73312128,0.000769832,2.20692e-10,0.905784036,0.018812145,0.065746082,0.000518579,1.2322e-05,0.009058754,6.80823e-05,7.23868e-12,,101.03241778351843,0.9915407485596748,0.19609112875,0.9965327357256,1.0000000005279306,-3.072386789426673e-10
204.316924,0.297461057,156.04488,1504.55741,0.180678301,0.895922878,-7.32622759,0.733102711,0.00077088,2.21902e-10,0.905381629,0.018806127,0.066100656,0.000521509,1.23939e-05,0.009109218,6.84667e-05,7.23769e-12,,100.42820079138922,0.9914893610213091,0.1950561,0.9965071818717984,0.9999999998291397,3.9276237817631454e-10
203.2470997,0.297446193,155.2550406,1504.520979,0.180670561,0.89591779,-7.326324174,0.733084948,0.000771882,2.23067e-10,0.904993852,0.018800304,0.066442343,0.000524333,1.24633e-05,0.009157867,6.88374e-05,7.23669e-12,,99.85203214516841,0.9914398167279794,0.19406880075,0.996483052680781,0.9999999999303036,2.927633691029996e-10
202.2270077,0.29743187,154.5016718,1504.485474,0.180663171,0.895912965,-7.326416384,0.733067896,0.00077284,2.2419e-10,0.904620384,0.018794674,0.066771452,0.000527054,1.25301e-05,0.009204711,6.91945e-05,7.23571e-12,,99.30298570810254,0.9913920756816013,0.19312708975,0.9964595368034491,0.9999999998314256,3.9276437657775887e-10
201.0944974,0.297415794,153.6649915,1504.445605,0.180654959,0.895907633,-7.326518864,0.733048855,0.000773907,2.2545e-10,0.904201428,0.018788335,0.067140671,0.000530105,1.2605e-05,0.00925726,6.95952e-05,7.23456e-12,,98.69368350931029,0.9913384915817917,0.19208123937500002,0.9964331305363502,0.9999999994326846,7.927654088746294e-10
199.9353398,0.297399146,152.8083072,1504.404299,0.180646545,0.895902203,-7.326623877,0.733029246,0.000775001,2.26754e-10,0.903767821,0.018781747,0.067522829,0.000533264,1.26826e-05,0.009311646,7.00101e-05,7.23334e-12,,98.0703177537435,0.9912830009066466,0.191010384,0.9964057725070847,0.9999999999339872,2.927666997720735e-10
198.8375903,0.297383196,151.9967086,1504.364304,0.180638566,0.895897094,-7.326723447,0.733010555,0.000776041,2.28003e-10,0.90335265,0.018775415,0.067888773,0.00053629,1.27568e-05,0.009363708,7.04075e-05,7.23213e-12,,97.48036157223459,0.9912298367867185,0.18999588575,0.9963792827869357,1.0000000005352352,-3.072322396491245e-10
197.7908236,0.297367817,151.2225238,1504.326514,0.180630951,0.895892232,-7.326818488,0.732992637,0.000777036,2.29206e-10,0.902952551,0.01876929,0.068241435,0.000539205,1.28283e-05,0.0094139,7.07908e-05,7.23093e-12,,96.91778882937874,0.991178575908952,0.18902815475,0.9963542534951636,1.000000000336437,-1.0723111287802567e-10
196.6297613,0.297350561,150.3634889,1504.283643,0.180622494,0.895886874,-7.326924035,0.732972634,0.000778142,2.30557e-10,0.902503919,0.018762395,0.068636914,0.000542475,1.29085e-05,0.009470167,7.12206e-05,7.22955e-12,,96.29420008507289,0.9911210586642198,0.187954361125,0.9963258589260298,0.9999999993377867,8.927704131522773e-10
195.4890685,0.297333403,149.5191931,1504.240993,0.180614175,0.895881639,-7.327027859,0.732952853,0.000779233,2.31899e-10,0.902058097,0.018755517,0.069029944,0.000545724,1.29882e-05,0.009526082,7.16479e-05,7.22813e-12,,95.68180753887181,0.9910638680705065,0.186898991375,0.9962976107308964,1.000000000339127,-1.0722800425355672e-10
194.3702248,0.297316371,148.6907471,1504.198205,0.180606005,0.895876541,-7.327129825,0.73293332,0.000780306,2.3323e-10,0.901615871,0.018748668,0.069419842,0.000548948,1.30672e-05,0.009581532,7.20719e-05,7.22669e-12,,95.0815518439405,0.9910070974566749,0.185863433875,0.9962692711348036,1.0000000003404566,-1.0722667198592717e-10
193.3033436,0.297299941,147.90047,1504.157766,0.180598207,0.89587169,-7.327227163,0.732914586,0.000781332,2.34514e-10,0.901189508,0.01874204,0.069795756,0.000552056,1.31434e-05,0.009635015,7.2481e-05,7.22527e-12,,94.5091509548811,0.9909523334133884,0.18487558750000002,0.9962424873420019,0.9999999996417391,5.927748292222645e-10
192.2860579,0.297284099,147.1466526,1504.118339,0.180590762,0.895867098,-7.327320091,0.732896609,0.000782314,2.35752e-10,0.900778682,0.018735632,0.070158005,0.000555051,1.32168e-05,0.009686537,7.28753e-05,7.22386e-12,,93.96370261739189,0.9908995292762159,0.18393331575000002,0.9962163738229043,0.9999999993429758,8.927761863120054e-10
191.1566632,0.297266307,146.309438,1504.074041,0.180582486,0.895862027,-7.327423387,0.732876524,0.000783407,2.37141e-10,0.900317588,0.018728415,0.070564605,0.000558413,1.32991e-05,0.009744362,7.3318e-05,7.22225e-12,,93.35839401686376,0.9908402254504002,0.1828867975,0.9961870341148618,1.0000000003443632,-1.0722223109382867e-10
190.0239733,0.297248243,145.4694341,1504.029047,0.180574175,0.895856973,-7.327527122,0.732856242,0.000784507,2.38551e-10,0.899849782,0.018721065,0.070977152,0.000561825,1.33827e-05,0.009803027,7.37673e-05,7.22057e-12,,92.75158375702229,0.9907800150013482,0.181836792625,0.9961572334280663,1.0000000012457717,-1.007220751247928e-09
188.9439382,0.29723081,144.6681513,1503.985606,0.180566241,0.895852184,-7.327626165,0.732836773,0.00078556,2.39911e-10,0.899398631,0.018713952,0.071375037,0.000565115,1.34632e-05,0.009859602,7.42008e-05,7.21891e-12,,92.17322994858839,0.9907219077848775,0.18083518912500002,0.9961284613332296,1.00000000124713,-1.0072189748910887e-09
187.9141578,0.297213994,143.9038507,1503.943688,0.180558666,0.895847644,-7.32772072,0.732818089,0.000786566,2.41222e-10,0.898963765,0.018707072,0.071758583,0.000568287,1.35409e-05,0.009914133,7.46188e-05,7.21728e-12,,91.62201307010703,0.9906658571365569,0.179879813375,0.996100697960578,0.9999999999484394,2.927826869836281e-10
186.7763322,0.297195191,143.0590133,1503.896443,0.180550283,0.895842664,-7.32782536,0.732797282,0.000787683,2.42687e-10,0.898477849,0.018699359,0.072187193,0.000571832,1.36276e-05,0.009975054,7.5086e-05,7.21542e-12,,91.01332137963742,0.9906031834721678,0.178823766625,0.9960694063784192,1.0000000008499024,-6.072153890812615e-10
185.7030006,0.297177234,142.2617211,1503.851996,0.180542369,0.895837988,-7.327924158,0.732777563,0.000788739,2.44086e-10,0.898014135,0.018691971,0.072596226,0.000575215,1.37104e-05,0.01003321,7.55321e-05,7.2136e-12,,90.43916470671694,0.9905433296726976,0.177827151375,0.9960399679838334,0.9999999997512996,4.927863672676835e-10
184.6845836,0.297159996,141.5049137,1503.808972,0.180534848,0.895833584,-7.328018049,0.732758706,0.000789745,2.45428e-10,0.897569302,0.018684862,0.07298864,0.000578461,1.37898e-05,0.010088986,7.59602e-05,7.21182e-12,,89.8947112802218,0.9904858724250912,0.176881142125,0.996011472078853,1.0000000012526398,-1.0072116474191262e-09
183.6422039,0.297142146,140.7299843,1503.764406,0.180527139,0.895829105,-7.328114278,0.732739277,0.000790778,2.46818e-10,0.897109024,0.018677482,0.073394702,0.000581819,1.38719e-05,0.010146697,7.64033e-05,7.20995e-12,,89.33766791041236,0.990426375275203,0.175912480375,0.9959819548674976,0.999999999454028,7.927900558257761e-10
182.4960405,0.297122273,139.8775271,1503.714771,0.180518652,0.895824215,-7.328220241,0.73271776,0.000791918,2.48363e-10,0.896597005,0.018669245,0.07384644,0.000585556,1.39632e-05,0.010210894,7.68965e-05,7.20783e-12,,88.72541374290795,0.9903601351149942,0.174846908875,0.9959490803266902,0.9999999999555707,2.927923459239423e-10
181.4084441,0.297103174,139.0682634,1503.66705,0.180510585,0.895819609,-7.328320941,0.732697191,0.000793004,2.49848e-10,0.896105323,0.018661309,0.074280264,0.000589145,1.40509e-05,0.010272538,7.73702e-05,7.20575e-12,,88.14470519947523,0.9902964748312008,0.17383532925,0.9959174734774533,1.0000000003570537,-1.0720579979306422e-10
180.3472553,0.297084308,138.2783012,1503.619892,0.180502704,0.895815147,-7.32841934,0.732676978,0.000794068,2.51313e-10,0.895620011,0.01865345,0.074708494,0.000592687,1.41375e-05,0.010333382,7.7838e-05,7.20365e-12,,87.57832261112281,0.9902335911768707,0.1728478765,0.9958862395176387,0.9999999997585167,4.927962482526027e-10
179.3062401,0.297065573,137.5030181,1503.573048,0.180494961,0.895810802,-7.328516009,0.732657007,0.000795114,2.52768e-10,0.89513849,0.018645627,0.075133406,0.000596203,1.42234e-05,0.010393748,7.83023e-05,7.20154e-12,,87.0229388480286,0.9901711441682907,0.17187877262499998,0.9958552135281235,0.9999999999599697,2.927983411282753e-10
178.1515573,0.297044526,136.6426853,1503.5204,0.180486359,0.895806021,-7.328623401,0.732634689,0.00079628,2.54401e-10,0.894597981,0.018636819,0.075610401,0.000600149,1.43197e-05,0.010461507,7.88238e-05,7.19913e-12,,86.40716954686835,0.9901009908622009,0.170803356625,0.9958203433996975,1.0000000007616001,-5.071991715510649e-10
177.0622498,0.297024408,135.8306758,1503.469699,0.180478231,0.895801554,-7.32872488,0.732613467,0.000797384,2.55962e-10,0.894081794,0.018628379,0.076065973,0.000603918,1.44117e-05,0.010526203,7.93218e-05,7.19679e-12,,85.82662104361007,0.9900339340744447,0.16978834475,0.995786762819593,1.0000000007631586,-5.071967290604107e-10
176.0346861,0.29700519,135.0643392,1503.421952,0.180470553,0.89579736,-7.328820749,0.732593306,0.00079843,2.57451e-10,0.893589141,0.018620299,0.076500779,0.000607516,1.44995e-05,0.010587968,7.97975e-05,7.19451e-12,,85.27900562896328,0.9899698771429851,0.168830424,0.9957551387498854,1.0000000002646452,-7.194245199571014e-12
174.8876383,0.29698346,134.2084886,1503.367536,0.180461967,0.895792726,-7.328927944,0.732570622,0.000799602,2.59134e-10,0.893032561,0.018611141,0.076992051,0.000611581,1.45987e-05,0.010657732,8.03351e-05,7.1919e-12,,84.66808835309952,0.9898974472792837,0.16776061075,0.9957190976294548,1.0000000000663258,1.9280799179455244e-10
173.744628,0.296961506,133.3552176,1503.312542,0.180453397,0.89578815,-7.329034949,0.732547831,0.000800775,2.60833e-10,0.892470824,0.018601869,0.077487907,0.000615684,1.46987e-05,0.01072814,8.08779e-05,7.18921e-12,,84.05958507672143,0.9898242707846818,0.166694022,0.9956826736847149,1.0000000008680223,-6.071891878178803e-10
172.6600237,0.296940393,132.5451422,1503.259634,0.180445251,0.895783848,-7.329136661,0.732526029,0.000801892,2.62466e-10,0.891931097,0.018592933,0.077964364,0.000619627,1.47949e-05,0.010795785,8.13996e-05,7.18659e-12,,83.48242996638736,0.9897538974891307,0.16568142774999997,0.9956476313515822,1.0000000007696526,-5.071865150085841e-10
171.6368269,0.296920218,131.7805663,1503.208726,0.180437555,0.895779834,-7.329232752,0.732505326,0.000802951,2.64026e-10,0.891415857,0.018584376,0.078419244,0.000623391,1.48866e-05,0.010860348,8.18977e-05,7.18406e-12,,82.93826699543727,0.9896866507104755,0.16472570787500002,0.9956139136700385,1.0000000005712102,-3.0718405596985576e-10
170.5706174,0.296898925,130.9834627,1503.155666,0.180429519,0.895775672,-7.329333099,0.732483533,0.000804058,2.65671e-10,0.890872533,0.018575327,0.078898924,0.000627361,1.49833e-05,0.010928448,8.24234e-05,7.18134e-12,,82.37127109438444,0.9896156774436647,0.16372932837499998,0.9955787706633851,0.9999999999728525,2.928185471873235e-10
169.4258451,0.296875749,130.1271852,1503.097531,0.180420877,0.895771257,-7.329441011,0.732459965,0.000805253,2.6746e-10,0.890281781,0.018565458,0.079420521,0.000631678,1.50885e-05,0.011002478,8.29951e-05,7.17834e-12,,81.76285065028976,0.9895384278108466,0.16265898150000002,0.9955402663533246,0.9999999998746383,3.92821775108132e-10
168.352205,0.296853711,129.3236925,1503.042233,0.180412757,0.895767159,-7.329542406,0.732437673,0.000806378,2.69159e-10,0.889720635,0.018556056,0.079916009,0.000635779,1.51883e-05,0.011072794,8.35384e-05,7.17545e-12,,81.19248395637855,0.9894649713296568,0.161654615625,0.9955036410615432,0.9999999999763345,2.9282454239165645e-10
167.3334259,0.296832525,128.5608748,1502.989054,0.180405038,0.895763309,-7.329638791,0.732416348,0.00080745,2.70792e-10,0.889181687,0.018547,0.080391926,0.000639718,1.52842e-05,0.011140324,8.40603e-05,7.17264e-12,,80.65148838938902,0.9893943547124281,0.1607010935,0.9954684192381202,0.9999999997779645,4.928275565418971e-10
166.1746631,0.296808094,127.692785,1502.927712,0.180396242,0.895758977,-7.329748629,0.732391885,0.000808675,2.72674e-10,0.888560875,0.018536538,0.080940166,0.000644256,1.53946e-05,0.011218108,8.46618e-05,7.16935e-12,,80.03641336381355,0.9893129219466624,0.15961598125,0.9954277908492372,0.9999999996798433,5.928306734404032e-10
165.047975,0.296783993,126.8482498,1502.867177,0.180387672,0.895754814,-7.329855642,0.732367883,0.000809872,2.74528e-10,0.88794912,0.018526197,0.081480444,0.000648729,1.55034e-05,0.011294752,8.52548e-05,7.16606e-12,,79.43863260378255,0.9892325891282056,0.15856031225,0.9953876969572704,1.000000000481694,-2.0716606208281974e-10
163.9850772,0.296760936,126.0510973,1502.808852,0.180379571,0.89575094,-7.329956801,0.732345035,0.000811007,2.76301e-10,0.887364523,0.018516287,0.08199678,0.000653003,1.56073e-05,0.011367977,8.58215e-05,7.16288e-12,,78.87503497990463,0.9891557361430529,0.157563871625,0.995349066805309,0.9999999990834639,1.1928370513558662e-09
162.9824263,0.296738894,125.2987337,1502.75385,0.180371916,0.895747311,-7.3300524,0.732323309,0.000812082,2.77995e-10,0.886806242,0.018506798,0.082489879,0.000657086,1.57066e-05,0.011437926,8.63632e-05,7.1598e-12,,78.3434021290787,0.9890822663291685,0.156623417125,0.9953126375619629,1.000000001085155,-8.071601165227094e-10
161.8699035,0.296714099,124.4634758,1502.691516,0.180363404,0.895743341,-7.330158691,0.732298985,0.00081328,2.79898e-10,0.886178932,0.018496106,0.083043993,0.000661673,1.5818e-05,0.011516504,8.69719e-05,7.1563e-12,,77.75387514813298,0.9889996202881894,0.15557934475,0.9952713521458917,0.9999999981870541,2.0928438981826503e-09
160.7610518,0.296689025,123.6304956,1502.62846,0.180354903,0.895739436,-7.330264857,0.732274516,0.000814481,2.81821e-10,0.885545298,0.018485276,0.08360373,0.000666308,1.59306e-05,0.01159587,8.7587e-05,7.15272e-12,,77.16654029995983,0.9889160442917583,0.15453811950000002,0.9952295885305968,0.9999999998889738,3.928471992153959e-10
159.7089321,0.296664892,122.8396853,1502.567755,0.180346819,0.895735778,-7.330365804,0.732251086,0.000815626,2.83671e-10,0.884936179,0.018474837,0.084141843,0.000670764,1.60387e-05,0.01167216,8.81786e-05,7.14923e-12,,76.60949342417612,0.9888356048117442,0.153549606625,0.9951893820432449,1.00000000059082,-3.0714919496688253e-10
158.585298,0.296638744,121.9946341,1502.501961,0.180338168,0.895731925,-7.330473847,0.732225829,0.000816855,2.85673e-10,0.884276987,0.018463508,0.084724228,0.000675586,1.61558e-05,0.011754715,8.8819e-05,7.14541e-12,,76.01483931444388,0.9887484489867987,0.152493292625,0.9951458049799249,0.9999999990928184,1.1928545928796552e-09
157.5282924,0.296613785,121.1992275,1502.438822,0.180330011,0.895728358,-7.330575713,0.732201841,0.000818017,2.87582e-10,0.883648559,0.018452679,0.085279479,0.000680184,1.62673e-05,0.011833401,8.94297e-05,7.14172e-12,,75.45576528783623,0.9886652563053389,0.151499034375,0.9951039863915893,0.9999999992947237,9.928582400675623e-10
156.4181081,0.296587185,120.3633069,1502.372171,0.180321425,0.895724653,-7.330682937,0.732176412,0.000819244,2.89615e-10,0.88297961,0.018441121,0.085870546,0.000685079,1.6386e-05,0.011917178,9.00802e-05,7.13775e-12,,74.86864368555634,0.9885765938858975,0.15045413362499999,0.9950598417150635,1.0000000004967529,-2.0713786241799426e-10
155.4005334,0.296562449,119.5966703,1502.309477,0.180313537,0.895721321,-7.330781446,0.732152875,0.000820374,2.91503e-10,0.882358338,0.018430359,0.086419543,0.000689626,1.64962e-05,0.011994953,9.06844e-05,7.13402e-12,,74.33090307017498,0.9884941445021646,0.149495837875,0.9950183178617062,0.9999999998986371,3.9286596198451207e-10
154.3066974,0.296535472,118.7720887,1502.241921,0.18030504,0.895717778,-7.330887572,0.73212734,0.000821595,2.93561e-10,0.881681604,0.018418606,0.087017557,0.000694579,1.66162e-05,0.012079694,9.13429e-05,7.12991e-12,,73.75289645625323,0.9884042254762523,0.148465110875,0.9949735737803366,0.999999999400691,8.928700001575862e-10
153.2829741,0.296509852,117.9999001,1502.177369,0.180297068,0.895714521,-7.33098713,0.732103206,0.000822745,2.95513e-10,0.881039771,0.018407432,0.087584777,0.000699277,1.673e-05,0.012160046,9.19677e-05,7.12597e-12,,73.21225253260897,0.988318829567001,0.147499875125,0.9949308193256533,1.000000001002639,-7.071261354241187e-10
152.1720297,0.296481634,117.161408,1502.106251,0.180288396,0.895711047,-7.331095431,0.732076757,0.000823999,2.97662e-10,0.880333772,0.018395109,0.088208741,0.000704446,1.68551e-05,0.012248423,9.26551e-05,7.12159e-12,,72.62579845564886,0.9882247740725727,0.14645176,0.9948837160398036,1.0000000015047834,-1.2071215138576008e-09
151.0514867,0.296452724,116.315123,1502.033368,0.180279627,0.895707605,-7.331204948,0.732049798,0.000825271,2.9986e-10,0.879611468,0.018382468,0.088847155,0.000709734,1.69831e-05,0.012338834,9.33587e-05,7.11706e-12,,72.03453310763727,0.9881284120219694,0.14539390375,0.994835443748927,1.000000001106977,-8.07116817824749e-10
149.9973891,0.296425106,115.5185124,1501.963381,0.180271354,0.895704432,-7.331308266,0.732024144,0.000826475,3.01958e-10,0.878922453,0.01837038,0.089456195,0.00071478,1.71051e-05,0.012425057,9.40301e-05,7.11269e-12,,71.47865708614363,0.988036356431739,0.1443981405,0.9947890895535508,1.0000000005090708,-2.0711277137763773e-10
148.8902589,0.29639565,114.6812811,1501.889432,0.180262648,0.895701154,-7.331416998,0.731996981,0.000827747,3.04194e-10,0.87818856,0.018357471,0.090104919,0.000720154,1.72351e-05,0.012516915,9.47456e-05,7.10799e-12,,70.89488834063839,0.9879381744683158,0.143351601375,0.9947401112233771,1.000000000011302,2.9289204395155366e-10
147.8873198,0.296368558,113.9223587,1501.821083,0.180254739,0.895698246,-7.331515781,0.731972092,0.000828905,3.06247e-10,0.877514548,0.018345588,0.090700758,0.000725091,1.73543e-05,0.012601259,9.54029e-05,7.10362e-12,,70.366354981744,0.9878478721274322,0.142402948375,0.9946948419176523,1.0000000015133506,-1.2071035282446019e-09
146.8020584,0.296338796,113.1006186,1501.745982,0.180246158,0.895695163,-7.331622951,0.731944881,0.000830167,3.08501e-10,0.876775156,0.018332521,0.091354431,0.000730507,1.74852e-05,0.012693775,9.61242e-05,7.09879e-12,,69.79468056401126,0.9877486702128679,0.14137577325,0.9946451005881634,0.9999999997155998,5.929011726024669e-10
145.7916234,0.296310659,112.3350387,1501.674965,0.180238147,0.895692353,-7.331722999,0.731919279,0.000831348,3.10629e-10,0.876077154,0.018320157,0.09197155,0.000735621,1.76086e-05,0.012781105,9.68054e-05,7.09419e-12,,69.26264021483797,0.9876548847055062,0.140418798375,0.9945980641972191,1.000000001317723,-1.007093963778516e-09
144.670933,0.296278959,111.4853532,1501.594936,0.180229238,0.895689306,-7.331834272,0.731890576,0.000832666,3.13024e-10,0.875291938,0.018306214,0.092665817,0.000741374,1.77475e-05,0.012879337,9.7572e-05,7.08895e-12,,68.6727949737104,0.9875492231003827,0.13935669150000002,0.9945450589262151,0.9999999998201131,4.929109342910465e-10
143.5648174,0.29624715,110.6461241,1501.514614,0.180220418,0.895686373,-7.331944423,0.73186192,0.000833976,3.15425e-10,0.874505291,0.018292213,0.093361393,0.000747138,1.78865e-05,0.012977738,9.83402e-05,7.08366e-12,,68.09088132475785,0.9874431981793299,0.13830765512499998,0.9944918595937534,1.0000000000225089,2.929162468134905e-10
142.534966,0.296217058,109.8642202,1501.438609,0.180212183,0.895683709,-7.332047278,0.731834941,0.000835203,3.17693e-10,0.873762252,0.018278956,0.094018449,0.000752584,1.80178e-05,0.013070675,9.90662e-05,7.07862e-12,,67.54931735686148,0.9873428963174566,0.13733027525,0.9944415195217464,1.0000000003247715,-7.078559960405073e-12
141.4505544,0.296184861,109.0403237,1501.357274,0.180203486,0.895680977,-7.332155901,0.731806215,0.000836504,3.20116e-10,0.872968525,0.018264763,0.094720369,0.000758401,1.81579e-05,0.013169941,9.98419e-05,7.07318e-12,,66.97930836835543,0.9872355781250226,0.136300404625,0.994387649253255,0.9999999991271894,1.1929266463539534e-09
140.4099046,0.29615346,108.2491203,1501.277933,0.180195114,0.895678427,-7.332260455,0.731778333,0.00083776,3.22477e-10,0.872195671,0.018250912,0.095403871,0.000764067,1.82944e-05,0.013266587,0.000100597,7.06783e-12,,66.43253330935808,0.9871309131388242,0.135311400375,0.9943350996623976,0.9999999997295448,5.929322588471564e-10
139.3602637,0.296121277,107.4505221,1501.196598,0.180186645,0.895675927,-7.332366232,0.73174989,0.000839036,3.24894e-10,0.871404824,0.018236708,0.096103326,0.000769865,1.84339e-05,0.013365472,0.000101371,7.06232e-12,,65.88126368990828,0.9870236416108215,0.134313152625,0.9942812293939061,1.0000000002319565,9.293765756979155e-11
138.2550142,0.296086818,106.6090003,1501.109496,0.180177698,0.895673375,-7.332477969,0.731719585,0.000840388,3.27478e-10,0.870559523,0.018221491,0.096850988,0.000776063,1.8583e-05,0.013471154,0.000102198,7.05637e-12,,65.30104247369985,0.9869087837795609,0.133261250375,0.994223539492558,1.0000000003345344,-7.05635549991257e-12
137.2000243,0.296053367,105.8051488,1501.024925,0.180169131,0.895671019,-7.332584975,0.731690307,0.000841688,3.29983e-10,0.869740373,0.018206711,0.097575564,0.00078207,1.87274e-05,0.013573555,0.000103,7.05055e-12,,64.74744417982336,0.9867972857873532,0.132256436,0.9941675259377957,1.0000000007370335,-4.070506154363329e-10
136.1356441,0.29601905,104.9935435,1500.93815,0.180160458,0.895668723,-7.332693289,0.731660415,0.000843009,3.3255e-10,0.868901491,0.018191543,0.098317637,0.000788222,1.88753e-05,0.01367841,0.000103821,7.04455e-12,,64.18916172848193,0.986682901266753,0.131241929375,0.9941100526169824,0.9999999996395945,6.929554707824082e-10
135.0193743,0.295982432,104.1417164,1500.845537,0.180151331,0.895666404,-7.332807276,0.731628671,0.000844405,3.35285e-10,0.868007978,0.018175351,0.099108086,0.000794776,1.90327e-05,0.01379008,0.000104696,7.0381e-12,,63.603919944645185,0.9865608471135539,0.1301771455,0.9940487126381812,1.0000000000423233,2.929618769798026e-10
133.9812031,0.295947782,103.3488759,1500.757889,0.180142813,0.895664332,-7.332913658,0.731598778,0.000845712,3.37869e-10,0.867164065,0.018160024,0.099854701,0.000800967,1.91813e-05,0.013895538,0.000105523,7.03195e-12,,63.059860164560604,0.9864453526461238,0.129186094875,0.9939906611069493,0.9999999996449009,6.929680163025864e-10
132.8574044,0.295909614,102.4899718,1500.660871,0.180133559,0.895662191,-7.333029233,0.731566002,0.000847138,3.40711e-10,0.866236206,0.018143137,0.100675651,0.000807775,1.93445e-05,0.014011454,0.000106432,7.02514e-12,,62.47127875259554,0.9863181320737465,0.12811246475000002,0.9939264035830235,0.9999999998477361,4.929748831372649e-10
131.7351999,0.295870794,101.6315739,1500.56309,0.180124284,0.895660136,-7.333145077,0.731532838,0.000848574,3.43598e-10,0.865294366,0.018125957,0.101508988,0.000814686,1.95103e-05,0.014129136,0.000107356,7.01817e-12,,61.88361481373482,0.9861887382721409,0.12703946737500002,0.9938616407045167,0.9999999996506161,6.929818940903942e-10
130.6962751,0.295834209,100.8362405,1500.4705,0.180115664,0.895658334,-7.333252731,0.73150173,0.000849913,3.46314e-10,0.864408519,0.018109765,0.102292847,0.000821188,1.9666e-05,0.01423979,0.000108224,7.01156e-12,,61.33989437711526,0.9860667941136727,0.126045300625,0.9938003159592085,0.9999999993533255,9.929883582060484e-10
129.5999829,0.295794913,99.99631358,1500.371033,0.180106533,0.89565653,-7.333366762,0.731468471,0.000851338,3.49227e-10,0.863458894,0.018092371,0.103133193,0.000828158,1.98329e-05,0.014358396,0.000109156,7.00443e-12,,60.76639071393858,0.9859358137214034,0.12499539197500001,0.9937344363994121,1.0000000012562313,-9.07004471528694e-10
128.5127787,0.295755221,99.16265344,1500.270551,0.180097442,0.895654844,-7.333480298,0.731435037,0.000852763,3.52164e-10,0.862501703,0.018074801,0.103980286,0.000835185,2.0001e-05,0.014477929,0.000110095,6.99717e-12,,60.19790394185772,0.9858035133923635,0.1239533168,0.9936678845789344,1.000000000359161,-6.9970695903975866e-12
127.4774636,0.295716739,98.36812782,1500.173115,0.18008875,0.895653336,-7.333588844,0.731402769,0.000854131,3.55008e-10,0.861575557,0.018057767,0.104799954,0.000841985,2.01636e-05,0.014593569,0.000111005,6.9901e-12,,59.65677979632647,0.985675246203456,0.122960159775,0.9936033502028265,1.000000000961998,-6.069900138072626e-10
126.4129244,0.295676453,97.55050068,1500.0711,0.180079777,0.895651887,-7.333700902,0.731369143,0.000855549,3.5798e-10,0.860608016,0.018039937,0.105656309,0.000849089,2.03334e-05,0.01471436,0.000111955,6.98266e-12,,59.10062747281917,0.9855409659692602,0.12193812585,0.9935357830369057,0.9999999997649627,5.930173019308427e-10
125.3800808,0.295636653,96.7565569,1499.969877,0.180071035,0.895650591,-7.333810074,0.731336069,0.000856936,3.60911e-10,0.859654168,0.018022325,0.106500614,0.000856094,2.05006e-05,0.014833406,0.000112892,6.97528e-12,,58.56135126781051,0.9854083056574647,0.120945696125,0.9934687404330144,0.9999999999678864,3.93024612854731e-10
124.3487023,0.295596188,95.963075,1499.867809,0.18006227,0.895649383,-7.333919534,0.731302597,0.000858333,3.63887e-10,0.858686396,0.018004422,0.107357256,0.000863203,2.06703e-05,0.014954209,0.000113843,6.96773e-12,,58.02290278743354,0.985273428785183,0.11995384375000001,0.9934011381638266,0.9999999996708546,6.930324092380147e-10
123.2901704,0.295553888,95.14800903,1499.760655,0.180053235,0.895648262,-7.334032362,0.73126776,0.000859779,3.66992e-10,0.857676951,0.017985713,0.108250861,0.000870618,2.08472e-05,0.015080175,0.000114835,6.9598e-12,,57.47060788335302,0.9851324355392295,0.1189350112875,0.9933301673056482,1.0000000005739518,-2.0695978264484438e-10
122.1951731,0.295509286,94.30411244,1499.647658,0.180043847,0.895647222,-7.334149604,0.731231194,0.000861289,3.7026e-10,0.856615012,0.017965992,0.109190992,0.00087842,2.10331e-05,0.015212671,0.000115879,6.95141e-12,,56.89954082692869,0.9849837693275032,0.11788014055,0.993255326477853,0.9999999994772116,8.930484129976435e-10
121.1814366,0.295467206,93.52215027,1499.541039,0.180035115,0.895646371,-7.334258638,0.731196849,0.000862699,3.73338e-10,0.855615415,0.017947394,0.110075986,0.000885765,2.1208e-05,0.015337369,0.000116862,6.94345e-12,,56.37108524230715,0.9848435093797556,0.11690268783749999,0.9931847099639746,0.9999999993802817,9.930563038551554e-10
120.137088,0.295423041,92.7158693,1499.429125,0.180026079,0.895645611,-7.334371473,0.731160958,0.000864165,3.76563e-10,0.854568662,0.017927883,0.111002785,0.000893458,2.1391e-05,0.015467928,0.000117892,6.93506e-12,,55.82690921471639,0.9846962997649202,0.115894836625,0.9931105864350147,0.999999999383498,9.930649635947475e-10
119.0811125,0.295377518,91.8998734,1499.313762,0.180016899,0.895644966,-7.334486106,0.731124126,0.000865661,3.7988e-10,0.853492302,0.017907784,0.111955856,0.00090137,2.15792e-05,0.015602157,0.000118951,6.92638e-12,,55.27691957850486,0.9845445637002502,0.11487484175000001,0.9930341785443897,0.9999999995868065,7.930734957639629e-10
118.0800615,0.295333536,91.1256244,1499.202295,0.180008155,0.895644472,-7.334595294,0.731088694,0.000867093,3.8308e-10,0.852454839,0.017888377,0.112874541,0.000908996,2.17604e-05,0.015731514,0.000119973,6.91796e-12,,54.75575897527512,0.9843979640561952,0.1139070305,0.9929603510750599,1.000000000789998,-4.069180548071927e-10
117.0497765,0.295287405,90.32804799,1499.085372,0.179999112,0.895644087,-7.33470821,0.731051686,0.00086858,3.86429e-10,0.851369273,0.017868034,0.113835878,0.000916978,2.19499e-05,0.015866845,0.000121042,6.90909e-12,,54.21961493443196,0.9842442014219379,0.1129100599875,0.9928829099561955,1.0000000002933382,9.309075732488736e-11
116.0316495,0.295240931,89.53915905,1498.967571,0.179990131,0.895643833,-7.334820349,0.73101456,0.000870064,3.89797e-10,0.850278328,0.017847555,0.114802037,0.000925,2.21402e-05,0.016002824,0.000122116,6.90013e-12,,53.69002719555362,0.9840892955091141,0.1119239488125,0.9928048873152836,1.000000000596697,-2.0690005264611955e-10
114.9378132,0.295189989,88.69079319,1498.838437,0.179980432,0.895643704,-7.334941459,0.730974041,0.000871675,3.93482e-10,0.849085582,0.017825125,0.115858418,0.000933772,2.23481e-05,0.016151463,0.000123291,6.89027e-12,,53.12131820512496,0.9839194969763632,0.1108634914875,0.9927193585361435,0.9999999995003722,8.931098083309053e-10
113.9297337,0.295142084,87.90818166,1498.716994,0.179971445,0.895643722,-7.335053672,0.7309361,0.000873175,3.96939e-10,0.847966886,0.017804052,0.116849276,0.000942001,2.2543e-05,0.016290848,0.000124394,6.88096e-12,,52.5974292861528,0.9837598212920274,0.109885227075,0.9926389237046882,1.00000000040382,-6.880940262021795e-12
112.8216544,0.295088335,87.04708541,1498.580728,0.179961511,0.895643898,-7.335177698,0.730893714,0.000874841,4.00811e-10,0.846715096,0.01778043,0.11795809,0.00095121,2.27609e-05,0.016446785,0.000125627,6.87048e-12,,52.021841969720114,0.9835806665408038,0.10880885676249999,0.9925486712179817,0.9999999993076814,1.0931296978711202e-09
111.760166,0.295035738,86.22134713,1498.447379,0.179951939,0.895644224,-7.335297202,0.730852418,0.000876454,4.0459e-10,0.845493623,0.017757339,0.11904012,0.000960198,2.29734e-05,0.016598915,0.000126832,6.8602e-12,,51.47070846278271,0.9834053516056402,0.1077766839125,0.9924603507356179,1.0000000008114502,-4.0686032320991217e-10
110.6868599,0.294981419,85.38555909,1498.309657,0.179942204,0.895644716,-7.335418746,0.730809951,0.000878104,4.08485e-10,0.844235726,0.017733519,0.120154486,0.000969455,2.3192e-05,0.016755549,0.000128072,6.84954e-12,,50.91370292016153,0.9832242969454287,0.1067319488625,0.9923691339025549,0.9999999994153345,9.93150561789946e-10
109.6832552,0.294929559,84.60325686,1498.178169,0.179933047,0.895645328,-7.335533064,0.730769576,0.000879664,4.12195e-10,0.843038189,0.017710805,0.121215447,0.000978269,2.34e-05,0.016904636,0.000129254,6.83934e-12,,50.393104377331326,0.9830514385592549,0.105754071075,0.9922820460084943,1.0000000004190344,-6.839417920900814e-12
108.6532284,0.294875228,83.79955217,1498.040409,0.179923593,0.895646115,-7.335651084,0.730727446,0.000881282,4.16074e-10,0.841787103,0.017687037,0.122323917,0.00098748,2.36172e-05,0.017060358,0.000130488,6.82862e-12,,49.85903998955873,0.9828703439009593,0.1047494402125,0.9921908040070511,1.0000000006229026,-2.068285542833337e-10
107.6146852,0.294819275,82.98836466,1497.898207,0.179914003,0.895647081,-7.335770813,0.730684234,0.000882933,4.20059e-10,0.840502495,0.017662593,0.123462176,0.000996938,2.38399e-05,0.017220201,0.000131755,6.81756e-12,,49.3208649807956,0.982683842834982,0.103735455825,0.9920966199544289,0.9999999983268764,2.0931826272274634e-09
106.5805771,0.294762355,82.17978835,1497.75421,0.179904392,0.895648204,-7.33589078,0.730640457,0.000884595,4.24104e-10,0.839199552,0.017637761,0.124616723,0.001006533,2.40658e-05,0.017382323,0.000133042,6.80627e-12,,48.78512135259024,0.9824941185900724,0.10272473543749999,0.9920012470270058,1.0000000002309104,1.9319379429560968e-10
105.4940985,0.294701211,81.32933751,1497.599174,0.179894228,0.895649581,-7.336017662,0.730593623,0.000886363,4.28437e-10,0.837804348,0.017611127,0.125853122,0.001016809,2.43073e-05,0.017555867,0.000134419,6.79412e-12,,48.222575586606204,0.9822903150196096,0.1016616718875,0.9918985626851375,0.9999999997352311,6.932058260744611e-10
104.412884,0.294638953,80.48204923,1497.441313,0.179884042,0.895651153,-7.336144811,0.730546136,0.000888145,4.32839e-10,0.836388375,0.017584053,0.12710801,0.00102724,2.45523e-05,0.017731952,0.000135817,6.78173e-12,,47.66302688024666,0.9820827982936857,0.1006025615375,0.9917940072729001,0.9999999997396205,6.932183715946394e-10
103.3939083,0.294578946,79.68264789,1497.288746,0.179874375,0.895652834,-7.336265475,0.730500546,0.000889846,4.37071e-10,0.835028063,0.017558002,0.12831367,0.001037263,2.47873e-05,0.017901053,0.000137161,6.76975e-12,,47.13600340324464,0.9818827845416779,0.0996033098625,0.9916929582134185,0.9999999997438407,6.932303620033053e-10
102.3657956,0.294517044,78.87518767,1497.132214,0.179864553,0.895654706,-7.336388062,0.730453708,0.000891583,4.41425e-10,0.833629325,0.017531175,0.129553425,0.001047571,2.50289e-05,0.018074933,0.000138543,6.75738e-12,,46.60437072735383,0.9816764544255782,0.0985939845875,0.9915892830321619,1.0000000013481825,-9.067573358834125e-10
101.3432211,0.29445408,78.07118232,1496.972575,0.179854714,0.895656777,-7.336510863,0.730406247,0.000893334,4.45842e-10,0.83221131,0.017503938,0.130810368,0.001058023,2.52736e-05,0.018251143,0.000139944,6.74477e-12,,46.07591923750145,0.9814665844790482,0.09758897790000001,0.9914835500046619,1.000000000052587,3.9325520617694565e-10
100.2963237,0.294388125,77.2471123,1496.805359,0.179844566,0.89565911,-7.336637517,0.730356725,0.000895149,4.50457e-10,0.830731032,0.017475463,0.132122591,0.001068935,2.55287e-05,0.018435044,0.000141406,6.73154e-12,,45.53515812892559,0.9812467450100916,0.096558890375,0.9913727985346173,1.0000000001571885,2.932684095569016e-10
99.23987225,0.294319983,76.41454229,1496.632607,0.179834245,0.895661692,-7.336766317,0.730305762,0.000897006,4.55211e-10,0.829207105,0.017446104,0.133473598,0.001080172,2.57911e-05,0.018624318,0.000142913,6.71786e-12,,44.989723847554735,0.9810196158903335,0.0955181778625,0.9912583804289747,1.000000001561929,-1.106718050536415e-09
98.20229265,0.294251451,75.59587217,1496.458878,0.179824028,0.895664457,-7.336893818,0.730254707,0.000898855,4.5998e-10,0.827680039,0.017416641,0.13482748,0.001091434,2.60538e-05,0.018813929,0.000144422,6.70408e-12,,44.454302644056355,0.9807911868328467,0.09449484021250001,0.9911433152310309,0.999999999266684,1.1932960175542462e-09
97.19966563,0.294183662,74.80385055,1496.287041,0.179814077,0.895667354,-7.337018001,0.730204394,0.000900667,4.64683e-10,0.826174972,0.017387562,0.136161948,0.001102536,2.63125e-05,0.019000759,0.00014591,6.69043e-12,,43.93716425232566,0.9805652343233918,0.09350481318750001,0.9910295031534904,0.9999999999713733,4.933096153791894e-10
96.12878417,0.294109494,73.95688666,1496.099052,0.179803359,0.8956707,-7.337151738,0.730149557,0.00090263,4.69813e-10,0.82453451,0.017355821,0.137616566,0.001114639,2.65941e-05,0.019204338,0.000147532,6.67549e-12,,43.385096933472504,0.9803180194991393,0.092446108325,0.9909049931897178,1.0000000005764884,-1.0667555727650324e-10
95.04798073,0.294032725,73.1009851,1495.904484,0.179792446,0.895674351,-7.337287909,0.730093017,0.000904641,4.75107e-10,0.822843274,0.017323051,0.139116313,0.001127119,2.68841e-05,0.019414155,0.000149204,6.66001e-12,,42.828203968961375,0.9800621350901887,0.091376231375,0.9907761257845434,1.0000000005817669,-1.0665979210955356e-10
94.03657745,0.293959076,72.29903452,1495.717841,0.179782142,0.895678027,-7.337416464,0.730038979,0.000906552,4.8017e-10,0.82122724,0.017291693,0.140549475,0.001139047,2.71609e-05,0.019614582,0.000150802,6.64515e-12,,42.307335006286785,0.9798166501830673,0.09037379315,0.9906525073112902,1.0000000003868152,9.335487938244569e-11
92.95101665,0.293878005,71.43718219,1495.512412,0.179770982,0.895682262,-7.337555706,0.729979718,0.000908634,4.85726e-10,0.819455637,0.01725727,0.142120714,0.001152125,2.7464e-05,0.019834235,0.000152554,6.62879e-12,,41.74856410788701,0.9795464264610177,0.0892964777375,0.9905164463856625,0.9999999994923549,9.933711631049391e-10
91.92017838,0.293799009,70.61770291,1495.312263,0.179760283,0.895686572,-7.337689183,0.72992219,0.000910644,4.91121e-10,0.817736667,0.017223823,0.143645385,0.001164818,2.77578e-05,0.020047295,0.000154254,6.61284e-12,,41.21823701972165,0.9792831190743193,0.0882721286375,0.9903838825402294,1.000000000297734,1.9338708412419692e-10
90.90775439,0.293719441,69.81182928,1495.110691,0.179749675,0.895691089,-7.337821512,0.729864454,0.000912648,4.96538e-10,0.816012509,0.01719023,0.145174767,0.001177552,2.80521e-05,0.020260929,0.000155959,6.59678e-12,,40.69765332136436,0.9790179051122855,0.08726478659999999,0.9902503762051907,0.9999999986031348,1.8934032119943822e-09
89.85710767,0.293634711,68.97443143,1494.896069,0.179738559,0.895696087,-7.337960181,0.729803193,0.000914762,5.02286e-10,0.814184433,0.017154566,0.146796447,0.001191057,2.83637e-05,0.020487365,0.000157767,6.57967e-12,,40.157697091043886,0.9787354853078021,0.08621803928749999,0.9901082265185345,0.9999999992088657,1.2934202597847388e-09
88.82522907,0.293549269,68.15088507,1494.679677,0.179727529,0.895701314,-7.33809776,0.72974164,0.000916873,5.08063e-10,0.812349267,0.017118717,0.148424538,0.001204617,2.86761e-05,0.020714602,0.000159582,6.56243e-12,,39.627668799892604,0.9784506922836707,0.0851886063375,0.9899649045152223,0.9999999996146254,8.934376571900771e-10
87.81457902,0.293463362,67.34320074,1494.462139,0.179716615,0.895706753,-7.338233893,0.729679969,0.000918976,5.13851e-10,0.810512418,0.017082789,0.150054243,0.001218193,2.89884e-05,0.020941969,0.000161399,6.54509e-12,,39.1088191619346,0.9781643493337857,0.084179000925,0.9898208234865494,0.9999999999203961,5.934548408248475e-10
86.7726418,0.2933724,66.50937696,1494.231487,0.179705242,0.895712711,-7.338375736,0.729614894,0.000921181,5.19957e-10,0.808576516,0.017044876,0.151771983,0.001232504,2.93171e-05,0.02118149,0.000163313,6.52675e-12,,38.574243206438204,0.9778611571910333,0.0831367212,0.9896680567174083,0.9999999996264839,8.934730733045626e-10
85.76716814,0.29328222,65.70361835,1494.003555,0.179694147,0.895718792,-7.338514104,0.729550605,0.000923346,5.25989e-10,0.806666332,0.01700742,0.15346699,0.001246629,2.96411e-05,0.021417785,0.000165202,6.50859e-12,,38.05856698273158,0.9775605715900856,0.0821295229375,0.9895170914744281,0.9999999996324977,8.934912809621665e-10
84.7251243,0.293186168,64.86738426,1493.760456,0.179682518,0.895725473,-7.338659124,0.729482361,0.000925631,5.32389e-10,0.804641708,0.016967672,0.155263707,0.001261603,2.99839e-05,0.021668121,0.000167204,6.48925e-12,,37.52447558072799,0.9772404135933875,0.08108423032499999,0.9893560807361234,0.9999999994388784,1.0935106153908691e-09
83.71794921,0.293090718,64.05798153,1493.518928,0.179671147,0.895732306,-7.338800913,0.729414777,0.00092788,5.38724e-10,0.802639837,0.016928322,0.157040372,0.001276413,3.03223e-05,0.021915548,0.000169184,6.47006e-12,,37.0085446641928,0.9769222621672345,0.08007247691250001,0.9891961105116418,0.999999998845194,1.6935299829157202e-09
82.64506751,0.292986095,63.1945121,1493.253863,0.179658886,0.895740017,-7.338953791,0.729340946,0.000930322,5.4564e-10,0.800457038,0.016885365,0.158977794,0.001292566,3.06908e-05,0.022185205,0.000171342,6.44906e-12,,36.459318681497145,0.9765735355390692,0.078993140125,0.9890205511249363,1.000000001352089,-8.064491296977394e-10
81.64235996,0.292885448,62.38631816,1492.999677,0.179647284,0.89574762,-7.339098448,0.729270166,0.000932649,5.52266e-10,0.798368352,0.016844209,0.160831786,0.001308027,3.10429e-05,0.022443176,0.000173406,6.42889e-12,,35.94622789114751,0.9762380616093886,0.0779828977,0.9888521971805486,0.999999999458695,1.0935710115234087e-09
80.60966694,0.292778768,61.55272788,1492.729912,0.179635183,0.895755894,-7.339249315,0.729195385,0.000935092,5.5926e-10,0.796166395,0.016800772,0.162786507,0.00132433,3.14134e-05,0.022714998,0.000175583,6.40754e-12,,35.418146799378846,0.9758824786429982,0.07694090985,0.9886735248626092,0.9999999989656674,1.593592591220272e-09
79.54661246,0.292665602,60.69330543,1492.443821,0.179622558,0.895764892,-7.339406699,0.729116324,0.00093766,5.66647e-10,0.793843879,0.016754903,0.164848429,0.001341531,3.18035e-05,0.023001576,0.000177877,6.38494e-12,,34.87487370451158,0.975505276712228,0.0758666317875,0.9884840394137496,0.9999999990730318,1.4936151204736348e-09
78.54331962,0.292555541,59.88094465,1492.165651,0.179610479,0.895773854,-7.339557261,0.729039682,0.000940133,5.73798e-10,0.791598095,0.016710499,0.166842399,0.001358169,3.21801e-05,0.023278562,0.000180096,6.36301e-12,,34.36245243420179,0.9751384242856819,0.0748511808125,0.9882998002475079,1.0000000006801608,-1.0636269642816387e-10
77.49458068,0.292436955,59.03046516,1491.866021,0.179597676,0.895783732,-7.339716842,0.728957369,0.000942774,5.81469e-10,0.789192639,0.016662884,0.168978323,0.001375995,3.25828e-05,0.023575104,0.000182471,6.33944e-12,,33.82715433699259,0.9747431565536572,0.07378808145,0.9881013475697171,0.9999999993878085,1.1936605037732306e-09
76.44692925,0.292314712,58.17949727,1491.557241,0.179584697,0.895794144,-7.339878606,0.728872792,0.00094547,5.89339e-10,0.78672834,0.016614049,0.171166695,0.001394263,3.29945e-05,0.023878754,0.000184904,6.31521e-12,,33.29275347485669,0.9743356994055461,0.0727243715875,0.9878968346109073,1.0000000000956542,4.936847597392102e-10
75.42079353,0.292191142,57.34465636,1491.245204,0.179571792,0.895804895,-7.340039432,0.728787569,0.000948171,5.97256e-10,0.784252969,0.016564941,0.173365099,0.001412618,3.34072e-05,0.024183617,0.000187347,6.29078e-12,,32.76966903040133,0.973923819135984,0.07168082045,0.987690164456985,0.9999999988035467,1.7937092922082343e-09
74.39572189,0.292063723,56.50932621,1490.923554,0.179558701,0.895816209,-7.340202561,0.728699964,0.000950931,6.0538e-10,0.781716899,0.016514575,0.175617618,0.00143143,3.38293e-05,0.024495799,0.000189849,6.26568e-12,,32.24746846573886,0.9734991094809922,0.0706366577625,0.9874771273652005,0.9999999999116455,6.937345142787876e-10
73.39170223,0.291934883,55.68981757,1490.598426,0.179545677,0.895827873,-7.340364845,0.728611654,0.000953696,6.13553e-10,0.779169289,0.016463927,0.177880596,0.001450334,3.42523e-05,0.02480924,0.000192362,6.24038e-12,,31.736331588085083,0.9730696633862248,0.0696122719625,0.9872617867043031,1.0000000009197934,-3.062403663989244e-10
72.34797228,0.291796502,54.83647466,1490.249342,0.179531916,0.89584064,-7.340536306,0.728517092,0.000956639,6.22286e-10,0.776451591,0.01640984,0.18029489,0.001470507,3.47027e-05,0.025143428,0.000195041,6.2133e-12,,31.20534282105131,0.9726084154815371,0.068545593325,0.9870305793666738,1.0000000003284992,2.937866616647966e-10
71.31183701,0.291654419,53.98788472,1489.891057,0.179518019,0.895853994,-7.340709442,0.728420295,0.000959634,6.31203e-10,0.773681027,0.016354644,0.182756392,0.001491079,3.51608e-05,0.025483926,0.00019777,6.18561e-12,,30.678593160257297,0.9721348281679479,0.0674848559,0.9867932779694097,0.9999999994373885,1.1938143806844437e-09
70.25734465,0.291504753,53.12274646,1489.513797,0.179503622,0.895868316,-7.340888788,0.728318642,0.00096276,6.40545e-10,0.770784066,0.016296871,0.185330452,0.001512599,3.56386e-05,0.025839751,0.000200622,6.15656e-12,,30.14290291795332,0.9716359653984709,0.066403433075,0.9865434089401961,1.0000000002467015,3.9384340233539206e-10
69.21090973,0.291350909,52.26268469,1489.12617,0.179489069,0.895883299,-7.341070058,0.72821447,0.000965944,6.50091e-10,0.767828993,0.016237878,0.187956422,0.001534558,3.61249e-05,0.026202493,0.00020353,6.12684e-12,,29.611707565990738,0.9711231766294288,0.0653283558625,0.9862866735794713,0.9999999995562179,1.0938732142307117e-09
68.15711557,0.291190338,51.39500702,1488.721396,0.179474138,0.895899218,-7.341256022,0.728106146,0.000969237,6.59996e-10,0.764769022,0.016176729,0.190675928,0.001557307,3.6627e-05,0.026577848,0.000206539,6.09597e-12,,29.077228003982032,0.9705879656011545,0.064243758775,0.9860185813183491,1.0000000006660918,-6.0957905390068845e-12
67.1125522,0.291025274,50.5333474,1488.306244,0.179459031,0.895915823,-7.341444172,0.727994956,0.000972592,6.70115e-10,0.761648955,0.016114319,0.193449088,0.001580511,3.71378e-05,0.026960383,0.000209605,6.0644e-12,,28.547781119180783,0.9700377786236113,0.06316668425,0.9857436154401323,0.9999999994761795,1.1939356170387327e-09
66.05727425,0.290852219,49.66123169,1487.870467,0.179443454,0.895933525,-7.341638149,0.727878729,0.000976079,6.80656e-10,0.758405414,0.016049377,0.196332376,0.001604645,3.76672e-05,0.027357732,0.000212789,6.03149e-12,,28.013413938569304,0.9694609562553256,0.0620765396125,0.9854549890924048,1.0000000008866874,-2.0603141415165283e-10
65.02488302,0.290676447,48.80642571,1487.428763,0.179427904,0.895951781,-7.341831765,0.727761177,0.000979589,6.91294e-10,0.755139312,0.015983918,0.199235997,0.001628957,3.81989e-05,0.027757624,0.000215993,5.99825e-12,,27.49100973757768,0.9688750776541968,0.0610080321375,0.9851624371396936,1.0000000005972924,9.400191736119723e-11
64.0208448,0.290499013,47.97355711,1486.982437,0.179412452,0.895970482,-7.342024157,0.72764276,0.000983102,7.01963e-10,0.751871115,0.015918358,0.202141869,0.001653296,3.87292e-05,0.028157438,0.000219195,5.9649e-12,,26.983447203166183,0.9682836593184397,0.059966946387500004,0.9848668239171605,1.000000000907928,-2.0596502281478024e-10
62.98846121,0.290309514,47.11556373,1486.506688,0.179396212,0.895990723,-7.342226341,0.727516639,0.000986823,7.1328e-10,0.748412081,0.015848907,0.205217727,0.001679068,3.92889e-05,0.028580345,0.000222582,5.92952e-12,,26.461951802661247,0.9676520262424362,0.0588944546625,0.9845517230827774,0.9999999996192094,1.09407061188449e-09
61.94319439,0.290109935,46.24517959,1486.005573,0.179379384,0.896012343,-7.342435815,0.727384178,0.000990709,7.25115e-10,0.744803699,0.015776393,0.208426816,0.001705966,3.98708e-05,0.029021145,0.00022611,5.8925e-12,,25.93446926665148,0.9669867947759075,0.0578064744875,0.9842198216922923,1.0000000005310072,1.9410761886717864e-10
60.9036067,0.289903273,45.37782034,1485.486628,0.179362242,0.896035039,-7.342649198,0.727247388,0.000994698,7.37279e-10,0.741104199,0.015701981,0.211717389,0.001733558,4.04652e-05,0.029472684,0.000229723,5.85445e-12,,25.41038869625989,0.9662979544403225,0.056722275424999996,0.9838761110328923,0.9999999999431335,7.94145527116541e-10
59.88855779,0.289693149,44.52926868,1484.959739,0.179345088,0.896058405,-7.342862692,0.72710868,0.00099872,7.49556e-10,0.737380601,0.015627019,0.215029791,0.001761344,4.10615e-05,0.029926828,0.000233355,5.81606e-12,,24.89914691048414,0.9655975746575153,0.05566158585,0.983527138857381,1.0000000002553722,4.941839160110817e-10
58.85520235,0.289470241,43.66370147,1484.401368,0.179327178,0.896083496,-7.343085584,0.726961923,0.001002953,7.62479e-10,0.733471628,0.015548259,0.218507539,0.001790529,4.16853e-05,0.030403195,0.000237163,5.77566e-12,,24.37919878662695,0.9648545835825978,0.0545796268375,0.983157315341209,0.9999999990682547,1.6942243163953208e-09
57.82697934,0.289238866,42.80070026,1483.821876,0.179308881,0.896109864,-7.343313274,0.72680999,0.001007311,7.75786e-10,0.729458296,0.015467329,0.222078654,0.001820512,4.23231e-05,0.03089182,0.000241066,5.73408e-12,,23.86241232116785,0.9640833705262738,0.053500875325,0.9827735028419323,1.0000000008815202,-1.0573408815162111e-10
56.79514469,0.288996453,41.93290792,1483.215164,0.179290012,0.896137815,-7.343548068,0.726651218,0.001011839,7.89612e-10,0.725300916,0.015383425,0.225778472,0.001851589,4.29812e-05,0.031397514,0.000245102,5.69091e-12,,23.34439103031767,0.9632753658990555,0.052416134899999994,0.9823716618345307,0.9999999999953031,7.943089519457658e-10
55.75708313,0.288741556,41.05808004,1482.577676,0.179270481,0.896167542,-7.343791066,0.726484701,0.001016563,8.04026e-10,0.72098086,0.015296166,0.229623631,0.001883903,4.36621e-05,0.031922488,0.000249289,5.64595e-12,,22.823854311404247,0.9624257499318258,0.05132260005,0.9819494370884794,0.9999999999096717,8.943542573192076e-10
54.71998974,0.28847511,40.18225014,1481.911453,0.179250392,0.896198979,-7.344040991,0.726311187,0.001021462,8.18959e-10,0.716520426,0.015205999,0.23359438,0.001917289,4.43617e-05,0.03246394,0.000253603,5.59942e-12,,22.304471227655444,0.9615376391419596,0.050227812675000004,0.9815081804107244,0.9999999995245583,1.2944006977377853e-09
53.6753199,0.288193975,39.29816258,1481.209817,0.179229507,0.896232478,-7.34430079,0.726128355,0.001026591,8.34569e-10,0.711874224,0.015112006,0.237731091,0.00195209,4.50873e-05,0.033027412,0.000258088,5.55085e-12,,21.78191867934711,0.9606005673641547,0.049122703225,0.9810434687896106,0.9999999991401198,1.6944491365578074e-09
52.6605512,0.287907781,38.43758449,1480.495782,0.17920858,0.896266951,-7.344561108,0.725942803,0.001031771,8.5031e-10,0.707206682,0.015017508,0.241887517,0.001987076,4.58124e-05,0.03359282,0.000262583,5.50196e-12,,21.275034570346154,0.9596466330607876,0.0480469806125,0.9805705449909715,0.9999999992558121,1.5944979780968538e-09
51.65662139,0.287611029,37.58444456,1479.756037,0.179187202,0.896303051,-7.344827007,0.725750871,0.001037103,8.66475e-10,0.702431937,0.014920768,0.246140113,0.002022893,4.65504e-05,0.034170568,0.00026717,5.45184e-12,,20.774262367627507,0.9586575071098845,0.0469805557,0.9800805927961572,1.0000000002719267,5.945481884594983e-10
50.64879782,0.287298526,36.72623307,1478.977723,0.179165018,0.896341432,-7.345102906,0.725549226,0.001042677,8.83329e-10,0.697473823,0.014820241,0.250556783,0.002060114,4.73125e-05,0.034769805,0.00027192,5.3997e-12,,20.272283945412646,0.9576158803406121,0.0459077913375,0.9795650953577767,0.9999999993887287,1.4946002213633847e-09
49.62646377,0.286965479,35.85385588,1478.149018,0.179141723,0.896382723,-7.345392617,0.725334837,0.001048574,9.01105e-10,0.692267159,0.014714599,0.255195696,0.002099234,4.81081e-05,0.035398307,0.000276895,5.34485e-12,,19.763872767150872,0.956505776851603,0.044817319849999995,0.9790162226602882,0.99999999900645,1.894654988454647e-09
48.62146287,0.286621141,34.99449231,1477.293058,0.179117985,0.896425804,-7.345687801,0.725113698,0.001054627,9.19286e-10,0.686966086,0.014606967,0.259919605,0.002139099,4.89132e-05,0.036037385,0.000281944,5.2889e-12,,19.264905380426523,0.9553580384987626,0.043743115387499996,0.9784492982732719,1.0000000001245748,7.947111857475875e-10
47.60265925,0.28625361,34.12153336,1476.380034,0.179093021,0.896472213,-7.345998231,0.724878332,0.001061043,9.38477e-10,0.681397923,0.014493834,0.264882525,0.00218101,4.97532e-05,0.036707724,0.000287229,5.23003e-12,,18.759991876448,0.9541329938491513,0.0426519167,0.9778445789271213,0.9999999991437071,1.7947698882636587e-09
46.56881107,0.285860138,33.23384459,1475.403972,0.179066667,0.896522316,-7.346325913,0.72462682,0.001067863,9.58782e-10,0.675537123,0.014374675,0.27010731,0.002225168,5.06313e-05,0.037412319,0.000292772,5.16797e-12,,18.248567563658614,0.9528214833415429,0.04154230573749999,0.9771981078875401,0.9999999992639501,1.6948319414566981e-09
45.56140216,0.285455236,32.36709094,1474.401088,0.179039918,0.896574293,-7.346658497,0.724368459,0.001074832,9.79424e-10,0.669611619,0.014254124,0.275390856,0.00226986,5.15126e-05,0.038123673,0.000298354,5.10513e-12,,17.75119575321705,0.9514718746589642,0.040458863675,0.9765338719455003,0.9999999995845291,1.394894866280083e-09
44.54369653,0.285022864,31.48973719,1473.33075,0.179011749,0.896630267,-7.347008721,0.724093217,0.001082225,1.00119e-09,0.663399254,0.014127657,0.28093148,0.002316767,5.24291e-05,0.038868231,0.00030418,5.03915e-12,,17.249847680475686,0.9500307036958573,0.0393621714875,0.9758249594793218,0.9999999991062293,1.894960743875629e-09
43.54268086,0.28457278,30.62509219,1472.218188,0.178982843,0.896689012,-7.347368112,0.723807578,0.00108987,1.02356e-09,0.657055085,0.013998421,0.286590928,0.002364725,5.33572e-05,0.03962738,0.000310102,4.97167e-12,,16.757821765277622,0.9485304955608277,0.038281365237500004,0.9750880809687985,0.9999999992285317,1.795028237161489e-09
42.52910842,0.28408982,29.74794689,1471.026209,0.178952226,0.896752519,-7.347748743,0.723501624,0.00109802,1.04724e-09,0.650382645,0.013862418,0.292544606,0.002415226,5.43248e-05,0.04042448,0.000316299,4.90061e-12,,16.260816510047842,0.9469207060084465,0.0371849336125,0.9742986025306575,0.9999999998521405,1.1950994638354473e-09
41.50033543,0.283569107,28.85600568,1469.742476,0.178919655,0.896821523,-7.348153672,0.723172492,0.00110675,1.07242e-09,0.643340589,0.013718794,0.29882972,0.002468595,5.53359e-05,0.041264162,0.000322802,4.82551e-12,,15.75771312686331,0.9451850791507583,0.036070007099999996,0.9734483530515724,0.9999999989772455,2.0951744783559434e-09
40.49432408,0.283027479,27.98227087,1468.40872,0.178886217,0.896893841,-7.348569382,0.722830902,0.001115774,1.09823e-09,0.636177555,0.013572618,0.305224551,0.002522959,5.63534e-05,0.042116586,0.000329375,4.74905e-12,,15.267164283858271,0.9433797389659044,0.034977838587500004,0.9725649720492718,0.9999999985029789,2.5952510140925256e-09
39.47395307,0.28244228,27.09460552,1466.970526,0.178850548,0.89697253,-7.349012831,0.722462631,0.001125465,1.12569e-09,0.628617385,0.013418249,0.311975716,0.002580423,5.74156e-05,0.043014544,0.000336267,4.66826e-12,,14.771106591510758,0.9414291690713709,0.033868256900000004,0.9716124190656507,1.0000000007303584,3.953315452775996e-10
38.43883429,0.281808191,26.19272884,1465.414248,0.178812389,0.897058417,-7.349487247,0.72206448,0.0011359,1.15498e-09,0.620628126,0.013255027,0.319112214,0.002641248,5.85241e-05,0.043961367,0.000343493,4.58281e-12,,14.269606567792213,0.9393156403164433,0.03274091105,0.9705816560029178,1.0000000002595626,8.954172958652862e-10
37.42602518,0.281144446,25.30907802,1463.787854,0.178772938,0.897148956,-7.349977727,0.721648621,0.001146759,1.18513e-09,0.612482256,0.013088514,0.326390866,0.002703374,5.96393e-05,0.044924549,0.0003508,4.49561e-12,,13.78072258939504,0.9371032629633598,0.031636347525000004,0.9695044533047813,0.9999999994896255,1.695504514565016e-09
36.40063003,0.280424355,24.4133943,1462.026068,0.178730656,0.897247867,-7.350503453,0.721198443,0.001158472,1.21728e-09,0.603885922,0.0129127,0.334074574,0.00276906,6.07991e-05,0.045938504,0.00035844,4.40352e-12,,13.28776374205917,0.9347030746070495,0.030516742875,0.9683375769926827,1.0000000003216838,8.955964858614607e-10
35.3980767,0.279668678,23.53682955,1460.181229,0.178686803,0.897352353,-7.351048737,0.720727024,0.001170694,1.25043e-09,0.595123109,0.012733389,0.341909666,0.002836152,6.19631e-05,0.046969571,0.00036615,4.30961e-12,,12.80785960002479,0.9321842719327602,0.0294210369375,0.9671156925363781,1.0000000013547394,-1.0430944996642211e-10
34.38490953,0.27884765,22.65038876,1458.180193,0.178639701,0.89746664,-7.351634468,0.72021594,0.001183901,1.28579e-09,0.585889219,0.012544345,0.350168964,0.002907006,6.31686e-05,0.048053115,0.000374182,4.21061e-12,,12.325206420989403,0.9294476430264069,0.028312985949999998,0.9657903547779577,1.0000000008900007,3.9578929023065257e-10
33.36534081,0.277956916,21.75802691,1456.01353,0.178589173,0.897591453,-7.352262875,0.719662652,0.001198151,1.32343e-09,0.576193282,0.012345745,0.358844842,0.002981582,6.44106e-05,0.049187627,0.000382509,4.10663e-12,,11.84207999849354,0.9264786719166863,0.027197533637500004,0.9643553179851804,0.9999999989275365,2.395893483608802e-09
32.34575477,0.276994202,20.86567411,1453.676604,0.17853516,0.897727247,-7.352934713,0.719065935,0.001213473,1.36331e-09,0.566071808,0.012138332,0.367905137,0.003059634,6.568e-05,0.050368328,0.000391079,3.99809e-12,,11.361788671882234,0.9232697789666883,0.026082092637500002,0.9628075116156628,0.9999999993673081,1.996001808279857e-09
31.32988011,0.275955203,19.9770039,1451.159927,0.178477486,0.897874769,-7.353652184,0.718423311,0.001229924,1.40547e-09,0.555543575,0.011922484,0.377333545,0.003141053,6.69698e-05,0.05159252,0.000399851,3.88521e-12,,10.886365301362515,0.9198066148637926,0.024971254875,0.9611406515222671,0.9999999992093551,2.196114845531838e-09
30.32147111,0.274835847,19.09577364,1448.454663,0.178415992,0.898034748,-7.354417336,0.717732456,0.00124756,1.44994e-09,0.544634632,0.011698733,0.387107244,0.003225676,6.82721e-05,0.052856664,0.000408777,3.76829e-12,,10.417840515108198,0.916075606924843,0.023869717050000003,0.959348885394274,0.9999999995537083,1.8962316161719173e-09
29.30928322,0.273613593,18.21272182,1445.507584,0.178349511,0.898210591,-7.355244695,0.716979671,0.001266726,1.49746e-09,0.533206149,0.011464228,0.397351216,0.003314629,6.95972e-05,0.05417624,0.000417938,3.64589e-12,,9.951339614579384,0.9120016220822968,0.022765902275,0.9573969589542961,0.9999999987011059,2.7963541482378673e-09
28.30767897,0.272294942,17.34102718,1442.335451,0.178278461,0.898401563,-7.356129153,0.716169009,0.001287307,1.54759e-09,0.521406774,0.011222017,0.407932887,0.003406811,7.09213e-05,0.05553341,0.000427179,3.51964e-12,,9.493862847176837,0.9076063292981388,0.021676283975000002,0.9552959734449744,1.0000000008511096,6.964803178632906e-10
27.29811015,0.270842258,16.46532219,1438.849945,0.178200947,0.898613408,-7.357094334,0.71527821,0.00130988,1.60157e-09,0.509002913,0.010967295,0.419062341,0.003504109,7.22627e-05,0.056954442,0.000436635,3.38709e-12,,9.037364454593547,0.9027642812483806,0.020581652737499997,0.952987432914469,0.9999999993049571,2.296612899854722e-09
26.29273856,0.269256793,15.59709442,1435.055866,0.178117085,0.898846214,-7.358138892,0.714307724,0.00133441,1.65915e-09,0.496126795,0.01070278,0.430621747,0.003605572,7.35974e-05,0.058423355,0.000446152,3.24973e-12,,8.587900705139875,0.8974796510664483,0.019496368025,0.9504745165265932,1.0000000000623996,1.5967502875469108e-09
25.29100607,0.267521624,14.73689018,1430.914223,0.178026092,0.89910285,-7.359272704,0.713247717,0.001361145,1.7207e-09,0.482766663,0.010428226,0.442622454,0.003711379,7.49161e-05,0.059940685,0.000455676,3.10751e-12,,8.145762151783103,0.89169603145444,0.018421112725,0.9477313995362957,1.0000000008238075,8.968925602204081e-10
24.28334622,0.265599318,13.87776708,1426.338256,0.177926111,0.899389305,-7.360519024,0.712075639,0.001390646,1.78732e-09,0.46878694,0.010140846,0.455187018,0.003822715,7.62194e-05,0.061521032,0.000465227,2.9591e-12,,7.707399784019275,0.8852886517226202,0.01734720885,0.9447006185576501,0.999999999190279,2.5970409156528262e-09
23.28216953,0.263490702,13.03174611,1421.33241,0.177817297,0.899706011,-7.361876093,0.710792334,0.001422884,1.85872e-09,0.454360364,0.009844191,0.468160942,0.003938334,7.74769e-05,0.063144093,0.000474599,2.80645e-12,,7.278940213934052,0.8782602684056092,0.0162896826375,0.9413851176288126,1.0000000017615265,9.719347549008717e-11
22.28154614,0.261159352,12.19539217,1415.812546,0.177697879,0.900059101,-7.363366218,0.709375932,0.001458399,1.93592e-09,0.439415136,0.009536785,0.48160942,0.004058953,7.86788e-05,0.064817288,0.000483737,2.64894e-12,,6.858585610739623,0.8704894739858978,0.0152442402125,0.9377291693197645,0.999999999738569,2.1973509678474556e-09
21.26916672,0.258542803,11.36049111,1409.634226,0.177564787,0.900458932,-7.365027991,0.707788748,0.001498124,2.02072e-09,0.423776453,0.009215036,0.495690289,0.004186179,7.98185e-05,0.066559608,0.000492614,2.48495e-12,,6.442188855429291,0.8617680617706143,0.0142006138875,0.9336371086174066,0.999999999523205,2.497514972610304e-09
20.26692548,0.255663577,10.54727363,1402.852676,0.17741929,0.900903164,-7.366845921,0.706044661,0.001541698,2.1122e-09,0.407811055,0.008886496,0.510073687,0.004317239,8.08467e-05,0.068329801,0.000500874,2.31853e-12,,6.039762957352231,0.8521711014970011,0.0131840920375,0.9291455131260636,1.0000000008145187,1.2976816288201576e-09
19.25326108,0.252421247,9.740690539,1395.233448,0.177256407,0.90140867,-7.36888267,0.704082596,0.001590624,2.21344e-09,0.391218625,0.008544995,0.525029975,0.00445485,8.17573e-05,0.070161297,0.000508498,2.14684e-12,,5.643723585127341,0.8413638525335841,0.012175863173749999,0.9240991018878785,0.9999999995155868,2.697853163091679e-09
18.24073124,0.248808871,8.95362146,1386.76187,0.177075963,0.901978431,-7.371141026,0.70189884,0.001644992,2.32465e-09,0.374257649,0.008195859,0.540325301,0.004597174,8.25049e-05,0.072026357,0.000515153,1.9729e-12,,5.260236758051688,0.8293231759887928,0.011192026825000001,0.9184881572587952,1.000000000226623,2.0980270853954153e-09
17.23149747,0.24479082,8.19043289,1377.353521,0.176876185,0.902620235,-7.373643873,0.69947035,0.001705326,2.44715e-09,0.357042879,0.007841479,0.555854323,0.00474357,8.30545e-05,0.073914119,0.000520574,1.79826e-12,,4.891158650034329,0.8159303142181812,0.0102380411125,0.9122567650329203,1.0000000009489485,1.4982016738329662e-09
16.2269948,0.240329041,7.454826421,1366.915073,0.176655227,0.903342979,-7.376415173,0.696773059,0.001772197,2.58261e-09,0.33969359,0.00748433,0.57150641,0.00489337,8.33699e-05,0.075814445,0.000524483,1.62454e-12,,4.537937253344575,0.8010584299643433,0.009318533026249999,0.9053431116685097,1.0000000004842344,2.09837536235824e-09
15.2237101,0.235360654,6.746854618,1355.291313,0.176409943,0.904160436,-7.379495476,0.693766675,0.001846553,2.73389e-09,0.322255466,0.007125385,0.587235616,0.005046572,8.34158e-05,0.077726939,0.000526603,1.45268e-12,,4.200194871316612,0.7844979332673367,0.0084335682725,0.8976443955920297,0.9999999995353427,3.1985473158968603e-09
14.22350976,0.229844814,6.070345715,1342.371833,0.176138197,0.905083938,-7.382912913,0.690422931,0.001929029,2.90377e-09,0.304875941,0.006767718,0.602902272,0.005202313,8.31546e-05,0.079641975,0.000526624,1.28465e-12,,3.879305596832493,0.766112680648888,0.00758793214375,0.8890874907371666,1.0000000005050547,2.398715448492794e-09
13.22271566,0.22370809,5.425110403,1327.960183,0.175836137,0.906131744,-7.386717591,0.686691988,0.002020765,3.0969e-09,0.287610846,0.006412524,0.618446842,0.005360572,8.25475e-05,0.081562441,0.000524226,1.12159e-12,,3.5746756403968774,0.7456579138337343,0.00678138800375,0.8795422832016013,1.0000000015980215,1.4988785768110802e-09
12.21801504,0.216868517,4.811240491,1311.825124,0.175499327,0.907325789,-7.39096751,0.682516092,0.002123058,3.31958e-09,0.270523868,0.006061172,0.633799432,0.005521316,8.1552e-05,0.083493602,0.000519055,9.64743e-13,,3.285803855114119,0.7228604292425712,0.00601405061375,0.8688556174309511,1.000000000320545,2.999035020323504e-09
11.21293283,0.209285619,4.232596815,1293.812555,0.175125143,0.908683438,-7.395698423,0.677859231,0.002236627,3.57864e-09,0.253789401,0.005717317,0.648786918,0.005683494,8.01318e-05,0.085431952,0.000510784,8.16389e-13,,3.013910307496609,0.6975853133382067,0.00529074601875,0.8569254283579656,1.0000000013794565,2.1991836129942044e-09
10.20899696,0.200907695,3.69089205,1273.714369,0.174710102,0.910227114,-7.400957565,0.672674056,0.00236242,3.88401e-09,0.237530684,0.00538357,0.663278236,0.005846496,7.82525e-05,0.08738365,0.000499107,6.78258e-13,,2.7591582264817065,0.6696602377090796,0.0046136150625,0.8436138813485397,0.9999999993846883,4.499321692996716e-09
9.201814154,0.191624009,3.184092313,1251.139911,0.174247369,0.911994779,-7.406835594,0.666870234,0.002502351,4.25204e-09,0.221755837,0.005060192,0.677239463,0.006010885,7.58655e-05,0.089374117,0.000483636,5.51059e-13,,2.5199125572206484,0.6387161000364213,0.00398011539125,0.8286622355194427,0.9999999997525911,4.499448924555338e-09
8.198067347,0.181412691,2.715136119,1225.857011,0.173733966,0.914013748,-7.413375391,0.66040439,0.002657114,4.70223e-09,0.206621318,0.0047505,0.690498552,0.006175696,7.29424e-05,0.091416853,0.000464133,4.3663e-13,,2.2968489112251396,0.6046800038122173,0.0033939201487499997,0.8119167186909779,0.9999999991026667,5.599563368541283e-09
7.195317854,0.170150853,2.281661058,1197.304314,0.173161094,0.916339363,-7.420695385,0.653158275,0.002829098,5.26903e-09,0.192109307,0.004454253,0.703028543,0.006341809,6.94241e-05,0.09355647,0.00044019,3.35307e-13,,2.0880915582111372,0.5671423419913441,0.0028520763225,0.7930055309668024,1.0000000013693653,3.899664813289405e-09
6.19427826,0.15771207,1.882377116,1164.779338,0.172518593,0.919041504,-7.428933743,0.644993671,0.003021014,6.0067e-09,0.17821878,0.004171588,0.714772756,0.00651005,6.52395e-05,0.09585022,0.000411362,2.47522e-13,,1.8921720949637908,0.525681718093431,0.002352971395,0.7714634003981803,1.0000000015069477,4.499752459530271e-09
5.190870977,0.143846678,1.513853488,1127.033205,0.171788103,0.922239779,-7.438337458,0.635663885,0.003237927,7.01565e-09,0.164849198,0.003900667,0.725732551,0.006682698,6.02582e-05,0.098397749,0.000376871,1.73097e-13,,1.7063515066871686,0.4794659586490275,0.00189231686,0.7464631628715922,0.999999999215823,7.799827006493842e-09
4.188215839,0.128293434,1.175179735,1082.376479,0.170947535,0.926097425,-7.449207599,0.624867616,0.003485923,8.48191e-09,0.151953706,0.003640833,0.735816356,0.00686178,5.43186e-05,0.101337147,0.00033585,1.12263e-13,,1.5287093808532333,0.42762429537083746,0.0014689746687499999,0.7168858613461682,0.9999999990820223,9.39988775705558e-09
3.18657436,0.110563604,0.863980528,1027.659266,0.169956656,0.930911619,-7.462090095,0.612058919,0.003776344,1.08243e-08,0.139376605,0.0033894,0.744924787,0.007051444,4.71324e-05,0.104923827,0.000286793,6.48297e-14,,1.3557396247212345,0.36852769296174814,0.0010799756600000001,0.6806452397759292,0.9999999992243649,1.1599935234585246e-08
2.185301023,0.089718967,0.577244616,956.326895,0.168737811,0.937289705,-7.478039441,0.596183343,0.004131985,1.52177e-08,0.126813158,0.003141045,0.752827447,0.007259267,3.81584e-05,0.109693948,0.000226961,3.04934e-14,,1.181431641160813,0.2990488978942945,0.00072155577,0.633399970483451,0.9999999996177306,1.559996942734898e-08
1.185014024,0.06358773,0.311308442,850.7222009,0.167104415,0.946823283,-7.499594504,0.574701979,0.004610595,2.67095e-08,0.113569476,0.002883708,0.758734496,0.007501043,2.62145e-05,0.11713442,0.000150616,9.00834e-15,,0.9924637795780656,0.21194894693894512,0.00038913555250000005,0.5634552575661655,1.000000000209509,2.6499991090389585e-08
0.99935747,0.057733559,0.263688123,823.4406122,0.166718496,0.949282567,-7.504717959,0.569592202,0.004725144,3.13012e-08,0.110896097,0.002832488,0.759414325,0.007552364,2.34602e-05,0.119147606,0.000133629,6.41686e-15,,0.9530741895638689,0.1924359783418508,0.00032961015375,0.5453859576566178,1.0000000005012064,3.079999366661923e-08
