P_bars,H2OT_m_wtpc,CO2T_m_ppmw,ST_m_ppmw,Fe3Fet_m,S6St_m,logfO2,dFMQ,vapor_wt,O2_v_mf,CO2_v_mf,CO_v_mf,H2O_v_mf,H2_v_mf,S2_v_mf,SO2_v_mf,H2S_v_mf,CH4_v_mf,OCS_v_mf,CS_v_mf,H2OT_m_wtpc_norm,CO2T_m_ppmw_norm,ST_m_ppmw_norm,SUM_v_mf,XO2_BYDIFF_v_mf
1420.4,0.200042223,1100.0,1418.733485,0.10373637,0.704522491,-10.09976519,-0.670041224,0.0001,4.13875e-14,0.930544888,0.063406531,0.005077823,0.000138734,0.000144237,0.000237631,0.000450152,2.56227e-09,,1018.1247576839604,1.0,1.0,1.0,0.9999999985623114,1.4377300461276832e-09
1419.12,0.200041324,1098.836034,1418.732194,0.103734225,0.704514729,-10.09981298,-0.669986472,0.000101141,4.1431e-14,0.930536,0.063409605,0.005082429,0.000138889,0.000144415,0.000237906,0.000450754,2.56281e-09,,1016.8345533589192,0.9999955059487616,0.998941849090909,0.9999990900334603,1.0000000005628515,-5.62810020809934e-10
1417.84,0.200040424,1097.672548,1418.731633,0.10373208,0.704506931,-10.0998608,-0.669931738,0.000102281,4.14745e-14,0.930527098,0.06341268,0.005087043,0.000139044,0.000144594,0.000238181,0.000451358,2.56336e-09,,1015.54343607907,0.9999910068985787,0.9978841345454545,0.9999986946103553,1.0000000005634013,-5.633598032517284e-10
1416.56,0.200039524,1096.509546,1418.730704,0.103729934,0.704499148,-10.09990862,-0.669877014,0.000103421,4.15182e-14,0.930518186,0.063415755,0.005091666,0.000139199,0.000144773,0.000238456,0.000451963,2.56391e-09,,1014.254533135275,0.9999865078483956,0.99682686,0.9999980398009709,1.0000000005639518,-5.639102518273376e-10
1415.28,0.200038624,1095.347025,1418.729773,0.103727787,0.704491363,-10.09995646,-0.669822301,0.00010456,4.15619e-14,0.930509262,0.063418832,0.005096296,0.000139354,0.000144953,0.000238732,0.000452568,2.56446e-09,,1012.9657753463188,0.9999820087982126,0.9957700227272728,0.9999973835818784,0.9999999995645015,4.3554004847123906e-10
1414.0,0.200037722,1094.184986,1418.72884,0.103725641,0.704483577,-10.10000431,-0.669767599,0.000105699,4.16056e-14,0.930500328,0.063421909,0.005100934,0.00013951,0.000145132,0.000239009,0.000453175,2.56501e-09,,1011.6792334708912,0.9999774997501403,0.9947136236363636,0.9999967259530778,0.9999999995650516,4.3499004398483976e-10
1412.7712,0.200036857,1093.069881,1418.727603,0.103723579,0.704476113,-10.10005027,-0.669715111,0.000106791,4.16477e-14,0.93049174,0.063424866,0.005105394,0.00013966,0.000145305,0.000239274,0.000453759,2.56553e-09,,1010.444448408142,0.99997317566302,0.9936998918181817,0.9999958540486553,1.0000000005655716,-5.655298451756607e-10
1411.5424,0.20003599,1091.955219,1418.727044,0.103721517,0.704468622,-10.10009621,-0.669662606,0.000107884,4.16899e-14,0.930483141,0.063427821,0.005109862,0.00013981,0.000145478,0.000239541,0.000454344,2.56606e-09,,1009.2095724752118,0.9999688415780102,0.9926865627272726,0.9999954600352582,0.9999999995661016,4.3394010607045175e-10
1410.3136,0.200035123,1090.841,1418.726143,0.103719455,0.704461142,-10.10014218,-0.669610126,0.000108976,4.17321e-14,0.930474532,0.063430778,0.005114338,0.00013996,0.000145652,0.000239808,0.00045493,2.56659e-09,,1007.9746223452855,0.9999645074930007,0.9916736363636363,0.9999948249617864,1.0000000005666319,-5.665901081641778e-10
1409.0848,0.200034256,1089.727224,1418.72524,0.103717392,0.704453661,-10.10018815,-0.669557656,0.000110067,4.17745e-14,0.930465912,0.063433736,0.00511882,0.000140111,0.000145826,0.000240075,0.000455517,2.56712e-09,,1006.7416470164619,0.999960173407991,0.9906611127272728,0.9999941884786063,0.9999999995671617,4.3288006512653965e-10
1407.856,0.200033388,1088.61389,1418.724335,0.103715329,0.704446177,-10.10023414,-0.669505198,0.000111158,4.18169e-14,0.930457282,0.063436695,0.005123311,0.000140262,0.000146,0.000240343,0.000456105,2.56764e-09,,1005.5096267761581,0.9999558343240368,0.989648990909091,0.9999935505857185,1.000000000567682,-5.676399350562633e-10
1406.676352,0.200032555,1087.545506,1418.72315,0.103713347,0.704439003,-10.10027832,-0.669454864,0.000112205,4.18576e-14,0.930448987,0.063439538,0.005127629,0.000140407,0.000146167,0.0002406,0.00045667,2.56815e-09,,1004.3295374393697,0.9999516702031451,0.9886777327272727,0.9999927153337049,1.000000000568192,-5.681499715137761e-10
1405.496704,0.200031721,1086.477529,1418.722593,0.103711366,0.704431805,-10.10032247,-0.669404507,0.000113252,4.18984e-14,0.930440682,0.063442379,0.005131953,0.000140552,0.000146335,0.000240858,0.000457238,2.56866e-09,,1003.1461147926552,0.9999475010833088,0.9877068445454545,0.9999923227300158,0.9999999995687017,4.313400747690821e-10
1404.317056,0.200030886,1085.409959,1418.721719,0.103709384,0.704424617,-10.10036665,-0.669354177,0.000114298,4.19393e-14,0.930432367,0.063445222,0.005136285,0.000140698,0.000146503,0.000241117,0.000457805,2.56917e-09,,1001.9654567359426,0.9999433269645279,0.9867363263636364,0.9999917066876024,0.9999999995692119,4.308300383115693e-10
1403.137408,0.200030051,1084.342796,1418.720844,0.103707402,0.704417427,-10.10041084,-0.669303856,0.000115344,4.19803e-14,0.930424043,0.063448066,0.005140624,0.000140844,0.000146672,0.000241375,0.000458374,2.56967e-09,,1000.7845303205944,0.999939152845747,0.9857661781818181,0.999991089940335,1.000000000569712,-5.696700888790929e-10
1401.95776,0.200029215,1083.27604,1418.719967,0.103705419,0.704410235,-10.10045504,-0.669253546,0.000116389,4.20214e-14,0.930415708,0.063450911,0.00514497,0.00014099,0.00014684,0.000241635,0.000458944,2.57018e-09,,999.6053559185082,0.9999349737280215,0.9847964,0.9999904717833596,1.0000000005702219,-5.701799032920007e-10
1400.825298,0.200028413,1082.252337,1418.718831,0.103703515,0.704403344,-10.10049747,-0.669205251,0.000117393,4.20608e-14,0.930407699,0.063453642,0.005149148,0.00014113,0.000147002,0.000241884,0.000459491,2.57067e-09,,998.4752979223692,0.9999309645744139,0.9838657609090908,0.999989671069193,0.9999999985707121,1.4293299877010668e-09
1399.692836,0.20002761,1081.229007,1418.718278,0.10370161,0.704396424,-10.10053993,-0.669156978,0.000118396,4.21003e-14,0.930399679,0.063456375,0.005153333,0.000141271,0.000147165,0.000242134,0.000460041,2.57116e-09,,997.3417660434819,0.9999269504218617,0.9829354609090908,0.9999892812849202,1.000000000571202,-5.711600081781398e-10
1398.560374,0.200026806,1080.206051,1418.717431,0.103699705,0.704389516,-10.10058238,-0.669108707,0.000119398,4.21399e-14,0.93039165,0.063459109,0.005157525,0.000141412,0.000147328,0.000242384,0.00046059,2.57165e-09,,996.2117834985415,0.9999229312703649,0.9820055009090908,0.9999886842735654,1.000000000571692,-5.716498385766045e-10
1397.427912,0.200026002,1079.18347,1418.716583,0.1036978,0.704382606,-10.10062485,-0.669060446,0.0001204,4.21796e-14,0.930383612,0.063461843,0.005161723,0.000141553,0.000147491,0.000242634,0.000461141,2.57213e-09,,995.0823449268739,0.9999189121188681,0.9810758818181817,0.9999880865573564,0.9999999995721721,4.2787007270561617e-10
1396.29545,0.200025198,1078.161262,1418.715733,0.103695895,0.704375696,-10.10066733,-0.669012194,0.000121402,4.22193e-14,0.930375565,0.063464578,0.005165928,0.000141694,0.000147654,0.000242885,0.000461693,2.57262e-09,,993.9534562666344,0.9999148929673711,0.9801466018181819,0.9999874874314396,0.9999999995726622,4.273800202625466e-10
1394.936495,0.200024232,1076.935106,1418.714711,0.103693608,0.704367401,-10.10071831,-0.668954303,0.000122604,4.2267e-14,0.930365896,0.06346786,0.005170982,0.000141864,0.000147851,0.000243187,0.000462356,2.57321e-09,,992.5979740954612,0.9999100639868415,0.9790319145454545,0.9999867670706314,0.9999999985732524,1.4267899084430269e-09
1393.577541,0.200023266,1075.709487,1418.713686,0.10369132,0.704359104,-10.10076931,-0.668896425,0.000123805,4.23149e-14,0.930356214,0.063471144,0.005176046,0.000142035,0.000148047,0.000243489,0.000463021,2.5738e-09,,991.2461555846575,0.9999052350063117,0.9779177154545455,0.999986044595261,0.9999999985738423,1.4262000469500435e-09
1392.218586,0.200022299,1074.484406,1418.71266,0.103689032,0.704350806,-10.10082032,-0.66883856,0.000125006,4.23628e-14,0.930346519,0.063474429,0.00518112,0.000142205,0.000148244,0.000243792,0.000463687,2.57438e-09,,989.8940409140738,0.9999004010268372,0.9768040054545455,0.9999853214150366,0.9999999985744225,1.425619955419677e-09
1390.859632,0.200021331,1073.259862,1418.711631,0.103686743,0.704342505,-10.10087134,-0.668780709,0.000126206,4.24108e-14,0.930336811,0.063477716,0.005186203,0.000142376,0.000148442,0.000244096,0.000464355,2.57497e-09,,988.54066512652,0.9998955620484182,0.9756907836363637,0.9999845961202501,1.0000000015750121,-1.5749697102052096e-09
1389.500677,0.200020362,1072.035854,1418.710599,0.103684453,0.704334203,-10.10092238,-0.668722871,0.000127405,4.24589e-14,0.930327088,0.063481003,0.005191295,0.000142548,0.00014864,0.0002444,0.000465024,2.57556e-09,,987.1899720032502,0.9998907180710546,0.9745780490909091,0.9999838687109017,1.0000000005756027,-5.755602661139392e-10
1388.196081,0.200019432,1070.86131,1418.709216,0.103682254,0.704326245,-10.1009714,-0.668667374,0.000128556,4.25052e-14,0.930317743,0.063484161,0.005196193,0.000142713,0.00014883,0.000244692,0.000465666,2.57612e-09,,985.8969845539663,0.999886069052532,0.9735102818181818,0.9999828938977923,1.0000000005761625,-5.761200405629552e-10
1386.891484,0.200018501,1069.687261,1418.708612,0.103680056,0.704318256,-10.10102041,-0.668611858,0.000129707,4.25515e-14,0.930308384,0.063487318,0.005201099,0.000142878,0.000149021,0.000244985,0.000466312,2.57669e-09,,984.6005203174452,0.9998814150350649,0.9724429645454545,0.9999824681659641,0.9999999995767326,4.233099426542708e-10
1385.586888,0.20001757,1068.513705,1418.707616,0.103677857,0.70431028,-10.10106944,-0.668556369,0.000130857,4.2598e-14,0.930299014,0.063490476,0.005206015,0.000143043,0.000149212,0.000245279,0.000466958,2.57725e-09,,983.3064623817977,0.9998767610175978,0.9713760954545455,0.9999817661313605,0.9999999995772926,4.2275005718295233e-10
1384.282292,0.200016638,1067.340642,1418.706617,0.103675657,0.704302303,-10.10111848,-0.668500892,0.000132007,4.26445e-14,0.93028963,0.063493636,0.00521094,0.000143209,0.000149404,0.000245573,0.000467605,2.57781e-09,,982.0128624089759,0.999872102001186,0.9703096745454545,0.9999810619821947,0.9999999995778526,4.221900606893314e-10
1382.977696,0.200015705,1066.168072,1418.705616,0.103673456,0.704294323,-10.10116754,-0.668445428,0.000133156,4.26911e-14,0.930280235,0.063496797,0.005215873,0.000143375,0.000149596,0.000245868,0.000468254,2.57838e-09,,980.7197320656578,0.9998674379858296,0.9692437018181818,0.9999803564233207,1.0000000005784226,-5.783800105518822e-10
1381.725283,0.200014809,1065.042869,1418.70429,0.103671343,0.704286675,-10.10121465,-0.668392206,0.000134259,4.2736e-14,0.930271203,0.063499834,0.005220618,0.000143535,0.00014978,0.000246151,0.000468877,2.57892e-09,,979.4823510419205,0.9998629589314252,0.96822079,0.9999794217868904,1.0000000005789627,-5.789200230310598e-10
1380.472871,0.200013912,1063.918119,1418.703688,0.10366923,0.704278998,-10.10126175,-0.668338969,0.000135361,4.27809e-14,0.93026216,0.063502869,0.00522537,0.000143695,0.000149965,0.000246435,0.000469503,2.57947e-09,,978.2422830323131,0.9998584748780761,0.9671982899999999,0.9999789974647706,0.9999999995795127,4.2053005522291187e-10
1379.220458,0.200013015,1062.793823,1418.702721,0.103667116,0.704271332,-10.10130888,-0.668285756,0.000136463,4.28259e-14,0.930253105,0.063505906,0.005230132,0.000143856,0.000150151,0.000246719,0.000470129,2.58001e-09,,977.0034051811532,0.999853990824727,0.9661762027272727,0.9999783158709334,1.000000000580053,-5.800100399966368e-10
1377.968046,0.200012118,1061.669979,1418.701752,0.103665002,0.704263665,-10.10135602,-0.668232554,0.000137565,4.2871e-14,0.930244038,0.063508944,0.005234901,0.000144016,0.000150336,0.000247004,0.000470757,2.58055e-09,,975.7666774157454,0.999849506771378,0.9651545263636364,0.999977632867388,0.9999999985805929,1.419450001982625e-09
1376.715633,0.200011219,1060.546589,1418.70078,0.103662887,0.704255997,-10.10140317,-0.668179363,0.000138666,4.29161e-14,0.93023496,0.063511984,0.005239679,0.000144177,0.000150522,0.00024729,0.000471386,2.58109e-09,,974.5292301622898,0.9998450127201396,0.9641332627272727,0.9999769477492807,1.000000000581133,-5.810900649549922e-10
1375.513317,0.200010357,1059.46856,1418.69951,0.103660856,0.704248646,-10.10144845,-0.668128322,0.000139722,4.29596e-14,0.930226234,0.063514903,0.005244274,0.000144332,0.000150701,0.000247564,0.00047199,2.58162e-09,,973.3437479985622,0.9998407036298532,0.9631532363636364,0.9999760525846755,1.000000000581663,-5.816200854269482e-10
1374.311001,0.200009493,1058.390948,1418.69891,0.103658825,0.704241268,-10.10149372,-0.668077267,0.000140779,4.30031e-14,0.930217496,0.063517821,0.005248876,0.000144487,0.000150881,0.00024784,0.000472597,2.58214e-09,,972.1544626654301,0.9998363845416776,0.9621735890909091,0.9999756296722637,1.0000000005821832,-5.821401138916826e-10
1373.108685,0.200008629,1057.313752,1418.697972,0.103656794,0.704233902,-10.10153901,-0.668026234,0.000141834,4.30467e-14,0.930208749,0.063520741,0.005253486,0.000144642,0.00015106,0.000248115,0.000473204,2.58266e-09,,970.9709055279893,0.9998320654535018,0.96119432,0.999974968519193,0.9999999995827029,4.1734016242855887e-10
1371.906369,0.200007765,1056.236973,1418.697032,0.103654762,0.704226534,-10.10158432,-0.667975211,0.00014289,4.30903e-14,0.93019999,0.063523662,0.005258104,0.000144798,0.00015124,0.000248391,0.000473812,2.58318e-09,,969.7864164655606,0.9998277463653261,0.96021543,0.9999743059564145,0.999999999583223,4.16820022941522e-10
1370.704053,0.2000069,1055.160611,1418.69609,0.10365273,0.704219165,-10.10162963,-0.667924199,0.000143945,4.31341e-14,0.93019122,0.063526584,0.00526273,0.000144954,0.00015142,0.000248668,0.000474421,2.58371e-09,,968.6029019393252,0.9998234222782058,0.9592369190909091,0.9999736419839276,0.9999999995837532,4.1629000246956593e-10
1369.54983,0.200006069,1054.127694,1418.694873,0.103650778,0.704212101,-10.10167315,-0.667875246,0.000144957,4.31761e-14,0.930182791,0.063529391,0.005267178,0.000145104,0.000151593,0.000248933,0.000475007,2.58421e-09,,967.4686305129167,0.9998192681552035,0.9582979036363637,0.9999727841765854,0.9999999995842531,4.1579006904157723e-10
1368.395607,0.200005238,1053.09516,1418.694277,0.103648826,0.704205011,-10.10171666,-0.667826282,0.000145969,4.32183e-14,0.930174352,0.063532197,0.005271633,0.000145254,0.000151767,0.0002492,0.000475594,2.58471e-09,,966.3322904605437,0.9998151140322011,0.9573592363636364,0.9999723640835897,0.999999999584753,4.152901356135885e-10
1367.241383,0.200004406,1052.063009,1418.693367,0.103646874,0.704197933,-10.10176018,-0.667777338,0.000146981,4.32605e-14,0.930165902,0.063535004,0.005276095,0.000145405,0.000151941,0.000249467,0.000476183,2.58521e-09,,965.1967190774158,0.9998109549102542,0.9564209172727273,0.9999717226664316,0.9999999995852534,4.147898691186924e-10
1366.08716,0.200003574,1051.03124,1418.692456,0.103644922,0.704190852,-10.10180372,-0.667728403,0.000147992,4.33027e-14,0.930157443,0.063537812,0.005280565,0.000145556,0.000152115,0.000249734,0.000476772,2.58572e-09,,964.0637928487217,0.9998067957883071,0.9554829454545455,0.9999710805444195,0.9999999995857631,4.14280165728087e-10
1364.932937,0.200002741,1049.999854,1418.691543,0.103642968,0.704183771,-10.10184727,-0.667679477,0.000149003,4.33451e-14,0.930148973,0.063540621,0.005285042,0.000145707,0.00015229,0.000250002,0.000477362,2.58622e-09,,962.9297680748375,0.9998026316674157,0.9545453218181817,0.9999704370126994,0.9999999995862635,4.1377978821088846e-10
1363.824882,0.200001941,1049.010084,1418.690376,0.103641093,0.704176983,-10.10188909,-0.667632525,0.000149973,4.33858e-14,0.930140833,0.063543319,0.005289347,0.000145852,0.000152457,0.000250259,0.000477929,2.5867e-09,,961.8451562253289,0.9997986325116973,0.9536455309090909,0.9999696144480582,0.9999999985867433,1.4133002546046214e-09
1362.716828,0.200001141,1048.020665,1418.689785,0.103639218,0.70417017,-10.1019309,-0.667585565,0.000150943,4.34266e-14,0.930132683,0.063546017,0.005293659,0.000145997,0.000152626,0.000250517,0.000478498,2.58718e-09,,960.756460940144,0.9997946333559791,0.9527460590909091,0.9999691978793326,0.9999999995872233,4.1282011142840247e-10
1361.608774,0.20000034,1047.031598,1418.688903,0.103637342,0.704163368,-10.10197273,-0.667538622,0.000151912,4.34674e-14,0.930124524,0.063548715,0.005297977,0.000146143,0.000152794,0.000250776,0.000479068,2.58767e-09,,959.6702068196366,0.9997906292013162,0.9518469072727272,0.999968576198087,0.9999999995877136,4.1232994796303046e-10
1360.500719,0.199999539,1046.042883,1418.68802,0.103635465,0.704156565,-10.10201457,-0.667491687,0.000152882,4.35083e-14,0.930116355,0.063551415,0.005302302,0.000146289,0.000152963,0.000251035,0.000479639,2.58815e-09,,958.5836123752172,0.9997866250466534,0.9509480754545455,0.9999679538119876,1.0000000005881937,-5.881501952131885e-10
1359.392665,0.199998737,1045.054519,1418.687135,0.103633588,0.70414976,-10.10205642,-0.667444761,0.00015385,4.35493e-14,0.930108177,0.063554115,0.005306634,0.000146435,0.000153132,0.000251294,0.00048021,2.58864e-09,,957.4994551659329,0.9997826158930458,0.9500495627272727,0.9999673300161799,0.9999999995886835,4.1136005712871793e-10
1358.063,0.199997775,1043.868947,1418.686071,0.103631336,0.704141593,-10.10210665,-0.667388461,0.000155012,4.35986e-14,0.93009835,0.063557356,0.005311842,0.000146611,0.000153335,0.000251605,0.000480898,2.58922e-09,,956.1985430618578,0.9997778069082945,0.94897177,0.9999665800515029,0.9999999995892636,4.1078007662065374e-10
1356.733334,0.199996811,1042.68388,1418.685005,0.103629083,0.704133424,-10.10215689,-0.667332172,0.000156174,4.36479e-14,0.93008851,0.063560599,0.005317059,0.000146787,0.000153539,0.000251918,0.000481586,2.5898e-09,,954.8974627562269,0.999772987925654,0.9478944363636364,0.9999658286771177,1.0000000005898437,-5.898002086723864e-10
1355.403669,0.199995847,1041.499318,1418.683936,0.103626829,0.704125253,-10.10220714,-0.667275896,0.000157335,4.36974e-14,0.930078657,0.063563842,0.005322286,0.000146963,0.000153743,0.00025223,0.000482276,2.59038e-09,,953.5989734953628,0.9997681689430137,0.9468175618181818,0.9999650751881703,0.9999999995904237,4.096200045822229e-10
1354.074004,0.199994883,1040.315261,1418.682865,0.103624575,0.704117081,-10.1022574,-0.667219632,0.000158496,4.37469e-14,0.930068789,0.063567086,0.005327523,0.00014714,0.000153947,0.000252544,0.000482968,2.59096e-09,,952.3003294891539,0.9997633499603732,0.9457411463636364,0.9999643202895151,0.9999999995910038,4.090399130518563e-10
1352.744338,0.199993918,1039.131709,1418.681791,0.10362232,0.704108906,-10.10230768,-0.667163381,0.000159656,4.37966e-14,0.930058908,0.063570332,0.00533277,0.000147317,0.000154152,0.000252858,0.000483661,2.59154e-09,,951.0024593558336,0.999758525978788,0.94466519,0.9999635632762978,1.0000000005915837,-5.91539928151974e-10
1351.46786,0.19999299,1037.995974,1418.680371,0.103620155,0.704101073,-10.10235597,-0.667109399,0.000160769,4.38443e-14,0.930049409,0.063573449,0.005337816,0.000147488,0.000154349,0.00025316,0.000484327,2.5921e-09,,949.7582746761805,0.9997538869581549,0.9436327036363635,0.9999625623835896,1.000000000592144,-5.920999246455949e-10
1350.191381,0.199992062,1036.860702,1418.679723,0.10361799,0.704093206,-10.10240424,-0.667055411,0.000161882,4.38921e-14,0.930039897,0.063576566,0.005342872,0.000147658,0.000154547,0.000253463,0.000484996,2.59266e-09,,948.5118801556197,0.9997492479375217,0.9426006381818182,0.9999621056381848,1.000000001592704,-1.5926600038795868e-09
1348.914902,0.199991134,1035.725895,1418.678685,0.103615824,0.704085354,-10.10245254,-0.667001443,0.000162994,4.39401e-14,0.930030372,0.063579684,0.005347936,0.00014783,0.000154745,0.000253766,0.000485665,2.59322e-09,,947.2687252836201,0.9997446089168885,0.9415689954545455,0.9999613739997122,1.000000000593264,-5.932201396774417e-10
1347.638424,0.199990205,1034.591552,1418.677645,0.103613658,0.7040775,-10.10250085,-0.666947486,0.000164106,4.39881e-14,0.930020834,0.063582804,0.00535301,0.000148001,0.000154943,0.00025407,0.000486336,2.59377e-09,,946.0260961654188,0.9997399648973108,0.9405377745454546,0.9999606409515315,1.000000000593814,-5.93770144163841e-10
1346.361945,0.199989275,1033.457673,1418.676603,0.103611491,0.704069644,-10.10254917,-0.66689354,0.000165218,4.40362e-14,0.930011284,0.063585924,0.005358094,0.000148173,0.000155141,0.000254374,0.000487008,2.59433e-09,,944.7857971693716,0.9997353158787883,0.9395069754545455,0.9999599064936427,1.000000000594374,-5.94329918612857e-10
1345.136526,0.199988382,1032.369585,1418.675242,0.10360941,0.704062115,-10.10259558,-0.666841774,0.000166284,4.40825e-14,0.930002103,0.063588921,0.005362983,0.000148338,0.000155332,0.000254666,0.000487654,2.59487e-09,,943.5955594718152,0.9997308518212178,0.9385178045454544,0.9999589471873218,0.999999999594914,4.0513004062603386e-10
1343.911106,0.199987488,1031.281923,1418.674596,0.103607329,0.704054557,-10.10264198,-0.666789995,0.00016735,4.41288e-14,0.92999291,0.063591918,0.00536788,0.000148503,0.000155524,0.00025496,0.000488302,2.59541e-09,,942.4029275975852,0.9997263827647026,0.937529020909091,0.999958491851625,0.999999999595454,4.045900281468562e-10
1342.685687,0.199986594,1030.194687,1418.673589,0.103605248,0.704047011,-10.1026884,-0.666738238,0.000168416,4.41753e-14,0.929983706,0.063594916,0.005372786,0.000148669,0.000155716,0.000255254,0.000488951,2.59595e-09,,941.2123908085356,0.9997219137081875,0.9365406245454545,0.999957782063627,1.0000000005959941,-5.9594995605039e-10
1341.460267,0.199985699,1029.107878,1418.672581,0.103603166,0.704039463,-10.10273483,-0.66668649,0.000169482,4.42218e-14,0.929974489,0.063597915,0.0053777,0.000148835,0.000155908,0.000255548,0.000489601,2.59648e-09,,940.0239427005436,0.9997174396527277,0.9355526163636364,0.9999570715707751,0.9999999985965242,1.403519966913791e-09
1340.234848,0.199984804,1028.021495,1418.67157,0.103601084,0.704031914,-10.10278127,-0.666634754,0.000170546,4.42684e-14,0.929965261,0.063600915,0.005382624,0.000149002,0.0001561,0.000255843,0.000490253,2.59702e-09,,938.8358064256316,0.999712965597268,0.9345649954545454,0.9999563589633609,1.0000000005970644,-5.970199890015238e-10
1339.058445,0.199983944,1026.978969,1418.670265,0.103599084,0.70402468,-10.10282587,-0.666585101,0.000171568,4.43132e-14,0.92995639,0.063603796,0.005387358,0.000149162,0.000156285,0.000256127,0.000490879,2.59754e-09,,937.6960110436061,0.9997086665048709,0.9336172445454546,0.999955439128865,0.9999999995975842,4.024600652741128e-10
1337.882042,0.199983083,1025.936833,1418.669623,0.103597084,0.704017416,-10.10287046,-0.666535448,0.00017259,4.43581e-14,0.929947508,0.063606678,0.005392101,0.000149322,0.000156471,0.000256411,0.000491507,2.59806e-09,,936.5554254077446,0.9997043624135291,0.9326698481818182,0.9999549866125843,1.0000000005981045,-5.980600459309926e-10
1336.705639,0.199982222,1024.89509,1418.668646,0.103595084,0.704010165,-10.10291507,-0.666485808,0.000173611,4.44031e-14,0.929938615,0.06360956,0.005396851,0.000149483,0.000156657,0.000256696,0.000492136,2.59857e-09,,935.4158256949328,0.9997000583221873,0.9317228090909091,0.999954297970207,1.0000000005986143,-5.985698603439005e-10
1335.529237,0.19998136,1023.853738,1418.667668,0.103593083,0.704002912,-10.10295969,-0.666436178,0.000174632,4.44482e-14,0.92992971,0.063612443,0.00540161,0.000149644,0.000156843,0.000256981,0.000492766,2.59909e-09,,934.2780933063862,0.999695749231901,0.9307761254545455,0.9999536086229754,0.9999999995991344,4.009099718871312e-10
1334.352834,0.199980498,1022.812778,1418.666687,0.103591082,0.703995658,-10.10300432,-0.666386558,0.000175652,4.44933e-14,0.929920795,0.063615327,0.005406377,0.000149805,0.00015703,0.000257267,0.000493397,2.59961e-09,,933.1395973037238,0.9996914401416146,0.9298297981818182,0.999952917161182,1.0000000005996543,-5.996099172733693e-10
1333.223487,0.19997967,1021.813823,1418.665436,0.10358916,0.703988703,-10.1030472,-0.666338956,0.000176632,4.45367e-14,0.929912224,0.063618099,0.005410961,0.00014996,0.000157209,0.000257541,0.000494004,2.6001e-09,,932.0495416821221,0.9996873010154461,0.9289216572727272,0.9999520353888032,1.0000000006001446,-6.000999697164389e-10
1332.094141,0.199978841,1020.815231,1418.664799,0.103587239,0.703981727,-10.10309003,-0.666291313,0.000177611,4.45802e-14,0.929903645,0.063620867,0.005415552,0.000150115,0.000157389,0.000257816,0.000494613,2.6006e-09,,930.9576442064192,0.999683156890333,0.9280138463636364,0.9999515863967925,0.9999999996006445,3.9940017959594343e-10
1330.964794,0.199978012,1019.816997,1418.663852,0.103585317,0.703974759,-10.1031329,-0.666243703,0.000178589,4.46237e-14,0.929895055,0.063623638,0.005420151,0.000150271,0.000157569,0.000258092,0.000495222,2.6011e-09,,929.8674115459562,0.9996790127652202,0.9271063609090909,0.9999509189000356,1.0000000006011447,-6.011000586170212e-10
1329.835447,0.199977183,1018.819124,1418.662904,0.103583395,0.70396779,-10.10317578,-0.666196102,0.000179567,4.46674e-14,0.929886454,0.06362641,0.005424757,0.000150427,0.000157749,0.000258368,0.000495833,2.6016e-09,,928.777970813846,0.9996748686401071,0.9261992036363637,0.9999502506984249,1.0000000006016447,-6.016001030673124e-10
1328.706101,0.199976352,1017.82161,1418.661953,0.103581472,0.70396082,-10.10321867,-0.666148509,0.000180545,4.47111e-14,0.929877843,0.063629182,0.005429371,0.000150583,0.00015793,0.000258645,0.000496444,2.60209e-09,,927.688459116251,0.9996707145171048,0.9252923727272727,0.999949580382252,1.0000000006021348,-6.02089933465777e-10
1327.621928,0.199975555,1016.864336,1418.660754,0.103579625,0.70395414,-10.10325985,-0.666102831,0.000181484,4.47531e-14,0.929869567,0.063631844,0.005433807,0.000150733,0.000158103,0.000258911,0.000497032,2.60257e-09,,926.6449099915869,0.9996667303582205,0.9244221236363637,0.9999487352622822,0.9999999996026147,3.974300888387461e-10
1326.537755,0.199974757,1015.907391,1418.660123,0.103577779,0.703947434,-10.10330104,-0.666057156,0.000182422,4.47952e-14,0.92986128,0.063634507,0.005438251,0.000150884,0.000158277,0.000259177,0.000497622,2.60305e-09,,925.6002355264765,0.9996627412003916,0.9235521736363635,0.9999482904993957,1.0000000006030947,-6.030500543374728e-10
1325.453582,0.199973959,1014.950778,1418.659206,0.103575932,0.70394074,-10.10334223,-0.66601149,0.00018336,4.48373e-14,0.929852984,0.063637171,0.005442701,0.000151034,0.000158452,0.000259444,0.000498212,2.60353e-09,,924.5553134338985,0.9996587520425626,0.9226825254545454,0.9999476441482595,1.000000000603575,-6.035301147733207e-10
1324.36941,0.19997316,1013.994496,1418.658286,0.103574085,0.703934044,-10.10338343,-0.665965833,0.000184297,4.48796e-14,0.929844678,0.063639835,0.005447159,0.000151185,0.000158626,0.000259711,0.000498803,2.604e-09,,923.5135853001489,0.9996547578857891,0.9218131781818182,0.9999469956825613,0.9999999996040451,3.959997885161215e-10
1323.285237,0.199972361,1013.038545,1418.657365,0.103572237,0.703927347,-10.10342464,-0.665920183,0.000185234,4.49218e-14,0.929836362,0.0636425,0.005451623,0.000151336,0.000158801,0.000259979,0.000499395,2.60448e-09,,922.4707557127363,0.9996507637290153,0.9209441318181818,0.999946346512009,0.9999999986045248,1.395520143887552e-09
1321.98423,0.199971401,1011.891839,1418.656258,0.10357002,0.703919309,-10.10347411,-0.665865414,0.000186358,4.49727e-14,0.929826371,0.063645699,0.00545699,0.000151518,0.000159012,0.000260301,0.000500107,2.60506e-09,,921.2190222518063,0.9996459647421535,0.9199016718181818,0.999945566238609,1.000000000605105,-6.050600021012542e-10
1320.683222,0.199970441,1010.745609,1418.655148,0.103567802,0.703911269,-10.10352358,-0.665810657,0.000187482,4.50236e-14,0.929816365,0.063648899,0.005462367,0.0001517,0.000159222,0.000260624,0.000500821,2.60563e-09,,919.9697993086604,0.9996411657552916,0.9188596445454545,0.999944783850647,1.000000000605675,-6.056299906020968e-10
1319.382215,0.19996948,1009.599854,1418.654035,0.103565583,0.703903228,-10.10357307,-0.66575591,0.000188605,4.50747e-14,0.929806345,0.063652099,0.005467754,0.000151882,0.000159433,0.000260947,0.000501536,2.60621e-09,,918.7213809845017,0.9996363617694851,0.9178180490909091,0.9999439993481228,0.9999999986062552,1.3937898613036737e-09
1318.081208,0.199968518,1008.454574,1418.65292,0.103563364,0.703895185,-10.10362256,-0.665701175,0.000189728,4.51258e-14,0.929796311,0.063655301,0.005473152,0.000152065,0.000159645,0.000261271,0.000502252,2.60678e-09,,917.4729289422829,0.9996315527847339,0.9167768854545454,0.9999432134358907,0.9999999996068251,3.9322001210706503e-10
1316.7802,0.199967556,1007.309769,1418.651802,0.103561144,0.70388714,-10.10367207,-0.665646451,0.00019085,4.51771e-14,0.929786263,0.063658504,0.005478559,0.000152249,0.000159857,0.000261595,0.00050297,2.60736e-09,,916.2261462293006,0.9996267437999826,0.9157361536363636,0.9999424254090966,0.9999999996074053,3.9264003159900085e-10
1315.531233,0.199966631,1006.211202,1418.650345,0.103559013,0.703879432,-10.10371962,-0.665593934,0.000191927,4.52264e-14,0.929776604,0.06366158,0.005483761,0.000152425,0.000160061,0.000261907,0.00050366,2.60791e-09,,915.0301666572195,0.9996221197761835,0.9147374563636363,0.9999413984367896,1.0000000006079552,-6.07909944605467e-10
1314.282266,0.199965706,1005.113071,1418.649649,0.103556882,0.70387169,-10.10376716,-0.665541413,0.000193004,4.52757e-14,0.92976693,0.063664656,0.005488971,0.000152601,0.000160265,0.00026222,0.000504353,2.60846e-09,,913.833913261632,0.9996174957523842,0.9137391554545454,0.9999409078583917,0.9999999986085053,1.3915399943442708e-09
1313.033299,0.19996478,1004.015378,1418.648569,0.10355475,0.703863963,-10.10381472,-0.665488908,0.00019408,4.53252e-14,0.929757244,0.063667733,0.005494192,0.000152778,0.00016047,0.000262533,0.000505047,2.60902e-09,,912.6382423924413,0.9996128667296404,0.9127412527272728,0.9999401466160502,0.9999999996090654,3.9097991511027885e-10
1311.784332,0.199963854,1002.91812,1418.647487,0.103552617,0.703856234,-10.10386229,-0.665436415,0.000195156,4.53748e-14,0.929747545,0.063670812,0.005499421,0.000152955,0.000160675,0.000262847,0.000505742,2.60957e-09,,911.4439978838907,0.9996082377068966,0.9117437454545455,0.9999393839640008,0.9999999996096155,3.9042991062387955e-10
1310.535365,0.199962927,1001.821299,1418.646402,0.103550484,0.703848504,-10.10390987,-0.665383932,0.000196231,4.54244e-14,0.929737832,0.063673891,0.005504661,0.000153133,0.000160881,0.000263161,0.000506438,2.61012e-09,,910.2503439376339,0.9996036036852081,0.9107466354545454,0.9999386191973894,0.9999999996101655,3.8987990613748025e-10
1309.336357,0.199962037,1000.768761,1418.645004,0.103548436,0.703841096,-10.10395556,-0.665333563,0.000197263,4.54722e-14,0.929728496,0.063676848,0.0055097,0.000153304,0.000161078,0.000263464,0.000507107,2.61065e-09,,909.1066173075709,0.9995991546244716,0.9097897827272727,0.9999376338114695,0.9999999996106954,3.893501077101291e-10
1308.137349,0.199961146,999.7166229,1418.644313,0.103546388,0.703833658,-10.10400125,-0.665283193,0.000198294,4.55201e-14,0.929719147,0.063679805,0.005514748,0.000153475,0.000161277,0.000263767,0.000507779,2.61118e-09,,907.9599256111691,0.9995947005647904,0.9088332935454545,0.9999371467573418,1.0000000006112255,-6.111799955021979e-10
1306.93834,0.199960254,998.6648866,1418.643265,0.103544339,0.703826233,-10.10404695,-0.665232837,0.000199326,4.5568e-14,0.929709785,0.063682764,0.005519805,0.000153646,0.000161475,0.000264071,0.000508451,2.61172e-09,,906.8169260480595,0.9995902415061645,0.9078771696363637,0.999936408070329,0.9999999996117654,3.882800747589954e-10
1305.739332,0.199959362,997.6135512,1418.642215,0.10354229,0.703818806,-10.10409267,-0.665182491,0.000200356,4.5616e-14,0.929700412,0.063685723,0.005524871,0.000153818,0.000161674,0.000264375,0.000509125,2.61225e-09,,905.6734730903916,0.9995857824475386,0.9069214101818182,0.9999356679736082,1.0000000006122955,-6.122500284533317e-10
1304.540324,0.199958469,996.5626164,1418.641163,0.10354024,0.703811378,-10.10413839,-0.665132155,0.000201387,4.56641e-14,0.929691025,0.063688683,0.005529946,0.00015399,0.000161873,0.000264679,0.0005098,2.61278e-09,,904.5320500013931,0.9995813183899681,0.9059660149090909,0.9999349264671793,0.9999999986128257,1.3872198945108494e-09
1303.389276,0.199957612,995.5540966,1418.639822,0.103538272,0.703804261,-10.1041823,-0.66508384,0.000202375,4.57104e-14,0.929682004,0.063691526,0.005534826,0.000154156,0.000162065,0.000264972,0.000510449,2.61329e-09,,903.4356138217237,0.999577034294405,0.9050491787272728,0.9999339812579388,1.0000000006133356,-6.132898633381956e-10
1302.238228,0.199956753,994.5459435,1418.639136,0.103536304,0.703797113,-10.10422621,-0.665035535,0.000203364,4.57568e-14,0.929672969,0.063694369,0.005539715,0.000154322,0.000162257,0.000265266,0.0005111,2.6138e-09,,902.3393472620085,0.9995727402009524,0.904132675909091,0.999933497728081,1.0000000006138456,-6.137998997957084e-10
1301.08718,0.199955895,993.5381599,1418.638119,0.103534335,0.703789978,-10.10427013,-0.664987239,0.000204352,4.58032e-14,0.929663924,0.063697213,0.005544612,0.000154488,0.000162449,0.00026556,0.000511751,2.61431e-09,,901.2457162065543,0.9995684511064447,0.903216509,0.9999327808915428,0.9999999996143557,3.8569014648714983e-10
1299.936132,0.199955036,992.5307447,1418.637101,0.103532366,0.703782842,-10.10431406,-0.664938951,0.00020534,4.58497e-14,0.929654867,0.063700058,0.005549517,0.000154654,0.000162642,0.000265855,0.000512404,2.61483e-09,,900.1506308452228,0.9995641570129923,0.902300677,0.9999320633501507,0.9999999996148758,3.8517000700011295e-10
1298.785084,0.199954176,991.5236975,1418.63608,0.103530397,0.703775705,-10.104358,-0.664890671,0.000206327,4.58963e-14,0.929645799,0.063702903,0.005554431,0.000154821,0.000162835,0.00026615,0.000513058,2.61534e-09,,899.0573661665269,0.9995598579205952,0.9013851795454546,0.9999313436941963,0.9999999996153858,3.846600815649026e-10
1297.680078,0.19995335,990.5572791,1418.634794,0.103528506,0.703768866,-10.10440019,-0.664844333,0.000207274,4.59411e-14,0.929637083,0.063705636,0.005559156,0.000154981,0.000163021,0.000266434,0.000513687,2.61583e-09,,898.0075464609015,0.999555728792316,0.9005066173636364,0.9999304372519269,1.000000000615876,-6.158300536185379e-10
1296.575071,0.199952524,989.5911981,1418.634115,0.103526614,0.703761999,-10.10444238,-0.664797999,0.000208222,4.5986e-14,0.929628355,0.063708369,0.005563889,0.000155142,0.000163207,0.000266718,0.000514318,2.61632e-09,,896.958532318678,0.999551599664037,0.8996283619090909,0.9999299586560474,1.000000000616366,-6.163201060616075e-10
1295.470065,0.199951697,988.6254564,1418.63313,0.103524723,0.703755144,-10.10448459,-0.664751674,0.000209169,4.6031e-14,0.929619616,0.063711103,0.00556863,0.000155303,0.000163393,0.000267003,0.000514949,2.61681e-09,,895.9111364603809,0.9995474655368133,0.8987504149090909,0.9999292643748378,0.9999999996168562,3.83189924235694e-10
1294.365059,0.19995087,987.6600532,1418.632142,0.103522831,0.703748288,-10.1045268,-0.664705357,0.000210115,4.6076e-14,0.929610868,0.063713837,0.005573379,0.000155464,0.00016358,0.000267288,0.000515582,2.6173e-09,,894.8629384947255,0.9995433314095895,0.8978727756363636,0.9999285679790662,1.0000000006173462,-6.172999889031416e-10
1293.260053,0.199950042,986.6949883,1418.631153,0.103520938,0.70374143,-10.10456902,-0.664659049,0.000211061,4.61211e-14,0.929602108,0.063716573,0.005578135,0.000155625,0.000163767,0.000267574,0.000516215,2.6178e-09,,893.8163644753146,0.9995391922834211,0.8969954439090909,0.9999278708784406,0.999999999617846,3.822000493869382e-10
1292.199247,0.199949247,985.7688438,1418.629919,0.10351912,0.703734856,-10.10460958,-0.664614617,0.000211969,4.61645e-14,0.929593688,0.0637192,0.005582709,0.000155781,0.000163946,0.000267849,0.000516824,2.61827e-09,,892.8133552810577,0.9995352181224261,0.8961534943636363,0.9999270010885801,0.9999999996183162,3.817299809583119e-10
1291.138441,0.199948451,984.8430112,1418.629248,0.103517304,0.703728261,-10.10465011,-0.664570159,0.000212877,4.62079e-14,0.929585259,0.063721826,0.005587289,0.000155936,0.000164127,0.000268124,0.000517435,2.61874e-09,,891.8077699027934,0.9995312389624865,0.8953118283636363,0.9999265281315327,0.9999999986187862,1.3812599952700566e-09
1290.077636,0.199947655,983.9174895,1418.628293,0.103515486,0.703721675,-10.10469066,-0.664525725,0.000213785,4.62515e-14,0.92957682,0.063724454,0.005591878,0.000156092,0.000164307,0.0002684,0.000518047,2.61921e-09,,890.8044282951425,0.9995272598025469,0.894470445,0.9999258549959438,1.0000000006192564,-6.192100165947068e-10
1289.01683,0.199946858,982.992279,1418.627336,0.103513668,0.703715088,-10.10473122,-0.664481298,0.000214692,4.62951e-14,0.92956837,0.063727082,0.005596473,0.000156248,0.000164488,0.000268676,0.000518659,2.61969e-09,,889.8017260599333,0.9995232756436626,0.8936293445454546,0.9999251804506468,0.9999999986197364,1.3803098664055824e-09
1287.956024,0.199946061,982.0673794,1418.626377,0.10351185,0.7037085,-10.10477179,-0.664436878,0.000215599,4.63387e-14,0.929559911,0.063729712,0.005601076,0.000156404,0.000164669,0.000268953,0.000519273,2.62016e-09,,888.7988747133587,0.9995192914847782,0.8927885267272728,0.9999245044956419,1.0000000006202063,-6.20160145459181e-10
1286.683057,0.199945104,980.9579099,1418.625224,0.103509668,0.703700592,-10.10482048,-0.664383584,0.000216686,4.63912e-14,0.929549746,0.063732867,0.005606609,0.000156592,0.000164887,0.000269285,0.000520011,2.62073e-09,,887.5965003268158,0.9995145074947503,0.8917799180909091,0.9999236917989568,0.9999999996207762,3.792701708249524e-10
1285.41009,0.199944147,979.8488876,1418.624069,0.103507485,0.703692684,-10.10486919,-0.664330301,0.000217774,4.64438e-14,0.929539567,0.063736024,0.005612152,0.000156781,0.000165105,0.000269619,0.00052075,2.6213e-09,,886.394974045828,0.9995097235047223,0.890771716,0.9999228776925639,1.0000000006213463,-6.212999004162612e-10
1284.137123,0.199943188,978.7403123,1418.622911,0.103505302,0.703684774,-10.1049179,-0.664277027,0.000218861,4.64965e-14,0.929529373,0.063739181,0.005617707,0.000156969,0.000165324,0.000269953,0.000521491,2.62186e-09,,885.1935105337708,0.999504929516805,0.8897639202727273,0.9999220614716089,1.0000000006219065,-6.218598969098821e-10
1282.864156,0.199942229,977.6321834,1418.62175,0.103503118,0.703676862,-10.10496662,-0.664223765,0.000219947,4.65493e-14,0.929519164,0.06374234,0.005623271,0.000157158,0.000165543,0.000270287,0.000522233,2.62243e-09,,883.9944843854786,0.9995001355288878,0.8887565303636364,0.999921243136092,0.9999999986224767,1.3775698359808075e-09
1281.591189,0.19994127,976.5245008,1418.620586,0.103500934,0.703668949,-10.10501536,-0.664170513,0.000221033,4.66022e-14,0.929508941,0.063745499,0.005628847,0.000157348,0.000165762,0.000270622,0.000522977,2.623e-09,,882.79631882292,0.9994953415409706,0.8877495461818182,0.9999204226860128,0.9999999986230468,1.376999847479965e-09
1280.369141,0.199940348,975.4615452,1418.619089,0.103498836,0.703661364,-10.10506217,-0.664119419,0.000222076,4.66531e-14,0.929499113,0.063748535,0.00563421,0.00015753,0.000165973,0.000270945,0.000523692,2.62355e-09,,881.646226353096,0.9994907325140053,0.886783222909091,0.9999193675195451,1.0000000006235965,-6.235498783979665e-10
1279.147092,0.199939425,974.3990003,1418.618345,0.10349674,0.703653751,-10.10510895,-0.664068298,0.000223118,4.67041e-14,0.929489272,0.063751568,0.005639582,0.000157713,0.000166185,0.000271268,0.00052441,2.62409e-09,,880.4951940201923,0.9994861184880954,0.885817273,0.9999188431081544,1.0000000006241367,-6.240901129217491e-10
1277.925044,0.199938502,973.3368659,1418.617221,0.103494642,0.70364615,-10.10515577,-0.664017204,0.000224159,4.67552e-14,0.929479416,0.063754604,0.005644965,0.000157896,0.000166397,0.000271592,0.000525129,2.62464e-09,,879.3455798503251,0.9994815044621854,0.8848516962727273,0.999918050852236,1.0000000016246868,-1.6246399781039145e-09
1276.702996,0.199937578,972.2751417,1418.616095,0.103492544,0.703638548,-10.10520259,-0.663966121,0.0002252,4.68064e-14,0.929469547,0.06375764,0.005650357,0.000158079,0.000166609,0.000271916,0.000525849,2.62519e-09,,878.1981600299828,0.9994768854373309,0.8838864924545454,0.9999172571866097,0.9999999996252368,3.7481007186812576e-10
1275.480947,0.199936654,971.2138275,1418.614966,0.103490445,0.703630945,-10.10524942,-0.663915046,0.000226241,4.68577e-14,0.929459665,0.063760677,0.005655759,0.000158263,0.000166822,0.000272241,0.00052657,2.62574e-09,,877.0506065368954,0.9994722664124763,0.8829216613636364,0.9999164614064213,0.9999999996257868,3.7426006738172646e-10
1274.307781,0.199935766,970.1953525,1418.613528,0.10348843,0.70362366,-10.10529439,-0.663866023,0.000227239,4.6907e-14,0.929450166,0.063763594,0.005660955,0.000158439,0.000167026,0.000272553,0.000527264,2.62626e-09,,875.9510689738055,0.999467827349629,0.881995775,0.9999154478263408,0.9999999996263068,3.737401499392945e-10
1273.134614,0.199934877,969.1772526,1418.612791,0.103486414,0.703616343,-10.10533936,-0.66381701,0.000228238,4.69564e-14,0.929440651,0.063766511,0.00566616,0.000158616,0.000167232,0.000272867,0.00052796,2.62679e-09,,874.848091482087,0.9994633832878372,0.8810702296363636,0.999914928348928,0.9999999996268368,3.7321012946733845e-10
1271.961448,0.199933988,968.1595309,1418.6117,0.103484398,0.70360904,-10.10538435,-0.663768005,0.000229236,4.70059e-14,0.929431126,0.063769429,0.005671375,0.000158794,0.000167437,0.000273181,0.000528656,2.62731e-09,,873.7494029945256,0.9994589392260453,0.8801450280909091,0.9999141593531924,1.0000000006273568,-6.27309981737767e-10
1270.788282,0.199933098,967.1421862,1418.610607,0.103482382,0.703601735,-10.10542934,-0.663719009,0.000230233,4.70555e-14,0.929421587,0.063772348,0.005676598,0.000158971,0.000167643,0.000273495,0.000529354,2.62784e-09,,872.6503777037345,0.9994544901653089,0.8792201692727273,0.9999133889477487,0.9999999986278869,1.372160163271019e-09
1269.615115,0.199932207,966.1252182,1418.609512,0.103480366,0.70359443,-10.10547435,-0.663670022,0.00023123,4.71052e-14,0.929412036,0.063775268,0.005681831,0.000159149,0.000167849,0.00027381,0.000530054,2.62836e-09,,871.5517950127855,0.9994500361056277,0.8782956529090908,0.9999126171325969,0.999999999628407,3.7164005206591355e-10
1268.488876,0.199931352,965.1492841,1418.608133,0.103478429,0.70358743,-10.10551756,-0.663623,0.000232187,4.71529e-14,0.929402856,0.063778071,0.005686864,0.000159321,0.000168047,0.000274112,0.000530726,2.62887e-09,,870.4996701195778,0.9994457620079538,0.8774084400909091,0.9999116451389036,0.9999999996289173,3.711299045860983e-10
1267.362636,0.199930496,964.1736946,1418.607402,0.103476493,0.7035804,-10.10556078,-0.663575991,0.000233144,4.72008e-14,0.929393662,0.063780876,0.005691905,0.000159492,0.000168246,0.000274416,0.000531401,2.62937e-09,,869.444730479555,0.9994414829113353,0.8765215405454545,0.9999111298906151,1.0000000006294172,-6.293701115822614e-10
1266.236396,0.19992964,963.1984527,1418.606344,0.103474556,0.703573383,-10.105604,-0.663528987,0.0002341,4.72488e-14,0.929384457,0.063783681,0.005696954,0.000159664,0.000168446,0.00027472,0.000532076,2.62988e-09,,868.3908029374096,0.9994372038147167,0.8756349569999999,0.9999103841550622,1.0000000006299274,-6.298801480397742e-10
1265.110156,0.199928783,962.2235571,1418.605284,0.103472618,0.703566366,-10.10564724,-0.663481991,0.000235056,4.72968e-14,0.92937524,0.063786487,0.005702013,0.000159836,0.000168645,0.000275024,0.000532752,2.63039e-09,,867.3401617290094,0.9994329197191535,0.8747486882727272,0.9999096370098011,0.9999999996304374,3.69609898243084e-10
1263.983917,0.199927925,961.2490076,1418.604222,0.103470681,0.703559347,-10.10569048,-0.663435003,0.000236012,4.73449e-14,0.929366011,0.063789293,0.00570708,0.000160009,0.000168845,0.00027533,0.00053343,2.63089e-09,,866.2875019677178,0.9994286306246457,0.8738627341818183,0.999908888454832,1.0000000006309373,-6.308900069029733e-10
1262.902726,0.199927102,960.3137654,1418.602898,0.10346882,0.703552618,-10.10573202,-0.66338992,0.000236929,4.73912e-14,0.92935714,0.063791989,0.005711953,0.000160174,0.000169037,0.000275623,0.000534081,2.63138e-09,,865.2798116285379,0.9994245164932005,0.873012514,0.9999079552281097,0.9999999996314274,3.6861991237202574e-10
1261.821536,0.199926277,959.3788422,1418.602176,0.10346696,0.703545867,-10.10577353,-0.663344809,0.000237846,4.74375e-14,0.929348258,0.063794683,0.005716834,0.000160341,0.00016923,0.000275917,0.000534735,2.63186e-09,,864.2699263708497,0.9994203923638663,0.8721625838181818,0.9999074463235075,1.0000000006319074,-6.318598977372858e-10
1260.740346,0.199925453,958.4442372,1418.60115,0.103465099,0.703539126,-10.10581506,-0.663299723,0.000238763,4.7484e-14,0.929339365,0.06379738,0.005721723,0.000160507,0.000169423,0.000276211,0.000535389,2.63235e-09,,863.2623761848448,0.9994162732334764,0.8713129429090909,0.999906723143283,1.0000000006323975,-6.323499501803553e-10
1259.659156,0.199924627,957.5099504,1418.600122,0.103463237,0.703532384,-10.10585661,-0.663254645,0.000239679,4.75305e-14,0.929330461,0.063800076,0.00572662,0.000160674,0.000169616,0.000276506,0.000536045,2.63284e-09,,862.254903599758,0.9994121441051973,0.8704635912727272,0.9999059985533506,1.0000000006328875,-6.328400026234249e-10
1258.577966,0.199923802,956.5759817,1418.599093,0.103461376,0.70352564,-10.10589816,-0.663209574,0.000240595,4.75771e-14,0.929321546,0.063802774,0.005731525,0.000160841,0.000169809,0.000276801,0.000536701,2.63332e-09,,861.2497594641668,0.9994080199758629,0.8696145288181819,0.9999052732585642,0.9999999996333677,3.6667990865879574e-10
1257.540023,0.199923009,955.679672,1418.597823,0.103459588,0.703519179,-10.10593805,-0.663166308,0.000241474,4.76219e-14,0.929312978,0.063805364,0.005736241,0.000161001,0.000169995,0.000277085,0.000537332,2.63379e-09,,860.2844097738405,0.9994040558127572,0.8687997018181818,0.9999043780939589,0.9999999986338377,1.3662099229705404e-09
1256.502081,0.199922215,954.7836528,1418.59711,0.1034578,0.70351269,-10.10597795,-0.663123057,0.000242352,4.76668e-14,0.929304397,0.063807955,0.005740966,0.000161162,0.000170182,0.00027737,0.000537965,2.63426e-09,,859.317482003757,0.9994000866507067,0.8679851389090909,0.9999038755330427,0.9999999996343077,3.657398828238456e-10
1255.464138,0.199921421,953.8879274,1418.596116,0.103456012,0.703506214,-10.10601786,-0.663079809,0.000243231,4.77117e-14,0.929295807,0.063810546,0.005745697,0.000161323,0.000170369,0.000277655,0.000538599,2.63472e-09,,858.3519640885331,0.9993961174886564,0.8671708430909091,0.9999031749081471,0.9999999986347679,1.365279889142812e-09
1254.426196,0.199920626,952.9924945,1418.59512,0.103454224,0.703499737,-10.10605778,-0.663036567,0.000244109,4.77567e-14,0.929287207,0.063813138,0.005750437,0.000161485,0.000170556,0.00027794,0.000539234,2.63519e-09,,857.3878538074275,0.9993921433276614,0.8663568131818182,0.9999024728735433,0.9999999996352378,3.648099600184196e-10
1253.388253,0.199919831,952.0973539,1418.594122,0.103452435,0.703493258,-10.1060977,-0.662993333,0.000244987,4.78018e-14,0.929278597,0.063815731,0.005755184,0.000161647,0.000170743,0.000278226,0.00053987,2.63566e-09,,856.4244103786192,0.9993881691666664,0.865543049,0.9999017694292315,1.000000000635708,-6.356599691059728e-10
1252.142722,0.199918876,951.0235708,1418.592922,0.103450288,0.703485483,-10.10614561,-0.66294146,0.00024604,4.7856e-14,0.929268251,0.063818843,0.00576089,0.000161841,0.000170969,0.00027857,0.000540634,2.63622e-09,,855.2675698891436,0.9993833951745278,0.8645668825454546,0.9999009236044076,1.000000000636268,-6.362199655995937e-10
1250.897191,0.199917921,949.9502082,1418.591719,0.103448141,0.703477707,-10.10619354,-0.662889597,0.000247092,4.79104e-14,0.929257889,0.063821956,0.005766607,0.000162036,0.000171195,0.000278914,0.0005414,2.63678e-09,,854.1123515845649,0.9993786211823891,0.8635910983636363,0.9999000756650218,0.9999999996368278,3.6322012064715636e-10
1249.65166,0.199916965,948.8772657,1418.590513,0.103445994,0.703469929,-10.10624147,-0.662837744,0.000248144,4.79648e-14,0.929247513,0.063825069,0.005772336,0.000162231,0.000171421,0.00027926,0.000542168,2.63734e-09,,852.957290523109,0.9993738421913059,0.862615696090909,0.9998992256110739,1.000000000637388,-6.373399585868356e-10
1248.406129,0.199916008,947.8047431,1418.589305,0.103443846,0.70346215,-10.10628941,-0.6627859,0.000249196,4.80193e-14,0.929237121,0.063828184,0.005778075,0.000162427,0.000171648,0.000279605,0.000542937,2.6379e-09,,851.8038592307853,0.9993690582012779,0.8616406755454545,0.9998983741474178,0.9999999996379482,3.620999056153096e-10
1247.160598,0.199915051,946.7326401,1418.588094,0.103441697,0.703454369,-10.10633737,-0.662734065,0.000250248,4.8074e-14,0.929226715,0.063831299,0.005783826,0.000162623,0.000171875,0.000279952,0.000543708,2.63847e-09,,850.6505997365708,0.99936427421125,0.8606660364545454,0.9998975205691998,1.0000000006385181,-6.38470165625904e-10
1245.964888,0.199914131,945.7038162,1418.586554,0.103439634,0.703446913,-10.10638342,-0.662684326,0.000251257,4.81265e-14,0.92921671,0.063834292,0.005789357,0.000162811,0.000172093,0.000280285,0.000544449,2.63901e-09,,849.5457384928053,0.999359675182174,0.859730742,0.9998964350940093,0.9999999996390581,3.609900156575918e-10
1244.769178,0.199913211,944.6753777,1418.585762,0.103437571,0.703439427,-10.10642947,-0.66263457,0.000252265,4.81792e-14,0.929206691,0.063837283,0.005794898,0.000163,0.000172313,0.000280619,0.000545193,2.63955e-09,,848.4379152416019,0.999355076153098,0.8587957979090909,0.9998958768496254,0.9999999996395982,3.6045000317841414e-10
1243.573468,0.19991229,943.6473255,1418.584592,0.103435508,0.703431954,-10.10647553,-0.662584836,0.000253274,4.8232e-14,0.929196659,0.063840276,0.00580045,0.000163189,0.000172532,0.000280954,0.000545938,2.64009e-09,,847.3329524658691,0.9993504721250773,0.857861205,0.9998950521704223,1.0000000006401382,-6.400899810188321e-10
1242.377759,0.199911368,942.619659,1418.583419,0.103433444,0.70342448,-10.1065216,-0.662535111,0.000254281,4.82848e-14,0.929186612,0.06384327,0.005806012,0.000163379,0.000172752,0.000281289,0.000546684,2.64063e-09,,846.2286731147095,0.9993458630981121,0.8569269627272726,0.9998942253766571,1.0000000006406782,-6.406299934980098e-10
1241.182049,0.199910446,941.592378,1418.582244,0.10343138,0.703417004,-10.10656768,-0.662485394,0.000255289,4.83378e-14,0.929176551,0.063846265,0.005811584,0.000163569,0.000172972,0.000281625,0.000547431,2.64117e-09,,845.125803098868,0.9993412540711468,0.8559930709090909,0.9998933971731836,0.9999999996412182,3.5883007676318357e-10
1240.034167,0.19990956,940.6065508,1418.580765,0.103429397,0.70340984,-10.10661194,-0.66243769,0.000256256,4.83887e-14,0.929166879,0.063849142,0.005816943,0.000163752,0.000173184,0.000281948,0.00054815,2.64169e-09,,844.066911956393,0.9993368250061888,0.8550968643636364,0.9998923546940882,1.0000000006417384,-6.416900344419219e-10
1238.886286,0.199908673,939.6210781,1418.57998,0.103427415,0.703402648,-10.10665617,-0.662389963,0.000257222,4.84398e-14,0.929157194,0.063852017,0.005822312,0.000163935,0.000173396,0.000282272,0.000548871,2.64221e-09,,843.0084967695244,0.9993323909422863,0.8542009800909091,0.9998918013836827,0.9999999996422584,3.577900198337147e-10
1237.738405,0.199907786,938.6359602,1418.578845,0.103425433,0.703395468,-10.10670044,-0.662342259,0.000258188,4.84909e-14,0.929147496,0.063854894,0.005827691,0.000164118,0.000173609,0.000282596,0.000549593,2.64273e-09,,841.9505672280477,0.9993279568783837,0.8533054183636364,0.9998910013743703,0.9999999996427786,3.5726988034667784e-10
1236.590523,0.199906898,937.6511966,1418.577707,0.103423449,0.703388288,-10.1067447,-0.662294564,0.000259154,4.85421e-14,0.929137784,0.063857772,0.005833079,0.000164302,0.000173822,0.000282921,0.000550317,2.64325e-09,,840.8931278851315,0.9993235178155364,0.8524101787272728,0.9998901992504956,0.9999999996432984,3.5675007392654834e-10
1235.442642,0.19990601,936.6667871,1418.576567,0.103421466,0.703381106,-10.10678898,-0.662246876,0.00026012,4.85935e-14,0.92912806,0.063860651,0.005838477,0.000164486,0.000174036,0.000283246,0.000551041,2.64377e-09,,839.8368969524231,0.9993190787526891,0.851515261,0.999889395716913,0.9999999996438186,3.562300454618139e-10
1234.340676,0.199905157,935.7220885,1418.575148,0.103419562,0.703374226,-10.10683149,-0.662201097,0.000261046,4.86428e-14,0.929118714,0.063863414,0.005843668,0.000164663,0.000174241,0.000283559,0.000551738,2.64426e-09,,838.8239110883535,0.9993148146529046,0.8506564440909091,0.9998883955290587,0.9999999996443085,3.5574010404104683e-10
1233.238709,0.199904302,934.7777129,1418.574371,0.103417657,0.703367313,-10.10687401,-0.662155339,0.000261972,4.86923e-14,0.929109352,0.06386618,0.005848868,0.000164841,0.000174447,0.000283873,0.000552437,2.64476e-09,,837.8098071258281,0.9993105405552307,0.8497979208181818,0.9998878478574853,1.0000000006448087,-6.447600231496153e-10
1232.136743,0.199903448,933.8336646,1418.57327,0.103415752,0.703360416,-10.10691654,-0.662109581,0.000262898,4.87418e-14,0.929099979,0.063868945,0.005854077,0.000165018,0.000174653,0.000284187,0.000553137,2.64526e-09,,836.7974234978552,0.9993062714565015,0.8489396950909092,0.9998870718132096,0.9999999986453086,1.3547400978808355e-09
1231.034777,0.199902593,932.8899419,1418.572166,0.103413847,0.703353517,-10.10695908,-0.662063831,0.000263824,4.87914e-14,0.929090595,0.063871711,0.005859295,0.000165197,0.00017486,0.000284502,0.000553838,2.64576e-09,,835.7846477835801,0.9993019973588276,0.8480817653636364,0.9998862936543715,1.0000000006458087,-6.457598900055928e-10
1229.932811,0.199901737,931.9465446,1418.571061,0.103411941,0.703346617,-10.10700162,-0.662018088,0.000264749,4.88411e-14,0.929081197,0.063874478,0.005864523,0.000165375,0.000175067,0.000284817,0.00055454,2.64626e-09,,834.7735944586886,0.9992977182622091,0.8472241314545454,0.9998855147906798,0.9999999996463089,3.5373992623988215e-10
1228.874923,0.199900915,931.0411894,1418.569698,0.103410111,0.703340004,-10.10704248,-0.661974194,0.000265637,4.88889e-14,0.929072165,0.063877136,0.005869549,0.000165547,0.000175265,0.00028512,0.000555215,2.64674e-09,,833.805094319457,0.9992936091297087,0.8464010812727273,0.9998845540746506,0.999999999646789,3.5325986580403423e-10
1227.817036,0.199900093,930.1361332,1418.568931,0.103408281,0.703333367,-10.10708332,-0.661930283,0.000266525,4.89368e-14,0.929063121,0.063879792,0.005874584,0.000165718,0.000175465,0.000285424,0.000555892,2.64722e-09,,832.8339249175256,0.9992894999972082,0.845578302909091,0.9998840134516174,0.9999999986472689,1.3527801101531622e-09
1226.759148,0.19989927,929.2313767,1418.567864,0.103406451,0.70332674,-10.10712419,-0.66188639,0.000267412,4.89848e-14,0.929054065,0.06388245,0.005879628,0.000165891,0.000175665,0.000285729,0.00055657,2.6477e-09,,831.8636005389446,0.999285385865763,0.844755797,0.9998832613723783,1.000000000647749,-6.476998937188228e-10
1225.701261,0.199898447,928.3269193,1418.566794,0.10340462,0.703320113,-10.10716505,-0.661842504,0.000268299,4.90328e-14,0.929044998,0.063885109,0.00588468,0.000166063,0.000175865,0.000286033,0.00055725,2.64818e-09,,830.8948184230464,0.9992812717343179,0.843933563,0.9998825071785771,1.0000000006482288,-6.481797321100657e-10
1224.643373,0.199897623,927.422761,1418.565722,0.10340279,0.703313484,-10.10720593,-0.661798625,0.000269186,4.90809e-14,0.929035919,0.063887768,0.00588974,0.000166236,0.000176065,0.000286339,0.00055793,2.64866e-09,,829.9268802871451,0.999277152603928,0.843111600909091,0.9998817515750678,0.999999999648709,3.513400681498524e-10
1223.627801,0.199896831,926.5550504,1418.564414,0.103401031,0.703307131,-10.10724519,-0.661756518,0.000270037,4.91272e-14,0.929027193,0.063890322,0.005894606,0.000166402,0.000176258,0.000286632,0.000558584,2.64913e-09,,828.9980710619154,0.999273193439767,0.8423227730909091,0.9998808296260097,0.9999999996491791,3.508699997212261e-10
1222.612229,0.199896039,925.6876146,1418.563658,0.103399274,0.703300756,-10.10728443,-0.661714396,0.000270888,4.91736e-14,0.929018456,0.063892875,0.00589948,0.000166569,0.000176451,0.000286926,0.00055924,2.64959e-09,,828.069245155062,0.999269234275606,0.8415341950909091,0.9998802967563707,0.999999999649639,3.504101453444264e-10
1221.596657,0.199895247,924.8204542,1418.562623,0.103397515,0.70329439,-10.10732369,-0.661672291,0.000271739,4.922e-14,0.929009708,0.06389543,0.005904362,0.000166735,0.000176645,0.000287221,0.000559897,2.65005e-09,,827.139723035876,0.9992652751114449,0.8407458674545454,0.9998795672324602,1.0000000006500993,-6.500500138173493e-10
1220.581085,0.199894454,923.9535688,1418.561586,0.103395757,0.703288023,-10.10736295,-0.661630192,0.000272589,4.92665e-14,0.92900095,0.063897985,0.005909251,0.000166902,0.000176838,0.000287516,0.000560554,2.65051e-09,,826.2136405284562,0.9992613109483391,0.8399577898181818,0.9998788362988417,0.9999999986505593,1.3494899642196856e-09
1219.565513,0.199893661,923.0869581,1418.560548,0.103393998,0.703281656,-10.10740222,-0.661588099,0.000273439,4.93131e-14,0.928992181,0.063900541,0.005914148,0.00016707,0.000177032,0.000287812,0.000561213,2.65097e-09,,825.2861797015598,0.9992573467852335,0.8391699619090909,0.999878104660369,0.9999999996510194,3.490299160802124e-10
1218.346827,0.199892708,922.0473879,1418.559298,0.103391887,0.703274014,-10.10744936,-0.661537596,0.000274459,4.93691e-14,0.928981644,0.063903608,0.005920036,0.000167271,0.000177266,0.000288167,0.000562006,2.65153e-09,,824.1729341635754,0.9992525827909842,0.838224898090909,0.9998772235928441,1.0000000006515797,-6.515301631537795e-10
1216.396929,0.199891182,920.3848975,1418.557294,0.103388508,0.703261784,-10.10752479,-0.66145681,0.000276089,4.9459e-14,0.928964753,0.063908518,0.005929479,0.000167593,0.00017764,0.000288737,0.000563277,2.65241e-09,,822.3956001209398,0.9992449544014516,0.8367135431818181,0.9998758110653884,0.9999999996524593,3.47590067839576e-10
1214.44703,0.199889655,918.7234179,1418.555282,0.103385129,0.703249551,-10.10760025,-0.661376046,0.000277719,4.95491e-14,0.928947822,0.063913429,0.005938952,0.000167917,0.000178016,0.000289309,0.000564552,2.6533e-09,,820.6190577623806,0.9992373210129744,0.8352031071818181,0.9998743928991005,0.9999999996533496,3.4669989101843157e-10
1213.277091,0.199888737,917.7270149,1418.554072,0.103383101,0.70324221,-10.10764553,-0.661327598,0.000278697,4.96033e-14,0.928937644,0.063916378,0.00594465,0.000168112,0.000178242,0.000289653,0.000565319,2.65384e-09,,819.554341762177,0.9992327319817877,0.8342972862727273,0.9998735400257364,1.0000000006538896,-6.538398711342097e-10
1212.107152,0.199887819,916.7309751,1418.552859,0.103381072,0.703234868,-10.10769082,-0.661279159,0.000279674,4.96577e-14,0.928927451,0.063919326,0.005950359,0.000168307,0.000178468,0.000289998,0.000566088,2.65437e-09,,818.4903321245368,0.999228142950601,0.8333917955454546,0.9998726850378102,0.9999999996544194,3.4563008011190277e-10
1210.937213,0.199886901,915.7352984,1418.551643,0.103379044,0.703227525,-10.10773612,-0.661230728,0.00028065,4.97121e-14,0.928917244,0.063922276,0.005956078,0.000168503,0.000178695,0.000290343,0.000566859,2.6549e-09,,817.4263642893251,0.9992235539194144,0.8324866349090909,0.9998718279353223,1.0000000006549497,-6.548999120781218e-10
1209.767274,0.199885981,914.7399844,1418.550425,0.103377015,0.70322018,-10.10778143,-0.661182305,0.000281627,4.97666e-14,0.928907023,0.063925226,0.005961808,0.000168699,0.000178922,0.000290689,0.000567631,2.65544e-09,,816.363789468723,0.9992189548903383,0.831581804,0.9998709694231259,1.0000000006554899,-6.554401466019044e-10
1208.597335,0.199885061,913.7450329,1418.549204,0.103374985,0.703212835,-10.10782675,-0.66113389,0.000282603,4.98213e-14,0.928896787,0.063928177,0.005967549,0.000168895,0.00017915,0.000291036,0.000568404,2.65597e-09,,815.3012684612232,0.9992143558612624,0.8306773026363636,0.9998701087963677,1.00000000065602,-6.559699450292555e-10
1207.474194,0.199884178,912.7902209,1418.547685,0.103373036,0.703205796,-10.10787027,-0.661087429,0.000283539,4.98738e-14,0.928886947,0.063931011,0.00597307,0.000169084,0.000179369,0.000291369,0.000569148,2.65648e-09,,814.2824599091084,0.9992099417931384,0.8298092917272727,0.9998690381231117,1.00000000065653,-6.564799814867683e-10
1206.351053,0.199883293,911.8357416,1418.546852,0.103371088,0.703198729,-10.10791378,-0.661040956,0.000284476,4.99265e-14,0.928877093,0.063933845,0.005978601,0.000169273,0.000179589,0.000291704,0.000569894,2.65699e-09,,813.2621714851782,0.9992055177271251,0.8289415832727273,0.9998684509797131,1.00000000165704,-1.6569901006846521e-09
1205.227911,0.199882408,910.8815963,1418.545672,0.103369139,0.703191674,-10.1079573,-0.6609945,0.000285411,4.99792e-14,0.928867225,0.06393668,0.005984142,0.000169462,0.000179809,0.000292038,0.000570641,2.65751e-09,,812.2444116753211,0.9992010936611119,0.8280741784545455,0.9998676192519697,0.9999999996575599,3.4249003633135544e-10
1204.10477,0.199881523,909.9277843,1418.54449,0.103367189,0.703184618,-10.10800084,-0.660948052,0.000286347,5.0032e-14,0.928857344,0.063939516,0.005989694,0.000169652,0.000180029,0.000292374,0.000571389,2.65802e-09,,811.2271832710993,0.9991966695950985,0.8272070766363636,0.9998667861145182,1.00000000065807,-6.580200828665284e-10
1202.981628,0.199880637,908.9743054,1418.543305,0.103365239,0.703177562,-10.10804438,-0.660901611,0.000287282,5.0085e-14,0.92884745,0.063942352,0.005995255,0.000169842,0.00018025,0.00029271,0.000572139,2.65853e-09,,810.2098297371035,0.9991922405301406,0.8263402776363636,0.9998659508625046,1.00000000065858,-6.585298972794362e-10
1201.903413,0.199879785,908.0592793,1418.541847,0.103363367,0.703170799,-10.10808619,-0.660857043,0.00028818,5.01359e-14,0.928837939,0.063945076,0.006000603,0.000170025,0.000180462,0.000293032,0.00057286,2.65903e-09,,809.2354661652848,0.9991879814293007,0.8255084357272727,0.9998649231853437,0.9999999996590802,3.4097002998834114e-10
1200.825197,0.199878933,907.1445587,1418.541024,0.103361495,0.70316401,-10.108128,-0.660812465,0.000289077,5.01869e-14,0.928828414,0.0639478,0.006005961,0.000170209,0.000180675,0.000293356,0.000573583,2.65952e-09,,808.2594704174019,0.9991837223284608,0.8246768715454545,0.9998643430904854,1.0000000006595702,-6.595199941727969e-10
1199.746981,0.199878081,906.2301451,1418.53988,0.103359622,0.703157233,-10.10816982,-0.660767903,0.000289974,5.0238e-14,0.928818877,0.063950524,0.006011328,0.000170392,0.000180888,0.000293681,0.000574307,2.66001e-09,,807.2844900810317,0.9991794632276209,0.8238455864545454,0.9998635367374867,0.9999999996600605,3.399898140798996e-10
1198.668765,0.199877228,905.3160377,1418.538733,0.103357749,0.703150455,-10.10821165,-0.660723347,0.000290871,5.02892e-14,0.928809327,0.06395325,0.006016704,0.000170576,0.000181101,0.000294006,0.000575032,2.66051e-09,,806.3111819470696,0.9991751991278361,0.8230145797272728,0.999862728269926,0.9999999986605602,1.3394900744145843e-09
1197.59055,0.199876375,904.4022364,1418.537584,0.103355876,0.703143677,-10.10825348,-0.660678798,0.000291768,5.03405e-14,0.928799765,0.063955976,0.00602209,0.000170761,0.000181315,0.000294331,0.000575759,2.661e-09,,805.3375816576352,0.9991709350280515,0.8221838512727273,0.999861918392657,0.9999999996610502,3.3900005025344626e-10
1196.555463,0.199875555,903.5252754,1418.536183,0.103354077,0.70313718,-10.10829365,-0.660636043,0.000292628,5.03898e-14,0.928790574,0.063958594,0.006027269,0.000170938,0.000181521,0.000294644,0.000576457,2.66147e-09,,804.4036798502848,0.9991668358934405,0.821386614,0.9998609308921752,0.9999999996615204,3.3852998182481997e-10
1195.520375,0.199874734,902.648595,1418.535372,0.103352278,0.703130659,-10.10833382,-0.660593282,0.000293488,5.04392e-14,0.92878137,0.063961212,0.006032457,0.000171116,0.000181727,0.000294958,0.000577158,2.66195e-09,,803.4693175311395,0.9991627317598846,0.8205896318181818,0.9998603592555653,1.0000000006620005,-6.619500503290965e-10
1194.485288,0.199873913,901.7721967,1418.534263,0.103350479,0.703124149,-10.108374,-0.660550534,0.000294348,5.04887e-14,0.928772155,0.06396383,0.006037654,0.000171293,0.000181934,0.000295272,0.00057786,2.66242e-09,,802.5351557497331,0.9991586276263287,0.819792906090909,0.9998595775724572,1.0000000006624705,-6.624198967131179e-10
1193.450201,0.199873092,900.8960798,1418.533151,0.10334868,0.703117638,-10.10841419,-0.660507792,0.000295207,5.05383e-14,0.928762928,0.06396645,0.006042859,0.000171472,0.000182141,0.000295586,0.000578562,2.6629e-09,,801.6031432240014,0.9991545234927729,0.8189964361818183,0.9998587937747871,1.0000000006629506,-6.628999571489658e-10
1192.415114,0.19987227,900.0202442,1418.532038,0.10334688,0.703111126,-10.10845438,-0.660465056,0.000296066,5.05879e-14,0.928753689,0.063969069,0.006048073,0.00017165,0.000182348,0.000295902,0.000579266,2.66337e-09,,800.6706869974206,0.9991504143602723,0.818200222,0.9998580092722631,0.9999999996634206,3.3663005716277894e-10
1190.427747,0.19987069,898.3394274,1418.529893,0.103343424,0.703098621,-10.10853156,-0.660383021,0.000297715,5.06835e-14,0.928735917,0.063974101,0.006058109,0.000171994,0.000182747,0.000296508,0.000580622,2.66428e-09,,798.8820597898318,0.9991425160277287,0.8166722067272727,0.9998564973603904,1.0000000006643308,-6.642799643685748e-10
1188.44038,0.199869108,896.6596456,1418.527741,0.103339967,0.703086113,-10.10860877,-0.660301009,0.000299363,5.07794e-14,0.928718101,0.063979135,0.006068177,0.000172339,0.000183147,0.000297117,0.000581982,2.66519e-09,,797.0955663514969,0.999134607697296,0.8151451323636364,0.9998549805145398,1.0000000006652408,-6.651899031595576e-10
1186.49276,0.199867556,895.0144619,1418.52537,0.103336578,0.70307386,-10.10868448,-0.660220681,0.000300977,5.08737e-14,0.928700598,0.063984071,0.006078076,0.000172678,0.00018354,0.000297715,0.000583319,2.66609e-09,,795.3477580301882,0.9991268493352027,0.8136495108181818,0.9998533093056587,0.9999999996661408,3.339100107524473e-10
1184.584887,0.199866034,893.4038159,1418.523542,0.103333258,0.703061839,-10.10875862,-0.66014197,0.000302558,5.09663e-14,0.928683412,0.063988906,0.006087804,0.000173011,0.000183927,0.000298304,0.000584634,2.66696e-09,,793.6350093916175,0.9991192409414487,0.8121852871818183,0.9998520208325103,1.000000000667011,-6.6696004275002e-10
1182.677015,0.199864511,891.7941202,1418.521453,0.103329937,0.703049823,-10.10883281,-0.660063302,0.000304137,5.10593e-14,0.928666184,0.063993744,0.006097561,0.000173345,0.000184316,0.000298894,0.000585953,2.66784e-09,,791.9238620414383,0.99911162754875,0.8107219274545454,0.9998505483924629,0.9999999996678911,3.3215996619873067e-10
1181.532291,0.199863595,890.8287586,1418.520196,0.103327944,0.703042613,-10.10887733,-0.660016111,0.000305084,5.11152e-14,0.928655827,0.063996648,0.006103431,0.000173546,0.000184549,0.000299249,0.000586746,2.66836e-09,,790.8995410446556,0.9991070485154527,0.809844326,0.9998496623909598,0.999999998668411,1.3316400204743672e-09
1180.387567,0.199862679,889.8637386,1418.518936,0.10332595,0.703035401,-10.10892185,-0.659968928,0.000306031,5.11713e-14,0.928645456,0.063999553,0.006109311,0.000173748,0.000184783,0.000299605,0.000587541,2.66889e-09,,789.8746981558941,0.9991024694821553,0.8089670350909092,0.9998487742748949,0.9999999996689414,3.3110980623973774e-10
1179.242844,0.199861763,888.8990602,1418.517673,0.103323956,0.703028188,-10.10896639,-0.659921752,0.000306977,5.12274e-14,0.92863507,0.064002458,0.006115203,0.00017395,0.000185018,0.000299961,0.000588338,2.66942e-09,,788.8499729161313,0.9990978904488579,0.8080900547272727,0.9998478840442679,1.0000000006694711,-6.694200749279844e-10
1178.09812,0.199860846,887.9347228,1418.516408,0.103321962,0.703020974,-10.10901093,-0.659874583,0.000307923,5.12836e-14,0.928624668,0.064005364,0.006121105,0.000174152,0.000185252,0.000300318,0.000589136,2.66994e-09,,787.8278757466043,0.999093306416616,0.8072133843636364,0.9998469924039327,0.9999999976699913,2.3300600338060917e-09
1176.953397,0.199859928,886.9707265,1418.51514,0.103319968,0.70301376,-10.10905548,-0.659827423,0.000308869,5.134e-14,0.928614252,0.064008271,0.006127019,0.000174355,0.000185488,0.000300676,0.000589936,2.67047e-09,,786.8040324340989,0.9990887173854291,0.806337024090909,0.9998460986490355,0.9999999996705213,3.2952995887569614e-10
1175.854462,0.199859046,886.0456114,1418.513579,0.103318053,0.703006847,-10.10909826,-0.659782159,0.000309777,5.13942e-14,0.928604239,0.064011062,0.006132707,0.00017455,0.000185714,0.00030102,0.000590705,2.67098e-09,,785.8234938055643,0.99908430831625,0.8054960103636364,0.9998449983719105,0.9999999996710314,3.290200334404858e-10
1174.755528,0.199858164,885.1208086,1418.512698,0.103316138,0.702999905,-10.10914104,-0.659736894,0.000310684,5.14485e-14,0.928594211,0.064013853,0.006138405,0.000174745,0.000185941,0.000301365,0.000591477,2.67148e-09,,784.8416466133954,0.9990798992470705,0.8046552805454545,0.9998443773955191,0.9999999996715313,3.285201000124971e-10
1173.656593,0.199857281,884.1963202,1418.511473,0.103314222,0.702992976,-10.10918383,-0.659691641,0.000311591,5.15029e-14,0.928584169,0.064016645,0.006144113,0.000174941,0.000186168,0.000301711,0.00059225,2.67199e-09,,783.8609873291889,0.9990754851789465,0.8038148365454545,0.9998435139493448,0.9999999996720415,3.280100635549843e-10
1172.557658,0.199856397,883.2721452,1418.510245,0.103312306,0.702986047,-10.10922663,-0.659646394,0.000312498,5.15574e-14,0.928574113,0.064019438,0.006149832,0.000175137,0.000186396,0.000302057,0.000593024,2.67249e-09,,782.880898696076,0.9990710661118778,0.8029746774545454,0.9998426483886084,0.9999999996725416,3.2750990808239067e-10
1171.458724,0.199855513,882.3482835,1418.509015,0.10331039,0.702979116,-10.10926943,-0.659601154,0.000313405,5.1612e-14,0.928564043,0.064022232,0.006155561,0.000175334,0.000186624,0.000302404,0.000593799,2.673e-09,,781.9020014738654,0.9990666470448092,0.8021348031818182,0.999841781418164,0.9999999996730518,3.2699987162487787e-10
1170.403747,0.199854664,881.4616705,1418.507515,0.103308549,0.702972472,-10.10931055,-0.659557753,0.000314275,5.16645e-14,0.928554363,0.064024916,0.006161071,0.000175523,0.000186843,0.000302737,0.000594545,2.67349e-09,,780.963235638891,0.9990624029408032,0.8013287913636363,0.9998407241371342,1.0000000006735419,-6.734901525362602e-10
1169.348769,0.199853814,880.5753464,1418.506645,0.10330671,0.702965807,-10.10935163,-0.659514312,0.000315144,5.17172e-14,0.92854467,0.064027597,0.006166591,0.000175712,0.000187064,0.000303071,0.000595293,2.67397e-09,,780.0224045997696,0.9990581538378526,0.8005230421818181,0.9998401109141369,1.000000000674022,-6.739702129721081e-10
1168.293792,0.199852963,879.6893102,1418.505457,0.10330487,0.702959152,-10.10939274,-0.6594709,0.000316014,5.17699e-14,0.928534964,0.064030281,0.00617212,0.000175902,0.000187284,0.000303406,0.000596041,2.67446e-09,,779.0844281067806,0.9990538997359573,0.7997175547272728,0.9998392735475613,1.0000000006745118,-6.744600433705727e-10
1167.238815,0.199852112,878.8035619,1418.504267,0.10330303,0.702952495,-10.10943385,-0.659427496,0.000316883,5.18227e-14,0.928525245,0.064032965,0.006177659,0.000176092,0.000187505,0.000303741,0.000596792,2.67495e-09,,778.145631056695,0.999049645634062,0.798912329,0.9998384347712778,1.0000000016750017,-1.6749499565094084e-09
1166.183838,0.199851261,877.9181015,1418.503074,0.103301189,0.702945838,-10.10947498,-0.659384097,0.000317752,5.18756e-14,0.928515512,0.064035649,0.006183208,0.000176282,0.000187726,0.000304077,0.000597543,2.67543e-09,,777.2084609759122,0.9990453915321668,0.798107365,0.999837593880432,0.999999999675482,3.2456981546857833e-10
1165.17106,0.199850443,877.0683307,1418.501633,0.103299421,0.702939458,-10.10951447,-0.659342446,0.000318585,5.19264e-14,0.928506158,0.064038228,0.006188544,0.000176465,0.000187938,0.0003044,0.000598265,2.6759e-09,,776.3101759551707,0.9990413023954448,0.7973348460909091,0.9998365781857895,1.0000000006759522,-6.759002246781165e-10
1164.158281,0.199849624,876.2188237,1418.500776,0.103297654,0.702933054,-10.10955395,-0.659300788,0.000319419,5.19774e-14,0.92849679,0.064040805,0.006193889,0.000176649,0.000188151,0.000304724,0.00059899,2.67637e-09,,775.4103055558446,0.9990372082597783,0.796562567,0.9998359741258945,1.0000000006764218,-6.763698490175329e-10
1163.145503,0.199848805,875.369582,1418.499624,0.103295886,0.702926661,-10.10959344,-0.659259142,0.000320252,5.20284e-14,0.92848741,0.064043384,0.006199243,0.000176832,0.000188365,0.000305048,0.000599716,2.67684e-09,,774.5106857128009,0.9990331141241117,0.7957905290909091,0.9998351621340635,1.0000000006768919,-6.768399174461592e-10
1162.132725,0.199847985,874.5206049,1418.49847,0.103294118,0.702920267,-10.10963294,-0.659217502,0.000321085,5.20796e-14,0.928478018,0.064045964,0.006204606,0.000177016,0.000188578,0.000305373,0.000600442,2.6773e-09,,773.613733028494,0.9990290149895006,0.7950187317272727,0.9998343487325246,0.999999999677352,3.227000888728071e-10
1161.119947,0.199847165,873.6718923,1418.497313,0.10329235,0.702913872,-10.10967245,-0.659175868,0.000321918,5.21308e-14,0.928468614,0.064048543,0.006209978,0.000177201,0.000188793,0.000305698,0.000601171,2.67777e-09,,772.7146219040526,0.9990249158548893,0.7942471748181817,0.9998335332164238,1.000000000677822,-6.777698402515853e-10
1159.175413,0.199845588,872.0431048,1418.495086,0.103288954,0.702901593,-10.10974832,-0.659095946,0.000323516,5.22294e-14,0.928450524,0.064053498,0.006220318,0.000177556,0.000189205,0.000306324,0.000602572,2.67867e-09,,770.9930853104623,0.9990170325191797,0.7927664589090909,0.9998319635065214,0.9999999996787222,3.213299626381172e-10
1157.230879,0.19984401,870.4152906,1418.492851,0.103285557,0.702889311,-10.10982421,-0.659016046,0.000325114,5.23283e-14,0.928432388,0.064058455,0.006230692,0.000177912,0.000189619,0.000306952,0.000603979,2.67957e-09,,769.2719679976576,0.9990091441845255,0.7912866278181818,0.9998303881577871,0.9999999996796223,3.2043001585435604e-10
1155.325236,0.199842461,868.8209756,1418.4904,0.103282227,0.70287728,-10.10989861,-0.658937781,0.000326678,5.24256e-14,0.928414571,0.064063316,0.006240891,0.000178262,0.000190025,0.00030757,0.000605362,2.68045e-09,,767.5883265818472,0.999001400819266,0.7898372505454545,0.9998286605605844,0.9999999996805026,3.195498310404332e-10
1153.458483,0.199840942,867.2601023,1418.488491,0.103278965,0.702865476,-10.10997149,-0.658861098,0.00032821,5.25212e-14,0.928397075,0.064068077,0.006250914,0.000178607,0.000190425,0.000308177,0.000606722,2.68132e-09,,765.9393560645775,0.998993807422346,0.7884182748181818,0.9998273149942606,0.9999999996813725,3.1867986027833695e-10
1151.59173,0.199839421,865.7001228,1418.486321,0.103275702,0.702853678,-10.1100444,-0.658784452,0.000329741,5.26171e-14,0.928379537,0.064072841,0.006260968,0.000178952,0.000190826,0.000308787,0.000608086,2.68218e-09,,764.2920857759227,0.9989862040275367,0.7870001116363636,0.9998257854610375,0.9999999996822325,3.178201035680672e-10
1150.471679,0.199838508,864.7645638,1418.485016,0.103273743,0.702846598,-10.11008816,-0.658738474,0.000330659,5.26748e-14,0.928368994,0.0640757,0.006267016,0.00017916,0.000191068,0.000309153,0.000608907,2.6827e-09,,763.3039147041676,0.9989816399910734,0.7861496034545454,0.9998248656265416,1.0000000006827525,-6.826998966147357e-10
1149.351627,0.199837594,863.829326,1418.483707,0.103271785,0.702839517,-10.11013192,-0.658692503,0.000331577,5.27326e-14,0.928358435,0.06407856,0.006273075,0.000179368,0.00019131,0.00030952,0.000609729,2.68322e-09,,762.3170977135334,0.9989770709556652,0.7852993872727273,0.9998239429726297,0.9999999996832726,3.1678015766090084e-10
1148.231576,0.199836679,862.8944093,1418.482396,0.103269826,0.702832435,-10.11017569,-0.658646538,0.000332494,5.27905e-14,0.928347861,0.06408142,0.006279146,0.000179576,0.000191552,0.000309888,0.000610554,2.68374e-09,,761.3304660393572,0.9989724969213124,0.784449463,0.9998230189090096,0.9999999996837927,3.162601291961664e-10
1147.111524,0.199835764,861.9598134,1418.481082,0.103267867,0.702825353,-10.11021947,-0.65860058,0.000333411,5.28486e-14,0.928337271,0.064084282,0.006285229,0.000179785,0.000191795,0.000310257,0.000611379,2.68426e-09,,760.3446113426028,0.9989679228869598,0.7835998303636363,0.9998220927308274,1.0000000006843128,-6.84259982008939e-10
1145.991472,0.199834848,861.0255381,1418.479765,0.103265907,0.702818269,-10.11026325,-0.658554629,0.000334328,5.29067e-14,0.928326666,0.064087143,0.006291322,0.000179995,0.000192038,0.000310626,0.000612207,2.68478e-09,,759.3595358856506,0.9989633438536625,0.7827504891818181,0.9998211644380833,0.9999999996848329,3.1522007226669757e-10
1144.916223,0.199833968,860.1289352,1418.47816,0.103264025,0.70281148,-10.11030531,-0.658510542,0.000335208,5.29626e-14,0.92831647,0.064089893,0.006297184,0.000180196,0.000192272,0.000310981,0.000613002,2.68528e-09,,758.4148937586157,0.9989589447823723,0.7819353956363636,0.9998200331473814,1.0000000006853331,-6.852800549239646e-10
1143.840973,0.199833087,859.2326275,1418.477229,0.103262144,0.702804667,-10.11034734,-0.658466423,0.000336088,5.30187e-14,0.92830626,0.06409264,0.006303055,0.000180398,0.000192507,0.000311337,0.0006138,2.68577e-09,,757.4691029398674,0.9989545407121375,0.7811205704545455,0.999819376928289,0.9999999996858231,3.1422997537333686e-10
1142.765724,0.199832206,858.3366147,1418.475956,0.103260262,0.702797864,-10.11038939,-0.658422329,0.000336967,5.30748e-14,0.928296036,0.064095389,0.006308938,0.0001806,0.000192742,0.000311694,0.000614599,2.68627e-09,,756.5244913474395,0.9989501366419029,0.7803060133636364,0.9998184796491217,1.000000000686323,-6.862699297727204e-10
1141.690474,0.199831324,857.4408966,1418.474681,0.10325838,0.702791061,-10.11043144,-0.658378241,0.000337846,5.3131e-14,0.928285797,0.064098138,0.006314831,0.000180803,0.000192977,0.000312051,0.0006154,2.68677e-09,,755.5810566327751,0.9989457275727236,0.7794917241818181,0.9998175809602463,0.9999999996868232,3.13229997495057e-10
1140.615225,0.199830441,856.5454731,1418.473404,0.103256498,0.702784257,-10.11047351,-0.65833416,0.000338725,5.31874e-14,0.928275544,0.064100889,0.006320735,0.000181006,0.000193213,0.000312409,0.000616202,2.68727e-09,,754.6376533034963,0.9989413135045995,0.7786777028181818,0.9998166808616631,1.000000000687323,-6.872700186733027e-10
1139.582985,0.199829593,855.6861434,1418.471861,0.10325469,0.702777736,-10.11051391,-0.658291866,0.000339568,5.32416e-14,0.928265687,0.064103531,0.006326413,0.000181201,0.000193439,0.000312753,0.000616973,2.68775e-09,,753.7340162172908,0.9989370743995382,0.7778964939999999,0.9998155932719104,0.9999999996878033,3.1225000363122035e-10
1138.550746,0.199828745,854.8270848,1418.470943,0.103252883,0.702771192,-10.11055429,-0.658249541,0.000340412,5.32958e-14,0.928255817,0.064106171,0.006332101,0.000181397,0.000193667,0.000313098,0.000617747,2.68823e-09,,752.8279472577169,0.9989328352944769,0.7771155316363636,0.9998149462159203,1.0000000006882834,-6.882301395449986e-10
1137.518506,0.199827896,853.9682972,1418.469709,0.103251075,0.702764658,-10.11059469,-0.658207241,0.000341254,5.33502e-14,0.928245933,0.064108812,0.0063378,0.000181593,0.000193895,0.000313444,0.000618521,2.68871e-09,,751.9234613157063,0.9989285911904708,0.7763348156363636,0.9998140764260597,1.0000000006887633,-6.887099779362416e-10
1136.486267,0.199827046,853.1097803,1418.468473,0.103249267,0.702758123,-10.11063509,-0.658164946,0.000342097,5.34047e-14,0.928236036,0.064111455,0.006343508,0.000181789,0.000194123,0.00031379,0.000619297,2.68919e-09,,751.0199879131075,0.9989243420875202,0.7755543457272728,0.9998132052264911,1.0000000006892436,-6.891900383720895e-10
1135.454027,0.199826196,852.251534,1418.467234,0.103247459,0.702751588,-10.1106755,-0.658122657,0.000342939,5.34593e-14,0.928226126,0.064114098,0.006349226,0.000181986,0.000194351,0.000314136,0.000620074,2.68967e-09,,750.1180930323937,0.9989200929845696,0.7747741218181818,0.9998123319123605,0.9999999996897234,3.1033009495473607e-10
1133.472127,0.199824562,850.6044592,1418.464848,0.103243986,0.702739039,-10.11075311,-0.658041478,0.000344556,5.35644e-14,0.92820706,0.064119173,0.006360234,0.000182364,0.000194791,0.000314804,0.000621571,2.69059e-09,,748.3849292930238,0.9989119247090151,0.773276781090909,0.9998106501306693,0.9999999996906435,3.094100531342292e-10
1131.490227,0.199822926,848.95838,1418.462453,0.103240513,0.702726486,-10.11083073,-0.65796032,0.000346172,5.36698e-14,0.928187943,0.064124251,0.006371279,0.000182744,0.000195233,0.000315474,0.000623073,2.69152e-09,,746.6534914944549,0.9989037464355713,0.7717803454545454,0.9998089620052917,0.9999999996915735,3.0848013032880317e-10
1129.547965,0.19982132,847.3461875,1418.459827,0.103237108,0.702714193,-10.11090684,-0.657880819,0.000347754,5.37735e-14,0.92816916,0.06412923,0.006382139,0.000183118,0.000195667,0.000316132,0.00062455,2.69242e-09,,744.9598148163535,0.998895718130467,0.770314715909091,0.9998071110586355,0.9999999986924737,1.307580044240808e-09
1127.645341,0.199819746,845.7678218,1418.45778,0.103233772,0.702702128,-10.11098138,-0.657802932,0.000349303,5.38754e-14,0.928150713,0.064134107,0.006392814,0.000183486,0.000196094,0.00031678,0.000626003,2.69331e-09,,743.3006579868103,0.9988878497915913,0.7688798379999999,0.9998056682224569,0.9999999996933638,3.0669000672389757e-10
1125.742717,0.199818169,844.1903707,1418.455454,0.103230435,0.702690072,-10.11105596,-0.657725079,0.000350851,5.39777e-14,0.928132219,0.064138987,0.006403523,0.000183854,0.000196522,0.00031743,0.000627461,2.69419e-09,,741.6438083271534,0.9988799664558816,0.7674457915454546,0.9998040287320067,0.9999999986942438,1.3058101266949507e-09
1123.916199,0.199816653,842.6768769,1418.453213,0.103227231,0.702678495,-10.11112757,-0.657650358,0.000352337,5.40762e-14,0.928114421,0.064143674,0.006413838,0.000184209,0.000196935,0.000318056,0.000628865,2.69505e-09,,740.0542647549468,0.9988723880557957,0.7660698880909091,0.9998024491541483,1.000000000695104,-6.95050017540666e-10
1122.08968,0.199815136,841.164224,1418.450964,0.103224026,0.702666916,-10.11119921,-0.657575655,0.000353822,5.4175e-14,0.928096579,0.064148362,0.006424184,0.000184565,0.000197349,0.000318684,0.000630274,2.6959e-09,,738.4665001279345,0.998864804656765,0.7646947490909091,0.9998008639374577,0.9999999996959541,3.04100078452052e-10
1120.080509,0.199813464,839.501276,1418.448481,0.1032205,0.702654177,-10.11127802,-0.657493502,0.000355454,5.4284e-14,0.928076902,0.064153521,0.006435604,0.000184959,0.000197806,0.000319377,0.000631829,2.69684e-09,,736.7219815126023,0.9988564464213138,0.7631829781818181,0.9997991137849263,1.0000000006968943,-6.968401411455716e-10
1118.984597,0.199812552,838.5946413,1418.447122,0.103218576,0.702647227,-10.11132102,-0.6574487,0.000356344,5.43437e-14,0.928066147,0.064156335,0.00644185,0.000185174,0.000198056,0.000319756,0.00063268,2.69735e-09,,735.7709808604142,0.998851887383795,0.7623587648181819,0.9997981558883133,1.0000000006974041,-6.973499555584795e-10
1117.888686,0.199811638,837.6883085,1418.44576,0.103216652,0.702640277,-10.11136402,-0.657403904,0.000357234,5.44035e-14,0.928055376,0.064159151,0.006448107,0.000185389,0.000198306,0.000320136,0.000633532,2.69786e-09,,734.8213183175786,0.998847318348387,0.7615348259090908,0.9997971958771383,0.9999999996979145,3.0213986867977383e-10
1116.792775,0.199810724,836.7822772,1418.444396,0.103214728,0.702633326,-10.11140704,-0.657359115,0.000358123,5.44633e-14,0.928044589,0.064161967,0.006454377,0.000185605,0.000198557,0.000320516,0.000634386,2.69837e-09,,733.8719058786063,0.9988427493129788,0.7607111610909091,0.9997962344562553,0.9999999996984245,3.0163005426686595e-10
1115.696863,0.199809809,835.8765474,1418.443028,0.103212804,0.702626374,-10.11145005,-0.657314332,0.000359012,5.45233e-14,0.928033786,0.064164783,0.006460658,0.000185822,0.000198809,0.000320897,0.000635242,2.69888e-09,,732.9222095980889,0.9988381752786262,0.7598877703636364,0.9997952702159559,0.9999999996989345,3.011201288316556e-10
1114.644788,0.199808931,835.0073312,1418.441377,0.103210956,0.702619715,-10.11149135,-0.657271345,0.000359865,5.45811e-14,0.928023401,0.064167488,0.0064667,0.00018603,0.00019905,0.000321264,0.000636065,2.69937e-09,,732.012441595517,0.9988337862052253,0.7590975738181818,0.9997941065019693,1.0000000006994245,-6.993698953294825e-10
1113.592713,0.199808051,834.1383903,1418.440394,0.103209108,0.702613025,-10.11153266,-0.657228366,0.000360718,5.46389e-14,0.928012999,0.064170192,0.006472753,0.000186238,0.000199293,0.000321632,0.00063689,2.69987e-09,,731.1011310079006,0.9988293871339352,0.7583076275454546,0.9997934136304677,0.9999999996999246,3.001300319382949e-10
1112.540638,0.199807171,833.2697277,1418.439073,0.10320726,0.702606349,-10.11157398,-0.657185391,0.000361571,5.46968e-14,0.928002583,0.064172898,0.006478816,0.000186447,0.000199536,0.000322,0.000637717,2.70036e-09,,730.1909889617594,0.9988249880626452,0.7575179342727273,0.9997924825183075,0.999999999700415,2.9963975745062044e-10
1111.488563,0.19980629,832.4013421,1418.437749,0.103205411,0.702599672,-10.1116153,-0.657142422,0.000362424,5.47548e-14,0.927992153,0.064175604,0.006484891,0.000186657,0.000199779,0.000322369,0.000638545,2.70085e-09,,729.2820136694104,0.9988205839924105,0.7567284928181818,0.9997915492915852,1.000000000700905,-7.008502667105176e-10
1110.436489,0.199805409,831.5332334,1418.436422,0.103203562,0.702592995,-10.11165662,-0.657099459,0.000363276,5.4813e-14,0.927981707,0.06417831,0.006490978,0.000186866,0.000200023,0.000322738,0.000639375,2.70134e-09,,728.3731339009177,0.9988161799221758,0.7559393030909091,0.9997906139503009,0.9999999997013949,2.9865998563138874e-10
1109.426497,0.199804562,830.7001097,1418.434834,0.103201787,0.702586597,-10.11169631,-0.657058233,0.000364094,5.48689e-14,0.927971666,0.06418091,0.006496831,0.000187068,0.000200257,0.000323093,0.000640172,2.70182e-09,,727.5024609572519,0.998811945816059,0.755181917909091,0.9997894946421173,0.9999999997018749,2.981799251955408e-10
1108.416505,0.199803715,829.8672402,1418.433867,0.103200012,0.702580174,-10.11173598,-0.657016986,0.000364911,5.49249e-14,0.92796161,0.064183508,0.006502695,0.00018727,0.000200493,0.00032345,0.000640973,2.70229e-09,,726.6285198810687,0.9988077117099423,0.7544247638181818,0.9997888130482802,1.000000001702345,-1.7022900866692225e-09
1107.406513,0.199802867,829.0346257,1418.432585,0.103198237,0.702573762,-10.11177567,-0.656975758,0.000365729,5.49811e-14,0.92795154,0.064186108,0.006508569,0.000187473,0.000200728,0.000323806,0.000641774,2.70276e-09,,725.7582468221467,0.998803472604881,0.7536678415454545,0.9997879094254267,1.000000000702815,-7.027600723574778e-10
1106.396521,0.199802019,828.2022657,1418.431301,0.103196461,0.70256735,-10.11181537,-0.656934534,0.000366546,5.50373e-14,0.927941457,0.064188708,0.006514453,0.000187676,0.000200964,0.000324164,0.000642576,2.70323e-09,,724.8873851826959,0.9987992334998197,0.7529111506363636,0.9997870043928653,1.000000000703285,-7.032299187414992e-10
1105.386529,0.19980117,827.3701601,1418.430015,0.103194685,0.702560937,-10.11185507,-0.656893316,0.000367363,5.50936e-14,0.927931359,0.064191309,0.006520348,0.000187879,0.0002012,0.000324522,0.000643381,2.70371e-09,,724.0170025926457,0.9987949893958138,0.752154691,0.9997860979505957,1.000000000703765,-7.037099791773471e-10
1103.447344,0.199799538,825.7732297,1418.427537,0.103191275,0.702548622,-10.1119313,-0.656814193,0.00036893,5.52021e-14,0.927911933,0.064196303,0.006531696,0.00018827,0.000201655,0.000325211,0.000644929,2.70462e-09,,722.3475472020241,0.9987868311181485,0.7507029360909091,0.9997843513223346,0.9999999997046752,2.9537994272743617e-10
1101.50816,0.199797904,824.1772353,1418.425049,0.103187864,0.702536305,-10.11200756,-0.656735088,0.000370497,5.53109e-14,0.927892455,0.0642013,0.006543083,0.000188663,0.000202111,0.000325903,0.000646483,2.70553e-09,,720.6799304562591,0.998778662842594,0.7492520320909091,0.9997825976455331,1.0000000007055851,-7.055298567593127e-10
1099.607759,0.1997963,822.6140679,1418.422335,0.10318452,0.702524243,-10.11208232,-0.656657598,0.000372032,5.54179e-14,0.927873316,0.064206199,0.00655428,0.000189049,0.00020256,0.000326583,0.000648011,2.70642e-09,,719.0472211678797,0.998770644535379,0.7478309708181818,0.9997806846717232,1.0000000007064755,-7.064200335804571e-10
1097.746142,0.199794727,821.0836711,1418.420196,0.103181245,0.702512405,-10.11215555,-0.656581679,0.000373535,5.55231e-14,0.927854519,0.064210998,0.006565285,0.000189429,0.000203002,0.000327252,0.000649514,2.70729e-09,,717.4479629347542,0.998762781195448,0.7464397009999999,0.9997791769889748,1.0000000017073454,-1.7072898650383195e-09
1095.884525,0.199793152,819.554134,1418.417781,0.103177968,0.702500575,-10.11222881,-0.656505792,0.000375036,5.56287e-14,0.927835674,0.064215799,0.006576327,0.000189809,0.000203445,0.000327922,0.000651021,2.70816e-09,,715.8521089540803,0.9987549078576277,0.7450492127272728,0.9997774747665169,0.9999999997082156,2.9183999661341886e-10
1094.097372,0.199791638,818.086586,1418.415454,0.103174822,0.702489217,-10.11229915,-0.656432957,0.000376477,5.57304e-14,0.927817536,0.06422041,0.006586961,0.000190176,0.000203871,0.000328569,0.000652474,2.709e-09,,714.320754262899,0.9987473394554309,0.7437150781818181,0.9997758345712127,0.9999999997090558,2.90999890850685e-10
1092.31022,0.199790122,816.6198284,1418.413118,0.103171675,0.702477856,-10.11236952,-0.656360138,0.000377917,5.58323e-14,0.927799354,0.064225023,0.006597629,0.000190545,0.000204299,0.000329217,0.000653931,2.70984e-09,,712.7912562420443,0.9987397610553448,0.7423816621818181,0.9997741880322223,1.000000000709896,-7.098399645855125e-10
1090.344352,0.199788453,815.0073068,1418.410539,0.103168212,0.702465358,-10.11244693,-0.656280056,0.0003795,5.59449e-14,0.927779301,0.064230098,0.006609403,0.000190951,0.000204772,0.000329933,0.00065554,2.71077e-09,,711.109184842027,0.9987314178167277,0.7409157334545455,0.9997723702137051,1.0000000007108258,-7.107698873909385e-10
1089.272061,0.199787541,814.1281517,1418.409128,0.103166323,0.70245854,-10.11248917,-0.656236383,0.000380364,5.60065e-14,0.92776834,0.064232867,0.006615843,0.000191173,0.00020503,0.000330324,0.00065642,2.71127e-09,,710.1935630992393,0.998726858779209,0.7401165015454545,0.9997713756646831,0.9999999997113259,2.8873003987683887e-10
1088.199769,0.199786629,813.2492803,1418.407714,0.103164434,0.702451721,-10.11253141,-0.656192715,0.000381227,5.60682e-14,0.927757362,0.064235637,0.006622295,0.000191396,0.000205289,0.000330716,0.000657302,2.71178e-09,,709.2777340359761,0.99872229974169,0.7393175275454545,0.999770379001099,0.9999999997118362,2.882198923970236e-10
1087.127478,0.199785715,812.3706923,1418.406297,0.103162545,0.702444902,-10.11257365,-0.656149054,0.000382089,5.613e-14,0.927746368,0.064238407,0.00662876,0.000191619,0.000205549,0.000331109,0.000658185,2.71228e-09,,708.3622140888266,0.998717730706282,0.7385188111818182,0.9997693802229529,0.9999999997123361,2.8772006999133737e-10
1086.055186,0.199784802,811.4923876,1418.404876,0.103160655,0.702438082,-10.11261591,-0.656105398,0.000382952,5.6192e-14,0.927735357,0.064241178,0.006635237,0.000191843,0.000205809,0.000331503,0.000659071,2.71279e-09,,707.4470099050558,0.9987131666698186,0.7377203523636364,0.9997683786253907,1.000000000712846,-7.127898271619415e-10
1085.025787,0.199783924,810.6494817,1418.403176,0.10315884,0.702431546,-10.11265649,-0.656063508,0.000383779,5.62515e-14,0.927724772,0.064243839,0.006641466,0.000192058,0.000206058,0.000331881,0.000659922,2.71327e-09,,706.5711153658224,0.9987087775964177,0.7369540742727273,0.9997671803735569,0.9999999987133263,1.2867299448160452e-09
1083.996387,0.199783045,809.8068359,1418.402141,0.103157026,0.702424986,-10.11269705,-0.656021594,0.000384607,5.63112e-14,0.92771417,0.064246499,0.006647708,0.000192273,0.000206309,0.000332261,0.000660776,2.71375e-09,,705.6928419233383,0.9987043835240723,0.7361880326363637,0.9997664508496464,0.9999999987138063,1.2862499954024997e-09
1082.966987,0.199782166,808.9644509,1418.400769,0.103155212,0.702418437,-10.11273763,-0.6559797,0.000385434,5.6371e-14,0.927703554,0.064249161,0.00665396,0.000192489,0.00020656,0.000332641,0.000661631,2.71424e-09,,704.8162258377482,0.998699989451727,0.7354222280909091,0.9997654837899312,0.9999999987142965,1.2857599429594302e-09
1081.937587,0.199781286,808.1223263,1418.399393,0.103153397,0.702411887,-10.11277821,-0.655937812,0.000386261,5.6431e-14,0.927692922,0.064251822,0.006660225,0.000192706,0.000206812,0.000333022,0.000662488,2.71472e-09,,703.9392610743336,0.9986955903804369,0.7346566602727274,0.9997645139107998,0.9999999997147763,2.8528013285011866e-10
1080.908187,0.199780405,807.2804619,1418.398016,0.103151582,0.702405337,-10.1128188,-0.655895928,0.000387087,5.6491e-14,0.927682275,0.064254485,0.006666501,0.000192922,0.000207064,0.000333404,0.000663346,2.71521e-09,,703.0634560289479,0.9986911863102022,0.733891329,0.9997635433268146,0.9999999997152664,2.847900804070491e-10
1078.93174,0.199778713,805.6648109,1418.395362,0.103148096,0.70239276,-10.11289674,-0.655815527,0.000388674,5.66066e-14,0.927661789,0.064259598,0.006678583,0.00019334,0.000207549,0.000334139,0.000664999,2.71614e-09,,701.3832130677906,0.9986827280958581,0.7324225553636364,0.9997616726442458,0.9999999997161967,2.8385993555701816e-10
1076.955292,0.199777018,804.0501173,1418.392697,0.10314461,0.70238018,-10.11297471,-0.655735144,0.00039026,5.67226e-14,0.927641246,0.064264713,0.006690709,0.000193759,0.000208037,0.000334876,0.000666658,2.71707e-09,,699.7039814370897,0.9986742548846801,0.7309546520909092,0.9997597942082829,1.0000000007171268,-7.170699589664764e-10
1075.018373,0.199775355,802.4686464,1418.389789,0.103141193,0.702367864,-10.11305112,-0.655656381,0.000391813,5.68367e-14,0.927621059,0.064269727,0.006702634,0.000194171,0.000208515,0.000335601,0.00066829,2.71799e-09,,698.0618829041094,0.9986659416397307,0.7295169512727273,0.9997577444927932,0.9999999997180469,2.8200997093108526e-10
1073.120984,0.199773723,800.9203372,1418.387498,0.103137844,0.70235577,-10.11312601,-0.655579257,0.000393333,5.69488e-14,0.927601227,0.06427464,0.006714357,0.000194576,0.000208987,0.000336315,0.000669895,2.71888e-09,,696.4520523463823,0.9986577833620655,0.7281093974545454,0.9997561296722337,0.9999999997189369,2.811199051322433e-10
1071.223594,0.199772089,799.3729082,1418.384909,0.103134495,0.702343689,-10.11320091,-0.655502143,0.000394853,5.70614e-14,0.927581343,0.064279556,0.00672612,0.000194983,0.00020946,0.00033703,0.000671506,2.71978e-09,,694.8451663097006,0.9986496150865112,0.7267026438181818,0.9997543048051764,1.0000000007198369,-7.197797913249815e-10
1069.4021,0.199770518,797.8882023,1418.382415,0.103131279,0.702332088,-10.11327283,-0.65542813,0.000396311,5.71698e-14,0.927562204,0.064284276,0.006737451,0.000195374,0.000209915,0.00033772,0.000673057,2.72064e-09,,693.3046481113541,0.9986417617444694,0.7253529111818182,0.9997525468992509,0.9999999997206972,2.793599795936075e-10
1067.580606,0.199768945,796.4043044,1418.379911,0.103128063,0.702320487,-10.11334476,-0.655354133,0.000397768,5.72786e-14,0.927543015,0.064288997,0.00674882,0.000195767,0.000210373,0.000338411,0.000674615,2.7215e-09,,691.7641122308847,0.9986338984045384,0.7240039130909091,0.9997507819447851,1.0000000007215573,-7.214999708793357e-10
1065.795541,0.199767402,794.950868,1418.377202,0.10312491,0.702309125,-10.11341528,-0.65528164,0.000399195,5.73856e-14,0.927524161,0.064293626,0.006759998,0.000196154,0.000210822,0.000339091,0.000676145,2.72234e-09,,690.2579127848811,0.9986261850329469,0.7226826072727273,0.9997488724952452,0.9999999997223974,2.7766000609830144e-10
1064.046907,0.199765888,793.5278436,1418.375027,0.103121821,0.702297974,-10.11348436,-0.655210624,0.000400593,5.74907e-14,0.927505644,0.064298161,0.006770983,0.000196534,0.000211264,0.00033976,0.000677651,2.72317e-09,,688.7818218154866,0.99861861663075,0.7213889487272727,0.9997473394377522,0.9999999997232275,2.7683000336509167e-10
1062.298273,0.199764372,792.1055616,1418.372597,0.103118732,0.702286832,-10.11355346,-0.655139632,0.00040199,5.75962e-14,0.927487081,0.064302698,0.006782004,0.000196915,0.000211707,0.000340431,0.000679161,2.724e-09,,687.3081482156,0.998611038230664,0.7200959650909091,0.9997456266424839,0.9999999997240575,2.7600011165418437e-10
1061.249092,0.199763461,791.2525483,1418.371135,0.103116878,0.702280146,-10.11359493,-0.655097043,0.000402828,5.76597e-14,0.927475921,0.06430542,0.006788633,0.000197144,0.000211974,0.000340834,0.00068007,2.72449e-09,,686.4241761263369,0.9986064841920899,0.7193204984545454,0.9997445961459069,0.9999999987245475,1.2755100309291834e-09
1060.199911,0.19976255,790.3998017,1418.369669,0.103115024,0.70227346,-10.1136364,-0.65505446,0.000403665,5.77232e-14,0.927464744,0.064308144,0.006795275,0.000197374,0.000212241,0.000341238,0.000680981,2.72499e-09,,685.5410279836608,0.9986019301535157,0.7185452742727273,0.9997435628299137,0.9999999997250476,2.750101257831261e-10
1059.150731,0.199761638,789.5473216,1418.368201,0.103113169,0.702266772,-10.11367788,-0.655011882,0.000404503,5.7787e-14,0.92745355,0.064310867,0.00680193,0.000197604,0.000212509,0.000341644,0.000681893,2.72549e-09,,684.6577587495744,0.9985973711159969,0.7177702923636364,0.9997425281042126,0.9999999997255477,2.7451008133283494e-10
1058.10155,0.199760725,788.6951078,1418.366729,0.103111315,0.702260085,-10.11371937,-0.654969309,0.00040534,5.78508e-14,0.927442339,0.064313591,0.006808598,0.000197835,0.000212777,0.000342049,0.000682807,2.72598e-09,,683.7762651429457,0.9985928070795335,0.7169955525454546,0.9997414905590954,0.9999999987260378,1.274020000607834e-09
1057.05237,0.199759812,787.8431601,1418.365254,0.10310946,0.702253397,-10.11376086,-0.654926741,0.000406176,5.79147e-14,0.927431111,0.064316316,0.006815279,0.000198066,0.000213046,0.000342456,0.000683723,2.72648e-09,,682.8941910473184,0.99858824304307,0.7162210546363637,0.9997404508994162,0.9999999997265381,2.7351987341717177e-10
1056.045156,0.199758934,787.0255411,1418.363503,0.103107678,0.702246989,-10.1138007,-0.654885891,0.000406979,5.79763e-14,0.927420316,0.064318933,0.006821705,0.000198288,0.000213304,0.000342847,0.000684604,2.72696e-09,,682.0488382706342,0.9985838539696692,0.7154777646363637,0.9997392167000274,0.9999999997270179,2.7304003502592877e-10
1055.037943,0.199758056,786.2081659,1418.362412,0.103105898,0.702240554,-10.11384053,-0.654845025,0.000407782,5.80379e-14,0.927409504,0.064321549,0.006828142,0.000198511,0.000213564,0.000343239,0.000685487,2.72743e-09,,681.202274216666,0.9985794648962684,0.7147346962727273,0.9997384477042917,0.9999999987274881,1.272569938315371e-09
1054.030729,0.199757177,785.391036,1418.360987,0.103104117,0.702234132,-10.11388037,-0.654804175,0.000408585,5.80997e-14,0.927398678,0.064324166,0.006834592,0.000198734,0.000213824,0.000343632,0.000686372,2.72791e-09,,680.356385974094,0.998575070823923,0.7139918509090909,0.9997374432873134,1.0000000007279681,-7.279099545343115e-10
1053.023516,0.199756298,784.5741507,1418.359559,0.103102335,0.70222771,-10.11392022,-0.654763329,0.000409387,5.81615e-14,0.927387835,0.064326783,0.006841054,0.000198958,0.000214084,0.000344025,0.000687258,2.72839e-09,,679.5121047081334,0.9985706767515776,0.713249227909091,0.9997364367557731,0.9999999997284482,2.716099567479091e-10
1052.016303,0.199755417,783.7575099,1418.358128,0.103100554,0.702221287,-10.11396007,-0.654722488,0.000410189,5.82235e-14,0.927376976,0.064329401,0.006847528,0.000199182,0.000214345,0.00034442,0.000688147,2.72887e-09,,678.6666409323411,0.9985662726813429,0.7125068271818181,0.9997354281096708,1.0000000017289281,-1.7288699361017734e-09
1050.082453,0.199753725,782.190244,1418.355372,0.103097133,0.702208954,-10.11403661,-0.654644086,0.000411729,5.83429e-14,0.927356082,0.064334428,0.006859991,0.000199614,0.000214846,0.000345179,0.000689857,2.72978e-09,,677.0475560853482,0.9985578144669988,0.71108204,0.9997334855319919,0.9999999997298383,2.702200685433809e-10
1048.148603,0.199752031,780.6238775,1418.352605,0.103093711,0.702196619,-10.11411315,-0.654565701,0.000413267,5.84627e-14,0.92733513,0.064339457,0.0068725,0.000200047,0.00021535,0.00034594,0.000691573,2.7307e-09,,675.4296479670866,0.9985493462547654,0.7096580704545455,0.9997315352009191,0.9999999997307584,2.6930013774517647e-10
1046.25343,0.199750368,779.0897103,1418.349597,0.103090356,0.702184541,-10.1141882,-0.654488908,0.000414774,5.85805e-14,0.927314539,0.064344388,0.006884802,0.000200473,0.000215845,0.000346689,0.000693261,2.7316e-09,,673.8461374599766,0.9985410330098162,0.708263373,0.9997294150000272,0.9999999997316587,2.683999689168104e-10
1044.396935,0.199748737,777.5876868,1418.347204,0.10308707,0.702172685,-10.11426171,-0.654413685,0.00041625,5.86963e-14,0.927294311,0.064349218,0.006896895,0.000200891,0.000216333,0.000347426,0.000694922,2.73248e-09,,672.2943183810324,0.9985328797310956,0.7068978970909091,0.9997277282843577,0.9999999987325389,1.2675198668432586e-09
1042.540439,0.199747103,776.0864895,1418.344516,0.103083783,0.702160839,-10.11433524,-0.654338484,0.000417725,5.88126e-14,0.927274029,0.06435405,0.00690903,0.000201312,0.000216822,0.000348166,0.000696589,2.73336e-09,,670.7445566003224,0.9985247114555411,0.7055331722727273,0.9997258336367525,1.0000000007334189,-7.333600393621964e-10
1040.758203,0.199745533,774.6461159,1418.341925,0.103080627,0.702149466,-10.11440585,-0.654266306,0.00041914,5.89246e-14,0.927254505,0.06435869,0.00692072,0.000201717,0.000217293,0.000348878,0.000698194,2.73421e-09,,669.2591662409341,0.998516863112444,0.7042237417272728,0.999724007359987,0.9999999997342689,2.657899456082191e-10
1038.975967,0.19974396,773.2065014,1418.339325,0.103077471,0.702138091,-10.11447648,-0.654194142,0.000420554,5.90369e-14,0.92723493,0.064363332,0.006932449,0.000202123,0.000217766,0.000349592,0.000699805,2.73506e-09,,667.774866498708,0.9985089997725131,0.7029150012727272,0.9997221747395354,0.999999999735119,2.6494006988286856e-10
1037.229376,0.199742417,771.7964152,1418.336522,0.103074376,0.702126953,-10.1145457,-0.654123441,0.000421939,5.91474e-14,0.927215697,0.064367882,0.006943981,0.000202523,0.000218231,0.000350295,0.000701389,2.73589e-09,,666.3214373696464,0.9985012864009215,0.7016331047272727,0.9997201990337178,1.000000000735949,-7.358900155907122e-10
1035.51843,0.199740903,770.4158104,1418.334252,0.103071345,0.702116021,-10.11461352,-0.654054186,0.000423295,5.9256e-14,0.927196806,0.06437234,0.006955315,0.000202915,0.000218688,0.000350986,0.000702947,2.7367e-09,,664.8985211895724,0.9984937179987248,0.7003780094545455,0.9997185990150927,0.9999999997367593,2.632999374085898e-10
1033.807483,0.199739387,769.0359031,1418.331728,0.103068313,0.702105098,-10.11468136,-0.653984949,0.000424651,5.9365e-14,0.927177868,0.0643768,0.006966685,0.00020331,0.000219146,0.000351679,0.00070451,2.73752e-09,,663.4776024168391,0.9984861395986386,0.6991235482727273,0.9997168199635467,1.0000000007375793,-7.375200450354669e-10
1032.780915,0.199738476,768.208293,1418.33021,0.103066494,0.702098543,-10.11472207,-0.653943413,0.000425464,5.94305e-14,0.927166481,0.064379476,0.006973525,0.000203547,0.000219422,0.000352095,0.00070545,2.738e-09,,662.6258010036162,0.9984815855600645,0.6983711754545455,0.9997157499951446,0.9999999987380596,1.2619998379648223e-09
1031.754347,0.199737565,767.3809333,1418.328688,0.103064674,0.702091988,-10.11476279,-0.653901882,0.000426277,5.94962e-14,0.927155078,0.064382153,0.006980378,0.000203784,0.000219699,0.000352513,0.000706392,2.73849e-09,,661.7735089220872,0.9984770315214904,0.6976190302727273,0.9997146772073263,0.9999999997385494,2.615101468705916e-10
1030.727779,0.199736653,766.553824,1418.327162,0.103062854,0.702085433,-10.11480351,-0.653860356,0.00042709,5.9562e-14,0.927143656,0.06438483,0.006987245,0.000204022,0.000219976,0.000352932,0.000707336,2.73898e-09,,660.9220572575889,0.9984724724839715,0.6968671127272726,0.9997136016000919,0.9999999997390395,2.610199834052196e-10
1029.701212,0.19973574,765.7269647,1418.325633,0.103061034,0.702078877,-10.11484423,-0.653818834,0.000427902,5.96279e-14,0.927132217,0.064387508,0.006994125,0.000204261,0.000220253,0.000353351,0.000708282,2.73947e-09,,660.0718893121542,0.9984679084475081,0.6961154224545455,0.9997125238782956,0.9999999997395296,2.605300419844525e-10
1028.674644,0.199734827,764.9003554,1418.324101,0.103059214,0.702072321,-10.11488496,-0.653777317,0.000428714,5.9694e-14,0.927120761,0.064390186,0.007001018,0.0002045,0.000220531,0.000353771,0.00070923,2.73996e-09,,659.2216880143718,0.9984633444110447,0.6953639594545454,0.9997114440419371,0.9999999997400197,2.6003998954138297e-10
1026.703633,0.199733071,763.3139655,1418.32115,0.103055719,0.702059732,-10.11496317,-0.653697618,0.000430273,5.98212e-14,0.927098715,0.064395329,0.007014291,0.00020496,0.000221067,0.00035458,0.000711056,2.7409e-09,,657.5897164294951,0.9984545662642432,0.6939217868181818,0.9997093640177246,1.0000000007409597,-7.409000080116357e-10
1024.732623,0.199731312,761.7284951,1418.318187,0.103052223,0.702047142,-10.1150414,-0.653617935,0.000431831,5.99489e-14,0.927076603,0.064400473,0.007027613,0.000205422,0.000221604,0.000355393,0.000712888,2.74184e-09,,655.9604990455372,0.9984457731206077,0.6924804500909091,0.9997072755352638,0.9999999987418999,1.2581600206118537e-09
1022.801033,0.199729586,760.1756248,1418.314965,0.103048795,0.702034812,-10.1151181,-0.653539885,0.000433357,6.00745e-14,0.927054869,0.064405518,0.007040718,0.000205877,0.000222133,0.000356191,0.000714691,2.74276e-09,,654.3653753578925,0.9984371449421455,0.6910687498181819,0.9997050044956118,0.9999999997428198,2.572401180955808e-10
1020.908863,0.199727892,758.6552998,1418.312402,0.103045439,0.702022712,-10.11519321,-0.6534634,0.00043485,6.01981e-14,0.927033518,0.064410458,0.007053603,0.000206324,0.000222653,0.000356977,0.000716464,2.74366e-09,,652.8039092381154,0.9984286767299122,0.6896866361818181,0.9997031979547589,0.9999999997437202,2.563399492672147e-10
1019.016693,0.199726196,757.1358187,1418.309522,0.103042081,0.702010622,-10.11526835,-0.653386952,0.000436344,6.0322e-14,0.927012105,0.064415401,0.007066534,0.000206772,0.000223175,0.000357766,0.000718244,2.74457e-09,,651.2437982767348,0.9984201985197895,0.6883052897272727,0.9997011679751818,0.9999999997446303,2.5543001047623193e-10
1017.20021,0.199724565,755.6779097,1418.306746,0.103038857,0.701999014,-10.11534051,-0.653313577,0.000437776,6.04415e-14,0.92699149,0.064420148,0.007078992,0.000207205,0.000223678,0.000358526,0.000719959,2.74543e-09,,649.7476740665836,0.998412045241069,0.6869799179090909,0.9996992113004226,1.0000000007454903,-7.454299399967113e-10
1015.383727,0.199722932,754.2207766,1418.30396,0.103035632,0.701987404,-10.11541268,-0.653240217,0.000439208,6.05614e-14,0.926970818,0.064424896,0.007091493,0.000207638,0.000224183,0.000359288,0.00072168,2.7463e-09,,648.2532375179653,0.9984038819644591,0.6856552514545454,0.9996972475771233,0.9999999987463605,1.2537000326773295e-09
1013.603573,0.199721329,752.7935377,1418.300955,0.10303247,0.701976035,-10.11548344,-0.653168356,0.000440611,6.06793e-14,0.926950504,0.064429551,0.007103787,0.000208065,0.00022468,0.000360038,0.000723373,2.74715e-09,,646.789414561699,0.9983958686561887,0.6843577615454546,0.9996951294907936,1.0000000007472107,-7.471501195510655e-10
1011.85975,0.199719757,751.3961469,1418.298522,0.103029374,0.701964879,-10.11555273,-0.653097937,0.000441984,6.07951e-14,0.92693055,0.06443411,0.007115872,0.000208485,0.000225168,0.000360775,0.000725038,2.74798e-09,,645.3570993100149,0.9983880103152023,0.6830874062727272,0.9996934145809634,1.000000000748041,-7.479801222842752e-10
1010.115926,0.199718183,749.9994682,1418.295816,0.103026277,0.701953731,-10.11562205,-0.65302755,0.000443356,6.09114e-14,0.926910543,0.064438672,0.007127996,0.000208906,0.000225658,0.000361515,0.000726708,2.74882e-09,,643.9260179500617,0.9983801419763266,0.6818176983636364,0.9996915072459858,1.000000000748881,-7.488198949801017e-10
1008.441855,0.199716669,748.659326,1418.293209,0.103023303,0.701943028,-10.11568861,-0.652959991,0.000444673,6.10234e-14,0.926891286,0.064443052,0.007139675,0.000209311,0.00022613,0.000362227,0.000728317,2.74962e-09,,642.5536495560161,0.99837257357413,0.6805993872727273,0.9996896696915559,1.0000000007496812,-7.496201437362515e-10
1006.767784,0.199715153,747.3198386,1418.290592,0.103020329,0.701932324,-10.11575519,-0.652892444,0.00044599,6.11358e-14,0.926871979,0.064447433,0.007151391,0.000209718,0.000226603,0.000362942,0.000729931,2.75042e-09,,641.1828986425791,0.9983649951740439,0.6793816714545455,0.999687825088586,0.999999999750481,2.495801343371795e-10
1004.926306,0.199713483,745.8471578,1418.287702,0.103017056,0.701920549,-10.11582843,-0.652818156,0.000447437,6.12599e-14,0.926850683,0.064452254,0.007164323,0.000210167,0.000227126,0.000363731,0.000731714,2.7513e-09,,639.6753299201714,0.9983566469364821,0.6780428707272728,0.9996857880604687,1.0000000007513612,-7.512999111725094e-10
1003.921864,0.199712572,745.0442106,1418.286121,0.103015271,0.701914125,-10.11586839,-0.652777641,0.000448226,6.13277e-14,0.926839041,0.064454883,0.007171396,0.000210413,0.000227412,0.000364163,0.000732688,2.75178e-09,,638.8540942863551,0.9983520928979079,0.6773129187272727,0.9996846736862633,0.9999999987518414,1.2482198608054773e-09
1002.314756,0.199711111,743.7599837,1418.283585,0.103012415,0.701903847,-10.11593233,-0.652712826,0.000449488,6.14366e-14,0.926820377,0.064459092,0.007182743,0.000210807,0.000227871,0.000364855,0.000734253,2.75255e-09,,637.5402590298421,0.9983447894397774,0.6761454397272727,0.9996828861764688,1.0000000007526113,-7.525500222982373e-10
1000.546937,0.199709502,742.348028,1418.280784,0.103009272,0.701892541,-10.11600268,-0.652641541,0.000450876,6.15567e-14,0.926799793,0.064463723,0.007195265,0.000211242,0.000228377,0.000365619,0.000735979,2.7534e-09,,636.0973122589761,0.9983367461378392,0.6748618436363636,0.9996809118803593,1.0000000007534615,-7.534000090458903e-10
998.6184072,0.199707749,740.7888232,1418.277689,0.10300588,0.701880343,-10.11607863,-0.652562986,0.000452408,6.16906e-14,0.92677613,0.064469911,0.007208975,0.000211718,0.000228938,0.000366457,0.000737868,2.75436e-09,,634.5188895374922,0.9983279829878715,0.6734443847272727,0.9996787303571678,0.9999999997544217,2.456400638450873e-10
996.6898776,0.199705996,739.2227423,1418.274571,0.103002503,0.701868199,-10.11615428,-0.652484127,0.000453947,6.1826e-14,0.926751953,0.064476545,0.007222737,0.000212196,0.000229505,0.000367297,0.000739764,2.75534e-09,,632.9396947873628,0.998319219837904,0.6720206748181818,0.9996765326223339,0.9999999997554018,2.4466006998125067e-10
994.8384892,0.199704309,737.7201884,1418.271565,0.10299926,0.70185654,-10.11622691,-0.652408439,0.000455424,6.19565e-14,0.926728685,0.064482909,0.007235997,0.000212657,0.000230051,0.000368107,0.000741592,2.75628e-09,,631.4250002110331,0.9983107866182831,0.6706547167272727,0.9996744138311503,1.0000000007563419,-7.56279927571768e-10
992.9871007,0.19970262,736.2184992,1418.268546,0.102996016,0.701844879,-10.11629957,-0.652332765,0.0004569,6.20875e-14,0.92670536,0.064489268,0.007249306,0.000213119,0.000230599,0.00036892,0.000743426,2.75722e-09,,629.9122431639789,0.998302343400773,0.6692895447272728,0.9996722858768643,1.000000000757282,-7.572198423844156e-10
991.1727401,0.199700963,734.7476822,1418.265284,0.102992837,0.701833464,-10.11637079,-0.652258623,0.000458345,6.22163e-14,0.926682446,0.064495496,0.007262396,0.000213574,0.000231137,0.000369719,0.00074523,2.75814e-09,,628.4323426415542,0.9982940601494916,0.6679524383636364,0.9996699866430516,1.0000000007582024,-7.581402172718299e-10
989.3954072,0.199699336,733.3076832,1418.262656,0.102989722,0.701822255,-10.11644056,-0.652186002,0.00045976,6.23429e-14,0.926659943,0.064501591,0.007275264,0.000214021,0.000231668,0.000370506,0.000747005,2.75904e-09,,626.9813187228365,0.9982859268665496,0.6666433483636364,0.9996681342866874,1.0000000007591023,-7.590399420109861e-10
987.6180743,0.199697707,731.8684787,1418.259724,0.102986607,0.701811058,-10.11651035,-0.652113397,0.000461175,6.247e-14,0.926637388,0.064507683,0.007288178,0.00021447,0.0002322,0.000371294,0.000748785,2.75994e-09,,625.533739330051,0.9982777835857184,0.6653349806363636,0.9996660676547012,1.0000000007600025,-7.599398887947473e-10
985.9118347,0.199696141,730.487588,1418.256898,0.102983616,0.701800308,-10.11657736,-0.65204371,0.000462532,6.25924e-14,0.926615684,0.064513526,0.007300617,0.000214902,0.000232712,0.000372055,0.000750501,2.76081e-09,,624.1446446182005,0.9982699552383999,0.6640796254545455,0.9996640757372411,0.9999999997608726,2.391900011389225e-10
984.2055952,0.199694572,729.1074269,1418.254062,0.102980624,0.701789557,-10.11664438,-0.651974036,0.000463889,6.27153e-14,0.92659393,0.064519366,0.007313099,0.000215336,0.000233227,0.000372817,0.000752222,2.76167e-09,,622.7569324914843,0.9982621118942474,0.6628249335454545,0.9996620767712407,0.9999999997617327,2.383300223840479e-10
982.5334804,0.199693033,727.7555759,1418.251021,0.102977691,0.701779029,-10.11671009,-0.651905783,0.000465217,6.28361e-14,0.926572562,0.064525086,0.007325373,0.000215763,0.000233732,0.000373567,0.000753915,2.76252e-09,,621.3988754243217,0.9982544185184344,0.6615959780909091,0.9996599333101664,1.0000000007625829,-7.625200471039761e-10
980.8954904,0.199691523,726.4319912,1418.248529,0.102974818,0.701768698,-10.11677444,-0.651838903,0.000466518,6.29549e-14,0.926551583,0.064530682,0.007337435,0.000216182,0.00023423,0.000374304,0.00075558,2.76336e-09,,620.068187926604,0.9982468701120164,0.6603927192727272,0.999658176813949,0.9999999987634228,1.2366401236363345e-09
979.2575004,0.199690011,725.1090764,1418.245776,0.102971945,0.701758374,-10.11683882,-0.65177205,0.000467819,6.3074e-14,0.926530558,0.064536276,0.007349537,0.000216603,0.000234729,0.000375044,0.00075725,2.76419e-09,,618.7392534950416,0.9982393117077089,0.6591900694545455,0.9996562363508323,0.999999999764253,2.358100381627537e-10
977.68503,0.199688557,723.8397077,1418.243124,0.102969186,0.701748463,-10.11690063,-0.651707883,0.000469066,6.31888e-14,0.926510329,0.064541643,0.007361193,0.000217008,0.000235209,0.000375756,0.000758859,2.76499e-09,,617.4651703516314,0.998232043242191,0.6580360979090909,0.9996543670779717,0.999999999765053,2.3501012247351127e-10
976.1125596,0.199687101,722.5709547,1418.240462,0.102966426,0.701738552,-10.11696246,-0.651643726,0.000470314,6.33039e-14,0.926490056,0.064547006,0.007372885,0.000217415,0.000235692,0.000376471,0.000760473,2.76578e-09,,616.190891886344,0.9982247647787837,0.656882686090909,0.9996524907565708,1.0000000007658434,-7.657801059934854e-10
974.3828422,0.199685498,721.1760369,1418.237524,0.10296339,0.701727648,-10.11703048,-0.651573165,0.000471685,6.3431e-14,0.926467706,0.064552901,0.007385789,0.000217864,0.000236224,0.00037726,0.000762254,2.76666e-09,,614.7915458098021,0.9982167514705133,0.655614579,0.9996504198954604,1.0000000007667234,-7.666598467181984e-10
972.4958777,0.199683745,719.6551561,1418.234305,0.102960078,0.701715752,-10.11710469,-0.651496204,0.00047318,6.35701e-14,0.926443263,0.064559328,0.007399917,0.000218355,0.000236807,0.000378124,0.000764205,2.76762e-09,,613.2658105933315,0.9982079883205457,0.6542319600909091,0.9996481509703705,1.0000000017676836,-1.7676198282856603e-09
970.6089132,0.19968199,718.1351586,1418.231073,0.102956765,0.701703856,-10.11717892,-0.651419258,0.000474674,6.37098e-14,0.926418756,0.064565749,0.007414099,0.000218848,0.000237392,0.000378991,0.000766163,2.76858e-09,,611.742244313412,0.9981992151726888,0.6528501441818182,0.9996458728821784,1.0000000007686438,-7.685800884615901e-10
968.7974273,0.199680302,716.6767909,1418.227957,0.102953584,0.701692434,-10.1172502,-0.651345404,0.000476108,6.38443e-14,0.926395169,0.064571908,0.007427764,0.000219324,0.000237956,0.000379826,0.000768051,2.7695e-09,,610.2806951946959,0.9981907769541234,0.6515243553636364,0.9996436765570527,1.0000000007695637,-7.695000192597945e-10
966.9859415,0.199678612,715.219235,1418.224829,0.102950402,0.701681011,-10.11732149,-0.651271564,0.000477541,6.39794e-14,0.926371523,0.064578062,0.00744148,0.000219801,0.000238522,0.000380665,0.000769945,2.77042e-09,,608.8207860948459,0.9981823287376687,0.6501993045454546,0.9996414717736785,1.000000000770484,-7.704199500579989e-10
965.2106853,0.199676953,713.7916171,1418.221461,0.102947283,0.701669827,-10.11739138,-0.651199228,0.000478944,6.41123e-14,0.926348292,0.064584089,0.00745497,0.000220271,0.000239078,0.000381489,0.000771808,2.77132e-09,,607.3925413550497,0.9981740354884978,0.6489014700909091,0.9996390978253397,0.999999999771384,2.2868007487630848e-10
963.4716588,0.199675324,712.3938876,1418.218724,0.102944228,0.70165885,-10.11745983,-0.651128353,0.000480318,6.4243e-14,0.926325478,0.064589987,0.007468232,0.000220732,0.000239626,0.000382301,0.000773642,2.77221e-09,,605.9922319798006,0.9981658922076666,0.6476308069090909,0.9996371686398874,1.0000000007722742,-7.722098516182996e-10
961.7326324,0.199673694,710.9969035,1418.215685,0.102941172,0.701647882,-10.11752831,-0.651057505,0.000481692,6.43741e-14,0.926302609,0.064595881,0.007481541,0.000221196,0.000240175,0.000383115,0.000775481,2.77309e-09,,604.5949608913838,0.9981577439278908,0.6463608213636364,0.9996350265885209,1.0000000007731544,-7.730900364322224e-10
960.063167,0.199672126,709.6564988,1418.212756,0.102938238,0.701637352,-10.11759406,-0.650989502,0.00048301,6.45004e-14,0.926280602,0.064601534,0.007494362,0.000221642,0.000240705,0.000383899,0.000777253,2.77394e-09,,603.2540255856035,0.998149905582683,0.6451422716363636,0.9996329620710968,0.9999999997740043,2.2606017058279804e-10
958.3937016,0.199670556,708.3167791,1418.209816,0.102935304,0.701626822,-10.11765982,-0.65092151,0.000484327,6.46272e-14,0.926258544,0.064607184,0.007507226,0.00022209,0.000241236,0.000384686,0.000779032,2.77479e-09,,601.9145607583511,0.9981420572395859,0.6439243446363636,0.9996308898002785,1.0000000007748544,-7.747897878829235e-10
956.7576255,0.199669015,707.0045175,1418.206675,0.102932427,0.70161651,-10.11772429,-0.650854907,0.000485617,6.47518e-14,0.926236875,0.064612718,0.007519876,0.000222531,0.000241758,0.000385459,0.00078078,2.77562e-09,,600.6040871375568,0.9981343538658837,0.6427313795454546,0.999628675853802,0.9999999997756848,2.2437995905733032e-10
955.1549387,0.199667503,705.7196728,1418.204081,0.10292961,0.701606391,-10.11778742,-0.65078964,0.000486881,6.48743e-14,0.926215601,0.064618132,0.007532309,0.000222964,0.000242272,0.00038622,0.0007825,2.77644e-09,,599.3197310147925,0.9981267954615761,0.6415633389090909,0.9996268474624747,1.0000000007765049,-7.764400233867264e-10
953.5522519,0.199665989,704.4354571,1418.201228,0.102926791,0.701596281,-10.11785059,-0.6507244,0.000488143,6.49973e-14,0.926194277,0.064623543,0.007544783,0.000223398,0.000242788,0.000386983,0.000784225,2.77725e-09,,598.0368127512397,0.9981192270593794,0.6403958700909091,0.999624836513956,0.999999999777315,2.2275004063487813e-10
952.0136726,0.199664533,703.2032008,1418.198479,0.102924085,0.701586574,-10.11791123,-0.65066178,0.000489355,6.51157e-14,0.926173761,0.064628735,0.007556796,0.000223817,0.000243284,0.000387718,0.000785887,2.77803e-09,,596.8067778346174,0.9981119485959722,0.6392756370909091,0.9996228988702553,1.0000000007780951,-7.780300848025945e-10
950.4750933,0.199663076,701.9715227,1418.19572,0.102921379,0.701576867,-10.11797189,-0.650599169,0.000490566,6.52345e-14,0.926153199,0.064633922,0.007568848,0.000224236,0.000243782,0.000388456,0.000787554,2.77882e-09,,595.5774277422105,0.9981046651336203,0.6381559297272728,0.9996209541780146,0.9999999997788852,2.211800742557557e-10
948.7826561,0.19966147,700.6173437,1418.192674,0.102918401,0.701566188,-10.11803862,-0.650530308,0.000491898,6.53656e-14,0.926130529,0.064639624,0.007582149,0.0002247,0.000244332,0.000389269,0.000789394,2.77968e-09,,594.2266608647734,0.998096636828516,0.6369248579090909,0.9996188071926702,0.9999999997797454,2.203199844785786e-10
946.9363609,0.199659715,699.1408533,1418.189338,0.102915153,0.701554538,-10.11811143,-0.6504552,0.00049335,6.55091e-14,0.926105735,0.064645839,0.007596712,0.000225207,0.000244934,0.000390161,0.000791409,2.78061e-09,,592.7540098888562,0.998087863680659,0.6355825939090909,0.9996164557996599,0.9999999997806754,2.1939006167315256e-10
945.0900657,0.199657958,697.665192,1418.185988,0.102911904,0.701542888,-10.11818425,-0.650380106,0.000494801,6.56532e-14,0.926080875,0.064652048,0.007611331,0.000225717,0.000245539,0.000391055,0.000793432,2.78155e-09,,591.282896086723,0.9980790805349129,0.6342410836363637,0.9996140945386934,0.9999999997816157,2.1844992481589998e-10
943.3176224,0.199656268,696.2493363,1418.182759,0.102908784,0.701531703,-10.11825418,-0.650308028,0.000496194,6.57921e-14,0.926056947,0.064658004,0.007625418,0.000226208,0.000246121,0.000391917,0.000795382,2.78246e-09,,589.8724435917075,0.9980706323184582,0.632953942090909,0.9996118185650634,0.9999999997825257,2.1754009704721966e-10
941.545179,0.199654575,694.8342425,1418.179516,0.102905664,0.701520518,-10.11832411,-0.650235962,0.000497585,6.59315e-14,0.926032957,0.064663955,0.007639556,0.000226701,0.000246706,0.000392783,0.000797339,2.78336e-09,,588.4626712518785,0.9980621691051694,0.6316674931818181,0.999609532723477,0.9999999997834259,2.1664003924115605e-10
939.8081845,0.199652913,693.4481895,1418.176038,0.102902605,0.701509567,-10.11839267,-0.650165359,0.000498949,6.60687e-14,0.926009388,0.064669782,0.007653463,0.000227186,0.000247281,0.000393634,0.000799264,2.78424e-09,,587.0830554704941,0.9980538608591647,0.630407445,0.999607081241196,1.0000000007843062,-7.842400062685329e-10
938.1066389,0.199651282,692.0911298,1418.173188,0.102899609,0.701498816,-10.11845982,-0.65009619,0.000500283,6.62035e-14,0.92598624,0.064675485,0.007667135,0.000227662,0.000247847,0.000394471,0.000801158,2.78511e-09,,585.7318370205514,0.9980457075804443,0.6291737543636363,0.9996050724072394,1.0000000007851761,-7.851099770306291e-10
936.4050932,0.199649649,690.7347701,1418.170037,0.102896613,0.701488077,-10.118527,-0.650027041,0.000501617,6.63388e-14,0.925963035,0.064681183,0.007680855,0.000228141,0.000248414,0.000395311,0.000803058,2.78597e-09,,584.3829482862286,0.9980375443038344,0.6279407000909091,0.9996028514122228,0.9999999997860365,2.140299049102623e-10
934.7716094,0.199648078,689.4333219,1418.167002,0.102893735,0.701477767,-10.11859149,-0.64996067,0.000502898,6.64691e-14,0.925940704,0.064686649,0.007694073,0.000228602,0.000248961,0.00039612,0.000804888,2.7868e-09,,583.0889770542635,0.9980296909617927,0.6267575653636364,0.9996007121802725,0.9999999997868665,2.13200013199355e-10
933.1381256,0.199646506,688.1325165,1418.163954,0.102890858,0.701467456,-10.118656,-0.649894308,0.000504177,6.66e-14,0.925918319,0.06469211,0.007707336,0.000229064,0.00024951,0.000396932,0.000806726,2.78763e-09,,581.7955196388453,0.9980218326208063,0.6255750149999999,0.9995985637852202,0.9999999997876965,2.123701214884477e-10
931.5373115,0.199644962,686.8583504,1418.16071,0.102888037,0.701457361,-10.11871924,-0.649829296,0.00050543,6.67286e-14,0.92589633,0.064697459,0.007720378,0.000229519,0.00025005,0.00039773,0.000808532,2.78845e-09,,580.5296834953252,0.9980141142502701,0.6244166821818181,0.9995962772387798,1.0000000007885168,-7.884499719779114e-10
929.969167,0.199643447,685.6107842,1418.15801,0.102885274,0.701447453,-10.11878118,-0.649765595,0.000506658,6.6855e-14,0.925874738,0.064702692,0.007733196,0.000229967,0.000250581,0.000398515,0.000810309,2.78925e-09,,579.2897911382023,0.9980065408491287,0.6232825310909091,0.9995943741329261,1.0000000007893168,-7.892499986894563e-10
928.4010226,0.199641931,684.3638085,1418.155052,0.10288251,0.701437554,-10.11884313,-0.649701917,0.000507884,6.69819e-14,0.925853096,0.064707922,0.007746057,0.000230415,0.000251113,0.000399303,0.000812091,2.79004e-09,,578.0517388861241,0.9979989624490426,0.6221489168181819,0.9995922891747354,0.9999999997901069,2.099600493465914e-10
926.8956039,0.199640472,683.1672663,1418.152202,0.102879857,0.701428051,-10.11890262,-0.649640794,0.000509061,6.71041e-14,0.925832272,0.064712939,0.007758443,0.000230847,0.000251626,0.000400061,0.000813807,2.79081e-09,,576.8642924145138,0.9979916689888015,0.6210611511818183,0.9995902803407788,0.9999999977908769,2.2091901641374534e-09
925.3901852,0.199639012,681.9712667,1418.149343,0.102877203,0.701418547,-10.11896211,-0.64957968,0.000510238,6.72267e-14,0.925811401,0.064717952,0.007770869,0.000231281,0.000252141,0.000400822,0.00081553,2.79158e-09,,575.676963137762,0.9979843705296157,0.6199738788181818,0.999588265163136,0.9999999987916474,1.2084199196849e-09
923.7342247,0.199637403,680.656293,1418.146185,0.102874284,0.701408093,-10.11902757,-0.649512465,0.000511532,6.7362e-14,0.925788389,0.064723462,0.007784583,0.00023176,0.000252709,0.000401662,0.000817431,2.79242e-09,,574.3725924580475,0.9979763272276774,0.6187784481818182,0.9995860392341414,0.9999999987924874,1.207580035966771e-09
921.9277223,0.199635645,679.222523,1418.142727,0.102871098,0.701396688,-10.11909898,-0.64943915,0.000512942,6.75102e-14,0.92576322,0.064729468,0.007799599,0.000232284,0.000253331,0.000402582,0.000819513,2.79334e-09,,572.9507911136961,0.9979675390829865,0.6174750209090909,0.9995836018489406,0.9999999997934076,2.0665991140589313e-10
920.1212199,0.199633884,677.7895311,1418.139254,0.102867912,0.701385283,-10.11917041,-0.649365848,0.000514352,6.76589e-14,0.925737982,0.064735467,0.007814673,0.00023281,0.000253956,0.000403505,0.000821603,2.79426e-09,,571.5303065136352,0.9979587359414618,0.616172301,0.9995811538909297,0.9999999987943277,1.2057399523257573e-09
918.3869776,0.19963219,676.4145899,1418.135907,0.102864853,0.701374334,-10.11923899,-0.64929549,0.000515705,6.78023e-14,0.925713689,0.064741222,0.007829199,0.000233317,0.000254558,0.000404395,0.000823617,2.79514e-09,,570.1680669444853,0.9979502677292283,0.6149223544545455,0.9995787947445254,0.9999999997952077,2.0486012886067329e-10
916.6527353,0.199630493,675.0403637,1418.132545,0.102861794,0.701363384,-10.11930759,-0.649225142,0.000517057,6.79462e-14,0.925689332,0.064746971,0.007843778,0.000233826,0.000255162,0.000405288,0.00082564,2.79602e-09,,568.8069881878212,0.997941784520161,0.6136730579090909,0.9995764250253105,0.9999999997960879,2.0398005506905292e-10
914.9531778,0.199628828,673.6943153,1418.128952,0.102858795,0.701352665,-10.11937483,-0.649156223,0.000518381,6.80877e-14,0.925665401,0.0647526,0.007858119,0.000234327,0.000255756,0.000406167,0.000827628,2.79689e-09,,567.4749507088954,0.9979334612773225,0.6124493775454545,0.9995738924848172,1.000000000796958,-7.968901094557168e-10
913.2883052,0.199627193,672.3764003,1418.125985,0.102855858,0.701342142,-10.11944069,-0.649088699,0.000519678,6.82269e-14,0.925641896,0.064758108,0.007872217,0.000234819,0.000256341,0.000407031,0.000829585,2.79774e-09,,566.1699760691089,0.9979252880028233,0.611251273,0.9995718011829402,0.9999999997978083,2.0225998653700117e-10
911.6234325,0.199625557,671.059142,1418.12272,0.10285292,0.70133163,-10.11950657,-0.649021196,0.000520974,6.83666e-14,0.925618332,0.064763612,0.007886366,0.000235314,0.000256927,0.000407898,0.000831548,2.79858e-09,,564.867362572623,0.9979171097293795,0.6100537654545454,0.9995694998345656,0.9999999997986484,2.0141999179656978e-10
910.0251548,0.199623982,669.7951906,1418.119573,0.102850099,0.701321538,-10.11956983,-0.648956404,0.000522218,6.85011e-14,0.925595655,0.064768891,0.007899997,0.00023579,0.000257492,0.000408733,0.000833439,2.7994e-09,,563.6178852642565,0.9979092363915593,0.6089047187272727,0.999567281658965,0.9999999997994685,2.006000920928841e-10
908.4268771,0.199622406,668.5318423,1418.116414,0.102847278,0.701311447,-10.11963309,-0.64889162,0.000523461,6.86362e-14,0.925572921,0.064774166,0.007913675,0.000236268,0.00025806,0.000409571,0.000835338,2.80021e-09,,562.3684163067218,0.9979013580547943,0.6077562202727272,0.9995650550251164,1.0000000018002786,-1.800209981084322e-09
906.860565,0.199620859,667.2943466,1418.113061,0.102844513,0.701301569,-10.11969509,-0.64882813,0.000524679,6.8769e-14,0.92555059,0.064779329,0.007927125,0.000236738,0.000258617,0.000410395,0.000837204,2.80101e-09,,561.1465344318754,0.9978936246874243,0.6066312241818183,0.9995626916495878,1.0000000008010788,-8.010099250554958e-10
905.3262183,0.19961934,666.0826637,1418.110251,0.102841803,0.701291869,-10.11975585,-0.648765965,0.000525871,6.88995e-14,0.925528658,0.064784385,0.007940344,0.000237199,0.000259166,0.000411205,0.00083904,2.80179e-09,,559.9490696768023,0.9978860312905041,0.6055296942727273,0.999560711009792,0.9999999998018588,1.9821000396547106e-10
903.7918717,0.19961782,664.8715356,1418.107185,0.102839094,0.70128218,-10.11981661,-0.648703798,0.000527063,6.90305e-14,0.925506676,0.064789435,0.007953608,0.000237663,0.000259716,0.000412018,0.000840881,2.80257e-09,,558.7534799101127,0.9978784328946395,0.6044286687272727,0.9995585499273671,0.9999999998026391,1.9742996126836942e-10
902.318899,0.199616358,663.7093729,1418.104231,0.102836493,0.70127288,-10.11987495,-0.648644125,0.000528207,6.91566e-14,0.925485524,0.064794279,0.007966383,0.000238109,0.000260246,0.000412801,0.000842655,2.80332e-09,,557.6063070559047,0.9978711244375644,0.6033721571818181,0.9995564677885925,0.999999999803389,1.966801166375376e-10
900.8459262,0.199614893,662.5477192,1418.101266,0.102833891,0.701263579,-10.11993329,-0.648584461,0.00052935,6.92832e-14,0.925464323,0.064799119,0.007979199,0.000238557,0.000260778,0.000413587,0.000844434,2.80407e-09,,556.4600153879658,0.9978638009836553,0.6023161083636364,0.9995543778964235,0.9999999998041393,1.9592993893979838e-10
899.2256562,0.19961328,661.2704872,1418.097993,0.102831029,0.701253348,-10.11999748,-0.648518838,0.000530608,6.94229e-14,0.925440946,0.064804438,0.007993344,0.000239052,0.000261365,0.000414454,0.000846399,2.80489e-09,,555.2000589851384,0.9978557376859385,0.6011549883636365,0.9995520709092167,1.0000000008049594,-8.048899324819558e-10
897.4580889,0.199611518,659.8778437,1418.094408,0.102827906,0.701242187,-10.12006752,-0.64844726,0.000531978,6.95758e-14,0.925415376,0.064810236,0.008008831,0.000239593,0.000262008,0.000415403,0.00084855,2.80579e-09,,553.8270600920878,0.9978469295454689,0.5998889488181818,0.9995495440075554,0.9999999998058596,1.9420998143004908e-10
895.6905216,0.199609751,658.4859302,1418.090808,0.102824783,0.701231026,-10.12013756,-0.648375694,0.000533348,6.97294e-14,0.925389735,0.064816027,0.008024379,0.000240137,0.000262653,0.000416356,0.00085071,2.80669e-09,,552.4554974116367,0.9978380964102764,0.5986235729090909,0.9995470065330839,0.9999999998067597,1.9331003464628793e-10
893.993657,0.199608053,657.1503789,1418.087337,0.102821785,0.701220312,-10.12020481,-0.648306999,0.000534663,6.98774e-14,0.925365052,0.064821581,0.008039362,0.000240661,0.000263275,0.000417275,0.000852791,2.80755e-09,,551.1398294390955,0.9978296082022644,0.5974094353636363,0.9995445599847811,0.9999999998076198,1.9245005589141329e-10
892.2967924,0.199606352,655.8154982,1418.083852,0.102818786,0.701209597,-10.12027208,-0.648238315,0.000535977,7.0026e-14,0.925340303,0.06482713,0.0080544,0.000241187,0.0002639,0.000418197,0.000854881,2.80842e-09,,549.824827561012,0.9978211049974185,0.5961959074545454,0.9995421035685219,1.00000000080849,-8.08419997611054e-10
890.6338651,0.199604682,654.5079656,1418.08014,0.102815846,0.701199109,-10.12033801,-0.648171022,0.000537264,7.01721e-14,0.925315985,0.064832563,0.008069193,0.000241704,0.000264514,0.000419104,0.000856935,2.80926e-09,,548.5383926520511,0.9978127567598567,0.5950072414545455,0.9995394871504002,1.0000000008093302,-8.092599923514854e-10
889.0048751,0.199603042,653.2277389,1418.077051,0.102812967,0.701188811,-10.12040259,-0.648105096,0.000538524,7.03158e-14,0.9252921,0.064837878,0.008083736,0.000242213,0.000265118,0.000419996,0.000858957,2.81009e-09,,547.2783555560475,0.9978045584906343,0.5938433989999999,0.9995373098563329,1.0000000008101602,-8.100899950846951e-10
887.3758851,0.199601401,651.9481282,1418.073666,0.102810087,0.701178526,-10.12046719,-0.648039187,0.000539784,7.046e-14,0.925268153,0.064843189,0.008098331,0.000242723,0.000265724,0.000420891,0.000860986,2.81092e-09,,546.0197950234624,0.9977963552224673,0.5926801165454546,0.9995349239254757,0.9999999998109904,1.8908008492246609e-10
885.8120547,0.199599822,650.7202802,1418.070403,0.102807322,0.701168652,-10.12052922,-0.647975922,0.000540993,7.0599e-14,0.925245105,0.064848283,0.008112392,0.000243215,0.000266309,0.000421753,0.00086294,2.81172e-09,,544.8123027988715,0.9977884618888684,0.5915638910909091,0.9995326239868089,0.9999999998117907,1.8827994718861873e-10
884.2482243,0.199598241,649.4929979,1418.067128,0.102804556,0.701158778,-10.12059125,-0.647912666,0.000542201,7.07384e-14,0.925222,0.064853371,0.008126502,0.000243709,0.000266895,0.000422618,0.000864902,2.81251e-09,,543.606181162191,0.9977805585573802,0.5904481799090909,0.9995303155898938,0.9999999998125807,1.8749002350659794e-10
882.7156705,0.199596688,648.2908098,1418.063662,0.102801846,0.701149112,-10.12065205,-0.647850687,0.000543385,7.08756e-14,0.925199301,0.064858354,0.008140377,0.000244194,0.000267471,0.000423469,0.00086683,2.81329e-09,,542.4257168304296,0.9977727951963421,0.5893552816363636,0.9995278725658612,0.9999999988133609,1.1867099525275648e-09
881.2143933,0.199595165,647.1136803,1418.060739,0.10279919,0.701139623,-10.12071162,-0.647789972,0.000544544,7.10103e-14,0.925177009,0.06486323,0.008154015,0.000244672,0.000268038,0.000424306,0.000868727,2.81405e-09,,541.2691325744119,0.9977651818036435,0.5882851639090909,0.9995258122775611,0.999999999814121,1.8595003314914038e-10
879.7131161,0.19959364,645.9370707,1418.05756,0.102796535,0.701130145,-10.12077119,-0.647729268,0.000545702,7.11456e-14,0.925154665,0.064868101,0.008167699,0.00024515,0.000268607,0.000425145,0.00087063,2.81482e-09,,540.1138625571784,0.9977575584130556,0.5872155188181819,0.999523571546632,0.9999999998148912,1.8517998245926037e-10
878.27189,0.199592173,644.8080132,1418.054497,0.102793985,0.701121046,-10.12082839,-0.647671,0.000546814,7.12759e-14,0.925133162,0.064872774,0.008180878,0.000245612,0.000269155,0.000425954,0.000872463,2.81555e-09,,539.0054911892458,0.9977502249612574,0.5861891029090909,0.9995214125787693,1.0000000008156211,-8.155498498751967e-10
876.8306639,0.199590704,643.6794331,1418.051423,0.102791435,0.701111947,-10.12088559,-0.647612738,0.000547925,7.14066e-14,0.925111609,0.064877442,0.0081941,0.000246075,0.000269704,0.000426765,0.000874302,2.81628e-09,,537.8986695370924,0.9977428815115698,0.585163121,0.9995192458575123,0.9999999998163515,1.8371992815957583e-10
875.2453151,0.199589086,642.4385454,1418.04803,0.10278863,0.701101938,-10.12094852,-0.647548658,0.000549147,7.15508e-14,0.925087843,0.064882572,0.008208694,0.000246586,0.000270311,0.00042766,0.000876332,2.81709e-09,,536.6816135067228,0.9977347932191296,0.5840350412727272,0.9995168542878228,1.0000000008171617,-8.170901732995617e-10
873.5158438,0.199587317,641.0855067,1418.044313,0.10278557,0.70109102,-10.12101719,-0.647478762,0.00055048,7.17088e-14,0.925061846,0.064888162,0.008224673,0.000247145,0.000270976,0.00042864,0.000878555,2.81797e-09,,535.3549559975328,0.9977259500860476,0.5828050060909091,0.9995142343454311,0.9999999998180417,1.8203005769379388e-10
871.7863725,0.199585545,639.7331523,1418.04058,0.102782509,0.701080102,-10.12108586,-0.647408875,0.000551811,7.18674e-14,0.925035775,0.064893747,0.008240715,0.000247707,0.000271643,0.000429624,0.000880787,2.81885e-09,,534.0298467434807,0.9977170919561318,0.5815755930000001,0.999511603125375,1.000000000818922,-8.188500988381975e-10
870.12608,0.199583841,638.435535,1418.036981,0.10277957,0.701069621,-10.12115179,-0.647341793,0.000553089,7.20203e-14,0.925010677,0.064899102,0.008256174,0.000248248,0.000272286,0.000430573,0.000882938,2.81969e-09,,532.758645237963,0.9977085737544519,0.5803959409090909,0.9995090663557574,1.000000000819762,-8.196900935786289e-10
868.4657875,0.199582133,637.1385465,1418.033368,0.102776631,0.701059141,-10.12121774,-0.647274719,0.000554367,7.21737e-14,0.92498551,0.064904451,0.008271691,0.000248791,0.000272931,0.000431525,0.000885098,2.82054e-09,,531.4888247800868,0.9977000355569934,0.5792168604545455,0.9995065197181838,0.9999999998206122,1.794600024140891e-10
866.8387009,0.199580457,635.8681077,1418.029531,0.10277375,0.701048882,-10.12128237,-0.647208999,0.000555618,7.23246e-14,0.924960781,0.064909689,0.008286954,0.000249326,0.000273566,0.000432461,0.000887221,2.82136e-09,,530.2459017456265,0.9976916573257637,0.5780619160909091,0.9995038151933096,1.0000000008214325,-8.2136009105227e-10
865.2448201,0.199578812,634.6241786,1418.026316,0.102770928,0.701038809,-10.12134569,-0.647144621,0.000556843,7.2473e-14,0.924936489,0.064914813,0.00830196,0.000249852,0.00027419,0.000433382,0.000889311,2.82217e-09,,529.0286936010353,0.997683434061818,0.5769310714545455,0.9995015490876357,0.9999999998222426,1.7782986194703199e-10
863.6509393,0.199577164,633.3808272,1418.022806,0.102768105,0.701028749,-10.12140902,-0.647080254,0.000558068,7.2622e-14,0.924912134,0.064919932,0.008317021,0.000250379,0.000274817,0.000434307,0.000891407,2.82298e-09,,527.8124747102831,0.9976751958010385,0.575800752,0.999499075050026,0.9999999998230527,1.7701995425056793e-10
862.1208138,0.19957558,632.1877519,1418.019423,0.102765396,0.701019092,-10.12146982,-0.64701847,0.000559243,7.27655e-14,0.924888693,0.064924841,0.008331531,0.000250888,0.000275421,0.000435197,0.000893427,2.82376e-09,,526.6461520579569,0.9976672774727164,0.574716138090909,0.9994966905288769,1.0000000008238326,-8.237597270976948e-10
860.5906882,0.199573992,630.9952069,1418.016027,0.102762686,0.701009435,-10.12153064,-0.646956692,0.000560418,7.29095e-14,0.924865191,0.064929745,0.008346091,0.000251398,0.000276027,0.000436091,0.000895454,2.82454e-09,,525.4807094421584,0.9976593391486157,0.5736320062727273,0.9994942968446254,0.999999999824613,1.754600909009696e-10
859.0911652,0.199572434,629.8270273,1418.012444,0.102760029,0.700999982,-10.12159024,-0.646896159,0.000561568,7.30512e-14,0.924842102,0.064934547,0.008360409,0.0002519,0.000276623,0.000436969,0.000897448,2.8253e-09,,524.3397003730539,0.9976515507928544,0.5725700248181819,0.9994917713526723,1.000000000825373,-8.253000505220598e-10
857.6222446,0.199570905,628.683179,1418.009402,0.102757427,0.700990701,-10.12164863,-0.646836865,0.000562695,7.31904e-14,0.924819426,0.064939245,0.008374483,0.000252393,0.000277209,0.000437833,0.000899408,2.82605e-09,,523.2225648629325,0.9976439074064879,0.5715301627272728,0.999489627186744,0.9999999998261231,1.7395007656517691e-10
856.1533241,0.199569374,627.5398181,1418.006106,0.102754825,0.700981431,-10.12170703,-0.646777579,0.000563821,7.33301e-14,0.924796694,0.064943939,0.008388605,0.000252888,0.000277797,0.0004387,0.000901375,2.82679e-09,,522.1062515802021,0.9976362540222321,0.5704907437272728,0.9994873039878945,1.0000000008268632,-8.267899698211068e-10
854.7431604,0.199567901,626.4426489,1418.00293,0.102752326,0.700972533,-10.1217631,-0.646720669,0.000564902,7.34647e-14,0.924774819,0.064948441,0.008402206,0.000253364,0.000278363,0.000439535,0.000903269,2.82751e-09,,521.0358682555737,0.9976288905767658,0.5694933171818182,0.9994850653715276,0.9999999998275835,1.7249002226549237e-10
853.3329967,0.199566426,625.3459271,1417.999743,0.102749828,0.700963635,-10.12181917,-0.646663767,0.000565983,7.35997e-14,0.924752891,0.064952938,0.008415851,0.000253843,0.000278931,0.000440372,0.00090517,2.82823e-09,,519.966245646342,0.9976215171334104,0.5684962973636364,0.9994828190017663,0.9999999988283036,1.1717700143520915e-09
851.7818166,0.199564801,624.140049,1417.996224,0.102747079,0.700953848,-10.12188086,-0.64660118,0.000567171,7.37487e-14,0.92472871,0.06495788,0.008430913,0.000254371,0.000279559,0.000441297,0.000907268,2.82901e-09,,518.7898580786274,0.9976133938483578,0.5674000445454546,0.9994803386204704,1.0000000008290837,-8.290099717811472e-10
850.0896202,0.199563025,622.8251612,1417.99237,0.10274408,0.700943171,-10.12194816,-0.646532912,0.000568466,7.39119e-14,0.924702258,0.064963265,0.008447405,0.000254949,0.000280246,0.00044231,0.000909566,2.82987e-09,,517.5078885600836,0.9976045157226633,0.566204692,0.9994776221130778,1.000000001829944,-1.8298700332763929e-09
848.3974237,0.199561246,621.5109149,1417.988499,0.10274108,0.700932495,-10.12201548,-0.646464652,0.000569761,7.40758e-14,0.924675729,0.064968644,0.008463961,0.00025553,0.000280935,0.000443326,0.000911873,2.83073e-09,,516.2278331300178,0.9975956226001348,0.5650099226363636,0.9994748936231671,1.000000000830804,-8.307299292908965e-10
846.7729151,0.199559534,620.2498408,1417.984767,0.102738201,0.700922247,-10.12208011,-0.64639913,0.000571004,7.42337e-14,0.924650189,0.064973801,0.008479917,0.000256089,0.0002816,0.000444306,0.000914096,2.83156e-09,,514.999460258451,0.9975870644068978,0.5638634916363636,0.9994722631079649,1.0000000008316343,-8.315599320241063e-10
845.1484066,0.19955782,618.9893561,1417.981021,0.102735321,0.700911999,-10.12214474,-0.646333616,0.000572246,7.43922e-14,0.924624577,0.064978952,0.008495932,0.000256651,0.000282267,0.000445289,0.000916328,2.83238e-09,,513.7725608388854,0.9975784962157714,0.5627175964545454,0.9994696227248067,0.9999999988324544,1.1676200006860427e-09
843.5563881,0.199556137,617.7546526,1417.977053,0.102732498,0.700901968,-10.1222081,-0.646269426,0.000573463,7.45481e-14,0.924599409,0.064983996,0.008511687,0.000257203,0.000282923,0.000446256,0.000918523,2.83319e-09,,512.5715288226301,0.9975700829919292,0.5615951387272727,0.9994668258640559,0.9999999998332646,1.6680989922690515e-10
841.9968599,0.199554484,616.5456928,1417.973708,0.102729733,0.70089212,-10.12227016,-0.64620654,0.000574654,7.47014e-14,0.924574686,0.064988929,0.008527176,0.000257747,0.000283569,0.000447207,0.000920683,2.83398e-09,,511.39498644669743,0.9975618197364264,0.5604960843636363,0.9994644681273593,0.9999999998340549,1.6601986452258188e-10
840.4373316,0.199552829,615.3372743,1417.970068,0.102726968,0.700882284,-10.12233223,-0.646143667,0.000575845,7.48553e-14,0.924549897,0.064993857,0.008542722,0.000258292,0.000284217,0.000448162,0.00092285,2.83477e-09,,510.21980340508065,0.9975535464830342,0.5593975220909091,0.9994619024587272,0.9999999998348449,1.6522994084056108e-10
838.9401845,0.199551238,614.1777005,1417.96656,0.102724313,0.700872842,-10.12239182,-0.646083316,0.000576988,7.50036e-14,0.924526036,0.064998583,0.008557699,0.000258818,0.000284842,0.000449082,0.000924938,2.83553e-09,,509.0922392687004,0.9975455931620996,0.5583433640909091,0.9994594298308256,1.0000000008356051,-8.355300895601658e-10
837.4430374,0.199549643,613.0186235,1417.963038,0.102721657,0.700863401,-10.12245142,-0.646022971,0.00057813,7.51524e-14,0.924502112,0.065003304,0.008572729,0.000259345,0.000285468,0.000450005,0.000927034,2.83629e-09,,507.9661796667257,0.9975376198453864,0.5572896577272727,0.9994569473349677,0.9999999998363651,1.6371004551984925e-10
835.9758332,0.199548078,611.8832099,1417.959332,0.102719055,0.700854159,-10.12250984,-0.645963842,0.000579249,7.52988e-14,0.924478608,0.065007926,0.00858751,0.000259864,0.000286084,0.000450912,0.000929094,2.83704e-09,,506.8639049782653,0.9975297964970126,0.5562574635454546,0.9994543351459699,1.0000000008371153,-8.37039992873656e-10
834.538572,0.199546542,610.7714282,1417.956168,0.102716506,0.700845087,-10.12256707,-0.645905918,0.000580345,7.54426e-14,0.924455522,0.065012447,0.008602038,0.000260373,0.00028669,0.000451805,0.000931121,2.83777e-09,,505.78384559356766,0.9975221181180335,0.5552467529090909,0.9994521049878512,0.9999999988378456,1.1622298679014875e-09
833.1013108,0.199545003,609.660103,1417.952749,0.102713956,0.700836025,-10.1226243,-0.645848004,0.00058144,7.5587e-14,0.924432379,0.065016965,0.008616616,0.000260885,0.000287298,0.0004527,0.000933154,2.83849e-09,,504.70521912749115,0.9975144247422206,0.5542364572727273,0.9994496950919574,0.9999999998385656,1.6151002757425204e-10
831.72154,0.199543524,608.5936592,1417.949456,0.102711508,0.700827326,-10.12267925,-0.645792412,0.000582492,7.5726e-14,0.924410107,0.065021296,0.008630658,0.000261378,0.000287884,0.000453563,0.000935112,2.83919e-09,,503.6702036349183,0.9975070313030865,0.5532669629090909,0.99944737400767,1.0000000008392658,-8.391900507831451e-10
830.3417692,0.199542042,607.5276344,1417.94615,0.10270906,0.700818628,-10.12273421,-0.645736824,0.000583542,7.58655e-14,0.924387781,0.065025624,0.008644745,0.000261872,0.000288471,0.000454428,0.000937077,2.83989e-09,,502.6365494422202,0.9974996228671185,0.5522978494545455,0.9994450437602803,1.0000000008399659,-8.398899353778688e-10
828.8240214,0.199540409,606.3554904,1417.942501,0.102706367,0.700809061,-10.12279466,-0.645675684,0.000584698,7.60195e-14,0.924363158,0.065030378,0.008660294,0.000262418,0.00028912,0.000455383,0.000939246,2.84066e-09,,501.4998658505252,0.9974914595905086,0.551232264,0.9994424717479619,0.9999999998407362,1.5933987462801724e-10
827.1682964,0.199538625,605.0773646,1417.938504,0.102703429,0.700798625,-10.12286062,-0.645608992,0.000585958,7.61882e-14,0.924336222,0.065035559,0.00867732,0.000263016,0.00028983,0.000456429,0.000941621,2.8415e-09,,500.2613041555637,0.9974825414732569,0.5500703314545454,0.9994396544464446,0.9999999998415762,1.584999909098883e-10
825.8437165,0.199537194,604.0552965,1417.935294,0.102701078,0.700790276,-10.12291339,-0.645555644,0.000586965,7.63236e-14,0.924314616,0.065039698,0.00869099,0.000263496,0.0002904,0.000457269,0.000943528,2.84217e-09,,499.2712023898755,0.9974753879834659,0.5491411786363637,0.9994373918650409,0.9999999998422462,1.578300823368295e-10
824.2542205,0.199535475,602.8293217,1417.931427,0.102698257,0.700780259,-10.12297673,-0.645491632,0.000588174,7.64866e-14,0.924288621,0.06504466,0.00870745,0.000264074,0.000291087,0.00045828,0.000945825,2.84298e-09,,498.08374545719914,0.9974667947976162,0.5480266560909092,0.999434666194546,0.9999999998430563,1.5702017464036544e-10
822.6647246,0.199533752,601.6038989,1417.927544,0.102695436,0.700770243,-10.12304007,-0.645427626,0.000589382,7.66503e-14,0.924262552,0.065049616,0.008723973,0.000264654,0.000291777,0.000459295,0.00094813,2.84378e-09,,496.89734087791976,0.9974581816159882,0.5469126353636363,0.9994319292463869,0.9999999998438567,1.5621992588421563e-10
821.1070186,0.199532061,600.4035198,1417.923445,0.10269267,0.700760438,-10.12310216,-0.645364921,0.000590566,7.68113e-14,0.924236932,0.065054468,0.008740226,0.000265225,0.000292455,0.000460293,0.000950398,2.84457e-09,,495.73607291466084,0.9974497284005888,0.5458213816363636,0.9994290400497595,0.9999999998446468,1.5543000220219483e-10
819.5811025,0.199530401,599.2281499,1417.919967,0.102689962,0.700750814,-10.12316296,-0.645303475,0.000591725,7.69696e-14,0.924211765,0.065059212,0.008756207,0.000265786,0.000293122,0.000461276,0.000952629,2.84534e-09,,494.5986423238168,0.9974414301524733,0.5447528635454545,0.9994265885674786,0.999999999845417,1.5465995151231482e-10
818.0551864,0.199528738,598.0532869,1417.916195,0.102687253,0.700741201,-10.12322379,-0.645242047,0.000592883,7.71286e-14,0.924186529,0.065063952,0.008772246,0.00026635,0.000293792,0.000462261,0.000954867,2.84612e-09,,493.4626439339516,0.9974331169075241,0.5436848062727273,0.9994239298581157,0.9999999998461973,1.5387990881521318e-10
816.5903069,0.199527139,596.9258942,1417.912559,0.102684652,0.700731974,-10.12328218,-0.645183082,0.000593995,7.72817e-14,0.924162237,0.065068497,0.008787699,0.000266892,0.000294437,0.000463211,0.000957024,2.84686e-09,,492.372856249641,0.9974251235950322,0.5426599038181819,0.9994213670088996,0.9999999998469371,1.5314016721390544e-10
815.1254274,0.199525537,595.7989668,1417.90891,0.102682051,0.700722747,-10.12334059,-0.645124123,0.000595106,7.74354e-14,0.92413788,0.065073036,0.008803207,0.000267437,0.000295084,0.000464164,0.000959189,2.8476e-09,,491.2841330423671,0.9974171152857065,0.5416354243636364,0.9994187949965812,0.9999999998476775,1.523998705010854e-10
813.6898456,0.199523964,594.6950296,1417.90508,0.102679502,0.700713716,-10.12339782,-0.645066348,0.000596195,7.75865e-14,0.924113948,0.06507748,0.008818458,0.000267973,0.000295721,0.000465101,0.000961317,2.84833e-09,,490.2180680762442,0.9974092519457755,0.5406318450909091,0.999416095405685,1.0000000008484076,-8.483300728556742e-10
812.2835613,0.19952242,593.6140523,1417.90179,0.102677005,0.700704849,-10.1234539,-0.645009756,0.000597261,7.77351e-14,0.924090441,0.065081827,0.008833449,0.0002685,0.000296347,0.000466022,0.000963411,2.84904e-09,,489.17415713703446,0.9974015335752393,0.5396491384545454,0.9994137764359596,0.9999999998491178,1.5095991123814656e-10
810.877277,0.199520874,592.5335028,1417.898248,0.102674508,0.700695994,-10.12350998,-0.644953169,0.000598327,7.78841e-14,0.924066876,0.06508617,0.008848491,0.000269028,0.000296975,0.000466947,0.000965511,2.84975e-09,,488.13123953801505,0.9973938052068138,0.5386668207272727,0.9994112798430214,1.000000000849828,-8.497500481041698e-10
809.5272441,0.199519387,591.4965764,1417.894834,0.10267211,0.700687494,-10.12356382,-0.64489885,0.000599349,7.80277e-14,0.924044195,0.065090333,0.008862979,0.000269538,0.00029758,0.000467837,0.000967534,2.85043e-09,,487.1309676387261,0.9973863717761224,0.5377241603636363,0.9994088734713976,0.999999998850508,1.1495699947516869e-09
808.1772112,0.199517897,590.4600425,1417.891409,0.102669712,0.700678995,-10.12361766,-0.644844535,0.000600372,7.81718e-14,0.924021459,0.065094493,0.008877515,0.000270049,0.000298188,0.00046873,0.000969564,2.85111e-09,,486.13089830346445,0.9973789233485973,0.5367818568181818,0.9994064593463797,1.0000000008511882,-8.511100713093356e-10
806.8541789,0.199516435,589.4446197,1417.887834,0.102667362,0.700670673,-10.12367045,-0.644791325,0.000601373,7.83135e-14,0.923999122,0.065098565,0.008891807,0.000270551,0.000298784,0.000469609,0.000971559,2.85178e-09,,485.15241299107873,0.9973716148915222,0.5358587451818182,0.9994039394932588,0.9999999998518584,1.4821988081337167e-10
805.5581473,0.199515001,588.4502839,1417.884729,0.10266506,0.700662508,-10.12372214,-0.644739177,0.000602354,7.84527e-14,0.923977188,0.065102548,0.008905852,0.000271045,0.000299371,0.000470472,0.000973521,2.85244e-09,,484.1938571828651,0.9973644464048973,0.5349548035454545,0.9994017509215272,0.9999999998525185,1.4755996424753448e-10
804.2621157,0.199513564,587.4563085,1417.881407,0.102662758,0.700654351,-10.12377384,-0.644687046,0.000603335,7.85924e-14,0.923955201,0.065106527,0.008919942,0.00027154,0.00029996,0.000471338,0.000975489,2.85309e-09,,483.2359499503798,0.9973572629214384,0.5340511895454545,0.9993994093964732,0.9999999998531685,1.4691015071122138e-10
802.7068778,0.199511837,586.2640129,1417.877405,0.102659995,0.700644563,-10.12383589,-0.644624495,0.000604511,7.87606e-14,0.923928747,0.065111297,0.008936908,0.000272136,0.000300669,0.000472381,0.000977859,2.85388e-09,,482.08746967157964,0.9973486297440316,0.5329672844545454,0.9993965885706856,0.9999999998539588,1.461198939622932e-10
801.1516399,0.199510106,585.0722344,1417.873386,0.102657232,0.700634777,-10.12389794,-0.644561949,0.000605687,7.89295e-14,0.923902216,0.06511606,0.008953939,0.000272735,0.000301381,0.000473428,0.000980238,2.85466e-09,,480.93990105885547,0.9973399765708463,0.5318838494545454,0.9993937557623799,0.999999999854739,1.4533996228749402e-10
799.6275068,0.199508406,583.9047931,1417.869154,0.102654523,0.700625198,-10.12395877,-0.64450067,0.000606838,7.90956e-14,0.923876142,0.065120722,0.008970693,0.000273324,0.00030208,0.000474457,0.000982578,2.85543e-09,,479.81722585947955,0.9973314783649451,0.5308225391818182,0.9993907728201679,0.999999998855509,1.144569994337985e-09
798.1344784,0.199506738,582.7616561,1417.865543,0.102651871,0.700615795,-10.12401834,-0.644440626,0.000607966,7.92589e-14,0.923850527,0.065125281,0.008987166,0.000273904,0.000302769,0.000475471,0.00098488,2.85619e-09,,478.7168191786635,0.9973231401252725,0.5297833237272727,0.9993882275923021,1.0000000008562695,-8.561902298254154e-10
796.64145,0.199505067,581.618994,1417.861638,0.102649218,0.700606403,-10.12407793,-0.644380596,0.000609094,7.94229e-14,0.92382484,0.065129835,0.0090037,0.000274485,0.00030346,0.000476487,0.00098719,2.85694e-09,,477.6181351836886,0.9973147868887661,0.52874454,0.9993854751373548,0.9999999998570195,1.4305989726182133e-10
795.2081427,0.19950346,580.522484,1417.857875,0.102646671,0.700597389,-10.12413514,-0.644322973,0.000610175,7.95809e-14,0.923800112,0.065134202,0.009019629,0.000275045,0.000304126,0.000477466,0.000989416,2.85766e-09,,476.5640757934958,0.997306753584717,0.5277477127272727,0.9993828227716779,0.9999999988577395,1.1423401113930254e-09
793.7748355,0.19950185,579.4264099,1417.854098,0.102644124,0.700588375,-10.12419235,-0.644265354,0.000611257,7.97394e-14,0.923775318,0.065138562,0.009035615,0.000275608,0.000304795,0.000478449,0.00099165,2.85838e-09,,475.51046471774384,0.9972987052838341,0.5267512817272727,0.999380160538045,0.9999999998584599,1.4161982697658004e-10
792.3701943,0.199500269,578.3526801,1417.850143,0.102641627,0.700579552,-10.12424843,-0.644208899,0.000612317,7.98953e-14,0.923750955,0.065142831,0.009051337,0.000276161,0.000305451,0.000479415,0.000993846,2.85909e-09,,474.48006171258675,0.9972908019523459,0.5257751637272727,0.9993773728403964,0.99999999885917,1.1409099220927033e-09
790.9942194,0.199498717,577.3012667,1417.846729,0.102639182,0.700570891,-10.12430336,-0.644153585,0.000613354,8.00486e-14,0.923727025,0.065147006,0.009066791,0.000276704,0.000306098,0.000480366,0.000996006,2.85979e-09,,473.4698769012022,0.9972830435902524,0.5248193333636364,0.9993749664687728,0.9999999988598701,1.140209926475677e-09
789.6182444,0.199497163,576.2502538,1417.843062,0.102636736,0.700562241,-10.12435829,-0.644098283,0.000614391,8.02025e-14,0.923703033,0.065151176,0.009082298,0.00027725,0.000306747,0.000481319,0.000998174,2.86048e-09,,472.4607519590327,0.9972752752302698,0.523863867090909,0.9993723817690818,0.9999999998605602,1.3951995114780402e-10
788.2973084,0.199495668,575.2416571,1417.839529,0.102634388,0.700553938,-10.12441103,-0.644045196,0.000615387,8.03506e-14,0.923679941,0.065155175,0.009097235,0.000277775,0.000307371,0.000482238,0.001000262,2.86115e-09,,471.49309372077704,0.9972678018080213,0.522946961,0.9993698915198298,0.9999999998612304,1.3884993155244274e-10
786.9763725,0.199494171,574.2334279,1417.835983,0.10263204,0.700545636,-10.12446378,-0.643992113,0.000616382,8.04993e-14,0.923656791,0.065159169,0.009112221,0.000278303,0.000307998,0.000483159,0.001002356,2.86181e-09,,470.5261894236147,0.9972603183878835,0.522030389,0.9993673921074754,0.9999999998618904,1.38190126008908e-10
785.6818552,0.199492701,573.2457198,1417.83229,0.102629738,0.700537509,-10.12451548,-0.6439401,0.000617357,8.06455e-14,0.923634047,0.065163078,0.009126956,0.000278821,0.000308614,0.000484065,0.001004415,2.86246e-09,,469.57941360457386,0.9972529699392513,0.5211324725454545,0.9993647890815801,0.9999999988625407,1.137539951123756e-09
784.4137567,0.199491259,572.2785093,1417.829068,0.102627484,0.700529533,-10.12456612,-0.643889141,0.000618311,8.07891e-14,0.923611712,0.065166902,0.009141436,0.000279331,0.00030922,0.000484956,0.00100644,2.8631e-09,,468.6518842521883,0.9972457614610692,0.5202531902727273,0.9993625180419281,0.9999999998631808,1.3690004685429358e-10
783.1456581,0.199489814,571.3116366,1417.825629,0.10262523,0.700521566,-10.12461676,-0.643838191,0.000619266,8.09333e-14,0.923589322,0.065170722,0.009155963,0.000279842,0.000309828,0.000485849,0.001008471,2.86374e-09,,467.72529435705036,0.9972385379860531,0.5193742150909091,0.9993600940489538,0.9999999998638209,1.3626000328059718e-10
781.6239399,0.199488077,570.1518339,1417.821486,0.102622524,0.700512006,-10.12467754,-0.643777055,0.00062041,8.11069e-14,0.923562382,0.0651753,0.009173456,0.000280458,0.00031056,0.000486925,0.001010917,2.86451e-09,,466.6141652679519,0.9972298548191999,0.518319849,0.9993571738387497,1.000000000864591,-8.645100191273514e-10
780.1022217,0.199486337,568.9925154,1417.817326,0.102619819,0.700502448,-10.12473832,-0.643715923,0.000621555,8.12811e-14,0.923535363,0.065179871,0.009191016,0.000281076,0.000311294,0.000488005,0.001013372,2.86527e-09,,465.5044865924204,0.9972211566555128,0.5172659230909091,0.999354241646027,0.9999999998653514,1.3472989390805878e-10
778.6109378,0.199484628,567.856853,1417.812956,0.102617167,0.700493094,-10.1247979,-0.643656025,0.000622676,8.14525e-14,0.923508808,0.065184345,0.00920829,0.000281684,0.000312017,0.000489067,0.001015787,2.86602e-09,,464.41764708430884,0.9972126134591096,0.5162335027272728,0.9993511614339602,1.0000000008661016,-8.660201444854465e-10
777.1500883,0.199482951,566.7448155,1417.809207,0.102614569,0.70048391,-10.12485626,-0.64359734,0.000623774,8.16211e-14,0.923482717,0.06518872,0.009225275,0.000282282,0.000312728,0.000490112,0.001018163,2.86676e-09,,463.3533654742607,0.9972042302289352,0.5152225595454545,0.9993485189362399,0.9999999998668417,1.3323986358670936e-10
775.6892388,0.19948127,565.6332227,1417.805165,0.102611972,0.700474738,-10.12491462,-0.643538666,0.000624871,8.17903e-14,0.923456553,0.06519309,0.009242323,0.000282882,0.000313442,0.000491161,0.001020547,2.86749e-09,,462.2899767078012,0.9971958270029823,0.5142120206363636,0.9993456699162916,1.0000000008675718,-8.674900797700502e-10
774.2868233,0.199479654,564.5665108,1417.80127,0.102609478,0.700465935,-10.12497065,-0.643482342,0.000625925,8.19533e-14,0.923431366,0.065197278,0.009258748,0.000283461,0.000314129,0.000492171,0.001022844,2.8682e-09,,461.27051797330523,0.9971877487084315,0.5132422825454545,0.9993429245098843,0.9999999998682819,1.31800015346073e-10
772.8844077,0.199478034,563.5002068,1417.79736,0.102606984,0.700457133,-10.12502669,-0.643426022,0.000626977,8.2117e-14,0.923406109,0.065201461,0.009275233,0.000284041,0.000314819,0.000493185,0.001025149,2.8689e-09,,460.2516107607082,0.997179650418102,0.5122729152727272,0.9993401685306667,0.999999999868982,1.311001307513493e-10
771.5100405,0.199476444,562.4556246,1417.793275,0.102604539,0.700448517,-10.12508162,-0.643370842,0.000628009,8.22779e-14,0.92338129,0.065205556,0.009291444,0.000284612,0.000315497,0.000494182,0.001027416,2.86959e-09,,459.25416840236795,0.9971717020961121,0.511323295090909,0.9993372892019956,0.9999999998696723,1.304100161192423e-10
770.1637216,0.199474884,561.4327383,1417.789731,0.102602145,0.700440061,-10.12513541,-0.64331677,0.000629019,8.24361e-14,0.92335691,0.065209559,0.009307381,0.000285173,0.000316165,0.000495162,0.001029646,2.87027e-09,,458.2768797685962,0.9971639037424614,0.5103933984545455,0.9993347911993492,0.9999999988703524,1.1297300872570304e-09
768.8174027,0.19947332,560.4102267,1417.785935,0.10259975,0.700431615,-10.12518921,-0.643262712,0.000630029,8.25948e-14,0.923332467,0.065213558,0.009323372,0.000285737,0.000316835,0.000496146,0.001031883,2.87094e-09,,457.3004973731033,0.9971560853930324,0.5094638424545455,0.9993321155734899,1.0000000008710226,-8.709399867967704e-10
767.5249365,0.199471817,559.4289671,1417.782277,0.102597451,0.700423507,-10.12524087,-0.643210819,0.000630998,8.27478e-14,0.92330894,0.065217392,0.009338775,0.000286279,0.00031748,0.000497094,0.001034038,2.87159e-09,,456.3639655525204,0.9971485719792267,0.5085717882727273,0.9993295372174853,1.0000000008716727,-8.71589911355386e-10
766.2324704,0.19947031,558.4480515,1417.778606,0.102595153,0.700415401,-10.12529253,-0.643158929,0.000631966,8.29012e-14,0.923285352,0.065221221,0.00935423,0.000286824,0.000318127,0.000498044,0.0010362,2.87224e-09,,455.4284665879628,0.9971410385696424,0.5076800468181818,0.9993269496983784,1.0000000008723229,-8.722400579586065e-10
764.9658536,0.199468832,557.4870877,1417.774792,0.102592899,0.700407466,-10.12534316,-0.643108089,0.000632916,8.30521e-14,0.923262178,0.065224969,0.009369425,0.000287359,0.000318763,0.000498979,0.001038325,2.87288e-09,,454.51237562148765,0.997133650129453,0.5068064433636363,0.9993242613851466,1.000000000872963,-8.728799905100004e-10
763.7250861,0.199467381,556.546054,1417.771448,0.102590692,0.700399679,-10.12539275,-0.643058271,0.000633845,8.32004e-14,0.923239418,0.065228635,0.009384358,0.000287885,0.000319389,0.000499898,0.001040415,2.8735e-09,,453.61485861467,0.997126396660769,0.5059509581818182,0.9993219043533043,1.0000000008735832,-8.734999390469511e-10
762.4843186,0.199465927,555.6053363,1417.767887,0.102588485,0.700391901,-10.12544235,-0.643008464,0.000634774,8.33491e-14,0.923216602,0.065232296,0.009399339,0.000288413,0.000320016,0.000500819,0.001042511,2.87412e-09,,452.71874332983714,0.9971191281952511,0.5050957602727273,0.9993193943681395,0.9999999988742034,1.1258799448299328e-09
760.9953975,0.199464179,554.476891,1417.763599,0.102585836,0.700382568,-10.12550187,-0.642948699,0.000635889,8.35283e-14,0.923189149,0.065236683,0.00941738,0.000289049,0.000320772,0.000501929,0.001045035,2.87487e-09,,451.6436928148629,0.9971103900400067,0.504069900909091,0.9993163719541025,0.9999999998749536,1.2512990643642752e-10
759.5064765,0.199462428,553.3488988,1417.759292,0.102583188,0.700373237,-10.1255614,-0.642888937,0.000637003,8.37082e-14,0.923161613,0.065241064,0.00943549,0.000289687,0.00032153,0.000503044,0.00104757,2.87561e-09,,450.56953762300594,0.9971016368879284,0.5030444534545455,0.9993133361478389,1.0000000008756937,-8.756100289275537e-10
758.047334,0.199460709,552.2439057,1417.754778,0.102580591,0.700364105,-10.12561975,-0.642830385,0.000638095,8.38851e-14,0.923134548,0.06524535,0.009453307,0.000290315,0.000322276,0.000504139,0.001050062,2.87634e-09,,449.5183865019582,0.997093043702079,0.5020399142727273,0.9993101544367934,0.9999999998764241,1.2365986012952135e-10
756.6179698,0.199459021,551.1618829,1417.750886,0.102578049,0.70035514,-10.12567689,-0.64277301,0.000639164,8.40591e-14,0.923107956,0.065249542,0.009470825,0.000290932,0.000323011,0.000505218,0.001052515,2.87706e-09,,448.4879221497217,0.9970846054835133,0.5010562571818182,0.9993074111449481,1.000000001877144,-1.8770598408934802e-09
755.1886056,0.199457329,550.080276,1417.746701,0.102575506,0.700346187,-10.12573404,-0.642715648,0.000640232,8.42338e-14,0.923081288,0.065253727,0.009488408,0.000291552,0.000323748,0.0005063,0.001054975,2.87777e-09,,447.4592512658714,0.9970761472691693,0.5000729781818182,0.999304461330875,1.000000000877854,-8.777698567996595e-10
753.816416,0.199455702,549.0423237,1417.742668,0.102573064,0.700337594,-10.12578891,-0.642660583,0.000641258,8.44021e-14,0.923055613,0.065257739,0.00950535,0.000292149,0.000324457,0.000507342,0.001057347,2.87846e-09,,446.47272111506,0.9970680139862274,0.49912938518181815,0.999301618654613,0.9999999998785444,1.2154000028630207e-10
752.4442264,0.199454072,548.0047529,1417.73862,0.102570623,0.700329003,-10.12584378,-0.642605522,0.000642283,8.4571e-14,0.923029866,0.065261745,0.009522353,0.000292748,0.00032517,0.000508388,0.001059726,2.87915e-09,,445.4866379375683,0.9970598657064514,0.498186139,0.9992987654055406,0.9999999988792347,1.1208498573722636e-09
751.0994806,0.199452472,546.9883037,1417.7344,0.10256823,0.700320594,-10.12589757,-0.642551572,0.000643287,8.47371e-14,0.923004566,0.065265665,0.009539075,0.000293338,0.00032587,0.000509417,0.001062066,2.87982e-09,,444.52141502666177,0.997051867395015,0.4972620942727272,0.9992957909215768,0.9999999998799046,1.2018008810343872e-10
749.7821786,0.199450901,545.9929516,1417.730721,0.102565886,0.700312339,-10.12595025,-0.642498709,0.000644271,8.49004e-14,0.922979711,0.065269499,0.009555513,0.000293918,0.00032656,0.000510429,0.001064368,2.88048e-09,,443.57541725319214,0.9970440140529733,0.4963572287272727,0.9992931977636377,1.000000000880565,-8.804799112027695e-10
748.4648766,0.199449327,544.99795,1417.726791,0.102563542,0.700304096,-10.12600293,-0.642445857,0.000645254,8.50643e-14,0.922954791,0.065273327,0.009572008,0.000294499,0.000327251,0.000511444,0.001066677,2.88114e-09,,442.63098645903943,0.9970361457140977,0.49545268181818175,0.9992904276873398,0.999999999881225,1.188600329271594e-10
747.2002667,0.199447813,544.0430773,1417.723004,0.102561292,0.700296183,-10.12605351,-0.642395121,0.000646198,8.52222e-14,0.922930803,0.065276997,0.009587897,0.000295059,0.000327917,0.000512422,0.001068901,2.88177e-09,,441.72483329590636,0.9970285773119009,0.49458461572727275,0.9992877584051666,0.9999999988818553,1.1182299530787532e-09
745.9356567,0.199446297,543.0885262,1417.719203,0.102559041,0.700288272,-10.12610409,-0.642344387,0.000647141,8.53806e-14,0.922906753,0.065280662,0.009603839,0.000295622,0.000328586,0.000513403,0.001071133,2.8824e-09,,440.81897280216697,0.9970209989118147,0.49371684200000004,0.9992850792550372,1.0000000008824854,-8.823999309015562e-10
744.696339,0.199444808,542.1533782,1417.715262,0.102556836,0.700280529,-10.12615367,-0.642294676,0.000648065,8.55364e-14,0.922883123,0.065284249,0.009619514,0.000296174,0.000329242,0.000514367,0.001073327,2.88302e-09,,439.9327991294635,0.9970135554832342,0.49286670745454547,0.9992823014253448,0.9999999988831054,1.1169800639976302e-09
743.4823134,0.199443347,541.2376125,1417.711792,0.102554676,0.700272928,-10.12620223,-0.642245969,0.000648971,8.56895e-14,0.922859915,0.065287757,0.009634919,0.000296718,0.000329889,0.000515316,0.001075485,2.88362e-09,,439.0637586521602,0.9970062520251037,0.4920341931818181,0.999279855581896,1.0000000018837056,-1.8836199267013853e-09
742.2682879,0.199441883,540.3221423,1417.708105,0.102552515,0.700265338,-10.12625079,-0.64219727,0.000649876,8.58431e-14,0.922836649,0.06529126,0.009650373,0.000297263,0.000330537,0.000516267,0.001077649,2.88423e-09,,438.19613917765923,0.9969989335701394,0.49120194754545454,0.9992772567851248,1.0000000008843157,-8.842298004907434e-10
740.8114573,0.199440123,539.223967,1417.703664,0.102549923,0.70025623,-10.12630907,-0.642138833,0.000650961,8.6028e-14,0.922808652,0.065295457,0.009668984,0.000297919,0.000331317,0.000517412,0.001080255,2.88495e-09,,437.1559858111596,0.9969901354275592,0.49020360636363636,0.9992741265284226,0.9999999988850359,1.1150500522916218e-09
739.3546266,0.19943836,538.1262152,1417.699205,0.10254733,0.700247125,-10.12636736,-0.642080399,0.000652046,8.62137e-14,0.92278057,0.065299647,0.009687668,0.000298578,0.000332101,0.000518562,0.001082871,2.88568e-09,,436.1162410916498,0.9969813222881452,0.4892056501818182,0.9992709835843481,0.9999999998857664,1.143198868902573e-10
737.9269326,0.199436628,537.0508293,1417.694542,0.102544789,0.700238215,-10.12642448,-0.642023144,0.000653109,8.63964e-14,0.922752967,0.065303747,0.009706048,0.000299227,0.000332871,0.000519693,0.001085444,2.88639e-09,,435.09879517419904,0.9969726641160153,0.48822802663636367,0.9992676968500536,0.9999999998864763,1.1361012131061443e-10
736.5283752,0.199434928,535.9977819,1417.690501,0.1025423,0.700229467,-10.12648043,-0.641967044,0.00065415,8.65761e-14,0.922725844,0.065307755,0.009724122,0.000299865,0.00033363,0.000520806,0.001087976,2.88709e-09,,434.1016562467169,0.9969641659101139,0.4872707108181818,0.9992648485349593,1.0000000008871766,-8.870899570467827e-10
735.1298178,0.199433224,534.9451234,1417.686168,0.102539811,0.700220731,-10.12653639,-0.641910954,0.000655191,8.67565e-14,0.922698643,0.065311758,0.009742263,0.000300505,0.000334391,0.000521923,0.001090516,2.88778e-09,,433.1059568046148,0.996955647708434,0.4863137485454546,0.9992617944024913,1.0000000018878668,-1.887779932374656e-09
733.7872026,0.199431586,533.9349359,1417.681992,0.102537422,0.700212347,-10.12659011,-0.64185711,0.00065619,8.69302e-14,0.922672454,0.065315593,0.009759742,0.000301121,0.000335124,0.000522999,0.001092964,2.88845e-09,,432.15086004242386,0.996947459437101,0.4853953962727273,0.9992588509321044,0.9999999998885369,1.1154999146611999e-10
732.4445875,0.199429944,532.9251051,1417.6778,0.102535032,0.700203964,-10.12664383,-0.641803267,0.000657189,8.71046e-14,0.92264619,0.065319423,0.009777285,0.00030174,0.00033586,0.000524078,0.001095421,2.88912e-09,,431.19650102810783,0.9969392511699893,0.48447736827272725,0.9992558961840532,0.9999999998892073,1.1087986084845625e-10
731.1288247,0.199428331,531.9358171,1417.673439,0.10253269,0.700195761,-10.12669649,-0.641750509,0.000658167,8.72762e-14,0.92262038,0.06532317,0.009794538,0.000302349,0.000336583,0.00052514,0.001097837,2.88977e-09,,430.26220618218036,0.9969311878722723,0.48357801554545454,0.9992528223156726,0.9999999998898572,1.1023004731214314e-10
729.8399142,0.199426749,530.9670484,1417.669621,0.102530396,0.700187707,-10.12674806,-0.641698817,0.000659125,8.74448e-14,0.922595023,0.065326834,0.009811499,0.000302948,0.000337295,0.000526184,0.001100213,2.89041e-09,,429.3469975668745,0.9969232795418395,0.4826973167272727,0.9992501311830249,0.9999999988904974,1.1095900864788177e-09
728.5510037,0.199425163,529.9986074,1417.665551,0.102528102,0.700179665,-10.12679964,-0.641647133,0.000660083,8.76141e-14,0.922569599,0.065330492,0.009828518,0.000303549,0.00033801,0.000527232,0.001102597,2.89105e-09,,428.4322580928108,0.9969153512156281,0.4818169158181818,0.9992472624271641,0.9999999998911375,1.089500711870528e-10
727.3136496,0.199423638,529.0692113,1417.661629,0.1025259,0.700171946,-10.12684916,-0.641597518,0.000661002,8.77771e-14,0.922545125,0.065333999,0.009844913,0.000304127,0.000338698,0.000528241,0.001104894,2.89167e-09,,427.55501955683343,0.9969077278250402,0.4809720102727273,0.9992444979896982,0.9999999998917579,1.0832990060549719e-10
726.0762955,0.19942211,528.1401157,1417.657693,0.102523698,0.700164229,-10.12689867,-0.641547904,0.000661921,8.79407e-14,0.922520586,0.0653375,0.009861363,0.000304708,0.000339388,0.000529254,0.001107198,2.89228e-09,,426.67853398986193,0.9969000894376185,0.48012737790909094,0.9992417236842761,0.999999999892368,1.0771994407576813e-10
724.8636884,0.19942061,527.2298937,1417.653619,0.102521539,0.700156676,-10.12694721,-0.641499288,0.000662821,8.81016e-14,0.922496475,0.065340926,0.009877538,0.000305279,0.000340066,0.00053025,0.001109463,2.89288e-09,,425.82043364659273,0.9968925910206468,0.4792999033636364,0.9992388521089991,0.9999999998929682,1.0711997955326069e-10
723.6758285,0.199419137,526.3385255,1417.650018,0.102519425,0.700149262,-10.12699474,-0.641451657,0.000663703,8.82597e-14,0.922472793,0.065344277,0.009893434,0.00030584,0.000340734,0.000531229,0.001111691,2.89347e-09,,424.9794237853017,0.9968852275751805,0.4784895686363636,0.9992363139296737,1.0000000008935581,-8.934699646800937e-10
722.4879686,0.199417663,525.4474336,1417.6462,0.102517311,0.700141857,-10.12704229,-0.641404031,0.000664584,8.84183e-14,0.922449051,0.065347622,0.009909382,0.000306403,0.000341403,0.00053221,0.001113925,2.89406e-09,,424.1398454894563,0.9968778591307697,0.4776794850909091,0.9992336227970259,0.9999999988941483,1.10594011726306e-09
721.0625367,0.199415889,524.3784865,1417.641602,0.102514774,0.700132974,-10.12709934,-0.641346882,0.000665642,8.86093e-14,0.92242048,0.06535163,0.009928587,0.000307081,0.000342209,0.000533393,0.001116616,2.89477e-09,,423.13257724262525,0.9968689910029646,0.47670771500000003,0.9992303818782425,0.9999999988948586,1.1052300186165098e-09
719.6371047,0.199414112,523.3099351,1417.636984,0.102512237,0.700124093,-10.12715639,-0.641289734,0.000666699,8.88011e-14,0.922391821,0.06535563,0.009947868,0.000307762,0.000343019,0.00053458,0.001119317,2.89547e-09,,422.12602225936615,0.9968601078783254,0.4757363046363636,0.9992271268623789,0.9999999998955588,1.0453005128141513e-10
718.2401815,0.199412366,522.2631385,1417.632165,0.10250975,0.700115403,-10.12721232,-0.641233743,0.000667735,8.89898e-14,0.922363649,0.065359545,0.009966836,0.000308432,0.000343815,0.000535747,0.001121974,2.89617e-09,,421.14088547776856,0.9968513797209703,0.47478467136363633,0.9992237301708573,1.000000000896259,-8.96170027075982e-10
716.8717668,0.199410653,521.2380711,1417.62797,0.102507315,0.700106871,-10.12726708,-0.641178872,0.000668749,8.91754e-14,0.922335966,0.06536337,0.009985488,0.000309091,0.000344598,0.000536896,0.001124588,2.89684e-09,,420.1760081750132,0.9968428165287886,0.47385279190909085,0.999220773308244,0.9999999998969291,1.0316003606902768e-10
715.5033522,0.199408935,520.2133669,1417.623482,0.102504879,0.700098351,-10.12732185,-0.641124014,0.000669763,8.93617e-14,0.922308201,0.065367189,0.01000421,0.000309752,0.000345384,0.000538049,0.001127211,2.89752e-09,,419.2120776567681,0.9968342283418837,0.47292124263636365,0.9992176099234029,0.9999999988976094,1.1024799961845133e-09
714.1896741,0.199407283,519.2299914,1417.619157,0.102502541,0.700090175,-10.12737444,-0.641071351,0.000670736,8.95412e-14,0.922281469,0.065370849,0.01002225,0.000310389,0.000346142,0.00053916,0.001129739,2.89817e-09,,418.28707088699605,0.9968259700853255,0.4720272649090909,0.9992145614297672,1.0000000008982597,-8.981699828325418e-10
712.8759961,0.199405628,518.2469491,1417.614816,0.102500203,0.700082,-10.12742702,-0.64101869,0.000671709,8.97213e-14,0.922254659,0.065374503,0.010040355,0.000311029,0.000346902,0.000540274,0.001132276,2.89882e-09,,417.36323681867543,0.9968176968319333,0.47113359009090916,0.999211501658467,1.0000000008989098,-8.988201294357623e-10
711.5885916,0.199404003,517.2838909,1417.610309,0.102497911,0.700074001,-10.12747856,-0.640967086,0.000672662,8.98985e-14,0.92222831,0.065378077,0.010058162,0.000311658,0.000347649,0.000541371,0.00113477,2.89945e-09,,416.45869444647326,0.9968095735468807,0.4702580826363636,0.9992083248813993,0.9999999998995398,1.0055012378273886e-10
710.3274606,0.199402407,516.3407946,1417.606345,0.102495667,0.700066147,-10.12752904,-0.640916529,0.000673595,9.00727e-14,0.922202424,0.065381572,0.010075667,0.000312276,0.000348385,0.000542449,0.001137224,2.90008e-09,,415.57234863200165,0.9968015952312228,0.46940072236363634,0.9992055308400647,0.99999999990017,9.992018323856655e-11
709.0663297,0.199400808,515.3980045,1417.60213,0.102493422,0.700058305,-10.12757953,-0.640865977,0.000674528,9.02475e-14,0.922176467,0.065385061,0.010093233,0.000312897,0.000349123,0.000543531,0.001139686,2.9007e-09,,414.6869092237419,0.996793601918731,0.46854364045454544,0.9992025598803711,1.0000000009007903,-9.006999590610576e-10
707.855644,0.19939927,514.4932128,1417.598068,0.102491267,0.700050779,-10.12762799,-0.640817447,0.000675424,9.0416e-14,0.922151479,0.065388404,0.010110155,0.000313495,0.000349834,0.000544573,0.001142058,2.9013e-09,,413.83744698434685,0.9967859135418626,0.46772110254545457,0.9991996967633424,1.0000000009013905,-9.0130014562817e-10
706.6449583,0.199397729,513.5887017,1417.593992,0.102489112,0.700043254,-10.12767646,-0.640768918,0.000676319,9.05849e-14,0.922126424,0.065391742,0.010127134,0.000314095,0.000350547,0.000545618,0.001144437,2.90189e-09,,412.9889726244119,0.9967782101681604,0.4668988197272727,0.9991968237783576,0.9999999999019805,9.81100756192177e-11
705.4584863,0.199396217,512.7025531,1417.58978,0.102487,0.70003589,-10.12772396,-0.640721363,0.000677196,9.07511e-14,0.922101805,0.065395008,0.01014383,0.000314685,0.000351248,0.000546646,0.001146776,2.90248e-09,,412.15801872287784,0.9967706517638528,0.46609323009090914,0.9991938549332259,1.0000000009025707,-9.024798686141366e-10
704.2962281,0.199394732,511.8347484,1417.586043,0.102484932,0.700028661,-10.12777049,-0.640674774,0.000678056,9.09144e-14,0.922077623,0.065398201,0.010160238,0.000315264,0.000351937,0.000547657,0.001149077,2.90305e-09,,411.344054049245,0.9967632283310509,0.46530431672727274,0.9991912208937538,0.999999999903141,9.694989255848441e-11
703.1339698,0.199393244,510.9672017,1417.582088,0.102482863,0.700021442,-10.12781702,-0.640628188,0.000678914,9.10783e-14,0.922053379,0.065401389,0.0101767,0.000315846,0.000352629,0.00054867,0.001151384,2.90362e-09,,410.53084627009713,0.996755789901415,0.4645156379090909,0.9991884331961053,0.9999999999037111,9.637990405764185e-11
701.7392599,0.199391456,509.9264846,1417.577325,0.102480381,0.700012781,-10.12787286,-0.640572286,0.000679945,9.12757e-14,0.922024201,0.065405208,0.010196525,0.000316547,0.000353462,0.000549891,0.001154163,2.90431e-09,,409.5555462987676,0.9967468517883847,0.46356953145454544,0.9991850759764086,0.9999999999044014,9.568990044783732e-11
700.3445499,0.199389663,508.8861369,1417.572542,0.102477899,0.700004124,-10.12792869,-0.640516384,0.000680975,9.14738e-14,0.921994932,0.065409019,0.010216428,0.00031725,0.000354298,0.000551117,0.001156952,2.90499e-09,,408.5812282236015,0.9967378886806312,0.4626237608181818,0.9991817046596317,0.9999999989050815,1.0950099715856254e-09
698.9777342,0.199387902,507.866954,1417.567562,0.102475465,0.699995651,-10.12798343,-0.640461616,0.000681984,9.16688e-14,0.92196616,0.065412748,0.010236008,0.000317942,0.00035512,0.000552322,0.001159696,2.90567e-09,,407.62747440845277,0.9967290855391064,0.4616972309090909,0.9991781944866128,0.9999999989057617,1.0943299599830425e-09
697.6388127,0.199386173,506.8689126,1417.563206,0.102473083,0.699987334,-10.12803702,-0.640407936,0.000682973,9.18605e-14,0.921937886,0.065416391,0.010255263,0.000318623,0.00035593,0.000553509,0.001162396,2.90632e-09,,406.6926905636748,0.9967204423638104,0.46078992054545453,0.9991751241425024,1.0000000009064118,-9.063199080117101e-10
696.2998912,0.199384441,505.87121,1417.558557,0.1024707,0.69997903,-10.12809062,-0.640354271,0.000683961,9.20529e-14,0.921909527,0.065420028,0.01027459,0.000319306,0.000356742,0.000554699,0.001165105,2.90698e-09,,405.75943246626787,0.9967117841916804,0.4598829181818182,0.9991718472761641,0.999999999907072,9.302003611821874e-11
695.0145265,0.199382774,504.9137333,1417.554078,0.102468413,0.69997106,-10.12814209,-0.640302754,0.000684909,9.22384e-14,0.92188222,0.065423512,0.010293214,0.000319965,0.000357525,0.000555846,0.001167715,2.90761e-09,,404.8639717066847,0.9967034509509526,0.4590124848181818,0.9991686902350091,0.9999999999077023,9.238998455174396e-11
693.7291618,0.199381104,503.9565673,1417.54958,0.102466125,0.699963092,-10.12819355,-0.640251236,0.000685857,9.24245e-14,0.921854833,0.06542699,0.010311905,0.000320625,0.000358311,0.000556997,0.001170336,2.90824e-09,,403.9689052819058,0.9966951027133907,0.4581423339090909,0.9991655198016279,0.9999999999083323,9.176004400757165e-11
692.4695045,0.199379464,503.0188464,1417.544921,0.102463884,0.699955296,-10.12824398,-0.640200751,0.000686786,9.26076e-14,0.921827917,0.065430392,0.010330289,0.000321275,0.000359083,0.000558129,0.001172912,2.90886e-09,,403.0930468142791,0.9966869044441683,0.45728986036363634,0.9991622358867494,0.9999999999089526,9.11399844483185e-11
691.2355544,0.199377854,502.1005494,1417.540806,0.102461688,0.69994764,-10.12829338,-0.640151294,0.000687695,9.27876e-14,0.921801471,0.065433717,0.010348362,0.000321915,0.000359843,0.000559243,0.001175446,2.90946e-09,,402.2348626063499,0.9966788561432853,0.4564550449090909,0.9991593354124577,0.9999999999095528,9.054001992581107e-11
690.0016043,0.199376241,501.1825381,1417.53644,0.102459492,0.699939997,-10.12834279,-0.640101838,0.000688605,9.29682e-14,0.921774952,0.065437037,0.010366499,0.000322556,0.000360605,0.00056036,0.001177989,2.91007e-09,,401.3776420529331,0.9966707928455685,0.4556204891818182,0.9991562580198071,1.000000000910163,-9.10070019344289e-10
688.8170122,0.199374689,500.3015148,1417.532232,0.102457384,0.699932662,-10.12839021,-0.64005436,0.000689478,9.31422e-14,0.921749422,0.065440218,0.01038397,0.000323174,0.00036134,0.000561436,0.001180438,2.91065e-09,,400.55508741567445,0.996663034483475,0.4548195589090909,0.9991532919940915,1.0000000009107433,-9.106499998523532e-10
687.6324202,0.199373134,499.4207531,1417.52801,0.102455276,0.699925329,-10.12843764,-0.640006882,0.00069035,9.33169e-14,0.921723821,0.065443392,0.010401501,0.000323794,0.000362077,0.000562516,0.001182896,2.91123e-09,,399.7330769500512,0.9966552611245477,0.4540188664545455,0.9991503161004197,0.9999999999113236,8.876976931304625e-11
686.4715199,0.199371607,498.5578605,1417.523654,0.10245321,0.699918151,-10.12848413,-0.639960364,0.000691205,9.34886e-14,0.921698666,0.065446499,0.010418739,0.000324403,0.000362801,0.000563577,0.001185312,2.9118e-09,,398.9285747702457,0.9966476277360706,0.45323441863636366,0.9991472457563093,0.9999999999118936,8.819989183450616e-11
685.3343115,0.199370108,497.71282,1417.519775,0.102451187,0.699911108,-10.12852965,-0.639914775,0.000692042,9.36574e-14,0.921673956,0.065449535,0.010435681,0.000325003,0.000363514,0.000564621,0.001187688,2.91235e-09,,398.140105162126,0.9966401343180434,0.45246620000000004,0.9991445116275662,1.0000000009124437,-9.123499733476592e-10
684.1971031,0.199368607,496.8680199,1417.515679,0.102449163,0.699904073,-10.12857518,-0.639869196,0.00069288,9.38267e-14,0.921649181,0.065452566,0.010452679,0.000325604,0.000364229,0.000565668,0.001190071,2.91291e-09,,397.35244423566655,0.9966326309021272,0.4516981999090909,0.9991416245455009,1.000000000913004,-9.129101918858851e-10
682.8324531,0.199366801,495.8545759,1417.510744,0.102446735,0.699895635,-10.12862982,-0.639814501,0.000693884,9.40306e-14,0.921619364,0.065456196,0.01047315,0.000326328,0.000365089,0.000566929,0.001192941,2.91357e-09,,396.4082471155456,0.9966236028080933,0.4507768871818182,0.9991381460909129,0.9999999999136641,8.642997428864874e-11
681.604268,0.199365172,494.9427711,1417.506097,0.10244455,0.69988805,-10.128679,-0.639765281,0.000694787,9.42149e-14,0.921592448,0.065459457,0.010491643,0.000326982,0.000365867,0.000568068,0.001195533,2.91417e-09,,395.55887602833684,0.9966154595272619,0.44994797372727274,0.9991348706342826,1.0000000009142642,-9.141698509296248e-10
680.4033759,0.199363577,494.0514969,1417.50191,0.102442413,0.69988062,-10.12872707,-0.639717143,0.000695671,9.43957e-14,0.921566053,0.065462638,0.010509788,0.000327624,0.00036663,0.000569186,0.001198078,2.91476e-09,,394.7287424214924,0.9966074862105486,0.4491377244545455,0.9991319194105015,0.9999999999148544,8.523992622855303e-11
679.0933119,0.199361832,493.0795012,1417.497118,0.102440082,0.699872526,-10.12877952,-0.639664636,0.000696634,9.45937e-14,0.921537175,0.065466101,0.010529656,0.000328327,0.000367466,0.00057041,0.001200863,2.9154e-09,,393.82384079331104,0.9965987630521382,0.448254092,0.9991285417500384,1.0000000009154946,-9.153999780409094e-10
677.7832478,0.199360084,492.1078211,1417.492306,0.102437752,0.699864435,-10.12883197,-0.639612127,0.000697597,9.47924e-14,0.921508206,0.065469557,0.010549599,0.000329033,0.000368304,0.000571638,0.00120366,2.91603e-09,,392.91986480227763,0.9965900248968939,0.4473707464545455,0.999125149992495,0.9999999999161249,8.396994211068431e-11
676.5255863,0.199358402,491.1753045,1417.487669,0.102435514,0.699856669,-10.12888232,-0.639561719,0.000698522,9.49839e-14,0.921480312,0.065472868,0.010568816,0.000329713,0.000369113,0.000572822,0.001206354,2.91665e-09,,392.05227568606443,0.9965816166719963,0.44652300409090906,0.999121881584405,1.000000000916745,-9.166498671220324e-10
675.2679248,0.199356716,490.2430777,1417.483014,0.102433277,0.699848907,-10.12893267,-0.63951131,0.000699446,9.51761e-14,0.921452335,0.065476171,0.010588103,0.000330395,0.000369924,0.00057401,0.001209059,2.91726e-09,,391.18548446788384,0.99657318845132,0.4456755251818182,0.9991186004889424,0.9999999999173552,8.27399260217021e-11
674.0354165,0.19935506,489.3297764,1417.478199,0.102431084,0.69984131,-10.12898202,-0.639461919,0.000700351,9.53652e-14,0.921424836,0.065479403,0.010607074,0.000331066,0.000370721,0.000575178,0.001211718,2.91786e-09,,390.33714713691757,0.9965649101989834,0.4448452512727273,0.9991152066168368,0.9999999989179553,1.0821400442395657e-09
672.8280615,0.199353435,488.4353818,1417.473931,0.102428937,0.699833853,-10.12903035,-0.639413515,0.000701238,9.55511e-14,0.921397818,0.06548256,0.010625724,0.000331726,0.000371506,0.000576328,0.001214334,2.91844e-09,,389.5056668373437,0.9965567869139307,0.44403216527272726,0.9991121982998802,0.9999999989185355,1.0815600637315015e-09
671.6207064,0.199351806,487.5412532,1417.469411,0.102426789,0.699826408,-10.12907868,-0.639365121,0.000702125,9.57376e-14,0.921370723,0.065485712,0.01064444,0.000332389,0.000372294,0.000577481,0.001216958,2.91903e-09,,388.6750467478408,0.9965486436330994,0.4432193210909091,0.9991090123597104,0.9999999999191257,8.097000847584468e-11
670.4616456,0.19935024,486.6831391,1417.465056,0.102424727,0.699819262,-10.12912509,-0.639318662,0.000702976,9.59174e-14,0.921344638,0.065488732,0.010662471,0.000333027,0.000373052,0.000578591,0.001219486,2.91959e-09,,387.8786033382019,0.9965408152857811,0.4424392173636364,0.9991059427204539,0.999999999919686,8.040990095992129e-11
669.3025848,0.19934867,485.8252689,1417.460685,0.102422666,0.699812119,-10.12917149,-0.639272202,0.000703826,9.60977e-14,0.92131848,0.065491745,0.010680562,0.000333667,0.000373813,0.000579706,0.001222023,2.92015e-09,,387.0823121613702,0.996532966942684,0.4416593353636364,0.9991028618035332,0.9999999989202462,1.0798499872066714e-09
668.1667051,0.199347128,484.9847929,1417.456183,0.102420645,0.699805129,-10.12921696,-0.639226676,0.00070466,9.62751e-14,0.921292776,0.065494692,0.010698352,0.000334297,0.000374561,0.000580801,0.001224517,2.9207e-09,,386.30285734669826,0.996525258570037,0.4408952662727273,0.9990996885507358,0.9999999989207964,1.0792998716979696e-09
667.0540067,0.199345615,484.1616946,1417.45216,0.102418666,0.699798267,-10.1292615,-0.639182069,0.000705476,9.64494e-14,0.921267525,0.065497573,0.010715837,0.000334916,0.000375298,0.000581879,0.00122697,2.92124e-09,,385.5387011329566,0.9965176951667849,0.44014699509090904,0.999096852923014,1.0000000009213366,-9.212399731950427e-10
665.9413083,0.199344099,483.3388204,1417.447919,0.102416687,0.699791416,-10.12930604,-0.639137465,0.000706292,9.66243e-14,0.921242207,0.065500449,0.01073338,0.000335537,0.000376036,0.00058296,0.00122943,2.92178e-09,,384.7756991219913,0.9965101167666989,0.4393989276363636,0.9990938636371157,1.0000000019218767,-1.9217800684145914e-09
664.8731178,0.19934264,482.5490713,1417.443834,0.102414788,0.69978484,-10.1293488,-0.639094645,0.000707076,9.67927e-14,0.921217838,0.065503204,0.010750275,0.000336135,0.000376747,0.000584001,0.001231799,2.9223e-09,,384.0436497038875,0.9965028233064577,0.4386809739090909,0.9990909843084447,1.000000001922397,-1.9223000968793258e-09
663.8049274,0.199341179,481.7595274,1417.439735,0.102412888,0.699778266,-10.12939156,-0.639051825,0.000707859,9.69617e-14,0.921193405,0.065505953,0.010767224,0.000336735,0.00037746,0.000585045,0.001234175,2.92281e-09,,383.31223667819546,0.9964955198483273,0.43796320672727274,0.9990880951118173,0.9999999999229069,7.718992112160095e-11
662.6299178,0.199339569,480.891266,1417.435211,0.102410799,0.699771038,-10.1294386,-0.639004722,0.00070872,9.71483e-14,0.921166455,0.065508972,0.01078593,0.000337398,0.000378247,0.000586197,0.001236799,2.92338e-09,,382.50794921607763,0.9964874715474443,0.43717387818181813,0.9990849063522315,1.0000000009234773,-9.233800390973101e-10
661.3480893,0.199337808,479.9443542,1417.430256,0.102408519,0.699763154,-10.1294899,-0.638953335,0.00070966,9.73525e-14,0.921136967,0.065512257,0.010806411,0.000338123,0.000379109,0.000587459,0.001239671,2.924e-09,,381.6311099797784,0.9964786684059196,0.4363130492727273,0.9990814138005633,0.9999999999240975,7.599987306150524e-11
660.0662607,0.199336044,478.9977364,1417.425281,0.10240624,0.699755274,-10.12954121,-0.638901947,0.000710599,9.75575e-14,0.921107386,0.065515535,0.010826971,0.000338851,0.000379974,0.000588726,0.001242554,2.92462e-09,,380.7549640265619,0.9964698502675607,0.4354524876363636,0.9990779071518144,0.9999999999247174,7.538014656915948e-11
658.8357053,0.199334346,478.0892596,1417.420486,0.102404052,0.699747711,-10.12959047,-0.638852613,0.0007115,9.77551e-14,0.921078901,0.065518674,0.010846783,0.000339552,0.000380808,0.000589946,0.001245332,2.92521e-09,,379.91445855133475,0.9964613620595488,0.43462659963636363,0.9990745273767891,0.9999999989253076,1.0747901457719422e-09
657.6051499,0.199332644,477.1810527,1417.415672,0.102401864,0.699740151,-10.12963972,-0.638803279,0.000712401,9.79534e-14,0.921050329,0.065521807,0.010866668,0.000340257,0.000381645,0.000591171,0.001248121,2.92581e-09,,379.07437265216237,0.9964528538557583,0.433800957,0.9990711342095376,1.0000000009259078,-9.258098732090048e-10
656.3992055,0.199330973,476.291272,1417.410702,0.10239972,0.699732754,-10.12968799,-0.638754937,0.000713284,9.81485e-14,0.921022246,0.06552487,0.010886226,0.000340949,0.000382468,0.000592376,0.001250863,2.92639e-09,,378.25188836116826,0.9964445006192518,0.43299206545454544,0.9990676310850589,1.000000000926488,-9.263898537170689e-10
655.2178723,0.199329332,475.4198994,1417.40628,0.10239762,0.699725493,-10.12973527,-0.638707566,0.000714149,9.83403e-14,0.920994652,0.065527862,0.010905454,0.00034163,0.000383278,0.000593561,0.00125356,2.92695e-09,,377.44622496465706,0.9964362973510847,0.43219990854545454,0.9990645142205831,0.9999999999270484,7.30500104850762e-11
654.0365391,0.199327687,474.5487748,1417.401606,0.10239552,0.699718243,-10.12978255,-0.638660201,0.000715014,9.85328e-14,0.920966978,0.065530848,0.010924751,0.000342314,0.00038409,0.00059475,0.001256266,2.92752e-09,,376.6414689574664,0.9964280740871392,0.43140797709090906,0.9990612197328943,0.9999999999276185,7.248013300653611e-11
652.9024592,0.199326106,473.7127275,1417.397103,0.102393504,0.699711285,-10.12982793,-0.638614729,0.000715843,9.87182e-14,0.920940334,0.065533708,0.010943341,0.000342972,0.000384873,0.000595895,0.001258873,2.92807e-09,,375.86922566542603,0.9964201707556509,0.4306479340909091,0.999058045775243,0.9999999989281688,1.0719298781936004e-09
651.7683794,0.19932452,472.8769073,1417.392583,0.102391488,0.69970433,-10.12987332,-0.638569256,0.000716673,9.89043e-14,0.920913615,0.065536562,0.010961994,0.000343633,0.000385658,0.000597045,0.001261489,2.92861e-09,,375.0975074352568,0.9964122424294396,0.4298880975454546,0.9990548598350734,0.9999999989287089,1.0713899767367252e-09
650.6569811,0.199322964,472.0580242,1417.387935,0.102389512,0.699697524,-10.1299178,-0.638524694,0.000717486,9.90873e-14,0.920887359,0.065539354,0.010980337,0.000344283,0.00038643,0.000598175,0.001264061,2.92915e-09,,374.34185165517687,0.9964044640715676,0.4291436583636363,0.9990515836735889,1.000000001929249,-1.929149950896658e-09
649.5682644,0.199321436,471.2560625,1417.383767,0.102387577,0.699690843,-10.12996136,-0.638481035,0.000718282,9.92672e-14,0.920861564,0.065542081,0.010998366,0.000344922,0.000387189,0.000599286,0.00126659,2.92967e-09,,373.6018004061996,0.9963968256841457,0.42841460227272726,0.9990486458420342,1.0000000009297694,-9.296701186656264e-10
648.4795477,0.199319905,470.4543097,1417.379382,0.102385642,0.699684173,-10.13000493,-0.638437377,0.000719078,9.94477e-14,0.9208357,0.065544803,0.011016454,0.000345562,0.000387951,0.0006004,0.001269126,2.93019e-09,,372.8623519257338,0.9963891722998899,0.4276857360909091,0.9990455550571573,0.9999999989302893,1.0698101293726836e-09
647.4343797,0.199318432,469.6848226,1417.375158,0.102383785,0.699677771,-10.13004675,-0.638395464,0.000719842,9.96215e-14,0.920810804,0.065547411,0.011033875,0.00034618,0.000388684,0.000601474,0.00127157,2.93069e-09,,372.152789049661,0.9963818088544237,0.4269862023636364,0.9990425777537774,1.0000000009307894,-9.306899695360471e-10
646.3892117,0.199316956,468.9155267,1417.370919,0.102381927,0.699671371,-10.13008857,-0.63835355,0.000720606,9.97959e-14,0.920785843,0.065550013,0.011051352,0.000346799,0.00038942,0.00060255,0.00127402,2.93119e-09,,371.44390468183434,0.9963744304121236,0.42628684245454546,0.9990395898775872,0.9999999999312896,6.881017977633519e-11
645.2395269,0.19931533,468.0695216,1417.36624,0.102379884,0.699664334,-10.13013458,-0.638307444,0.000721446,9.99884e-14,0.920758309,0.065552868,0.011070641,0.000347482,0.000390233,0.000603739,0.001276725,2.93174e-09,,370.664083584213,0.9963663021281264,0.4255177469090909,0.9990362918656284,0.99999999993184,6.826006426763342e-11
643.9853252,0.199313551,467.14687,1417.361116,0.102377656,0.69965666,-10.13018476,-0.638257143,0.000722362,1.00199e-13,0.92072818,0.065555976,0.011091761,0.000348231,0.000391122,0.00060504,0.001279687,2.93234e-09,,369.81435453641603,0.9963574090055979,0.42467897272727273,0.9990326801936307,0.9999999999324403,6.765998872282353e-11
642.7311236,0.199311769,466.2244923,1417.355972,0.102375427,0.69964899,-10.13023494,-0.638206841,0.000723278,1.00411e-13,0.920697955,0.065559076,0.011112962,0.000348982,0.000392015,0.000606347,0.001282661,2.93294e-09,,368.9648384845034,0.9963485008862355,0.4238404475454546,0.9990290544245526,1.00000000093304,-9.329397254731475e-10
641.5270901,0.199310053,465.3392666,1417.351013,0.102373288,0.699641629,-10.13028311,-0.638158549,0.000724157,1.00615e-13,0.920668848,0.065562044,0.011133392,0.000349706,0.000392875,0.000607606,0.001285526,2.93351e-09,,368.1501816554481,0.9963399226972197,0.4230356969090909,0.999025559053468,0.9999999999336104,6.6490146721776e-11
640.3230565,0.199308334,464.4542923,1417.346035,0.102371149,0.69963427,-10.13033128,-0.638110255,0.000725036,1.00819e-13,0.920639652,0.065565005,0.011153898,0.000350433,0.000393739,0.000608869,0.001288401,2.93409e-09,,367.3360255540147,0.9963313295113703,0.42223117481818184,0.9990220502901572,0.9999999999341908,6.591005519140936e-11
639.1431036,0.199306646,463.5872616,1417.340903,0.102369053,0.699627072,-10.13037848,-0.638062928,0.000725898,1.01021e-13,0.920610954,0.065567899,0.011174068,0.000351148,0.000394588,0.000610111,0.001291229,2.93465e-09,,366.5389300545509,0.9963228912928048,0.42144296509090906,0.9990184329793274,0.9999999999347511,6.534994767548596e-11
637.9872314,0.199304988,462.738157,1417.336322,0.102367,0.699620003,-10.13042472,-0.63801656,0.000726741,1.01219e-13,0.920582754,0.065570727,0.011193898,0.000351851,0.000395423,0.000611334,0.001294011,2.9352e-09,,365.75802082834633,0.9963146030425787,0.4206710518181818,0.9990152040430625,1.0000000009353014,-9.352001395512843e-10
636.8313592,0.199303327,461.8892834,1417.331488,0.102364947,0.699612948,-10.13047096,-0.637970192,0.000727585,1.01417e-13,0.920554471,0.065573547,0.011213799,0.000352556,0.000396262,0.00061256,0.001296802,2.93575e-09,,364.97765669452747,0.9963062997955188,0.4198993485454546,0.9990117967787304,0.9999999999358512,6.425016074729228e-11
635.7217219,0.199301728,461.0745809,1417.32683,0.102362976,0.699606177,-10.13051534,-0.637925677,0.000728394,1.01609e-13,0.920527241,0.065576249,0.011232971,0.000353236,0.000397069,0.000613741,0.00129949,2.93628e-09,,364.2294393325328,0.996298306483027,0.41915870990909093,0.999008513568706,0.9999999999363817,6.371991823073131e-11
634.6120846,0.199300126,460.2600898,1417.322155,0.102361005,0.699599408,-10.13055973,-0.63788116,0.000729203,1.01801e-13,0.920499932,0.065578944,0.011252209,0.000353918,0.00039788,0.000614927,0.001302188,2.9368e-09,,363.4811330919412,0.9962902981737011,0.41841826345454547,0.9990052183761632,1.0000000009369017,-9.367999709297692e-10
633.52464,0.199298553,459.4620937,1417.317356,0.102359074,0.699592786,-10.13060322,-0.637837536,0.000729996,1.0199e-13,0.920473095,0.065581579,0.011271127,0.000354588,0.000398676,0.000616092,0.00130484,2.93732e-09,,362.7489537286465,0.9962824348337701,0.4176928124545455,0.999001835781722,0.999999999937422,6.267997232356493e-11
632.4593881,0.199297009,458.6805782,1417.313038,0.102357182,0.699586284,-10.13064582,-0.637794792,0.000730773,1.02175e-13,0.920446729,0.065584153,0.011289721,0.000355247,0.00039946,0.000617238,0.001307449,2.93783e-09,,362.0312640325238,0.9962747164632338,0.41698234381818183,0.9989987922220642,0.9999999999379322,6.216993586605213e-11
631.3941363,0.199295462,457.899257,1417.308503,0.10235529,0.699579794,-10.13068843,-0.63775205,0.000731549,1.02362e-13,0.920420291,0.065586721,0.011308377,0.000355909,0.000400246,0.000618388,0.001310065,2.93833e-09,,361.31435955591996,0.9962669830958638,0.4162720518181818,0.9989955957090841,0.9999999999384324,6.167000243806342e-11
630.3714946,0.199293973,457.1493705,1417.304133,0.102353475,0.699573565,-10.13072932,-0.637711016,0.000732295,1.02541e-13,0.920394842,0.065589181,0.011326345,0.000356546,0.000401003,0.000619495,0.001312585,2.93882e-09,,360.62655890810305,0.9962595396672832,0.4155903368181818,0.9989925154970175,0.9999999999389225,6.118006101729634e-11
629.3488528,0.199292481,456.3996619,1417.29975,0.102351659,0.699567339,-10.13077022,-0.637669981,0.00073304,1.02721e-13,0.920369325,0.065591636,0.011344371,0.000357185,0.000401762,0.000620606,0.001315113,2.9393e-09,,359.93921092042586,0.9962520812418686,0.4149087835454546,0.9989894261218484,1.0000000009394026,-9.392999711366201e-10
628.2239469,0.199290837,455.5751875,1417.29491,0.102349662,0.699560492,-10.1308152,-0.63762484,0.000733859,1.0292e-13,0.920341176,0.065594329,0.011364266,0.000357891,0.0004026,0.000621832,0.001317903,2.93983e-09,,359.18355368700173,0.9962438629768676,0.4141592613636364,0.9989860146283924,0.9999999999399329,6.016986908718991e-11
626.9967767,0.19928904,454.6760053,1417.28961,0.102347483,0.699553026,-10.13086427,-0.637575593,0.000734753,1.03137e-13,0.920310374,0.065597259,0.011386051,0.000358663,0.000403518,0.000623174,0.001320958,2.94041e-09,,358.35966249258865,0.9962348798733356,0.413341823,0.9989822789020871,0.9999999999405133,5.958988857912573e-11
625.7696066,0.199287238,453.7770778,1417.284289,0.102345305,0.699545564,-10.13091334,-0.637526343,0.000735647,1.03356e-13,0.920279473,0.06560018,0.01140792,0.000359439,0.00040444,0.000624522,0.001324024,2.94099e-09,,357.5362152750391,0.9962258717750803,0.4125246161818182,0.9989785283738475,1.0000000009410932,-9.409899526247045e-10
624.5915233,0.199285504,452.9143463,1417.27916,0.102343214,0.699538403,-10.13096044,-0.63747906,0.000736505,1.03566e-13,0.920249713,0.065602977,0.011428994,0.000360186,0.000405327,0.00062582,0.00132698,2.94155e-09,,356.7465544718856,0.9962172036050609,0.4117403148181818,0.9989749131775797,0.9999999999416536,5.845013362204554e-11
623.41344,0.199283765,452.0518485,1417.274011,0.102341123,0.699531245,-10.13100754,-0.637431775,0.000737362,1.03777e-13,0.92021986,0.065605766,0.011450146,0.000360936,0.000406219,0.000627124,0.001329946,2.9421e-09,,355.9569529830208,0.9962085104403184,0.4109562259090909,0.9989712838842314,0.9999999999422039,5.7899907091041314e-11
622.2589184,0.199282058,451.2068274,1417.268711,0.102339074,0.699524242,-10.1310537,-0.637385443,0.000738203,1.03985e-13,0.920190515,0.065608493,0.011470952,0.000361674,0.000407095,0.000628406,0.001332862,2.94265e-09,,355.1842654230942,0.9961999772418046,0.4101880249090909,0.9989675481579262,0.9999999999427542,5.734979158233955e-11
621.1279584,0.199280382,450.3792672,1417.263964,0.102337067,0.699517368,-10.1310989,-0.637340033,0.000739026,1.0419e-13,0.920161679,0.065611155,0.011491408,0.0003624,0.000407958,0.000629667,0.001335732,2.94318e-09,,354.4268940926073,0.996191599010575,0.40943569745454544,0.998964202215894,1.0000000019432842,-1.943180061303451e-09
619.9969984,0.199278702,449.5519215,1417.258964,0.102335061,0.699510505,-10.13114411,-0.637294632,0.000739849,1.04395e-13,0.920132757,0.065613811,0.011511937,0.000363128,0.000408823,0.000630932,0.00133861,2.94371e-09,,353.67064257728936,0.9961832007835666,0.40868356499999997,0.9989606779457948,1.0000000009438144,-9.437099990350362e-10
618.9112769,0.199277085,448.7578705,1417.254146,0.102333134,0.699503919,-10.1311875,-0.637251044,0.000740638,1.04592e-13,0.920104909,0.065616353,0.011531715,0.000363829,0.000409656,0.00063215,0.001341384,2.94422e-09,,352.94508359724097,0.996175117490071,0.4079617004545455,0.9989572819591271,0.9999999989443246,1.0557800189658906e-09
617.8255553,0.199275465,447.9640159,1417.249311,0.102331208,0.699497337,-10.1312309,-0.637207453,0.000741428,1.04791e-13,0.920076981,0.065618889,0.011551561,0.000364533,0.000410493,0.000633373,0.001344167,2.94473e-09,,352.2196588292301,0.9961670191997417,0.40724001445454544,0.9989538739899412,0.9999999999448347,5.5270121812611706e-11
616.7615481,0.199273874,447.1862292,1417.244354,0.102329321,0.699490897,-10.13127342,-0.637164735,0.000742202,1.04986e-13,0.920049534,0.065621367,0.011571078,0.000365226,0.000411315,0.000634576,0.001346902,2.94523e-09,,351.5096080269483,0.996159065878807,0.40653293563636367,0.9989503800285646,1.0000000009453351,-9.45230116400353e-10
615.7192554,0.199272312,446.4244965,1417.23988,0.102327472,0.699484574,-10.13131507,-0.637122881,0.00074296,1.05177e-13,0.920022567,0.065623788,0.011590261,0.000365906,0.000412124,0.000635758,0.001349593,2.94572e-09,,350.813891215693,0.9961512575272672,0.40584045136363633,0.99894722651168,0.9999999999458252,5.427991389694853e-11
614.6769627,0.199270747,445.6629445,1417.235188,0.102325623,0.699478262,-10.13135673,-0.637081027,0.000743717,1.0537e-13,0.919995526,0.065626203,0.011609508,0.000366589,0.000412935,0.000636944,0.001352292,2.94621e-09,,350.11887010514346,0.9961434341788934,0.40514813136363637,0.9989439193366189,0.9999999999463154,5.378997247618145e-11
613.6763617,0.199269241,444.9320235,1417.230669,0.102323848,0.699472205,-10.13139671,-0.637040845,0.000744444,1.05555e-13,0.919969495,0.065628516,0.011628045,0.000367247,0.000413716,0.000638087,0.001354891,2.94667e-09,,349.45203496891236,0.9961359057682538,0.40448365772727274,0.9989407341013031,0.9999999999467756,5.3330007077079244e-11
612.6757607,0.199267733,444.2012677,1417.226134,0.102322074,0.699466151,-10.13143669,-0.63700066,0.000745172,1.05741e-13,0.919943394,0.065630822,0.011646643,0.000367907,0.0004145,0.000639233,0.001357499,2.94714e-09,,348.7854541574148,0.9961283673597249,0.4038193342727273,0.998937537588323,1.0000000009472458,-9.47140144091918e-10
611.5750996,0.199266069,443.3976267,1417.221128,0.102320122,0.699459494,-10.13148066,-0.636956454,0.000745971,1.05946e-13,0.9199146,0.065633352,0.01166717,0.000368635,0.000415365,0.000640498,0.001360377,2.94766e-09,,348.0527668752033,0.9961200491158309,0.40308875154545454,0.9989340090890996,0.9999999999477658,5.2340132228323455e-11
610.3743784,0.199264251,442.5211545,1417.215645,0.102317993,0.699452235,-10.13152863,-0.636908227,0.000746844,1.0617e-13,0.91988309,0.065636104,0.011689646,0.000369433,0.000416313,0.000641883,0.001363528,2.94822e-09,,347.2538226063367,0.9961109610344613,0.40229195863636363,0.9989301443745088,0.9999999999483261,5.1780024712400063e-11
609.1736572,0.199262427,441.6449186,1417.21014,0.102315864,0.699444979,-10.1315766,-0.636859996,0.000747716,1.06396e-13,0.919851477,0.065638848,0.01171221,0.000370233,0.000417264,0.000643273,0.001366692,2.94878e-09,,346.4555293153402,0.9961018429594236,0.4014953805454545,0.9989262641531295,0.9999999999488863,5.1220028218779134e-11
608.0209649,0.199260673,440.8039541,1417.204834,0.102313821,0.699438018,-10.13162265,-0.636813691,0.000748553,1.06613e-13,0.919821031,0.065641473,0.011733954,0.000371005,0.00041818,0.000644613,0.001369741,2.94931e-09,,345.68971385740906,0.9960930748105115,0.4007308673636364,0.9989225241977001,0.9999999999494166,5.0690007746823085e-11
606.8682725,0.199258914,439.9632065,1417.199507,0.102311778,0.699431059,-10.13166869,-0.636767383,0.00074939,1.06831e-13,0.919790488,0.065644091,0.011755779,0.00037178,0.0004191,0.000645958,0.001372801,2.94985e-09,,344.92429956112426,0.996084281666876,0.3999665513636364,0.9989187694403365,0.9999999999499569,5.0149884245342946e-11
605.738634,0.199257186,439.1394844,1417.194033,0.102309775,0.699424252,-10.13171381,-0.636722007,0.00075021,1.07046e-13,0.919760464,0.065646649,0.011777248,0.000372542,0.000420005,0.00064728,0.001375809,2.95037e-09,,344.17500615604627,0.9960756434905246,0.3992177130909091,0.9989149110694318,0.999999999950477,4.963007782521345e-11
604.6320493,0.19925549,438.3327728,1417.189114,0.102307814,0.699417569,-10.131758,-0.636677535,0.000751013,1.07257e-13,0.919730959,0.065649146,0.011798355,0.000373291,0.000420895,0.000648582,0.00137877,2.95089e-09,,343.44068991736555,0.996067165280402,0.3984843389090909,0.9989114438925082,1.0000000009509973,-9.50890033379892e-10
603.5254647,0.19925379,437.5262604,1417.183941,0.102305853,0.699410898,-10.13180219,-0.63663307,0.000751816,1.07469e-13,0.919701365,0.065651636,0.011819539,0.000374043,0.000421788,0.000649887,0.00138174,2.9514e-09,,342.7072815211308,0.9960586670745005,0.39775114581818183,0.9989077976826635,1.0000000009515075,-9.514000698374048e-10
602.4631434,0.199252154,436.7521949,1417.178956,0.102303971,0.699404497,-10.13184461,-0.63659038,0.000752587,1.07673e-13,0.91967287,0.065654019,0.011839947,0.000374767,0.000422649,0.000651145,0.001384601,2.95189e-09,,342.00341680026054,0.9960504888010567,0.3970474499090909,0.9989042839853745,1.0000000009519978,-9.518901222804743e-10
601.4008221,0.199250514,435.9783115,1417.173954,0.102302089,0.699398099,-10.13188702,-0.636547686,0.000753358,1.07878e-13,0.91964429,0.065656395,0.011860427,0.000375494,0.000423512,0.000652407,0.001387472,2.95239e-09,,341.30024041417045,0.9960422905318344,0.39634391954545456,0.9989007583055672,0.999999999952498,4.760991600960551e-11
600.3597473,0.199248903,435.2200828,1417.168832,0.102300244,0.699391839,-10.1319286,-0.636505852,0.000754113,1.08079e-13,0.919616201,0.065658717,0.011880567,0.000376209,0.000424361,0.000653647,0.001390294,2.95287e-09,,340.6117203949682,0.9960342372320068,0.39565462072727275,0.9988971480432776,0.999999998952978,1.047130049336431e-09
599.3399188,0.199247322,434.4774961,1417.164196,0.102298438,0.699385695,-10.1319693,-0.636464853,0.000754852,1.08277e-13,0.919588604,0.065660985,0.011900363,0.000376912,0.000425196,0.000654868,0.00139307,2.95334e-09,,339.936995426104,0.9960263339005186,0.3949795419090909,0.9988938803400415,1.0000000009534482,-9.533398515060298e-10
598.3200904,0.199245738,433.7350768,1417.159342,0.102296632,0.699379561,-10.13201001,-0.636423859,0.000755592,1.08476e-13,0.919560929,0.065663246,0.011920225,0.000377617,0.000426033,0.000656092,0.001395855,2.95381e-09,,339.2630053494285,0.9960184155721965,0.39430461527272725,0.998890458978629,0.9999999999539184,4.61900517834124e-11
596.8515375,0.19924345,432.6662855,1417.152322,0.102294031,0.699370733,-10.13206863,-0.636364822,0.000756657,1.08763e-13,0.919520939,0.06566649,0.011948944,0.000378637,0.000427244,0.000657862,0.001399881,2.95449e-09,,338.29302412977887,0.9960069779868423,0.39333298681818185,0.9988855109034097,0.9999999999545988,4.551004018082949e-11
595.285081,0.199241002,431.526621,1417.144794,0.102291257,0.699361323,-10.13213115,-0.636301842,0.000757792,1.09071e-13,0.9194781,0.065669936,0.011979733,0.00037973,0.000428543,0.000659759,0.001404197,2.95521e-09,,337.25911471153444,0.9959947405703445,0.39229692818181816,0.9988802047623484,1.0000000009553192,-9.552101332133134e-10
594.1102387,0.19923916,430.6721289,1417.139122,0.102289177,0.69935427,-10.13217804,-0.636254603,0.000758643,1.09303e-13,0.919445847,0.06567251,0.012002929,0.000380553,0.000429521,0.000661188,0.001407448,2.95575e-09,,336.48453141218056,0.9959855325143033,0.3915201171818182,0.9988762068303477,0.9999999989558593,1.044250019788251e-09
592.9353963,0.199237314,429.817856,1417.133426,0.102287097,0.69934722,-10.13222492,-0.636207359,0.000759495,1.09536e-13,0.919413487,0.065675075,0.012026217,0.00038138,0.000430503,0.000662623,0.001410712,2.95629e-09,,335.71032301845287,0.9959763044624834,0.39074350545454545,0.9988721919818507,0.9999999999563995,4.3710035591004726e-11
591.8075477,0.199235537,428.9979597,1417.127936,0.1022851,0.699340456,-10.13226992,-0.636162001,0.000760312,1.0976e-13,0.919382319,0.065677529,0.012048658,0.000382177,0.000431449,0.000664006,0.001413858,2.95681e-09,,334.96755295287755,0.9959674213378442,0.3899981451818182,0.9988683223332817,0.9999999989569199,1.0431898678220364e-09
590.679699,0.199233756,428.1782644,1417.122424,0.102283104,0.699333696,-10.13231491,-0.636116639,0.000761129,1.09985e-13,0.919351052,0.065679974,0.012071185,0.000382977,0.000432399,0.000665394,0.001417016,2.95732e-09,,334.2251476506986,0.9959585182174266,0.38925296763636363,0.9988644371779242,0.9999999999574302,4.267985964645504e-11
589.5744074,0.199232006,427.3751582,1417.116768,0.102281147,0.699327084,-10.13235902,-0.636072187,0.000761929,1.10207e-13,0.919320314,0.065682363,0.012093343,0.000383764,0.000433333,0.000666759,0.00142012,2.95783e-09,,333.49845015323285,0.9959497700642929,0.3885228710909091,0.9988604505235881,0.9999999989579402,1.0421700169516157e-09
588.4916727,0.199230288,426.5886269,1417.111669,0.102279232,0.699320591,-10.1324022,-0.636028625,0.000762713,1.10425e-13,0.919290106,0.065684694,0.012115129,0.000384538,0.000434252,0.000668102,0.001423175,2.95833e-09,,332.7863794511588,0.995941181877388,0.38780784263636364,0.9988568564729406,0.9999999989584406,1.041669861479022e-09
587.4089379,0.199228566,425.8022803,1417.106317,0.102277316,0.699314111,-10.13244538,-0.635985065,0.000763497,1.10644e-13,0.919259806,0.065687018,0.012136995,0.000385315,0.000435175,0.00066945,0.001426239,2.95882e-09,,332.07480648731183,0.9959325736947044,0.3870929820909091,0.9988530840942265,1.0000000009589307,-9.588201344001845e-10
586.3695126,0.199226909,425.0475602,1417.101159,0.102275477,0.699307894,-10.13248684,-0.635943245,0.00076425,1.10855e-13,0.919230629,0.065689242,0.01215806,0.000386063,0.000436063,0.000670748,0.001429192,2.9593e-09,,331.39232909339836,0.9959242904434231,0.3864068729090909,0.9988494484571921,0.9999999999594108,4.0699998926641e-11
585.3300873,0.199225248,424.2930089,1417.095982,0.102273638,0.699301679,-10.13252829,-0.635901421,0.000765002,1.11066e-13,0.919201365,0.065691458,0.0121792,0.000386814,0.000436955,0.000672051,0.001432155,2.95977e-09,,330.71002807136125,0.9959159871963631,0.3857209171818182,0.9988457994279314,1.000000000959881,-9.597700412200538e-10
584.3114505,0.199223616,423.5537126,1417.090689,0.102271836,0.6992956,-10.13256891,-0.635860436,0.000765739,1.11274e-13,0.919172603,0.065693624,0.012199989,0.000387552,0.000437831,0.000673331,0.001435067,2.96023e-09,,330.042368437709,0.9959078289186978,0.3850488296363636,0.9988420686356043,0.9999999999603412,3.977007612121497e-11
582.8146781,0.199221212,422.4676909,1417.083376,0.102269189,0.699286653,-10.13262859,-0.635800191,0.000766822,1.11581e-13,0.919130183,0.065696791,0.012230666,0.000388642,0.000439125,0.000675222,0.001439367,2.96092e-09,,329.06112789926885,0.9958958114557646,0.3840615371818182,0.9988369140381571,0.9999999989610316,1.0390799332071765e-09
581.3578195,0.199218864,421.4109639,1417.076023,0.102266613,0.699277959,-10.13268666,-0.635741551,0.000767876,1.11882e-13,0.919088718,0.06569986,0.012260675,0.000389708,0.000440391,0.000677071,0.001443573,2.96158e-09,,328.1069001739773,0.9958840739337315,0.38310087627272726,0.9988317312465492,0.9999999989616921,1.0384197945967344e-09
579.920918,0.199216541,420.369034,1417.068734,0.102264073,0.699269391,-10.13274394,-0.635683708,0.000768916,1.12179e-13,0.91904765,0.065702873,0.012290419,0.000390765,0.000441646,0.000678904,0.001447741,2.96223e-09,,327.16649084755926,0.9958724613853147,0.38215366727272726,0.9988265935655984,1.0000000009623422,-9.622300733980182e-10
578.7713967,0.199214678,419.5357191,1417.062875,0.102262041,0.69926254,-10.13278976,-0.635637427,0.000769747,1.12418e-13,0.919014671,0.065705273,0.012314319,0.000391614,0.000442654,0.000680377,0.00145109,2.96275e-09,,326.4147796778845,0.9958631483514359,0.38139610827272724,0.9988224638258961,1.0000000009628625,-9.627498798181477e-10
577.6218755,0.199212809,418.7026072,1417.056993,0.102260009,0.699255693,-10.13283557,-0.635591142,0.000770578,1.12659e-13,0.918981581,0.065707663,0.012338314,0.000392466,0.000443666,0.000681856,0.001454452,2.96327e-09,,325.66352044663716,0.995853805323889,0.3806387338181818,0.9988183178745513,1.0000000009633827,-9.63270130327487e-10
576.4953447,0.199210973,417.8863548,1417.050952,0.102258018,0.699248998,-10.13288046,-0.635545784,0.000771393,1.12895e-13,0.918949046,0.065709997,0.01236192,0.000393305,0.000444661,0.00068331,0.001457758,2.96378e-09,,324.9281597298632,0.9958446272615158,0.37989668618181816,0.9988140598514175,0.999999999963893,3.621991595537111e-11
575.3918043,0.19920917,417.0869474,1417.045512,0.102256068,0.699242423,-10.13292442,-0.635501333,0.00077219,1.13127e-13,0.918917068,0.065712274,0.012385132,0.00039413,0.000445641,0.000684741,0.001461012,2.96428e-09,,324.2074407981073,0.9958356141643157,0.37916995218181815,0.9988102254455494,1.0000000009643932,-9.642799891906861e-10
574.2882639,0.199207362,416.2877264,1417.039796,0.102254118,0.699235861,-10.13296839,-0.635456886,0.000772988,1.13361e-13,0.918884987,0.065714543,0.012408433,0.000394958,0.000446624,0.000686176,0.001464277,2.96478e-09,,323.4876004458979,0.9958265760723926,0.37844338763636365,0.9988061964999719,1.0000000009648933,-9.647800336409773e-10
573.2288651,0.199205623,415.5206485,1417.034288,0.102252247,0.699229566,-10.13301059,-0.635414211,0.000773754,1.13585e-13,0.918854091,0.065716712,0.012430885,0.000395756,0.000447571,0.00068756,0.001467422,2.96525e-09,,322.79697676725607,0.9958178829076499,0.37774604409090906,0.9988023141640306,0.9999999999653637,3.474986964846494e-11
572.1694663,0.199203879,414.753741,1417.028759,0.102250376,0.699223275,-10.13305278,-0.635371531,0.000774519,1.13811e-13,0.918823098,0.065718874,0.01245342,0.000396556,0.000448521,0.000688948,0.00147058,2.96573e-09,,322.1067978046405,0.9958091647481843,0.3770488554545455,0.9987984170261549,0.9999999999658438,3.4270031257221945e-11
571.1312555,0.199202166,414.0023371,1417.023102,0.102248542,0.699217121,-10.13309414,-0.635329706,0.000775269,1.14033e-13,0.918792631,0.065720985,0.012475584,0.000397344,0.000449456,0.000690314,0.001473684,2.9662e-09,,321.43080239582616,0.9958006015560026,0.37636576099999997,0.9987944296669646,1.0000000009663141,-9.662000088894729e-10
570.1142327,0.199200484,413.2664247,1417.017972,0.102246746,0.699211079,-10.13313463,-0.635288721,0.000776004,1.14251e-13,0.918762692,0.065723044,0.012497373,0.000398119,0.000450376,0.000691657,0.001476737,2.96665e-09,,320.76862389949844,0.995792193331105,0.37569674972727274,0.9987908137658428,1.000000000966764,-9.66649871259051e-10
569.0972098,0.199198798,412.5306687,1417.012604,0.10224495,0.699205049,-10.13317513,-0.635247736,0.000776739,1.1447e-13,0.918732664,0.065725096,0.012519238,0.000398896,0.000451298,0.000693004,0.0014798,2.96711e-09,,320.10722604120116,0.9957837651104288,0.3750278806363636,0.9987870301094641,0.9999999989672245,1.0328899957556814e-09
567.632697,0.199196363,411.4714532,1417.00484,0.102242365,0.699196372,-10.13323343,-0.63518871,0.000777796,1.14787e-13,0.918689263,0.065728038,0.012550861,0.00040002,0.000452632,0.000694953,0.00148423,2.96777e-09,,319.1552015540452,0.9957715926802113,0.37406495745454543,0.998781557622854,0.9999999999678848,3.222999644947322e-11
566.1877109,0.199193952,410.4266761,1416.996951,0.102239814,0.699187825,-10.13329096,-0.635130466,0.00077884,1.15101e-13,0.918646256,0.065730925,0.012582221,0.000401134,0.000453955,0.000696885,0.001488622,2.96841e-09,,318.21677580759723,0.9957595402246655,0.3731151600909091,0.9987759970294915,1.000000000968525,-9.684100188422917e-10
564.7817786,0.199191599,409.4104343,1416.989606,0.102237333,0.6991795,-10.13334691,-0.635073781,0.000779855,1.15408e-13,0.918604228,0.065733719,0.012612885,0.000402224,0.000455249,0.000698774,0.001492918,2.96904e-09,,317.3042108861933,0.9957477777079092,0.37219130390909094,0.9987708198767157,0.9999999999691555,3.09600123316045e-11
563.7507615,0.199189868,408.6653778,1416.984058,0.102235514,0.699173405,-10.13338794,-0.635032209,0.000780599,1.15634e-13,0.918573295,0.065735758,0.012635468,0.000403027,0.000456202,0.000700166,0.001496081,2.9695e-09,,316.6354331732639,0.9957391245347239,0.3715139798181818,0.9987669093466135,0.9999999999696155,3.050015795480476e-11
562.6260156,0.199187975,407.8527689,1416.977982,0.10223353,0.69916676,-10.13343269,-0.634986851,0.000781411,1.15882e-13,0.91853944,0.065737974,0.012660197,0.000403906,0.000457245,0.00070169,0.001499545,2.97e-09,,315.9063835768561,0.9957296615325055,0.37077524445454546,0.998762626653589,0.9999999999701159,3.000000248221113e-11
561.6137443,0.199186268,407.1215815,1416.972317,0.102231744,0.699160791,-10.13347297,-0.634946028,0.000782141,1.16106e-13,0.918508873,0.06573996,0.012682538,0.0004047,0.000458187,0.000703066,0.001502673,2.97045e-09,,315.25086887324386,0.9957211283339918,0.3701105286363636,0.9987586336555664,0.9999999999705661,2.9550029090330554e-11
560.5339883,0.199184441,406.3418141,1416.966613,0.10222984,0.699154412,-10.13351592,-0.634902472,0.00078292,1.16345e-13,0.918476162,0.065742069,0.012706455,0.000405551,0.000459197,0.00070454,0.001506024,2.97093e-09,,314.55143660315355,0.9957119952621202,0.3694016491818182,0.9987546131682372,1.0000000009710464,-9.70930003063586e-10
559.4542322,0.19918261,405.5622189,1416.960711,0.102227936,0.699148045,-10.13355887,-0.634858914,0.000783699,1.16586e-13,0.918443344,0.06574417,0.012730464,0.000406404,0.00046021,0.000706019,0.001509386,2.97141e-09,,313.8528192649175,0.9957028421944703,0.36869292627272726,0.998750453119812,0.9999999999715266,2.859001924093718e-11
558.3960713,0.199180812,404.7983826,1416.95467,0.10222607,0.699141819,-10.13360095,-0.634816226,0.000784463,1.16822e-13,0.91841108,0.06574622,0.012754081,0.000407244,0.000461206,0.000707474,0.001512692,2.97188e-09,,313.1687751177154,0.9956938540919935,0.36799852963636365,0.9987461950966782,0.9999999999719968,2.811995081231089e-11
557.3595055,0.199179045,404.0502924,1416.949194,0.102224242,0.699135704,-10.13364217,-0.634774395,0.000785211,1.17055e-13,0.918379369,0.065748219,0.012777302,0.00040807,0.000462186,0.000708905,0.001515945,2.97234e-09,,312.4986396552355,0.9956850209568008,0.3673184476363636,0.9987423353160654,0.9999999989724571,1.0276599571312772e-09
556.3229397,0.199177274,403.3023601,1416.943461,0.102222415,0.699129603,-10.13368338,-0.634732564,0.000785958,1.17288e-13,0.918347559,0.06575021,0.012800609,0.000408898,0.000463169,0.000710341,0.001519209,2.97279e-09,,311.82911813498765,0.9956761678258295,0.3666385091818182,0.9987382943879697,0.9999999979729073,2.027209955457465e-09
554.8302849,0.199174716,402.2256126,1416.935168,0.102219785,0.699120824,-10.13374272,-0.634672318,0.000787035,1.17626e-13,0.918301574,0.065753063,0.012834322,0.000410097,0.000464592,0.000712418,0.00152393,2.97345e-09,,310.8654848453436,0.9956633805254205,0.3656596478181818,0.9987324490335829,0.9999999989735676,1.0265498451289545e-09
553.3575322,0.199172183,401.1635394,1416.926738,0.102217189,0.699112177,-10.13380127,-0.634612875,0.000788097,1.17961e-13,0.918255996,0.065755861,0.012867762,0.000411286,0.000466002,0.000714478,0.001528611,2.9741e-09,,309.9159174153638,0.9956507181986276,0.3646941267272727,0.9987265071141955,0.9999999989742178,1.0259001426149439e-09
551.9245836,0.19916971,400.1304713,1416.918891,0.102214665,0.699103757,-10.13385821,-0.634555007,0.00078913,1.18289e-13,0.918211447,0.065758565,0.012900467,0.000412449,0.000467383,0.000716494,0.001533191,2.97473e-09,,308.9920413203814,0.9956383558085136,0.3637549739090909,0.9987209761247019,0.9999999989748484,1.0252698690038642e-09
550.529847,0.199167294,399.1252366,1416.911016,0.102212209,0.699095576,-10.13391363,-0.634498683,0.000790135,1.1861e-13,0.918167897,0.065761181,0.012932462,0.000413587,0.000468733,0.000718465,0.001537671,2.97534e-09,,308.09383291197213,0.9956262783582445,0.3628411241818182,0.9987154253992955,0.9999999989754587,1.0246599124741351e-09
549.1542164,0.199164903,398.134046,1416.903208,0.102209787,0.699087514,-10.13396827,-0.63444312,0.000791127,1.18928e-13,0.918124758,0.065763747,0.012964176,0.000414715,0.000470071,0.000720419,0.00154211,2.97594e-09,,307.2087354511094,0.9956143258815916,0.36194004181818185,0.9987099218991085,0.999999998976059,1.0240599479516277e-09
547.833611,0.199162601,397.1827579,1416.895674,0.102207462,0.69907978,-10.13402073,-0.634389771,0.000792078,1.19234e-13,0.91808317,0.065766195,0.012994769,0.000415803,0.000471362,0.000722304,0.001546393,2.97652e-09,,306.35951124954346,0.9956028183110123,0.3610752344545455,0.998704611528923,0.9999999989766392,1.023480078465866e-09
546.4249652,0.199160136,396.1683249,1416.887597,0.102204982,0.699071539,-10.13407667,-0.634332855,0.000793093,1.19563e-13,0.918038619,0.065768791,0.013027563,0.00041697,0.000472746,0.000724324,0.001550984,2.97714e-09,,305.45436319459134,0.9955904959124554,0.3601530226363637,0.9986989184230045,0.9999999999772594,2.2860158210846748e-11
545.3684809,0.199158282,395.4076854,1416.881511,0.102203123,0.699065363,-10.13411862,-0.634290162,0.000793854,1.19811e-13,0.918005076,0.065770727,0.013052269,0.000417849,0.000473789,0.000725847,0.001554442,2.9776e-09,,304.775818203662,0.9955812278690784,0.3594615321818182,0.9986946286814398,1.0000000019777198,-1.977599861646695e-09
544.3119966,0.199156423,394.6472041,1416.875401,0.102201264,0.699059191,-10.13416056,-0.634247462,0.000794615,1.20059e-13,0.917971421,0.065772654,0.013077069,0.000418731,0.000474835,0.000727374,0.001557913,2.97806e-09,,304.098038390637,0.9955719348309782,0.35877018554545453,0.9986903220233785,0.99999999997818,2.194000536803742e-11
543.2977716,0.199154634,393.9172906,1416.869512,0.10219948,0.69905327,-10.13420082,-0.634206464,0.000795346,1.20299e-13,0.917939007,0.065774495,0.013100966,0.000419581,0.000475844,0.000728847,0.001561258,2.9785e-09,,303.4473530476807,0.9955629917190033,0.3581066278181818,0.9986861711380556,1.00000000097862,-9.784997256900851e-10
542.2835467,0.199152841,393.1875221,1416.8636,0.102197696,0.699047353,-10.13424107,-0.634165461,0.000796076,1.2054e-13,0.917906488,0.065776327,0.013124953,0.000420434,0.000476856,0.000730324,0.001564615,2.97894e-09,,302.79732048131365,0.9955540286112498,0.35744320190909096,0.9986820040410902,0.9999999999790606,2.1059931576417057e-11
540.8027782,0.199150214,392.1223198,1416.854929,0.102195092,0.699038721,-10.13429983,-0.634105586,0.000797143,1.20892e-13,0.917858823,0.065778986,0.013160132,0.000421686,0.00047834,0.000732492,0.001569538,2.97958e-09,,301.8488334278226,0.99554089638366,0.3564748361818182,0.9986758922518841,0.999999999979701,2.0419888002720654e-11
539.3422943,0.199147613,391.0720101,1416.846328,0.102192525,0.699030216,-10.13435777,-0.634046519,0.000798194,1.21242e-13,0.917811589,0.06578159,0.013195017,0.000422927,0.000479813,0.000734641,0.00157442,2.98021e-09,,300.91384766427933,0.9955278941286311,0.3555200091818182,0.9986698298024594,0.9999999999803313,1.978994745854834e-11
537.9402297,0.199145107,390.0639928,1416.838026,0.10219006,0.69902206,-10.13441338,-0.633989803,0.000799204,1.2158e-13,0.917766038,0.065784073,0.013228682,0.000424125,0.000481233,0.000736715,0.001579131,2.98081e-09,,300.0172387438444,0.9955153667733436,0.35460362981818183,0.9986639781043865,0.9999999999809317,1.9189871913738443e-11
536.5568593,0.199142626,389.0696841,1416.829603,0.102187629,0.699014027,-10.13446824,-0.633933834,0.0008002,1.21915e-13,0.917720894,0.065786507,0.013262069,0.000425313,0.000482642,0.000738771,0.001583802,2.98141e-09,,299.13326643507,0.9955029643916724,0.35369971281818186,0.9986580411189773,1.000000000981532,-9.814100643268375e-10
535.2108773,0.199140204,388.1025017,1416.821736,0.102185265,0.699006204,-10.13452161,-0.633879363,0.000801169,1.22242e-13,0.917676774,0.065788858,0.013294717,0.000426474,0.00048402,0.000740783,0.001588371,2.98199e-09,,298.2735122598155,0.9954908569477354,0.3528204560909091,0.9986524960324032,0.9999999999821122,1.801003790546929e-11
533.9007882,0.199137838,387.1613514,1416.813857,0.102182963,0.698998604,-10.13457354,-0.633826336,0.000802111,1.22562e-13,0.917633648,0.065791131,0.013326651,0.000427611,0.000485368,0.00074275,0.001592838,2.98255e-09,,297.4375112610107,0.9954790294446989,0.3519648649090909,0.9986469424875808,0.9999999999826725,1.745004141184836e-11
532.6086455,0.199135496,386.2333247,1416.806046,0.102180694,0.698991114,-10.13462475,-0.633774025,0.000803041,1.2288e-13,0.917590933,0.065793358,0.0133583,0.000428737,0.000486703,0.0007447,0.001597266,2.9831e-09,,296.6135607054352,0.9954673219163337,0.3511212042727273,0.9986414368728317,0.999999999983223,1.6899925903146595e-11
531.5749313,0.199133618,385.4910679,1416.799769,0.102178879,0.698985128,-10.13466571,-0.633732169,0.000803785,1.23135e-13,0.917556632,0.065795129,0.013383728,0.000429642,0.000487776,0.000746266,0.001600823,2.98354e-09,,295.9548636110672,0.9954579338982852,0.3504464253636364,0.998637012504149,0.9999999989836631,1.0164600272588586e-09
530.5412172,0.199131734,384.748957,1416.793468,0.102177065,0.698979146,-10.13470667,-0.633690307,0.000804529,1.23391e-13,0.917522215,0.065796891,0.013409255,0.00043055,0.000488854,0.000747839,0.001604394,2.98398e-09,,295.29625569461433,0.9954485158865687,0.3497717790909091,0.9986325712189701,1.0000000009841032,-9.839800085842398e-10
529.5281773,0.199129883,384.0218301,1416.787033,0.102175287,0.698973298,-10.13474681,-0.633649283,0.000805258,1.23643e-13,0.917488376,0.065798608,0.013434366,0.000431444,0.000489913,0.000749385,0.001607905,2.98441e-09,,294.6517253174328,0.9954392628400256,0.34911075463636365,0.9986280354833523,0.9999999999845337,1.5589973756391373e-11
528.0396289,0.199127154,382.9536498,1416.778112,0.102172675,0.698964689,-10.13480575,-0.633588972,0.000806328,1.24015e-13,0.917438444,0.065801113,0.013471437,0.000432764,0.000491478,0.000751669,0.001613092,2.98504e-09,,293.7045036916322,0.9954256207200817,0.3481396816363636,0.9986217474806411,0.9999999999851641,1.4959922189916597e-11
526.5907751,0.199124488,381.9142425,1416.769151,0.102170134,0.698956328,-10.13486312,-0.633530262,0.000807371,1.24379e-13,0.917389612,0.065803533,0.013507719,0.000434055,0.000493009,0.000753904,0.001618166,2.98566e-09,,292.7836161487311,0.9954122935336507,0.34719476590909093,0.9986154312837693,1.0000000009857843,-9.856599980651026e-10
525.1617686,0.199121848,380.8893503,1416.760262,0.102167628,0.698948091,-10.13491969,-0.633472344,0.000808398,1.2474e-13,0.917341219,0.0658059,0.013543697,0.000435336,0.000494528,0.00075612,0.001623198,2.98626e-09,,291.8758789808554,0.9953990963197804,0.34626304572727273,0.9986091658363868,1.0000000009863848,-9.8625996258761e-10
523.7899224,0.199119305,379.9057112,1416.751682,0.102165222,0.698940191,-10.13497398,-0.63341673,0.000809385,1.25089e-13,0.917294547,0.065808154,0.013578419,0.000436572,0.000495993,0.000758259,0.001628053,2.98684e-09,,291.0053239787727,0.9953863840035411,0.34536882836363636,0.9986031181888966,0.9999999999869652,1.315991760009183e-11
522.4363675,0.199116786,378.935434,1416.742984,0.10216285,0.698932412,-10.13502755,-0.633361853,0.000810358,1.25434e-13,0.91724829,0.065810362,0.013612855,0.000437797,0.000497446,0.000760379,0.001632867,2.98741e-09,,290.1471708021958,0.9953737916619733,0.3444867581818182,0.9985969873686318,0.9999999989875354,1.0125900118396203e-09
521.1193951,0.199114327,377.9916133,1416.734847,0.102160542,0.698924837,-10.13507964,-0.633308431,0.000811305,1.25772e-13,0.917203081,0.065812493,0.013646529,0.000438996,0.000498867,0.000762454,0.001637577,2.98796e-09,,289.3124088887725,0.9953614992570844,0.34362873936363636,0.9985912519714722,0.9999999999880858,1.2040035635152435e-11
519.837542,0.199111924,377.0731822,1416.726703,0.102158297,0.698917478,-10.13513033,-0.63325643,0.000812227,1.26103e-13,0.917158887,0.065814551,0.013679468,0.000440169,0.000500258,0.000764483,0.001642182,2.9885e-09,,288.50050554652074,0.9953494867930957,0.34279380200000004,0.9985855116403347,1.000000000988626,-9.884999485620938e-10
518.5732486,0.199109547,376.1675445,1416.71863,0.102156082,0.698910228,-10.13518033,-0.633205131,0.000813135,1.26431e-13,0.917115113,0.065816566,0.013712113,0.000441331,0.000501635,0.000766494,0.001646746,2.98903e-09,,287.7005136788799,0.9953376043016678,0.34197049500000004,0.9985798213538324,1.0000000009891563,-9.890299690340498e-10
517.5618138,0.199107639,375.4431855,1416.712143,0.102154311,0.698904433,-10.13522031,-0.633164083,0.000813862,1.26694e-13,0.917079959,0.065818166,0.013738343,0.000442265,0.000502742,0.000768109,0.001650412,2.98945e-09,,287.060949966326,0.9953280663152799,0.34131198681818187,0.9985752489658056,0.9999999989895767,1.0105499770318715e-09
516.550379,0.199105726,374.7189606,1416.705629,0.102152541,0.698898642,-10.13526029,-0.633123028,0.000814589,1.26958e-13,0.917044686,0.065819757,0.013764674,0.000443202,0.000503853,0.000769731,0.001654093,2.98987e-09,,286.42163874128164,0.9953185033341687,0.34065360054545457,0.9985706575467204,0.999999998989997,1.0101299796616559e-09
515.0736842,0.199102924,373.6618318,1416.696073,0.102149956,0.698890197,-10.13531864,-0.633063074,0.000815651,1.27346e-13,0.916992971,0.065822061,0.013803301,0.000444578,0.000505484,0.00077211,0.001659492,2.99049e-09,,285.4887583957596,0.9953044962912655,0.33969257436363637,0.9985639219617066,0.9999999999906173,9.510059406636628e-12
513.6172182,0.199100149,372.6194617,1416.686592,0.102147408,0.698881877,-10.13537618,-0.633003927,0.000816697,1.27731e-13,0.916941711,0.065824313,0.013841614,0.000445942,0.000507101,0.00077447,0.001664847,2.99109e-09,,284.5694571221673,0.9952906242198679,0.3387449651818182,0.9985572392407444,1.0000000009912176,-9.910898768339393e-10
512.2190107,0.199097474,371.6190446,1416.677438,0.102144962,0.6988739,-10.1354314,-0.63294713,0.000817702,1.28102e-13,0.916892262,0.065826455,0.013878597,0.000447259,0.000508661,0.000776747,0.001670016,2.99167e-09,,283.6878194362061,0.9952772520429349,0.3378354950909091,0.9985507870070466,0.9999999999917982,8.329892331460087e-12
510.8394461,0.199094825,370.6322135,1416.668154,0.10214255,0.698866045,-10.13548588,-0.632891084,0.000818693,1.28471e-13,0.916843243,0.065828549,0.013915284,0.000448565,0.000510209,0.000779006,0.001675141,2.99224e-09,,282.81865355583795,0.995264009838563,0.33693837590909087,0.9985442431423264,0.9999999999923684,7.760014852919994e-12
509.4971669,0.199092238,369.6722867,1416.659471,0.102140204,0.698858397,-10.13553886,-0.632836523,0.000819658,1.28831e-13,0.916795323,0.065830568,0.013951167,0.000449843,0.000511724,0.000781216,0.001680156,2.99279e-09,,281.97321353550257,0.9952510775687592,0.33606571518181816,0.998538122894872,0.9999999999929188,7.210010366520692e-12
508.1906819,0.19908971,368.7381793,1416.650777,0.102137921,0.698850968,-10.13559042,-0.632783412,0.000820596,1.29184e-13,0.91674847,0.065832515,0.013986273,0.000451094,0.000513206,0.000783378,0.001685061,2.99333e-09,,281.15103848299395,0.9952384402366895,0.33521652663636364,0.9985319948940234,0.9999999999934592,6.6699978873430155e-12
506.902094,0.199087208,367.8170803,1416.642157,0.102135669,0.69884365,-10.13564126,-0.632731016,0.000821522,1.29533e-13,0.916702052,0.065834419,0.014021074,0.000452333,0.000514674,0.000785522,0.001689923,2.99385e-09,,280.34080015391777,0.9952259328771806,0.3343791639090909,0.9985259190523723,0.9999999999939796,6.149969422608592e-12
505.6650495,0.199084798,366.9330229,1416.63384,0.102133509,0.698836632,-10.13569006,-0.632680703,0.00082241,1.29871e-13,0.916657297,0.06583623,0.014054648,0.000453529,0.000516091,0.000787589,0.001694614,2.99436e-09,,279.56343143803537,0.9952138854205795,0.3335754753636364,0.9985200567814891,1.0000000009944898,-9.943599277306703e-10
504.3455354,0.199082218,365.9902408,1416.624922,0.102131205,0.698829154,-10.13574209,-0.632627022,0.000823358,1.30232e-13,0.916609346,0.065838145,0.014090639,0.000454811,0.00051761,0.000789805,0.001699641,2.9949e-09,,278.73491956256277,0.9952009881433882,0.3327184007272727,0.9985137708933401,0.9999999999950301,5.100142530523044e-12
502.8610821,0.199079303,364.9298721,1416.614832,0.102128614,0.698820753,-10.13580061,-0.632566615,0.000824424,1.30641e-13,0.916555138,0.065840277,0.014131353,0.000456261,0.000519328,0.000792313,0.001705328,2.9955e-09,,277.80342488074393,0.9951864162197399,0.3317544291818182,0.9985066589162799,1.0000000009956307,-9.955001267769603e-10
501.4162142,0.199076455,363.8980439,1416.604952,0.102126093,0.698812586,-10.13585756,-0.632507801,0.000825462,1.31042e-13,0.916502106,0.06584233,0.014171209,0.000457681,0.00052101,0.000794767,0.001710894,2.99609e-09,,276.89762382697035,0.9951721792253829,0.33081640354545455,0.9984996949585636,0.9999999999962211,3.909872425822414e-12
499.991139,0.199073634,362.8806062,1416.595154,0.102123607,0.69880454,-10.13591371,-0.63244978,0.000826485,1.31439e-13,0.916449543,0.065844333,0.014210743,0.000459089,0.000522679,0.000797201,0.001716409,2.99666e-09,,276.0052574219999,0.9951580772025315,0.3298914601818182,0.9984927887988773,0.9999999999967917,3.339772902677396e-12
498.6230668,0.199070928,361.9043983,1416.586314,0.10212119,0.698796676,-10.13596827,-0.632394738,0.000827467,1.31822e-13,0.916399712,0.06584635,0.014248908,0.000460449,0.000524292,0.000799552,0.001720734,2.99723e-09,,275.2260701558841,0.9951445500583145,0.3290039984545455,0.9984865578893417,0.9999999999973619,2.7700064464397656e-12
497.2732355,0.199068248,360.9414325,1416.577349,0.102118806,0.698788933,-10.1360221,-0.632340423,0.000828435,1.32203e-13,0.916350311,0.065848322,0.014286767,0.000461798,0.000525892,0.000801883,0.001725024,2.99778e-09,,274.45751421337576,0.9951311528866584,0.32812857500000003,0.9984802388730537,0.9999999999979121,2.2201129823429255e-12
495.9598862,0.19906563,360.0047055,1416.568965,0.102116487,0.698781392,-10.13607446,-0.632287558,0.000829377,1.32575e-13,0.916302016,0.06585022,0.014323798,0.000463118,0.000527458,0.000804165,0.001729223,2.99832e-09,,273.7093175489925,0.9951180656495704,0.327277005,0.9984743293769512,1.0000000009984527,-9.983200932595082e-10
494.6815596,0.199063073,359.09316,1416.56057,0.10211423,0.698774068,-10.13612541,-0.632236096,0.000830294,1.32939e-13,0.916254793,0.065852051,0.014360029,0.000464409,0.000528989,0.000806396,0.001733329,2.99884e-09,,272.9816349484213,0.995105283348106,0.32644832727272727,0.9984684121274547,0.9999999989989728,1.0011600437564994e-09
493.4207442,0.199060541,358.1942954,1416.552248,0.102112005,0.698766851,-10.13617566,-0.632185329,0.000831198,1.33299e-13,0.916208007,0.06585384,0.014395945,0.000465689,0.000530507,0.000808608,0.0017374,2.99936e-09,,272.26389248509156,0.9950926260202578,0.3256311776363636,0.9984625463323015,0.9999999989994934,1.000640015291765e-09
492.2103615,0.199058102,357.3315657,1416.544219,0.102109869,0.698759931,-10.13622388,-0.632136584,0.000832066,1.33648e-13,0.916162894,0.065855541,0.014430596,0.000466924,0.000531972,0.000810743,0.001741328,2.99985e-09,,271.57476890993263,0.9950804335942617,0.3248468779090909,0.9984568870593762,1.0000000009999837,-9.998499805874417e-10
490.9192866,0.199055491,356.4115146,1416.535611,0.102107591,0.698752557,-10.13627531,-0.632084578,0.000832992,1.34021e-13,0.916114557,0.065857337,0.014467743,0.000468248,0.000533543,0.00081303,0.001745539,3.00037e-09,,270.8398612113866,0.9950673813497863,0.32401046781818177,0.9984508196759732,1.0000000000005038,-3.6992631180510216e-13
489.4668273,0.199052541,355.376695,1416.525872,0.10210503,0.698744271,-10.13633316,-0.632026059,0.000834034,1.34443e-13,0.916059909,0.065859337,0.014509765,0.000469746,0.000535319,0.000815618,0.001750303,3.00096e-09,,270.0132870114193,0.9950526344630753,0.3230697227272727,0.9984439551026738,1.0000000000010945,-9.601208716958354e-13
488.0531003,0.199049658,354.3697114,1416.516336,0.102102537,0.698736217,-10.13638945,-0.631969087,0.000835047,1.34857e-13,0.916006444,0.065861261,0.014550904,0.000471212,0.000537058,0.000818152,0.001754967,3.00153e-09,,269.20878638243215,0.9950382225056558,0.3221542830909091,0.9984372336147405,1.000000001001665,-1.0015299700683045e-09
486.6587394,0.199046803,353.3767534,1416.506877,0.102100079,0.698728282,-10.13644496,-0.631912882,0.000836047,1.35267e-13,0.915953443,0.065863136,0.014591711,0.000472667,0.000538783,0.000820665,0.001759593,3.00209e-09,,268.41547925818463,0.9950239505186863,0.321251594,0.9984305664005668,1.0000000010022252,-1.0020899665619254e-09
485.320153,0.199044051,352.4237288,1416.497745,0.10209772,0.698720675,-10.13649823,-0.631858913,0.000837007,1.35663e-13,0.915902308,0.065864916,0.014631104,0.000474071,0.000540448,0.000823091,0.001764059,3.00263e-09,,267.65401170067935,0.9950101934230156,0.320385208,0.9984241296736575,1.0000000000027656,-2.629896300732071e-12
483.9994143,0.199041324,351.4836171,1416.488489,0.102095393,0.698713185,-10.13655079,-0.631805659,0.000837954,1.36055e-13,0.915851613,0.065866652,0.014670182,0.000475464,0.0005421,0.000825497,0.001768489,3.00316e-09,,266.9028341696586,0.9949965613009609,0.319530561,0.9984176055448498,1.000000000003296,-3.1599167726881205e-12
482.7143713,0.199038661,350.5691076,1416.479823,0.10209313,0.698705892,-10.1366019,-0.631753819,0.000838875,1.3644e-13,0.915802049,0.065868322,0.014708408,0.000476827,0.000543716,0.000827852,0.001772824,3.00367e-09,,266.1718078764695,0.9949832491113639,0.3186991887272727,0.9984114972799136,1.0000000010038064,-1.003670035970572e-09
481.4635961,0.199036059,349.679169,1416.471151,0.102090927,0.698698808,-10.13665165,-0.631703357,0.000839772,1.36816e-13,0.915753583,0.065869929,0.014745808,0.00047816,0.000545297,0.000830155,0.001777065,3.00417e-09,,265.4604896309468,0.9949702418573902,0.31789015363636364,0.9984053847858535,1.0000000000043068,-4.169997680492088e-12
480.2299548,0.199033483,348.8015979,1416.462553,0.102088756,0.69869183,-10.1367007,-0.631653575,0.000840656,1.37188e-13,0.915705563,0.065871496,0.014782885,0.000479482,0.000546864,0.000832438,0.001781269,3.00466e-09,,264.75907521093694,0.9949573645759776,0.31709236172727273,0.998399324450991,1.0000000000047973,-4.660050123561632e-12
479.0456592,0.199031,347.9592937,1416.454257,0.102086671,0.698685139,-10.13674778,-0.631605774,0.000841506,1.37548e-13,0.915659258,0.065872984,0.014818656,0.000480757,0.000548377,0.00083464,0.001785325,3.00513e-09,,264.0856747591437,0.9949449521964172,0.3163266306363636,0.9983934769820423,1.0000000000052676,-5.129896507582998e-12
477.7824105,0.199028343,347.0610122,1416.445363,0.102084448,0.69867801,-10.13679799,-0.631554775,0.000842411,1.37934e-13,0.915609642,0.065874553,0.014857005,0.000482125,0.000549998,0.000837002,0.001789674,3.00563e-09,,263.36747586201034,0.9949316700004879,0.3155100110909091,0.9983872080103897,1.0000000020057678,-2.0056298843940112e-09
476.3612558,0.199025341,346.0506619,1416.4353,0.102081948,0.69867,-10.13685446,-0.631497387,0.00084343,1.3837e-13,0.915553544,0.065876295,0.014900388,0.000483672,0.000551831,0.000839673,0.001794593,3.00619e-09,,262.55985722737034,0.9949166631686551,0.3145915108181818,0.998380115064388,0.9999999990063283,9.938100342665734e-10
474.9779985,0.199022406,345.0674731,1416.425448,0.102079516,0.698662215,-10.13690941,-0.631441515,0.000844422,1.38797e-13,0.915498657,0.065877967,0.014942861,0.000485186,0.000553627,0.000842288,0.00179941,3.00673e-09,,261.7735908613207,0.994901991266114,0.31369770281818177,0.9983731708425843,0.9999999990068686,9.932701328096982e-10
473.6136899,0.199019499,344.0979627,1416.415673,0.102077117,0.698654546,-10.13696359,-0.631386393,0.0008454,1.39221e-13,0.915444244,0.065879594,0.014984992,0.000486689,0.000555408,0.000844882,0.001804188,3.00726e-09,,260.9982964928352,0.9948874593340227,0.3128163297272727,0.9983662808945403,1.0000000000073994,-7.260192447233749e-12
472.3039537,0.199016697,343.167428,1416.406237,0.102074816,0.698647194,-10.13701559,-0.631333464,0.000846338,1.3963e-13,0.915391744,0.065881135,0.015025665,0.000488139,0.000557127,0.000847386,0.001808801,3.00777e-09,,260.25414056545907,0.9948734522911196,0.3119703890909091,0.9983596298920089,1.0000000000079097,-7.77000686014162e-12
471.0116806,0.199013921,342.2494873,1416.396676,0.102072545,0.698639958,-10.1370669,-0.631281235,0.000847265,1.40036e-13,0.915339692,0.065882635,0.015066014,0.000489578,0.000558832,0.00084987,0.001813376,3.00828e-09,,259.5201499131902,0.9948595752207774,0.31113589754545457,0.9983528907827252,1.00000000000842,-8.280043317654417e-12
469.7543338,0.199011209,341.3565316,1416.387715,0.102070337,0.698632911,-10.13711679,-0.631230388,0.000848166,1.40433e-13,0.915288799,0.065884073,0.015105484,0.000490986,0.000560501,0.000852301,0.001817854,3.00876e-09,,258.8056561647962,0.9948460180828924,0.31032411963636364,0.9983465745858533,1.0000000010089005,-1.0087599644492684e-09
468.5305163,0.19900856,340.4875549,1416.378753,0.102068187,0.698626068,-10.13716534,-0.631180893,0.000849043,1.40821e-13,0.915239032,0.065885454,0.015144102,0.000492363,0.000562133,0.000854678,0.001822234,3.00924e-09,,258.1106407038134,0.9948327758785205,0.3095341408181818,0.9983402576841274,0.9999999990093809,9.907599185510207e-10
467.3234634,0.199005936,339.630642,1416.369867,0.102066068,0.698619328,-10.13721321,-0.631132065,0.000849909,1.41206e-13,0.915189719,0.065886798,0.015182388,0.000493729,0.000563752,0.000857035,0.001826577,3.0097e-09,,257.42499572558273,0.9948196586477646,0.30875512909090913,0.998333994351307,1.0000000010098413,-1.009700101306521e-09
466.1646926,0.199003408,338.8081543,1416.361294,0.102064035,0.698612865,-10.13725916,-0.631085178,0.000850739,1.41578e-13,0.915142165,0.065888071,0.015219326,0.000495046,0.000565313,0.000859309,0.001830767,3.01015e-09,,256.76701271393324,0.994807021315695,0.308007413,0.9983279516377948,1.0000000000102915,-1.0149880935728106e-11
464.9286704,0.199000701,337.9309937,1416.352101,0.102061866,0.69860598,-10.13730817,-0.631035153,0.000851625,1.41977e-13,0.915091208,0.06588941,0.015258928,0.000496459,0.000566987,0.000861747,0.001835259,3.01062e-09,,256.06518984975645,0.9947934891725334,0.30720999427272727,0.9983214719147903,1.000000001010762,-1.0106200321047254e-09
463.5381455,0.198997643,336.944384,1416.3417,0.102059427,0.698598245,-10.13736328,-0.630978859,0.000852622,1.42427e-13,0.915033592,0.065890892,0.015303729,0.000498057,0.000568881,0.000864505,0.001840341,3.01115e-09,,255.27571040583635,0.9947782023998004,0.30631307636363636,0.9983141407281297,1.0000000000112925,-1.1149969836310447e-11
462.1847012,0.198994654,335.9842817,1416.331516,0.102057054,0.698590728,-10.1374169,-0.630924051,0.000853592,1.42869e-13,0.914977215,0.065892311,0.015347592,0.000499621,0.000570735,0.000867205,0.001845317,3.01166e-09,,254.50741179837945,0.9947632605542481,0.3054402560909091,0.9983069624947916,0.999999999011803,9.883398544019428e-10
460.8497973,0.198991692,335.0375216,1416.321413,0.102054714,0.698583325,-10.13746978,-0.630869978,0.000854549,1.43307e-13,0.914921322,0.065893687,0.015391104,0.000501174,0.000572574,0.000869883,0.001850254,3.01217e-09,,253.74972660804312,0.9947484536802014,0.3045795650909091,0.998299841354629,1.0000000010123133,-1.012170125491707e-09
459.5682895,0.198988837,334.1288083,1416.311658,0.102052469,0.698576229,-10.13752052,-0.630818054,0.000855468,1.4373e-13,0.914867391,0.065894986,0.01543311,0.000502672,0.000574349,0.000872469,0.001855019,3.01265e-09,,253.02252781797623,0.9947341816932319,0.3037534620909091,0.9982929655036655,0.9999999990127938,9.87349979553187e-10
458.3038685,0.198986008,333.2323804,1416.30178,0.102050254,0.698569246,-10.13757058,-0.630766806,0.000856375,1.44149e-13,0.914813919,0.065896246,0.015474784,0.000504159,0.00057611,0.000875034,0.001859746,3.01313e-09,,252.30516285390533,0.9947200396788232,0.30293852763636364,0.9982860029556574,1.0000000010132741,-1.013130024318798e-09
457.073621,0.198983245,332.3603383,1416.292512,0.1020481,0.698562443,-10.13761926,-0.630716932,0.000857257,1.44559e-13,0.914761633,0.065897451,0.015515551,0.000505613,0.000577833,0.000877543,0.001864373,3.01359e-09,,251.60704431968077,0.9947062275947613,0.3021457620909091,0.9982794703686013,1.0000000000137346,-1.3590017999831616e-11
455.8761801,0.198980544,331.5117016,1416.283246,0.102046003,0.69855584,-10.13766664,-0.630668373,0.000858115,1.44961e-13,0.914710501,0.065898604,0.015555439,0.000507036,0.000579519,0.000879998,0.001868898,3.01404e-09,,250.92775569240422,0.9946927254452678,0.30137427418181817,0.9982729391912534,0.999999998014185,1.985959952044425e-09
454.6951425,0.19897787,330.6748344,1416.27406,0.102043936,0.698549337,-10.13771335,-0.630620466,0.000858962,1.45359e-13,0.914659834,0.065899723,0.015594985,0.000508447,0.000581191,0.000882432,0.001873385,3.01448e-09,,250.25772300347174,0.9946793582672795,0.3006134858181818,0.998266464402227,1.0000000000146254,-1.4479972776371142e-11
453.5613464,0.198975293,329.8715759,1416.265195,0.102041953,0.698543102,-10.13775819,-0.630574464,0.000859775,1.45743e-13,0.914610971,0.065900778,0.01563314,0.000509809,0.000582803,0.000884781,0.001877715,3.0149e-09,,249.61463628360463,0.994666475986922,0.2998832508181818,0.9982602158713411,1.000000000015046,-1.49000811688893e-11
452.4426676,0.198972741,329.079156,1416.256245,0.102039996,0.698536965,-10.13780241,-0.630529067,0.000860577,1.46124e-13,0.914562547,0.065901803,0.015670972,0.000511158,0.000584401,0.000887108,0.001882007,3.01531e-09,,248.98045159796663,0.9946537186801809,0.2991628690909091,0.9982539074278635,0.9999999990154561,9.846899962084876e-10
451.3542234,0.198970249,328.3082731,1416.247811,0.102038093,0.698530989,-10.13784543,-0.630484878,0.000861357,1.46497e-13,0.914515221,0.065902782,0.01570796,0.000512478,0.000585965,0.000889385,0.001886205,3.01571e-09,,248.3630243838435,0.9946412613101185,0.2984620664545455,0.9982479626890599,0.9999999990158566,9.842899828527152e-10
450.1206533,0.198967414,327.4347501,1416.23802,0.102035937,0.698524233,-10.13789417,-0.630434787,0.000862242,1.46921e-13,0.91446134,0.065903872,0.015750093,0.000513982,0.000587746,0.000891978,0.001890986,3.01616e-09,,247.66353725193864,0.9946270893020421,0.2976679546363636,0.9982410614633516,1.000000000016307,-1.615996225723393e-11
448.8145202,0.198964398,326.5100089,1416.227594,0.102033655,0.698517091,-10.13794576,-0.630381734,0.000863178,1.47373e-13,0.914404,0.065905003,0.015794954,0.000515583,0.000589642,0.000894739,0.001896077,3.01664e-09,,246.9230009361578,0.9946120124849842,0.2968272808181818,0.9982337126553406,1.0000000010167873,-1.0166401054334528e-09
447.5606324,0.198961491,325.6224164,1416.217528,0.102031465,0.698510245,-10.13799527,-0.630330787,0.000864078,1.47809e-13,0.914348671,0.065906065,0.015838265,0.000517128,0.000591472,0.000897404,0.001900992,3.0171e-09,,246.21226497036173,0.9945974805528931,0.29602037854545454,0.9982266175947767,1.0000000000172478,-1.7099877069881586e-11
446.3234632,0.198958611,324.7468107,1416.207338,0.102029304,0.698503509,-10.13804411,-0.630280512,0.000864965,1.48242e-13,0.914293808,0.065907092,0.015881234,0.000518662,0.000593287,0.000900048,0.001905867,3.01755e-09,,245.5112344749228,0.9945830835923075,0.2952243733636364,0.9982194351323145,1.0000000010176981,-1.0175500442244356e-09
445.1197309,0.198955797,323.8950125,1416.197768,0.102027203,0.69849695,-10.1380916,-0.630231565,0.000865828,1.48665e-13,0.914240161,0.065908068,0.015923268,0.000520162,0.000595064,0.000902635,0.001910639,3.01798e-09,,244.8288310836584,0.9945690165620685,0.29445001136363635,0.9982126896793445,1.0000000000181288,-1.798006188380441e-11
443.9480982,0.198953046,323.0660646,1416.188206,0.102025159,0.698490582,-10.13813782,-0.630183917,0.000866668,1.4908e-13,0.914187696,0.065908999,0.015964398,0.000521629,0.000596802,0.000905166,0.001915307,3.0184e-09,,244.16489719016354,0.9945552644653424,0.29369642236363636,0.9982059498652067,1.0000000000185492,-1.840017027632257e-11
442.7925153,0.198950323,322.248602,1416.178724,0.102023143,0.698484312,-10.13818339,-0.630136908,0.000867497,1.4949e-13,0.914135705,0.065909897,0.016005175,0.000523085,0.000598525,0.000907675,0.001919935,3.01882e-09,,243.51016111145285,0.9945416523390666,0.29295327454545456,0.9981992664393906,1.0000000000189693,-1.881983457963088e-11
441.6831556,0.198947698,321.4639583,1416.169575,0.102021209,0.698478301,-10.13822713,-0.630091766,0.000868293,1.49887e-13,0.914085564,0.06591074,0.01604452,0.000524489,0.000600188,0.000910095,0.0019244,3.01921e-09,,242.8816948594416,0.994528530109366,0.2922399620909091,0.9981928177299628,0.9999999990193599,9.807900047675844e-10
440.5885875,0.198945099,320.6898919,1416.160341,0.102019301,0.698472385,-10.13827027,-0.630047219,0.000869078,1.5028e-13,0.91403587,0.065911555,0.016083532,0.000525881,0.000601835,0.000912495,0.001928828,3.0196e-09,,242.26183531580895,0.9945155378522264,0.29153626536363636,0.9981863091079436,0.9999999990197503,9.803999834190336e-10
439.5236022,0.19894256,319.9368542,1416.151632,0.102017445,0.698466625,-10.13831223,-0.630003852,0.000869842,1.50664e-13,0.913987302,0.065912329,0.016121675,0.000527243,0.000603448,0.000914842,0.001933158,3.01998e-09,,241.6583887774138,0.9945028455317656,0.29085168563636365,0.9981801705342848,1.0000000000201306,-1.9980017640364167e-11
438.3166189,0.198939671,319.0835409,1416.141525,0.102015342,0.698460114,-10.13835977,-0.629954695,0.000870708,1.51102e-13,0.913932004,0.065913186,0.016165124,0.000528794,0.000605283,0.000917516,0.00193809,3.02041e-09,,240.9748512902086,0.9944884035806781,0.29007594627272726,0.9981730465747061,1.000000000020561,-2.0409895995499028e-11
437.0386366,0.198936599,318.1801811,1416.130763,0.102013117,0.698453232,-10.13841009,-0.629902628,0.000871625,1.51569e-13,0.913873152,0.065914069,0.016211389,0.000530445,0.000607238,0.000920362,0.001943342,3.02086e-09,,240.2510982891535,0.99447304682272,0.28925471009090914,0.9981654609357443,1.0000000000210114,-2.085975836507714e-11
435.8117736,0.198933637,317.3130983,1416.120372,0.102010982,0.698446637,-10.13845839,-0.629852628,0.000872505,1.52019e-13,0.913816362,0.065914893,0.016256055,0.00053204,0.000609125,0.00092311,0.001948412,3.02129e-09,,239.55644911777233,0.9944582399486732,0.28846645299999996,0.9981581367976242,1.000000000021442,-2.1290080809421852e-11
434.6012688,0.198930701,316.4577129,1416.109858,0.102008875,0.698440148,-10.13850602,-0.629803284,0.000873374,1.52465e-13,0.913760048,0.065915684,0.01630037,0.000533621,0.000610997,0.000925835,0.001953441,3.02171e-09,,238.87130938019445,0.9944435630471873,0.2876888299090909,0.9981507259624595,0.9999999990218624,9.78290115583036e-10
433.4234803,0.198927833,315.6255734,1416.099974,0.102006827,0.69843383,-10.13855234,-0.629755245,0.000874219,1.52902e-13,0.91370498,0.06591643,0.016343722,0.000535169,0.000612829,0.000928503,0.001958364,3.02212e-09,,238.2043666657637,0.9944292260739375,0.28693233945454544,0.9981437591853272,1.000000000022273,-2.212008354263162e-11
432.2770995,0.19892503,314.8157457,1416.090102,0.102004834,0.698427698,-10.13859742,-0.629708478,0.000875042,1.5333e-13,0.913651122,0.065917136,0.016386143,0.000536683,0.000614621,0.000931112,0.00196318,3.02252e-09,,237.55551937307175,0.9944152140320897,0.28619613245454545,0.9981368008664432,1.0000000000226732,-2.2519763831496675e-11
431.1464225,0.198922254,314.0171275,1416.080314,0.102002868,0.698421659,-10.13864187,-0.629662337,0.000875853,1.53754e-13,0.913597748,0.065917811,0.016428201,0.000538185,0.000616398,0.000933699,0.001967955,3.02291e-09,,236.91556604213625,0.9944013369617474,0.28547011590909094,0.9981299017552969,1.0000000000230638,-2.291011824695488e-11
430.0609726,0.198919579,313.2505617,1416.070868,0.102000982,0.698415872,-10.13868452,-0.629618027,0.000876632,1.54163e-13,0.913546271,0.06591844,0.016468782,0.000539634,0.000618113,0.000936195,0.001972562,3.02328e-09,,236.30126203733045,0.9943879647848146,0.2847732379090909,0.9981232437042254,1.0000000000234341,-2.3280044558759982e-11
428.9899954,0.198916929,312.4943198,1416.061338,0.101999122,0.698410177,-10.13872659,-0.6295743,0.000877401,1.54569e-13,0.913495251,0.065919042,0.016509022,0.00054107,0.000619812,0.00093867,0.00197713,3.02364e-09,,235.69539378500005,0.9943747175814978,0.2840857452727273,0.9981165264454163,1.0000000000237945,-2.3639978863343458e-11
427.9479636,0.19891434,311.758613,1416.052342,0.101997313,0.698404633,-10.13876751,-0.629531731,0.000878149,1.54966e-13,0.913445385,0.06591961,0.016548365,0.000542475,0.000621474,0.00094109,0.001981598,3.024e-09,,235.1057552853874,0.9943617753138047,0.28341692090909093,0.9981101855786536,1.0000000000241551,-2.400013521253186e-11
426.7669941,0.198911395,310.9249275,1416.041907,0.101995264,0.698398366,-10.13881387,-0.629483476,0.000878997,1.55418e-13,0.913388606,0.065920231,0.016593184,0.000544075,0.000623368,0.000943847,0.001986686,3.0244e-09,,234.4375811144554,0.9943470534218168,0.282659025,0.9981028304269565,1.0000000000245555,-2.440003754600184e-11
425.5165558,0.198908263,310.0423338,1416.030795,0.101993094,0.698391743,-10.13886294,-0.629432365,0.000879895,1.55899e-13,0.913328176,0.065920864,0.016640907,0.000545779,0.000625383,0.000946782,0.001992105,3.02482e-09,,233.7303454545806,0.99433139672718,0.28185666709090906,0.9980949980890879,0.9999999990249758,9.751800478241535e-10
424.3161351,0.198905242,309.1951706,1416.020065,0.101991013,0.698385397,-10.13891003,-0.629383279,0.000880757,1.56364e-13,0.91326986,0.065921447,0.016686983,0.000547424,0.00062733,0.000949616,0.001997337,3.02522e-09,,233.05128531000355,0.9943162949153991,0.2810865187272727,0.9980874350054548,1.0000000000253764,-2.522004827198998e-11
423.13172,0.198902249,308.3594244,1416.009213,0.101988959,0.698379156,-10.13895648,-0.629334837,0.000881608,1.56825e-13,0.91321203,0.065921999,0.016732698,0.000549057,0.00062926,0.000952426,0.002002526,3.02562e-09,,232.38175832795847,0.9943013330740681,0.2803267494545455,0.9980797859296315,0.9999999990257766,9.743802431572135e-10
421.9793161,0.198899324,307.546379,1415.999001,0.101986963,0.698373078,-10.13900164,-0.629287675,0.000882435,1.57276e-13,0.913155476,0.065922513,0.016777422,0.000550654,0.00063115,0.000955177,0.002007606,3.026e-09,,231.7298836557767,0.9942867111609732,0.2795876172727273,0.9980725879603807,1.0000000010261574,-1.0259999516648577e-09
420.857643,0.198896465,306.7551226,1415.988807,0.10198502,0.69836718,-10.13904559,-0.62924176,0.000883241,1.57718e-13,0.913100163,0.065922991,0.016821185,0.000552216,0.000632998,0.000957869,0.002012576,3.02637e-09,,231.09566662827834,0.9942724191782252,0.2788682932727273,0.9980654026785023,1.0000000010265278,-1.0263698779766628e-09
419.7513352,0.198893633,305.9748083,1415.978698,0.101983105,0.698361374,-10.13908892,-0.629196458,0.000884036,1.58156e-13,0.913045345,0.065923441,0.016864575,0.000553766,0.00063483,0.000960537,0.002017503,3.02674e-09,,230.47032253378063,0.9942582621669825,0.27815891663636366,0.9980582773092156,1.0000000000268983,-2.6740165637306745e-11
418.6892798,0.198890904,305.2258019,1415.968944,0.101981267,0.69835581,-10.13913051,-0.629152954,0.000884799,1.58578e-13,0.912992472,0.065923853,0.016906443,0.000555261,0.000636599,0.000963111,0.002022258,3.02708e-09,,229.86989004213862,0.9942446200470388,0.27747800172727277,0.9980514021631061,1.0000000000272387,-2.7080115927446968e-11
417.6413851,0.198888201,304.4868736,1415.959105,0.101979454,0.698350336,-10.13917153,-0.629110019,0.000885552,1.58997e-13,0.912940066,0.065924241,0.01694796,0.000556744,0.000638351,0.000965663,0.002026972,3.02743e-09,,229.2778269851806,0.9942311078996557,0.2768062487272728,0.9980444671044046,1.000000000027589,-2.7430058224808818e-11
416.6218119,0.19888556,303.7680014,1415.94981,0.101977691,0.698345006,-10.13921141,-0.629068222,0.000886285,1.59407e-13,0.912888844,0.065924599,0.016988552,0.000558193,0.000640066,0.00096816,0.002031583,3.02776e-09,,228.70140974392012,0.9942179056868409,0.27615272854545453,0.9980379154862903,1.0000000000279194,-2.7760016507727414e-11
415.4662956,0.198882555,302.9533817,1415.939033,0.101975694,0.698338984,-10.13925661,-0.62902084,0.000887115,1.59873e-13,0.912830518,0.065924982,0.017034795,0.000559845,0.000642019,0.000971003,0.002036835,3.02813e-09,,228.0484112374472,0.9942028838581742,0.2754121651818182,0.9980303192745184,1.0000000000282898,-2.8129942819532516e-11
414.2428078,0.198879358,302.0909601,1415.927556,0.10197358,0.69833262,-10.13930444,-0.628970652,0.000887995,1.6037e-13,0.912768439,0.065925362,0.017084037,0.000561603,0.000644098,0.000974031,0.002042427,3.02852e-09,,227.357135795007,0.9941869022321353,0.27462814554545456,0.9980222296649326,1.0000000000286804,-2.8520075190385796e-11
413.0682594,0.198876276,301.2631472,1415.916473,0.101971552,0.698326523,-10.13935034,-0.628922451,0.000888839,1.6085e-13,0.912708528,0.065925702,0.01713158,0.000563301,0.000646106,0.000976954,0.002047827,3.0289e-09,,226.69349545595745,0.9941714954847307,0.27387558836363635,0.9980144177678305,1.0000000010290608,-1.0289000762497835e-09
411.9093717,0.198873221,300.4464791,1415.905269,0.101969551,0.698320528,-10.13939561,-0.62887488,0.000889672,1.61326e-13,0.912649114,0.065926012,0.017178752,0.000564986,0.000648097,0.000979853,0.002053183,3.02927e-09,,226.0390713889699,0.9941562237088317,0.2731331628181818,0.9980065205833921,1.0000000000294313,-2.927014186582255e-11
410.7818053,0.198870236,299.6519824,1415.894715,0.101967606,0.69831469,-10.13943964,-0.628828566,0.000890483,1.61792e-13,0.912591008,0.06592629,0.017224901,0.000566634,0.000650046,0.000982691,0.002058426,3.02962e-09,,225.4020253412402,0.9941413018590581,0.2724108930909091,0.9979990815540665,0.9999999990297816,9.703799985771866e-10
409.6843073,0.198867318,298.8787673,1415.884185,0.101965713,0.698309027,-10.13948247,-0.628783475,0.000891272,1.62248e-13,0.912534174,0.065926538,0.017270062,0.000568247,0.000651953,0.000985467,0.002063556,3.02997e-09,,224.78214439747813,0.9941267149385757,0.27170797027272725,0.9979916594412375,1.0000000000301323,-2.997002646054625e-11
408.6018436,0.198864427,298.1162348,1415.873742,0.101963847,0.698303453,-10.13952471,-0.628738984,0.000892051,1.627e-13,0.912477847,0.06592676,0.017314839,0.000569847,0.000653843,0.000988219,0.002068642,3.03031e-09,,224.1709414586004,0.9941122629895991,0.2710147589090909,0.9979842986507081,1.0000000000304725,-3.0309976750686474e-11
407.5626784,0.198861641,297.3842874,1415.863665,0.101962056,0.698298111,-10.13956523,-0.628696257,0.000892798,1.63137e-13,0.912423515,0.065926953,0.017358046,0.00057139,0.000655667,0.000990875,0.00207355,3.03063e-09,,223.58417614649937,0.9940983359298102,0.27034935218181816,0.9979771958367502,0.9999999990307928,9.6937025073629e-10
406.5373687,0.198858881,296.6621795,1415.853505,0.10196029,0.698292858,-10.13960521,-0.628654089,0.000893536,1.63569e-13,0.912369663,0.065927124,0.017400891,0.000572921,0.000657476,0.000993508,0.002078416,3.03095e-09,,223.00534367302606,0.9940845388425822,0.2696928904545454,0.9979700345199085,1.0000000020311135,-2.0309498527382175e-09
405.2072373,0.198855284,295.7255066,1415.84063,0.101958,0.698286041,-10.13965704,-0.628599352,0.000894493,1.64134e-13,0.912299424,0.065927314,0.017456793,0.000574917,0.000659836,0.000996945,0.002084767,3.03136e-09,,222.2543502296914,0.9940665576386841,0.2688413696363636,0.9979609595244028,0.9999999990315241,9.686399460306916e-10
404.010119,0.19885203,294.8826133,1415.828819,0.10195594,0.698279927,-10.13970367,-0.628550069,0.000895355,1.64645e-13,0.912235851,0.065927456,0.017507417,0.000576726,0.000661973,0.001000056,0.002090518,3.03172e-09,,221.57863369782444,0.9940502910728003,0.268075103,0.9979526344935744,1.000000000031885,-3.172018203656535e-11
402.8289622,0.198848805,294.0510619,1415.816872,0.101953908,0.698273917,-10.13974965,-0.628501428,0.000896205,1.65153e-13,0.91217279,0.06592757,0.017557657,0.00057852,0.000664093,0.001003143,0.002096224,3.03208e-09,,220.91217497161074,0.994034169476311,0.26731914718181815,0.9979442136025993,1.0000000000322453,-3.2080116341148823e-11
401.6797286,0.198845652,293.2420804,1415.805624,0.101951933,0.698268065,-10.13979437,-0.62845407,0.000897032,1.65649e-13,0.912111103,0.065927653,0.017606819,0.000580277,0.000666169,0.001006166,0.00210181,3.03243e-09,,220.26342259408457,0.9940184078038365,0.26658370945454546,0.997936285404584,1.0000000000325957,-3.243005863851067e-11
400.5611413,0.198842569,292.4547632,1415.794393,0.101950011,0.69826239,-10.13983788,-0.628407961,0.000897838,1.66135e-13,0.912050753,0.065927709,0.017654939,0.000581996,0.0006682,0.001009123,0.002107277,3.03277e-09,,219.6322460098747,0.9940029960574873,0.2658679665454545,0.9979283691890869,1.000000000032936,-3.2770008928650896e-11
399.4578771,0.198839516,291.678318,1415.783254,0.101948117,0.698256804,-10.13988077,-0.628362464,0.000898632,1.66618e-13,0.911990927,0.06592774,0.01770266,0.000583701,0.000670214,0.001012056,0.002112699,3.03309e-09,,219.00976287715193,0.9939877342794776,0.26516210727272727,0.9979205178201599,1.0000000000332565,-3.3089975204347866e-11
398.3987434,0.198836571,290.933011,1415.772502,0.101946298,0.698251454,-10.13992193,-0.628318769,0.000899395,1.67083e-13,0.911933209,0.065927747,0.017748719,0.000585346,0.000672158,0.001014886,0.002117931,3.03341e-09,,218.41230962614023,0.9939730123874898,0.26448455545454547,0.9979129392297384,0.9999999990335771,9.665900302380237e-10
397.3537315,0.198833654,290.1977184,1415.761657,0.101944505,0.698246193,-10.13996253,-0.628275643,0.000900148,1.67545e-13,0.911875987,0.065927732,0.017794402,0.000586978,0.000674085,0.001017692,0.00212312,3.03372e-09,,217.82304362853765,0.9939584304659522,0.26381610763636365,0.9979052950878932,0.9999999990338877,9.662798339249434e-10
396.3369632,0.198830804,289.4823694,1415.751406,0.101942762,0.698241071,-10.140002,-0.628233658,0.000900881,1.67996e-13,0.911820043,0.065927695,0.017839078,0.000588574,0.000675971,0.001020438,0.002128198,3.03401e-09,,217.24937131053167,0.9939441834737059,0.26316579036363635,0.9978980696293357,1.0000000000341778,-3.400990600255227e-11
395.0219428,0.1988271,288.5572898,1415.737834,0.101940508,0.698234471,-10.14005304,-0.628179338,0.000901828,1.68583e-13,0.911747299,0.065927616,0.017897197,0.000590651,0.000678424,0.001024009,0.002134801,3.0344e-09,,216.50774217941216,0.9939256673827306,0.2623248089090909,0.9978885033505782,1.0000000000345683,-3.4399816328800625e-11
393.9807721,0.198824153,287.8249382,1415.727023,0.101938724,0.698229258,-10.14009342,-0.628136309,0.000902579,1.69051e-13,0.911689389,0.065927528,0.017943485,0.000592305,0.000680377,0.001026853,0.00214006,3.0347e-09,,215.92067615279566,0.9939109354928535,0.26165903472727275,0.9978808831737696,1.000000000034869,-3.470002063465927e-11
392.809455,0.198820823,287.0011287,1415.714793,0.101936719,0.698223407,-10.14013884,-0.628087881,0.000903423,1.6958e-13,0.911623904,0.065927401,0.017995849,0.000594176,0.000682587,0.001030071,0.00214601,3.03503e-09,,215.26016663566128,0.9938942890071764,0.260910117,0.9978722628091069,1.0000000010351995,-1.035029839613344e-09
391.669373,0.198817566,286.1993741,1415.702817,0.101934768,0.698217726,-10.14018302,-0.628040722,0.000904245,1.70099e-13,0.91155982,0.06592725,0.018047114,0.000596007,0.00068475,0.00103322,0.002151835,3.03536e-09,,214.61747043023084,0.9938780074444584,0.2601812491818182,0.9978638214773652,0.99999999903553,9.64640034517572e-10
390.5449086,0.198814339,285.4086851,1415.690936,0.101932844,0.698212136,-10.14022657,-0.627994188,0.000905056,1.70613e-13,0.911496278,0.065927074,0.018097967,0.000597825,0.000686895,0.001036344,0.002157614,3.03568e-09,,213.98364249421817,0.99386187585008,0.259462441,0.9978554471067552,1.0000000000358507,-3.567990347619343e-11
389.4654227,0.198811226,284.6497001,1415.679466,0.101930999,0.698206783,-10.14026836,-0.627949493,0.000905835,1.71109e-13,0.911434961,0.06592688,0.018147059,0.000599579,0.000688966,0.00103936,0.002163192,3.03598e-09,,213.3752337167819,0.9938463141353914,0.25877245463636367,0.9978473624311476,1.000000000036151,-3.598010778205207e-11
388.40033,0.198808142,283.9009079,1415.667889,0.101929179,0.698201522,-10.14030958,-0.627905379,0.000906603,1.71602e-13,0.911374158,0.065926663,0.018195761,0.000601319,0.00069102,0.001042351,0.002168725,3.03628e-09,,212.77512347527912,0.9938308973900974,0.2580917344545455,0.9978392023361597,1.0000000000364517,-3.628009004330579e-11
387.3640236,0.198805128,283.1724204,1415.656951,0.10192741,0.698196398,-10.14034966,-0.627862432,0.000907351,1.72083e-13,0.911314698,0.065926428,0.0182434,0.000603021,0.000693031,0.001045278,0.00217414,3.03657e-09,,212.19093971455092,0.993815830570929,0.25742947309090913,0.9978314926428905,0.9999999990367421,9.634300024430331e-10
386.355352,0.198802181,282.4634238,1415.646057,0.101925688,0.698191431,-10.14038865,-0.627820614,0.000908079,1.72555e-13,0.911256546,0.065926177,0.018290012,0.000604687,0.000694997,0.001048141,0.002179437,3.03684e-09,,211.62262895669843,0.9938010986810519,0.2567849307272727,0.9978238139631983,1.0000000000370124,-3.6839864492321794e-11
385.0421446,0.198798326,281.5404622,1415.631617,0.101923447,0.698184986,-10.1404394,-0.627766157,0.000909027,1.73172e-13,0.911180417,0.065925817,0.018351059,0.000606869,0.000697571,0.001051891,0.002186373,3.0372e-09,,210.88293083688325,0.9937818277494347,0.2559458747272727,0.9978136358711517,1.0000000000373732,-3.7200020841510195e-11
383.7687312,0.198794568,280.6455677,1415.617854,0.101921277,0.698178744,-10.14048856,-0.627713296,0.000909946,1.73775e-13,0.911106136,0.065925428,0.018410651,0.000608998,0.000700085,0.001055551,0.002193147,3.03755e-09,,210.1654783567849,0.9937630417154483,0.2551323342727273,0.9978039349652765,0.9999999990377237,9.62450119601499e-10
382.6226593,0.198791168,279.8402456,1415.605235,0.101919324,0.698173147,-10.14053279,-0.627665706,0.000910774,1.74321e-13,0.911038895,0.065925049,0.018464619,0.000610927,0.000702361,0.001058866,0.00219928,3.03786e-09,,209.5199664751093,0.9937460453036457,0.25440022327272727,0.9977950404124,1.0000000000380342,-3.785993740734739e-11
381.4918682,0.198787797,279.0457371,1415.59248,0.101917398,0.698167647,-10.14057642,-0.627618743,0.000911591,1.74863e-13,0.910972189,0.065924646,0.018518181,0.000612841,0.000704619,0.001062154,0.002205366,3.03816e-09,,208.88334141688753,0.9937291938612379,0.2536779428181818,0.9977860499993768,0.9999999990383348,9.618400520494674e-10
380.3916391,0.198784501,278.2727717,1415.580449,0.101915527,0.698162295,-10.14061882,-0.627572996,0.000912386,1.75393e-13,0.910906931,0.065924223,0.018570599,0.000614714,0.000706831,0.001065374,0.002211325,3.03845e-09,,208.26353388117673,0.9937127173396789,0.252975247,0.9977775699006639,1.0000000000386253,-3.8449909922633196e-11
379.3207495,0.198781278,277.5204856,1415.568448,0.101913705,0.698157107,-10.14066008,-0.627528462,0.00091316,1.75912e-13,0.910843081,0.065923785,0.018621907,0.000616548,0.000708995,0.001068525,0.002217156,3.03873e-09,,207.66054195515161,0.9936966057410791,0.25229135054545454,0.9977691109475717,1.0000000000389058,-3.872990816944366e-11
378.2645295,0.198778085,276.778568,1415.556543,0.10191191,0.698152003,-10.14070076,-0.627484516,0.000913923,1.76427e-13,0.910779779,0.065923328,0.018672793,0.000618367,0.00071114,0.00107165,0.00222294,3.039e-09,,207.06593780176263,0.9936806441108186,0.25161688,0.9977607196604653,1.0000000000391764,-3.89999144090325e-11
377.2505584,0.198775006,276.0663854,1415.545052,0.101910187,0.698147115,-10.14073979,-0.627442308,0.000914656,1.76924e-13,0.910718702,0.065922863,0.01872191,0.000620122,0.000713211,0.001074666,0.002228522,3.03927e-09,,206.4951588057514,0.993665252360248,0.2509694412727273,0.9977526201829232,0.9999999990394468,9.607301620917497e-10
376.2501069,0.198771954,275.3637543,1415.533469,0.101908489,0.698142313,-10.14077828,-0.627400646,0.00091538,1.77417e-13,0.910658145,0.065922381,0.018770628,0.000621863,0.000715264,0.001077657,0.002234058,3.03952e-09,,205.93219896987986,0.9936499955811829,0.2503306857272727,0.9977444558588113,0.9999999990396973,9.60480139866604e-10
374.9522238,0.198767975,274.452312,1415.518772,0.101906286,0.698136083,-10.14082818,-0.627346562,0.000916319,1.78061e-13,0.910579134,0.06592172,0.018834213,0.000624136,0.000717946,0.001081561,0.002241287,3.03985e-09,,205.20155693310625,0.9936301047804293,0.24950210181818183,0.9977340966192815,1.000000000040028,-3.984990115668552e-11
373.7062561,0.198764134,273.5774121,1415.504388,0.101904174,0.698130129,-10.14087605,-0.627294613,0.00091722,1.78683e-13,0.91050281,0.065921046,0.018895665,0.000626333,0.000720537,0.001085334,0.002248272,3.04016e-09,,204.50037678758787,0.9936109038340372,0.24870673827272727,0.99772395799906,1.0000000000403386,-4.015987542516086e-11
372.4976673,0.198760388,272.7288366,1415.490344,0.101902126,0.698124372,-10.14092246,-0.627244193,0.000918095,1.7929e-13,0.910428326,0.065920357,0.018955662,0.000628477,0.000723066,0.001089018,0.002255092,3.04046e-09,,203.82032599615218,0.9935921777873865,0.24793530600000002,0.9977140590292053,1.0000000010406394,-1.0404601624713905e-09
371.1819254,0.198756287,271.8051116,1415.474949,0.101899898,0.698118125,-10.14097294,-0.627189268,0.000919048,1.79956e-13,0.910346729,0.065919565,0.019021418,0.000630827,0.000725838,0.001093054,0.002262566,3.04079e-09,,203.08013008576754,0.9935716771153859,0.24709555599999997,0.9977032078015695,1.00000000004097,-4.07900380139381e-11
370.1054093,0.198752914,271.0494013,1415.46227,0.101898076,0.69811303,-10.14101423,-0.627144304,0.000919827,1.80504e-13,0.910279569,0.065918885,0.019075562,0.000632763,0.00072812,0.001096378,0.002268721,3.04105e-09,,202.4745526172397,0.9935548156750889,0.24640854663636363,0.9976942709574519,1.0000000010412304,-1.0410499129420714e-09
369.0719538,0.198749661,270.3239734,1415.450029,0.101896329,0.698108153,-10.14105383,-0.627101114,0.000920576,1.81033e-13,0.910214755,0.065918205,0.019127834,0.000634631,0.000730323,0.001099587,0.002274663,3.0413e-09,,201.8932698948023,0.9935385541081495,0.24574906672727273,0.997685642839395,1.0000000010414811,-1.041300157211822e-09
368.0522777,0.198746436,269.6082693,1415.437684,0.101894605,0.698103362,-10.14109291,-0.627058493,0.000921315,1.81558e-13,0.910150477,0.065917508,0.019179693,0.000636485,0.000732508,0.001102769,0.002280557,3.04154e-09,,201.31995392271006,0.9935224325116604,0.24509842663636366,0.9976769414165199,1.0000000000417213,-4.153988264476993e-11
366.7294547,0.19874223,268.6798611,1415.422024,0.101892371,0.69809715,-10.14114353,-0.627003136,0.000922273,1.82244e-13,0.910066593,0.065916561,0.019247395,0.000638905,0.000735362,0.001106925,0.002288255,3.04186e-09,,200.57591704272423,0.9935014069504716,0.24425441918181817,0.9976659034025689,0.9999999990420422,9.581401227976016e-10
365.4595446,0.198738168,267.7886669,1415.40669,0.101890228,0.698091215,-10.14119211,-0.626949972,0.000923194,1.82907e-13,0.909985538,0.065915611,0.019312845,0.000641245,0.000738119,0.001110942,0.002295695,3.04215e-09,,199.8619977046617,0.9934811012373123,0.24344424263636363,0.9976550951710286,0.9999999980423327,1.957850104261638e-09
364.2277318,0.198734206,266.9242792,1415.391713,0.101888151,0.698085478,-10.14123919,-0.626898369,0.000924087,1.83554e-13,0.909906415,0.06591465,0.019376763,0.00064353,0.000740813,0.001114865,0.002302961,3.04244e-09,,199.16943120219156,0.9934612954186177,0.24265843563636363,0.9976445385723732,1.0000000000426235,-4.244005147313601e-11
363.0330004,0.198730342,266.0859773,1415.377089,0.101886138,0.698079934,-10.14128483,-0.626848287,0.000924954,1.84187e-13,0.909829199,0.065913678,0.019439166,0.000645761,0.000743442,0.001118695,0.002310056,3.04271e-09,,198.49782989231505,0.9934419794964987,0.241896343,0.9976342307871869,1.0000000000428941,-4.271005771272485e-11
361.8041338,0.198726345,265.2237894,1415.361945,0.101884069,0.698074251,-10.14133173,-0.626796741,0.000925846,1.84841e-13,0.909749285,0.06591264,0.019503777,0.000648071,0.000746164,0.00112266,0.002317401,3.04299e-09,,197.80717377380208,0.9934219987147413,0.24111253581818182,0.9976235564779103,1.0000000010431749,-1.0429901386999063e-09
360.7508196,0.198722901,264.4848229,1415.348881,0.101882297,0.698069397,-10.14137191,-0.626752532,0.000926611,1.85406e-13,0.909680385,0.065911717,0.019559505,0.000650063,0.000748511,0.001126079,0.002323737,3.04322e-09,,197.2152928887544,0.9934047823493743,0.24044074809090907,0.997614348264995,1.0000000000434053,-4.321987212563272e-11
359.7255937,0.198719533,263.765607,1415.336092,0.101880573,0.698064687,-10.141411,-0.626709478,0.000927355,1.85959e-13,0.909612963,0.06591079,0.019614056,0.000652013,0.000750809,0.001129427,0.002329939,3.04345e-09,,196.63916594841874,0.9933879459038005,0.23978691545454545,0.9976053338869351,1.000000000043636,-4.344991033633505e-11
358.7144121,0.198716196,263.0562859,1415.323405,0.101878874,0.698060055,-10.14144952,-0.626666989,0.000928089,1.86507e-13,0.909546115,0.065909847,0.019668162,0.000653947,0.000753088,0.001132746,0.002336091,3.04367e-09,,196.07103841611467,0.9933712644255109,0.23914207809090907,0.9975963914039853,0.9999999990438565,9.563300151782528e-10
357.4200995,0.1987119,262.1484153,1415.30706,0.101876701,0.698054149,-10.1414988,-0.62661257,0.00092903,1.87213e-13,0.909460038,0.065908599,0.019737859,0.000656439,0.000756024,0.001137023,0.002344015,3.04395e-09,,195.34384948385627,0.9933497889593039,0.2383167411818182,0.9975848705650309,1.0000000000441371,-4.394995478662622e-11
356.1646164,0.198707709,261.2678439,1415.291091,0.101874594,0.698048442,-10.14154656,-0.626559745,0.000929942,1.87904e-13,0.909375989,0.065907344,0.019805944,0.000658873,0.000758891,0.0011412,0.002351756,3.04422e-09,,194.6386612200079,0.993328838382285,0.23751622172727274,0.9975736147511878,1.000000000044408,-4.4220183070819985e-11
354.9469271,0.198703619,260.4138383,1415.275494,0.101872553,0.698042928,-10.14159284,-0.626508475,0.000930828,1.88578e-13,0.909293943,0.065906084,0.019872434,0.000661251,0.000761691,0.001145279,0.002359316,3.04447e-09,,193.954751591837,0.9933083926986754,0.236739853,0.9975626211430402,1.0000000010446588,-1.0444700659917316e-09
353.7660171,0.198699631,259.5856808,1415.260102,0.101870575,0.698037609,-10.1416377,-0.626458718,0.000931687,1.89236e-13,0.909213876,0.065904822,0.019937348,0.000663572,0.000764424,0.00114926,0.002366695,3.04472e-09,,193.29173033014771,0.99328845690742,0.23598698254545453,0.9975517720299666,1.0000000000449092,-4.472000547650623e-11
352.6208922,0.198695743,258.7826662,1415.245396,0.101868659,0.698032457,-10.14168116,-0.626410439,0.00093252,1.89878e-13,0.909135755,0.065903559,0.020000706,0.000665837,0.000767092,0.001153147,0.002373901,3.04495e-09,,192.6486114536836,0.9932690210106294,0.23525696927272727,0.9975414064467507,1.00000000004514,-4.495004368720856e-11
351.5902798,0.198692224,258.0599935,1415.231932,0.101866935,0.698027843,-10.14172025,-0.626366959,0.00093327,1.9046e-13,0.909065045,0.06590239,0.020058076,0.000667888,0.000769508,0.001156666,0.002380424,3.04516e-09,,192.06995244881807,0.9932514297244138,0.23459999409090912,0.9975319162922274,1.0000000000453504,-4.515987583886272e-11
350.5734089,0.198688736,257.346993,1415.218351,0.101865236,0.698023313,-10.14175881,-0.626324047,0.00093401,1.91037e-13,0.9089949,0.065901208,0.020115009,0.000669924,0.000771903,0.001160157,0.002386896,3.04536e-09,,191.49933460057724,0.9932339934054822,0.2339518118181818,0.9975223436697838,1.0000000000455511,-4.535993802790017e-11
349.254225,0.198684185,256.42207,1415.201116,0.101863034,0.698017443,-10.14180875,-0.626268307,0.000934971,1.91791e-13,0.908903331,0.065899625,0.020189355,0.000672582,0.000775034,0.001164718,0.002395351,3.04562e-09,,190.7586741892869,0.9932112432083902,0.23311097272727274,0.9975101955107516,0.9999999990458116,9.543801304801036e-10
347.9878085,0.198679789,255.5341979,1415.184235,0.101860921,0.698011841,-10.14185668,-0.626214768,0.000935894,1.92521e-13,0.908814819,0.065898058,0.020261252,0.000675153,0.00077806,0.001169127,0.002403527,3.04586e-09,,190.04792959211306,0.9931892678477183,0.23230381627272728,0.9974982968700424,0.9999999990460526,9.541398782175747e-10
346.7593845,0.198675499,254.6730103,1415.167741,0.101858874,0.69800643,-10.14190312,-0.626162795,0.000936789,1.93233e-13,0.908728388,0.065896491,0.020331488,0.000677665,0.000781017,0.001173435,0.002411514,3.04609e-09,,189.35848088989027,0.9931678223751793,0.23152091845454545,0.997486671007839,1.000000001046283,-1.0460898813846597e-09
345.5679399,0.198671313,253.837791,1415.151631,0.10185689,0.698001204,-10.14194813,-0.62611235,0.000937658,1.93929e-13,0.908644012,0.065894928,0.020400082,0.000680117,0.000783903,0.001177641,0.002419314,3.04632e-09,,188.69003677930496,0.9931468967928836,0.2307616281818182,0.9974753158095793,1.000000000046514,-4.631983685499108e-11
344.4124817,0.19866723,253.0278392,1415.135737,0.101854967,0.697996164,-10.14199175,-0.626063401,0.000938501,1.94608e-13,0.908561668,0.065893371,0.020467051,0.000682512,0.000786721,0.001181747,0.002426928,3.04653e-09,,188.04188366386364,0.9931264861018867,0.23002530836363635,0.9974641128597879,1.0000000010467247,-1.0465299737916212e-09
343.2920374,0.198663248,252.2424667,1415.120542,0.101853105,0.697991286,-10.142034,-0.626015885,0.000939319,1.95272e-13,0.908481322,0.06589182,0.020532417,0.00068485,0.000789472,0.001185755,0.002434362,3.04673e-09,,187.4132934864065,0.993106580304299,0.22931133336363635,0.997453402602956,1.0000000010469252,-1.0467300359806586e-09
342.2836376,0.198659646,251.5356614,1415.106634,0.10185143,0.697986918,-10.14207201,-0.625973099,0.000940055,1.95872e-13,0.908408593,0.06589039,0.020591608,0.000686966,0.000791962,0.001189384,0.002441093,3.04691e-09,,186.84772921125742,0.9930885741056777,0.2286687830909091,0.997443599493248,0.9999999990471057,9.530901623477916e-10
340.9659951,0.198654912,250.612143,1415.088334,0.101849243,0.697981235,-10.14212162,-0.62591715,0.000941017,1.96663e-13,0.908312956,0.065888474,0.020669472,0.000689751,0.000795238,0.001194158,0.002449948,3.04714e-09,,186.108734765668,0.993064909101715,0.2278292209090909,0.9974307006646848,1.0000000000473366,-4.7140069625584147e-11
339.6881508,0.198650291,249.7165615,1415.070247,0.101847125,0.697975761,-10.14216969,-0.625862844,0.000941951,1.97435e-13,0.908219551,0.065886563,0.020745555,0.000692472,0.000798437,0.001198821,0.002458599,3.04736e-09,,185.39238897697004,0.9930418089784976,0.2270150559090909,0.9974179519700278,1.0000000010475574,-1.047359976524831e-09
338.449029,0.198645781,248.8481551,1415.052979,0.101845073,0.697970461,-10.14221627,-0.625810144,0.000942857,1.98189e-13,0.908128341,0.065884658,0.020819874,0.000695129,0.000801565,0.001203378,0.002467052,3.04756e-09,,184.6974343797283,0.993019263738136,0.22622559554545454,0.997405780550813,1.000000000047758,-4.755995597349738e-11
337.2594722,0.198641425,248.0145191,1415.036084,0.101843105,0.697965406,-10.14226093,-0.625759508,0.000943727,1.98919e-13,0.908040194,0.065882783,0.020891728,0.000697699,0.000804587,0.001207782,0.002475224,3.04776e-09,,184.0305847585985,0.9929974883352501,0.22546774463636363,0.9973938720421476,1.000000000047959,-4.7760018162534834e-11
336.105602,0.198637175,247.2059219,1415.019579,0.101841197,0.697960526,-10.14230422,-0.625710354,0.000944571,1.99632e-13,0.907954136,0.065880918,0.020961907,0.000700209,0.000807538,0.001212084,0.002483205,3.04794e-09,,183.38382710942466,0.992976242820497,0.22473265627272726,0.9973822384265499,1.0000000000481395,-4.793987429252411e-11
334.9864669,0.198633028,246.4216927,1415.003462,0.101839349,0.697955814,-10.14234617,-0.625662642,0.00094539,2.00327e-13,0.907870139,0.065879068,0.02103043,0.000702659,0.000810419,0.001216283,0.002490998,3.04812e-09,,182.7566557819223,0.9929555121970425,0.22401972063636363,0.9973708782943118,0.9999999990483203,9.518800192509502e-10
333.8353565,0.198628739,245.6150829,1414.98677,0.10183745,0.697950992,-10.14238928,-0.625613529,0.000946233,2.01048e-13,0.907783193,0.06587712,0.021101385,0.000705197,0.000813403,0.001220632,0.002499067,3.0483e-09,,182.11155063883788,0.9929340717234482,0.223286439,0.9973591128710125,1.0000000000485012,-4.830003064171251e-11
332.5198018,0.198623805,244.6932736,1414.967551,0.101835282,0.697945508,-10.1424385,-0.625557352,0.000947197,2.01878e-13,0.907683137,0.065874839,0.02118307,0.000708118,0.000816837,0.001225638,0.002508357,3.04849e-09,,181.37444373870483,0.9929094069305558,0.22244843054545455,0.997345566281605,0.9999999990486919,9.515099819168427e-10
331.2568692,0.198619037,243.8083654,1414.948955,0.101833203,0.697940274,-10.14248571,-0.625503373,0.000948123,2.02681e-13,0.907586385,0.065872592,0.021262091,0.000710945,0.000820159,0.00123048,0.002517345,3.04868e-09,,180.666879117477,0.9928855719624752,0.22164396854545457,0.997332458816252,1.0000000000488827,-4.867994896073924e-11
330.0318247,0.198614382,242.9500295,1414.930779,0.101831188,0.697935223,-10.14253145,-0.625450967,0.000949021,2.03465e-13,0.907491874,0.06587036,0.021339313,0.000713706,0.000823405,0.001235212,0.002526127,3.04885e-09,,179.98066196934477,0.9928623018751397,0.2208636631818182,0.9973196473895871,1.0000000000490534,-4.885003512811181e-11
328.8436577,0.198609838,242.117554,1414.913019,0.101829236,0.697930352,-10.14257577,-0.625400095,0.000949893,2.04232e-13,0.907399579,0.065868144,0.021414753,0.000716405,0.000826576,0.001239834,0.002534707,3.04902e-09,,179.31517608844496,0.9928395866706601,0.2201068672727273,0.9973071291821946,1.0000000010492243,-1.0490199819912505e-09
327.6913783,0.198605405,241.3102422,1414.895494,0.101827345,0.697925659,-10.14261871,-0.625350725,0.000950739,2.0498e-13,0.907309475,0.065865948,0.021488431,0.00071904,0.000829671,0.001244347,0.002543086,3.04917e-09,,178.67002511562714,0.9928174263490365,0.21937294745454547,0.9972947766154967,1.0000000010493748,-1.0491698620995749e-09
326.5740164,0.19860108,240.5274099,1414.878731,0.101825513,0.697921119,-10.1426603,-0.625302796,0.00095156,2.05711e-13,0.907221529,0.065863771,0.021560366,0.000721613,0.000832695,0.001248755,0.002551269,3.04932e-09,,178.04420727310318,0.9927958059134347,0.21866128172727273,0.9972829611475619,1.0000000010495256,-1.0493199642525042e-09
325.501349,0.198596904,239.7759053,1414.862358,0.101823756,0.697916789,-10.1427002,-0.625256754,0.000952348,2.06418e-13,0.907136571,0.065861639,0.021629884,0.000724099,0.000835616,0.001253014,0.002559175,3.04946e-09,,177.44364568204048,0.9927749303205854,0.21797809572727272,0.9972714205726949,1.0000000010496664,-1.0494600743982119e-09
324.2677814,0.198592072,238.9116904,1414.843393,0.101821738,0.697911837,-10.14274604,-0.62520376,0.000953255,2.07236e-13,0.907038218,0.065859134,0.021710391,0.000726979,0.000838998,0.001257945,0.002568332,3.04961e-09,,176.75310709508958,0.9927507754200473,0.2171924458181818,0.9972580530162084,1.000000000049817,-4.960987176616527e-11
323.0063246,0.198587098,238.0279518,1414.823847,0.101819676,0.697906803,-10.14279286,-0.625149517,0.000954183,2.0808e-13,0.906936913,0.065856515,0.021793346,0.000729946,0.000842483,0.001263026,0.002577767,3.04977e-09,,176.04702468018783,0.992725910669369,0.21638904709090911,0.9972442759395362,0.999999999049978,9.502300057917523e-10
321.7829688,0.198582241,237.1709191,1414.804536,0.101817679,0.69790196,-10.14283822,-0.625096871,0.000955083,2.08904e-13,0.906837961,0.065853918,0.02187441,0.000732845,0.000845887,0.00126799,0.002586986,3.04991e-09,,175.36248831295984,0.9927016307952147,0.21560992645454544,0.997230664503559,1.000000000050119,-4.991007607202391e-11
320.5966845,0.198577501,236.3398661,1414.786079,0.101815745,0.697897275,-10.14288215,-0.625045755,0.000955956,2.09709e-13,0.906741324,0.065851344,0.021953601,0.000735678,0.000849214,0.001272841,0.002595994,3.05004e-09,,174.6985315854559,0.9926779357975841,0.21485442372727273,0.9972176550129146,0.9999999990502497,9.499599995521635e-10
319.4578515,0.198572922,235.5420636,1414.768028,0.101813891,0.697892813,-10.14292428,-0.624996648,0.000956796,2.10488e-13,0.906647923,0.065848823,0.022030171,0.000738417,0.000852429,0.00127753,0.002604704,3.05017e-09,,174.0613451595517,0.9926550456300419,0.21412914872727273,0.9972049316930022,1.0000000000503806,-5.0170090304391124e-11
318.3531835,0.198568453,234.7682012,1414.750394,0.101812094,0.697888509,-10.1429651,-0.624948971,0.00095761,2.11249e-13,0.906556725,0.065846329,0.022104961,0.000741092,0.00085557,0.00128211,0.00261321,3.05028e-09,,173.4433237819016,0.9926327053464109,0.21342563745454546,0.9971925022972161,1.0000000000504914,-5.0280002383829014e-11
317.2817695,0.198564093,234.0176386,1414.733171,0.101810353,0.697884359,-10.14300466,-0.62490269,0.0009584,2.11992e-13,0.906467702,0.065843864,0.022177991,0.000743704,0.000858636,0.001286582,0.002621517,3.05039e-09,,172.84399003201568,0.9926109099477464,0.21274330781818182,0.9971803625964324,0.999999999050602,9.496099462324992e-10
316.1797436,0.198559581,233.2456344,1414.715334,0.101808564,0.697880116,-10.1430453,-0.624855043,0.000959213,2.12761e-13,0.906375545,0.065841282,0.022253618,0.00074641,0.000861811,0.001291213,0.002630119,3.0505e-09,,172.22759123466724,0.9925883547094956,0.21204148581818183,0.9971677901152802,1.0000000010507129,-1.0505001313276807e-09
314.9202854,0.19855439,232.3633459,1414.694794,0.101806522,0.697875297,-10.1430917,-0.624800539,0.000960143,2.13647e-13,0.906269481,0.065838271,0.022340689,0.000749524,0.000865466,0.001296543,0.002640023,3.05062e-09,,171.52326389010108,0.9925624051878288,0.21123940536363636,0.9971533124137124,1.0000000000508338,-5.062017471857416e-11
313.7112056,0.198549373,231.516349,1414.674918,0.101804564,0.697870702,-10.14313619,-0.624748161,0.000961036,2.14504e-13,0.906166907,0.06583532,0.022424927,0.000752537,0.000869001,0.001301701,0.002649604,3.05073e-09,,170.84721039851254,0.9925373254825308,0.21046940818181817,0.9971393027352138,1.0000000000509446,-5.073008679801205e-11
312.5383981,0.198544474,230.6947603,1414.655489,0.101802667,0.697866276,-10.1431793,-0.624697303,0.000961903,2.15342e-13,0.906066697,0.0658324,0.022507253,0.000755482,0.000872456,0.00130674,0.002658968,3.05083e-09,,170.19152036921213,0.9925128356527012,0.20972250936363637,0.9971256081264622,0.9999999990510453,9.491700758701427e-10
311.4008958,0.198539692,229.8979007,1414.636504,0.10180083,0.697862011,-10.14322105,-0.624647928,0.000962745,2.16161e-13,0.905968826,0.065829513,0.022587686,0.00075836,0.000875831,0.001311664,0.002668117,3.05092e-09,,169.55561488632443,0.9924889306993954,0.20899809154545454,0.9971122264728953,1.0000000000511362,-5.092015697982788e-11
310.2977507,0.198535024,229.1251055,1414.617776,0.10179905,0.697857909,-10.14326151,-0.624600007,0.000963561,2.1696e-13,0.90587327,0.065826662,0.022666246,0.00076117,0.000879127,0.001316471,0.002677051,3.051e-09,,168.93911290199756,0.9924655956257795,0.20829555045454545,0.9970990259668115,1.0000000000512168,-5.0999870992995966e-11
309.2280343,0.198530471,228.3757216,1414.599845,0.101797327,0.697853944,-10.14330069,-0.624553479,0.000964353,2.17741e-13,0.905779991,0.065823848,0.022742954,0.000763914,0.000882346,0.001321167,0.002685778,3.05108e-09,,168.34112090747908,0.992442835430798,0.20761429236363635,0.9970863872293816,1.0000000010512977,-1.05107988979114e-09
308.2011065,0.198526073,227.6563071,1414.582337,0.101795674,0.697850168,-10.14333826,-0.624508778,0.000965114,2.18496e-13,0.905689873,0.0658211,0.022817089,0.000766566,0.000885455,0.001325704,0.00269421,3.05115e-09,,167.76731188016592,0.992420850072237,0.20696027918181817,0.997074046645202,1.0000000000513687,-5.115019519053021e-11
306.9585238,0.198520716,226.7858052,1414.560995,0.101793676,0.697845631,-10.14338367,-0.624454636,0.000966036,2.19416e-13,0.905580071,0.065817714,0.022907446,0.000769798,0.000889245,0.001331234,0.002704488,3.05124e-09,,167.07299081134985,0.9923940707257588,0.2061689138181818,0.9970590036507104,0.9999999990514595,9.487598484625437e-10
305.8247956,0.198515796,225.9915507,1414.541368,0.101791856,0.697841523,-10.14342505,-0.624405185,0.000966877,2.20262e-13,0.905479155,0.065814566,0.022990521,0.00077277,0.000892729,0.001336317,0.002713938,3.0513e-09,,166.43959770662127,0.9923694759180915,0.20544686427272726,0.9970451694808626,0.9999999990515203,9.487000074415164e-10
304.6654352,0.198510731,225.1793261,1414.521145,0.101789997,0.697837353,-10.14346731,-0.624354563,0.000967737,2.21134e-13,0.905375226,0.065811288,0.023076106,0.000775832,0.000896318,0.001341554,0.002723673,3.05137e-09,,165.79194785732784,0.9923441562634505,0.20470847827272726,0.9970309152180192,1.0000000000515912,-5.137001934940599e-11
303.5410922,0.198505786,224.3916202,1414.501186,0.101788197,0.697833346,-10.14350826,-0.624305433,0.000968572,2.21986e-13,0.905273724,0.065808053,0.023159723,0.000778823,0.000899823,0.001346669,0.002733182,3.05143e-09,,165.1640914267717,0.992319436482167,0.203992382,0.9970168470366371,1.000000000051652,-5.142997139273575e-11
302.4508202,0.19850096,223.6277682,1414.482078,0.101786454,0.697829475,-10.14354789,-0.624257717,0.000969383,2.22818e-13,0.905174614,0.065804859,0.023241392,0.000781745,0.000903247,0.001351666,0.002742473,3.05148e-09,,164.55513773716817,0.9922953115752968,0.20329797109090908,0.9970033786860257,0.9999999990517027,9.485201513115271e-10
301.4041591,0.198496298,222.8944555,1414.463412,0.101784782,0.697825793,-10.14358591,-0.624211876,0.000970161,2.23623e-13,0.905078835,0.065801743,0.023320343,0.000784569,0.000906557,0.001356496,0.002751453,3.05152e-09,,163.9706554467534,0.9922720064953487,0.20263132318181817,0.9969902218808913,0.9999999990517435,9.484800722603381e-10
300.3888978,0.198491748,222.1831266,1414.44518,0.101783163,0.697822247,-10.14362274,-0.624167367,0.000970917,2.24408e-13,0.904985328,0.065798672,0.023397445,0.000787328,0.000909788,0.001361213,0.002760223,3.05156e-09,,163.4038111775502,0.9922492612972013,0.20198466054545455,0.9969773709824012,1.0000000000517844,-5.1559867486616895e-11
299.1630483,0.198486218,221.3242299,1414.422999,0.10178121,0.697817999,-10.14366715,-0.624113569,0.000971829,2.25364e-13,0.904871628,0.0657949,0.023491228,0.000790683,0.000913719,0.001366949,0.002770891,3.05161e-09,,162.71941241491342,0.9922216171332989,0.20120384536363636,0.9969617366153869,1.0000000010518355,-1.051610132307701e-09
298.1019851,0.198481399,220.5807702,1414.403651,0.101779522,0.697814352,-10.14370554,-0.624066952,0.00097262,2.26198e-13,0.9047725,0.065791578,0.023573019,0.000793609,0.000917146,0.001371952,0.002780194,3.05164e-09,,162.12714155757396,0.9921975272190412,0.2005279729090909,0.996948099099811,1.0000000010518661,-1.051639886284761e-09
296.9560369,0.19847616,219.7778108,1414.382384,0.101777702,0.697810454,-10.14374696,-0.62401656,0.000973475,2.27105e-13,0.904664693,0.06578793,0.023662002,0.000796792,0.000920872,0.001377393,0.002790314,3.05167e-09,,161.48773424588535,0.9921713377480315,0.19979800981818183,0.9969331089693707,0.9999999990518971,9.483300811297113e-10
295.8448144,0.198471045,218.999157,1414.362024,0.101775939,0.69780669,-10.14378705,-0.623967624,0.000974304,2.27991e-13,0.904559395,0.065784331,0.023748939,0.000799902,0.000924516,0.00138271,0.002800204,3.05169e-09,,160.86744295318462,0.992145768146158,0.1990901427272727,0.9969187581415265,1.000000000051918,-5.1689985625102963e-11
294.7780408,0.198466102,218.2516251,1414.342125,0.10177425,0.697803114,-10.14382549,-0.623920602,0.0009751,2.28849e-13,0.904457606,0.06578082,0.023833006,0.00080291,0.000928037,0.001387851,0.002809766,3.05171e-09,,160.27220897989508,0.9921210583627638,0.1984105682727273,0.9969047322513854,0.9999999990519389,9.482898910562199e-10
293.7432704,0.198461277,217.5264946,1414.322684,0.101772613,0.697799673,-10.14386274,-0.623874943,0.000975873,2.29686e-13,0.904358204,0.065777361,0.023915128,0.000805848,0.000931476,0.001392873,0.002819107,3.05172e-09,,159.69488515290706,0.9920969384548382,0.19775135872727273,0.9968910291843855,1.0000000000519498,-5.171996164676784e-11
292.7396497,0.198456569,216.8231682,1414.303695,0.101771028,0.697796364,-10.14389881,-0.623830613,0.000976624,2.30504e-13,0.90426116,0.065773955,0.023995326,0.000808717,0.000934834,0.001397776,0.002828229,3.05173e-09,,159.13503202217868,0.9920734034234363,0.19711197109090908,0.9968776447114026,1.0000000000519604,-5.172995365398947e-11
291.5303893,0.198450856,215.9756978,1414.280639,0.10176912,0.697792411,-10.14394222,-0.62377714,0.000977528,2.31497e-13,0.904143393,0.065769784,0.02409268,0.0008122,0.00093891,0.001403728,0.002839302,3.05173e-09,,158.460537352121,0.9920448444526635,0.19634154345454546,0.996861393597121,1.0000000000519615,-5.1730175698594394e-11
290.2562417,0.198444792,215.0827113,1414.256136,0.101767114,0.69778829,-10.14398789,-0.623720724,0.000978482,2.32552e-13,0.904018303,0.065765308,0.024196124,0.000815901,0.000943241,0.001410052,0.002851068,3.05172e-09,,157.74990216538416,0.9920145308523192,0.19552973754545455,0.9968441225590725,1.0000000000519527,-5.171996164676784e-11
289.1349919,0.198439415,214.2968459,1414.234176,0.101765351,0.697784708,-10.14402802,-0.623671024,0.000979323,2.33489e-13,0.903907365,0.065761301,0.024287899,0.000819185,0.000947081,0.001415661,0.002861505,3.05172e-09,,157.1247985930613,0.991987651526948,0.19481531445454545,0.9968286439647965,1.0000000000519536,-5.171996164676784e-11
288.0477193,0.198434165,213.5347577,1414.213142,0.101763644,0.697781251,-10.14406686,-0.623622757,0.000980138,2.34404e-13,0.903799002,0.065757351,0.024377567,0.000822393,0.000950835,0.001421143,0.002871705,3.0517e-09,,156.51845003141486,0.991961407067547,0.194122507,0.9968138180653431,0.9999999990519344,9.48299994085744e-10
287.0039376,0.198429092,212.8031192,1414.19259,0.101762008,0.697777972,-10.1441041,-0.623576376,0.000980921,2.35289e-13,0.903694247,0.065753502,0.024464279,0.000825495,0.000954463,0.001426443,0.002881568,3.05168e-09,,155.93655719073234,0.9919360474213487,0.1934573810909091,0.996799331905527,1.0000000000519151,-5.167999361788134e-11
285.9914693,0.198424139,212.0933962,1414.172508,0.101760424,0.697774821,-10.14414018,-0.623531337,0.000981682,2.36154e-13,0.903591942,0.065749712,0.024548987,0.000828526,0.000958008,0.00143162,0.002891203,3.05166e-09,,155.37212244965133,0.9919112876485081,0.19281217836363637,0.9967851770271005,1.0000000010518961,-1.051660092343809e-09
284.7689922,0.198418117,211.2364145,1414.148069,0.101758514,0.697771055,-10.14418367,-0.623476888,0.0009826,2.37206e-13,0.9034675,0.065745063,0.024652058,0.000832213,0.000962319,0.001437919,0.002902925,3.05162e-09,,154.6908228371927,0.9918811840038391,0.1920331040909091,0.9967679510997093,1.0000000000518574,-5.162004157455158e-11
283.5954141,0.198412291,210.4136625,1414.124406,0.101756683,0.697767481,-10.14422535,-0.623424548,0.000983483,2.38225e-13,0.90334708,0.065740523,0.024751831,0.000835783,0.000966492,0.001444015,0.002914273,3.05158e-09,,154.03683166958604,0.991852060152321,0.1912851477272727,0.9967512721390374,1.0000000000518183,-5.158007354566507e-11
282.5795958,0.198407214,209.7014691,1414.103763,0.101755101,0.69776442,-10.14426138,-0.623379189,0.000984248,2.39113e-13,0.903242082,0.065736532,0.024838852,0.000838896,0.000970132,0.001449332,0.002924171,3.05154e-09,,153.4707595404677,0.9918266805103441,0.19063769918181817,0.9967367218375057,1.000000000051779,-5.153988347217364e-11
281.4825119,0.198401693,208.9322567,1414.081082,0.101753395,0.697761157,-10.14430023,-0.62333015,0.000985074,2.4008e-13,0.903127882,0.065732158,0.024933531,0.000842284,0.000974089,0.001455116,0.002934937,3.05149e-09,,152.85969272049095,0.9917990813369435,0.1899384151818182,0.9967207350434814,1.00000000005173,-5.148992343606551e-11
280.4186731,0.198396302,208.186307,1414.059345,0.101751744,0.697758011,-10.14433784,-0.623282522,0.000985876,2.41025e-13,0.903016327,0.065727849,0.02502604,0.000845594,0.000977958,0.001460769,0.00294546,3.05144e-09,,152.26691297533142,0.9917721320263473,0.1892602790909091,0.9967054136316519,1.000000000051681,-5.143996339995738e-11
279.3973877,0.198391092,207.4701523,1414.038111,0.101750161,0.697755031,-10.14437389,-0.623236753,0.000986647,2.41939e-13,0.902908481,0.065723654,0.025115502,0.000848794,0.000981698,0.001466234,0.002955635,3.05138e-09,,151.69803258774382,0.9917460875247323,0.18860922936363636,0.9966904467613944,1.000000001051622,-1.0513800940969986e-09
278.1616325,0.198384741,206.6035459,1414.012206,0.10174825,0.697751469,-10.14441744,-0.623181298,0.00098758,2.43054e-13,0.902776982,0.065718496,0.025224618,0.000852698,0.000986259,0.001472899,0.002968044,3.05131e-09,,151.0098028274141,0.9917143392272741,0.18782140536363637,0.9966721875180102,0.999999999051553,9.486900154342948e-10
276.9753075,0.198378596,205.7715405,1413.987116,0.101746418,0.697748093,-10.14445917,-0.623127985,0.000988477,2.44134e-13,0.902649697,0.065713461,0.025330274,0.000856479,0.000990674,0.001479352,0.00298006,3.05123e-09,,150.34920739962828,0.9916836207124133,0.18706503681818182,0.996654502730652,1.000000000051474,-5.12299092036983e-11
275.8364355,0.198372651,204.9727549,1413.962824,0.101744663,0.697744895,-10.14449916,-0.623076734,0.000989339,2.45179e-13,0.902526527,0.065708549,0.025432547,0.000860138,0.000994947,0.001485598,0.002991691,3.05115e-09,,149.71512002229565,0.9916539019864822,0.1863388680909091,0.9966373804168018,1.000000000051395,-5.114997314592529e-11
274.7973324,0.198367189,204.2438922,1413.940482,0.101743064,0.697742013,-10.14453559,-0.62302991,0.000990125,2.4614e-13,0.902413301,0.065704,0.02552659,0.000863503,0.000998876,0.001491341,0.003002386,3.05106e-09,,149.13663035050408,0.9916265977508159,0.18567626563636364,0.9966216325682903,1.0000000000513063,-5.106004508093065e-11
273.7347366,0.198361564,203.4984964,1413.917457,0.101741433,0.697739102,-10.14457277,-0.622981967,0.000990931,2.47131e-13,0.902296672,0.06569928,0.025623488,0.000866969,0.001002923,0.001497258,0.003013406,3.05097e-09,,148.54514994237255,0.991598478687172,0.18499863309090908,0.9966054033044832,0.9999999990512173,9.490298547021325e-10
272.7042354,0.19835607,202.7755611,1413.894751,0.101739853,0.697736323,-10.14460879,-0.622935418,0.000991712,2.48099e-13,0.902182745,0.065694637,0.025718171,0.000870357,0.001006876,0.001503039,0.003024171,3.05088e-09,,147.97171808227594,0.991571014485277,0.18434141918181818,0.9965893988891086,0.9999999990511281,9.49120004811732e-10
271.4651359,0.198349415,201.9062127,1413.867478,0.101737957,0.697733017,-10.144652,-0.622879358,0.000992653,2.49273e-13,0.902044665,0.065688966,0.025832959,0.000874464,0.00101167,0.001510047,0.003037225,3.05076e-09,,147.2821152810058,0.9915377465086459,0.18355110245454545,0.996570175405425,0.9999999990510093,9.492399088983916e-10
270.2756004,0.198342973,201.071561,1413.841056,0.101736141,0.697729892,-10.1446934,-0.622825458,0.000993557,2.5041e-13,0.901910977,0.065683432,0.025944133,0.000878442,0.001016311,0.001516834,0.003049868,3.05064e-09,,146.62023141319324,0.9915055433072247,0.18279232818181818,0.9965515517525125,1.0000000000508904,-5.063993668841249e-11
269.1336463,0.19833674,200.2702221,1413.815468,0.101734401,0.697726938,-10.14473307,-0.622773637,0.000994426,2.51511e-13,0.901781581,0.065678034,0.026051772,0.000882293,0.001020804,0.001523405,0.003062108,3.05052e-09,,145.98490325595685,0.9914743848852351,0.1820638382727273,0.9965335159478527,1.0000000000507714,-5.0520032601752973e-11
267.9843247,0.198330418,199.4636379,1413.789642,0.101732654,0.697724004,-10.14477291,-0.622721398,0.000995301,2.52629e-13,0.901650289,0.065672516,0.026161019,0.000886202,0.001025365,0.001530074,0.003074532,3.05038e-09,,145.34545033494626,0.9914427815571717,0.1813305799090909,0.9965153123879359,1.0000000000506326,-5.037992245604528e-11
266.9234125,0.198324537,198.7190306,1413.765451,0.101731044,0.697721343,-10.14480962,-0.622673114,0.000996109,2.53669e-13,0.901528145,0.065667347,0.026262687,0.000889839,0.001029607,0.001536279,0.003086093,3.05025e-09,,144.75537620113698,0.9914133827636978,0.1806536641818182,0.9964982612643417,1.0000000000505036,-5.024980431755921e-11
265.9049368,0.198318852,198.004144,1413.742043,0.101729501,0.697718826,-10.1448448,-0.622626696,0.000996886,2.54676e-13,0.901410016,0.065662315,0.02636104,0.000893358,0.00103371,0.001542281,0.003097276,3.05012e-09,,144.18900408486866,0.991384963763375,0.18000376727272727,0.996481762041445,0.9999999990503746,9.498800634943905e-10
264.6725812,0.198311919,197.1390457,1413.713476,0.101727639,0.69771583,-10.14488728,-0.622570446,0.000997827,2.55904e-13,0.901265924,0.065656133,0.026481046,0.000897652,0.001038716,0.001549605,0.003110922,3.04996e-09,,143.5037019444553,0.991350306080132,0.17921731427272727,0.9964616264766599,1.000000001050216,-1.049960118848503e-09
263.4895198,0.198305207,196.3084607,1413.685796,0.101725855,0.697713006,-10.14492798,-0.622516358,0.000998731,2.57094e-13,0.901126389,0.065650102,0.026597294,0.000901811,0.001043564,0.001556698,0.003124139,3.04979e-09,,142.8459653750854,0.991316753163656,0.17846223700000002,0.9964421161173904,1.000000000050047,-4.978994994075947e-11
262.3537809,0.198298712,195.5110132,1413.658985,0.101724146,0.697710343,-10.14496696,-0.62246435,0.000999601,2.58247e-13,0.90099131,0.065644222,0.026709864,0.000905839,0.001048258,0.001563566,0.003136938,3.04962e-09,,142.21460802669696,0.9912842850181683,0.17773728472727274,0.9964232182762642,1.000000000049878,-4.9619863773386896e-11
261.2634715,0.198292427,194.7453823,1413.633024,0.101722509,0.697707832,-10.14500431,-0.622414346,0.001000436,2.59363e-13,0.900860583,0.065638493,0.02681884,0.000909738,0.001052801,0.001570214,0.003149329,3.04945e-09,,141.60857814001756,0.9912528666510569,0.17704125663636364,0.9964049195610548,1.0000000010497094,-1.0494500823909902e-09
260.0091652,0.198285138,193.8644893,1413.602885,0.101720631,0.697705,-10.14504718,-0.622356726,0.001001397,2.60658e-13,0.900708902,0.065631798,0.026945322,0.000914263,0.001058073,0.00157793,0.003163709,3.04925e-09,,140.91149008743346,0.9912164293435192,0.17624044481818182,0.9963836759657506,1.0000000000495106,-4.9249937461581794e-11
259.00226,0.198279239,193.1572645,1413.578477,0.101719126,0.69770277,-10.14508152,-0.622310395,0.00100217,2.61708e-13,0.900586127,0.065626343,0.027047731,0.000917927,0.001062341,0.001584177,0.003175352,3.04908e-09,,140.35195508230063,0.9911869405690418,0.17559751318181818,0.9963664718888341,1.0000000010493417,-1.0490801560791851e-09
257.7864998,0.198272059,192.3032476,1413.548748,0.101717314,0.69770013,-10.14512289,-0.622254366,0.001003105,2.62985e-13,0.900436668,0.06561966,0.027172432,0.000922389,0.001067536,0.001591782,0.003189529,3.04886e-09,,139.67652327074137,0.9911510481464706,0.17482113418181816,0.9963455172836778,0.999999999049123,9.511400556050376e-10
256.61937,0.198265108,191.4832882,1413.519939,0.101715578,0.69769765,-10.14516252,-0.622200484,0.001004003,2.64223e-13,0.90029192,0.065613142,0.027293242,0.000926711,0.001072569,0.00159915,0.003203263,3.04865e-09,,139.02813596455067,0.9911163004822238,0.17407571654545456,0.99632521114422,1.0000000000489142,-4.864997293907436e-11
255.4989254,0.19825838,190.6960297,1413.492032,0.101713915,0.697695321,-10.14520047,-0.62214867,0.001004866,2.65422e-13,0.900151776,0.06560679,0.027410244,0.000930897,0.001077442,0.001606285,0.003216564,3.04843e-09,,138.40577864593413,0.9910826675826334,0.173360027,0.9963055407830881,1.0000000010486956,-1.0484302315205696e-09
254.4232986,0.198251869,189.9401696,1413.465006,0.101712323,0.697693133,-10.14523682,-0.622098847,0.001005695,2.66584e-13,0.900016131,0.065600603,0.027523521,0.00093495,0.001082159,0.001613192,0.003229441,3.04822e-09,,137.80840440417236,0.9910501194540315,0.17267288145454546,0.9962864913983474,1.0000000000484865,-4.8219872539334574e-11
253.3399131,0.19824526,189.1787642,1413.43755,0.101710724,0.697690977,-10.14527335,-0.622048583,0.001006531,2.67763e-13,0.899878399,0.065594283,0.027638574,0.000939067,0.001086949,0.001620207,0.003242519,3.048e-09,,137.20680329771776,0.9910170814288543,0.1719806947272727,0.9962671389263785,1.000000001048268,-1.0480001311208298e-09
252.2023584,0.198238263,188.3791857,1413.408463,0.101709048,0.697688766,-10.14531162,-0.621995715,0.00100741,2.69013e-13,0.899732566,0.065587549,0.027760428,0.000943426,0.001092021,0.001627635,0.003256371,3.04775e-09,,136.5752069097083,0.9909821038131535,0.17125380518181818,0.996246636837503,0.999999999048019,9.522500565850578e-10
251.0128012,0.198230884,187.5429396,1413.377761,0.101707301,0.697686513,-10.14535154,-0.621940332,0.001008331,2.70332e-13,0.899578718,0.0655804,0.027889018,0.000948027,0.001097373,0.001635474,0.003270987,3.04749e-09,,135.91479885708023,0.9909452166005974,0.17049358145454546,0.9962249964093856,1.0000000000477602,-4.748978987834107e-11
249.8708263,0.198223738,186.7400297,1413.348008,0.101705627,0.697684406,-10.14538977,-0.621887067,0.001009215,2.7161e-13,0.899429711,0.065573432,0.028013599,0.000952484,0.001102556,0.001643068,0.003285147,3.04723e-09,,135.28093497567545,0.9909094941421442,0.16976366336363638,0.9962040248877329,1.0000000000475016,-4.7229997690578784e-11
248.7745304,0.198216821,185.9691292,1413.319184,0.101704025,0.697682437,-10.14542637,-0.621835842,0.001010065,2.72848e-13,0.899285436,0.065566645,0.028134258,0.000956801,0.001107575,0.001650421,0.003298861,3.04697e-09,,134.67251612507033,0.9908749164420153,0.16906284472727273,0.9961837081754646,1.0000000000472429,-4.696998345821157e-11
247.7220863,0.198210127,185.2289639,1413.29127,0.101702491,0.697680597,-10.14546143,-0.621786581,0.001010883,2.74047e-13,0.899145786,0.065560037,0.02825108,0.000960981,0.001112434,0.001657541,0.003312139,3.04671e-09,,134.08845504216663,0.9908414535065431,0.16838996718181817,0.9961640328803545,1.000000001046984,-1.0467100519662154e-09
246.71174,0.19820365,184.5183103,1413.264245,0.101701022,0.697678877,-10.14549501,-0.621739211,0.001011668,2.75207e-13,0.899010653,0.065553607,0.028364154,0.000965026,0.001117136,0.001664431,0.003324989,3.04645e-09,,133.5278778561503,0.9908090753420592,0.16774391845454545,0.9961449842004682,0.9999999990467253,9.53549905702289e-10
245.5987027,0.198196458,183.7353167,1413.234212,0.101699408,0.697677035,-10.14553191,-0.621686936,0.001012534,2.76497e-13,0.898860556,0.065546427,0.028489782,0.000969521,0.001122359,0.001672086,0.003339267,3.04616e-09,,132.9103568647771,0.9907731229321521,0.1670321060909091,0.99612381531969,1.0000000010464365,-1.046160047479816e-09
244.4347838,0.198188872,182.9164036,1413.202509,0.101697725,0.69767517,-10.14557039,-0.621632167,0.001013441,2.77858e-13,0.898702203,0.065538806,0.028622359,0.000974264,0.001127869,0.001680163,0.003354333,3.04585e-09,,132.26475474530034,0.9907352009380539,0.16628763963636364,0.9961014693326985,1.0000000000461278,-4.584976842636479e-11
243.3174216,0.198181525,182.1301235,1413.171785,0.101696114,0.697673439,-10.14560723,-0.621579489,0.001014313,2.79177e-13,0.898548823,0.065531381,0.028750809,0.00097886,0.001133207,0.001687988,0.00336893,3.04554e-09,,131.6450226543792,0.9906984736917266,0.16557283954545454,0.9960798133977926,1.0000000010458194,-1.0455400989428654e-09
242.2447539,0.198174413,181.3751786,1413.142019,0.101694571,0.697671832,-10.1456425,-0.621528824,0.001015151,2.80455e-13,0.898400306,0.065524152,0.02887522,0.00098331,0.001138376,0.001695566,0.003383067,3.04523e-09,,131.0501708673618,0.9906629211973914,0.164886526,0.9960588327130376,1.0000000000455103,-4.52298198894141e-11
241.2149929,0.198167529,180.6503224,1413.113191,0.101693095,0.697670342,-10.14567627,-0.621480097,0.001015956,2.81692e-13,0.898256544,0.065517116,0.028995679,0.00098762,0.00114338,0.001702903,0.003396754,3.04493e-09,,130.47918402723943,0.990628508462436,0.16422756581818182,0.9960385131813534,0.9999999990452115,9.550701340899082e-10
240.0319494,0.198159552,179.8174351,1413.079763,0.101691403,0.697668692,-10.14571497,-0.621424009,0.001016883,2.83127e-13,0.898089928,0.065508918,0.029135327,0.000992616,0.001149179,0.001711408,0.003412621,3.04457e-09,,129.82331008132158,0.9905886318809805,0.16347039554545456,0.9960149513211778,1.000000000044853,-4.456990332357691e-11
238.9040066,0.198151878,179.0232031,1413.047578,0.101689795,0.697667184,-10.14575175,-0.621370423,0.001017768,2.84508e-13,0.897929604,0.065500983,0.029269739,0.000997425,0.00115476,0.001719593,0.003427893,3.04422e-09,,129.19804410030244,0.9905502699797533,0.16274836645454543,0.9959922655945489,1.0000000000445046,-4.421996102621506e-11
237.774508,0.198144125,178.2277392,1413.015038,0.101688191,0.697665737,-10.14578847,-0.621316657,0.001018655,2.85905e-13,0.897767603,0.065492922,0.029405595,0.001002285,0.001160399,0.001727865,0.003443328,3.04386e-09,,128.57203486281017,0.9905115131618989,0.16202521745454546,0.9959693296447429,1.0000000000441458,-4.3860026721631584e-11
236.6901894,0.198136617,177.4639629,1412.983504,0.101686655,0.697664409,-10.14582363,-0.621264938,0.001019507,2.87258e-13,0.897610691,0.065485071,0.029537219,0.001006994,0.001165861,0.001735879,0.003458281,3.0435e-09,,127.97114876947315,0.9904739810854831,0.16133087536363638,0.9959471027780811,0.9999999990437873,9.564998793010204e-10
235.6492435,0.198129348,176.7306147,1412.952954,0.101685185,0.697663191,-10.14585728,-0.621215191,0.001020327,2.88569e-13,0.897458757,0.065477431,0.0296647,0.001011555,0.001171151,0.00174364,0.003472763,3.04315e-09,,127.39433422036579,0.9904376437568384,0.16066419518181818,0.9959255694877746,1.0000000000434386,-4.315015011968626e-11
234.4517255,0.19812091,175.8868092,1412.917468,0.101683499,0.697661859,-10.14589587,-0.621157843,0.001021272,2.90091e-13,0.897282375,0.065468514,0.029812735,0.001016851,0.001177291,0.001752651,0.00348958,3.04273e-09,,126.73089255227552,0.9903954626619003,0.15989709927272727,0.9959005570380262,1.00000000004302,-4.27300417271681e-11
233.2719804,0.198112518,175.0553651,1412.882147,0.101681844,0.697660621,-10.14593376,-0.62110122,0.001022203,2.91606e-13,0.897106917,0.065459594,0.029960037,0.00102212,0.0011834,0.001761617,0.003506312,3.04231e-09,,126.07736489956748,0.9903535115184158,0.159141241,0.9958756608891909,1.0000000000426017,-4.230993333464994e-11
232.1394251,0.198104385,174.2570252,1412.847682,0.101680261,0.697659514,-10.14597002,-0.621046737,0.001023099,2.93075e-13,0.896936877,0.065450903,0.030102835,0.001027229,0.001189319,0.001770306,0.003522529,3.04189e-09,,125.450194902842,0.9903128551015953,0.15841547745454546,0.9958513680953968,1.0000000010421832,-1.0418901297271077e-09
231.052172,0.198096508,173.4904731,1412.814495,0.101678746,0.697658505,-10.14600471,-0.620994326,0.00102396,2.945e-13,0.896772134,0.065442439,0.030241217,0.001032179,0.001195055,0.001778727,0.003538246,3.04148e-09,,124.8480879265839,0.9902734784146046,0.15771861190909092,0.99582797610504,1.0000000000417746,-4.1479930601440174e-11
230.008409,0.198088879,172.754447,1412.782336,0.101677297,0.697657599,-10.14603792,-0.620943908,0.001024788,2.95879e-13,0.896612579,0.065434202,0.030375276,0.001036975,0.00120061,0.001786884,0.003553471,3.04108e-09,,124.27016260141897,0.9902353414658864,0.15704949727272727,0.9958053087046155,1.000000000041376,-4.108002826797019e-11
229.0063966,0.198081493,172.0477342,1412.751183,0.101675909,0.697656781,-10.14606972,-0.620895435,0.001025584,2.97216e-13,0.896458094,0.065426192,0.030505104,0.001041619,0.001205989,0.001794783,0.003568216,3.04068e-09,,123.71538707325821,0.9901984192607178,0.1564070310909091,0.9957833503873351,1.0000000000409772,-4.0679903889895286e-11
227.8582843,0.198072955,171.2378218,1412.715303,0.101674327,0.697655916,-10.146106,-0.620839725,0.001026498,2.98762e-13,0.896279486,0.065416882,0.030655245,0.00104699,0.001212209,0.001803918,0.003585267,3.04021e-09,,123.0797586005086,0.9901557382713149,0.15567074709090908,0.9957580602251028,1.0000000000405087,-4.0209835461268995e-11
226.8529102,0.198065411,170.5284621,1412.683428,0.101672945,0.697655225,-10.14613767,-0.620790853,0.001027299,3.00129e-13,0.896121664,0.065408617,0.030787948,0.001051737,0.001217705,0.00181199,0.003600336,3.0398e-09,,122.52327092040302,0.9901180262328919,0.15502587463636364,0.9957355930032201,1.0000000000401001,-3.9799941120577387e-11
225.7537013,0.19805709,169.7527439,1412.648249,0.101671439,0.697654537,-10.14617219,-0.620737305,0.001028176,3.01637e-13,0.895947572,0.065399458,0.030934368,0.001056975,0.001223767,0.001820896,0.003616962,3.03933e-09,,121.91493245222685,0.9900764300144775,0.15432067627272728,0.9957107969436558,1.0000000010396317,-1.039329955432322e-09
224.6984607,0.19804903,169.007903,1412.614148,0.101669999,0.697653944,-10.14620521,-0.620685784,0.001029019,3.03099e-13,0.89577891,0.065390543,0.031076258,0.00106205,0.001229639,0.001829525,0.003633072,3.03887e-09,,121.33105559465027,0.9900361385206162,0.1536435481818182,0.9956867607167247,1.000000000039173,-3.8870018315151356e-11
223.6854297,0.198041223,168.2927136,1412.581104,0.101668622,0.697653437,-10.1462368,-0.620636218,0.00102983,3.04515e-13,0.89561556,0.06538187,0.031213712,0.001066967,0.001235327,0.001837884,0.003648677,3.03841e-09,,120.77057526262767,0.9899971117597508,0.15299337600000001,0.9956634695204929,1.0000000000387144,-3.840994189374669e-11
222.523162,0.198032184,167.4719904,1412.542816,0.101667047,0.697652933,-10.14627292,-0.620579218,0.001030762,3.06156e-13,0.895426391,0.065371779,0.031372933,0.001072663,0.001241914,0.001847565,0.003666753,3.03788e-09,,120.12761120363145,0.9899519262990795,0.15224726400000002,0.9956364820697806,1.0000000010381862,-1.0378800041621616e-09
221.4149753,0.198023481,166.6892795,1412.50593,0.101665552,0.69765253,-10.14630722,-0.620524738,0.001031652,3.07737e-13,0.895244252,0.065362017,0.031526277,0.001078148,0.001248256,0.001856888,0.00368416,3.03736e-09,,119.51466266346505,0.9899084204838096,0.15153570863636365,0.9956104828244046,1.0000000010376677,-1.0373599756974272e-09
220.3584027,0.198015106,165.9428604,1412.47041,0.101664133,0.697652219,-10.14633981,-0.620472673,0.001032501,3.09259e-13,0.895068962,0.065352578,0.031673892,0.001083428,0.001254359,0.001865862,0.003700916,3.03686e-09,,118.93034719314579,0.9898665543223842,0.15085714581818183,0.9955854464096193,1.0000000000371696,-3.68602925959749e-11
219.3003729,0.198006642,165.1952495,1412.434494,0.101662717,0.697651978,-10.14637232,-0.620420416,0.001033354,3.10798e-13,0.894891808,0.065342997,0.031823114,0.001088765,0.001260527,0.001874932,0.003717853,3.03634e-09,,118.34531200783499,0.9898242432548854,0.15017749954545453,0.9955601308726425,0.9999999990366508,9.63659929631433e-10
218.2846642,0.197998443,164.4773876,1412.399681,0.101661362,0.697651815,-10.14640341,-0.620370133,0.001034173,3.1229e-13,0.894720192,0.065333675,0.031967706,0.001093937,0.001266502,0.001883721,0.003734263,3.03583e-09,,117.78374229428752,0.989783256907718,0.14952489781818182,0.9955355927896494,0.9999999990361423,9.641699660889458e-10
217.1161795,0.19798892,163.6513586,1412.359223,0.101659811,0.697651711,-10.14643903,-0.620312145,0.001035118,3.14023e-13,0.894520859,0.0653228,0.032135693,0.001099946,0.001273442,0.00189393,0.003753328,3.03523e-09,,117.13778721862887,0.9897356519578371,0.14877396236363638,0.9955070758057141,1.0000000010355439,-1.0352299018023814e-09
216.0095971,0.197979811,162.8688983,1412.320336,0.101658348,0.697651702,-10.14647265,-0.620257106,0.001036014,3.15682e-13,0.894330183,0.06531235,0.032296428,0.001105695,0.00128008,0.001903696,0.003771566,3.03465e-09,,116.52621274716097,0.9896901165710402,0.14806263481818183,0.9954796661474442,1.0000000010349657,-1.0346499212943172e-09
214.8688518,0.197970327,162.0620819,1412.280156,0.101656848,0.69765177,-10.14650712,-0.620200179,0.001036939,3.1741e-13,0.894131643,0.065301417,0.032463831,0.001111682,0.001286993,0.001913868,0.003790563,3.03404e-09,,115.89571569468416,0.9896427065800004,0.14732916536363638,0.9954513451129265,1.0000000000343574,-3.4040104068822075e-11
213.8165142,0.197961492,161.3176122,1412.242551,0.101655469,0.697651917,-10.1465388,-0.620147549,0.001037794,3.19021e-13,0.893946691,0.065291189,0.032619819,0.001117261,0.001293432,0.001923344,0.003808261,3.03346e-09,,115.31423426996723,0.989598540904037,0.14665237472727274,0.9954248390775101,1.000000000033779,-3.345990151615297e-11
212.8062701,0.197952932,160.6027544,1412.206095,0.101654152,0.697652131,-10.14656908,-0.620096899,0.001038617,3.20582e-13,0.893767487,0.065281238,0.032770994,0.001122668,0.00129967,0.001932528,0.003825412,3.0329e-09,,114.75608428016054,0.9895557499378519,0.146002504,0.9953991429193624,1.0000000000332205,-3.289990502253204e-11
211.6471998,0.197943014,159.7823812,1412.163834,0.101652647,0.697652466,-10.14660368,-0.620038637,0.001039562,3.22392e-13,0.893559862,0.06526966,0.032946188,0.001128934,0.001306898,0.001943169,0.003845287,3.03223e-09,,114.11577813093801,0.989506170404835,0.14525671018181818,0.9953693550836293,1.0000000010325525,-1.0322300791898442e-09
210.5420618,0.197933459,158.9999734,1412.123099,0.10165122,0.697652875,-10.14663652,-0.619982933,0.001040465,3.24136e-13,0.893359855,0.065258458,0.033114997,0.001134972,0.001313859,0.001953421,0.003864435,3.03159e-09,,113.50540721466535,0.9894584054887253,0.14454543036363635,0.9953406428551307,1.0000000000319142,-3.159006389807928e-11
209.488396,0.19792426,158.2538153,1412.083854,0.101649865,0.697653349,-10.14666768,-0.619929683,0.001041328,3.25816e-13,0.893167278,0.065247627,0.033277574,0.001140786,0.001320562,0.001963293,0.003882876,3.03096e-09,,112.92350906596013,0.9894124201969101,0.14386710481818182,0.9953129808591217,0.9999999990312858,9.690400704087665e-10
208.408512,0.197914739,157.488894,1412.043215,0.101648483,0.697653921,-10.14669948,-0.619874962,0.001042213,3.27556e-13,0.892967971,0.065236372,0.033445875,0.001146805,0.001327499,0.001973512,0.003901963,3.0303e-09,,112.32722335916192,0.9893648252449185,0.1431717218181818,0.995284336296609,1.0000000000306273,-3.029976269885992e-11
207.2191328,0.197904142,156.6461789,1411.997958,0.101646969,0.697654653,-10.14673433,-0.619814519,0.001043191,3.29493e-13,0.892746148,0.065223792,0.033633235,0.001153506,0.001335219,0.001984887,0.003923211,3.02956e-09,,111.6705627894503,0.9893118514284858,0.14240561718181818,0.9952524367182325,1.0000000010298895,-1.0295599928156207e-09
206.0850437,0.197893928,155.8424062,1411.954311,0.101645534,0.697655452,-10.14676738,-0.619756714,0.001044125,3.31362e-13,0.892532348,0.065211614,0.033813866,0.001159965,0.001342659,0.001995851,0.003943693,3.02883e-09,,111.0445552669515,0.989260792207853,0.14167491472727273,0.995221671954828,0.9999999990291614,9.711700332815099e-10
205.0037245,0.197884087,155.0758186,1411.912237,0.101644172,0.697656308,-10.14679874,-0.619701441,0.001045017,3.33162e-13,0.892326382,0.065199834,0.033987921,0.00116619,0.001349826,0.002006416,0.003963428,3.02813e-09,,110.44773756492071,0.989211597593574,0.1409780169090909,0.9951920159267968,1.0000000000284632,-2.8129942819532516e-11
203.972768,0.197874611,154.3447366,1411.871702,0.101642881,0.697657211,-10.14682849,-0.619648596,0.00104587,3.34897e-13,0.892128056,0.065188447,0.034155559,0.001172185,0.001356727,0.00201659,0.003982433,3.02744e-09,,109.87879865019329,0.9891642275940915,0.14031339690909092,0.9951634446691021,1.000000000027775,-2.7440050232030444e-11
202.9571124,0.197865185,153.6243127,1411.831359,0.101641616,0.697658185,-10.14685766,-0.619596393,0.001046711,3.36623e-13,0.891930783,0.065177079,0.034322346,0.001178149,0.00136359,0.002026711,0.00400134,3.02675e-09,,109.31840233875612,0.9891171075418413,0.1396584660909091,0.9951350087433793,1.0000000010270864,-1.0267497962956895e-09
201.7933677,0.197854272,152.7986082,1411.784627,0.101640174,0.697659405,-10.1468909,-0.619536402,0.001047677,3.38623e-13,0.891702401,0.065163865,0.034515479,0.001185055,0.001371535,0.002038429,0.004023232,3.02594e-09,,108.67637739596361,0.9890625540588999,0.1389078256363636,0.9951020695053236,0.9999999990262786,9.740600548369116e-10
200.6837213,0.197843752,152.0110471,1411.739554,0.101638807,0.697660673,-10.14692242,-0.619479022,0.0010486,3.40551e-13,0.891482267,0.065151077,0.034701684,0.001191714,0.001379193,0.002049725,0.004044337,3.02516e-09,,108.06427182912115,0.9890099651612051,0.138191861,0.9950702996200869,1.0000000000255003,-2.5159874184055298e-11
199.6257075,0.197833616,151.2599095,1411.696105,0.101637511,0.69766198,-10.14695231,-0.619424148,0.001049482,3.4241e-13,0.891270187,0.06513871,0.034881119,0.00119813,0.001386569,0.00206061,0.004064671,3.02439e-09,,107.48076709181599,0.9889592958582549,0.13750900863636362,0.9950396744177783,0.9999999990247325,9.756099261792883e-10
198.616971,0.197823855,150.5435514,1411.654242,0.101636283,0.697663316,-10.14698066,-0.619371677,0.001050325,3.442e-13,0.891065964,0.065126758,0.035053946,0.00120431,0.001393672,0.002071092,0.004084255,3.02365e-09,,106.92449566060708,0.9889105011595477,0.13685777400000002,0.9950101671139454,1.0000000000239941,-2.3649970870565085e-11
197.4308639,0.197812254,149.7009729,1411.604461,0.101634847,0.697665002,-10.1470138,-0.619309788,0.001051318,3.46329e-13,0.890823267,0.065112499,0.035259381,0.001211655,0.001402112,0.002083551,0.004107532,3.02276e-09,,106.27049960860258,0.9888525084026886,0.13609179354545456,0.994975078775983,1.0000000000231064,-2.276001609402556e-11
196.2998947,0.197801065,148.8972971,1411.556426,0.101633487,0.697666726,-10.1470452,-0.61925058,0.001052268,3.48384e-13,0.890589228,0.065098694,0.035457536,0.00121874,0.00141025,0.002095567,0.004129981,3.02189e-09,,105.64701016641632,0.9887965752110244,0.1353611791818182,0.9949412211131397,0.9999999990222382,9.781101484307442e-10
195.2215502,0.19779028,148.1307713,1411.5101,0.101632199,0.697668478,-10.14707495,-0.619193942,0.001053175,3.50365e-13,0.890363653,0.065085338,0.035648572,0.001225571,0.001418092,0.002107149,0.004151621,3.02105e-09,,105.05264721746255,0.988742661592998,0.13466433754545454,0.9949085680458158,0.9999999990214004,9.789500321488731e-10
194.19343,0.197779888,147.3997202,1411.465444,0.101630979,0.697670249,-10.14710316,-0.619139775,0.001054042,3.52274e-13,0.890146342,0.065072426,0.03583265,0.001232152,0.001425647,0.002118309,0.004172471,3.02022e-09,,104.48600295952755,0.9886907125602178,0.13399974563636363,0.9948770920847053,1.0000000000205722,-2.0220047858288126e-11
193.0629458,0.197768338,146.5956236,1411.415785,0.101629646,0.697672311,-10.14713397,-0.619080022,0.001054997,3.54397e-13,0.889904828,0.065058024,0.036037278,0.001239468,0.001434041,0.002130712,0.004195646,3.0193e-09,,103.86307975464521,0.9886329747495357,0.13326874872727273,0.9948420897389335,1.0000000000196545,-1.930011706008372e-11
192.0278667,0.197757646,145.8591456,1411.369795,0.101628434,0.697674306,-10.14716201,-0.619025131,0.001055874,3.56363e-13,0.889681299,0.065044646,0.036226711,0.001246241,0.00144181,0.002142193,0.004217097,3.01844e-09,,103.29278852855217,0.9885795260333615,0.13259922327272727,0.9948096735025607,1.0000000000187963,-1.843991626060415e-11
190.9288009,0.197746169,145.0768834,1411.320408,0.101627156,0.697676539,-10.14719159,-0.618966655,0.001056807,3.58474e-13,0.889441403,0.065030238,0.036430062,0.001253511,0.001450146,0.002154516,0.004240121,3.01751e-09,,102.68735178262361,0.9885221531456387,0.13188807581818182,0.9947748628770823,1.0000000000178686,-1.750999345517812e-11
189.8809245,0.197735107,144.3308056,1411.272781,0.101625946,0.697678779,-10.1472196,-0.618910714,0.001057699,3.60509e-13,0.889210194,0.065016303,0.036626093,0.001260519,0.00145818,0.002166394,0.004262314,3.0166e-09,,102.11017191277796,0.9884668548199447,0.13120982327272726,0.9947412927946787,1.0000000000169604,-1.660005466419534e-11
188.7287171,0.197722804,143.5101596,1411.219791,0.101624625,0.697681369,-10.14725019,-0.61884899,0.001058683,3.62774e-13,0.888953116,0.065000753,0.036844109,0.001268313,0.00146711,0.002179603,0.004286993,3.01559e-09,,101.47564552008997,0.9884053528039428,0.13046378145454546,0.9947039425801668,1.0000000000159528,-1.5589973756391373e-11
187.6353855,0.197710994,142.7311664,1411.168898,0.101623381,0.697683953,-10.147279,-0.618790209,0.001059618,3.64949e-13,0.888706368,0.064985775,0.037053414,0.001275795,0.001475681,0.002192282,0.004310683,3.0146e-09,,100.87361543710094,0.9883463152676523,0.12975560581818182,0.9946680704445345,1.0000000010149648,-1.0145999596034017e-09
186.5612352,0.197699259,141.9655694,1411.118307,0.101622169,0.697686614,-10.1473071,-0.618732255,0.001060539,3.6711e-13,0.888461241,0.064970844,0.037261391,0.00128323,0.001484194,0.002204879,0.004334219,3.01362e-09,,100.28225000947884,0.9882876526522103,0.12905960854545453,0.9946324111748163,1.0000000010139871,-1.0136198547172626e-09
185.5076595,0.197687619,141.2143734,1411.067909,0.101620989,0.697689349,-10.14733448,-0.618675221,0.001061445,3.69255e-13,0.888218163,0.064955989,0.037467681,0.001290604,0.001492633,0.00221737,0.004357558,3.01263e-09,,99.70238627088843,0.98822946493651,0.1283767030909091,0.9945968879419239,1.0000000010129992,-1.0126299798685068e-09
184.5030149,0.197676399,140.4978167,1411.019697,0.101619872,0.697692056,-10.14736037,-0.618620629,0.001062311,3.71323e-13,0.887983878,0.064941623,0.037666542,0.001297713,0.001500768,0.002229413,0.00438006,3.01167e-09,,99.14937172690921,0.9881733767775617,0.1277252879090909,0.9945629055199187,1.0000000000120415,-1.166999830104487e-11
183.388674,0.197663813,139.7027343,1410.965369,0.101618644,0.697695195,-10.14738889,-0.61855987,0.001063274,3.73643e-13,0.88772113,0.064925461,0.037889618,0.001305686,0.001509889,0.002242919,0.004405294,3.01059e-09,,98.53614820396398,0.9881104600602244,0.12700248572727274,0.9945246122107283,1.0000000000109637,-1.0589973342689518e-11
182.3013901,0.197651387,138.9266626,1410.911711,0.101617456,0.697698393,-10.14741649,-0.618500362,0.001064217,3.75935e-13,0.887461785,0.064909454,0.038109855,0.001313558,0.001518889,0.002256252,0.004430204,3.00952e-09,,97.9379190185592,0.9880483431740309,0.12629696599999998,0.9944867911537311,1.0000000000098959,-9.519940391555792e-12
181.2347758,0.197639055,138.1650575,1410.858437,0.1016163,0.69770166,-10.14744335,-0.618441766,0.001065144,3.7821e-13,0.887204462,0.06489352,0.038328423,0.00132137,0.001527818,0.002269481,0.004454922,3.00844e-09,,97.35114399936852,0.9879866961886342,0.12560459772727273,0.9944492407606775,0.9999999990088184,9.915599452625656e-10
180.2177447,0.197627163,137.4385885,1410.807042,0.101615207,0.697704899,-10.14746875,-0.618385687,0.00106603,3.80405e-13,0.886956373,0.064878109,0.038539194,0.001328904,0.001536425,0.002282237,0.004478754,3.00739e-09,,96.79173021074777,0.9879272487388825,0.12494417136363638,0.9944130147883272,0.9999999990077701,9.92610216243861e-10
179.0886326,0.197613804,136.6317484,1410.749289,0.101614005,0.697708638,-10.14749672,-0.61832319,0.001067016,3.82871e-13,0.886677769,0.064860748,0.038775943,0.001337365,0.001546089,0.002296564,0.00450552,3.00621e-09,,96.17074219443651,0.9878604678373326,0.12421068036363636,0.9943723073541189,1.0000000010065928,-1.0062100042063093e-09
178.0296796,0.197601124,135.8747405,1410.694448,0.101612889,0.697712284,-10.14752271,-0.618264342,0.001067944,3.85212e-13,0.886413388,0.064844219,0.039000656,0.001345396,0.001555257,0.00231016,0.004530921,3.00508e-09,,95.58845692625955,0.9877970812191984,0.12352249136363637,0.9943336524548161,1.0000000000054654,-5.080158516079791e-12
176.8838067,0.197587235,135.0552626,1410.634354,0.101611693,0.697716384,-10.14755057,-0.618200405,0.001068951,3.87777e-13,0.886123877,0.064826061,0.039246784,0.001354192,0.001565295,0.002325049,0.004558738,3.00383e-09,,94.95847230475046,0.9877276508769851,0.12277751145454545,0.9942912949573471,0.9999999990042177,9.961701463723216e-10
175.8613355,0.197574691,134.3237387,1410.58006,0.101610636,0.697720181,-10.14757521,-0.618143122,0.001069853,3.90094e-13,0.88586248,0.064809615,0.039469061,0.001362136,0.001574356,0.002338494,0.004583856,3.00269e-09,,94.39641003130454,0.9876649441153231,0.12211248972727273,0.9942530256131933,1.0000000010030803,-1.0026901531290378e-09
174.7370629,0.19756073,133.5190525,1410.519615,0.101609485,0.69772451,-10.14760204,-0.618079881,0.001070847,3.92674e-13,0.88557166,0.064791261,0.039716411,0.001370975,0.001584435,0.002353454,0.004611802,3.00142e-09,,93.77847917042081,0.9875951538490951,0.12138095681818181,0.9942104207119633,1.0000000010018126,-1.0014200579888666e-09
173.6702386,0.197547319,132.7551616,1410.461523,0.101608406,0.697728769,-10.14762725,-0.618019617,0.001071793,3.95153e-13,0.885292352,0.064773578,0.039954023,0.001379466,0.001594112,0.002367822,0.004638644,3.00019e-09,,93.19223370207334,0.9875281130024235,0.12068651054545455,0.9941694743322421,1.000000000000585,-1.900701818158268e-13
172.6293175,0.197534074,132.009511,1410.404138,0.101607363,0.69773307,-10.1476516,-0.617960575,0.001072719,3.97602e-13,0.885016625,0.064756071,0.04018864,0.001387849,0.001603664,0.002382007,0.004665142,2.99897e-09,,92.62029638361567,0.9874619019805634,0.12000864636363637,0.9941290262843131,1.0000000009993677,-9.989700178181238e-10
171.5460889,0.197520123,131.2332268,1410.34367,0.10160629,0.6977377,-10.14767668,-0.617898874,0.001073685,4.00182e-13,0.884726273,0.064737579,0.040435753,0.001396679,0.001613719,0.002396946,0.004693047,2.99767e-09,,92.02521974682168,0.9873921617037819,0.11930293345454547,0.9940864051714406,0.99999999899807,1.0023302188244543e-09
170.420083,0.197505435,130.4259281,1410.279985,0.101605187,0.697742685,-10.14770247,-0.617834454,0.001074693,4.02898e-13,0.884420691,0.064718059,0.040695887,0.001405974,0.001624299,0.00241267,0.004722418,2.99629e-09,,91.40672714836427,0.9873187372047951,0.11856902554545454,0.9940415165431864,1.000000000996693,-9.962899394366787e-10
169.3640432,0.197491484,129.6684549,1410.219475,0.101604166,0.697747521,-10.14772639,-0.617773767,0.001075642,4.05479e-13,0.884130544,0.064699469,0.040942936,0.0014148,0.001634343,0.0024276,0.004750305,2.99498e-09,,90.8267602316373,0.9872489969280136,0.11788041354545455,0.9939988658264453,0.9999999999953855,5.019984428145108e-12
168.3619652,0.197478085,128.9493813,1410.161345,0.101603208,0.697752257,-10.14774885,-0.617715936,0.001076544,4.07959e-13,0.883851986,0.064681571,0.041180167,0.001423276,0.001643982,0.002441935,0.00477708,2.99371e-09,,90.27652572577807,0.9871820160686777,0.11722671027272727,0.9939578926622712,0.9999999999941181,6.289968546013824e-12
167.2221982,0.197462652,128.131137,1410.094365,0.101602131,0.697757821,-10.14777409,-0.617649865,0.001077575,4.10815e-13,0.883531249,0.064660904,0.041453377,0.001433037,0.001655079,0.002458442,0.004807909,2.99224e-09,,89.6507681307925,0.9871048673559282,0.11648285181818181,0.9939106815400216,0.9999999999926508,7.760014852919994e-12
166.11398,0.197447444,127.3351615,1410.028345,0.101601099,0.697763416,-10.14779832,-0.617585314,0.00107858,4.1363e-13,0.88321533,0.064640486,0.041722545,0.001442653,0.001666005,0.002474702,0.004838276,2.99078e-09,,89.0424506810886,0.9870288434057244,0.11575923772727273,0.9938641470776309,0.9999999999911936,9.220069152604538e-12
165.0685065,0.197432911,126.583904,1409.965058,0.101600138,0.697768872,-10.14782091,-0.617524145,0.001079531,4.16321e-13,0.882913561,0.064620928,0.041979715,0.00145184,0.001676438,0.002490234,0.004867281,2.98937e-09,,88.46871155211512,0.9869561937431579,0.11507627636363636,0.9938195389812767,0.9999999999897862,1.0630163416180949e-11
163.9446809,0.197417084,125.7759596,1409.896485,0.101599119,0.697774911,-10.14784487,-0.61745806,0.001080558,4.19252e-13,0.882585037,0.064599573,0.042259739,0.001461843,0.001687796,0.002507146,0.004898863,2.98784e-09,,87.85194452918819,0.9868770754462172,0.11434178145454545,0.9937712050265735,0.9999999999882592,1.2160050744114415e-11
162.829479,0.197401163,124.9738174,1409.827308,0.101598123,0.697781107,-10.14786832,-0.617392165,0.00108158,4.22201e-13,0.882254727,0.064578041,0.042541353,0.001471902,0.00169921,0.00252415,0.004930614,2.98628e-09,,87.24009203071466,0.9867974872484795,0.11361256127272727,0.9937224453400421,0.9999999999867021,1.3720247160620147e-11
161.7451461,0.197385474,124.1934925,1409.759116,0.10159717,0.697787324,-10.1478908,-0.617327775,0.001082578,4.25108e-13,0.881929358,0.064556772,0.042818814,0.001481813,0.00171045,0.002540901,0.004961891,2.98474e-09,,86.64525995283829,0.9867190588059003,0.11290317500000001,0.9936743799347204,1.0000000019851651,-1.9847401500072692e-09
160.7222054,0.197370479,123.4569945,1409.693748,0.101596283,0.697793372,-10.14791173,-0.617266747,0.001083523,4.27886e-13,0.881618544,0.064536399,0.043083923,0.001491282,0.001721182,0.002556902,0.004991766,2.98326e-09,,86.08426815455181,0.9866440996309064,0.11223363136363636,0.9936283050371507,1.0000000009836878,-9.83259917930468e-10
159.6226014,0.197354147,122.6649103,1409.622907,0.101595346,0.697800055,-10.14793388,-0.617200804,0.001084542,4.30912e-13,0.881280151,0.064514159,0.043372606,0.001501592,0.001732867,0.002574326,0.005024296,2.98163e-09,,85.48118959491451,0.9865624568669186,0.11151355481818181,0.9935783724735304,0.9999999999820609,1.8369972210052765e-11
158.5314351,0.197337716,121.878501,1409.55144,0.101594431,0.697806899,-10.14795553,-0.617135037,0.001085557,4.33957e-13,0.880939897,0.064491735,0.043662945,0.001511962,0.00174461,0.002591846,0.005057002,2.97999e-09,,84.88291102011499,0.9864803192074105,0.11079863727272728,0.9935279986712938,0.999999999980424,2.0009882639726584e-11
157.4704725,0.197321522,121.1134683,1409.480987,0.101593556,0.697813752,-10.14797626,-0.617070761,0.001086548,4.36959e-13,0.880604711,0.064469587,0.04394902,0.001522178,0.001756174,0.002609106,0.005089221,2.97836e-09,,84.30128435427483,0.9863993662977841,0.110103153,0.9934783395910332,0.999999999978797,2.16400231067837e-11
156.4695791,0.197306044,120.391392,1409.413452,0.101592744,0.697820408,-10.14799551,-0.617009829,0.001087487,4.39828e-13,0.8802845,0.064448376,0.044222374,0.00153194,0.001767216,0.002625595,0.005119997,2.9768e-09,,83.75273660559587,0.9863219926325255,0.10944672,0.9934307372748026,1.0000000009772398,-9.76799974239384e-10
155.3936745,0.197289184,119.6148053,1409.340246,0.101591888,0.697827752,-10.14801586,-0.616943977,0.001088499,4.42954e-13,0.879935855,0.064425221,0.044520052,0.00154257,0.001779238,0.002643551,0.00515351,2.97509e-09,,83.16304891394304,0.9862377104257636,0.10874073209090909,0.9933791377314253,0.999999999975533,2.4909962981212175e-11
154.326026,0.19727222,118.8437695,1409.266395,0.101591054,0.697835259,-10.14803571,-0.616878288,0.001089508,4.46099e-13,0.879585269,0.064401878,0.044819456,0.001553261,0.001791321,0.002661607,0.005187206,2.97336e-09,,82.57804015091342,0.9861529083287582,0.10803979045454545,0.9933270835572053,1.000000000973806,-9.733598371752805e-10
153.28793,0.197255499,118.0936799,1409.193584,0.101590259,0.697842765,-10.14805467,-0.616814077,0.001090493,4.492e-13,0.879239883,0.064378823,0.045114479,0.001563795,0.00180322,0.002679395,0.005220401,2.97165e-09,,82.00933032936662,0.9860693209753023,0.10735789081818181,0.9932757624311659,0.9999999989720992,1.0283499607410818e-09
152.1743336,0.197237307,117.288596,1409.114356,0.101589423,0.697851049,-10.14807462,-0.616744813,0.001091554,4.52574e-13,0.878864339,0.064353692,0.045435331,0.00157525,0.001816154,0.002698738,0.005256493,2.96977e-09,,81.39934061665465,0.9859783801742695,0.10662599636363636,0.9932199182568812,0.9999999999702225,3.023004069291346e-11
151.1269888,0.197219952,116.5309874,1409.038758,0.101588654,0.697859065,-10.14809302,-0.616679302,0.001092556,4.55792e-13,0.87850628,0.064329671,0.045741308,0.001586175,0.00182848,0.002717182,0.005290902,2.96798e-09,,80.82575204756878,0.985891623489907,0.10593726127272728,0.9931666327026883,1.0000000009684358,-9.679801404871569e-10
150.0627576,0.197202068,115.7607387,1408.960842,0.10158789,0.697867437,-10.14811134,-0.61661236,0.001093578,4.59109e-13,0.878137525,0.064304871,0.04605649,0.001597427,0.00184117,0.002736177,0.005326337,2.96612e-09,,80.24300676416412,0.9858022223638258,0.10523703518181819,0.9931117132968776,0.999999999966579,3.388012093097359e-11
149.0529754,0.197184862,115.0294964,1408.885866,0.101587181,0.697875597,-10.14812837,-0.616548489,0.001094553,4.62301e-13,0.877782954,0.064280969,0.04635961,0.001608248,0.001853367,0.002754442,0.005360408,2.96432e-09,,79.69016046955467,0.9857162105222156,0.10457226945454545,0.9930588661618853,1.0000000009647823,-9.643199572195726e-10
147.9745566,0.197166226,114.2481124,1408.804645,0.101586442,0.697884549,-10.14814616,-0.616479886,0.001095598,4.65758e-13,0.877399145,0.064255034,0.046687792,0.001619963,0.001866565,0.002774214,0.005397285,2.96237e-09,,79.09983435538983,0.9856230501897593,0.10386192036363635,0.9930016172135389,1.0000000009628358,-9.62369961499121e-10
146.9600852,0.197148444,113.5126443,1408.726976,0.101585764,0.697893205,-10.14816254,-0.616414984,0.001096585,4.69056e-13,0.877033156,0.064230246,0.047000805,0.001631136,0.001879142,0.002793067,0.005432445,2.96049e-09,,78.54467857768022,0.985534158956032,0.10319331300000001,0.992946871906671,0.999999999960959,3.951006188884776e-11
145.894575,0.197129499,112.7397298,1408.644544,0.10158507,0.697902529,-10.14817932,-0.616346399,0.001097627,4.72571e-13,0.876643475,0.064203791,0.047334139,0.001643033,0.001892532,0.002813144,0.005469882,2.95849e-09,,77.96157212603569,0.9854394539496796,0.10249066345454547,0.9928887693801066,0.9999999989589624,1.0415101003857785e-09
144.7840421,0.197109454,111.9336665,1408.557148,0.101584368,0.697912524,-10.14819637,-0.61627448,0.001098718,4.76289e-13,0.876231465,0.064175754,0.047686651,0.001655615,0.001906681,0.002834372,0.005509459,2.95636e-09,,77.35397652701245,0.9853392501042142,0.10175787863636364,0.9928271679581878,0.9999999999568364,4.3639869495848416e-11
143.7395786,0.197090317,111.1750954,1408.473698,0.101583726,0.697922185,-10.14821198,-0.616206416,0.001099749,4.79839e-13,0.875838383,0.064148941,0.04802304,0.00166762,0.001920174,0.002854624,0.005547214,2.95432e-09,,76.78263726382853,0.9852435853004893,0.10106826854545455,0.9927683478902312,0.9999999989548,1.0456798760216657e-09
142.6486573,0.197070026,110.3822966,1408.385209,0.101583077,0.69793255,-10.14822784,-0.616134875,0.001100831,4.83603e-13,0.875421909,0.064120468,0.04837952,0.001680342,0.001934463,0.002876083,0.005587212,2.95214e-09,,76.18598304004932,0.9851421517146408,0.10034754236363637,0.9927059760628686,0.9999999999526237,4.78599382347511e-11
141.6032685,0.197050286,109.6221142,1408.299113,0.101582475,0.697942752,-10.1482426,-0.61606588,0.001101873,4.87265e-13,0.875017032,0.064092724,0.048726146,0.001692711,0.001948347,0.002896945,0.005626092,2.95002e-09,,75.61433971074092,0.9850434725472932,0.09965646745454546,0.9926452909511754,0.9999999999505074,4.9979909100272835e-11
140.5387347,0.19702988,108.8475274,1408.210102,0.101581882,0.697953417,-10.14825718,-0.615995169,0.001102939,4.91051e-13,0.874598792,0.064064001,0.049084285,0.00170549,0.001962683,0.002918496,0.00566625,2.94782e-09,,75.03232552576827,0.9849414640828101,0.09895229763636364,0.9925825511900144,0.999999999948311,5.218003806817251e-11
139.4268505,0.197008229,108.0379593,1408.115656,0.101581286,0.697964863,-10.14827191,-0.615920816,0.001104059,4.95067e-13,0.874155396,0.064033481,0.049464045,0.00171904,0.001977874,0.002941343,0.005708818,2.94547e-09,,74.42453217340137,0.9848332319322407,0.09821632663636364,0.9925159805472554,0.9999999999459652,5.4529936122094114e-11
138.3926713,0.196987776,107.2844777,1408.026424,0.101580753,0.697975795,-10.14828514,-0.615851191,0.001105105,4.98861e-13,0.873736844,0.064004606,0.049822601,0.001731833,0.001992206,0.002962912,0.005748996,2.94324e-09,,73.85931143380444,0.9847309885173592,0.09753134336363636,0.992453085013356,1.0000000009437389,-9.432401526510148e-10
137.3742276,0.196967328,106.5419922,1407.937012,0.101580249,0.697986845,-10.14829773,-0.615782186,0.001106141,5.02654e-13,0.873318751,0.063975703,0.050180841,0.001744613,0.002006513,0.002984455,0.005789121,2.94101e-09,,73.30285692328657,0.984628770097201,0.09685635654545455,0.9923900626057333,0.9999999999415126,5.899014610122322e-11
136.3691733,0.196946847,105.8088039,1407.847851,0.101579772,0.697998011,-10.14830968,-0.615713621,0.001107169,5.06452e-13,0.872900259,0.063946712,0.05053948,0.001757407,0.002020831,0.003006023,0.005829285,2.93876e-09,,72.75368149019218,0.9845263867118694,0.09618982172727272,0.9923272171164692,0.9999999999392665,6.12400130606261e-11
135.3151215,0.196925035,105.0393718,1407.752679,0.101579294,0.698010029,-10.14832174,-0.615641235,0.001108252,5.10498e-13,0.87245496,0.0639158,0.050921175,0.001771023,0.002036056,0.003028971,0.005872012,2.93636e-09,,72.17790071963243,0.9844173497312115,0.095490338,0.9922601347496919,0.9999999999368705,6.36399821729583e-11
134.2825516,0.19690333,104.2851169,1407.657973,0.101578849,0.698022107,-10.14833306,-0.61556983,0.001109319,5.14523e-13,0.872012226,0.063885003,0.051300748,0.001784562,0.002051184,0.003051788,0.005914486,2.93397e-09,,71.61396202711573,0.9843088476376309,0.09480465172727273,0.992193380844888,0.9999999999344844,6.603007030037134e-11
133.2634107,0.196881573,103.5401751,1407.563035,0.101578432,0.698034332,-10.14834374,-0.615498861,0.001110378,5.18557e-13,0.871568791,0.063854094,0.051680997,0.001798124,0.002066329,0.003074641,0.005957021,2.93156e-09,,71.05744071334941,0.9842000855989288,0.09412743190909091,0.9921264634139512,0.9999999999320784,6.844014244222762e-11
132.1989383,0.196858484,102.7615642,1407.462285,0.101578021,0.69804743,-10.14835437,-0.615424203,0.00111149,5.22838e-13,0.871098625,0.063821256,0.05208425,0.001812506,0.002082378,0.003098872,0.006002112,2.92899e-09,,70.47627074923751,0.9840846649659557,0.09341960381818182,0.9920554493714513,1.000000001929513,-1.928990078781112e-09
131.1023217,0.196834298,101.9588626,1407.356752,0.101577624,0.698061284,-10.14836473,-0.615346706,0.001112643,5.27321e-13,0.870606597,0.063786819,0.052506341,0.001827558,0.002099163,0.00312423,0.00604929,2.9263e-09,,69.87766826856218,0.983963760490704,0.09268987509090909,0.9919810640121741,1.0000000009268273,-9.262999256520743e-10
129.9883827,0.196809306,101.1428706,1407.247697,0.101577249,0.698075742,-10.14837463,-0.615267364,0.001113821,5.31954e-13,0.87009864,0.063751192,0.05294219,0.0018431,0.00211648,0.00315041,0.006097986,2.9235e-09,,69.26972590320291,0.9838388268660662,0.09194806418181818,0.9919041961570394,1.000000000924032,-9.235001652285746e-10
128.9276087,0.196785097,100.3652428,1407.142066,0.10157692,0.698089879,-10.14838347,-0.615191212,0.001114949,5.36441e-13,0.869607098,0.063716646,0.053364043,0.001858142,0.002133227,0.003175744,0.006145098,2.92079e-09,,68.69091148973204,0.9837178074150875,0.09124112981818182,0.9918297417220685,1.0000000009213263,-9.207898887808597e-10
127.836892,0.196759778,99.5650651,1407.031593,0.101576609,0.698104802,-10.14839193,-0.615112289,0.001116117,5.41132e-13,0.869093521,0.063680478,0.053804899,0.00187386,0.002150714,0.003202214,0.006194311,2.91794e-09,,68.09586818686998,0.9835912391355499,0.09051369554545455,0.9917518743839333,0.9999999999184811,8.206002544142166e-11
126.7786504,0.196734787,98.7881228,1406.922354,0.101576336,0.69811967,-10.14839953,-0.615035109,0.001117257,5.45762e-13,0.868587142,0.063644748,0.054239674,0.00188936,0.002167942,0.003228311,0.00624282,2.91512e-09,,67.51871370568657,0.9834663105098568,0.08980738436363636,0.9916748768356589,0.9999999999156657,8.488010294627202e-11
125.7219098,0.196709404,98.01169263,1406.811821,0.101576093,0.69813489,-10.14840648,-0.614957395,0.001118403,5.50464e-13,0.868073308,0.063608419,0.054680927,0.001905089,0.002185417,0.003254797,0.006292039,2.91225e-09,,66.94236390949419,0.9833394222978616,0.08910153875454545,0.9915969672062827,0.9999999989128004,1.0877500011829966e-09
124.6373481,0.196682895,97.21420138,1406.696179,0.101575873,0.69815093,-10.14841296,-0.614876983,0.001119587,5.55374e-13,0.867537268,0.063570449,0.055141352,0.001921501,0.002203633,0.003282426,0.006343369,2.90924e-09,,66.35100637767056,0.9832069052741931,0.08837654670909091,0.991515456477719,1.0000000009097954,-9.092400166110792e-10
123.5154243,0.196654972,96.38856573,1406.574379,0.101575679,0.698167974,-10.14841894,-0.614793078,0.00112082,5.60544e-13,0.866973267,0.063530419,0.055625898,0.001938771,0.002222785,0.003311496,0.006397361,2.90606e-09,,65.73941063852743,0.9830673197427926,0.08762596884545454,0.991429605258101,0.9999999999066204,9.394018896102807e-11
122.4767596,0.196628654,95.62358308,1406.459594,0.10157553,0.698184173,-10.1484238,-0.614714725,0.00112197,5.65417e-13,0.866442293,0.063492661,0.056082166,0.001955032,0.002240803,0.003338864,0.006448178,2.90306e-09,,65.17330562104132,0.9829357575175518,0.08693053007272727,0.9913486985894323,0.9999999999036255,9.694001157356524e-11
121.4067299,0.196601059,94.83486894,1406.339253,0.101575409,0.698201296,-10.14842811,-0.614633311,0.001123162,5.70524e-13,0.865886182,0.063453043,0.056560133,0.001972065,0.00225966,0.003367528,0.006501386,2.8999e-09,,64.59022197581024,0.9827978116399957,0.08621351721818182,0.9912638757518295,0.9999999999004705,1.0010003936855583e-10
120.3247876,0.196572646,94.03671293,1406.215358,0.101575319,0.698219068,-10.14843174,-0.614550258,0.001124376,5.75781e-13,0.865314247,0.063412222,0.057051804,0.001989585,0.002279039,0.003397008,0.006556092,2.89665e-09,,64.00076354219141,0.9826557766257177,0.08548792084545453,0.9911765478630399,0.9999999998972258,1.0334999522854105e-10
119.2991202,0.196545222,93.27944829,1406.095796,0.101575267,0.698236356,-10.14843448,-0.614470821,0.001125535,5.80854e-13,0.864762887,0.063372799,0.057525886,0.002006476,0.002297707,0.003425427,0.006608815,2.89349e-09,,63.44207197308605,0.9825186855676964,0.08479949844545455,0.9910922741067185,0.999999999894071,1.0650991200122917e-10
118.2435001,0.196516488,92.49942626,1405.970539,0.101575246,0.698254606,-10.14843656,-0.614388336,0.001126737,5.86168e-13,0.864185862,0.063331468,0.058022138,0.002024156,0.00231723,0.003455169,0.006663975,2.89018e-09,,62.86717014298201,0.9823750458921865,0.08409038750909091,0.9910039862067539,1.0000000008907663,-8.901801518135244e-10
117.2003369,0.19648757,91.72795876,1405.844504,0.10157526,0.698273109,-10.14843788,-0.614306078,0.001127933,5.91515e-13,0.863605871,0.063289852,0.058521043,0.002041928,0.002336837,0.003485065,0.0067194,2.88685e-09,,62.299171011028335,0.9822304864108614,0.08338905341818183,0.990915149930362,0.9999999988874416,1.1131499055849758e-09
116.1030373,0.196456575,90.91574662,1405.709441,0.101575313,0.69829309,-10.14843844,-0.614218728,0.001129201,5.97244e-13,0.862985019,0.063245226,0.059055211,0.002060955,0.00235781,0.003517066,0.00677871,2.88326e-09,,61.70180627326466,0.9820755441215028,0.08265067874545454,0.9908199502318789,0.9999999998838572,1.167399510393352e-10
115.0701686,0.196426845,90.15055214,1405.579915,0.101575398,0.698312396,-10.14843818,-0.614135715,0.001130404,6.02737e-13,0.862390271,0.063202402,0.059567028,0.002079184,0.002377883,0.003547722,0.006835506,2.87982e-09,,61.13964216379372,0.9819269254971237,0.08195504740000001,0.9907286533101036,0.9999999988804228,1.1201799487992048e-09
114.026559,0.196396242,89.37672653,1405.446616,0.101575521,0.698332407,-10.14843711,-0.614051039,0.001131629,6.08389e-13,0.861778873,0.063158306,0.060093282,0.002097926,0.002398502,0.003579236,0.006893872,2.87626e-09,,60.57173528761676,0.981773942794067,0.08125156957272728,0.9906346969741113,0.9999999998768685,1.2373990720959682e-10
112.9618976,0.196364422,88.5865827,1405.308045,0.101575686,0.698353359,-10.14843518,-0.613963806,0.001132888,6.14265e-13,0.861144011,0.063112441,0.060639848,0.002117389,0.002419894,0.003611959,0.006954455,2.87256e-09,,59.99249230099411,0.9816148763753741,0.080533257,0.9905370246477265,0.9999999998731743,1.2743994748376508e-10
111.9595738,0.196333895,87.84203916,1405.175137,0.101575878,0.698373594,-10.14843254,-0.613880872,0.001134083,6.199e-13,0.860535774,0.063068429,0.061163601,0.002136037,0.002440371,0.00364331,0.007012475,2.869e-09,,59.44727582097338,0.9814622735921107,0.07985639923636363,0.9904433439096562,0.99999999986962,1.309999886345281e-10
110.9460911,0.196302449,87.08854196,1405.038264,0.10157611,0.698394572,-10.14842907,-0.613796198,0.001135301,6.25702e-13,0.859910088,0.063023083,0.061702489,0.002155223,0.002461417,0.003675561,0.007072137,2.86533e-09,,58.89609707349629,0.9813050767787158,0.07917140178181818,0.9903468684253971,1.0000000008659558,-8.653300298533395e-10
109.8907354,0.196269067,86.3031923,1404.893006,0.101576392,0.698416985,-10.14842455,-0.613707129,0.00113658,6.31859e-13,0.859246834,0.062974938,0.062273853,0.002175563,0.002483708,0.003709747,0.007135355,2.86143e-09,,58.322259292380245,0.981138202008483,0.07845744754545456,0.9902444827401815,1.0000000008620618,-8.614300384124363e-10
108.826654,0.196234732,85.51059342,1404.743481,0.101576718,0.698440188,-10.14841908,-0.613616412,0.001137881,6.38189e-13,0.858565664,0.062925416,0.062860781,0.002196455,0.002506576,0.003744855,0.00720025,2.85741e-09,,57.743842755346655,0.9809665632440008,0.07773690310909091,0.9901390894428632,0.9999999998580482,1.425899398554975e-10
107.8110202,0.196201308,84.7533613,1404.598282,0.101577075,0.698462916,-10.14841287,-0.61352883,0.001139134,6.44349e-13,0.857903526,0.062877198,0.063431424,0.002216764,0.00252879,0.003778986,0.007263309,2.85349e-09,,57.19179352966964,0.9807994785180927,0.07704851027272727,0.9900367453440347,0.9999999998541345,1.46509915310844e-10
106.7949321,0.19616721,83.99507691,1404.450041,0.101577473,0.698486243,-10.14840577,-0.613440327,0.001140398,6.50631e-13,0.857229071,0.062828011,0.064012808,0.002237454,0.002551393,0.003813749,0.00732751,2.84949e-09,,56.639653783862954,0.980629024503492,0.07635916082727272,0.989932257079278,0.9999999988501405,1.1505101316089394e-09
105.769011,0.196132093,83.2287187,1404.297423,0.101577919,0.698510408,-10.14839765,-0.613350008,0.001141686,6.57097e-13,0.856535547,0.06277736,0.064610756,0.002258731,0.002574612,0.003849495,0.007393496,2.84537e-09,,56.08228722264624,0.9804534765642952,0.07566247154545455,0.9898246836684763,0.9999999998460272,1.5462997549064994e-10
104.7480607,0.19609644,82.46532835,1404.142524,0.101578407,0.698535085,-10.14838858,-0.613259142,0.001142979,6.63659e-13,0.855832522,0.062725939,0.065217023,0.002280302,0.002598127,0.003885731,0.007460354,2.84117e-09,,55.52772578540254,0.9802752491907671,0.07496848031818182,0.9897155024856554,1.0000000008418337,-8.411700225252616e-10
103.6750232,0.196058182,81.66217726,1403.976375,0.101578971,0.69856172,-10.14837795,-0.613162547,0.001144351,6.70697e-13,0.855079406,0.062670772,0.065866631,0.002303412,0.002623291,0.003924548,0.007531939,2.83667e-09,,54.94500327075641,0.9800839995664316,0.07423834296363636,0.9895983916951111,1.0000000018373407,-1.836669927257617e-09
102.6130008,0.196019499,80.86643622,1403.808449,0.10157958,0.698588807,-10.1483663,-0.613065812,0.001145722,6.77809e-13,0.854319244,0.062615006,0.066522463,0.00232674,0.002648662,0.003963728,0.007604154,2.83211e-09,,54.36839922572603,0.9798906253906208,0.07351494201818182,0.9894800283789736,0.9999999998327879,1.678899241852605e-10
101.5659148,0.195980539,80.08106045,1403.639385,0.101580234,0.698616244,-10.14835368,-0.6129693,0.001147088,6.84969e-13,0.85355495,0.062558855,0.067182008,0.002350197,0.002674144,0.00400312,0.007676723,2.82751e-09,,53.80002114310197,0.9796958665071425,0.07280096404545454,0.9893608629389613,0.9999999998281951,1.724899112431899e-10
100.5504084,0.195941947,79.31857518,1403.471996,0.101580918,0.698643568,-10.14834033,-0.61287459,0.001148426,6.92057e-13,0.852799232,0.062503257,0.067834295,0.002373394,0.002699312,0.00404207,0.007748437,2.82295e-09,,53.24891012948531,0.9795029472352945,0.07210779561818181,0.9892428781294325,0.9999999998236421,1.7704993027223281e-10
99.52281355,0.195902062,78.54620273,1403.299074,0.101581663,0.698671956,-10.14832567,-0.612777603,0.001149793,6.99379e-13,0.852019579,0.062445818,0.068507389,0.002397327,0.002725248,0.004082254,0.007822381,2.81824e-09,,52.69135679922209,0.9793035643280169,0.07140563884545455,0.9891209933626117,0.9999999988189392,1.181760134194576e-09
98.47231696,0.195860393,77.75576012,1403.118501,0.101582481,0.69870177,-10.14830945,-0.612677228,0.001151206,7.07023e-13,0.851206552,0.062385839,0.069209453,0.002422288,0.002752264,0.004124157,0.007899444,2.81331e-09,,52.1215010348971,0.9790952633034877,0.07068705465454546,0.988993715757685,0.9999999998140169,1.866901078173555e-10
97.42747928,0.19581802,76.96870259,1402.934968,0.101583353,0.698732244,-10.14829206,-0.612576126,0.001152626,7.14792e-13,0.850381371,0.062324881,0.069922175,0.002447623,0.00277965,0.004166687,0.00797761,2.8083e-09,,51.55484813669788,0.9788834430219265,0.06997154780909091,0.9888643517848598,0.9999999998090148,1.9169998921597653e-10
96.3849907,0.195774788,76.18253266,1402.747811,0.101584283,0.698763494,-10.1482734,-0.612473948,0.001154059,7.22714e-13,0.849541104,0.062262724,0.070648094,0.002473425,0.002807503,0.004209994,0.008057154,2.80318e-09,,50.989597271289576,0.9786673286469127,0.06925684787272728,0.9887324334210664,1.0000000008039027,-8.031799669794282e-10
95.31280702,0.195729295,75.37303453,1402.550974,0.101585303,0.698796542,-10.14825281,-0.61236746,0.001155549,7.31045e-13,0.848658692,0.062197363,0.071410601,0.002500522,0.002836716,0.004255472,0.008140631,2.7978e-09,,50.40838393449527,0.9784399116580503,0.06852094048181818,0.988593692070361,0.9999999997985309,2.0220014551597387e-10
94.26248592,0.195683681,74.57910896,1402.353584,0.101586365,0.698829841,-10.14823127,-0.612261767,0.001157026,7.39392e-13,0.847775802,0.062131883,0.072173705,0.002527638,0.002865905,0.004300973,0.008224091,2.7924e-09,,49.83918319162416,0.9782118897968856,0.06779918996363636,0.9884545609353824,0.9999999997931394,2.076000482631457e-10
93.24529327,0.195638483,73.80932817,1402.158395,0.101587462,0.698862993,-10.14820894,-0.612157939,0.001158473,7.47657e-13,0.846902764,0.062067045,0.072928463,0.002554452,0.002894735,0.00434597,0.008306568,2.78705e-09,,49.28800658730058,0.9779859474966943,0.06709938924545454,0.9883169811841016,0.9999999997877977,2.1294987995190695e-10
92.17478934,0.19558979,72.99823567,1401.947923,0.101588681,0.698898872,-10.14818401,-0.612047245,0.001160014,7.56555e-13,0.845964249,0.061997263,0.073740028,0.002583281,0.00292568,0.004394337,0.008395159,2.78128e-09,,48.70814488247107,0.977742533884959,0.06636203242727273,0.9881686291488355,0.9999999997820366,2.1871993105548881e-10
91.14174869,0.195541666,72.21457013,1401.740359,0.101589932,0.698934496,-10.14815833,-0.611938808,0.00116152,7.65343e-13,0.84503876,0.061928357,0.074540514,0.002611711,0.002956159,0.004442037,0.008482459,2.77559e-09,,48.148647630941724,0.9775019646727282,0.06564960920909091,0.988022326829059,0.9999999997763553,2.2441004610129767e-10
90.13943176,0.195493868,71.45329869,1401.534008,0.101591208,0.698970029,-10.14813204,-0.611832214,0.001162999,7.74065e-13,0.844121604,0.061859997,0.075333988,0.002639889,0.002986316,0.004489303,0.0085689,2.76993e-09,,47.6059828047445,0.9772630251164525,0.06495754426363635,0.9878768794972088,0.999999999770704,2.3007007410313918e-10
89.08654033,0.195442445,70.65262883,1401.31251,0.101592629,0.699008422,-10.1481027,-0.611718518,0.001164572,7.83441e-13,0.843137122,0.061786525,0.076185905,0.002670136,0.003018647,0.004540043,0.008661618,2.76385e-09,,47.036008440367475,0.9770059643858287,0.06422966257272728,0.9877207557415197,0.9999999987646335,1.2361499601709625e-09
88.07539016,0.195391847,69.88273489,1401.094548,0.101594065,0.699046358,-10.14807296,-0.611607765,0.001166103,7.92659e-13,0.842170718,0.061714321,0.077022388,0.002699831,0.003050335,0.004589849,0.008752555,2.75786e-09,,46.48879296338943,0.9767530277845393,0.06352975899090908,0.9875671243496449,0.9999999997586528,2.4213986371535157e-10
87.01149178,0.195337276,69.07163889,1400.859498,0.101595657,0.69908745,-10.14803987,-0.61148944,0.001167735,8.02593e-13,0.841130989,0.061636547,0.077922572,0.002731782,0.003084372,0.004643433,0.008850302,2.75141e-09,,45.91321057489292,0.9764802303761642,0.06279239899090909,0.9874014484122788,0.9999999997522127,2.4858992642151634e-10
85.97708769,0.195282857,68.28198696,1400.62558,0.101597286,0.699128572,-10.14800595,-0.611372653,0.001169343,8.1249e-13,0.840096757,0.0615591,0.078818204,0.002763566,0.003118182,0.004696737,0.008947451,2.74499e-09,,45.35366320537729,0.9762081928073756,0.062074533599999995,0.9872365703696632,0.9999999997458026,2.5500990208371377e-10
84.91155067,0.195225343,67.46747786,1400.378396,0.101599053,0.699172217,-10.14796907,-0.611250407,0.001171024,8.22942e-13,0.83900654,0.061477366,0.079762573,0.002797073,0.003153762,0.004752924,0.009049758,2.7382e-09,,44.77745820894127,0.9759206835049019,0.061334070781818184,0.9870623417336203,0.9999999987390228,1.2618001088426922e-09
83.84544504,0.195166258,66.65140583,1400.124677,0.101600913,0.69921723,-10.14793016,-0.611126077,0.00117273,8.33668e-13,0.837889584,0.061393533,0.080730361,0.002831405,0.003190152,0.004810491,0.009154471,2.73123e-09,,44.20109915157806,0.9756253208603867,0.06059218711818182,0.9868835068765576,0.9999999997320637,2.687701172732204e-10
82.78447349,0.195105866,65.83812348,1399.865409,0.101602858,0.699263411,-10.1478894,-0.611000323,0.001174454,8.44622e-13,0.836751095,0.061307994,0.081717075,0.002866402,0.003227178,0.004869165,0.009261089,2.72412e-09,,43.62769524047918,0.9753234245952166,0.05985283952727272,0.9867007607845387,1.0000000007249648,-7.241200972174511e-10
81.75630466,0.195045765,65.04887981,1399.607944,0.101604841,0.699309541,-10.14784776,-0.610876301,0.001176149,8.55512e-13,0.835621243,0.061223006,0.082696555,0.002901135,0.003263864,0.0049274,0.009366794,2.71705e-09,,43.07211657584011,0.9750229830229392,0.059135345281818186,0.9865192855443178,0.9999999997179055,2.829499967660354e-10
80.70307567,0.194982524,64.23925147,1399.337104,0.101606969,0.699358251,-10.14780298,-0.610747145,0.001177913,8.6696e-13,0.83443577,0.061133747,0.083724535,0.002937582,0.003302285,0.0049885,0.009477579,2.70963e-09,,42.50317679866576,0.9747068447644676,0.058399319518181815,0.9863283828815812,1.000000000710497,-7.096299103892534e-10
79.63559608,0.194916624,63.41746106,1399.055154,0.101609232,0.699409185,-10.14775527,-0.610613916,0.00117973,8.78876e-13,0.833204177,0.061040919,0.084792806,0.002975448,0.003342126,0.005051978,0.009592543,2.7019e-09,,41.92670148919959,0.9743774143121776,0.057652237327272725,0.986129649290684,0.9999999997027789,2.980999891377678e-10
78.59589249,0.194850621,62.61586371,1398.773041,0.101611544,0.699460371,-10.14770648,-0.610481822,0.001181528,8.90798e-13,0.83197442,0.060948136,0.085859784,0.003013262,0.003381831,0.005115363,0.009707201,2.69417e-09,,41.365385440427154,0.9740474689685887,0.05692351246363636,0.9859308008085818,0.9999999996950608,3.058300279690229e-10
77.54330294,0.194781892,61.80311303,1398.479583,0.101613996,0.699513843,-10.14765464,-0.610345653,0.001183379,9.03199e-13,0.830697896,0.060851731,0.086967653,0.003052515,0.003422966,0.005181161,0.009826075,2.68614e-09,,40.79727157573401,0.9737038965018902,0.05618464820909091,0.9857239557576243,0.9999999996870431,3.1386004906153175e-10
76.541584,0.194714626,61.02848252,1398.192672,0.101616439,0.69956634,-10.14760294,-0.610213701,0.001185171,9.15322e-13,0.829452494,0.060757588,0.088048817,0.003090815,0.00346302,0.005245356,0.009941908,2.67829e-09,,40.25676509843531,0.9733676374912111,0.05548043865454545,0.9855217253859345,1.0000000006792051,-6.782898687163197e-10
75.51168067,0.194643496,60.23085668,1397.889605,0.101619064,0.699622016,-10.14754729,-0.610075541,0.001187044,9.28128e-13,0.828139782,0.060658266,0.089188739,0.003131187,0.003505154,0.005313023,0.010063847,2.67001e-09,,39.701209802772375,0.973012062558413,0.054755324254545455,0.9853081073927004,1.0000000006709382,-6.700100474432702e-10
74.46413266,0.194569006,59.41829427,1397.572585,0.101621858,0.699680493,-10.14748799,-0.609932317,0.001188983,9.41522e-13,0.826769722,0.060554512,0.090378811,0.003173326,0.003549036,0.00538365,0.010190942,2.66136e-09,,39.13630249455291,0.9726396911715983,0.05401663115454545,0.985084654571327,1.0000000016623014,-1.6613599385095768e-09
73.39262008,0.194490478,58.58579137,1397.238776,0.101624851,0.69974232,-10.14742441,-0.609782888,0.001191004,9.55624e-13,0.825330498,0.060445422,0.091629344,0.003217594,0.003595031,0.005457845,0.010324264,2.65226e-09,,38.55865092821484,0.9722471340462958,0.053259810336363636,0.9848493679558145,1.0000000006532157,-6.522600237701681e-10
72.36958203,0.194413196,57.78965121,1396.910503,0.101627839,0.699803337,-10.14736084,-0.609637359,0.001192969,9.69485e-13,0.823919258,0.06033836,0.092855949,0.003261006,0.003640027,0.005530599,0.010454798,2.64332e-09,,38.00732771710808,0.9718608056060246,0.052536046554545454,0.9846179834121559,0.9999999996442894,3.566800188536945e-10
71.3103869,0.194330698,56.96400825,1396.560868,0.101631076,0.699868634,-10.14729192,-0.609483576,0.001195044,9.84261e-13,0.822418328,0.060224397,0.094160899,0.003307178,0.00368778,0.005607987,0.010593429,2.63382e-09,,37.43663850842535,0.9714484026704703,0.05178546204545455,0.9843715417769251,1.0000000006348044,-6.33820107509564e-10
70.26358083,0.194246564,56.14663404,1396.2046,0.101634421,0.699935402,-10.14722061,-0.609328396,0.001197135,9.99311e-13,0.820893547,0.060108527,0.095487023,0.003354087,0.003736171,0.005686607,0.010734036,2.62415e-09,,36.87283429107539,0.9710278214614723,0.05104239458181818,0.9841204248449807,1.0000000006251493,-6.241498429204739e-10
69.21026616,0.19415917,55.32275738,1395.834838,0.101637941,0.700004934,-10.14714551,-0.609168912,0.001199283,1.01492e-12,0.819315982,0.059988551,0.096859513,0.003402624,0.003786109,0.005767952,0.010879266,2.61413e-09,,36.30573955620313,0.9705909436929223,0.0502934158,0.9838597966128924,0.999999999615145,3.858700026171391e-10
68.15362454,0.194068605,54.49481646,1395.452614,0.101641635,0.700077147,-10.14706661,-0.60900536,0.001201482,1.03107e-12,0.817687883,0.059864633,0.098276421,0.003452717,0.003837525,0.005851916,0.011028902,2.60379e-09,,35.73697816765386,0.9701382142708943,0.049540742236363636,0.9835903844900088,0.999999999604821,3.962100647569855e-10
67.10077786,0.193975338,53.6683662,1395.059363,0.101645484,0.700151689,-10.14698435,-0.608838742,0.001203722,1.04768e-12,0.816018319,0.059737463,0.099729925,0.00350409,0.003890105,0.005938024,0.01118207,2.59318e-09,,35.17048565323459,0.9696719777004278,0.04878942381818182,0.9833131999418482,0.9999999985942277,1.4068199938321868e-09
66.04647267,0.193878758,52.83925736,1394.652768,0.101649514,0.700229046,-10.14689813,-0.608668058,0.001206015,1.06486e-12,0.814297016,0.059606256,0.101228998,0.003557058,0.003944168,0.00602681,0.011339692,2.58224e-09,,34.60340052794004,0.9691891796263433,0.04803568850909091,0.9830266098216466,1.0000000005833047,-5.822400339638989e-10
64.99192058,0.193778802,52.00840871,1394.232637,0.10165373,0.70030927,-10.14680788,-0.608493323,0.00120836,1.0826e-12,0.812523617,0.059470981,0.102773993,0.003611632,0.00399971,0.006118293,0.011501771,2.57095e-09,,34.036384205511325,0.9686895051151276,0.04728037155454545,0.9827304787974326,0.9999999995720327,4.290499067138853e-10
63.95025032,0.193676603,51.1861611,1393.803781,0.101658083,0.700391453,-10.14671462,-0.608316605,0.001210732,1.10071e-12,0.810718831,0.059333218,0.104346905,0.003667175,0.004056072,0.006211408,0.011666388,2.55947e-09,,33.47649327237654,0.9681786179710671,0.046532873727272724,0.9824281979218952,0.9999999995605706,4.405300568777193e-10
62.9020131,0.193570098,50.35714523,1393.357616,0.101662662,0.700477254,-10.14661644,-0.60813445,0.001213175,1.11956e-12,0.808847006,0.059190244,0.10597885,0.003724784,0.004114353,0.006307995,0.011836765,2.54755e-09,,32.913279299260466,0.967646205371353,0.045779222936363634,0.9821137167281282,0.9999999995486694,4.524501884262122e-10
61.86618994,0.193461051,49.53635502,1392.901418,0.10166739,0.700565258,-10.14651499,-0.607950014,0.001215649,1.13882e-12,0.806939982,0.059044492,0.107642126,0.00378348,0.004173543,0.006406411,0.012009965,2.5354e-09,,32.356967739651914,0.9671010854543444,0.04503305001818182,0.9817921637339799,1.0000000015365385,-1.5353995852507296e-09
60.83405707,0.193348427,48.71688061,1392.431492,0.101672315,0.700656281,-10.14640926,-0.607761585,0.001218176,1.15867e-12,0.804980336,0.058894625,0.109351931,0.003843798,0.004234183,0.006507566,0.012187558,2.52291e-09,,31.802797192956795,0.9665380843123303,0.04428807328181818,0.9814609345038473,0.9999999995240686,4.770900341455331e-10
59.79262802,0.193230553,47.88836737,1391.940387,0.101677509,0.700751695,-10.1462977,-0.607566588,0.001220791,1.17942e-12,0.802940128,0.058738509,0.111132748,0.003906599,0.004297106,0.006612896,0.012372012,2.50992e-09,,31.24387723429609,0.9659488387109156,0.04353487942727272,0.9811147771704283,1.0000000005110996,-5.099201061398162e-10
58.75535225,0.193108681,47.06146821,1391.433617,0.101682917,0.70085048,-10.14618146,-0.60736725,0.001223465,1.20082e-12,0.800842203,0.058577887,0.112964689,0.00397118,0.004361589,0.006721229,0.012561221,2.49655e-09,,30.68740656330042,0.9653396073287989,0.04278315291818182,0.9807575782987881,1.000000000497751,-4.965501343434653e-10
57.75214721,0.192986327,46.2600926,1390.925857,0.101688381,0.700949779,-10.14606395,-0.607169366,0.001226121,1.22227e-12,0.798747646,0.058417442,0.114794442,0.00403566,0.004425746,0.006829411,0.012749651,2.48321e-09,,30.149433264058445,0.9647279664553619,0.04205462963636364,0.9803996816216684,1.0000000004844323,-4.832101385687793e-10
56.70912325,0.192854168,45.42516732,1390.378546,0.101694318,0.701057155,-10.1459362,-0.606958053,0.001228959,1.24539e-12,0.79649826,0.058245052,0.116760281,0.00410491,0.004494398,0.006945619,0.012951477,2.46888e-09,,29.590338233933714,0.9640673109296531,0.04129560665454545,0.9800139072632095,0.9999999994701253,5.311200368396385e-10
55.66402723,0.192716386,44.58676595,1389.809201,0.101700542,0.701169216,-10.14580221,-0.606740337,0.001231886,1.26945e-12,0.794167433,0.058066337,0.1187982,0.00417667,0.004565267,0.007066068,0.013160023,2.45404e-09,,29.030372955134997,0.9633785463381898,0.04053342359090909,0.9796126021512772,1.0000000004553093,-4.5403991677517297e-10
54.6566638,0.192578191,43.77687717,1389.23943,0.101706815,0.701281714,-10.1456671,-0.606524521,0.00123479,1.29352e-12,0.79184412,0.05788812,0.120830462,0.004248202,0.004635634,0.007186163,0.013367297,2.43925e-09,,28.490863099883093,0.962687717182587,0.039797161063636365,0.9792109967715326,1.0000000004405434,-4.392499697303265e-10
53.65522026,0.192435246,42.97000302,1388.651418,0.101713332,0.701398167,-10.1455267,-0.606303881,0.001237762,1.31837e-12,0.789456088,0.057704867,0.122920278,0.00432173,0.004707677,0.007309642,0.013579714,2.42406e-09,,27.954762062532854,0.9619731430399072,0.03906363910909091,0.9787965341496115,0.9999999984253783,1.5759401561510344e-09
52.64314964,0.192284804,42.15276341,1388.03403,0.101720216,0.701520808,-10.14537831,-0.606074411,0.001240858,1.34446e-12,0.786959258,0.057513194,0.125106327,0.004398612,0.004782695,0.007438792,0.01380112,2.40818e-09,,27.41321784179165,0.9612210918092028,0.03832069400909091,0.9783613657360036,1.0000000004095244,-4.0817993429698163e-10
51.60808846,0.19212433,41.31504603,1387.377126,0.101727583,0.701651696,-10.14521945,-0.605832628,0.001244125,1.37223e-12,0.784314366,0.057310085,0.127423141,0.004480055,0.004861818,0.007575653,0.014034879,2.39138e-09,,26.85963940039448,0.9604188911657916,0.037559132754545456,0.9778983443109472,0.9999999993927522,6.086200432520172e-10
50.59876172,0.191960989,40.49625553,1386.710217,0.101735101,0.701784978,-10.14505726,-0.605589571,0.001247417,1.40042e-12,0.781641514,0.057104764,0.129765626,0.004562363,0.004941421,0.007714018,0.014270291,2.37441e-09,,26.320089937578985,0.9596023585480752,0.036814777754545454,0.9774282708214221,0.9999999993758104,6.255900242280177e-10
49.5821467,0.191789169,39.66961639,1386.010566,0.101743027,0.701925218,-10.14488623,-0.605337093,0.001250843,1.43001e-12,0.778850709,0.056890323,0.132212744,0.004648307,0.005024153,0.007858555,0.014515206,2.35671e-09,,25.776920217847618,0.9587434398786902,0.036063287627272726,0.976935119001579,0.9999999993581399,6.432900878650116e-10
48.54977275,0.191606681,38.82813419,1385.269566,0.101751457,0.702074186,-10.14470424,-0.605072396,0.001254445,1.46135e-12,0.775909702,0.056664285,0.134792956,0.004738879,0.005110914,0.008010947,0.014772314,2.33808e-09,,25.225624731327944,0.9578311924678022,0.03529830380909091,0.9764128221728692,0.9999999993395413,6.619200743074316e-10
47.54696437,0.191421163,38.00875364,1384.518453,0.101760035,0.70222563,-10.144519,-0.604806816,0.00125807,1.49312e-12,0.772943933,0.056436296,0.13739633,0.004830218,0.005197966,0.008164706,0.015030549,2.31932e-09,,24.690411545126995,0.9569037982546316,0.034553412400000004,0.9758833971554566,1.0000000003208132,-3.1931990385203335e-10
46.51758107,0.191221666,37.16557096,1383.713187,0.101769263,0.702388465,-10.14431969,-0.604525028,0.001261928,1.52719e-12,0.76978143,0.05619314,0.140173983,0.00492762,0.005290308,0.008328761,0.015304756,2.29934e-09,,24.141326986112436,0.9559065237942292,0.03378688269090909,0.975315802178307,1.0000000003008673,-2.993401082562741e-10
45.51665292,0.19101825,36.34362784,1382.894677,0.101778668,0.702554453,-10.14411647,-0.604241618,0.001265823,1.56184e-12,0.76658493,0.055947336,0.142983153,0.005026072,0.005383135,0.008494688,0.015580683,2.27918e-09,,23.6077361648718,0.9548896584697522,0.033039661672727275,0.9747388721145184,0.9999999992807419,7.208199592767528e-10
44.50093712,0.190801619,35.50741584,1382.025825,0.101788675,0.702731153,-10.1439002,-0.603943975,0.00126993,1.59863e-12,0.763211576,0.055687907,0.14594955,0.005129975,0.005480544,0.008669919,0.015870526,2.25794e-09,,23.066595046978392,0.9538067320917545,0.03227946894545455,0.9741264582896625,0.9999999992595386,7.420599690277641e-10
43.49368291,0.190575875,34.67601534,1381.1235,0.101799086,0.702915181,-10.14367515,-0.603638231,0.001274169,1.63684e-12,0.759729655,0.055420112,0.149013353,0.005237226,0.005580494,0.008850929,0.016168229,2.23606e-09,,22.530306241330813,0.9526782503311814,0.031523650309090906,0.9734904508862,1.0000000002376968,-2.3605983834329436e-10
42.49273329,0.19033995,33.84765357,1380.183792,0.10180994,0.703107371,-10.14344046,-0.603323341,0.001278555,1.67666e-12,0.756126489,0.055142987,0.152185905,0.005348216,0.00568329,0.009038401,0.01647471,2.21346e-09,,21.997729813231352,0.951498874315149,0.030770594154545455,0.9728280939249137,1.0000000002151366,-2.1345991640941975e-10
41.48119287,0.190088866,33.0082947,1379.187376,0.101821457,0.703311729,-10.1431914,-0.602993245,0.001283179,1.7189e-12,0.752331364,0.054851105,0.15552974,0.005465124,0.005790865,0.009236043,0.016795757,2.18972e-09,,21.459896776232384,0.9502437192972006,0.030007540636363638,0.9721257661018694,1.0000000001914389,-1.8972001747386003e-10
40.45516691,0.189820132,32.15458308,1378.125049,0.101833734,0.703530223,-10.14292583,-0.602645468,0.00128808,1.76395e-12,0.748313873,0.054542143,0.159072025,0.005588886,0.005903968,0.00944548,0.017133623,2.16464e-09,,20.914768085255027,0.9489003329062186,0.029231439163636366,0.9713769806455227,1.0000000001664038,-1.6463985730297281e-10
39.45256278,0.189542723,31.3180519,1377.03285,0.101846349,0.703755491,-10.14265293,-0.602292243,0.001293092,1.8103e-12,0.744214049,0.054226886,0.162689577,0.005715189,0.006018567,0.009659451,0.017476279,2.13913e-09,,20.38250093582971,0.9475135806704168,0.028470956272727273,0.9706071397898951,1.0000000001409404,-1.3913004082155567e-10
38.43612802,0.189245271,30.46761534,1375.866648,0.101859799,0.703996695,-10.14236189,-0.601919776,0.001298415,1.85982e-12,0.739870454,0.053892942,0.166525161,0.005849007,0.006139078,0.009886424,0.017836932,2.11217e-09,,19.843334874745985,0.9460266345870392,0.027697832127272726,0.9697851376222363,1.00000000011403,-1.1217005102537314e-10
37.40765614,0.188926222,29.60464728,1374.621317,0.101874132,0.704254995,-10.14205173,-0.601527219,0.001304072,1.91273e-12,0.735270632,0.053539377,0.170590295,0.005990726,0.006265688,0.010127117,0.018216163,2.08373e-09,,19.298266659020445,0.9444317262961031,0.026913315709090908,0.9689073610608409,1.0000000000856426,-8.372991189276036e-11
36.40135068,0.188594866,28.75785111,1373.333914,0.101888905,0.704522775,-10.141732,-0.601126866,0.001309894,1.96748e-12,0.730556855,0.053177156,0.174759639,0.006135962,0.006394362,0.010374147,0.018601878,2.05468e-09,,18.76544291107029,0.9427752959933864,0.026143501009090908,0.9679999298811222,1.0000000010566477,-1.0546801210153944e-09
35.37470453,0.188235439,27.89143499,1371.94419,0.101904792,0.704812654,-10.14138813,-0.600700745,0.001316151,2.02662e-12,0.725515314,0.052789882,0.179222806,0.006291303,0.006530784,0.010638795,0.019011114,2.02373e-09,,18.222390155782485,0.9409785403154614,0.02535584999090909,0.9670203773332381,1.0000000000257567,-2.373012897294302e-11
34.35699959,0.187855806,27.03004485,1370.483795,0.101921407,0.705118141,-10.14102846,-0.600259541,0.0013227,2.08883e-12,0.720269373,0.052387071,0.183871212,0.006452951,0.006671428,0.010914686,0.019433276,1.99166e-09,,17.684641335661418,0.9390807759619828,0.024572768045454545,0.9659910120469174,0.9999999989937488,1.0083400781013552e-09
33.33635062,0.187449439,26.16362564,1368.928716,0.101938995,0.705444338,-10.14064771,-0.599797016,0.001329648,2.15513e-12,0.714741813,0.051962842,0.188773896,0.006623287,0.006818178,0.011205983,0.019874,1.95803e-09,,17.145962171859146,0.93704936982229,0.023785114218181816,0.9648949083625808,1.000000000960185,-9.580298776512564e-10
32.31727344,0.187015489,25.29599414,1367.277479,0.101957546,0.70579173,-10.14024611,-0.59931377,0.001337003,2.22563e-12,0.708936714,0.051517559,0.193927931,0.006802186,0.006970719,0.011512613,0.020332277,1.92288e-09,,16.608763098951286,0.9348800777923769,0.02299635830909091,0.9637310273254036,1.0000000009251055,-9.22879994647019e-10
31.29129506,0.186547145,24.41991598,1365.505913,0.101977289,0.70616554,-10.13981868,-0.598804142,0.001344872,2.30136e-12,0.702781619,0.05104573,0.199398507,0.006991882,0.0071307,0.011838567,0.020812992,1.88582e-09,,16.068637897810284,0.9325388520602473,0.022199923618181818,0.9624823319088716,0.9999999988881214,1.1141800815295255e-09
30.27443649,0.186048461,23.54909224,1363.63102,0.101997983,0.706562283,-10.13937065,-0.598274648,0.00135318,2.38163e-12,0.696349899,0.050553055,0.205121335,0.007190121,0.007295939,0.012180142,0.021309508,1.84732e-09,,15.534093588858488,0.9300459583475035,0.021408265672727272,0.9611608060410304,1.0000000008497016,-8.473199919478702e-10
29.24977809,0.18550733,22.66906512,1361.609487,0.102020048,0.706991288,-10.13889295,-0.597714858,0.001362119,2.4683e-12,0.689508863,0.050029458,0.211215516,0.007400994,0.007469538,0.012544613,0.021831016,1.80664e-09,,14.996304303283166,0.9273408744312944,0.020608241018181817,0.9597359203797181,0.9999999998091084,1.933598836600936e-10
28.23488556,0.184928752,21.79497228,1359.46283,0.102043186,0.707448238,-10.13839205,-0.597132643,0.001371598,2.56053e-12,0.682348285,0.049481911,0.217602188,0.007621739,0.007648897,0.012927485,0.022369494,1.76436e-09,,14.464541579509806,0.9244485950348592,0.019813611163636363,0.958222840564026,1.0000000007669205,-7.64359908700385e-10
27.23439767,0.184311989,20.93096269,1357.190629,0.102067328,0.707933372,-10.13786945,-0.596529889,0.001381621,2.65835e-12,0.674884262,0.048911744,0.224268022,0.007851865,0.007833312,0.013328182,0.022922611,1.72062e-09,,13.941294647239866,0.9213654309370478,0.0190281479,0.9566212705552657,0.9999999997232782,2.793800746303532e-10
26.21285583,0.183628923,20.0464891,1354.692607,0.102093426,0.708468305,-10.13730454,-0.595883134,0.001392635,2.76614e-12,0.666814194,0.048295994,0.231484866,0.008100712,0.008029793,0.01376337,0.023511071,1.67372e-09,,13.408141666739695,0.9179508218122532,0.018224081,0.9548605297068885,1.000000001676486,-1.6737198293981237e-09
25.20571359,0.182896106,19.17235545,1352.033485,0.102120678,0.709039487,-10.13671471,-0.595212621,0.001404358,2.88118e-12,0.658376903,0.047653055,0.239040904,0.008360926,0.008232016,0.014220699,0.024115496,1.62514e-09,,12.88370501868797,0.9142875101922858,0.017429414045454547,0.9529862368759133,1.000000000628021,-6.251399398138346e-10
24.18958658,0.182089181,18.28845842,1349.129313,0.102149792,0.709665245,-10.13608469,-0.594501191,0.00141717,3.00722e-12,0.649339495,0.046965378,0.247146563,0.008639705,0.008445031,0.014713412,0.024750415,1.57362e-09,,12.355932960964237,0.9102537367823592,0.016625871290909092,0.9509392195673735,1.0000000005766272,-5.736200403561043e-10
23.1712089,0.181203146,17.40085493,1345.967853,0.102180682,0.710348602,-10.13541631,-0.593751218,0.001431132,3.14489e-12,0.639708055,0.046233682,0.255798802,0.008936882,0.008668005,0.015242024,0.025412549,1.51932e-09,,11.828502198698711,0.9058244968613453,0.01581895902727273,0.9487108517777743,1.000000000522465,-5.193199204001075e-10
22.17008187,0.180246099,16.52687326,1342.583477,0.102212796,0.711082474,-10.13472158,-0.592976284,0.001446104,3.29286e-12,0.629631703,0.045469549,0.26486588,0.009247881,0.008896859,0.015799256,0.02608887,1.46321e-09,,11.311668812766746,0.9010402718830014,0.015024430236363635,0.9463253607494856,0.9999999994665029,5.367899458263992e-10
21.16071574,0.179182321,15.64465283,1338.857084,0.102246965,0.711893116,-10.13398256,-0.592156394,0.00146263,3.45655e-12,0.618809689,0.044650513,0.274620952,0.009582021,0.009137712,0.016402942,0.026796169,1.40374e-09,,10.792439558977389,0.8957225045434534,0.014222411663636364,0.9436987976638896,0.9999999994071967,5.962598192965629e-10
20.15690548,0.178011251,14.76672171,1334.794854,0.102282764,0.712779695,-10.13320845,-0.591301864,0.001480698,3.63592e-12,0.607331213,0.043783721,0.284986934,0.009936597,0.009387648,0.017049693,0.027524193,1.34161e-09,,10.27819010104361,0.8898683904347534,0.013424292463636365,0.9408355185188287,1.000000000345246,-3.4161007356203754e-10
19.15587615,0.176713651,13.891253,1330.339482,0.102320239,0.713755258,-10.13239832,-0.590411541,0.001500588,3.83388e-12,0.595113439,0.042863389,0.296041922,0.010314234,0.009647555,0.017746109,0.02827335,1.27656e-09,,9.76775685799228,0.8833817598597672,0.012628411818181818,0.9376951316546956,0.9999999992803938,7.234400856148682e-10
18.14299398,0.175247577,13.00621005,1325.359124,0.102359861,0.714849376,-10.13154202,-0.58947409,0.001522919,4.05677e-12,0.581902224,0.041871008,0.30802018,0.01072289,0.009921638,0.018509426,0.029052633,1.20752e-09,,9.254063245995585,0.8760529370841874,0.011823827318181818,0.9341847062980967,1.000000000211577,-2.0752022322767516e-10
17.13217213,0.173605313,12.12472166,1319.841856,0.102400899,0.716065454,-10.13065542,-0.588506502,0.001547782,4.30582e-12,0.567798054,0.040814905,0.320835415,0.011159599,0.010206473,0.019337446,0.029848107,1.13534e-09,,8.744627669848741,0.8678433502511118,0.011022474236363636,0.9302958377696993,1.0000000001396456,-1.353399614600903e-10
16.12694398,0.171763928,11.2510399,1313.725615,0.102442816,0.717417936,-10.12975016,-0.587520704,0.001575504,4.58473e-12,0.552790483,0.039695161,0.334501649,0.011624878,0.010501007,0.020235178,0.030651642,1.06033e-09,,8.241692236381663,0.8586383685608213,0.010228218090909092,0.9259847807144694,0.9999999990649149,9.396698974484252e-10
15.11821953,0.169670177,10.37873877,1306.851182,0.102485364,0.71894288,-10.12883163,-0.586521363,0.00160686,4.90203e-12,0.536676556,0.038497731,0.349208686,0.012125306,0.010807814,0.021220741,0.031463165,9.8192e-10,,7.74129065172764,0.8481718232055441,0.009435217063636364,0.9211393089802206,0.999999999986822,1.8080092978323137e-11
14.11666323,0.167302843,9.518829402,1299.168202,0.102527115,0.720652287,-10.12793069,-0.585540178,0.001642148,5.26184e-12,0.519565794,0.037232082,0.364861401,0.012657891,0.0111234,0.022295298,0.032264133,9.01154e-10,,7.249384192555342,0.8363376515766875,0.008653481274545455,0.9157239296427828,0.9999999999064159,9.884593143993925e-11
13.11628786,0.164597405,8.668303343,1290.487311,0.102566833,0.72258899,-10.12707402,-0.584603366,0.001682314,5.67553e-12,0.501310733,0.035888901,0.381598802,0.01322782,0.011449192,0.023478455,0.033046097,8.1793e-10,,6.763784642989399,0.8228133167666308,0.007880275766363637,0.9096051687255412,1.0000000008236056,-8.179299459953882e-10
12.11577959,0.161485411,7.828703062,1280.61022,0.10260233,0.724797826,-10.12630886,-0.583758049,0.001728366,6.15634e-12,0.481842904,0.034465196,0.399486835,0.013838129,0.011785215,0.024789084,0.033792636,7.32663e-10,,6.284778922190874,0.807256631016343,0.007117002783636363,0.9026432614297534,0.9999999997388194,2.6733681934842934e-10
11.10853292,0.15786161,6.997840767,1269.222629,0.10263038,0.727349123,-10.12570474,-0.583073227,0.001781873,6.72533e-12,0.460994558,0.032951392,0.418680867,0.014495483,0.012133376,0.026259003,0.034485319,6.45516e-10,,5.810371842208651,0.7891414504026983,0.006361673424545454,0.89461667213698,0.9999999986522412,1.354484080451357e-09
10.10466623,0.153662313,6.187938827,1256.136514,0.102645563,0.730284085,-10.12537852,-0.582666587,0.001843817,7.4006e-12,0.438970375,0.031365686,0.438988765,0.015195548,0.01249008,0.027901793,0.035087753,5.5836e-10,,5.346568528470017,0.7681493971400228,0.005625398933636364,0.8853928713749927,1.0000000005657605,-5.583598028380266e-10
9.099581501,0.148751725,5.39960029,1240.921997,0.102640427,0.733696374,-10.12549097,-0.58269851,0.001916304,8.21763e-12,0.415712555,0.029708017,0.4604524,0.015943385,0.01285724,0.029760079,0.035566323,4.72071e-10,,4.89253358147465,0.7436016395398686,0.0049087275363636365,0.8746688579074455,0.9999999994802886,5.279290338222609e-10
8.096708521,0.143005041,4.640286258,1223.154513,0.102603799,0.737675972,-10.12628337,-0.583410569,0.002001384,9.2206e-12,0.391383317,0.027995211,0.482897313,0.016738758,0.013235283,0.031874931,0.035875186,3.88476e-10,,4.451024074920747,0.7148742843154667,0.004218442052727272,0.8621453753874005,0.9999999993976968,6.115238315729243e-10
7.091711616,0.136223842,3.911829749,1202.115048,0.102518578,0.742372827,-10.12812609,-0.585172772,0.002102358,1.04849e-11,0.366005771,0.026235868,0.506258022,0.017588887,0.013629166,0.03432114,0.035961144,3.0896e-10,,4.021315995266629,0.6809754458687455,0.0035562088627272724,0.8473156239066282,0.999999998319445,1.691039974716091e-09
6.087883092,0.128215654,3.221735249,1176.986831,0.102359313,0.747951265,-10.13157261,-0.588538867,0.002222769,1.21198e-11,0.339823011,0.024456159,0.53023323,0.018498359,0.014044453,0.037187096,0.035757692,2.3563e-10,,3.605521641479623,0.6409429573275639,0.0029288502263636364,0.8296038991424806,1.0000000002477498,-2.356299599881595e-10
5.085649144,0.11871867,2.574786793,1146.511417,0.102085917,0.754659348,-10.13750033,-0.594386293,0.002367737,1.43146e-11,0.313020207,0.022681741,0.554523752,0.019481695,0.014492621,0.040616528,0.035183457,1.70263e-10,,3.20371447179537,0.5934680599905151,0.002340715266363636,0.8081231810779457,1.0000000011845775,-1.1702629976184653e-09
4.084337078,0.107367408,1.974154206,1108.661907,0.101631659,0.762892458,-10.14738361,-0.604189351,0.002545018,1.74266e-11,0.285706867,0.020939727,0.578809215,0.020571221,0.0149933,0.044852752,0.034126919,1.14305e-10,,2.8141423148664506,0.5367237295698318,0.0017946856418181818,0.7814448018050408,1.0000000011317318,-1.1143050926420983e-09
3.082597712,0.093598604,1.421463476,1059.808118,0.100872691,0.773354403,-10.1639944,-0.620719882,0.002767675,2.22279e-11,0.257822916,0.019261137,0.60273773,0.021839106,0.015579344,0.050349708,0.032410059,6.87879e-11,,2.4323017115074808,0.4678942405074153,0.0012922395236363636,0.74701001224342,1.0000000000910159,-6.878786429354022e-11
2.081276759,0.076447345,0.917940569,992.4905351,0.099542949,0.787499792,-10.19339955,-0.650044807,0.003060909,3.07731e-11,0.228973601,0.017695101,0.625795393,0.023459451,0.016303429,0.058087052,0.029685972,3.43771e-11,,2.0490857603131483,0.38215604612632204,0.0008344914263636364,0.6995609433296769,0.9999999990651501,9.656229149612727e-10
1.08034148,0.053617329,0.461723661,885.3525067,0.096844112,0.809574103,-10.25430561,-0.71087068,0.003493011,5.15378e-11,0.197450316,0.016367531,0.646886196,0.026016138,0.017242266,0.071046084,0.024991468,1.12994e-11,,1.638173713279811,0.26803005983391814,0.00041974878272727276,0.6240442733329862,0.9999999990628372,9.88700676884946e-10
0.999107901,0.051350488,0.426589577,873.1306577,0.096495509,0.812073497,-10.26229615,-0.718854707,0.003539657,5.47131e-11,0.194623655,0.016282332,0.648413012,0.026318924,0.017328464,0.07258852,0.024445094,9.92953e-12,,1.6015272152948505,0.256698247149553,0.0003878087063636364,0.6154296539353197,1.0000000010646428,-1.0099296954280135e-09
