P_bars,H2OT_m_wtpc,CO2T_m_ppmw,ST_m_ppmw,Fe3Fet_m,S6St_m,logfO2,dFMQ,vapor_wt,O2_v_mf,CO2_v_mf,CO_v_mf,H2O_v_mf,H2_v_mf,S2_v_mf,SO2_v_mf,H2S_v_mf,CH4_v_mf,OCS_v_mf,CS_v_mf,H2OT_m_wtpc_norm,CO2T_m_ppmw_norm,ST_m_ppmw_norm,SUM_v_mf,XO2_BYDIFF_v_mf
1820.0,0.300014606,800.0175032,1489.405219,0.181303752,0.907095595,-7.231879437,0.946494565,0.0001,2.2625155088110095e-11,0.975085639173301,0.0179857739367952,0.0061768789843612,3.71401485033304e-05,6.94379940530181e-07,0.0007102974125919,3.57593829693636e-06,3.58432910100345e-12,,1388.4020950651984,1.0,1.0,1.0,0.9999999999999997,2.2625568085743453e-11
1818.4,0.300013512,798.9977544,1489.403983,0.181293094,0.907085922,-7.232012176,0.946361827,0.000101017,2.26449666448569e-11,0.975076382217493,0.0179883654450276,0.0061826386083603,3.71851647550745e-05,6.9552473232195e-07,0.0007111510163185,3.58199708132119e-06,3.58650357700877e-12,,1386.721657828242,0.9999963535108686,0.9987253418882448,0.999999170138533,0.9999999999999996,2.2645441077884243e-11
1816.8,0.300012419,797.9786945,1489.40402,0.181282437,0.907076225,-7.232144918,0.946229084,0.000102033,2.26648125544112e-11,0.975067110495743,0.0179909572160532,0.0061884080480021,3.72302647860264e-05,6.96677817157932e-07,0.0007120091873054,3.58808403958671e-06,3.58867942505782e-12,,1385.0363315056998,0.9999927103549083,0.9974515448826495,0.9999991949806643,0.9999999999999999,2.2664869980815183e-11
1815.2,0.300011325,796.9603268,1489.403419,0.18127178,0.907066538,-7.232277664,0.946096339,0.000103049,2.2684693043346197e-11,0.975057828507304,0.0179935492794792,0.0061941872984199,3.72754485236682e-05,6.97830397753198e-07,0.0007128674330909,3.59417650906057e-06,3.5908565841793496e-12,,1383.3549073666175,0.9999890638657771,0.9961786131081238,0.999998791463883,1.0000000000000002,2.268452092835105e-11
1813.6,0.30001023,795.9426497,1489.402818,0.181261124,0.907056851,-7.232410413,0.94596359,0.000104064,2.27046081134593e-11,0.975048534695637,0.0179961416425605,0.0061999763953063,3.73207163245149e-05,6.98985417481824e-07,0.0007137272563553,3.60028210093858e-06,3.5930350893699397e-12,,1381.6744549962034,0.9999854140434749,0.9949065445647114,0.9999983879471017,0.9999999999999997,2.270494903200415e-11
1812.0,0.300009135,794.9256627,1489.402215,0.181250468,0.907047162,-7.232543165,0.945830837,0.000105078,2.27245578761286e-11,0.97503922903811,0.0179987342974794,0.0062057753645729,3.73660683967681e-05,7.00142882068948e-07,0.0007145886613914,3.60640084758541e-06,3.5952149352131796e-12,,1379.9949736957924,0.9999817642211725,0.9936353386274261,0.9999979830875025,1.0,2.2724488957237554e-11
1810.464,0.300008083,793.9500054,1489.401045,0.181240239,0.907037872,-7.232670606,0.945703397,0.000106051,2.2743742661337797e-11,0.975030285934728,0.0180012234340096,0.0062113516788354,3.74096855900722e-05,7.01253600902263e-07,0.0007154157067606,3.61228013457875e-06,3.59730875377597e-12,,1378.386280854256,0.9999782577252254,0.99241579368485,0.9999971975390265,1.0,2.274369581556357e-11
1808.928,0.300007031,792.9749809,1489.401054,0.181230009,0.907028557,-7.23279806,0.945575943,0.000107023,2.27629590274622e-11,0.97502132886589,0.0180037130048892,0.0062169371548848,3.74533814128919e-05,7.0237209131686e-07,0.0007162470086224,3.61818584677631e-06,3.599403993798e-12,,1376.773089601558,0.9999747512292784,0.9911970397249679,0.9999972035817071,0.9999999999999999,2.276312471849451e-11
1807.392,0.300005978,792.0005926,1489.400473,0.18121978,0.907019253,-7.232925512,0.945448491,0.000107995,2.2782207905100495e-11,0.975012362299382,0.018006202757141,0.0062225317910708,3.74971552184217e-05,7.0349009939017e-07,0.0007170783840436,3.62409666081832e-06,3.6015003753705997e-12,,1375.1634881200405,0.9999712414001604,0.9899790809976869,0.9999968134931048,0.9999999999999997,2.278255362142545e-11
1805.856,0.300004925,791.0268388,1489.39989,0.181209551,0.907009948,-7.233052968,0.945321035,0.000108966,2.28014890605606e-11,0.975003384697396,0.0180086927877515,0.006228135618647,3.75410075160244e-05,7.0461038616804e-07,0.0007179112321633,3.63001973496963e-06,3.6035980028345397e-12,,1373.5547800674753,0.9999677315710421,0.9887619153780535,0.9999964220616847,1.0000000000000002,2.2801427412844077e-11
1804.32,0.300003872,790.0537193,1489.399306,0.181199323,0.907000642,-7.233180426,0.945193577,0.000109937,2.28208026437024e-11,0.974994396058323,0.018011183070469,0.0062337486611614,3.75849384535831e-05,7.0573295427929e-07,0.0007187455571239,3.63595508803438e-06,3.60569685596191e-12,,1371.9469643253265,0.9999642217419241,0.9875455426160732,0.9999960299588557,0.9999999999999999,2.282096733807748e-11
1802.84544,0.30000286,789.120122,1489.398199,0.181189505,0.906991718,-7.233302783,0.94507122,0.000110868,2.2839374558997894e-11,0.974985757961479,0.0180135738903211,0.0062391458655961,3.76271860414305e-05,7.0681019951511e-07,0.0007195466019596,3.64165795605935e-06,3.6077128134153995e-12,,1370.4067831346988,0.9999608485728191,0.9863785715232337,0.9999952867091437,0.9999999999999999,2.283950806258872e-11
1801.37088,0.300001848,788.1871062,1489.398183,0.181179686,0.906982772,-7.233425156,0.944948847,0.000111798,2.28579757849289e-11,0.97497710677813,0.0180159651750842,0.0062445516189137,3.76695071520602e-05,7.07894709674407e-07,0.0007203516140058,3.64738553670271e-06,3.60973013626135e-12,,1368.86245919787,0.9999574754037142,0.9852123272894913,0.9999952759666004,0.9999999999999998,2.2858159809402423e-11
1799.89632,0.300000836,787.254675,1489.39762,0.181169867,0.906973836,-7.233547525,0.944826478,0.000112728,2.2876607411698695e-11,0.974968446755698,0.0180183566027141,0.0062499659202417,3.77119009977039e-05,7.08978766483421e-07,0.0007211566972248,3.65311786848735e-06,3.6117484946934298e-12,,1367.321439348278,0.9999541022346091,0.9840468137897611,0.9999948979633594,0.9999999999999998,2.2876811556216126e-11
1798.42176,0.299999823,786.3228271,1489.397056,0.181160049,0.906964899,-7.233669897,0.944704105,0.000113658,2.2895269201475198e-11,0.974959776456175,0.0180207482699566,0.0062553887977539,3.77543680600736e-05,7.10064948576866e-07,0.0007219631549577,3.65886163885384e-06,3.61376799101644e-12,,1365.781240494205,0.9999507257323331,0.9828820293990789,0.9999945192887094,0.9999999999999998,2.2895463303029828e-11
1796.9472,0.29999881,785.391562,1489.396491,0.181150232,0.90695596,-7.233792272,0.944581731,0.000114587,2.2913961224526597e-11,0.974951095853665,0.0180231401782397,0.0062608202723343,3.77969085235104e-05,7.1115326159403e-07,0.0007227709905676,3.66461687811352e-06,3.61578862699167e-12,,1364.2418622900984,0.9999473492300571,0.981717973492458,0.9999941399426505,0.9999999999999996,2.291444811675092e-11
1795.177728,0.299997593,784.2748128,1489.395812,0.181138451,0.906945233,-7.233939126,0.944434877,0.0001157,2.29364316325599e-11,0.974940665484285,0.0180260107987246,0.0062673494193435,3.7848054250886e-05,7.12462058846151e-07,0.0007237422164308,3.67153835124303e-06,3.6182149052721396e-12,,1362.3956919871812,0.9999432927608864,0.9803220675334844,0.9999936840559708,0.9999999999999994,2.293698564415081e-11
1793.408256,0.299996376,783.1589019,1489.395131,0.18112667,0.906934505,-7.234085984,0.944288018,0.000116813,2.2958945795280294e-11,0.974930220194025,0.0180288817727472,0.0062738910126181,3.78993062669221e-05,7.13773943366682e-07,0.0007247154373815,3.67847643851785e-06,3.62064283178601e-12,,1360.550701877513,0.9999392362917158,0.9789272094265851,0.9999932268264732,1.0000000000000002,2.2958634993131e-11
1791.638784,0.299995159,782.0438287,1489.394449,0.18111489,0.906923775,-7.234232847,0.944141156,0.000117926,2.2981503844972598e-11,0.974919759941531,0.0180317530990994,0.0062804450886826,3.79506648860431e-05,7.15088924000831e-07,0.0007256906590828,3.68543118956407e-06,3.62307240664724e-12,,1358.7068917705446,0.999935179822545,0.9775333984217759,0.9999927689255665,1.0,2.2981505587438278e-11
1789.869312,0.299993941,780.9295927,1489.393766,0.181103111,0.906913045,-7.234379714,0.943994289,0.000119037,2.30041058944104e-11,0.974909284677483,0.0180346247842799,0.0062870116841211,3.80021304399469e-05,7.16407011181422e-07,0.0007266678873752,3.6924026597623e-06,3.62550363615497e-12,,1356.8642611691048,0.9999311200202032,0.976140633894071,0.9999923103532511,0.9999999999999996,2.300459822635048e-11
1788.09984,0.299992722,779.8161933,1489.393082,0.181091331,0.906902312,-7.234526585,0.943847418,0.000120147,2.3026752091159397e-11,0.974898794365305,0.0180374968215775,0.0062935908358061,3.80537032341553e-05,7.17728213616977e-07,0.0007276471283111,3.69939089749357e-06,3.62793651601393e-12,,1355.0228092454781,0.9999270568846904,0.9747489150934867,0.9999918511095267,0.9999999999999998,2.302702473144791e-11
1786.401147,0.299991552,778.748118,1489.39169,0.181080024,0.906892022,-7.23466758,0.943706423,0.000121213,2.30485343508329e-11,0.974888711324164,0.0180402542429277,0.0062999186582517,3.8103314031805e-05,7.18996004129374e-07,0.0007285873315689,3.70610637267833e-06,3.6302735487320497e-12,,1353.2594148769194,0.9999231570745591,0.973413850178372,0.9999909165082629,0.9999999999999998,2.3048785102730562e-11
1784.702454,0.299990381,777.6808098,1489.391763,0.181068717,0.906881703,-7.234808589,0.943565414,0.000122277,2.3070357008346e-11,0.974878610619125,0.0180430121253846,0.0063062581401036,3.81530248015803e-05,7.20273691166873e-07,0.00072953293468,3.71285551144565e-06,3.63261227971928e-12,,1351.4905231900138,0.9999192539312568,0.9720797441172785,0.9999909655211165,1.0000000000000002,2.3069990362500903e-11
1783.003761,0.29998921,776.6142725,1489.391103,0.18105741,0.906871397,-7.234949597,0.943424406,0.000123341,2.3092220953761897e-11,0.974868497782253,0.0180457702692871,0.0063126092831766,3.82028350017607e-05,7.21550771863267e-07,0.0007304786415931,3.71961118893958e-06,3.63495245112804e-12,,1349.7260074037113,0.9999153507879546,0.9707466016601023,0.9999905223912069,0.9999999999999997,2.3092527889900794e-11
1781.305068,0.299988038,775.5485043,1489.39044,0.181046103,0.906861089,-7.235090609,0.943283394,0.000124404,2.3114126065754295e-11,0.974858370925214,0.0180485287336645,0.0063189721310027,3.8252745179628e-05,7.22830757715375e-07,0.000731426224925,3.72638250508799e-06,3.63729414415792e-12,,1347.962575426517,0.9999114443114813,0.9694144205568926,0.9999900772470705,1.0,2.311406621657852e-11
1779.606374,0.299986865,774.4835047,1489.389777,0.181034797,0.90685078,-7.235231624,0.943142379,0.000125466,2.3136072475612594e-11,0.974848230014294,0.0180512875131977,0.0063253467168334,3.83027556121585e-05,7.24113656668567e-07,0.0007323756901263,3.73316950389429e-06,3.63963735549043e-12,,1346.2002265421243,0.9999075345018368,0.9680832001826633,0.9999896321029341,0.9999999999999998,2.3136270677071025e-11
1777.975629,0.299985739,773.4618283,1489.388459,0.18102394,0.906840892,-7.235367047,0.943006956,0.000126485,2.3157177622161597e-11,0.974838482238242,0.0180539371756715,0.0063314773718116,3.83508620473675e-05,7.25344845828355e-07,0.0007332872886838,3.73969189827608e-06,3.6418889910673095e-12,,1344.5124468685942,0.9999037813512318,0.9668061326236244,0.9999887471859329,0.9999999999999994,2.315769798144629e-11
1776.344884,0.299984613,772.4408581,1489.388499,0.181013091,0.906830984,-7.235502386,0.942871617,0.000127504,2.31783256505956e-11,0.974828719877593,0.0180565853031968,0.0063376189471458,3.83990578408751e-05,7.26585027360381e-07,0.0007342039576701,3.74624470369099e-06,3.64414062094988e-12,,1342.8195518278214,0.999900028200627,0.9655299477952722,0.999988774042291,1.0,2.3178237107401856e-11
1774.714138,0.299983486,771.4205954,1489.387859,0.181002238,0.906821084,-7.235637772,0.942736231,0.000128521,2.31995097175226e-11,0.974818945227072,0.0180592346474949,0.0063437714088877,3.8447348618647e-05,7.27824772894654e-07,0.0007351207121475,3.7528041605225e-06,3.64639436700759e-12,,1341.1307100580595,0.999896271716851,0.9642546473225713,0.9999883443405605,1.0000000000000002,2.319922032256727e-11
1773.083393,0.299982358,770.4010394,1489.387217,0.180991385,0.906811183,-7.235773161,0.942600841,0.000129538,2.3220732239988497e-11,0.974809157473535,0.0180618842930384,0.006349934808037,3.84957328536456e-05,7.29067235860124e-07,0.0007360392201853,3.75937824586251e-06,3.64864952447345e-12,,1339.4428646630654,0.9998925118999039,0.9629802302055434,0.9999879132960121,1.0000000000000004,2.322042558233761e-11
1771.452647,0.29998123,769.3821894,1489.386574,0.180980533,0.906801281,-7.235908554,0.942465448,0.000130555,2.32419933402199e-11,0.974799356588052,0.0180645342335461,0.0063561091745782,3.85442107923702e-05,7.30312423214424e-07,0.0007369594867167,3.76596699854074e-06,3.6509060891411e-12,,1337.7560149732046,0.9998887520829568,0.9617066955692077,0.9999874815800549,1.0,2.324196390901534e-11
1769.887132,0.299980147,768.4047587,1489.385326,0.180970116,0.906791787,-7.236038528,0.942335475,0.00013153,2.32624407750278e-11,0.974789937025509,0.0180670783350604,0.0063620469044878,3.8590837643426e-05,7.31507302570898e-07,0.0007378430649958,3.77229808545229e-06,3.6530735917937e-12,,1336.140365778809,0.9998851422587071,0.9604849339251307,0.9999866436616804,1.0,2.3262392012668442e-11
1768.321616,0.299979063,767.4279754,1489.385337,0.180959698,0.906782267,-7.23616852,0.942205483,0.000132504,2.3282923136021696e-11,0.974780501929823,0.0180696229641323,0.0063679948119947,3.8637552098351e-05,7.32710851223914e-07,0.0007387313454771,3.77865868512369e-06,3.65524265559841e-12,,1334.5200531908552,0.9998815291012864,0.9592639815133486,0.9999866510471788,0.9999999999999999,2.328304216092647e-11
1766.756101,0.299977979,766.4518429,1489.384716,0.180949281,0.906772758,-7.236298508,0.942075495,0.000133477,2.3303441706297697e-11,0.974771056305248,0.0180721677525494,0.0063739529000918,3.86843532594862e-05,7.33913861708445e-07,0.0007396197230627,3.78502496605394e-06,3.65741289961912e-12,,1332.9034473565946,0.9998779159438657,0.9580438425837681,0.9999862341022185,0.9999999999999999,2.3303581286882036e-11
1765.190585,0.299976895,765.4763597,1489.384095,0.180938865,0.906763248,-7.236428498,0.941945505,0.000134451,2.33239962527888e-11,0.974761598467086,0.0180747127970879,0.0063799212038625,3.8731241681906e-05,7.35119409028911e-07,0.0007405097389801,3.79140490833008e-06,3.65958443090891e-12,,1331.287756932586,0.9998743027864451,0.9568245152614306,0.9999858171572581,0.9999999999999994,2.332456450204745e-11
1763.62507,0.29997581,764.5015253,1489.383472,0.180928448,0.906753737,-7.236558493,0.94181551,0.000135423,2.33445867683529e-11,0.974752128345709,0.0180772581367393,0.0063858997497781,3.87782176816849e-05,7.36327505517568e-07,0.0007414013970082,3.79779857177034e-06,3.66175728168611e-12,,1329.6729824490717,0.9998706862958532,0.9556059989213497,0.9999853988694799,0.9999999999999999,2.3344659538793167e-11
1762.122175,0.299974767,763.5662957,1489.38229,0.18091845,0.906744617,-7.236683278,0.941690725,0.000136356,2.33643883411854e-11,0.974743027148708,0.0180797016820648,0.0063916488092692,3.88233965961572e-05,7.37486793924228e-07,0.0007422575076218,3.80394191800335e-06,3.66384422556275e-12,,1328.1262265195323,0.9998672097984455,0.9544369874981505,0.9999846052640964,1.0000000000000002,2.336419946402657e-11
1760.61928,0.299973725,762.6316608,1489.382274,0.18090845,0.906735473,-7.23680809,0.941565912,0.000137288,2.3384221948332e-11,0.974733911242494,0.0180821459357964,0.0063974073688128,3.88686577893146e-05,7.38654211656388e-07,0.0007431180008806,3.81011296446993e-06,3.6659327919246395e-12,,1326.575179229429,0.9998637366342091,0.9532687194336875,0.9999845945215532,0.9999999999999993,2.3384849612284597e-11
1759.116385,0.299972682,761.6976241,1489.381673,0.180898451,0.90672634,-7.236932894,0.941441109,0.00013822,2.3404089661916295e-11,0.974724785616881,0.018084590222233,0.0064031754348005,3.89139997120014e-05,7.39821111233653e-07,0.0007439785889354,3.8162892550093e-06,3.66802235685598e-12,,1325.0275417022178,0.9998602601368014,0.9521011991028648,0.9999841910047719,1.0000000000000002,2.3403723403703225e-11
1757.61349,0.299971639,760.764184,1489.381071,0.180888453,0.906717206,-7.237057701,0.941316302,0.000139151,2.3423990929848397e-11,0.974715648580012,0.0180870347572022,0.0064089530374158,3.8959423140274e-05,7.40990382304029e-07,0.0007448407064377,3.8224783153831e-06,3.67011312162875e-12,,1323.4807460976303,0.9998567836393939,0.9509344245057263,0.9999837868165816,0.9999999999999998,2.342426252965879e-11
1756.110595,0.299970595,759.8313401,1489.380468,0.180878455,0.90670807,-7.237182511,0.941191492,0.000140082,2.34439258126884e-11,0.974706500094136,0.01808947955026,0.0064147402007951,3.9004928304939e-05,7.42162032507654e-07,0.0007457043571696,3.82868018526244e-06,3.672205094645e-12,,1321.9347922544455,0.9998533038088152,0.9497683951422827,0.9999833819569824,0.9999999999999993,2.344457961100943e-11
1754.667816,0.299969592,758.9363712,1489.379347,0.180868854,0.906699307,-7.237302365,0.941071638,0.000140974,2.3463093192745798e-11,0.974697707410166,0.0180918275053367,0.0064203048784641,3.90486917642245e-05,7.43286493563783e-07,0.0007465335610592,3.83463957925363e-06,3.6742150772254394e-12,,1320.4538559112477,0.9998499606382497,0.948649708493028,0.9999826293075451,1.0000000000000004,2.3462787268613283e-11
1753.225036,0.299968589,758.0419502,1489.379308,0.180859259,0.906690528,-7.237422154,0.940951849,0.000141866,2.3482295392419497e-11,0.974688902824962,0.0180941742536744,0.0064258784447013,3.9092528070884e-05,7.44418290346942e-07,0.0007473668793456,3.84062379670369e-06,3.67622505387235e-12,,1318.9689183923363,0.9998466174676842,0.9475317067037891,0.9999826031225959,0.9999999999999998,2.348254923845161e-11
1751.782257,0.299967586,757.1480783,1489.378726,0.180849662,0.906681756,-7.23754198,0.940832023,0.000142758,2.3501526965118397e-11,0.974680088261748,0.0180965219608458,0.0064314608711921,3.9136441705109e-05,7.45549730863681e-07,0.0007482002741646,3.84661343355687e-06,3.67823670513533e-12,,1317.487143680489,0.9998432742971187,0.9464143912745333,0.9999822123625847,0.9999999999999997,2.350186711908009e-11
1750.339478,0.299966583,756.2547548,1489.378143,0.180840065,0.906672983,-7.237661808,0.940712195,0.000143649,2.35207898504643e-11,0.97467126305348,0.0180988698967942,0.0064370521964409,3.91804314075816e-05,7.46683385574209e-07,0.000749035096296,3.85261499426337e-06,3.680249464985899e-12,,1316.0061430824173,0.9998399311265532,0.9452977613302799,0.9999818209311645,0.9999999999999994,2.352129602201103e-11
1748.896699,0.299965579,755.3619793,1489.37756,0.180830468,0.906664209,-7.23778164,0.940592363,0.00014454,2.3540084110067696e-11,0.974662427168854,0.0181012180673898,0.0064426524421969,3.92244973802384e-05,7.47819260985729e-07,0.000749871349183,3.85862851301252e-06,3.68226333878347e-12,,1314.5259163897065,0.9998365846228165,0.9441818163710397,0.9999814294997444,1.0000000000000002,2.3539725724219807e-11
1747.165364,0.299964373,754.2913716,1489.376858,0.180818952,0.906653679,-7.237925441,0.940448562,0.000145608,2.35632787292988e-11,0.974651809973017,0.0181040361876082,0.0064493845429296,3.92774775040382e-05,7.49185251114152e-07,0.0007508767458764,3.86586056562871e-06,3.6846814632770696e-12,,1312.7506660320612,0.9998325648185274,0.9428435860251815,0.9999809581706589,1.0,2.356326245234186e-11
1745.434029,0.299963167,753.2215521,1489.376155,0.180807437,0.906643148,-7.238069247,0.940304756,0.000146675,2.35865188094728e-11,0.974641177334905,0.0181068546319856,0.0064561295588412,3.93305680309187e-05,7.50554455832819e-07,0.0007518842145778,3.8731099297444e-06,3.6871011826182294e-12,,1310.9765281689547,0.9998285450142382,0.9415063409077674,0.9999804861701642,0.9999999999999997,2.3586799180463913e-11
1743.702694,0.299961961,752.1525204,1489.375451,0.180795922,0.906632615,-7.238213056,0.940160947,0.000147742,2.3609804439803294e-11,0.974630529193352,0.0181096734177025,0.0064628875278367,3.93837693284771e-05,7.51926886934967e-07,0.0007528937609267,3.88037666764813e-06,3.6895225117833595e-12,,1309.2035030892407,0.9998245252099492,0.9401700805188083,0.9999800134982608,1.0000000000000004,2.3609447730166266e-11
1741.971359,0.299960754,751.0842758,1489.374745,0.180784407,0.906622082,-7.23835687,0.940017133,0.000148807,2.3633135762612894e-11,0.97461986550611,0.0181124925420879,0.0064696584882123,3.94370817232744e-05,7.53302554045231e-07,0.0007539053911553,3.88766083197865e-06,3.6919454496497795e-12,,1307.431590117525,0.9998205020724891,0.9388348039833236,0.9999795394835393,0.9999999999999998,2.3633317525195707e-11
1740.240024,0.299959546,750.0168179,1489.374038,0.180772893,0.906611547,-7.238500688,0.939873315,0.000149872,2.3656512923580295e-11,0.974609186231785,0.0181153120014185,0.0064764424784268,3.94905055408962e-05,7.54681466678189e-07,0.000754919111536,3.89496247497611e-06,3.69436999423337e-12,,1305.6607885540964,0.9998164756018578,0.9375005108013242,0.9999790647974088,0.9999999999999998,2.3656743231015298e-11
1738.577942,0.299958386,748.9927988,1489.372631,0.180761837,0.906601443,-7.238638794,0.939735209,0.000150894,2.36789961974683e-11,0.974598920476873,0.018118019802043,0.0064829673830805,3.95418991330076e-05,7.56004759649471e-07,0.0007558924271306,3.90197960460566e-06,3.69669969115738e-12,,1303.9650252346587,0.9998126091234372,0.9362205149313538,0.9999781201250107,1.0,2.367883666920534e-11
1736.915861,0.299957226,747.9695021,1489.372676,0.180750787,0.906591317,-7.238776829,0.939597174,0.000151915,2.3701526093527e-11,0.974588638175606,0.0181207262919173,0.0064895044064231,3.95933928168329e-05,7.57338112430906e-07,0.0007568713369029,3.90903082034003e-06,3.69902961920759e-12,,1302.2639624281849,0.9998087426450164,0.9349414220416272,0.9999781503384136,0.9999999999999996,2.3701929308117542e-11
1735.253779,0.299956065,746.9469298,1489.371993,0.180739734,0.9065812,-7.238914905,0.939459098,0.000152935,2.3724096522424998e-11,0.974578342431654,0.018123433905613,0.0064960535218906,3.96449917050281e-05,7.58670958916394e-07,0.0007578503613978,3.91608935524381e-06,3.70136166097081e-12,,1300.5670837937146,0.9998048728334246,0.9336632346320896,0.9999776917660982,1.0,2.3724022746307583e-11
1733.591698,0.299954904,745.9250808,1489.371309,0.180728682,0.906571082,-7.239052985,0.939321018,0.000153954,2.37467097259752e-11,0.974568032174639,0.0181261418130373,0.0065026147845522,3.9696694452697e-05,7.60006830604382e-07,0.0007588313348511,3.92316418618445e-06,3.70369517503894e-12,,1298.871226892527,0.999801003021833,0.932385951327771,0.9999772325223738,0.9999999999999994,2.3747226407522248e-11
1731.929616,0.299953742,744.9039544,1489.370624,0.18071763,0.906560963,-7.239191068,0.939182935,0.000154973,2.37693657572289e-11,0.974557707338552,0.0181288500402313,0.0065091882287355,3.97485014167683e-05,7.61345740189565e-07,0.0007598142624719,3.93025537714412e-06,3.70603018353409e-12,,1297.1763918283466,0.99979712987707,0.9311095712536905,0.9999767726072403,1.0,2.3769208823409826e-11
1730.334018,0.299952625,743.9243534,1489.369291,0.180707018,0.906551257,-7.239323667,0.939050336,0.00015595,2.37911540566023e-11,0.974547782735318,0.0181314509805122,0.006515510209182,3.97983359023614e-05,7.62630661585333e-07,0.0007607580109348,3.93706998969546e-06,3.70827377244741e-12,,1295.5532227290748,0.9997934067250044,0.9298850967939672,0.9999758776191048,1.0,2.3791191239297405e-11
1728.738419,0.299951509,742.9454161,1489.369304,0.180696412,0.906541531,-7.239456199,0.938917804,0.000156927,2.38129859275368e-11,0.97453784266674,0.0181340507009528,0.006521843516723,3.98482639659432e-05,7.63924991412363e-07,0.0007617069826162,3.9439164867425e-06,3.71051756647316e-12,,1293.9251700524187,0.9997896869061101,0.928661451941093,0.9999758863474213,0.9999999999999996,2.3813395699789908e-11
1727.142821,0.299950392,741.9671444,1489.368642,0.180685803,0.906531813,-7.23958877,0.938785233,0.000157903,2.3834855683990897e-11,0.974527890038166,0.0181366514647209,0.0065281881259851,3.98982903799038e-05,7.65218848103031e-07,0.0007626560645222,3.95076983004416e-06,3.7127633201490695e-12,,1292.3009696683323,0.9997859637540447,0.9274386390700159,0.9999754418746937,0.9999999999999998,2.3835045048770098e-11
1725.547223,0.299949275,740.9895371,1489.367979,0.180675195,0.906522095,-7.239721344,0.938652659,0.000158878,2.38567654040462e-11,0.97451792384574,0.0181392525038878,0.0065345440870444,3.99484138841085e-05,7.66515534476444e-07,0.0007636069679211,3.95763841663756e-06,3.71501043867552e-12,,1290.677708620286,0.9997822406019792,0.9262166566807686,0.9999749967305573,1.0000000000000002,2.3856472353145364e-11
1723.951624,0.299948157,740.0125939,1489.367315,0.180664587,0.906512375,-7.239853921,0.938520081,0.000159853,2.3878715192758797e-11,0.974507944050888,0.0181418538204644,0.0065409114311101,3.99986347540833e-05,7.6781505897065e-07,0.0007645596978368,3.96452229187523e-06,3.7172589245065694e-12,,1289.0553864834887,0.9997785141167427,0.9249955043983592,0.9999745509150119,1.0000000000000004,2.387834374673048e-11
1722.41985,0.299947083,739.0753542,1489.366052,0.180654405,0.906503056,-7.239981185,0.938392818,0.000160788,2.3899825538782e-11,0.974498352460903,0.0181443510952451,0.0065470348140174,4.004693798136e-05,7.69062064477366e-07,0.0007654744653008,3.97113686883351e-06,3.71941852541984e-12,,1287.5014993188518,0.9997749342910325,0.9238239804051327,0.9999737029255032,1.0000000000000002,2.389954900650082e-11
1720.888076,0.299946009,738.1387229,1489.366036,0.180644221,0.906493711,-7.24010848,0.938265522,0.000161722,2.39209714050723e-11,0.974488744540147,0.0181468491664588,0.0065531687549932,4.00953328461493e-05,7.70318137697048e-07,0.0007663940773987,3.97778237596993e-06,3.72157988625857e-12,,1285.9431590882652,0.9997713544653223,0.9226532168952675,0.9999736921829598,1.0,2.3920976310876085e-11
1719.356301,0.299944934,737.202704,1489.365395,0.180634038,0.906484377,-7.240235764,0.938138239,0.000162656,2.3942155318804394e-11,0.974479125854556,0.0181493472165532,0.0065593132659136,4.01438174582153e-05,7.7157362903428e-07,0.0007673138105146,3.98443370913663e-06,3.72374225502492e-12,,1284.3883415348905,0.9997677713064409,0.9214832188686545,0.9999732618098205,0.9999999999999997,2.3942514637553813e-11
1717.824527,0.299943859,736.2672956,1489.364753,0.180623856,0.906475042,-7.240363051,0.938010951,0.000163589,2.3963376491818497e-11,0.974469494476792,0.0181518455470001,0.0065654683798069,4.0192392834935e-05,7.72831768926303e-07,0.0007682352448017,3.99109930620991e-06,3.72590590703019e-12,,1282.8343881909282,0.9997641881475596,0.9203139839503452,0.9999728307652721,1.0,2.3963386830416766e-11
1716.292752,0.299942783,735.3324975,1489.36411,0.180613674,0.906465707,-7.240490342,0.937883661,0.000164522,2.3984635100102297e-11,0.974459850401662,0.0181543441292995,0.0065716341251633,4.02410591586249e-05,7.74092560675194e-07,0.0007691583852532,3.9977791904092e-06,3.72807081969906e-12,,1281.2812979455953,0.9997606016555073,0.9191455118903454,0.9999723990493147,1.0000000000000004,2.398425902327972e-11
1714.822249,0.29994175,734.4356656,1489.362913,0.180603897,0.906456752,-7.240612576,0.937761427,0.000165417,2.4005076863653e-11,0.974450580922308,0.0181567437056666,0.0065775632523116,4.02878660383253e-05,7.75302550888419e-07,0.0007700447253064,4.00419808324108e-06,3.73015086992582e-12,,1279.7936153498938,0.9997571584898103,0.9180244965420402,0.9999715953727969,1.0000000000000004,2.4004798149235285e-11
1713.351746,0.299940717,733.5393942,1489.362871,0.180594125,0.90644778,-7.240734747,0.937639255,0.000166311,2.4025556895559e-11,0.974441298049387,0.0181591421270383,0.0065835022617028,4.03347543712997e-05,7.76520743602745e-07,0.000770935614227,4.01064477248951e-06,3.73223099980264e-12,,1278.301782832276,0.9997537153241133,0.9169041818034063,0.9999715671736209,1.0000000000000002,2.402533727519085e-11
1711.881242,0.299939683,732.6436849,1489.362251,0.180584351,0.906438815,-7.240856955,0.937517048,0.000167205,2.4046069839969897e-11,0.974432004178081,0.0181615414976998,0.0065894511284043,4.03817286381976e-05,7.77738530898652e-07,0.0007718266033932,4.01709747181311e-06,3.73431285456156e-12,,1276.813217537213,0.9997502688252451,0.9157845696744001,0.9999711509000695,0.9999999999999996,2.404654253496119e-11
1710.410739,0.299938649,731.7485367,1489.361629,0.180574578,0.906429849,-7.240979165,0.937394837,0.000168098,2.4066617648091e-11,0.974422698487607,0.0181639410987461,0.0065954098945683,4.04287875992698e-05,7.7895878840226e-07,0.0007727191814073,4.02356348075957e-06,3.73639587233438e-12,,1275.3254461413221,0.9997468223263769,0.9146656589050489,0.9999707332837001,1.0,2.4066637571706906e-11
1708.940235,0.299937614,730.8539493,1489.361006,0.180564804,0.906420882,-7.241101379,0.937272624,0.000168991,2.4087200358934002e-11,0.974413380930025,0.0181663409488981,0.0066013785852887,4.0475931515436e-05,7.80181525411269e-07,0.0007736133520759,4.03004284618227e-06,3.73848006911388e-12,,1273.8384687271703,0.9997433724943379,0.9135474491203607,0.9999703149959219,1.0000000000000007,2.408662158615016e-11
1707.528552,0.29993662,729.9956733,1489.359871,0.18055542,0.906412282,-7.241218733,0.93715527,0.000169847,2.4106991249770494e-11,0.974404425731617,0.0181686455946219,0.0066071178747546,4.05212709212976e-05,7.81354996754732e-07,0.0007744718764544,4.03626878630656e-06,3.74048243916677e-12,,1272.4139924852846,0.9997400593223117,0.912474627592623,0.9999695529467593,0.9999999999999997,2.4107271734408187e-11
1706.116869,0.299935626,729.1379123,1489.359807,0.18054604,0.906403664,-7.241336036,0.937037966,0.000170703,2.4126817438876994e-11,0.974395457882837,0.0181709493199841,0.0066128663856567,4.05666867032143e-05,7.82536149787483e-07,0.0007753346400223,4.04252077756156e-06,3.74248500192058e-12,,1270.9856954044142,0.9997367461502857,0.9114024498008009,0.9999695099765862,1.0,2.412681165964159e-11
1704.705186,0.299934632,728.280668,1489.359206,0.180536659,0.906395054,-7.241453369,0.936920633,0.000171558,2.4146674577768295e-11,0.974386479856074,0.0181732538403713,0.0066186240972775,4.06121825137788e-05,7.83716912171086e-07,0.0007761975006289,4.04877833122553e-06,3.74448909271211e-12,,1269.5604048247499,0.9997334329782596,0.910330917869848,0.999969106459805,1.0,2.414668465178238e-11
1703.293502,0.299933637,727.4239394,1489.358604,0.180527278,0.906386442,-7.241570705,0.936803298,0.000172413,2.4166564235954e-11,0.974377490796439,0.0181755585791422,0.0066243910468431,4.06577573875975e-05,7.84899981922282e-07,0.0007770618439762,4.05504831692214e-06,3.7464942632212895e-12,,1268.1358443915626,0.9997301164730625,0.9092600305497917,0.9999687022716146,0.9999999999999999,2.4166668666225632e-11
1701.881819,0.299932642,726.5677262,1489.358001,0.180517897,0.90637783,-7.241688043,0.93668596,0.000173267,2.4186486487671794e-11,0.974368490674962,0.0181778635386184,0.006630167257109,4.07034115276471e-05,7.86085365328668e-07,0.0007779276737146,4.06133076828011e-06,3.7485005159274196e-12,,1266.712013834578,0.9997267999678656,0.9081897874656402,0.9999682974120155,1.0000000000000002,2.4186319613761498e-11
1700.187799,0.299931447,725.5409504,1489.357275,0.18050664,0.906367495,-7.241828852,0.93654515,0.000174292,2.42104363315167e-11,0.974357675891728,0.018180629779643,0.0066371109657719,4.07583014030404e-05,7.87510887055409e-07,0.0007789686363978,4.06888620773285e-06,3.7509094471067095e-12,,1265.0043805504988,0.999722816828458,0.9069063457960604,0.9999678099691149,0.9999999999999998,2.421063349800079e-11
1698.493779,0.299930251,724.514916,1489.356549,0.180495383,0.906357158,-7.241969666,0.936404337,0.000175315,2.42344333624082e-11,0.974346845092642,0.0181833963399819,0.0066440680823954,4.081330605538e-05,7.88939760176507e-07,0.0007800117514743,4.07645970279813e-06,3.7533199397051795e-12,,1263.297796848135,0.9997188303558793,0.9056238308562047,0.9999673225262145,0.9999999999999998,2.4234614315332692e-11
1696.799759,0.299929055,723.4896225,1489.355821,0.180484127,0.90634682,-7.242110482,0.93626352,0.000176339,2.42584777433388e-11,0.974335998239331,0.0181861632114108,0.0066510386468942,4.08684258122293e-05,7.90371993348622e-07,0.0007810570252407,4.0840513035138e-06,3.7557319879535096e-12,,1261.5922624145653,0.9997148438833008,0.9043422420210868,0.9999668337404961,0.9999999999999999,2.4258595132664595e-11
1695.105739,0.299927858,722.4650695,1489.355092,0.180472871,0.906336481,-7.242251303,0.9361227,0.000177361,2.42825695826026e-11,0.974325135273132,0.0181889304060534,0.0066580226990823,4.0923661047474e-05,7.91807598773058e-07,0.000782104463972,4.09166107368286e-06,3.75814560282539e-12,,1259.8877769774865,0.9997108540775511,0.9030615787907177,0.9999663442833686,1.0000000000000004,2.428213186078665e-11
1693.411719,0.299926661,721.4412564,1489.354361,0.180461616,0.906326141,-7.242392128,0.935981875,0.000178382,2.43067090387177e-11,0.974314256153024,0.01819169791774,0.0066650202791635,4.09790120959807e-05,7.93246586040373e-07,0.0007831540742564,4.09928906644547e-06,3.76056078024312e-12,,1258.1843398285598,0.9997068642718013,0.9017818404151137,0.9999658534834233,0.9999999999999997,2.4307000856538252e-11
1691.78546,0.299925511,720.4590932,1489.352939,0.180450813,0.906316228,-7.242527304,0.935846699,0.000179362,2.43299289191106e-11,0.974303799195919,0.0181943546680517,0.0066717507153978,4.10322574488364e-05,7.94627364367288e-07,0.0007841618886075,4.1066191178904e-06,3.76288049271648e-12,,1256.5530163101714,0.9997030311250912,0.9005541632754617,0.9999648987398909,1.0,2.4329982473147993e-11
1690.159201,0.299924361,719.4776078,1489.352954,0.180440007,0.906306285,-7.242662523,0.93571148,0.000180342,2.4353190774353296e-11,0.974293322778895,0.0181970124368024,0.006678493701907,4.10856120571253e-05,7.96018961487461e-07,0.00078517543715,4.11398610840202e-06,3.76520231117642e-12,,1254.916677066792,0.9996991979783809,0.8993273333672733,0.9999649088110252,0.9999999999999999,2.435329715666512e-11
1688.532942,0.29992321,718.4968047,1489.352248,0.180429203,0.906296355,-7.242797725,0.935576278,0.000181321,2.4376498027572497e-11,0.974282833607059,0.0181996701175325,0.0066852492597423,4.11390733618204e-05,7.97409859657644e-07,0.0007861891442849,4.12136001553972e-06,3.76752522621304e-12,,1253.284292483934,0.9996953614984998,0.8981013563154252,0.9999644347963037,0.9999999999999998,2.4376722862484712e-11
1686.906683,0.299922058,717.5166819,1489.351541,0.180418399,0.906286424,-7.242932931,0.935441072,0.000182299,2.4399849632528495e-11,0.974272329362278,0.0182023281065321,0.0066920174295729,4.11926426941523e-05,7.98803914747194e-07,0.0007872048759072,4.12875093142523e-06,3.7698495981384695e-12,,1251.6528723805147,0.9996915216854475,0.8968762296199722,0.9999639601101733,1.0000000000000004,2.4399371412187065e-11
1685.280424,0.299920906,716.5372389,1489.350833,0.180407596,0.906276492,-7.243068141,0.935305862,0.000183276,2.4423245760554e-11,0.974261810017666,0.0182049863878561,0.0066987982477935,4.12463203330663e-05,8.00201133886e-07,0.0007882226381244,4.13615889774448e-06,3.77217541468502e-12,,1250.0224158834794,0.9996876818723951,0.8956519526559279,0.999963484752634,1.0,2.4423130184914044e-11
1683.719215,0.299919799,715.5976144,1489.349484,0.180397227,0.90626697,-7.243197925,0.935176078,0.000184214,2.4445749206102598e-11,0.974251699345114,0.0182075382224363,0.0067053197627777,4.12979520539317e-05,8.01541848968876e-07,0.0007891998703217,4.14327722725685e-06,3.7744092054442696e-12,,1248.4608374262314,0.9996839920520402,0.8944774477279211,0.9999625790219553,1.0,2.4445667712313934e-11
1682.158006,0.299918692,714.6586126,1489.349469,0.180386855,0.906257419,-7.243327753,0.93504625,0.000185151,2.44682916426502e-11,0.974241570405695,0.0182100910933258,0.0067118530081478,4.13496861303704e-05,8.02892696977605e-07,0.0007901824555894,4.15043016933696e-06,3.77664502361423e-12,,1246.89463833377,0.9996803022316852,0.8933037211578848,0.9999625689508209,0.9999999999999997,2.4468649328923675e-11
1680.596797,0.299917585,713.7202378,1489.348785,0.180376484,0.906247882,-7.243457564,0.934916439,0.000186087,2.4490876610868096e-11,0.974231429577693,0.0182126438444835,0.0067183980045645,4.14015198773561e-05,8.04242885837149e-07,0.0007911651926679,4.15758955755702e-06,3.77888182361475e-12,,1245.3320797917643,0.9996766124113303,0.8921307783207011,0.9999621097070964,0.9999999999999993,2.4491519923230953e-11
1679.035588,0.299916477,712.782488,1489.3481,0.180366115,0.906238343,-7.243587379,0.934786624,0.000187023,2.45135030499118e-11,0.974221274672272,0.0182151968735278,0.0067249547882927,4.14534545934932e-05,8.05596026080622e-07,0.0007921498221433,4.16476484960669e-06,3.78111996517129e-12,,1243.770407740551,0.9996729192578044,0.8909586167164248,0.999961649791963,0.9999999999999997,2.451383540602592e-11
1677.47438,0.299915368,711.8453629,1489.347413,0.180355745,0.906228803,-7.243717196,0.934656807,0.000187958,2.4536171119338e-11,0.974211105666938,0.0182177501642889,0.00673152339217,4.15054905260419e-05,8.06952123851585e-07,0.0007931363495516,4.17195608189834e-06,3.78335943569932e-12,,1242.2096213629898,0.9996692227711074,0.8897872359700644,0.9999611885340117,0.9999999999999999,2.4536261911123347e-11
1675.975619,0.299914303,710.946311,1489.346135,0.180345788,0.906219654,-7.243841852,0.934532151,0.000188855,2.4557970140533797e-11,0.97420133116873,0.0182202021823152,0.0067378403868787,4.15555417648388e-05,8.08253546123172e-07,0.0007940835719197,4.17886650155089e-06,3.78551105761299e-12,,1240.7146592885092,0.9996656729439365,0.888663445682472,0.9999603304733686,0.9999999999999997,2.4558355349313388e-11
1674.476859,0.299913238,710.0478326,1489.346092,0.180335837,0.906210484,-7.243966455,0.934407548,0.000189752,2.4579810908048798e-11,0.974191541501384,0.0182226532260852,0.0067441683658017,4.16056843113201e-05,8.09564155070506e-07,0.000795035821787,4.1858081079002e-06,3.78766295554166e-12,,1239.215392777457,0.9996621231167658,0.8875403722541955,0.9999603016027836,0.9999999999999996,2.4580226742898503e-11
1672.978098,0.299912172,709.1499296,1489.345429,0.180325883,0.906201324,-7.244091089,0.934282914,0.000190648,2.46016887358348e-11,0.974181739776569,0.0182251051310263,0.0067505073107275,4.1655922178632e-05,8.10874291777089e-07,0.0007959882004837,4.19275633118897e-06,3.78981656560111e-12,,1237.7195016051041,0.9996585699564239,0.8864180180601828,0.9999598564586472,0.9999999999999996,2.460209813648362e-11
1671.479338,0.299911106,708.2526011,1489.344765,0.180315929,0.906192162,-7.244215726,0.934158277,0.000191543,2.46236053069384e-11,0.974171924905362,0.0182275572914287,0.0067568572666718,4.1706254381758e-05,8.1218718703082e-07,0.000796942347133,4.19971942044004e-06,3.79197141508186e-12,,1236.2244254430743,0.9996550167960822,0.8852963819754588,0.9999594106431019,1.0000000000000002,2.4623414418556422e-11
1669.980578,0.29991004,707.3558466,1489.344101,0.180305976,0.906182999,-7.244340366,0.934033637,0.000192438,2.4645560777221e-11,0.974162096871738,0.0182300096883753,0.0067632182632693,4.17566811334544e-05,8.1350284570257e-07,0.0007978982667931,4.20669740572529e-06,3.79412748899715e-12,,1234.730163464125,0.9996514636357403,0.8841754633750368,0.9999589648275564,1.0000000000000004,2.4645174789839075e-11
1668.541768,0.299909015,706.4955035,1489.342888,0.180296423,0.906174214,-7.244460002,0.933914001,0.000193297,2.4666675910766296e-11,0.974152651470382,0.0182323638086333,0.0067693352322328,4.18051789830643e-05,8.14765329763918e-07,0.0007988161139128,4.21340206328255e-06,3.79619811162443e-12,,1233.2987734769267,0.9996480471354118,0.8831000580288305,0.9999581504084953,0.9999999999999998,2.4666935161121728e-11
1667.102958,0.29990799,705.6356861,1489.34282,0.180286867,0.906165404,-7.244579683,0.93379432,0.000194155,2.4687824648827494e-11,0.97414319000377,0.0182347189738119,0.0067754624337962,4.18537665201009e-05,8.1603668814079e-07,0.0007997386198673,4.22013705980038e-06,3.79827060256858e-12,,1231.8634617621642,0.9996446306350831,0.8820253097932471,0.9999581047526865,0.9999999999999996,2.468825144319453e-11
1665.664148,0.299906965,704.7763982,1489.342179,0.180277312,0.906156605,-7.244699346,0.933674656,0.000195012,2.4709010663947497e-11,0.974133718224443,0.018237073969165,0.0067815998876964,4.19024408990039e-05,8.17307461077228e-07,0.0008006612641804,4.22687764530663e-06,3.80034387580481e-12,,1230.4312356900398,0.9996412141347545,0.8809512234181829,0.9999576743795471,0.9999999999999994,2.4709567725267334e-11
1664.225338,0.299905939,703.9176383,1489.341536,0.180267758,0.906147806,-7.244819012,0.933554991,0.000195869,2.47302329053754e-11,0.974124234191117,0.0182394291817178,0.0067877476227171,4.19512033330731e-05,8.18580808370211e-07,0.0008015855596654,4.23363210865319e-06,3.8024182793127195e-12,,1228.9997585743833,0.9996377943012548,0.8798777970286789,0.9999572426635897,1.0,2.4730217873525362e-11
1662.786528,0.299904913,703.059406,1489.340892,0.180258205,0.906139006,-7.24493868,0.933435322,0.000196726,2.4751491433840398e-11,0.974114737861205,0.0182417846233421,0.006793905665172,4.2000054079022e-05,8.19856738714157e-07,0.000802511510412,4.24040049462164e-06,3.80449382357241e-12,,1227.5690303502006,0.999634374467755,0.8788050301247459,0.9999568102762234,0.9999999999999996,2.4751978244808015e-11
1661.40527,0.299903927,702.2360004,1489.339742,0.180249035,0.906130568,-7.245053543,0.93332046,0.000197548,2.4771935109211494e-11,0.974105611634918,0.0182440456326475,0.0067998271066092,4.2047033014479e-05,8.210811133327e-07,0.0008034005795917,4.24690352718045e-06,3.80648703784582e-12,,1226.1983864227798,0.9996310879610975,0.8777757956433672,0.9999560381559264,0.9999999999999999,2.477207328155373e-11
1660.024012,0.299902941,701.4130779,1489.339653,0.180239863,0.906122106,-7.245168451,0.933205552,0.000198369,2.4792409905202095e-11,0.974096470335478,0.0182463077014276,0.0068057580980047,4.20940958857365e-05,8.2231378953078e-07,0.0008042939918593,4.25343495433117e-06,3.80848205865454e-12,,1224.8241298596279,0.9996278014544397,0.8767471650237765,0.9999559784005295,1.0,2.4792279340601908e-11
1658.642755,0.299901955,700.5906423,1489.339031,0.180230692,0.906113656,-7.24528334,0.933090662,0.00019919,2.4812919667940397e-11,0.974087319470691,0.0182485695478297,0.0068116986592759,4.21412396819108e-05,8.23545909328028e-07,0.0008051875364283,4.25997156053532e-06,3.81047774767219e-12,,1223.4527134786208,0.9996245149477822,0.8757191430158701,0.9999555607841603,1.0000000000000002,2.481270744425501e-11
1657.261497,0.299900968,699.7686918,1489.338409,0.180221521,0.906105204,-7.245398232,0.93297577,0.00020001,2.4833463191860396e-11,0.974078157155172,0.0182508316118464,0.0068176488152357,4.21884657101306e-05,8.24780435594902e-07,0.0008060826218167,4.26652113703433e-06,3.81247449564958e-12,,1222.081986210643,0.9996212251079535,0.874691727369697,0.9999551431677909,0.9999999999999996,2.483391270402535e-11
1655.88024,0.299899981,698.9472263,1489.337786,0.180212351,0.906096752,-7.245513127,0.932860876,0.00020083,2.48540406001056e-11,0.974068983374743,0.018253093879377,0.0068236085898806,4.22357741452249e-05,8.26017372431966e-07,0.0008069792521045,4.27308370882397e-06,3.81447229140589e-12,,1220.7119474293731,0.9996179352681248,0.87366491796026,0.9999547248800127,1.0,2.4853896718468604e-11
1654.554232,0.299899033,698.1590768,1489.336694,0.18020355,0.906088648,-7.245623406,0.932750597,0.000201617,2.4873828122062697e-11,0.974060167480574,0.018255265420501,0.0068293390443219,4.22812668946488e-05,8.27204342740586e-07,0.0008078401658943,4.27938878069803e-06,3.81639078311091e-12,,1219.3993388620167,0.9996147754219672,0.872679752639692,0.9999539917014351,0.9999999999999996,2.4874324822121707e-11
1653.228225,0.299898085,697.3713712,1489.336586,0.180194745,0.906080521,-7.245733731,0.932640271,0.000202403,2.48936444750118e-11,0.974051337460158,0.0182574380189581,0.006835078407677,4.23268381394013e-05,8.28399073773677e-07,0.0008087051268726,4.28572040888227e-06,3.81831101126332e-12,,1218.0834021319001,0.9996116155758096,0.8716951421819842,0.9999539191892679,0.9999999999999998,2.489386474735511e-11
1651.902218,0.299897136,696.5841131,1489.335985,0.180185942,0.906072405,-7.245844037,0.932529966,0.000203188,2.4913493571171497e-11,0.974042498557361,0.0182596103654607,0.0068408266996215,4.23724847931806e-05,8.29593278582729e-07,0.000809570213909,4.29205684256371e-06,3.82023181776533e-12,,1216.7700800924354,0.999608452396481,0.8707110910870381,0.9999535156724867,1.0000000000000004,2.4913071605681125e-11
1650.57621,0.299896186,695.7973011,1489.335382,0.18017714,0.906064288,-7.245954345,0.932419658,0.000203974,2.49333741501007e-11,0.974033648970977,0.0182617829168792,0.006846583941769,4.2418208178415e-05,8.30789730042796e-07,0.0008104367383258,4.29840538509827e-06,3.82215360634711e-12,,1215.4573918884469,0.9996052858839812,0.869727597604892,0.9999531108128875,1.0,2.4933388687031766e-11
1649.250203,0.299895237,695.010935,1489.334779,0.180168338,0.90605617,-7.246064656,0.932309347,0.000204759,2.49532863259269e-11,0.974024788689419,0.018263955659344,0.006852350155708,4.24640084494561e-05,8.31988431651465e-07,0.0008113047038119,4.30476605817698e-06,3.82407636593439e-12,,1214.1453369355613,0.9996021227046524,0.8687446614855514,0.9999527059532883,0.9999999999999994,2.495381679068487e-11
1647.658994,0.299894097,694.0678837,1489.334054,0.180157775,0.906046428,-7.246197031,0.932176971,0.0002057,2.4977222756554697e-11,0.974014142200421,0.018266563200724,0.0068592814854736,4.25190705227127e-05,8.33429850922393e-07,0.0008123481692859,4.31241491865121e-06,3.8263849583869895e-12,,1212.5717068319084,0.9995983228896529,0.8675658731512614,0.9999522191817967,1.0000000000000002,2.4977020451899534e-11
1646.067786,0.299892956,693.1254738,1489.333327,0.180147213,0.906036685,-7.246329411,0.932044592,0.00020664,2.5001204933912397e-11,0.974003480232446,0.0182691710149082,0.0068662258028401,4.25742438986037e-05,8.34874528374956e-07,0.0008133937212047,4.32008134352328e-06,3.82869494872565e-12,,1210.9989873577056,0.9995945197414821,0.8663878865494302,0.9999517310674874,0.9999999999999996,2.5001667403046213e-11
1644.476577,0.299891815,692.1837047,1489.332599,0.180136652,0.906026941,-7.246461793,0.93191221,0.00020758,2.5025232989004896e-11,0.973992802741535,0.0182717791022795,0.0068731831451992,4.26295289028341e-05,8.36322473349282e-07,0.0008144413653692,4.32776538471912e-06,3.83100633811638e-12,,1209.4271784250618,0.9995907165933114,0.8652107009300745,0.9999512422817689,1.0000000000000002,2.502498208656334e-11
1642.885368,0.299890673,691.2425762,1489.33187,0.18012609,0.906017195,-7.246594179,0.931779824,0.00020852,2.5049307041818194e-11,0.973982109679304,0.0182743874673443,0.0068801535500258,4.26849258718127e-05,8.37773696348357e-07,0.0008154911077764,4.33546709824015e-06,3.83331913116881e-12,,1207.856279679308,0.9995869101119697,0.8640343160431994,0.9999507528246415,0.9999999999999993,2.5049962104617407e-11
1641.294159,0.299889531,690.3020878,1489.331139,0.180115529,0.906007449,-7.246726568,0.931647435,0.000209458,2.50734272394188e-11,0.973971401006469,0.0182769961050834,0.0068871370550736,4.27404351214078e-05,8.39228206458461e-07,0.0008165429546028,4.34318653431633e-06,3.83563332454327e-12,,1206.28629054879,0.9995831036306279,0.8628587312638187,0.9999502620246962,0.9999999999999999,2.507349883273946e-11
1639.766599,0.299888434,689.3998224,1489.329775,0.180105393,0.905998106,-7.246853639,0.931520364,0.000210359,2.50966276702306e-11,0.97396110825246,0.0182795001492369,0.0068938535782329,4.27938286480429e-05,8.40623879665519e-07,0.000817552934548,4.35060405960261e-06,3.8378558157737595e-12,,1204.782585631031,0.9995794471419833,0.8617309241891097,0.999949346222883,0.9999999999999993,2.509725760546644e-11
1638.239038,0.299887336,688.4981431,1489.329732,0.180095253,0.905988733,-7.246980764,0.931393238,0.000211259,2.5119867857819796e-11,0.973950796431021,0.018282005455265,0.0069005822459794,4.28473288335718e-05,8.42030116912646e-07,0.0008185684220946,4.35805772913061e-06,3.84008050545854e-12,,1203.2744595052964,0.9995757873201679,0.8606038497233719,0.999949317352298,0.9999999999999997,2.512023922207618e-11
1636.711478,0.299886238,687.5970542,1489.329026,0.180085116,0.905979374,-7.247107868,0.931266135,0.000212158,2.51431524083566e-11,0.973940472392593,0.0182845105183419,0.00690732308745,4.29009321168793e-05,8.43435653533626e-07,0.0008195840868329,4.36551802622678e-06,3.8423060440273195e-12,,1201.7698000966834,0.9995721274983526,0.8594775132414878,0.9999488433375767,0.9999999999999998,2.5143331860988383e-11
1635.183918,0.299885139,686.6965539,1489.328319,0.180074978,0.905970013,-7.247234974,0.931139029,0.000213057,2.51664799801838e-11,0.973930133812839,0.018287015827735,0.0069140761381832,4.29546400482571e-05,8.44844254356539e-07,0.0008206017130835,4.3729948459733e-06,3.84453287201274e-12,,1200.2659772448676,0.999568464343366,0.8583519124935066,0.9999483686514462,1.0000000000000002,2.5166313477598123e-11
1633.656357,0.29988404,685.7966419,1489.327611,0.180064841,0.905960652,-7.247362083,0.93101192,0.000213956,2.5189850678350596e-11,0.973919780646749,0.0182895213887724,0.0069208414320846,4.30084529351379e-05,8.46255929084612e-07,0.0008216213062529,4.38048823986893e-06,3.84676099463118e-12,,1198.762990667084,0.9995648011883794,0.8572270471044365,0.9999478932939069,0.9999999999999997,2.5190183272627564e-11
1632.189899,0.299882984,684.9332803,1489.326317,0.180055109,0.905951674,-7.247484132,0.930889871,0.000214817,2.52123260004881e-11,0.973909829076282,0.0182919274345223,0.0069273476507832,4.30602132929475e-05,8.47610668462165e-07,0.000822600296474,4.38768891582348e-06,3.84890157741872e-12,,1197.3233540399528,0.9995612813597482,0.8561478687157804,0.9999470244907206,0.9999999999999999,2.5212387733120067e-11
1630.723441,0.299881928,684.0704584,1489.326247,0.180045379,0.905942676,-7.247606142,0.930767861,0.000215679,2.5234843742973297e-11,0.973899861529726,0.0182943327745813,0.0069338652414023,4.31120689827344e-05,8.48974994647628e-07,0.0008235844590305,4.39492219628011e-06,3.8510426246384696e-12,,1195.8795991857203,0.999557761531117,0.8550693649373646,0.9999469774920937,0.9999999999999996,2.5235258327427346e-11
1629.256983,0.299880871,683.2081787,1489.325564,0.180035649,0.905933687,-7.247728175,0.930645828,0.000216539,2.5257400329058e-11,0.973889881663613,0.0182967388147109,0.0069403941939822,4.31640231636945e-05,8.50338808784025e-07,0.0008245687743507,4.40216226019936e-06,3.8531852315230996e-12,,1194.439058091236,0.9995542383693146,0.8539915388941205,0.9999465189197783,1.0,2.5257351765617386e-11
1627.790525,0.299879814,682.3464398,1489.324879,0.180025919,0.905924696,-7.247850212,0.930523791,0.000217399,2.5279997104410095e-11,0.973879888214906,0.0182991450827794,0.0069469345525201,4.32160751275058e-05,8.51705487271676e-07,0.0008255549222738,4.40941776999369e-06,3.85532903091361e-12,,1192.999286177281,0.9995507152075123,0.8529143888360867,0.9999460590046448,0.9999999999999993,2.5280666449134515e-11
1626.324067,0.299878756,681.4852415,1489.324193,0.180016189,0.905915705,-7.247972251,0.930401752,0.000218259,2.53026341528249e-11,0.97386988113933,0.0183015515874153,0.0069534863475132,4.32682251601365e-05,8.53075039455499e-07,0.0008265429076068,4.41668877454211e-06,3.85747403072647e-12,,1191.560283281046,0.9995471887125389,0.8518379145132684,0.9999455984181025,0.9999999999999996,2.5303092954231943e-11
1624.916268,0.29987774,680.6590002,1489.322965,0.180006847,0.905907082,-7.248089431,0.930284572,0.000219084,2.5324402599282496e-11,0.973860262654529,0.0183038624772355,0.0069597868463962,4.33183825751455e-05,8.54389370824129e-07,0.0008274915452177,4.42367549183785e-06,3.8595346897587e-12,,1190.1818155293183,0.9995438022107497,0.8508051354844408,0.9999447739279071,1.0,2.5324409236304746e-11
1623.508468,0.299876724,679.833255,1489.322872,0.179997508,0.90589844,-7.248206574,0.930167429,0.000219908,2.5346210628795496e-11,0.973850629241327,0.0183061727209792,0.0069660979654296,4.3368629064752e-05,8.55712661883289e-07,0.0008284450086431,4.43069268619007e-06,3.8615957823349195e-12,,1188.7995516358042,0.9995404157089604,0.8497729765670458,0.9999447114868744,0.9999999999999994,2.534672471909971e-11
1622.100668,0.299875707,679.0080081,1489.32221,0.179988168,0.905889806,-7.24832374,0.930050262,0.000220732,2.5368054914442797e-11,0.973840984318989,0.0183084836207221,0.0069724196948174,4.34189675634854e-05,8.57035475535223e-07,0.0008293986169786,4.43771622256475e-06,3.86365832502242e-12,,1187.4202477948986,0.9995370258740002,0.8487414405110231,0.999944267014147,1.0000000000000004,2.5367485889660202e-11
1620.692868,0.29987469,678.1832582,1489.321546,0.179978828,0.905881171,-7.248440909,0.929933094,0.000221555,2.5389936752618495e-11,0.973831326724961,0.018310794721782,0.0069787520746874,4.34693973629045e-05,8.58360963858921e-07,0.0008303539368027,4.444754184636e-06,3.86572196239368e-12,,1186.0416510357334,0.99953363603904,0.8477105256914084,0.9999438211986015,1.0,2.538991239475763e-11
1619.285069,0.299873672,677.3590053,1489.320882,0.179969489,0.905872536,-7.24855808,0.929815923,0.000222378,2.5411856204809294e-11,0.973821656414589,0.0183131060368537,0.0069850951324288,4.35199187320193e-05,8.59689136044707e-07,0.000831310972361,4.45180661960465e-06,3.86778670571545e-12,,1184.6637613271,0.9995302428709086,0.8466802321082018,0.9999433753830562,0.9999999999999997,2.5412227877552596e-11
1617.933581,0.299872695,676.5681905,1489.319717,0.179960522,0.905864254,-7.24867058,0.929703423,0.000223167,2.5432933565344796e-11,0.973812362090294,0.0183153254075953,0.0069911945291131,4.35685062327654e-05,8.60963757951856e-07,0.0008322298906835,4.45858302096084e-06,3.86977013457554e-12,,1183.3437252897247,0.9995269863627906,0.8456917352355249,0.9999425931916249,1.0000000000000004,2.5432544958903236e-11
1616.582093,0.299871717,675.7778315,1489.319603,0.179951558,0.905855953,-7.248783056,0.929590947,0.000223956,2.5454047357910094e-11,0.973803053655904,0.0183175443590785,0.006997303836924,4.36171773236105e-05,8.62246776241085e-07,0.0008331533066602,4.46538800736656e-06,3.8717541130789896e-12,,1182.0201938170162,0.9995237265215013,0.8447038081003827,0.9999425166510041,0.9999999999999998,2.545430533018589e-11
1615.230606,0.299870739,674.9879305,1489.318962,0.179942593,0.905847661,-7.248895547,0.929478456,0.000224745,2.5475195304081e-11,0.973793734587575,0.0183197638089366,0.007003423050052,4.36659340548854e-05,8.63529331419753e-07,0.0008340768618556,4.47219884511513e-06,3.8737393417969295e-12,,1180.6993862348916,0.9995204666802122,0.8437164534527148,0.9999420862778647,0.9999999999999996,2.5475621612258692e-11
1613.879118,0.29986976,674.1984865,1489.31832,0.179933628,0.905839368,-7.249008041,0.929365962,0.000225533,2.5496378256465797e-11,0.973784403680042,0.01832198345945,0.0070095522032536,4.37147760483452e-05,8.64814386576858e-07,0.0008350020142836,4.47902316411923e-06,3.87572559478627e-12,,1179.3792292249357,0.9995172035057519,0.8427296700425491,0.9999416552333164,1.0000000000000004,2.5496049715911795e-11
1612.52763,0.299868781,673.4094992,1489.317676,0.179924663,0.905831074,-7.249120538,0.929253465,0.000226321,2.5517596302645697e-11,0.973775060904264,0.0183242033105913,0.0070156913213282,4.37637035194237e-05,8.66101948197716e-07,0.0008359287679541,4.48586099951274e-06,3.8777128725597494e-12,,1178.0597225085476,0.9995139403312916,0.8417434574948935,0.99994122284595,1.0,2.5517588042589523e-11
1611.230202,0.29986784,672.6525017,1489.31657,0.179916056,0.90582312,-7.249228548,0.929145454,0.000227076,2.5537998055783e-11,0.973766081758729,0.0183263348173802,0.0070215942636876,4.3810755027072e-05,8.67337609154829e-07,0.0008368186071797,4.49243096968771e-06,3.87962182151805e-12,,1176.7955175489806,0.9995108038173314,0.8407972313223759,0.999940480267647,1.0,2.5537905123940163e-11
1609.932774,0.2998669,671.8959232,1489.316438,0.179907452,0.905815148,-7.249336538,0.929037465,0.000227832,2.5558433717720096e-11,0.973757089422633,0.0183284659626549,0.0070275064531001,4.38578846096218e-05,8.68581112700206e-07,0.0008377126388031,4.49902764614106e-06,3.88153129982146e-12,,1175.5280908999725,0.9995076706365422,0.8398515288883994,0.9999403916416651,0.9999999999999994,2.555899936140804e-11
1608.635346,0.299865959,671.1397657,1489.315818,0.179898847,0.905807184,-7.249444541,0.928929462,0.000228587,2.5578901275173398e-11,0.973748087176823,0.0183305975590869,0.0070334278842038,4.39050940818713e-05,8.69824182207037e-07,0.0008386068023823,4.50562977696764e-06,3.88344192616468e-12,,1174.2631729389282,0.999504534122582,0.8389063526929095,0.9999399753681137,0.9999999999999996,2.5579316442758682e-11
1607.337918,0.299865017,670.3840284,1489.315196,0.179890241,0.905799219,-7.249552547,0.928821456,0.000229341,2.5599401504852e-11,0.973739073893334,0.0183327293354016,0.0070393585884065,4.39523830952964e-05,8.71069584262962e-07,0.0008395024562054,4.51224448791735e-06,3.88535349462026e-12,,1172.998853186548,0.9995013942754507,0.8379617017359278,0.9999395577517444,0.9999999999999999,2.559952250180686e-11
1606.040489,0.299864075,669.6287109,1489.314574,0.179881637,0.905791254,-7.249660554,0.928713448,0.000230095,2.56199344840539e-11,0.973730049545545,0.0183348612920949,0.0070452985880026,4.39997518448319e-05,8.72317324780124e-07,0.0008403996038695,4.51887181091429e-06,3.88726600607888e-12,,1171.7351314088603,0.9994982544283194,0.8370175755174653,0.9999391401353751,0.9999999999999999,2.5620061627762425e-11
1604.483576,0.299862945,668.7228839,1489.313825,0.179871311,0.905781694,-7.249790167,0.928583836,0.000230999,2.5644617402583002e-11,0.97371920568764,0.0183374198772036,0.0070524388889557,4.40566998672528e-05,8.73817707738492e-07,0.0008414781578024,4.52684128906536e-06,3.88956226438905e-12,,1170.219454576769,0.9994944879450302,0.8358853165401595,0.9999386372500686,1.0,2.564459755660664e-11
1602.926662,0.299861813,667.8176609,1489.313075,0.179860986,0.905772134,-7.249919782,0.92845422,0.000231903,2.5669347736875894e-11,0.973708345815643,0.0183399787200138,0.0070595926463269,4.41137633219501e-05,8.75321476839739e-07,0.0008425588746265,4.53482902917645e-06,3.89185988040086e-12,,1168.7046376667408,0.9994907147953989,0.8347538125463353,0.9999381336933533,0.9999999999999994,2.5669910641568094e-11
1601.369748,0.299860681,666.9130415,1489.312324,0.179850661,0.905762573,-7.250049401,0.928324602,0.000232806,2.56941256222985e-11,0.97369746988344,0.018342537821265,0.0070667598990474,4.41709425490228e-05,8.76828641882317e-07,0.0008436417603824,4.54283508560125e-06,3.8941588555444e-12,,1167.1906806132843,0.9994869416457678,0.8336230630360039,0.9999376294652288,0.9999999999999996,2.5694557592714773e-11
1599.812834,0.299859549,666.0090254,1489.311571,0.179840336,0.90575301,-7.250179023,0.92819498,0.000233709,2.57189512002933e-11,0.973686577846378,0.0183450971797471,0.0070739406862368,4.42282378853583e-05,8.78339212900237e-07,0.0008447268214113,4.55085951294952e-06,3.89645918961703e-12,,1165.6775829681585,0.9994831684961364,0.8324930676341733,0.9999371238942866,0.9999999999999999,2.571909352155899e-11
1598.25592,0.299858416,665.1056122,1489.310817,0.179830012,0.905743447,-7.250308649,0.928065354,0.000234611,2.5743824604939e-11,0.973675669656936,0.0183476567970179,0.0070811350471271,4.4285649675707e-05,8.79853200409669e-07,0.0008458140640326,4.55890236786564e-06,3.89876088475565e-12,,1164.1653443432626,0.9994793920133341,0.8313638258408544,0.9999366176519353,1.0000000000000002,2.5743629450403205e-11
1596.761283,0.299857327,664.2389034,1489.309436,0.1798201,0.905734276,-7.250433109,0.927940894,0.000235476,2.5767747198488095e-11,0.973665184038432,0.0183501146568201,0.007088054427904,4.43408756544635e-05,8.81306088593925e-07,0.0008468580342052,4.56663122672162e-06,3.9009720882062e-12,,1162.716937691666,0.9994757621900582,0.8302804635437382,0.99993569043617,0.9999999999999998,2.5768054356944958e-11
1595.266646,0.299856239,663.3727477,1489.309365,0.179810191,0.905725083,-7.250557538,0.927816465,0.000236341,2.5791716128665696e-11,0.973654680488647,0.0183525719843429,0.0070949864143433,4.43962080045648e-05,8.82769670955796e-07,0.0008479077087875,4.57439650841472e-06,3.90318395499697e-12,,1161.2642524726803,0.9994721356999533,0.8291977926064956,0.9999356427661343,0.9999999999999994,2.5792257218881787e-11
1593.772009,0.299855149,662.5071476,1489.308636,0.17980028,0.905715899,-7.250681987,0.927692015,0.000237205,2.5815728512992097e-11,0.97364416341081,0.0183550299338425,0.0071019310043565,4.44516493851473e-05,8.84232665976883e-07,0.0008489575699659,4.58216925286042e-06,3.9053973729843095e-12,,1159.8148925388202,0.999468502543506,0.8281158161540585,0.9999351533090068,1.0,2.5815682924701377e-11
1592.277371,0.299854059,661.6421019,1489.307907,0.17979037,0.905706715,-7.25080644,0.927567563,0.000238069,2.58397854788006e-11,0.973633631282366,0.0183574881202989,0.007108888245612,4.45071993173101e-05,8.85698846455703e-07,0.0008500094646322,4.58995917992629e-06,3.90761204695865e-12,,1158.3663227376053,0.999464869387059,0.8270345326864593,0.9999346638518795,1.0000000000000002,2.5839552719730818e-11
1590.782734,0.299852969,660.7776103,1489.307176,0.17978046,0.905697529,-7.250930895,0.927443108,0.000238932,2.5863887168614596e-11,0.973623084067814,0.0183599465375649,0.0071158581735843,4.45628580939021e-05,8.87168220660483e-07,0.0008510633986132,4.59776633568484e-06,3.90982797243029e-12,,1156.9185425620165,0.9994612362306121,0.8259539418287067,0.9999341730519342,1.0000000000000002,2.5863533537062722e-11
1589.347882,0.299851921,659.9482203,1489.305865,0.179770946,0.905688721,-7.25105039,0.927323613,0.00023976,2.5887066050452e-11,0.973612945894168,0.01836230719233,0.00712256126166,4.46163939393588e-05,8.88578314489974e-07,0.0008520753813713,4.60526841809104e-06,3.9119567140023595e-12,,1155.531752025293,0.9994577430673492,0.8249172270109902,0.9999332928347957,1.0000000000000002,2.5886737198277388e-11
1587.913031,0.299850874,659.1193385,1489.305768,0.179761435,0.905679891,-7.251169857,0.927204145,0.000240588,2.5910288147079695e-11,0.973602790941302,0.0183646673791282,0.00712927612848,4.46700292690585e-05,8.89998411372676e-07,0.0008530926890075,4.61280457728995e-06,3.91408608855745e-12,,1154.1410173823772,0.9994542532372573,0.8238811474293755,0.9999332277081271,0.9999999999999999,2.5910384948701903e-11
1586.478179,0.299849825,658.2909673,1489.305063,0.179751922,0.905671071,-7.251289343,0.92708466,0.000241415,2.5933550901491496e-11,0.97359262336843,0.0183670281235988,0.0071360027720701,4.47237664471802e-05,8.91417955923428e-07,0.0008541101739484,4.62034769944665e-06,3.91621688323074e-12,,1152.753345176438,0.9994507567408235,0.8228457060837967,0.9999327543648147,0.9999999999999996,2.593403269912642e-11
1585.043327,0.299848776,657.4631057,1489.304356,0.17974241,0.905662249,-7.251408831,0.926965172,0.000242241,2.5956855308708894e-11,0.973582441737265,0.0183693890861824,0.0071427412353816,4.47776050589941e-05,8.92840478094837e-07,0.0008551295588748,4.62790688414163e-06,3.9183488384730494e-12,,1151.3663994768608,0.9994472602443895,0.8218109017242813,0.9999322796786844,1.0000000000000002,2.5956681248828772e-11
1583.608475,0.299847727,656.6357533,1489.303648,0.179732898,0.905653427,-7.251528321,0.926845681,0.000243067,2.59802014866843e-11,0.97357224601226,0.0183717502649905,0.0071494915503376,4.48315453771219e-05,8.94265985921967e-07,0.0008561508489732,4.63548217530589e-06,3.92048195333444e-12,,1149.9801799148547,0.9994437637479556,0.8207767338508402,0.9999318043211449,1.0000000000000004,2.5979773887740976e-11
1582.231017,0.299846719,655.8419748,1489.302404,0.179723766,0.905644967,-7.251643048,0.926730955,0.00024386,2.6002652440421596e-11,0.973562446144204,0.0183740175005617,0.0071559830223341,4.48834246357106e-05,8.95633996973608e-07,0.0008571314831649,4.64276117752961e-06,3.9225310647192695e-12,,1148.6522440723734,0.9994404039115348,0.8197845324342149,0.9999309690884063,1.0,2.6002644482048254e-11
1580.85356,0.299845711,655.0486632,1489.302285,0.179714636,0.905636487,-7.251757751,0.926616251,0.000244652,2.60251436436113e-11,0.973552630571296,0.0183762843380818,0.0071624854948397,4.49353969192304e-05,8.97011361747453e-07,0.0008581170854987,4.65007205300451e-06,3.92458078997431e-12,,1147.3206726649007,0.9994370440751141,0.8187929146298208,0.9999308891907408,0.9999999999999998,2.602540405405307e-11
1579.476102,0.299844702,654.2558211,1489.301601,0.179705505,0.905628015,-7.25187247,0.926501533,0.000245444,2.6047672870212e-11,0.973542803231329,0.0183785516745286,0.007168998966166,4.49874642940503e-05,8.98388207324111e-07,0.0008591028560788,4.65738942146923e-06,3.9266318145165e-12,,1145.9919217283966,0.9994336809055223,0.8178018836875869,0.9999304299470163,0.9999999999999996,2.6048163626057885e-11
1578.098644,0.299843693,653.4634473,1489.300917,0.179696375,0.905619543,-7.251987192,0.926386811,0.000246235,2.60702409973561e-11,0.973532962767224,0.0183808192106916,0.0071755234749985,4.50396264021079e-05,8.99767834651213e-07,0.0008600904010532,4.6647217969825e-06,3.92868391045406e-12,,1144.663838835667,0.9994303177359305,0.8168114381075456,0.9999299707032919,0.9999999999999999,2.607036808655039e-11
1576.721187,0.299842683,652.6715416,1489.300231,0.179687245,0.90561107,-7.252101915,0.926272087,0.000247026,2.6092848126794797e-11,0.973523109145476,0.0183830869464165,0.0071820590500541,4.50918834925562e-05,9.01150251216924e-07,0.0008610797250662,4.67206922013641e-06,3.9307370782308295e-12,,1143.3364236927841,0.9994269512331676,0.8158215776397028,0.9999295101167495,1.0000000000000002,2.609246152474043e-11
1575.398827,0.299841713,651.9117531,1489.299049,0.179678479,0.905602944,-7.252212064,0.926161939,0.000247784,2.6114587082631097e-11,0.973513638509083,0.0183852644220882,0.0071883436309106,4.51421404188322e-05,9.02476923594948e-07,0.0008620296615134,4.67912901477712e-06,3.9327093270177e-12,,1142.0647161415682,0.9994237180572468,0.8148718627935141,0.999928716511366,0.9999999999999998,2.6114777007535395e-11
1574.076468,0.299840743,651.1523938,1489.298911,0.179669716,0.9055948,-7.252322192,0.926051811,0.000248543,2.6136363520918196e-11,0.973504153184945,0.0183874415578271,0.0071946384806352,4.51924842773294e-05,9.03812337454936e-07,0.0008629842313027,4.68621860369275e-06,3.93468216654515e-12,,1140.7896573175265,0.9994204848813261,0.8139226844355874,0.9999286238569305,0.9999999999999994,2.6136870445725435e-11
1572.754108,0.299839773,650.3934661,1489.298249,0.179660951,0.905586664,-7.252432334,0.925941669,0.0002493,2.6158175502780597e-11,0.973494656894372,0.0183896191388605,0.0072009435977516,4.52429168746836e-05,9.05147263456504e-07,0.0008639389605392,4.69331424404327e-06,3.93665619401752e-12,,1139.5171962042916,0.9994172517054052,0.8129740455658571,0.9999281793842029,1.0000000000000002,2.6157964683193313e-11
1571.431749,0.299838801,649.6349689,1489.297586,0.179652187,0.905578527,-7.252542478,0.925831524,0.000250058,2.6180023796108097e-11,0.97348514835689,0.018391796903251,0.0072072590170633,4.52934379063554e-05,9.06484787023056e-07,0.0008648953460849,4.70042389868303e-06,3.93863121088122e-12,,1138.2453494414187,0.9994140118631424,0.8120259448093535,0.9999277342400664,1.0,2.6180058121383354e-11
1570.10939,0.29983783,648.876902,1489.296922,0.179643424,0.905570389,-7.252652625,0.925721378,0.000250815,2.6201908492460094e-11,0.973475627542352,0.018393974850859,0.0072135847644121,4.53440475965558e-05,9.07824914893162e-07,0.0008658533921189,4.70754760414024e-06,3.9406072175282695e-12,,1136.974116769429,0.9994107753540507,0.8110783819160821,0.999927288424521,1.0000000000000002,2.6201707470363544e-11
1568.839925,0.299836897,648.1495631,1489.2958,0.17963501,0.905562585,-7.252758378,0.925615625,0.000251541,2.6222951548159494e-11,0.973466477162795,0.0183960660806764,0.0072196672144363,4.53927169741115e-05,9.09111017511708e-07,0.0008667732917315,4.71439220332985e-06,3.94250528759602e-12,,1135.756138218139,0.9994076655054587,0.8101692281824566,0.9999265351036749,0.9999999999999996,2.6223467841646197e-11
1567.57046,0.299835963,647.4226189,1489.295644,0.179626598,0.905554763,-7.252864113,0.92550989,0.000252267,2.6244029491257397e-11,0.973457313052497,0.0183981570233166,0.0072257592459221,4.54414675539172e-05,9.10405285650576e-07,0.0008676975105957,4.72126464041696e-06,3.94440392626039e-12,,1134.5350704563598,0.9994045523236957,0.8092605678130368,0.9999264303638781,0.9999999999999998,2.6244229012206688e-11
1566.300995,0.29983503,646.6960713,1489.295003,0.179618185,0.905546949,-7.25296986,0.925404143,0.000252993,2.62651406435324e-11,0.973448138726157,0.0184002483629344,0.0072318608576046,4.54903009065168e-05,9.1169909564688e-07,0.0008686218803751,4.72814271481658e-06,3.9463036508367396e-12,,1133.3163953277065,0.999401442475104,0.8083524031827708,0.9999259999907386,0.9999999999999994,2.6265656316581953e-11
1565.03153,0.299834095,645.9699196,1489.294362,0.179609773,0.905539134,-7.253075609,0.925298393,0.000253718,2.6286285678517895e-11,0.973438952977792,0.0184023398696654,0.0072379720807899,4.55392167721663e-05,9.12995329857731e-07,0.0008695477955472,4.73503386929726e-06,3.94820428794195e-12,,1132.0982851937563,0.9993983259601701,0.8074447334166777,0.9999255696175993,1.0000000000000004,2.628586237563013e-11
1563.762065,0.299833161,645.2441634,1489.293719,0.179601361,0.905531319,-7.253181361,0.925192642,0.000254443,2.63074646732e-11,0.973429755778497,0.0184044315452245,0.0072440929386931,4.5588215356989e-05,9.14293994647709e-07,0.0008704752598382,4.74193813796453e-06,3.95010583949625e-12,,1130.8807398645117,0.9993952127784071,0.8065375580147683,0.9999251379016418,0.9999999999999999,2.6307622746912784e-11
1562.238707,0.299832039,644.373778,1489.292947,0.179591267,0.90552194,-7.253308265,0.925065737,0.000255312,2.6332924412127798e-11,0.973418703986789,0.0184069417778237,0.0072514507188502,4.56471231311493e-05,9.1585560867226e-07,0.0008715902668968,4.75024061562923e-06,3.95238890828215e-12,,1129.4204309983577,0.9993914729604864,0.8054496000682002,0.9999246195739293,1.0000000000000004,2.6332491742664388e-11
1560.715349,0.299830916,643.5039615,1489.292172,0.179581173,0.90551256,-7.253435173,0.92493883,0.00025618,2.6358433338564598e-11,0.973407635626934,0.018409452245125,0.0072588224471218,4.57061506435451e-05,9.17420741223351e-07,0.0008727075170432,4.75856207821348e-06,3.95467328811806e-12,,1127.960934232712,0.9993877298093946,0.8043623532310736,0.9999240992319901,1.0000000000000002,2.635813789453323e-11
1559.191991,0.299829793,642.6347138,1489.291397,0.179571079,0.905503179,-7.253562084,0.924811919,0.000257048,2.6383991534575494e-11,0.973396550631243,0.0184119629680842,0.0072662081638106,4.57652982980848e-05,9.1898940588109e-07,0.0008738270162212,4.76690259624661e-06,3.9569589977316995e-12,,1126.5022499457207,0.9993839866583029,0.8032758173783916,0.9999235788900509,1.0000000000000002,2.638378404640207e-11
1557.668633,0.299828669,641.7660345,1489.29062,0.179560986,0.905493797,-7.253688998,0.924685005,0.000257916,2.64095992060925e-11,0.973385448972698,0.0184144739253685,0.0072736079099559,4.58245663967853e-05,9.20561609762635e-07,0.0008749487713896,4.77526221286191e-06,3.959246019645899e-12,,1125.0443772952997,0.9993802401740399,0.8021899920101649,0.9999230572052937,1.0000000000000002,2.640931917596845e-11
1556.145275,0.299827544,640.8979232,1489.289841,0.179550893,0.905484414,-7.253815915,0.924558088,0.000258783,2.6435256477537994e-11,0.973374330596739,0.0184169851237867,0.0072810217263709,4.58839553117771e-05,9.22137364704139e-07,0.0008760727890398,4.78364099070403e-06,3.9615343604791696e-12,,1123.5873160362398,0.9993764903566061,0.8011048766264044,0.9999225341777187,1.0000000000000002,2.6435076350139752e-11
1554.682851,0.299826464,640.0650715,1489.288442,0.179541203,0.905475417,-7.253937769,0.924436234,0.000259615,2.6459933609418397e-11,0.973363642839782,0.018419396357585,0.0072881522555424,4.5941083163756e-05,9.23649506639678e-07,0.0008771520914496,4.7916925469473e-06,3.96373259887458e-12,,1122.1917241162112,0.9993728905318696,0.800063834778359,0.9999215948765922,1.0000000000000002,2.6459834323588893e-11
1553.220427,0.299825383,639.2327406,1489.288342,0.179531515,0.905466396,-7.254059604,0.924314399,0.000260446,2.64846580107354e-11,0.973352936276952,0.01842180729984,0.0072952958462345,4.59983220071329e-05,9.25172807935233e-07,0.0008782372695372,4.79978217012123e-06,3.96593167423273e-12,,1120.7920313713398,0.999369287373962,0.7990234439160707,0.9999215277356968,0.9999999999999994,2.648525843085281e-11
1551.758003,0.299824302,638.4009335,1489.28759,0.179521827,0.905457386,-7.254181453,0.92419255,0.000261277,2.65094278690047e-11,0.973342215834198,0.0184242187203767,0.0073024525050061,4.60556736562029e-05,9.26695477073452e-07,0.0008793226613508,4.80787945743258e-06,3.96813215650935e-12,,1119.3955093358672,0.9993656842160543,0.7979837077894573,0.9999210228361634,0.9999999999999999,2.65095723150921e-11
1550.29558,0.299823221,637.5696486,1489.286837,0.179512139,0.905448375,-7.254303304,0.924070698,0.000262107,2.6534243961846496e-11,0.973331479812416,0.0184266303623066,0.0073096222786254,4.61131379309405e-05,9.28221457373834e-07,0.0008804101621468,4.81599461246564e-06,3.97033385641309e-12,,1117.9997336698364,0.9993620810581467,0.7969446243985628,0.9999205172652212,1.0,2.6534108243936316e-11
1548.833156,0.299822138,636.7388859,1489.286082,0.179502451,0.905439363,-7.254425159,0.923948844,0.000262937,2.6559106419965e-11,0.97332072816858,0.018429042225419,0.0073168052039819,4.61707151514065e-05,9.29750758455105e-07,0.0008814997778903,4.82412768735978e-06,3.97253677446467e-12,,1116.604704024125,0.9993584712338972,0.7959061937433871,0.999920010351461,1.0,2.6559088261990382e-11
1547.429229,0.299821099,635.9418455,1489.284754,0.179493151,0.905430721,-7.254542151,0.923831852,0.000263733,2.6583017579587497e-11,0.973310393419686,0.0184313580396007,0.0073237132109421,4.62260962559857e-05,9.3121833918857e-07,0.0008825460417795,4.83194283902573e-06,3.97465288123843e-12,,1115.2684107823916,0.9993550080691737,0.7949099150409689,0.9999191187203702,1.0000000000000002,2.6582958057019823e-11
1546.025302,0.299820059,635.1452837,1489.284629,0.179483852,0.905422057,-7.254659128,0.923714875,0.000264528,2.6606972791636696e-11,0.973300041062279,0.0184336736218448,0.0073306334233631,4.62815812019723e-05,9.32696360873778e-07,0.0008835977907504,4.83979361632685e-06,3.9767697937492095e-12,,1113.9283369930217,0.9993515415712794,0.7939142345754618,0.999919034794251,1.0000000000000002,2.660660580744434e-11
1544.621376,0.299819018,634.3492032,1489.283901,0.179474552,0.905413404,-7.254776116,0.923597887,0.000265323,2.6630970545864497e-11,0.973289675757516,0.0184359896250587,0.007337565847526,4.63371715218157e-05,9.34173787474271e-07,0.0008846497424387,4.84765154175267e-06,3.9788879892310995e-12,,1112.5911835651523,0.9993480717402138,0.7929191557217921,0.9999185460085326,1.0000000000000002,2.6630697647078705e-11
1543.217449,0.299817977,633.5536029,1489.283171,0.179465253,0.905404749,-7.254893107,0.923480896,0.000266118,2.6655011502015394e-11,0.973279295900201,0.0184383058313511,0.0073445105254585,4.6392867087508e-05,9.3565430921575e-07,0.0008857036647867,4.85552617027702e-06,3.9810073092173296e-12,,1111.254716425943,0.9993446019091484,0.7919246771049896,0.9999180558799963,1.0000000000000002,2.6654678464410608e-11
1541.813522,0.299816936,632.7584823,1489.28244,0.179455954,0.905396094,-7.2550101,0.923363902,0.000266912,2.6679095777870896e-11,0.973268901451567,0.0184406222405284,0.0073514674904022,4.64486681874596e-05,9.37137934765521e-07,0.0008867595631693,4.86341754888178e-06,3.98312775416532e-12,,1109.9189352672897,0.9993411320780827,0.7909307981000684,0.9999175650800509,1.0000000000000002,2.6678770304044974e-11
1540.465753,0.299815935,631.9956188,1489.281178,0.179447027,0.905387794,-7.255122424,0.923251579,0.000267674,2.6702257100694095e-11,0.973258910498334,0.018442846366432,0.0073581577594417,4.65023371379777e-05,9.38561699623577e-07,0.0008877734460939,4.87100017369842e-06,3.9851645710118094e-12,,1108.6392888637656,0.9993377955738594,0.789977239587975,0.9999167177619511,1.0000000000000004,2.670197396525964e-11
1539.117983,0.299814934,631.233195,1489.281032,0.179438101,0.905379473,-7.255234735,0.923139268,0.000268435,2.67254594538487e-11,0.973248903064852,0.0184450703144344,0.0073648594283456,4.65561031948267e-05,9.39995228469148e-07,0.0008887924471095,4.87861612298162e-06,3.9872021638681e-12,,1107.3561571925707,0.9993344590696359,0.7890242306888569,0.9999166197362439,1.0000000000000004,2.672495558186938e-11
1537.770213,0.299813933,630.4712137,1489.280327,0.179429175,0.905371162,-7.255347056,0.923026947,0.000269196,2.6748701604236494e-11,0.973238883560569,0.0184472946307902,0.007371572503165,4.66099676317327e-05,9.41428197261228e-07,0.0008898116401735,4.88623873491678e-06,3.9892409251943e-12,,1106.0757153791337,0.9993311225654126,0.7880717749026369,0.9999161463929314,0.9999999999999997,2.6749047421503747e-11
1536.422443,0.299812931,629.7096738,1489.27962,0.179420249,0.90536285,-7.25545938,0.922914623,0.000269957,2.67719841021643e-11,0.973228850468805,0.0184495191336979,0.0073782970216165,4.66639303702038e-05,9.42864057838049e-07,0.000890832673736,4.89387695341247e-06,3.99128072515588e-12,,1104.7959046712544,0.9993277827280183,0.7871198708543456,0.999915671706801,1.0000000000000002,2.6771806993508562e-11
1535.074674,0.299811929,628.9485749,1489.278912,0.179411323,0.905354537,-7.255571706,0.922802297,0.000270717,2.6795307054626596e-11,0.973218803754958,0.0184517438226661,0.0073850330136384,4.6717991669171e-05,9.44302817948339e-07,0.0008918555526413,4.90153082054692e-06,3.9933215638823794e-12,,1103.5167247920283,0.9993244428906236,0.7861685180439938,0.9999151963492616,1.0,2.6795232699328153e-11
1533.780815,0.299810966,628.2183356,1489.277713,0.179402754,0.905346565,-7.255679547,0.922694456,0.000271447,2.6817734887072397e-11,0.973209147461239,0.0184538798494775,0.0073915103812247,4.67699837539123e-05,9.45683542832916e-07,0.000892837724983,4.90888496582945e-06,3.99528185227707e-12,,1102.2912022717867,0.9993212330469003,0.7852557388896889,0.9999143913299259,0.9999999999999998,2.681799227133297e-11
1532.486956,0.299810003,627.4885006,1489.277549,0.179394187,0.905338574,-7.255787378,0.922586625,0.000272176,2.6840200914982894e-11,0.973199475750261,0.0184560157466326,0.0073979983911519,4.68220666040027e-05,9.47073394184259e-07,0.0008938246708513,4.9162702677683e-06,3.9972428877796695e-12,,1101.0624667143868,0.9993180232031769,0.7843434650993271,0.9999142812188574,1.0,2.684008570952301e-11
1531.193097,0.29980904,626.7590723,1489.276866,0.179385619,0.905330592,-7.255895218,0.922478785,0.000272904,2.68627041531446e-11,0.973189792790478,0.0184581519652004,0.0074044970492618,4.68742412610334e-05,9.48462718802261e-07,0.0008948117984414,4.92366177697758e-06,3.99920498717528e-12,,1099.8362087872483,0.9993148133594536,0.7834316996728429,0.9999138226465419,1.0000000000000004,2.6862290170015513e-11
1529.899238,0.299808076,626.0300498,1489.276181,0.179377051,0.905322609,-7.25600306,0.922370943,0.000273632,2.6885245056485497e-11,0.973180097150611,0.0184602883546823,0.0074110063893753,4.69265076883277e-05,9.49854743790631e-07,0.0008958006441518,4.93106786060455e-06,4.00116804540337e-12,,1098.610531263574,0.9993116001825589,0.7825204414852608,0.9999133627314085,0.9999999999999996,2.6885715875835103e-11
1528.605379,0.299807111,625.3014327,1489.275496,0.179368483,0.905314625,-7.256110904,0.922263099,0.00027436,2.69078237193521e-11,0.973170388798885,0.0184624249152896,0.0074175264384287,4.69788661205645e-05,9.51249476239468e-07,0.0008967912123322,4.93848855699287e-06,4.0031320631408595e-12,,1097.3854339098637,0.9993083836724936,0.7816096900365916,0.9999129028162751,1.0000000000000002,2.690758726942022e-11
1527.363275,0.299806185,624.6023424,1489.274356,0.179360258,0.905306969,-7.25621444,0.922159562,0.000275059,2.6929534570746897e-11,0.973161058116346,0.0184644762947454,0.0074237957794603,4.70292171954467e-05,9.52587963558855e-07,0.0008977423549367,4.94561841767673e-06,4.0050185047418195e-12,,1096.2116341503697,0.9993052971560991,0.7807358462804193,0.9999121374100677,0.9999999999999996,2.6930013774517647e-11
1526.12117,0.299805258,623.9036238,1489.274176,0.179352034,0.905299295,-7.25631797,0.922056032,0.000275757,2.6951280957419696e-11,0.97315171301633,0.018466527588477,0.0074300750510267,4.70796530726877e-05,9.53934977610785e-07,0.0008986979477627,4.95277739515729e-06,4.00690566621031e-12,,1095.034872354106,0.9993022073065336,0.7798624671390815,0.999912016556456,1.0,2.695133005659045e-11
1524.879066,0.299804331,623.2052792,1489.273515,0.17934381,0.905291629,-7.256421507,0.921952496,0.000276454,2.6973062121522495e-11,0.973142357438946,0.0184685791606842,0.0074363642588018,4.71301745808163e-05,9.55281496383173e-07,0.0008996537123571,4.95994215223572e-06,4.0087937951246695e-12,,1093.8603927603729,0.999299117456968,0.7789895554875155,0.9999115727551375,1.0000000000000004,2.6972757360965716e-11
1523.636961,0.299803404,622.5073075,1489.272852,0.179335586,0.905283962,-7.256525045,0.921848958,0.000277151,2.69948784300305e-11,0.973132990033411,0.0184706308896525,0.0074426634330714,4.71807817225201e-05,9.5663053560872e-07,0.0009006110800879,4.96712051343485e-06,4.01068280927045e-12,,1092.6864469881612,0.9992960276074024,0.7781171099507515,0.9999111276110011,0.9999999999999999,2.699496182145822e-11
1522.394857,0.299802476,621.8097087,1489.272188,0.179327362,0.905276295,-7.256628586,0.921745417,0.000277848,2.7016729968803497e-11,0.973123610771478,0.0184726827752317,0.007448972598066,4.72314747080182e-05,9.57982101604119e-07,0.0009015700548722,4.97431251299458e-06,4.01257270895637e-12,,1091.5130348255932,0.9992929344246658,0.7772451305287892,0.9999106817954556,0.9999999999999999,2.7016833215043334e-11
1520.904331,0.299801362,620.9730819,1489.271391,0.179317494,0.905267093,-7.256752837,0.921621166,0.000278684,2.704299844105e-11,0.973112339967206,0.0184751452442895,0.0074565568180532,4.72924199010434e-05,9.59607324489498e-07,0.0009027229512061,4.98296096195753e-06,4.01484175779397e-12,,1090.1056446024934,0.9992892212721136,0.7761993699089859,0.9999101466825194,1.0000000000000002,2.7042812433819563e-11
1519.413806,0.299800247,620.1369914,1489.270591,0.179307626,0.90525789,-7.256877092,0.921496911,0.000279519,2.70693179178122e-11,0.973101051999344,0.0184776079385527,0.007464155501848,4.73534893790461e-05,9.6123620660804e-07,0.0009038781744226,4.991629160722e-06,4.01711208293017e-12,,1088.6990218016329,0.9992855047863903,0.7751542796495157,0.9999096095553563,1.0,2.7069235741805642e-11
1517.92328,0.299799132,619.3014369,1489.26979,0.179297759,0.905248687,-7.257001349,0.921372654,0.000280354,2.7095688549489397e-11,0.973089746818944,0.0184800708576173,0.0074717686917768,4.74146835088595e-05,9.62868758427496e-07,0.0009050357311122,5.000317167588e-06,4.01938368477372e-12,,1087.2931663626632,0.9992817883006669,0.7741098593753868,0.9999090717567843,1.0000000000000002,2.7095548027489258e-11
1516.432755,0.299798016,618.466418,1489.268988,0.179287891,0.905239483,-7.257125609,0.921248394,0.000281188,2.7122110486625e-11,0.97307842437647,0.0184825340012221,0.0074793964303283,4.7476002659126e-05,9.64504991024376e-07,0.0009061956281433,5.00902504259669e-06,4.02165656385937e-12,,1085.8880779202461,0.9992780684817725,0.7730661085866103,0.9999085332868033,1.0000000000000002,2.7121860313172874e-11
1514.942229,0.299796899,617.6319345,1489.268184,0.179278024,0.905230277,-7.257249873,0.92112413,0.000282022,2.71485838565415e-11,0.973067084614461,0.0184849973770645,0.0074870387600464,4.75374472200735e-05,9.66144916905423e-07,0.0009073578722666,5.01775285175123e-06,4.02393072762747e-12,,1084.4837562709154,0.999274345329707,0.7720230270331917,0.9999079934740044,0.9999999999999999,2.7148727710368803e-11
1513.511325,0.299795827,616.8313349,1489.266766,0.179268552,0.905221451,-7.257369172,0.92100483,0.000282821,2.7174046592270002e-11,0.973056183951179,0.0184873625488458,0.0074943891563972,4.75965524833392e-05,9.67718614827499e-07,0.0009084739015934,5.02613968631984e-06,4.0261152013867395e-12,,1083.138647978342,0.9992707721703389,0.7710222994281108,0.9999070414161078,1.0,2.7174040795330257e-11
1512.080421,0.299794754,616.0312258,1489.266636,0.179259081,0.905212601,-7.257488466,0.920885537,0.000283621,2.7199557595401396e-11,0.973045263582324,0.0184897276632612,0.0075017530927039,4.76557735754841e-05,9.69303960781038e-07,0.0009095959866327,5.03456631429422e-06,4.0283006857971894e-12,,1081.7896058274732,0.9992671956777996,0.7700221849346158,0.9999069541329437,1.0,2.7199464902594173e-11
1510.649516,0.29979368,615.2316105,1489.265859,0.179249609,0.905203762,-7.257607767,0.920766236,0.00028442,2.7225116131378396e-11,0.973034328949812,0.0184920931201887,0.0075091305843783,4.77151114449352e-05,9.70888627405747e-07,0.0009107183134766,5.04300081604652e-06,4.03048743731279e-12,,1080.4435892245826,0.9992636158520896,0.7690226876776163,0.9999064324481867,0.9999999999999996,2.7225555143672864e-11
1509.218612,0.299792606,614.4324874,1489.265081,0.179240138,0.905194921,-7.25772707,0.920646933,0.000285218,2.72507226404701e-11,0.973023378184859,0.0184944587811599,0.0075165216773979,4.77745662061359e-05,9.72476736328695e-07,0.0009118428284568,5.05145390020608e-06,4.03267536685614e-12,,1079.0982778121822,0.9992600360263794,0.7680238056571561,0.9999059100920205,0.9999999999999996,2.7251201295541705e-11
1507.787707,0.299791531,613.6338563,1489.264302,0.179230667,0.90518608,-7.257846377,0.920527626,0.000286016,2.7276377250519695e-11,0.973012411239885,0.0184968246487518,0.0075239264101905,4.78341381999924e-05,9.7406829807183e-07,0.0009129695377404,5.05992562316799e-06,4.0348644773439695e-12,,1077.753671324272,0.999256452867498,0.7670255386232405,0.9999053870644454,1.0000000000000002,2.727618131359577e-11
1506.414039,0.299790499,612.8676343,1489.262954,0.179221575,0.905177603,-7.257960916,0.920413086,0.000286781,2.7301050854896e-11,0.973001869437899,0.0184990961769935,0.0075310478152094,4.78914380524276e-05,9.75595605719026e-07,0.0009140514388224,5.06806607905587e-06,4.03696719460792e-12,,1076.4656500345366,0.9992530130349719,0.7660677820779959,0.9999044820051756,0.9999999999999996,2.7301494398557224e-11
1505.040371,0.299789466,612.101863,1489.262802,0.179212484,0.905169103,-7.258075452,0.92029855,0.000287546,2.73257694474613e-11,0.972991309187024,0.0185013676903412,0.0075381818737671,4.79488462766976e-05,9.77133812184122e-07,0.0009151389936356,5.07624377817554e-06,4.03907087945877e-12,,1075.1740015957187,0.9992495698692749,0.7651105888954256,0.9999043799510146,0.9999999999999999,2.7325919305098978e-11
1503.666702,0.299788433,611.3365456,1489.262049,0.179203392,0.905160614,-7.258189994,0.920184009,0.000288311,2.73505325210649e-11,0.972980735626901,0.0185036395001817,0.0075453286003458,4.80063635964169e-05,9.78671379402511e-07,0.0009162267773822,5.08442882164418e-06,4.0411757184706295e-12,,1073.8851401849654,0.9992461267035779,0.7641539630754419,0.9999038743800722,1.0,2.7350566256245656e-11
1502.293034,0.299787399,610.5716807,1489.261296,0.179194301,0.905152123,-7.258304538,0.920069464,0.000289075,2.7375340439498396e-11,0.972970147000886,0.0185059114918904,0.0075524880362832,4.80639901427352e-05,9.80212163583642e-07,0.0009173166059819,5.09263123323433e-06,4.04328164083411e-12,,1072.5969271238864,0.9992426802047097,0.7631979028680832,0.9999033688091299,0.9999999999999998,2.7375546274299722e-11
1500.919366,0.299786365,609.807268,1489.260541,0.17918521,0.905143632,-7.258419085,0.919954918,0.000289839,2.7400193302732697e-11,0.972959543261198,0.0185081836728433,0.0075596602161368,4.8121726235791e-05,9.81756175100257e-07,0.0009184084848982,5.10085106744918e-06,4.04538865356909e-12,,1071.3093622814897,0.9992392337058416,0.7622424078983576,0.9999028618953699,1.0000000000000004,2.739974913623655e-11
1499.600644,0.299785371,609.0738581,1489.25926,0.179176483,0.90513549,-7.258529054,0.919844949,0.000290572,2.74240943532999e-11,0.972949351057024,0.018510365208253,0.0075665575249767,4.81772562761805e-05,9.83237867859779e-07,0.0009194569349409,5.10874919007732e-06,4.04741244137048e-12,,1070.0758799478356,0.9992359205338156,0.7613256655807629,0.9999020018204999,1.0000000000000002,2.7423840975870917e-11
1498.281923,0.299784378,608.3408626,1489.259087,0.179167757,0.905127327,-7.258639021,0.919734982,0.000291304,2.7448037273330596e-11,0.972939141575903,0.018512546779347,0.0075734666529075,4.82328876954121e-05,9.84729755573109e-07,0.0009205106607334,5.11668216103122e-06,4.0494371668168595e-12,,1068.8390535501246,0.9992326106949606,0.760409441251835,0.9999018856667508,1.0000000000000004,2.7447599748597895e-11
1496.963201,0.299783383,607.6082842,1489.258358,0.17915903,0.905119173,-7.258748993,0.91962501,0.000292036,2.7472021827610294e-11,0.972928919691619,0.0185147285957841,0.007580387613892,4.82886209570716e-05,9.8622104033791e-07,0.0009215646032126,5.1246219716822e-06,4.0514629343154894e-12,,1067.6047943395772,0.9992292941897636,0.7594937382865,0.9999013962096235,1.0000000000000002,2.7471802610534723e-11
1495.64448,0.299782388,606.8761218,1489.257628,0.179150304,0.905111019,-7.258858967,0.919515036,0.000292767,2.74960482514062e-11,0.972918683734473,0.0185169105840936,0.0075873204447691,4.83444562577263e-05,9.87715331710067e-07,0.0009226204555112,5.13257801447317e-06,4.05348970665403e-12,,1066.3711314758418,0.9992259776845664,0.7585785553097883,0.9999009060810872,1.0000000000000002,2.7495783427866627e-11
1494.325758,0.299781393,606.1443751,1489.256897,0.179141578,0.905102864,-7.258968944,0.919405059,0.000293499,2.7520116627350897e-11,0.972908433659096,0.0185190927533227,0.0075942651766286,4.84003938920295e-05,9.8921263947414e-07,0.0009236782225048,5.14055034031844e-06,4.0555174922654096e-12,,1065.1380648916888,0.9992226611793693,0.7576638919467082,0.9999004152811418,0.9999999999999996,2.7520541401315768e-11
1493.059786,0.299780437,605.4422902,1489.25568,0.179133202,0.905095044,-7.259074524,0.919299479,0.0002942,2.7543261858445094e-11,0.972898581836765,0.0185211878293638,0.0076009433401605,4.8454190503275e-05,9.90649528273583e-07,0.0009246939117119,5.14821036653659e-06,4.0574651162398395e-12,,1063.9566973564722,0.9992194746678433,0.7567863050224325,0.9998995981764449,1.0000000000000002,2.754318995101812e-11
1491.793813,0.29977948,604.7405862,1489.255489,0.179124825,0.905087205,-7.259180105,0.919193898,0.000294901,2.7566446048207196e-11,0.972888713846515,0.0185232829810952,0.007607632538114,4.85080818961475e-05,9.92095948225063e-07,0.0009257145218245,5.15590298112554e-06,4.05941364435139e-12,,1062.7722466943585,0.9992162848231462,0.7559091942127399,0.9998994699373347,1.0,2.7566393612232787e-11
1490.52784,0.299778523,604.0392657,1489.254784,0.179116449,0.905079374,-7.259285688,0.919088314,0.000295602,2.7589669182371e-11,0.972878834300837,0.0185253783348058,0.0076143327838576,4.85620683196361e-05,9.9354180014773e-07,0.0009267353367652,5.16360196363742e-06,4.06136311410198e-12,,1061.59016082832,0.9992130949784491,0.7550325627675593,0.9998989965940223,1.0000000000000002,2.758948625114499e-11
1489.261868,0.299777566,603.3383276,1489.254077,0.179108073,0.905071543,-7.259391274,0.918982729,0.000296302,2.7612931399401e-11,0.972868941619223,0.0185274738476517,0.0076210441102531,4.86161500131644e-05,9.94990460108369e-07,0.0009277579346163,5.17131610666342e-06,4.06331351297676e-12,,1060.4086234577671,0.999209905133752,0.7541564093119206,0.999898521907892,1.0000000000000004,2.7612578890057193e-11
1487.995895,0.299776608,602.6377718,1489.253369,0.179099697,0.905063711,-7.259496862,0.918877141,0.000297002,2.7636232797838694e-11,0.972859035768597,0.018529569519784,0.0076277665453968,4.86703272214114e-05,9.96441935492619e-07,0.0009287823199137,5.17904545015669e-06,4.06526484158674e-12,,1059.2276343666615,0.9992067119558838,0.7532807337208269,0.9998980465503525,1.0,2.7636115618179247e-11
1486.780561,0.299775687,601.965598,1489.252211,0.179091653,0.905056197,-7.259598268,0.918775735,0.000297674,2.76586366253102e-11,0.972849514398011,0.0185315823547375,0.007634230544542,4.87224295025367e-05,9.97835005571952e-07,0.0009297659340985,5.18647237682961e-06,4.0671397042148594e-12,,1058.0960905266645,0.9992036421053447,0.752440534853538,0.999897269058784,0.9999999999999999,2.76587641678816e-11
1485.565228,0.299774767,601.2937753,1489.252006,0.179083616,0.905048671,-7.259699597,0.918674406,0.000298345,2.7681081703004497e-11,0.972839979506126,0.0185335936493212,0.0076407048643663,4.87746160872768e-05,9.99236686230153e-07,0.0009307541671224,5.19392854081477e-06,4.06901399396484e-12,,1056.961671258919,0.9992005755879765,0.751600774851647,0.9998971314199483,1.0000000000000004,2.7680746583769178e-11
1484.349894,0.299773846,600.6223047,1489.251323,0.179075576,0.905041151,-7.259800968,0.918573035,0.000299016,2.7703560680138895e-11,0.972830433051653,0.0185356059335934,0.0076471894822174,4.88268934414679e-05,1.00063798008067e-06,0.000931742578097,5.20139124271756e-06,4.0708898565315394e-12,,1055.8294468733332,0.9991975057374373,0.7507614549651268,0.9998966728476328,0.9999999999999993,2.770417228958877e-11
1483.13456,0.299772925,599.9511858,1489.250638,0.179067536,0.90503363,-7.25990234,0.918471663,0.000299687,2.7726076131198594e-11,0.972820874344255,0.018537618362236,0.0076536844392347,4.88792596965198e-05,1.00204189471626e-06,0.0009327326527889,5.20886809520073e-06,4.07276657552858e-12,,1054.6977269550482,0.9991944358868982,0.7499225746939883,0.9998962129324994,0.9999999999999999,2.7726154705476347e-11
1481.919226,0.299772003,599.2804183,1489.249953,0.179059496,0.905026108,-7.260003714,0.918370289,0.000300357,2.7748628145478e-11,0.972811303354391,0.0185396309351688,0.007660189760693,4.89317150719517e-05,1.0034484367406e-06,0.0009337243952815,5.21635913403691e-06,4.07464415130987e-12,,1053.566511309708,0.9991913627031879,0.7490841336632396,0.9998957530173661,1.0000000000000004,2.7748248143666387e-11
1480.460826,0.299770897,598.4759609,1489.249129,0.179049849,0.905017082,-7.260125366,0.918248637,0.000301161,2.7775738950064398e-11,0.972799801911533,0.0185420462137495,0.0076680098632056,4.89947794733626e-05,1.00513976422009e-06,0.0009349166932651,5.22536715623882e-06,4.07689837432243e-12,,1052.2097182099048,0.9991876762160038,0.7480785839136626,0.9998951997763881,0.9999999999999997,2.777611474158448e-11
1479.002425,0.299769789,597.6720091,1489.248303,0.179040202,0.905008054,-7.260247021,0.918126982,0.000301964,2.78029026828386e-11,0.972788282685295,0.018544461702213,0.0076758449709742,4.90579729134086e-05,1.00683489715588e-06,0.0009361114061015,5.23439572393496e-06,4.07915383429822e-12,,1050.853650400595,0.9991839830624779,0.7470736661502583,0.9998946451925922,1.0000000000000002,2.7802538049570558e-11
1477.544025,0.299768681,596.8685625,1489.247476,0.179030555,0.904999026,-7.260368678,0.918005325,0.000302767,2.7830119507855e-11,0.972776745626904,0.0185468773977722,0.007683695128188,4.91212957686732e-05,1.00853384604702e-06,0.0009373085407134,5.24344489618581e-06,4.08141052952917e-12,,1049.4983077877157,0.9991802899089518,0.7460693798730379,0.9998940899373873,0.9999999999999999,2.7830182602883724e-11
1476.085624,0.299767573,596.0656209,1489.246647,0.179020908,0.904989997,-7.260490338,0.917883664,0.00030357,2.78573895804844e-11,0.972765190684174,0.0185492933006822,0.0076915603791646,4.91847484251594e-05,1.0102366225457e-06,0.0009385081042539,5.25251473601995e-06,4.08366846097451e-12,,1048.1436900438841,0.9991765967554259,0.7450657248320064,0.9998935333393645,0.9999999999999996,2.785782715619689e-11
1474.627224,0.299766464,595.2631841,1489.245816,0.179011262,0.904980967,-7.260612001,0.917762001,0.000304371,2.7884713060071696e-11,0.97275361780578,0.0185517094100985,0.0076994407684142,4.9248331267542e-05,1.0119432381512e-06,0.0009397101039249,5.26160530589272e-06,4.085927628631899e-12,,1046.7897968203163,0.9991729002687288,0.7440627007771697,0.999892975398524,0.9999999999999999,2.7884805575695282e-11
1473.227159,0.299765398,594.4933199,1489.244377,0.179001998,0.904972306,-7.260728845,0.917645158,0.000305141,2.79109911306978e-11,0.972742491991377,0.018554030040831,0.0077070202067137,4.93094960418388e-05,1.01358108545839e-06,0.0009408643106076,5.270341343797e-06,4.08809841584647e-12,,1045.4929815475755,0.9991693471083871,0.7431003915815325,0.9998920092410392,0.9999999999999994,2.7911561950588748e-11
1471.827095,0.299764332,593.723919,1489.244217,0.178992742,0.904963627,-7.260845602,0.9175284,0.00030591,2.7937324418572295e-11,0.972731347406944,0.0185563489222088,0.0077146137151122,4.93707766942232e-05,1.0152307455274e-06,0.0009420247987217,5.27911754550538e-06,4.09026870135835e-12,,1044.192351565368,0.9991657939480454,0.7421386614982252,0.9998919018156065,0.9999999999999997,2.793765219166744e-11
1470.42703,0.299763266,592.9549831,1489.243415,0.178983482,0.904954955,-7.260962407,0.917411596,0.000306678,2.7963704468724694e-11,0.972720187216175,0.018558668972336,0.0077222212765825,4.94321807997391e-05,1.01687985007271e-06,0.0009431855396428,5.28790255720526e-06,4.0924409568762095e-12,,1042.8946295314192,0.9991622407877033,0.7411775126522008,0.9998913633456255,0.9999999999999996,2.796418652195598e-11
1469.026966,0.299762199,592.1865114,1489.242612,0.178974223,0.904946284,-7.261079214,0.917294789,0.000307446,2.79901343451848e-11,0.972709010320441,0.0185609891995755,0.0077298429503324,4.9493706246825e-05,1.01853253240357e-06,0.0009443485518957,5.29670689153315e-06,4.0946143427325795e-12,,1041.597573770032,0.9991586842941906,0.7402169440434813,0.9998908242042356,1.0000000000000002,2.7989943696127284e-11
1467.626901,0.299761131,591.4185035,1489.241807,0.178964964,0.904937611,-7.261196024,0.917177979,0.000308214,2.8016614137387094e-11,0.972697816656298,0.0185633096208507,0.0077374787762449,4.95553534287215e-05,1.02018880611454e-06,0.0009455138416401,5.30553061814887e-06,4.09678887445369e-12,,1040.3011843201348,0.9991551244675068,0.7392569551720779,0.9998902837200278,1.0,2.8016478026415825e-11
1466.282839,0.299760105,590.6816533,1489.240438,0.178956075,0.904929296,-7.261308161,0.917065842,0.00030895,2.80420819827267e-11,0.972687056812447,0.0185655373935077,0.0077448225166547,4.96146494147913e-05,1.02177819090756e-06,0.000946632808439,5.31400920517799e-06,4.098877462513099e-12,,1039.0593251238038,0.999151704634007,0.7383359125735688,0.9998893645611698,1.0000000000000004,2.804179111137728e-11
1464.938777,0.299759079,589.9452279,1489.240257,0.178947187,0.904920957,-7.261420305,0.916953697,0.000309686,2.80675958331546e-11,0.972676277658818,0.0185677653571088,0.0077521793812696,4.96740585058208e-05,1.02337895480537e-06,0.0009477576064435,5.32252673102033e-06,4.10096717534409e-12,,1037.8139829095392,0.9991482848005072,0.7374154009634423,0.9998892430361491,1.0000000000000002,2.806743726324612e-11
1463.594716,0.299758053,589.2092304,1489.23948,0.178938299,0.904912629,-7.26153245,0.916841553,0.000310422,2.8093156212317895e-11,0.972665484814328,0.0185699934882255,0.007759549393068,4.97335805798368e-05,1.02497903089236e-06,0.000948882660774,5.33105179717779e-06,4.103057907591399e-12,,1036.5713021917331,0.9991448649670077,0.7364954242166136,0.999888721351392,0.9999999999999997,2.809352750432481e-11
1462.250654,0.299757025,588.4736596,1489.238701,0.178929411,0.904904301,-7.261644597,0.916729406,0.000311157,2.81187631221124e-11,0.972654676352046,0.0185722217922787,0.0077669325924312,4.97932160886269e-05,1.02658245365412e-06,0.0009500098375422,5.33959493618907e-06,4.10514969304922e-12,,1035.329234383836,0.9991414384671659,0.7355759808331154,0.9998881983238169,1.0000000000000004,2.811817445547149e-11
1460.906592,0.299755998,587.7385151,1489.237921,0.178920524,0.904895971,-7.261756746,0.916617256,0.000311892,2.8144416658076796e-11,0.972643852219569,0.0185744502795924,0.0077743290153789,4.98529653739434e-05,1.02818923446745e-06,0.0009511391423927,5.34815620721324e-06,4.1072425414006696e-12,,1034.087779426324,0.9991380153004951,0.7346570703129586,0.9998876746248329,1.0000000000000002,2.8144153674247718e-11
1459.616292,0.29975501,587.0331784,1489.23662,0.178911992,0.904887985,-7.261864413,0.91650959,0.000312597,2.8169088062901097e-11,0.972633447999804,0.0185765898243555,0.0077814420515135,4.99104319712064e-05,1.02973115558386e-06,0.0009522235465639,5.3563823580909e-06,4.1092526715421896e-12,,1032.898447983196,0.9991347221274952,0.7337754187276136,0.9998868011217839,1.0000000000000002,2.816891164769686e-11
1458.325993,0.299754023,586.3282322,1489.236419,0.178903461,0.904879977,-7.26197208,0.916401923,0.000313301,2.8193802757983596e-11,0.972623025846407,0.0185787294436931,0.0077885673495391,4.99680039779071e-05,1.03128369356177e-06,0.0009533133955543,5.36464482976967e-06,4.11126375200643e-12,,1031.7059019641988,0.9991314322876665,0.7328942552565892,0.9998866661685842,0.9999999999999999,2.8193891665750925e-11
1457.035693,0.299753035,585.6236795,1489.235667,0.178894929,0.904871979,-7.26207975,0.916294253,0.000314005,2.8218560767437796e-11,0.972612590857357,0.0185808692653123,0.0077957049279896,5.00256816662882e-05,1.03283559695965e-06,0.0009544034853639,5.37291438166266e-06,4.11327581662481e-12,,1030.5158092727545,0.9991281391146669,0.7320135836498033,0.9998861612690508,0.9999999999999996,2.8218982706107454e-11
1455.745394,0.299752046,584.9195189,1489.234912,0.178886398,0.90486398,-7.262187422,0.916186581,0.000314709,2.82433622541789e-11,0.972602141288471,0.0185830092406203,0.0078028548240229,5.00834653056879e-05,1.03439062651058e-06,0.000955495557777,5.38120081744257e-06,4.1152888494988696e-12,,1029.3262801655596,0.9991248426084961,0.7311334021572942,0.9998856543552906,0.9999999999999993,2.8244073746463982e-11
1454.455095,0.299751057,584.2157503,1489.234157,0.178877867,0.90485598,-7.262295097,0.916078906,0.000315413,2.8268207281742297e-11,0.972591677085541,0.0185851493861543,0.0078100170699708,5.01413552232014e-05,1.03594879380917e-06,0.0009565896177355,5.38950419597387e-06,4.1173028657415095e-12,,1028.1373147349107,0.9991215461023253,0.7302537106540646,0.9998851474415306,0.9999999999999999,2.826827660840081e-11
1453.216407,0.299750107,583.5405016,1489.232919,0.178869675,0.904848307,-7.262398502,0.915975501,0.000316087,2.8292097312400697e-11,0.972581618543916,0.0185872048474374,0.007816904460491,5.01970317098491e-05,1.03744422210179e-06,0.000957640156957,5.39748285574036e-06,4.1192378950362795e-12,,1026.9981938640751,0.9991183795898256,0.7294096682458684,0.9998843162372456,1.0000000000000004,2.82917023142204e-11
1451.97772,0.299749156,582.8656128,1489.232702,0.178861489,0.90484062,-7.262501837,0.915872165,0.000316762,2.8316032363756496e-11,0.972571544701277,0.0185892588932294,0.0078238033220608,5.02528026945284e-05,1.03894929308338e-06,0.0009586958046986,5.40549430892663e-06,4.12117249170784e-12,,1025.8560793558293,0.9991152097441549,0.7285660757028297,0.9998841705415026,0.9999999999999996,2.8316460287669543e-11
1450.739032,0.299748205,582.1910852,1489.231973,0.1788533,0.904832938,-7.262605211,0.915768792,0.000317436,2.8340005535699896e-11,0.972561458148813,0.0185913138739826,0.0078307136386078,5.0308674352491e-05,1.04045390966507e-06,0.0009597516649238,5.41351294785213e-06,4.12310865883087e-12,,1024.7162399410054,0.9991120398984841,0.7277229346499128,0.9998836810843752,1.0000000000000002,2.8339663948884208e-11
1449.500345,0.299747254,581.5169182,1489.231243,0.178845111,0.904825256,-7.262708587,0.915665416,0.00031811,2.8364019317105497e-11,0.972551357993307,0.0185933689895481,0.0078376354546714,5.03646449195522e-05,1.04196144467538e-06,0.0009608093762689,5.42154735087166e-06,4.12504571460652e-12,,1023.5769187678594,0.9991088700528133,0.7268802443371342,0.9998831909558389,0.9999999999999996,2.836442192233335e-11
1448.261657,0.299746302,580.8431115,1489.230512,0.178836923,0.904817574,-7.262811965,0.915562038,0.000318784,2.8388073744411396e-11,0.972541244179545,0.0185954242614386,0.007844568799254,5.04207147079602e-05,1.04347190980253e-06,0.0009618689430528,5.42959757615161e-06,4.1269836785115796e-12,,1022.4381160492901,0.9991056968739715,0.726038004389502,0.9998827001558936,0.9999999999999993,2.838873580657264e-11
1447.072517,0.299745387,580.1965966,1489.229334,0.178829059,0.904810205,-7.262911242,0.915462761,0.00031943,2.8411202210733e-11,0.972531522872303,0.0185973981792484,0.0078512356697268,5.04746370848541e-05,1.04492157192013e-06,0.0009628863548057,5.4373327191258e-06,4.12884558391828e-12,,1021.3469719169519,0.9991026470224585,0.7252298784454896,0.999881909236146,0.9999999999999998,2.8411384356274993e-11
1445.883377,0.299744473,579.5504125,1489.229103,0.178821201,0.904802822,-7.263010455,0.915363547,0.000320076,2.84343726948267e-11,0.972521787284898,0.018599370779339,0.0078579132460932,5.05286476641907e-05,1.04638023700501e-06,0.0009639085307207,5.44509848216636e-06,4.13070707914962e-12,,1020.2530665619495,0.9990996005041167,0.7244221659924303,0.9998817541406775,0.9999999999999994,2.8434921084397047e-11
1444.694237,0.299743558,578.9045605,1489.228398,0.178813341,0.904795445,-7.263109704,0.915264299,0.000320721,2.8457578780263596e-11,0.972512039847062,0.0186013442389942,0.0078646015128304,5.05827521871891e-05,1.04783847606491e-06,0.0009649309069139,5.45287094625355e-06,4.1325700229231894e-12,,1019.1612575316589,0.9990965506526039,0.7236148686552887,0.999881280797365,1.0,2.8457458611796937e-11
1443.505098,0.299742642,578.2590401,1489.227691,0.178805481,0.904788068,-7.263208954,0.915165049,0.000321367,2.8480822752079296e-11,0.972502279714938,0.0186033178251133,0.007871300510249,5.06369490250641e-05,1.04929943992452e-06,0.0009659550104908,5.46065812843524e-06,4.13443378971499e-12,,1018.0699252516276,0.9990934974679199,0.7228079858090785,0.9998808061112348,0.9999999999999997,2.8481106362221453e-11
1442.315958,0.299741726,577.6138511,1489.226982,0.178797621,0.90478069,-7.263308206,0.915065797,0.000322012,2.8504104661494096e-11,0.972492506844659,0.0186052915510609,0.0078780102645301,5.06912384429672e-05,1.05076313800279e-06,0.0009669808454525,5.46846007649944e-06,4.13629839177301e-12,,1016.9790697979334,0.9990904442832359,0.7220015172038051,0.9998803300822863,1.0000000000000004,2.8503643889621344e-11
1440.88899,0.299740626,576.8400614,1489.226131,0.178788189,0.904771835,-7.263427311,0.914946692,0.000322785,2.85320931604776e-11,0.972480762542201,0.0186076602071322,0.0078860762059919,5.07565082752294e-05,1.05252319412275e-06,0.0009682141385777,5.47784195678847e-06,4.13853701770213e-12,,1015.6706727002033,0.9990867777950784,0.7210343012405231,0.9998797587132665,0.9999999999999997,2.8532398665959136e-11
1439.462022,0.299739525,576.0667485,1489.225278,0.178778757,0.90476298,-7.263546418,0.914827584,0.000323558,2.8560136659455394e-11,0.97246899982109,0.0186100290408228,0.0078941577217032,5.08219120897793e-05,1.05428720564321e-06,0.0009694499391855,5.48724520212013e-06,4.1407768267012494e-12,,1014.3629609368535,0.9990831079737498,0.7200676812642016,0.9998791860014289,1.0,2.8560154241574764e-11
1438.035054,0.299738424,575.2939121,1489.224423,0.178769326,0.904754124,-7.263665528,0.914708474,0.000324331,2.8588235281506798e-11,0.972457218615426,0.0186123980646905,0.0079022548575542,5.08874503209436e-05,1.05605518641245e-06,0.0009706882542045,5.4966698860835e-06,4.14301783060309e-12,,1013.0559347221745,0.9990794381524211,0.7191016568998486,0.9998786119467733,0.9999999999999999,2.8588353906400243e-11
1436.608086,0.299737322,574.5215518,1489.223567,0.178759895,0.904745268,-7.263784641,0.914589361,0.000325103,2.86163891768685e-11,0.972445418867071,0.018614767282776,0.0079103676597541,5.09531233819542e-05,1.05782714931993e-06,0.0009719290910279,5.50611607746203e-06,4.14526003371567e-12,,1011.7495938225138,0.9990757649979213,0.7181362276474753,0.9998780372207089,0.9999999999999994,2.8616997660435572e-11
1435.181118,0.29973622,573.7496674,1489.222708,0.178750464,0.90473641,-7.263903757,0.914470246,0.000325874,2.8644598518156097e-11,0.97243360052442,0.0186171366921709,0.0079184961747923,5.10189316689244e-05,1.05960310598308e-06,0.0009731724572094,5.51558383984216e-06,4.14750343417676e-12,,1010.443937876819,0.9990720918434217,0.717171393257087,0.9998774604804175,0.9999999999999996,2.864508630295859e-11
1433.811229,0.299735161,573.0091072,1489.221246,0.178741412,0.904727919,-7.264018105,0.914355898,0.000326615,2.8671732193828197e-11,0.972422239526865,0.0186194114191256,0.0079263143723489,5.10822348540578e-05,1.06130729780101e-06,0.0009743664251796,5.52468150729095e-06,4.14965811851196e-12,,1009.1932826110178,0.9990685620152774,0.7162457132600396,0.9998764788805269,0.9999999999999997,2.867206472245698e-11
1432.441339,0.299734101,572.2689826,1489.221056,0.178732358,0.904719402,-7.264132467,0.914241536,0.000327355,2.8698916484983095e-11,0.972410856983716,0.0186216864933167,0.0079341471408752,5.11456641289784e-05,1.06302418281386e-06,0.0009755668382762,5.53382265341284e-06,4.151814121067979e-12,,1007.9389972954854,0.9990650288539618,0.7153205777510794,0.9998763513128257,1.0,2.869893211965291e-11
1431.07145,0.299733041,571.5292972,1489.220227,0.178723306,0.904710896,-7.264246826,0.914127177,0.000328094,2.8726152729242295e-11,0.972399459317882,0.0186239616518672,0.0079419945136042,5.12092187403045e-05,1.06474028493251e-06,0.0009767675526282,5.54297211307832e-06,4.153971116546699e-12,,1006.6874727024925,0.9990614956926462,0.7143959912301079,0.9998757947148029,1.0,2.8726021561453763e-11
1429.701561,0.29973198,570.7900494,1489.219397,0.178714253,0.90470239,-7.264361187,0.914012816,0.000328833,2.8753440656562894e-11,0.972388044317077,0.0186262369887341,0.0079498565349639,5.12728994397951e-05,1.06646011201579e-06,0.0009779706250714,5.55214169197704e-06,4.15612921986498e-12,,1005.4365783034613,0.9990579591981598,0.7134719516971689,0.9998752374453712,0.9999999999999999,2.8753555092464467e-11
1428.331672,0.299730919,570.0512391,1489.218565,0.178705201,0.904693883,-7.264475551,0.913898452,0.000329572,2.8780780415102697e-11,0.972376611932437,0.0186285125036935,0.0079577332468451,5.13367065911873e-05,1.06818367499396e-06,0.0009791760623702,5.56133144933286e-06,4.1582884314593e-12,,1004.1863138258657,0.9990544227036732,0.7125484590272649,0.9998746788331214,1.0000000000000002,2.8780422489660396e-11
1427.016578,0.299729899,569.3423933,1489.217174,0.178696508,0.904685724,-7.264585377,0.913788626,0.000330281,2.8807073192247998e-11,0.972365621636735,0.0186306979294045,0.0079653087351006,5.13980827090691e-05,1.06983777736931e-06,0.000980333582964,5.57016234152233e-06,4.1603629690751496e-12,,1002.9886325314204,0.9990510228691999,0.7116624211628875,0.9998737449032667,0.9999999999999994,2.8807622953763712e-11
1425.701484,0.299728879,568.6339488,1489.216964,0.178687822,0.904677548,-7.264695136,0.913678867,0.000330989,2.8833418688065798e-11,0.972354612873747,0.0186328819597099,0.007972897868801,5.1459572046216e-05,1.07150342282836e-06,0.0009814971567359,5.5790325415073e-06,4.1624371983858e-12,,1001.7875701578432,0.9990476230347265,0.710776884912535,0.9998736039073863,1.0000000000000002,2.883315808333009e-11
1424.386391,0.299727859,567.9259075,1489.21616,0.178679132,0.904669379,-7.264804932,0.913569071,0.000331697,2.8859810031461496e-11,0.972343589141959,0.0186350669270606,0.0079805006397072,5.15211808810697e-05,1.073168499591e-06,0.0009826609976763,5.58791119170408e-06,4.16451311013303e-12,,1000.5890680598806,0.999044223200253,0.7098918526511558,0.9998730640945874,0.9999999999999998,2.886002548052602e-11
1423.071297,0.299726838,567.2182686,1489.215356,0.178670443,0.90466121,-7.26491473,0.913459273,0.000332404,2.8886249680858e-11,0.972332549213885,0.0186372520566221,0.0079881171006492,5.15829075639461e-05,1.07483705860793e-06,0.0009838270425165,5.59680865128651e-06,4.16659004385879e-12,,999.3911454925594,0.9990408200326086,0.7090073233787718,0.9998725242817884,0.9999999999999994,2.8886781855419486e-11
1421.756203,0.299725816,566.5110318,1489.21455,0.178661754,0.90465304,-7.265024531,0.913349472,0.000333111,2.8912737780574394e-11,0.972321493048778,0.0186394373447816,0.0079957472894424,5.16447524134442e-05,1.07650910907995e-06,0.0009849952974228,5.60572497093314e-06,4.16866799691299e-12,,998.1938021495641,0.9990374135317931,0.708123296720391,0.9998719831261716,0.9999999999999997,2.8913094141103102e-11
1420.493713,0.299724834,565.8324633,1489.213227,0.178653411,0.904645204,-7.265129974,0.913244029,0.00033379,2.8938209868086897e-11,0.972310864912642,0.0186415360984093,0.0080030852068619,5.17042368147058e-05,1.07811379591176e-06,0.0009861171055637,5.61429280339654e-06,4.17066441375383e-12,,997.0467235258452,0.9990341403578197,0.7072751046529853,0.9998710948521257,0.9999999999999998,2.8938407226064555e-11
1419.231224,0.299723852,565.1542637,1489.212998,0.178645072,0.904637352,-7.265235355,0.913138648,0.000334468,2.8963731221502196e-11,0.972300219528472,0.0186436335475455,0.0080104358727176,5.17638269910733e-05,1.0797292707157e-06,0.0009872445644919,5.62289737448622e-06,4.1726605306346e-12,,995.8965257684143,0.9990308671838464,0.7064273737004908,0.9998709410994752,0.9999999999999998,2.8963942355630934e-11
1417.968734,0.29972287,564.4764348,1489.21222,0.178636732,0.904629507,-7.26534077,0.913033233,0.000335146,2.8989295401443e-11,0.972289560162379,0.0186457318679315,0.0080177992783943,5.18235288212929e-05,1.08134421381355e-06,0.0009883722752543,5.63150984183494e-06,4.17465820845091e-12,,994.7486874650856,0.9990275940098728,0.7055801061128584,0.9998704187433091,0.9999999999999999,2.898936646289485e-11
1416.706244,0.299721887,563.7989758,1489.211441,0.178628391,0.904621661,-7.265446187,0.912927816,0.000335823,2.9014904725241396e-11,0.972278885676376,0.0186478303305507,0.0080251754719775,5.1883340728211e-05,1.08296240957776e-06,0.0009895020448852,5.64013988069406e-06,4.176656824217899e-12,,993.6013820477192,0.9990243175027286,0.7047333008901099,0.999869895715734,0.9999999999999994,2.901545670397354e-11
1415.443754,0.299720904,563.1218865,1489.21066,0.178620051,0.904613815,-7.265551606,0.912822397,0.0003365,2.9040559303512497e-11,0.972268196027817,0.0186499289382823,0.0080325644874391,5.19432630155349e-05,1.08458386747498e-06,0.0009906338788178,5.64878754159497e-06,4.1786563810091095e-12,,992.4546093593983,0.9990210409955841,0.7038869577822506,0.999869371345341,1.0,2.904054774433007e-11
1414.231764,0.299719959,562.4722294,1489.209401,0.178612045,0.904606292,-7.265652806,0.912721197,0.00033715,2.9065230721963696e-11,0.972257921417968,0.0186519436639602,0.0080396700349903,5.20008922202837e-05,1.08613987179376e-06,0.0009917207214222,5.65709632160556e-06,4.1805767502211695e-12,,991.3558785867725,0.9990178911489395,0.7030749041741715,0.9998685260414681,1.0,2.9065194695476748e-11
1413.019773,0.299719014,561.8229107,1489.209157,0.178604038,0.904598748,-7.265754017,0.912619986,0.000337799,2.90899433945743e-11,0.972247629253124,0.018653958670962,0.008046787464573,5.20586243113983e-05,1.08770624376651e-06,0.0009928128068879,5.66544062562121e-06,4.1824981689446e-12,,990.2542983025961,0.9990147413022951,0.7022632735568378,0.9998683622176834,1.0,2.9089841646623427e-11
1411.807783,0.299718068,561.1739332,1489.208403,0.178596032,0.904591214,-7.265855225,0.912518778,0.000338448,2.9114698446043194e-11,0.972237324764843,0.0186559737338082,0.0080539168012349,5.21164586083292e-05,1.0892719728788e-06,0.0009939051445336,5.67379169941489e-06,4.1844203619503295e-12,,989.1548784102936,0.9990115881224796,0.7014520694301729,0.9998678559753322,0.9999999999999996,2.911515473158488e-11
1410.595793,0.299717122,560.5252958,1489.207649,0.178588027,0.90458368,-7.265956436,0.912417567,0.000339097,2.9139495638319195e-11,0.97222700615972,0.0186579889296224,0.0080610580772487,5.21743956968856e-05,1.09084074036852e-06,0.0009949994044583,5.68215918703966e-06,4.18634342333353e-12,,988.055948714082,0.999008434942664,0.700641290419207,0.9998673497329809,0.9999999999999997,2.913980168273156e-11
1409.383802,0.299716175,559.8769983,1489.206893,0.178580021,0.904576144,-7.266057648,0.912316355,0.000339745,2.916433506054e-11,0.972216673396203,0.0186600042642548,0.008068211323149,5.22324358595208e-05,1.09241255540074e-06,0.0009960955914884,5.69054313664692e-06,4.1882673587807795e-12,,986.9575091348784,0.9990052784296773,0.6998309362739452,0.9998668421478117,0.9999999999999994,2.916500374539055e-11
1408.220292,0.299715266,559.2549533,1489.205694,0.178572336,0.904568919,-7.266154808,0.912219195,0.000340367,2.91882211420688e-11,0.972206742253123,0.0186619390182647,0.0080750897278714,5.22882512649369e-05,1.09392093727223e-06,0.000997148196892,5.69859826828836e-06,4.19011504900185e-12,,985.9050074124319,0.9990022485771908,0.6990533970357263,0.9998660371284761,0.9999999999999999,2.918831842890768e-11
1407.056781,0.299714357,558.6332194,1489.205437,0.178564651,0.904561675,-7.266251981,0.912122022,0.000340989,2.9212145595491096e-11,0.972196794690401,0.0186638740742192,0.0080819792222273,5.23441628291585e-05,1.09543900852753e-06,0.0009982056913016,5.70668660862719e-06,4.19196374729864e-12,,984.8498779139505,0.9989992187247042,0.6982762466639993,0.9998658645763749,0.9999999999999996,2.921263231314697e-11
1405.89327,0.299713447,558.0117993,1489.204708,0.178556966,0.904554439,-7.26634915,0.912024853,0.00034161,2.9236109689713997e-11,0.972186835652899,0.0186658091528054,0.008088879829974,5.24001697165277e-05,1.09695647341731e-06,0.0009992634234574,5.71478124380318e-06,4.1938131351169695e-12,,983.7967388570595,0.9989961855390468,0.6974994885336904,0.9998653751192476,0.9999999999999993,2.9236724152781335e-11
1404.729759,0.299712536,557.3906919,1489.203977,0.178549281,0.904547203,-7.266446321,0.911927682,0.000342231,2.92601130875141e-11,0.972176863436398,0.0186677443606049,0.0080957915795677,5.24562725609503e-05,1.09847677610756e-06,0.0010003229494282,5.72289120796907e-06,4.19566333124216e-12,,982.7440508501815,0.9989931490202179,0.6967231212698297,0.9998648843193022,0.9999999999999996,2.9260593947810776e-11
1403.566249,0.299711625,556.769897,1489.203245,0.178541597,0.904539967,-7.266543494,0.911830509,0.000342852,2.92841558966703e-11,0.972166878011919,0.0186696796942085,0.008102714498609,5.25124715926807e-05,1.09999992315551e-06,0.0010013842737285,5.73101653744773e-06,4.19751433302958e-12,,981.6918136652041,0.9989901125013892,0.6959471446224229,0.9998643928479479,1.0,2.928413067593283e-11
1402.170036,0.299710531,556.0253555,1489.202365,0.178532376,0.904531282,-7.266660104,0.911713899,0.000343596,2.93130594857556e-11,0.972154878040299,0.0186720022424062,0.0081110367843269,5.25800376862057e-05,1.1018314601923e-06,0.0010026602430548,5.74078725386499e-06,4.1997365829096194e-12,,980.4297238330139,0.998986466012258,0.6950164881092568,0.9998638020080687,1.0,2.9313107496875546e-11
1400.773823,0.299709437,555.2812637,1489.201483,0.178523155,0.904522597,-7.266776717,0.911597286,0.000344341,2.93420201054728e-11,0.972142858936892,0.0186743249812751,0.0081193752416446,5.26477430790288e-05,1.10366711856442e-06,0.0010039388162164,5.75058023006707e-06,4.20196000275291e-12,,979.1682825707063,0.9989828195231268,0.694086393708792,0.9998632098253712,0.9999999999999998,2.9342195340120725e-11
1399.37761,0.299708342,554.5376213,1489.2006,0.178513935,0.904513911,-7.266893332,0.911480671,0.000345084,2.9371038025524696e-11,0.972130820675953,0.0186766478794507,0.0081277299191701,5.27155881028665e-05,1.10550690412096e-06,0.001005220001337,5.76039550719387e-06,4.20418456513552e-12,,977.9074892883133,0.9989791697008245,0.6931568610460371,0.9998626169712649,1.0,2.9370950116458516e-11
1397.981397,0.299707246,553.7944281,1489.199715,0.178504714,0.904505224,-7.267009949,0.911364054,0.000345828,2.9400113360413395e-11,0.972118763184066,0.0186789709542828,0.0081361008649523,5.27835732260589e-05,1.10735083293062e-06,0.0010065038058652,5.77023316788657e-06,4.20641028630748e-12,,976.6473440207229,0.998975516545351,0.6922278898709976,0.9998620227743408,0.9999999999999997,2.9400482048913545e-11
1396.585185,0.299706149,553.0516838,1489.198828,0.178495494,0.904496537,-7.26712657,0.911247433,0.00034657,2.94292462832908e-11,0.97210668640514,0.0186812942049955,0.0081444881275153,5.28516988684564e-05,1.10919891755515e-06,0.0010077902376451,5.78009328031388e-06,4.20863716627598e-12,,975.3878464701156,0.9989718600567066,0.6912994798086812,0.9998614272345987,1.0000000000000002,2.942901478064641e-11
1395.24482,0.299705096,552.3390721,1489.197341,0.178486641,0.904488206,-7.267238559,0.911135444,0.000347283,2.94572660843875e-11,0.972095075948126,0.0186835253985066,0.0081525552816042,5.29172339125506e-05,1.11097247594286e-06,0.0010090255631201,5.78956858642686e-06,4.21077666627568e-12,,974.1813981906694,0.9989683502275886,0.690408734672294,0.9998604288494843,0.9999999999999998,2.9457436490076816e-11
1393.904456,0.299704042,551.6268722,1489.19712,0.178477793,0.904479855,-7.267350488,0.911023515,0.000347995,2.9485343616139496e-11,0.972083444733549,0.0186857553200724,0.0081606375897079,5.29828955048531e-05,1.11275893277518e-06,0.0010102675806638,5.79908787075413e-06,4.2129160093867994e-12,,972.9714253827575,0.9989648370652994,0.689518504274645,0.9998602804681055,0.9999999999999998,2.948552513259983e-11
1392.564092,0.299702988,550.9150861,1489.196263,0.178468942,0.904471513,-7.26746245,0.910911553,0.000348707,2.9513472513403694e-11,0.97207179703055,0.0186879861197428,0.0081687350527838,5.30486896018859e-05,1.11454473112649e-06,0.0010115099124109,5.80861645127926e-06,4.21505703448436e-12,,971.7641092455931,0.9989613239030102,0.6886287911156793,0.999859705070632,1.0000000000000004,2.9513058663610536e-11
1391.223727,0.299701933,550.2037129,1489.195405,0.178460092,0.90446317,-7.267574415,0.910799588,0.000349419,2.95416551321231e-11,0.972060131357013,0.0186902170715303,0.0081768477287306,5.31146146973383e-05,1.11633440340467e-06,0.0010127546939028,5.81816596352987e-06,4.21719912108302e-12,,970.5573888501121,0.9989578074075499,0.6877395940704214,0.9998591290017494,0.9999999999999999,2.954181343994833e-11
1389.883363,0.299700877,549.4927523,1489.194545,0.178451242,0.904454826,-7.267686382,0.91068762,0.00035013,2.95698916145189e-11,0.972048447658128,0.0186924481790918,0.0081849756612483,5.31806711820248e-05,1.11812796179735e-06,0.0010140019321262,5.82773647254594e-06,4.219342273085029e-12,,969.3512640140692,0.9989542875789186,0.6868509127638797,0.9998585515900492,0.9999999999999998,2.957012412707627e-11
1388.596613,0.299699863,548.810619,1489.19313,0.178442744,0.904446825,-7.267793903,0.9105801,0.000350812,2.95970474070609e-11,0.972037215641747,0.01869459086179,0.0081927928574574,5.32442111304622e-05,1.11984921599616e-06,0.0010151996116953,5.83693314519144e-06,4.2214012786564094e-12,,968.1958444958649,0.9989509077434716,0.6859982647939645,0.9998576015463795,1.0,2.959710254657466e-11
1387.309863,0.299698848,548.128864,1489.19289,0.178434251,0.904438805,-7.267901367,0.910472636,0.000351494,2.96242571618765e-11,0.972025964221981,0.0186967323596685,0.0082006242196934,5.33078693926498e-05,1.12158253329777e-06,0.0010164035419323,5.84617095115956e-06,4.22346012941507e-12,,967.0371731312042,0.9989475245748536,0.6851460896887037,0.9998574404082305,1.0,2.962430301067798e-11
1386.023114,0.299697833,547.4474895,1489.192059,0.178425755,0.904430793,-7.268008862,0.910365141,0.000352175,2.96515149709641e-11,0.97201469740518,0.0186988746600351,0.0082084697480912,5.33716514936725e-05,1.12331523160048e-06,0.0010176077686552,5.8554174364763e-06,4.22552052790659e-12,,965.8809500303106,0.9989441414062354,0.6842943901980368,0.9998568824673898,1.0000000000000002,2.965128143017637e-11
1384.736364,0.299696817,546.7664946,1489.191228,0.17841726,0.904422781,-7.26811636,0.910257643,0.000352857,2.96788229610911e-11,0.9720034137865,0.0187010171087408,0.0082163294948347,5.3435556070523e-05,1.12505155369627e-06,0.0010188142848939,5.86468350036547e-06,4.2275819148169e-12,,964.7252749898113,0.9989407549044462,0.6834431651969887,0.999856324526549,1.0000000000000004,2.967825984967476e-11
1383.449614,0.299695801,546.085879,1489.190395,0.178408765,0.904414768,-7.26822386,0.910150143,0.000353537,2.9706181263063797e-11,0.971992113317344,0.0187031597082384,0.008224203499334,5.34995834733072e-05,1.12679151041853e-06,0.0010200230969635,5.87396920082063e-06,4.22964429291515e-12,,963.570147832878,0.9989373684026569,0.6825924143105673,0.9998557652428907,1.0000000000000002,2.9705904402987926e-11
1382.214334,0.299694825,545.4328459,1489.189048,0.178400611,0.904407086,-7.268327053,0.91004695,0.000354191,2.97324933219711e-11,0.971981250982922,0.0187052165873035,0.0082317759940159,5.35611650896348e-05,1.1284611880109e-06,0.0010211838842926,5.88289122445434e-06,4.231624939291349e-12,,962.4634792750758,0.9989341152277099,0.6817761407948155,0.9998548608550296,1.0000000000000002,2.973221668867154e-11
1380.979055,0.299693848,544.7801598,1489.18879,0.178392456,0.904399381,-7.268430265,0.909943738,0.000354843,2.9758850889731394e-11,0.971970369053656,0.0187072738780645,0.00823936170116,5.36228615315921e-05,1.13014244528716e-06,0.0010223504761897,5.89185296061308e-06,4.2336067998327495e-12,,961.3538378628964,0.9989308587195918,0.6809603010195739,0.9998546876315195,1.0,2.9758751018960083e-11
1379.743775,0.29969287,544.1278239,1489.187986,0.178384302,0.904391687,-7.268533471,0.909840532,0.000355496,2.97852557753929e-11,0.971959473466157,0.0187093311655478,0.0082469606548517,5.36846715806939e-05,1.1318229733984e-06,0.0010235173626853,5.90082218348005e-06,4.2355894202125094e-12,,960.2464394015601,0.9989275988783025,0.680144898984755,0.9998541478187206,1.0000000000000002,2.97850633046437e-11
1378.508495,0.299691893,543.4758369,1489.18718,0.178376147,0.904383992,-7.268636679,0.909737324,0.000356148,2.9811707554644196e-11,0.971948562190078,0.0187113885841331,0.0082545728909638,5.37465960423781e-05,1.13350688690925e-06,0.0010246863881475,5.9098096987186e-06,4.2375729489754594e-12,,959.1395449399414,0.9989243423701843,0.6793299330653945,0.9998536066631037,0.9999999999999997,2.981204172414209e-11
1377.273215,0.299690914,542.8241987,1489.186373,0.178367993,0.904376297,-7.268739889,0.909634113,0.0003568,2.9838206331394896e-11,0.97193763517749,0.0187134461403149,0.0082621984449365,5.38086352441912e-05,1.13519419644604e-06,0.0010258575581779,5.91881556216666e-06,4.239557392483299e-12,,958.0331543987426,0.998921079195724,0.6785154031364948,0.999853064836078,0.9999999999999998,2.983846503212817e-11
1376.087347,0.299689974,542.1989551,1489.185091,0.178360166,0.904368919,-7.268838964,0.909535039,0.000357425,2.9863690149987295e-11,0.971927132300456,0.0187154213530572,0.0082695315397005,5.38683005197224e-05,1.13681337235224e-06,0.0010269821903785,5.92746841081593e-06,4.2414631401712996e-12,,956.9730959737353,0.998917946014935,0.6777338657357517,0.9998522040897992,1.0,2.986366709478716e-11
1374.901478,0.299689034,541.5740305,1489.184819,0.178352338,0.90436152,-7.268938058,0.909435944,0.000358051,2.9889216281892896e-11,0.97191661107607,0.0187173970043707,0.0082768769723883,5.39280732051492e-05,1.13844337891872e-06,0.0010281122380398,5.93615841467372e-06,4.24337006338731e-12,,955.9102958619352,0.9989148128341458,0.6769527270762844,0.9998520214665637,1.0,2.988909120205108e-11
1373.715609,0.299688093,540.9494279,1489.18404,0.178344511,0.904354131,-7.269037146,0.909336857,0.000358675,2.9914786714668003e-11,0.971906077131282,0.0187193726155512,0.0082842347754744,5.39879518896717e-05,1.14007269622826e-06,0.0010292425635677,5.94485537840529e-06,4.2452776551790894e-12,,954.8495623404405,0.9989116763201855,0.6761719909080111,0.9998514984389887,0.9999999999999997,2.9915070420827305e-11
1372.529741,0.299687152,540.3251461,1489.18326,0.178336684,0.904346741,-7.269136235,0.909237768,0.0003593,2.9940400933941196e-11,0.971895528540283,0.0187213483465522,0.0082916049806045,5.40479374141769e-05,1.14170517550065e-06,0.0010303748863555,5.95356942777402e-06,4.24718608546564e-12,,953.7892924121589,0.9989085398062253,0.6753916557309643,0.9998509747400046,1.0000000000000002,2.9940161461183834e-11
1371.343872,0.29968621,539.7011851,1489.182479,0.178328857,0.904339351,-7.269235326,0.909138677,0.000359924,2.9966059073009895e-11,0.971884965271744,0.0187233241910038,0.0082989876198744,5.41080300389223e-05,1.1433408238286e-06,0.0010315092116971,5.96230060278513e-06,4.24909534892862e-12,,952.7294857913615,0.998905399959094,0.6746117215451443,0.9998504503696116,0.9999999999999998,2.9966251702262525e-11
1370.205439,0.299685305,539.1024846,1489.181258,0.178321342,0.904332263,-7.269330478,0.909043524,0.000360523,2.99907306576466e-11,0.971874811786693,0.0187252216457189,0.0083060866710959,5.41658214036641e-05,1.14491058611603e-06,0.0010325984404125,5.97068984783913e-06,4.25092948907353e-12,,951.7139974376594,0.9989023834392916,0.6738633622934964,0.999849630579279,0.9999999999999996,2.999112069801413e-11
1369.067005,0.2996844,538.5040782,1489.180974,0.17831383,0.90432516,-7.269425586,0.908948417,0.000361122,3.00154461456572e-11,0.971864642489115,0.0187271181562286,0.0083131972599358,5.42237091991104e-05,1.14649018830552e-06,0.001033692748411,5.97911265431724e-06,4.25276349532872e-12,,950.6959556128219,0.9988993669194892,0.6731153706588053,0.9998494398991361,1.0000000000000004,3.001499049304357e-11
1367.928571,0.299683495,537.9059676,1489.18022,0.178306317,0.904318064,-7.269520718,0.908853284,0.00036172,3.00402007757019e-11,0.971854460663673,0.0187290153042702,0.0083203193845173,5.42816978658349e-05,1.14806928347412e-06,0.0010347873035698,5.98754252579167e-06,4.25459872967533e-12,,949.6798305559969,0.9988963503996869,0.6723677487660249,0.9998489336567847,1.0,3.004019255570256e-11
1366.790137,0.299682589,537.308152,1489.179464,0.178298804,0.904310967,-7.269615853,0.90875815,0.000362318,3.00649962725589e-11,0.97184426517164,0.0187309125616045,0.0083274530837044,5.43397862533615e-05,1.14965133044458e-06,0.0010358837227982,5.99598834785222e-06,4.2564347377440496e-12,,948.6641319537656,0.9988933305467134,0.6716204956151764,0.9998484260716157,1.0000000000000002,3.0064728484546777e-11
1365.651703,0.299681682,536.7106312,1489.178708,0.178291291,0.90430387,-7.269710989,0.908663014,0.000362916,3.0089832718805796e-11,0.971834055973768,0.0187328099339325,0.0083345983861963,5.43979746284302e-05,1.15123633792878e-06,0.0010369820106228,6.00445016616057e-06,4.25827152509496e-12,,947.6488597545252,0.9988903073605689,0.6708736109562659,0.9998479184864465,1.0000000000000004,3.008959748029838e-11
1364.558807,0.299680812,536.1372896,1489.177545,0.178284079,0.904297065,-7.269802311,0.908571691,0.000363489,3.01137150590939e-11,0.971824243912938,0.0187346313243856,0.0083414688210909,5.4453929116332e-05,1.15275737580728e-06,0.0010380366409598,6.01257976013671e-06,4.26003537599685e-12,,946.6759614703491,0.9988874075017534,0.670156949636099,0.9998471376378332,1.0000000000000002,3.011346727532782e-11
1363.46591,0.299679941,535.5642176,1489.177251,0.178276866,0.904290242,-7.269893655,0.908480348,0.000364063,3.0137633961778695e-11,0.97181441580047,0.0187364531792069,0.0083483499997325,5.45099774235017e-05,1.15428787251383e-06,0.0010390959790737,6.02074182124206e-06,4.2618003137882894e-12,,945.7007312707854,0.9988845043097668,0.6694406253085589,0.9998469402436008,0.9999999999999999,3.013778115956711e-11
1362.373014,0.299679069,534.991418,1489.176521,0.178269654,0.904283428,-7.269984991,0.908389012,0.000364636,3.0161591572223996e-11,0.971804576649189,0.0187382749563938,0.0083552419510781,5.45661179369128e-05,1.15581775876042e-06,0.001040155563312,6.02890990575777e-06,4.26356578282997e-12,,944.7272558833463,0.9988815977846092,0.6687246414735691,0.9998464501150645,0.9999999999999993,3.0162206066108865e-11
1361.280117,0.299678197,534.4188897,1489.17579,0.178262443,0.904276612,-7.270076328,0.908297675,0.000365209,3.01855873278622e-11,0.971794724757212,0.0187400968269521,0.0083621447000019,5.46223514656512e-05,1.15735039803289e-06,0.0010412168866508,6.03709286885051e-06,4.26533196004067e-12,,943.7541727049922,0.9988786912594514,0.66800899675616,0.9998459593151191,1.0000000000000002,3.018529870502107e-11
1360.187221,0.299677325,533.8466325,1489.175058,0.178255231,0.904269797,-7.270167666,0.908206336,0.000365781,3.02096212964724e-11,0.97178486008735,0.0187419187979721,0.0083690582722759,5.46786782552078e-05,1.15888579856931e-06,0.0010422799531186,6.04529075325655e-06,4.26709885219828e-12,,942.7814817266254,0.9988757847342938,0.6672936909063367,0.9998454678437648,1.0000000000000002,3.0209390544655434e-11
1358.875745,0.299676277,533.1602818,1489.174177,0.178246577,0.904261618,-7.270277275,0.908096728,0.000366468,3.0238512595120595e-11,0.971773005564269,0.0187441053059675,0.0083773688822394,5.47463938543285e-05,1.16073193522362e-06,0.0010435579392567,6.05514796982508e-06,4.26922007623766e-12,,941.6147704641704,0.998872291571031,0.6664357713017597,0.9998448763324765,0.9999999999999997,3.0238811454808e-11
1357.564269,0.299675229,532.4743212,1489.173295,0.178237924,0.904253438,-7.270386886,0.907987117,0.000367154,3.0267459249456595e-11,0.971761132555758,0.0187462919466914,0.0083856951604445,5.48142444319873e-05,1.16258206778682e-06,0.0010448384492865,6.0650267811891e-06,4.2713423200878594e-12,,940.4486231171636,0.9988687984077681,0.6655783393115142,0.9998442841497792,1.0000000000000002,3.026712214193594e-11
1356.252793,0.29967418,531.7887506,1489.172411,0.178229271,0.904245257,-7.270496499,0.907877504,0.00036784,3.0296461381044595e-11,0.971749240998077,0.0187484787315285,0.0083940371519178,5.48822304141633e-05,1.16443620991486e-06,0.0010461214900226,6.07492725977567e-06,4.2734655946869194e-12,,939.2830398724647,0.9988653019113343,0.6647213948106029,0.9998436906242639,0.9999999999999997,3.0296765096693434e-11
1354.941318,0.299673131,531.1035697,1489.171526,0.178220618,0.904237076,-7.270606115,0.907767888,0.000368526,3.03255191707351e-11,0.971737330844311,0.0187506656540111,0.0084023949021428,5.49503521770805e-05,1.16629437216707e-06,0.0010474070689207,6.08484946439016e-06,4.27558989477065e-12,,938.118020385354,0.9988618054149002,0.6638649374240341,0.9998430964273398,1.0000000000000004,3.032518680612384e-11
1353.629842,0.299672081,530.4187784,1489.170638,0.178211965,0.904228894,-7.270715732,0.90765827,0.000369211,3.03546327472594e-11,0.971725402031857,0.0187528527236839,0.0084107684565178,5.50186101445603e-05,1.16815656845533e-06,0.0010486951931283,6.09479346781194e-06,4.2777152296161e-12,,936.9535645929574,0.9988583055852953,0.6630089670268103,0.9998425002161887,1.0000000000000002,3.035449669397394e-11
1352.370825,0.299671072,529.7617459,1489.1692,0.178203657,0.904221048,-7.270820992,0.907553011,0.000369868,3.03826327379967e-11,0.971713934286793,0.0187549529957054,0.0084188219690465,5.50842677536806e-05,1.16994366511781e-06,0.0010499321534595,6.10434891418662e-06,4.2797569932110094e-12,,935.838041099782,0.9988549424157035,0.662187694370435,0.999841534730113,0.9999999999999999,3.038269635879942e-11
1351.111808,0.299670063,529.1050704,1489.16893,0.178195353,0.904213183,-7.270926205,0.907447798,0.000370526,3.04106878620724e-11,0.971702446233914,0.0187570522867611,0.0084268901511531,5.51500486424626e-05,1.17174333283226e-06,0.0010511755542249,6.11394727897441e-06,4.2817987542474794e-12,,934.7193883005892,0.9988515792461117,0.6613668679542961,0.9998413534496955,0.9999999999999997,3.041100704592736e-11
1349.852792,0.299669053,528.4487542,1489.168073,0.178187047,0.904205326,-7.271031444,0.907342559,0.000371182,3.0438793172643e-11,0.971690942363718,0.0187591522555142,0.0084349730112916,5.521595756846e-05,1.17354233144651e-06,0.0010524192803148,6.12355453885587e-06,4.28384193443181e-12,,933.6030783239673,0.9988482127433489,0.660546490653331,0.9998407780522219,0.9999999999999999,3.0438873643845454e-11
1348.593775,0.299668043,527.7927963,1489.167215,0.178178741,0.904197469,-7.271136685,0.907237317,0.000371839,3.0466950470266295e-11,0.971679421103769,0.0187612523611863,0.0084430706009621,5.52819934551347e-05,1.17534509120344e-06,0.0010536653786605,6.13318212282264e-06,4.28588607160964e-12,,932.4872870443686,0.998844846240586,0.6597265612175671,0.9998402019833394,1.0,3.046696228636847e-11
1347.334758,0.299667032,527.1371966,1489.166355,0.178170435,0.904189612,-7.271241929,0.907132074,0.000372495,3.04951599156892e-11,0.971667882410744,0.018763352598817,0.0084511829613128,5.5348156645526e-05,1.17715162184169e-06,0.001054913855991,6.14283008484666e-06,4.28793116181525e-12,,931.3720141707578,0.998841476404652,0.6589070795220072,0.9998396245716392,1.0,3.049516195119395e-11
1346.126102,0.29966606,526.5081584,1489.164986,0.17816246,0.904182076,-7.271342988,0.907031015,0.000373124,3.05222886125638e-11,0.971656790238251,0.0187653694598448,0.008458984751929,5.54117947655368e-05,1.17888531876848e-06,0.0010561127343503,6.15210072821442e-06,4.28989578197928e-12,,930.3035220036875,0.9988382365623892,0.6581207989750392,0.9998387054127813,0.9999999999999997,3.052258445990219e-11
1344.917446,0.299665089,525.8794484,1489.1647,0.178154489,0.904174523,-7.271444003,0.90693,0.000373753,3.0549468794893094e-11,0.971645679083982,0.018767385415294,0.0084668002496231,5.54755481157212e-05,1.18063076893445e-06,0.0010573176258731,6.16141150197082e-06,4.29186039971364e-12,,929.2321424829773,0.9988350000532973,0.6573349286690957,0.9998385133898205,1.0000000000000002,3.0549229812493195e-11
1343.70879,0.299664117,525.2510688,1489.16387,0.178146517,0.904166978,-7.271545043,0.90682896,0.000374382,3.05766958820003e-11,0.971634553157474,0.0187694019951215,0.0084746294615692,5.55394210973055e-05,1.18237559197823e-06,0.0010585228236931,6.17073058234656e-06,4.29382632822387e-12,,928.162922391095,0.9988317602110345,0.6565494713541162,0.9998379561203888,0.9999999999999999,3.05767633435039e-11
1342.500134,0.299663144,524.6230186,1489.163038,0.178138544,0.904159433,-7.271646085,0.906727918,0.000375011,3.06039715597507e-11,0.971623410993993,0.0187714186934705,0.0084824724344216,5.56034126825442e-05,1.18412392846761e-06,0.001059730237953,6.18006865060085e-06,4.29579313417918e-12,,927.0941792816324,0.9988285170356005,0.6557644257801284,0.999837397508139,0.9999999999999994,3.060451891911953e-11
1341.291478,0.29966217,523.9952977,1489.162205,0.178130572,0.904151886,-7.271747128,0.906626875,0.000375639,3.0631295982035996e-11,0.971612252557118,0.0187734355031722,0.008490329205296,5.56675231725078e-05,1.1858757865978e-06,0.0010609398747726,6.18942575295255e-06,4.29776081152496e-12,,926.0259128507569,0.9988252705269955,0.6549797918221348,0.9998368382244806,1.0,3.0631275294012994e-11
1340.131168,0.299661235,523.3929959,1489.160901,0.178122917,0.904144649,-7.271844157,0.906529846,0.000376242,3.0657571616787897e-11,0.971601526336405,0.0187753723173319,0.0084978847103542,5.57291829661871e-05,1.18755705435426e-06,0.0010621014442467,6.19841668384104e-06,4.29965109899469e-12,,925.0023786366452,0.9988221540120616,0.6542269310439757,0.9998359627072047,0.9999999999999993,3.0658253713511385e-11
1338.970858,0.2996603,522.790996,1489.160602,0.178115265,0.904137396,-7.271941138,0.906432865,0.000376844,3.0683895874035196e-11,0.971590782546855,0.0187773081254319,0.0085054530195665,5.57909499151039e-05,1.18924926933984e-06,0.0010632686290061,6.2074449701879e-06,4.30154122888551e-12,,923.9761774331179,0.9988190374971276,0.6534744476325602,0.9998357619559274,0.9999999999999996,3.0684343954590076e-11
1337.810548,0.299659364,522.1892999,1489.159798,0.178107613,0.90413015,-7.272038145,0.906335857,0.000377446,3.07102636643268e-11,0.971580024885429,0.0187792445937243,0.0085130341349126,5.58528288346491e-05,1.19094091474251e-06,0.0010644361000867,6.2164810840433e-06,4.3034326468740795e-12,,922.951968117026,0.9988159176490227,0.6527223439628365,0.9998352221431285,0.9999999999999997,3.071054521797123e-11
1336.650238,0.299658428,521.5879066,1489.158993,0.17809996,0.904122904,-7.272135154,0.906238848,0.000378048,3.07366768463566e-11,0.971569252069919,0.0187811811647736,0.0085206280999934,5.59148184986182e-05,1.19263584070445e-06,0.0010656056410035,6.22553492909324e-06,4.30532486979829e-12,,921.9281974677605,0.9988127978009176,0.6519706187848316,0.9998346816589206,1.0,3.073663545904992e-11
1335.489929,0.29965749,520.9868162,1489.158186,0.178092307,0.904115657,-7.272232165,0.906141837,0.00037865,3.0763135521086594e-11,0.971558464056609,0.0187831178434249,0.0085282349480443,5.59769192110602e-05,1.19433405697978e-06,0.0010667772570264,6.23460655681582e-06,4.3072179025133494e-12,,920.9048654099175,0.9988096712864707,0.651219272223543,0.9998341398318948,0.9999999999999999,3.0763280811640925e-11
1334.376031,0.29965659,520.4100547,1489.156944,0.17808496,0.904108707,-7.272325317,0.906048686,0.000379227,3.07885773984906e-11,0.971548094467191,0.0187849775946547,0.008535549665179,5.6036641821455e-05,1.19596384404527e-06,0.0010679023093951,6.24332281746591e-06,4.30903635363981e-12,,919.924310079384,0.9988066714325234,0.6504983361219041,0.9998333059419742,1.0000000000000004,3.078814980739253e-11
1333.262134,0.29965569,519.8335707,1489.156633,0.178077615,0.904101742,-7.272418432,0.905955571,0.000379804,3.0814064098039096e-11,0.971537708315002,0.0187868365783461,0.0085428763322359,5.60964649667174e-05,1.19760389005375e-06,0.0010690325963203,6.25207411356243e-06,4.31085480633689e-12,,918.9412968709371,0.9988036715785763,0.6497777468876759,0.9998330971337895,0.9999999999999996,3.0814462093076145e-11
1332.148236,0.299654789,519.2573661,1489.155855,0.178070269,0.904094783,-7.272511567,0.905862435,0.000380381,3.08395917364354e-11,0.97152730930438,0.018788696083391,0.0085502149544391,5.615639237389e-05,1.19924338430083e-06,0.0010701631542438,6.26083263564295e-06,4.3126743690631496e-12,,917.960118167843,0.9988006683914581,0.6490575068958067,0.9998325747776233,0.9999999999999999,3.0839664155735136e-11
1331.034339,0.299653887,518.68144,1489.155075,0.178062924,0.904087824,-7.272604705,0.905769298,0.000380957,3.08651617033622e-11,0.971516896140988,0.0187905556935139,0.0085575655696329,5.62164231861976e-05,1.20088594365399e-06,0.0010712956438338,6.26960772181529e-06,4.3144946850584e-12,,916.979343204135,0.998797661871169,0.6483376150213209,0.9998320510786393,1.0,3.0865199285301514e-11
1329.920441,0.299652985,518.1057924,1489.154294,0.178055578,0.904080865,-7.272697844,0.905676159,0.000381533,3.08907741356637e-11,0.971506468798811,0.0187924153992939,0.0085649282079446,5.62765576368217e-05,1.20253157397463e-06,0.0010724300701257,6.2783994062865e-06,4.3163157460919e-12,,915.9989716783979,0.9987946553508797,0.6476180712642189,0.9998315267082463,0.9999999999999993,3.089140054868267e-11
1328.8511,0.299652119,517.5534331,1489.153111,0.178048525,0.904074191,-7.272787276,0.905586727,0.000382086,3.0915400904720596e-11,0.971496446347931,0.0187942011989321,0.0085720076725719,5.63343855139775e-05,1.20411090791516e-06,0.0010735194025038,6.28684640528512e-06,4.31806500324493e-12,,915.059513931504,0.9987917688247484,0.6469276372452247,0.9998307324314539,0.9999999999999993,3.0916047499829347e-11
1327.781758,0.299651252,517.001329,1489.152791,0.178041475,0.904067502,-7.272876675,0.905497327,0.000382639,3.09400694318463e-11,0.97148640842656,0.0187959863026196,0.0085790982869644,5.63923072606281e-05,1.2056998217361e-06,0.001074613615388,6.29532612545787e-06,4.31981427326186e-12,,914.117788719751,0.998788878965446,0.6462375222192515,0.9998305175805886,0.9999999999999996,3.09404724063711e-11
1326.712417,0.299650385,516.4494818,1489.152038,0.178034424,0.90406082,-7.272966093,0.905407909,0.000383191,3.09647761676804e-11,0.971476358513433,0.0187977718857447,0.0085862000556547,5.64503262832197e-05,1.20728821913092e-06,0.0010757080827952,6.30381258343737e-06,4.3215645674689796e-12,,913.1777544533261,0.9987859891061437,0.6455477283112523,0.9998300120096464,0.9999999999999998,3.0965008335215316e-11
1325.643075,0.299649517,515.8978907,1489.151283,0.178027373,0.904054137,-7.273055513,0.90531849,0.000383743,3.0989522416256597e-11,0.97146629540561,0.0187995575579691,0.0085933130129039,5.65084417620773e-05,1.20887947525969e-06,0.0010768043524742,6.31231449247009e-06,4.3233155505485795e-12,,912.2380915107389,0.9987830959136701,0.6448582545212493,0.9998295050958862,0.9999999999999999,3.0989655286361995e-11
1324.573734,0.299648649,515.3465558,1489.150527,0.178020322,0.904047454,-7.273144934,0.905229069,0.000384295,3.1014308268867494e-11,0.97145621907052,0.0188013433203139,0.0086004371856525,5.65666539348174e-05,1.21047359740888e-06,0.0010779024287498,6.3208318916905e-06,4.3250672237823e-12,,911.2987997855607,0.9987802027211967,0.6441691009742398,0.9998289975107171,0.9999999999999996,3.101474632671852e-11
1323.290524,0.299647607,514.6852917,1489.149618,0.178011861,0.904039433,-7.273252241,0.905121761,0.000384957,3.10441037175552e-11,0.971444109968187,0.018803486349804,0.008609001035564,5.66366364967835e-05,1.21239033564812e-06,0.0010792225109747,6.33107326654708e-06,4.32717013922461e-12,,910.1721396839713,0.9987767295569602,0.6433425389335907,0.9998283871999779,0.9999999999999999,3.104416723687109e-11
1322.007314,0.299646564,514.024396,1489.148708,0.1780034,0.904031412,-7.273359551,0.905014452,0.000385618,3.1073956506852295e-11,0.971431981720402,0.0188056295063407,0.0086175811216801,5.6706759036939e-05,1.21431122343358e-06,0.0010805452088459,6.34133706801987e-06,4.32927404708397e-12,,909.0460134886324,0.9987732530595527,0.6425164373828666,0.9998277762178299,1.0000000000000002,3.1073588147023656e-11
1320.724104,0.29964552,513.3638685,1489.147795,0.17799494,0.904023391,-7.273466863,0.90490714,0.00038628,3.1103866823494996e-11,0.971419834278358,0.018807772783604,0.0086261774911838,5.67770219462372e-05,1.21623627119734e-06,0.0010818705298455,6.35162335577659e-06,4.33137894215634e-12,,907.9204210875639,0.998769773228974,0.6416907960720727,0.9998271632214552,1.0,3.110389723559592e-11
1319.440894,0.299644476,512.7037091,1489.146881,0.177986479,0.904015369,-7.273574177,0.904799826,0.000386941,3.1133834783080005e-11,0.971407667572208,0.0188099161965738,0.0086347901910938,5.68474256804503e-05,1.21816549455125e-06,0.0010831984812714,6.36193221021641e-06,4.333484838789639e-12,,906.795362520119,0.9987662933983953,0.6408656148762121,0.9998265495536711,0.9999999999999997,3.113420632416819e-11
1318.157684,0.299643431,512.0439176,1489.145966,0.177978019,0.904007346,-7.273681493,0.90469251,0.000387601,3.11638605954815e-11,0.97139548155875,0.018812059732436,0.0086434192690602,5.6917970614444e-05,1.22009890318029e-06,0.0010845290710497,6.37226368716712e-06,4.335591725821299e-12,,905.6708373569186,0.9987628102346457,0.6400408935452901,0.9998259352144784,1.0000000000000002,3.1163627234320757e-11
1316.925803,0.299642427,511.4108645,1489.144503,0.177969896,0.903999652,-7.273784543,0.90458946,0.000388235,3.11927382522773e-11,0.971383766348642,0.0188141181876752,0.0086517186265238,5.69858284689483e-05,1.22195433357764e-06,0.0010858068273976,6.38219142892122e-06,4.33761574122544e-12,,904.5935488235849,0.9987594637309091,0.6392495944831224,0.9998249529431789,1.0000000000000002,3.119238201065855e-11
1315.693922,0.299641423,510.7781483,1489.144202,0.177961777,0.90399194,-7.273887546,0.904486457,0.000388868,3.12216729531763e-11,0.971372030089207,0.0188161756624513,0.0086600331844063,5.70538142086824e-05,1.22382282513563e-06,0.0010870912275572,6.39216378335958e-06,4.33963972435101e-12,,903.51324338329,0.9987561172271726,0.6384587165367409,0.9998247508490837,1.0000000000000004,3.12212478092988e-11
1314.46204,0.299640417,510.1457716,1489.143318,0.177953656,0.903984236,-7.273990576,0.904383427,0.000389501,3.1250659726536295e-11,0.97136027746717,0.0188182337928423,0.0086683629549289,5.71219326815933e-05,1.22569061580487e-06,0.0010883759808252,6.40214534405002e-06,4.34166509075514e-12,,902.4351829635985,0.9987527640570939,0.6376682629560748,0.9998241573235684,1.0000000000000002,3.1250446674846444e-11
1313.230159,0.299639412,509.5137332,1489.142432,0.177945535,0.903976532,-7.274093608,0.904280395,0.000390134,3.12797003605126e-11,0.971348506834181,0.0188202920537366,0.0086767079904662,5.71901828262832e-05,1.22756231226216e-06,0.0010896631928419,6.41214801201706e-06,4.34369138792473e-12,,901.3576136561804,0.9987494142201863,0.6368782322411568,0.9998235624552354,0.9999999999999993,3.128031167420886e-11
1311.998277,0.299638406,508.882033,1489.141545,0.177937414,0.903968827,-7.274196642,0.904177361,0.000390766,3.13087950896357e-11,0.971336718164186,0.0188223504202382,0.0086850683341916,5.72585649406759e-05,1.22943792032978e-06,0.0010909528710434,6.42217182549369e-06,4.3457185934929896e-12,,900.2805348561479,0.9987460610501077,0.6360886242669896,0.9998229669154932,1.0000000000000002,3.13086223613368e-11
1310.815671,0.299637439,508.2759197,1489.140151,0.177929617,0.903961439,-7.274295574,0.904078429,0.000391373,3.1336775765472e-11,0.971325385584782,0.0188243269711996,0.0086931086981149,5.73243374088451e-05,1.23123788348814e-06,0.0010921913314228,6.43180350370466e-06,4.3476659249475e-12,,899.2486169506088,0.9987428378737,0.6353309992180681,0.9998220309714116,0.9999999999999998,3.1337044070767206e-11
1309.633065,0.299636472,507.6701161,1489.139836,0.177921823,0.903954033,-7.274394472,0.903979531,0.00039198,3.13648090971953e-11,0.971314033153407,0.0188263027991485,0.0087011632631735,5.73902299651489e-05,1.2330500984215e-06,0.0010934359914298,6.4414770633258e-06,4.34961339423208e-12,,898.2139181286225,0.9987396146972923,0.6345737612856768,0.9998218194775911,1.0000000000000002,3.136457760177791e-11
1308.450459,0.299635504,507.0646246,1489.138979,0.177914028,0.903946634,-7.27449339,0.903880612,0.000392586,3.13928913901237e-11,0.971302665522049,0.0188282791452034,0.0087092320443532,5.74562462914195e-05,1.23486163769926e-06,0.001094680985578,6.45115914268696e-06,4.35156206206253e-12,,897.1812873690387,0.9987363881877137,0.6338169134697502,0.9998212440801176,0.9999999999999998,3.1393110333510776e-11
1307.267852,0.299634536,506.4594443,1489.138121,0.177906233,0.903939236,-7.27459231,0.903781693,0.000393192,3.14210240837508e-11,0.971291281088099,0.0188302555873598,0.0087173150879562,5.75223855807437e-05,1.23667682211535e-06,0.0010959282774799,6.4608609274812e-06,4.35351156785916e-12,,896.1491079684153,0.9987331616781351,0.6330604546453128,0.9998206680112351,0.9999999999999999,3.142108795373133e-11
1306.085246,0.299633567,505.8545748,1489.137261,0.177898438,0.903931836,-7.274691232,0.903682771,0.000393797,3.1449207246353495e-11,0.971279879787332,0.0188322321453638,0.0087254124321976,5.75886482278631e-05,1.23849566608603e-06,0.001097177872918,6.47058249027593e-06,4.35546193028825e-12,,895.1173800898739,0.9987299318353853,0.6323043843123757,0.9998200905995349,1.0000000000000002,3.144884352934696e-11
1304.949944,0.299632636,505.2741933,1489.135933,0.177890954,0.903924741,-7.274786219,0.903587784,0.000394378,3.1476309299842696e-11,0.971268920033578,0.0188341301931059,0.0087331993645482,5.76523779563258e-05,1.2402411917652e-06,0.0010983778302937,6.47992349222499e-06,4.35733546765288e-12,,894.1288378662344,0.9987268286531356,0.6315789233097369,0.9998191989684441,0.9999999999999996,3.147671012726505e-11
1303.814642,0.299631705,504.6940967,1489.135606,0.177883473,0.903917628,-7.274881168,0.903492835,0.000394959,3.1503461068384794e-11,0.971257941892875,0.0188360274094049,0.0087409995633656,5.77162193848088e-05,1.24199813091452e-06,0.0010995835774891,6.48930348667728e-06,4.35920898125231e-12,,893.137726747803,0.998723725470886,0.6308538184243067,0.9998189794177161,0.9999999999999996,3.150391059136837e-11
1302.67934,0.299630773,504.1142871,1489.134776,0.17787599,0.903910524,-7.274976138,0.903397865,0.00039554,3.15306582946574e-11,0.971246949481802,0.0188379251847912,0.0087488130378885,5.77801766565177e-05,1.24375445514157e-06,0.0011007896370069,6.49869150834259e-06,4.36108367720695e-12,,892.1485234061032,0.9987206189554652,0.6301290722810277,0.9998184221482845,1.0000000000000004,3.1530333899354446e-11
1301.544038,0.299629841,503.5347635,1489.133944,0.177868508,0.903903418,-7.27507111,0.903302893,0.00039612,3.1557902584274996e-11,0.971235941381151,0.0188398230485226,0.0087566398312303,5.78442487695898e-05,1.24551418444458e-06,0.0011019978422838,6.50809793781751e-06,4.36295914737197e-12,,891.1597352872352,0.9987175124400443,0.6294046836299269,0.9998178635360347,1.0000000000000004,3.15574233411553e-11
1300.408736,0.299628908,502.9555258,1489.133112,0.177861026,0.903896313,-7.275166083,0.90320792,0.0003967,3.1585194027778595e-11,0.971224917541379,0.0188417210097957,0.0087644799779457,5.79084360538488e-05,1.24727732994368e-06,0.0011032081987134,6.51752283270906e-06,4.36483540065937e-12,,890.1713623967124,0.9987144025914525,0.6286806523460073,0.9998173049237852,1.0000000000000002,3.158484584986354e-11
1299.318847,0.299628012,502.3997273,1489.131847,0.177853842,0.903889499,-7.275257275,0.903116728,0.000397257,3.1611437228615697e-11,0.971214321188306,0.018843543487305,0.0087720191076724,5.79701654122448e-05,1.24896940529622e-06,0.0011043704675078,6.5265784130028e-06,4.36663763397341e-12,,889.2242899035759,0.9987114160701895,0.627985919421069,0.9998164555914586,0.9999999999999999,3.161160222475701e-11
1298.228957,0.299627116,501.8441907,1489.131509,0.177846661,0.903882668,-7.275348438,0.903025565,0.000397813,3.1637726279408595e-11,0.971203707513614,0.0188453653542453,0.0087795706197232,5.80319995545732e-05,1.25067217595624e-06,0.00110553813412,6.53567056110274e-06,4.36843999028875e-12,,888.274849597334,0.9987084295489267,0.6272915138639682,0.9998162286552321,1.0000000000000002,3.1637581443533236e-11
1297.139067,0.299626218,501.2889179,1489.130705,0.177839478,0.903875846,-7.275439617,0.902934385,0.000398369,3.16640580382627e-11,0.971193080596771,0.0188471876593808,0.0087871345258922,5.80939416045585e-05,1.25237435396132e-06,0.0011067060958347,6.54477012802431e-06,4.3702433674552195e-12,,887.3271666688103,0.9987054363613216,0.626597438049653,0.9998156888424332,0.9999999999999997,3.16643378184267e-11
1296.049177,0.299625321,500.7339083,1489.1299,0.177832296,0.903869022,-7.275530799,0.902843204,0.000398925,3.1690433722156696e-11,0.971182439036148,0.0188490100460967,0.008794710863827,5.81559908605901e-05,1.2540797113231e-06,0.0011078760604115,6.5538868825305e-06,4.37204746020076e-12,,886.3798657536078,0.9987024465068877,0.6259036912281396,0.9998151483582253,1.0,3.169031703720293e-11
1294.959287,0.299624423,500.1791616,1489.129094,0.177825114,0.903862199,-7.275621982,0.902752021,0.00039948,3.17168534153344e-11,0.971171782787976,0.0188508325218232,0.0088022996646373,5.82181476170541e-05,1.25578825787461e-06,0.0011090480327215,6.56302087573814e-06,4.37385227577545e-12,,885.4329468442386,0.9986994533192826,0.6252102730244365,0.9998146072026084,0.9999999999999993,3.171751750130625e-11
1293.912993,0.299623561,499.6468531,1489.127888,0.177818221,0.903855657,-7.275709502,0.902664501,0.000400013,3.1742259065589694e-11,0.971161540850343,0.0188525818515313,0.0088095966724682,5.82779183881036e-05,1.25742781041719e-06,0.0011101734472619,6.57179607935514e-06,4.37558525108586e-12,,884.5255214800459,0.9986965801258355,0.6245449019570901,0.99981379748341,1.0,3.1742164452452926e-11
1292.866699,0.299622697,499.1147847,1489.127542,0.177811325,0.903849096,-7.275797057,0.902576946,0.000400546,3.1767703071782096e-11,0.971151281505949,0.0188543319027652,0.0088169052133542,5.83377908678184e-05,1.25907763254222e-06,0.0011113038666774,6.58060660911125e-06,4.3773195289968696e-12,,883.6159325089451,0.9986937002660463,0.6238798310081773,0.999813565175912,1.0000000000000002,3.176758855971684e-11
1291.820404,0.299621834,498.5829594,1489.126764,0.177804431,0.903842544,-7.275884597,0.902489406,0.000401079,3.17931891694324e-11,0.97114101043822,0.0188560817062838,0.0088242253295021,5.83977620545128e-05,1.26072675596639e-06,0.0011124345775536,6.58942345737881e-06,4.3790541469663195e-12,,882.7079528132123,0.9986908237394281,0.6232150639276164,0.9998130428197459,0.9999999999999997,3.179356777849307e-11
1290.77411,0.29962097,498.0513761,1489.125985,0.177797537,0.903835992,-7.275972139,0.902401864,0.000401611,3.1818716211217495e-11,0.97113072569966,0.018857831594812,0.0088315570439812,5.84578333027846e-05,1.26237884873935e-06,0.0011135671568407,6.59825635524838e-06,4.38078943522065e-12,,881.8003247601505,0.9986879438796389,0.6225505993404371,0.9998125197921708,1.0000000000000004,3.181832575194221e-11
1289.727816,0.299620106,497.5200346,1489.125205,0.177790643,0.903829439,-7.276059682,0.902314321,0.000402143,3.18442843381178e-11,0.971120427269263,0.0188595815560245,0.0088389003850805,5.85180048195682e-05,1.26403391548678e-06,0.0011147016093391,6.60710533114687e-06,4.3825253826905494e-12,,880.8930480335073,0.9986850640198497,0.6218864369966449,0.9998119960931868,1.0000000000000002,3.1844082926113515e-11
1288.472263,0.299619068,496.8827439,1489.124266,0.17778237,0.903821575,-7.276164735,0.902209268,0.000402781,3.1875020441503695e-11,0.971108051027537,0.0188616816114217,0.0088477277811191,5.85903433578045e-05,1.26602393239433e-06,0.0011160654309864,6.61774538552742e-06,4.38460939584646e-12,,879.804779849903,0.9986816041882973,0.6210898410503677,0.9998113656401791,0.9999999999999994,3.187561326001287e-11
1287.216709,0.299618029,496.2458012,1489.123326,0.177774098,0.90381371,-7.276269791,0.902104212,0.000403419,3.1905816012019695e-11,0.971095654961832,0.018863781774266,0.0088565720088931,5.86628270697641e-05,1.26801825647083e-06,0.001117431964667,6.62840872315504e-06,4.3866943619291394e-12,,878.7170170599384,0.998678141023574,0.6202936800945733,0.9998107345157624,1.0,3.1905811326282674e-11
1285.961156,0.29961699,495.6092063,1489.122384,0.177765825,0.903805845,-7.276374848,0.901999154,0.000404057,3.19366712061208e-11,0.971083239010501,0.0188658820491516,0.0088654331173747,5.87354563964472e-05,1.27001690103193e-06,0.001118801217933,6.63909541634269e-06,4.38878028577616e-12,,877.6297597418712,0.9986746778588507,0.6194979538792671,0.9998101020485279,0.9999999999999994,3.1937230637879566e-11
1284.705603,0.29961595,494.972959,1489.121441,0.177757553,0.90379798,-7.276479908,0.901894095,0.000404694,3.1967586210838e-11,0.971070803119796,0.0188679824319878,0.0088743111558807,5.88082317540421e-05,1.27201987807899e-06,0.0011201731988138,6.64980553111591e-06,4.39086716418914e-12,,876.5430076314315,0.9986712113609563,0.6187026621544548,0.9998094689098843,0.9999999999999999,3.1967650748754295e-11
1283.45005,0.299614909,494.3370591,1489.120495,0.177749282,0.903790113,-7.27658497,0.901789032,0.000405331,3.1998561196499794e-11,0.971058347230881,0.0188700829237251,0.0088832061738308,5.88811535757974e-05,1.27402720078901e-06,0.0011215479152565,6.66053913845149e-06,4.39295499863817e-12,,875.4567605474899,0.9986677415298906,0.6179078046701416,0.9998088337570139,0.9999999999999998,3.19987369934438e-11
1282.244719,0.299613909,493.7269229,1489.119007,0.17774134,0.903782571,-7.276685847,0.901688156,0.000405942,3.20283526782223e-11,0.971046372530248,0.0188720998566401,0.0088917614050038,5.89512976858165e-05,1.27595351696815e-06,0.0011228680673887,6.6708530936243e-06,4.39496052250951e-12,,874.4161230977418,0.9986644083588384,0.6171451511062389,0.9998078347004906,1.0000000000000002,3.2028157903596366e-11
1281.039388,0.299612909,493.1171048,1489.118675,0.1777334,0.903775008,-7.276786695,0.901587308,0.000406553,3.20582019586485e-11,0.971034375655316,0.0188741161696096,0.0089003323871026,5.90215756151465e-05,1.27789348925775e-06,0.0011241950686377,6.68121377405497e-06,4.39696631966084e-12,,873.3725809980333,0.9986610751877859,0.6163828951586369,0.9998076117927178,0.9999999999999994,3.205868903677356e-11
1279.834057,0.299611908,492.5076073,1489.117762,0.17772546,0.903767455,-7.276887561,0.901486442,0.000407163,3.20881058914646e-11,0.97102236201394,0.0188761329414649,0.0089089191451247,5.9091990659867e-05,1.27983268742337e-06,0.0011255224558162,6.69158381999222e-06,4.39897330241913e-12,,872.3311886665318,0.9986577386835626,0.6156210399522669,0.999806998796343,1.0000000000000002,3.208799892462366e-11
1278.628726,0.299610907,491.8984295,1489.116847,0.17771752,0.903759901,-7.276988428,0.901385575,0.000407773,3.2118065735947996e-11,0.971010329734944,0.0188781498117912,0.0089175217299098,5.91625422338096e-05,1.28177593693289e-06,0.0011268523928975,6.70197576795766e-06,4.4009811666308895e-12,,871.2902610331411,0.9986544021793391,0.6148595843621538,0.9998063844571502,1.0000000000000002,3.2117752901683616e-11
1277.423395,0.299609905,491.2895711,1489.115931,0.17770958,0.903752347,-7.277089297,0.901284706,0.000408383,3.21480816714485e-11,0.970998278772445,0.018880166774008,0.0089261401861532,5.9233230704793e-05,1.28372324799245e-06,0.0011281848872151,6.71238967497867e-06,4.40298990671543e-12,,870.2497978171447,0.9986510623419448,0.6140985280133056,0.9998057694465485,1.0000000000000002,3.2147728923348495e-11
1276.266277,0.299608942,490.7053686,1489.114512,0.17770196,0.903745106,-7.277186115,0.901187888,0.000408968,3.21769512604366e-11,0.970986694589715,0.0188821027869021,0.0089344288832046,5.93012195620569e-05,1.28559184143829e-06,0.0011294644967649,6.72239542811709e-06,4.40491876166321e-12,,869.2529329547443,0.9986478524982213,0.6133682908651642,0.999804816717243,1.0,3.217692778889614e-11
1275.109159,0.299607979,490.1214579,1489.114166,0.177694336,0.903737841,-7.277282972,0.901091031,0.000409553,3.2205869961889396e-11,0.970975088326344,0.0188840396324941,0.0089427322764798,5.93693378500074e-05,1.28747352128871e-06,0.0011307504705018,6.73244619648643e-06,4.4068491759315995e-12,,868.2534101516804,0.998644642654498,0.6126384184590425,0.9998045844097448,1.0000000000000002,3.220568256523393e-11
1273.952042,0.299607015,489.5378424,1489.113281,0.177686714,0.903730588,-7.277379812,0.90099419,0.000410138,3.2234842202871595e-11,0.970963467083195,0.018885976191919,0.0089510504236289,5.94375820833074e-05,1.28935431557524e-06,0.0011320368231691,6.74250504495512e-06,4.40878002617592e-12,,867.2558577810838,0.9986414294776034,0.6119089150448478,0.9998039902128206,0.9999999999999994,3.223543654229388e-11
1272.794924,0.29960605,488.9545207,1489.112395,0.177679093,0.903723333,-7.277476654,0.900897349,0.000410722,3.2263866683152696e-11,0.97095182842757,0.0188879128415107,0.008959383358696,5.95059538983369e-05,1.29123889641626e-06,0.00113332555839,6.75258436413463e-06,4.41071169061374e-12,,866.258732885777,0.998638212967538,0.6111797788726181,0.9998033953444876,1.0,3.2263858251724287e-11
1271.637806,0.299605085,488.3714928,1489.111507,0.177671471,0.903716079,-7.277573498,0.900800505,0.000411306,3.2292943565904e-11,0.970940172318542,0.018889849574908,0.0089677311219584,5.95744536250962e-05,1.29312727290297e-06,0.001134616682783,6.76268420496556e-06,4.4126441637970895e-12,,865.2620352093697,0.9986349964574724,0.6104510099423535,0.9998027991333365,1.0,3.2292835072667003e-11
1270.526973,0.299604158,487.8120631,1489.110155,0.177664154,0.903709122,-7.277666482,0.900707521,0.000411867,3.23209058731773e-11,0.970928967584207,0.0188917092211631,0.0089757589572572,5.96403348529211e-05,1.29493948731228e-06,0.0011358565377944,6.77238850257931e-06,4.41450035601222e-12,,864.3070409370685,0.9986319066079069,0.6097517381167218,0.9998018913884309,0.9999999999999999,3.232103473749248e-11
1269.41614,0.299603231,487.2529022,1489.109798,0.177656839,0.903702149,-7.277759443,0.90061456,0.000412427,3.23489185017633e-11,0.970917743465012,0.0188935683645043,0.0089838005411659,5.97063330316461e-05,1.2967636406417e-06,0.0011371023622192,6.78213366067282e-06,4.41635680583452e-12,,863.3495730731494,0.9986288167583415,0.6090528022837388,0.9998016516954342,0.9999999999999997,3.234923440231796e-11
1268.305307,0.299602303,486.6940125,1489.108941,0.177649523,0.903695183,-7.277852418,0.900521585,0.000412987,3.2376978912348494e-11,0.970906504737976,0.018895427877676,0.0089918558945747,5.97724508333078e-05,1.29858711024252e-06,0.0011383485280681,6.79188696595449e-06,4.41821424891517e-12,,862.3939321033745,0.9986257235756049,0.6083542054433391,0.9998010762979608,0.9999999999999996,3.237743406714344e-11
1267.194474,0.299601374,486.135393,1489.108083,0.177642207,0.903688216,-7.277945395,0.900428608,0.000413546,3.2405088114827696e-11,0.970895249753068,0.0188972874712336,0.0089999250585129,5.98386877898341e-05,1.30041411663494e-06,0.0011395969190614,6.80165939243632e-06,4.42007244196311e-12,,861.438684361532,0.9986226270596971,0.60765594634555,0.9998005002290784,0.9999999999999999,3.240518964275907e-11
1266.083641,0.299600445,485.5770437,1489.107223,0.177634891,0.90368125,-7.278038373,0.90033563,0.000414106,3.24332462378566e-11,0.970883978468368,0.0188991471446981,0.009008008069164,5.9905044214678e-05,1.30224466919792e-06,0.0011408475410399,6.81145099095271e-06,4.42193138495546e-12,,860.4838297041925,0.9986195305437895,0.6069580249903712,0.9997999228173781,1.0000000000000002,3.243316726297962e-11
1265.017241,0.299599552,485.041283,1489.105934,0.177627867,0.903674569,-7.278127648,0.900246354,0.000414642,3.2460323091582396e-11,0.97087314408838,0.018900932850694,0.00901578081426,5.99688600372137e-05,1.30400142879238e-06,0.0011420484894369,6.82085887859532e-06,4.42371697327511e-12,,859.5688625009903,0.9986165540220397,0.6062883387674362,0.9997990573712364,0.9999999999999997,3.246070079399033e-11
1263.950841,0.299598659,484.5057697,1489.105568,0.177620845,0.903667872,-7.278216896,0.900157107,0.000415179,3.2487447441086e-11,0.97086229175583,0.0189027179400801,0.0090235663978169,6.00327845973063e-05,1.3057693053757e-06,0.0011432550106668,6.83030479051864e-06,4.4255026577410094e-12,,858.6516100979028,0.99861357750029,0.605618961787735,0.9997988116355593,1.0,3.248745716888379e-11
1262.884442,0.299597766,483.9705057,1489.104738,0.177613823,0.903661183,-7.27830616,0.900067843,0.000415715,3.25146161286098e-11,0.970851425713126,0.0189045034485739,0.0090313648346875,6.00968210819399e-05,1.30753656003584e-06,0.0011444618506496,6.8397583794298e-06,4.42728933269333e-12,,857.7360432321381,0.9986106009785403,0.6049498964262161,0.9997982543661276,1.0000000000000004,3.251432456607972e-11
1261.818042,0.299596871,483.4354902,1489.103907,0.1776068,0.903654493,-7.278395426,0.899978577,0.000416251,3.25418303694422e-11,0.970840544498499,0.0189062890277995,0.0090391761632014,6.01609687953326e-05,1.30930711639626e-06,0.0011456707677979,6.8492298194728e-06,4.42907669759722e-12,,856.8208381031151,0.9986076177904484,0.6042811416829011,0.9997976964252869,1.0,3.2541858097090426e-11
1260.751642,0.299595977,482.9007232,1489.103074,0.177599778,0.903647803,-7.278484693,0.89988931,0.000416787,3.2569090268967795e-11,0.970829648071373,0.018908074680291,0.0090470004158641,6.02252280288011e-05,1.31108098357812e-06,0.0011468817672999,6.85871915922297e-06,4.4308647551892e-12,,855.9059946315733,0.9986046379355277,0.6036126975577902,0.9997971371416284,0.9999999999999996,3.256950265040359e-11
1259.727898,0.299595117,482.3875811,1489.101845,0.177593036,0.903641387,-7.278570404,0.899803599,0.000417301,3.2595301846339095e-11,0.970819174492663,0.0189097892883587,0.0090545238825781,6.02870229543211e-05,1.31278336134791e-06,0.0011480446567151,6.86783634147775e-06,4.43258221231956e-12,,855.0293058823326,0.9986017714084228,0.6029712839662781,0.9997963119800239,1.0,3.2595259824574896e-11
1258.704155,0.299594258,481.8746664,1489.101471,0.177586296,0.903634957,-7.278656089,0.899717914,0.000417815,3.26215577147734e-11,0.970808684154987,0.0189115033304753,0.0090620593298281,6.03489193876744e-05,1.31449611912706e-06,0.0011492127431166,6.87698903036528e-06,4.43429976144502e-12,,854.1505083686394,0.9985989082144887,0.6023301546185471,0.9997960608730753,1.0,3.262146108795605e-11
1257.680411,0.299593397,481.3619811,1489.100668,0.177579555,0.903628533,-7.27874179,0.899632213,0.000418329,3.26478549585055e-11,0.970798181026114,0.0189132177599701,0.0090696067708384,6.04109202673681e-05,1.31620829533796e-06,0.0011503811285504,6.88614888030106e-06,4.43601822642305e-12,,853.2732648279152,0.9985960383542125,0.6016893120145425,0.9997955217316853,0.9999999999999998,3.2648106440547053e-11
1256.656667,0.299592537,480.8495244,1489.099863,0.177572814,0.903622109,-7.278827492,0.899546511,0.000418842,3.26741947132413e-11,0.970787663745391,0.0189149322512916,0.0090771662402128,6.04730249280204e-05,1.31792355227368e-06,0.0011515514521243,6.8953253875405e-06,4.43773732581583e-12,,852.3963540735183,0.9985931718271076,0.601048755154286,0.9997949812474773,0.9999999999999997,3.267452974853313e-11
1255.632924,0.299591675,480.3372961,1489.099058,0.177566073,0.903615684,-7.278913195,0.899460807,0.000419355,3.2700577082918495e-11,0.970777132278833,0.0189166468041128,0.0090847377672357,6.05352336234955e-05,1.31964189753574e-06,0.001152723718564,6.90451859326647e-06,4.43945705965062e-12,,851.5197759948162,0.9985902986336604,0.6004084837877832,0.9997944407632695,0.9999999999999999,3.2700731011914286e-11
1254.404431,0.299590641,479.7229237,1489.098089,0.177557985,0.903607974,-7.279016041,0.899357962,0.000419971,3.2732292297301195e-11,0.970764475738297,0.0189187043561046,0.0090938395569998,6.06100217675439e-05,1.32170800041529e-06,0.0011541330091102,6.91557254638858e-06,4.44152158513299e-12,,850.4683215929421,0.9985868521347923,0.5996405350897328,0.9997937901679933,0.9999999999999998,3.2732483390418565e-11
1253.175939,0.299589607,479.10888,1489.097118,0.177549896,0.903600264,-7.27911889,0.899255113,0.000420586,3.2764069158999896e-11,0.970751798648235,0.0189207620095409,0.0091029588028015,6.06849605742137e-05,1.32377857852745e-06,0.0011555451123704,6.92665069153838e-06,4.4435870373386e-12,,849.4173459214484,0.9985834056359242,0.598872997257693,0.9997931382298989,0.9999999999999997,3.276434679122531e-11
1251.947446,0.299588571,478.4951648,1489.096145,0.177541808,0.903592553,-7.27922174,0.899152263,0.000421201,3.27959079060164e-11,0.970739100964996,0.0189228197478299,0.0091120955560641,6.07600504364787e-05,1.32585364083967e-06,0.0011569600367072,6.93775308361644e-06,4.445653401322279e-12,,848.366848728553,0.9985799524707141,0.5981058700416694,0.9997924849489869,0.9999999999999997,3.279621019203205e-11
1250.718954,0.299587535,477.8817781,1489.095171,0.17753372,0.903584841,-7.279324592,0.899049411,0.000421816,3.28278086896486e-11,0.970726382620536,0.0189248775791601,0.0091212498679901,6.08352918271821e-05,1.3279332027214e-06,0.0011583777902052,6.94887980333241e-06,4.44772068533315e-12,,847.3168299610393,0.9985764993055039,0.5973391534416619,0.9997918309966658,1.0000000000000002,3.282751848132648e-11
1249.490461,0.299586498,477.2687197,1489.094194,0.177525632,0.903577129,-7.279427446,0.898946557,0.00042243,3.2859771695294296e-11,0.970713643555709,0.0189269355022498,0.0091304217901424,6.09106851910631e-05,1.33001727739398e-06,0.0011597983811982,6.96003092251545e-06,4.44978888875729e-12,,846.2672894170785,0.9985730428071224,0.596572847207676,0.9997911750301178,1.0,3.285982597134307e-11
1248.311108,0.299585502,476.6804932,1489.092678,0.177517867,0.903569735,-7.279526203,0.898847799,0.000423019,3.2890513739351694e-11,0.970701396380929,0.0189289115618064,0.0091392434452761,6.09832072404647e-05,1.33201724314887e-06,0.0011611626041194,6.9707460433197e-06,4.4517755433407095e-12,,845.261802701976,0.9985697229687543,0.5958375801695835,0.9997901571741438,1.0,3.2890468126822725e-11
1247.131755,0.299584505,476.092567,1489.092314,0.177510104,0.90356232,-7.279624932,0.898749071,0.000423609,3.2921315757335496e-11,0.970689126246893,0.0189308869704547,0.0091480814353871,6.10558681084873e-05,1.33403140064735e-06,0.0011625339006445,6.98150973604094e-06,4.4537624175236795e-12,,844.2535113854877,0.9985663997972152,0.5951026884982783,0.9997899127812846,0.9999999999999996,3.2921776416117154e-11
1245.952403,0.299583508,475.5049439,1489.091371,0.17750234,0.903554915,-7.279723678,0.898650325,0.000424198,3.29521744694919e-11,0.970676838732984,0.0189328628283996,0.0091569357890383,6.11286712701923e-05,1.33604474891478e-06,0.001163905613017,6.99228313402054e-06,4.45575045220817e-12,,843.2472827930227,0.998563076625676,0.594368175693684,0.999789279642641,1.0,3.295208550468942e-11
1244.77305,0.29958251,474.9176228,1489.090426,0.177494577,0.903547509,-7.279822426,0.898551577,0.000424786,3.2983091182164196e-11,0.970664531906217,0.0189348387698496,0.0091658065583691,6.12016161072834e-05,1.33806230473417e-06,0.0011652799704296,7.00307928132387e-06,4.45773933533814e-12,,842.2414942654652,0.9985597501209658,0.5936340403808306,0.9997886451611796,0.9999999999999994,3.2983615838588776e-11
1243.593697,0.299581511,474.3306034,1489.08948,0.177486813,0.903540103,-7.279921175,0.898452828,0.000425374,3.30140660627122e-11,0.970652205713299,0.0189368147936011,0.0091746937898832,6.12747030206926e-05,1.34008408001751e-06,0.0011666569803994,7.01389824267659e-06,4.4597290663118695e-12,,841.2361456229747,0.9985564202830846,0.5929002821847261,0.9997880100083093,0.9999999999999999,3.301414697176597e-11
1242.461518,0.299580551,473.7673496,1489.088034,0.17747936,0.903533002,-7.28001599,0.898358013,0.000425939,3.30438557882887e-11,0.970640356061253,0.018938712185139,0.0091832410578953,6.13450014272253e-05,1.34202428381854e-06,0.0011679793386713,7.02429382486799e-06,4.46164028904414e-12,,840.2729213886037,0.9985532204388741,0.5921962303386764,0.999787039150962,0.9999999999999999,3.3044011971128384e-11
1241.32934,0.299579591,473.2043719,1489.087657,0.177471908,0.903525882,-7.28011078,0.898263223,0.000426503,3.30737015134618e-11,0.970628484941695,0.0189406089832292,0.0091918035923417,6.14154296308983e-05,1.3439777600126e-06,0.0011693083029684,7.03473483715413e-06,4.4635517221101695e-12,,839.307108575836,0.9985500205946638,0.591492523610076,0.9997867860297863,0.9999999999999996,3.3074099015095726e-11
1240.197161,0.299578631,472.6416728,1489.086744,0.177464456,0.90351877,-7.280205585,0.898168418,0.000427067,3.31036002156449e-11,0.970616597580386,0.0189425061987617,0.0092003814190015,6.14859908293546e-05,1.34593047869095e-06,0.0011706376580564,7.04518491766086e-06,4.46546423048636e-12,,838.3431977046906,0.9985468207504536,0.5907891651238563,0.9997861730334113,1.0000000000000004,3.310329788064337e-11
1239.064982,0.29957767,472.0792515,1489.085828,0.177457004,0.903511658,-7.280300391,0.898073612,0.000427631,3.31335531443019e-11,0.97060469218295,0.0189444034816007,0.0092089745851041,6.15566843988301e-05,1.34788712801824e-06,0.0011719694849647,7.05565625301997e-06,4.46737751409834e-12,,837.3796915258151,0.9985436175730724,0.5900861538800393,0.9997855580228097,1.0000000000000002,3.313338492461071e-11
1237.932804,0.299576708,471.5171076,1489.084911,0.177449552,0.903504546,-7.2803952,0.897978803,0.000428194,3.31635604195384e-11,0.970592768693044,0.018946300839291,0.0092175831324068,6.16275107281457e-05,1.34984772076294e-06,0.0011733037902662,7.0661489100298e-06,4.4692915805024595e-12,,836.4165900146021,0.9985404110625201,0.5893834893786358,0.9997849423407988,0.9999999999999998,3.316380503548544e-11
1236.845912,0.299575784,470.9777113,1489.083533,0.177442397,0.903497726,-7.28048623,0.897887773,0.000428735,3.31924177409653e-11,0.970581306732423,0.0189481226705897,0.0092258618429465,6.16956300776428e-05,1.35172923233368e-06,0.0011745851264548,7.07623061262036e-06,4.47113007465126e-12,,835.4937739035482,0.9985373312124677,0.5887092587551277,0.9997840171392605,1.0000000000000002,3.3192337767218305e-11
1235.759021,0.299574859,470.438569,1489.083146,0.177435244,0.903490889,-7.280577237,0.897796766,0.000429275,3.3221327288118297e-11,0.970569824699097,0.0189499439716403,0.009234154813998,6.17638707613538e-05,1.3536231525831e-06,0.0011758726288615,7.08635479500556e-06,4.4729687800613095e-12,,834.5685688519591,0.9985342480292443,0.5880353456246731,0.9997837573039953,1.0,3.322120356585856e-11
1234.672129,0.299573934,469.8996828,1489.082261,0.177428091,0.90348406,-7.280668258,0.897705745,0.000429815,3.32502863926845e-11,0.970558327516221,0.0189517656385325,0.0092424620693786,6.18322356162196e-05,1.3555163589181e-06,0.0011771604987428,7.09648742452902e-06,4.47480846107427e-12,,833.6451171520232,0.9985311648460208,0.5873617526122146,0.9997831631070712,0.9999999999999996,3.325073549831359e-11
1233.585238,0.299573009,469.3610521,1489.081374,0.177420938,0.903477231,-7.28075928,0.897614723,0.000430355,3.3279296121541694e-11,0.970546813484537,0.0189535873720764,0.0092507836512348,6.19007241311025e-05,1.35741323859974e-06,0.0011784506771105,7.10663991602729e-06,4.4766488630032094e-12,,832.722037851918,0.9985280816627974,0.5866884789677687,0.9997825675673291,1.0000000000000004,3.327893516313907e-11
1232.498346,0.299572082,468.8226766,1489.080486,0.177413785,0.903470401,-7.280850304,0.897523698,0.000430895,3.3308356608294e-11,0.970535282560193,0.018955409171917,0.009259119597296,6.19693366333731e-05,1.35931380144082e-06,0.00117974317005,7.11681232262926e-06,4.4784899859333795e-12,,831.7993308209859,0.998524991813232,0.5860155243163435,0.9997819713561781,1.0000000000000002,3.330813402868671e-11
1231.45493,0.299571193,468.3060768,1489.079171,0.177406917,0.903463851,-7.2809377,0.897436303,0.000431413,3.3336301715208096e-11,0.970524198493206,0.0189571584303825,0.0092671356505234,6.20353223407618e-05,1.36113772495434e-06,0.0011809843420106,7.12658599516372e-06,4.48025837087354e-12,,830.915155923347,0.9985220286241664,0.5853697886943933,0.9997810884534037,1.0,3.333633369351219e-11
1230.411514,0.299570303,467.7897106,1489.078776,0.177400051,0.903457286,-7.281025075,0.897348928,0.00043193,3.3364295519077896e-11,0.970513095670644,0.01895890721209,0.0092751650182702,6.21014214033166e-05,1.36297324292626e-06,0.0011822312671386,7.13639936500757e-06,4.4820269633267794e-12,,830.0287763524528,0.9985190621019296,0.5847243450660543,0.9997808232468669,1.0000000000000004,3.336386722452289e-11
1229.368098,0.299569412,467.27358,1489.077919,0.177393185,0.903450728,-7.281112463,0.89726154,0.000432448,3.3392335625494797e-11,0.970501978714852,0.0189606563225405,0.0092832077223229,6.21676363727515e-05,1.36480809070774e-06,0.0011834785373356,7.14622060887437e-06,4.48379644903895e-12,,829.1440132916422,0.998516092246522,0.5840791959312722,0.9997802478493935,0.9999999999999993,3.339295506776807e-11
1228.324683,0.29956852,466.7576843,1489.07706,0.177386318,0.903444169,-7.281199852,0.897174151,0.000432965,3.34204229922943e-11,0.970490846032652,0.0189624054927933,0.0092912638005044,6.22339667896437e-05,1.36664636827346e-06,0.0011847279625887,7.15606039808961e-06,4.4855665995117796e-12,,828.2595928477901,0.9985131190579434,0.583434340415066,0.999779671109102,1.0000000000000004,3.3420044509568925e-11
1227.281267,0.299567629,466.2420234,1489.0762,0.177379452,0.903437611,-7.281287243,0.89708676,0.000433482,3.34485577397473e-11,0.970479697584584,0.0189641547225196,0.0092993332867718,6.23004129486113e-05,1.36848808445272e-06,0.001185979548375,7.16591878045801e-06,4.4873374148100395e-12,,827.3755149052059,0.9985101492025358,0.5827897783924386,0.9997790936974016,0.9999999999999997,3.344891030820918e-11
1226.279587,0.299566772,465.7472103,1489.074946,0.17737286,0.903431321,-7.281371149,0.897002854,0.000433978,3.34756110351242e-11,0.970468981662921,0.0189658342796264,0.0093070926360759,6.23643111010706e-05,1.37025555356555e-06,0.0011871814263214,7.17539043599245e-06,4.48903822754729e-12,,826.5282971703463,0.9985072926749439,0.5821712755496623,0.9997782517505734,0.9999999999999999,3.3475666683102645e-11
1225.277908,0.299565915,465.2526119,1489.074545,0.177366269,0.903425017,-7.281455037,0.896918966,0.000434474,3.35027097146926e-11,0.970458248224253,0.018967513409095,0.0093148644108525,6.24283151056563e-05,1.37203385121042e-06,0.0011883886696783,7.18489917101442e-06,4.4907392440518895e-12,,825.679044902484,0.9985044361473521,0.5815530410760142,0.9997779825155829,1.0,3.3502645102601036e-11
1224.276229,0.299565057,464.7582304,1489.073715,0.177359678,0.903418719,-7.281538936,0.896835066,0.000434969,3.3529851636054196e-11,0.970447501606644,0.0189691928334385,0.0093226486310446,6.24924272516779e-05,1.37381152001737e-06,0.0011895962368362,7.19441524225535e-06,4.4924410779851195e-12,,824.8312829758104,0.9985015762865892,0.5809350777214346,0.9997774252461512,0.9999999999999993,3.353051170051913e-11
1223.27455,0.299564199,464.2640648,1489.072884,0.177353087,0.903412421,-7.281622837,0.896751166,0.000435465,3.35570376570058e-11,0.970436740316939,0.0189708723114212,0.0093304453305631,6.25566471279103e-05,1.37559238968565e-06,0.0011908058148869,7.20394862131083e-06,4.49414352486267e-12,,823.9838362863642,0.9984987164258261,0.5803173842359504,0.9997768673053105,1.0000000000000004,3.3556490919295356e-11
1222.27287,0.29956334,463.7701151,1489.072051,0.177346496,0.903406123,-7.281706739,0.896667264,0.00043596,3.3584267885719296e-11,0.970425964319646,0.0189725518427469,0.0093382545399515,6.26209749993605e-05,1.37737646815675e-06,0.0011920174087563,7.21349935117707e-06,4.495846584740379e-12,,823.1367047321568,0.9984958532318923,0.5796999606195616,0.9997763080216521,0.9999999999999994,3.35848016064233e-11
1221.070855,0.299562309,463.1776604,1489.07105,0.177338587,0.903398565,-7.281807423,0.89656658,0.000436554,3.36170026667638e-11,0.970413013658873,0.0189745673504729,0.0093476421473975,6.26983113736444e-05,1.37952160857725e-06,0.00119347398897,7.22498318935307e-06,4.49789106596113e-12,,822.1205628883606,0.9984924167325374,0.5789594084471026,0.9997756359412892,0.9999999999999998,3.361722011874235e-11
1219.86884,0.299561278,462.5855163,1489.070048,0.177330678,0.903391006,-7.281908109,0.896465894,0.000437147,3.36498014519681e-11,0.970400041706017,0.018976582933932,0.0093570478663315,6.27758041045886e-05,1.38167139554546e-06,0.0011949334879187,7.23649215109453e-06,4.49993642994739e-12,,821.1048743306078,0.9984889802331823,0.5782192445161493,0.9997749631895174,1.0,3.364963863106141e-11
1218.666825,0.299560245,461.9936827,1489.069043,0.17732277,0.903383446,-7.282008797,0.896365205,0.000437741,3.36826644256161e-11,0.970387048398106,0.0189785985939019,0.009366471750084,6.28534536593046e-05,1.3838258426306e-06,0.0011963959139104,7.24802631119494e-06,4.50198267801414e-12,,820.0896390863725,0.9984855370674852,0.5774794687017043,0.9997742884235187,1.0,3.3682612254892774e-11
1217.46481,0.299559212,461.4021595,1489.068036,0.177314862,0.903375886,-7.282109487,0.896264515,0.000438334,3.3715591788649495e-11,0.970374033675907,0.0189806143267505,0.009375913852269,6.29312604923713e-05,1.38598496300457e-06,0.0011978612756569,7.25958574190331e-06,4.50402980730905e-12,,819.0748569324987,0.9984820939017882,0.5767400808787705,0.9997736123147021,1.0000000000000002,3.3715252811816754e-11
1216.262795,0.299558178,460.8109464,1489.067027,0.177306953,0.903368326,-7.28221018,0.896163823,0.000438927,3.3748583722653394e-11,0.970360997474573,0.0189826301344039,0.009385374226626,6.3009225078382e-05,1.38814877123976e-06,0.0011993295817715,7.2711705213849e-06,4.5060778202459096e-12,,818.060527730508,0.99847864740292,0.576001080672356,0.9997729348630677,1.0000000000000002,3.3748448480253046e-11
1215.108861,0.299557185,460.2436745,1489.065482,0.177299361,0.903361077,-7.282306857,0.896067146,0.000439495,3.37803160346183e-11,0.970348464480872,0.0189845656638788,0.0093944734228457,6.30842207174743e-05,1.39022522439859e-06,0.0012007396459418,7.28230223153343e-06,4.50804498224773e-12,,817.0887597143023,0.998475337564065,0.5752920063111939,0.9997718975362339,1.0,3.3780200858757325e-11
1213.954926,0.299556191,459.6766863,1489.065084,0.17729177,0.903353808,-7.282403514,0.895970489,0.000440064,3.38121099448929e-11,0.9703359075284,0.0189865006921214,0.0094035895638568,6.31593610112848e-05,1.39231647552295e-06,0.0012021570151787,7.29348463396215e-06,4.51001248171401e-12,,816.1142846681319,0.9984720243920391,0.5745832865672732,0.9997716303154703,0.9999999999999998,3.381228630416899e-11
1212.800992,0.299555196,459.1099846,1489.06411,0.177284179,0.903346549,-7.282500184,0.895873819,0.000440632,3.38439630107299e-11,0.97032333263704,0.0189884360718422,0.0094127226866077,6.32346487423817e-05,1.39440685852781e-06,0.0012035748335481,7.30467700550469e-06,4.5119810336886895e-12,,815.1417886825953,0.998468707886842,0.5738749249405173,0.9997709763631492,1.0000000000000002,3.384381663806835e-11
1211.647057,0.299554201,458.5435682,1489.063134,0.177276588,0.903339289,-7.282596856,0.895777147,0.0004412,3.3875876274323394e-11,0.970310737725373,0.0189903715181675,0.0094218728431395,6.33100835416091e-05,1.396501612229e-06,0.001204995396765,7.31589301127299e-06,4.51395039991714e-12,,814.1697095028363,0.9984653913816449,0.5731669199309588,0.9997703210680102,1.0,3.387579106117755e-11
1210.493123,0.299553205,457.977437,1489.062157,0.177268997,0.903332028,-7.282693529,0.895680474,0.000441768,3.39078499074277e-11,0.970298122737056,0.0189923070306217,0.0094310400819496,6.33856658297498e-05,1.39860074923434e-06,0.0012064187126504,7.32713271952156e-06,4.5159205804724096e-12,,813.198046973194,0.9984620715432767,0.5724592714136008,0.9997696651014623,1.0,3.390787650658922e-11
1209.385346,0.299552248,457.4342201,1489.060683,0.177261709,0.903325067,-7.282786348,0.895587655,0.000442312,3.3938600782530897e-11,0.970285995311178,0.0189941654366175,0.0094398567442694,6.34583646732656e-05,1.40061516630423e-06,0.0012077855571652,7.33793247338171e-06,4.51781293041481e-12,,812.2670839423595,0.9984588816985798,0.5717802651445789,0.9997686754446642,0.9999999999999994,3.393918479588365e-11
1208.277568,0.299551291,456.8912642,1489.060274,0.177254423,0.903318087,-7.282879148,0.895494855,0.000442857,3.39694091428621e-11,0.970273845473211,0.0189960233981496,0.0094486892439792,6.35311988123913e-05,1.40264342611438e-06,0.0012091592242785,7.34877965372965e-06,4.51970561011971e-12,,811.3336222550504,0.9984556918538825,0.5711015851184192,0.999768400838402,0.9999999999999998,3.396960490675838e-11
1207.169791,0.299550333,456.3485716,1489.05933,0.177247136,0.903311116,-7.28297196,0.895402043,0.000443401,3.4000272836986594e-11,0.970261678883415,0.0189978816716209,0.0094575376150701,6.36041707154517e-05,1.40467086958874e-06,0.0012105333136528,7.35963613398017e-06,4.5215992509389195e-12,,810.4019853382256,0.9984524986760144,0.5704232342100588,0.9997677670283496,0.9999999999999997,3.400058012914542e-11
1206.062014,0.299549374,455.8061414,1489.058384,0.17723985,0.903304144,-7.283064773,0.89530923,0.000443945,3.4031192787499596e-11,0.970249493587619,0.0189997400043249,0.0094664019042244,6.36772800630135e-05,1.40670239821679e-06,0.0012119099681106,7.37051470476564e-06,4.52349364250244e-12,,809.4707318515815,0.9984493021649752,0.5697452112945222,0.9997671318754792,0.9999999999999998,3.403144432923e-11
1204.954237,0.299548415,455.2639735,1489.057437,0.177232563,0.903297172,-7.283157588,0.895216415,0.000444489,3.4062169149210795e-11,0.970237289535049,0.0190015983958261,0.0094752821551514,6.37505272343053e-05,1.40873802335967e-06,0.0012132891947002,7.38141542759075e-06,4.52538878486588e-12,,808.5398616577146,0.9984461056539361,0.5690675162468121,0.9997664960511998,0.9999999999999993,3.406286364082689e-11
1203.890771,0.299547494,454.7437398,1489.05603,0.177225568,0.903290487,-7.283246701,0.895127302,0.000445011,3.4091958998132894e-11,0.970225557739263,0.0190033827295102,0.0094838222509976,6.38209751501688e-05,1.41069151482702e-06,0.0012146136858361,7.39188910880287e-06,4.52720901285932e-12,,807.6479163302752,0.9984430358033969,0.5684172383492422,0.9997655513788017,0.9999999999999998,3.4092173528676994e-11
1202.827305,0.299546572,454.223746,1489.055613,0.177218574,0.903283784,-7.283335798,0.895038205,0.000445532,3.4121802465108595e-11,0.970213804988234,0.0190051666707406,0.0094923771417967,6.3891549546052e-05,1.41265794892497e-06,0.0012159445459439,7.40240713867733e-06,4.52902956306022e-12,,806.7536647897344,0.9984399626196866,0.5677672603201115,0.999765271401268,0.9999999999999997,3.4122149550341874e-11
1201.763839,0.299545649,453.7039944,1489.054698,0.177211579,0.903277089,-7.283424905,0.894949098,0.000446053,3.4151697665973196e-11,0.970202036601737,0.0190069508879303,0.0095009468588383,6.39622526018034e-05,1.4146236157759e-06,0.0012172758027543,7.41293383959338e-06,4.5308509902837794e-12,,805.8610957465736,0.9984368861028053,0.567117585034357,0.9997646570620752,0.9999999999999996,3.415212557200675e-11
1200.700373,0.299544726,453.1844841,1489.053782,0.177204585,0.903270394,-7.283514014,0.894859989,0.000446574,3.4181645413877194e-11,0.970190250745794,0.0190087351577497,0.0095095314439515,6.40330840442085e-05,1.41659309896489e-06,0.0012186094554696,7.42348117773278e-06,4.53267310965056e-12,,804.9688794559074,0.9984338095859239,0.5664682113670035,0.9997640420514734,1.0,3.418154648215932e-11
1199.636907,0.299543802,452.665215,1489.052864,0.17719759,0.903263699,-7.283603124,0.894770878,0.000447095,3.4211645848228e-11,0.970178447374669,0.0190105194798115,0.0095181309365043,6.41040442148512e-05,1.41856640872531e-06,0.0012199455104374,7.43404920849137e-06,4.53449592121127e-12,,804.0770157965408,0.9984307297358717,0.5658191391930536,0.9997634256980538,1.0000000000000002,3.4211411481521736e-11
1198.61598,0.299542914,452.1669443,1489.051522,0.177190876,0.903257279,-7.283688679,0.894685323,0.000447595,3.42404953745244e-11,0.970167101297,0.0190122326739219,0.0095264005088217,6.41722879410295e-05,1.42046012072924e-06,0.0012212285305198,7.44420289767077e-06,4.53624663318675e-12,,803.2223849378563,0.9984277698799771,0.5651963144448363,0.9997625246672377,0.9999999999999996,3.4240943413976765e-11
1197.595052,0.299542026,451.6688942,1489.051098,0.177184162,0.903250842,-7.283774221,0.894599782,0.000448094,3.4269394885705697e-11,0.97015573563526,0.0190139455231775,0.0095346838955668,6.42406498500744e-05,1.42236592787192e-06,0.0012225174933727,7.45439803718283e-06,4.5379976599395595e-12,,802.3656255889452,0.9984248100240827,0.564573765440586,0.9997622399898412,0.9999999999999994,3.426992023491948e-11
1196.574125,0.299541138,451.1710669,1489.050212,0.177177448,0.903244414,-7.283859771,0.894514232,0.000448594,3.4298342742527595e-11,0.970144355387148,0.0190156586156707,0.0095429811255626,6.43091318573306e-05,1.42427101425588e-06,0.0012238068286521,7.46460125723833e-06,4.53974948636559e-12,,801.5104175440507,0.9984218501681881,0.5639514949302424,0.9997616451215081,1.0000000000000002,3.429811989974496e-11
1195.553197,0.299540249,450.6734615,1489.049325,0.177170734,0.903237985,-7.283945323,0.89442868,0.000449093,3.43273396580213e-11,0.970132958832099,0.0190173717548992,0.0095512922362472,6.43777337325345e-05,1.42617966411194e-06,0.0012250984007413,7.47482374738788e-06,4.54150195088278e-12,,800.6555340512766,0.9984188869791225,0.5633295017888303,0.9997610495817659,0.9999999999999996,3.432776285450245e-11
1194.53227,0.299539359,450.176078,1489.048436,0.17716402,0.903231555,-7.284030876,0.894343127,0.000449592,3.43563857576768e-11,0.970121545928955,0.0190190849405087,0.0095596172630555,6.4446455783135e-05,1.42809188664966e-06,0.0012263922153539,7.48506555748436e-06,4.54325505352901e-12,,799.80097500329,0.998415920456886,0.5627077860163497,0.999760452699206,1.0000000000000002,3.4356184563932857e-11
1192.57209,0.29953765,449.2217232,1489.046726,0.17715113,0.903219209,-7.284195142,0.894178861,0.000450549,3.44122926036064e-11,0.970099587176488,0.0190223743855962,0.0095756404545431,6.45787401268557e-05,1.43177340284137e-06,0.0012288826467098,7.50478417418588e-06,4.54662279955537e-12,,798.1611306941612,0.9984102240675574,0.5615148686161896,0.9997593045898948,0.9999999999999999,3.441236184897889e-11
1190.611909,0.299535938,448.2681853,1489.045009,0.177138241,0.903206863,-7.284359414,0.894014589,0.000451506,3.4468382122205694e-11,0.970077567712288,0.019025663997828,0.0095917153305213,6.47114708177644e-05,1.43546818908499e-06,0.0012313814067858,7.5245745520216e-06,4.54999289838295e-12,,796.5224812955373,0.9984045176787159,0.5603229723186887,0.9997581517807209,1.0000000000000004,3.446798402251261e-11
1188.45571,0.299534053,447.2202363,1489.043115,0.177124063,0.903193279,-7.284540119,0.893833884,0.000452557,3.45302926558373e-11,0.97005327582686,0.0190292827612788,0.0096094576935813,6.48579927454945e-05,1.43954785931226e-06,0.0012341397113129,7.54642727787054e-06,4.55370272486276e-12,,794.7213463194083,0.9983982346512823,0.5590130647281568,0.9997568801321624,0.9999999999999997,3.453060060110147e-11
1187.279602,0.299533023,446.6490438,1489.042079,0.17711633,0.90318587,-7.284638688,0.893735315,0.00045313,3.4564156092484495e-11,0.970039994451941,0.0190312567149664,0.0096191619570224,6.49381436185714e-05,1.44177996753495e-06,0.0012356485294645,7.55838389990927e-06,4.55572746674521e-12,,793.7395176070452,0.9983948014850983,0.5582990897242159,0.9997561845524862,1.0,3.456412933644515e-11
1186.103494,0.299531993,446.0781447,1489.04104,0.177108597,0.903178459,-7.284737258,0.893636744,0.000453703,3.4598086172404495e-11,0.970026690931778,0.019033230726329,0.0096288850756927,6.50184573354804e-05,1.44401691767207e-06,0.001237160386085,7.57036670605638e-06,4.5577530558692295e-12,,792.7581183168243,0.9983913683189144,0.5575854814622511,0.9997554869585831,0.9999999999999999,3.459821318330114e-11
1184.927385,0.299530962,445.5075389,1489.04,0.177100864,0.903171049,-7.284835831,0.893538172,0.000454275,3.46320830935884e-11,0.97001336520145,0.019035204794796,0.0096386271054943,6.50989343812331e-05,1.44625872424819e-06,0.0012386752901869,7.58237577493518e-06,4.5597794922750195e-12,,791.7771482853914,0.9983879318195594,0.5568722398172651,0.999754788693271,0.9999999999999996,3.463251907476206e-11
1183.751277,0.299529931,444.9372264,1489.038957,0.177093131,0.903163637,-7.284934406,0.893439597,0.000454847,3.46661470547555e-11,0.970000017195764,0.0190371789198091,0.0096483881025511,6.5179575242822e-05,1.44850540184917e-06,0.001240193250818,7.59441118549536e-06,4.56180677601611e-12,,790.7966073496491,0.9983844953202046,0.5561593647892578,0.999754088413732,1.0000000000000002,3.4665936787803275e-11
1182.622213,0.29952894,444.390003,1489.037381,0.177085708,0.903156533,-7.285029047,0.893344956,0.000455396,3.4698911119174294e-11,0.969987184265352,0.0190390743382958,0.0096577765548529,6.52571455903393e-05,1.45066134956332e-06,0.0012416510195089,7.60597578825748e-06,4.56375393080455e-12,,789.8571964852345,0.9983811921476916,0.5554753505048063,0.9997530302732208,1.0000000000000004,3.469835530012233e-11
1181.493149,0.299527948,443.8430476,1489.03695,0.177078285,0.903149407,-7.285123675,0.893250328,0.000455945,3.4731738518256094e-11,0.969974326342559,0.0190409693962451,0.0096671825924869,6.53348666979787e-05,1.45283273116598e-06,0.0012431163366766,7.61759330581354e-06,4.5657015362002496e-12,,788.9151709447269,0.9983778856420076,0.5547916712130255,0.9997527408959616,1.0,3.473177301316355e-11
1180.364085,0.299526955,443.2963631,1489.035943,0.177070862,0.90314229,-7.285218312,0.893155691,0.000456493,3.4764627645715694e-11,0.969961449886554,0.0190428647105611,0.0096766062609865,6.54127406475779e-05,1.45500318223083e-06,0.00124458213767,7.62922106624495e-06,4.56765008778716e-12,,787.9750453633051,0.9983745758031526,0.5541083305388361,0.9997520647871452,0.9999999999999999,3.4764746636994914e-11
1179.235021,0.299525962,442.7499482,1489.034935,0.17706344,0.903135174,-7.285312951,0.893061052,0.000457042,3.47975792748368e-11,0.96994855266623,0.0190447600749348,0.0096860476123486,6.54907673280651e-05,1.45717817508405e-06,0.001246050788228,7.6408733881688e-06,4.5695994204246895e-12,,787.0353146535929,0.9983712659642976,0.5534253268572737,0.9997513880069195,1.0,3.479760923852382e-11
1178.105957,0.299524968,442.203803,1489.033924,0.177056017,0.903128057,-7.285407591,0.892966411,0.00045759,3.4830593584905897e-11,0.969935634622801,0.0190466554888456,0.0096955066971954,6.55689471786482e-05,1.45935772287801e-06,0.0012475222965117,7.6525503427746e-06,4.5715495341407395e-12,,786.0959786711062,0.9983679527922716,0.5527426602933354,0.9997507092124672,1.0,3.4830471840052724e-11
1177.022056,0.299524014,441.679758,1489.03242,0.177048892,0.903121234,-7.285498454,0.892875548,0.000458116,3.48623459578021e-11,0.969923215698709,0.0190484753095985,0.0097046041484031,6.56441448122753e-05,1.46144927743182e-06,0.0012489354396449,7.66377011896099e-06,4.57342251851504e-12,,785.1959759031238,0.9983647729470877,0.5520876183749975,0.9997496994134005,1.0,3.4862335240859466e-11
1175.938154,0.299523058,441.1559595,1489.031979,0.177041767,0.903114391,-7.285589306,0.892784696,0.000458641,3.48941574271122e-11,0.969910773391639,0.0190502948205414,0.0097137180369007,6.57194834746604e-05,1.46355527162618e-06,0.0012503556332946,7.6750394083982e-06,4.57529594213101e-12,,784.2935595121531,0.9983615864355617,0.5514328845749185,0.999749403322052,0.9999999999999999,3.489430966396867e-11
1174.854253,0.299522102,440.6324099,1489.031003,0.177034642,0.903107557,-7.285680166,0.892693836,0.000459166,3.49260266461947e-11,0.969898313777166,0.0190521145532799,0.0097228484047506,6.57949649557801e-05,1.46566039034916e-06,0.0012517762817032,7.68631825119763e-06,4.57717022626595e-12,,783.3928951108653,0.9983583999240356,0.5507784618930323,0.9997487480269129,1.0000000000000002,3.4925839997868025e-11
1173.770351,0.299521145,440.1091085,1489.030026,0.177027517,0.903100723,-7.285771028,0.892602975,0.000459692,3.4957954280078796e-11,0.969885834760187,0.019053934329539,0.0097319952984971,6.58705891828647e-05,1.46776975430451e-06,0.0012531995932505,7.69762005212399e-06,4.57904523009091e-12,,782.4925939722135,0.9983552100793385,0.5501243494543583,0.9997480920603649,0.9999999999999998,3.4958147487884617e-11
1172.68645,0.299520188,439.5860549,1489.029046,0.177020392,0.903093889,-7.285861891,0.892512112,0.000460216,3.49899404903543e-11,0.969873336287714,0.0190557541488508,0.009741158763769,6.5946356551809e-05,1.46988337534695e-06,0.0012546255752924,7.70894487533947e-06,4.58092095362787e-12,,781.5926559684347,0.9983520202346415,0.5494705467589075,0.9997474340795902,0.9999999999999994,3.4990343955598746e-11
1171.645904,0.299519268,439.0841575,1489.027611,0.177013552,0.903087336,-7.285949127,0.892424876,0.00046072,3.50207020922327e-11,0.969861321320656,0.0190575013672363,0.0097499713227831,6.60192286534299e-05,1.47191168900357e-06,0.0012559949834399,7.71982593901602e-06,4.58272244351983e-12,,780.7303381654309,0.9983489537172733,0.5488431887348737,0.9997464706077412,1.0,3.502065304417101e-11
1170.605359,0.299518348,438.5824867,1489.027161,0.177006713,0.903080766,-7.286036353,0.89233765,0.000461224,3.50515188041387e-11,0.969849284486389,0.0190592483224486,0.009758799238258,6.60922326174889e-05,1.4739535053882e-06,0.0012573709738348,7.7307533101524e-06,4.5845243618916095e-12,,779.8657924552301,0.9983458871999051,0.5482161139546429,0.999746168473712,0.9999999999999994,3.5052072355767905e-11
1169.564814,0.299517427,438.0810449,1489.026216,0.176999874,0.903074203,-7.286123587,0.892250416,0.000461727,3.5082389522164695e-11,0.969837231498843,0.01906099546696,0.0097676425490968,6.61653699618957e-05,1.47599449820265e-06,0.001258747391386,7.74168958543849e-06,4.5863270609234295e-12,,779.0028622560944,0.9983428173493659,0.5475893254181492,0.9997455339922506,1.0,3.508238144434017e-11
1168.524268,0.299516506,437.5798313,1489.025269,0.176993035,0.903067641,-7.286210821,0.892163182,0.00046223,3.5113314805044195e-11,0.969825160389369,0.0190627426500354,0.0097765012968799,6.62386406562888e-05,1.47803945727095e-06,0.0012601262965904,7.75264731018831e-06,4.58813042386957e-12,,778.1402662742378,0.9983397474988268,0.5469628221254148,0.9997448981679713,0.9999999999999999,3.5113467689029676e-11
1167.483723,0.299515584,437.0788457,1489.024321,0.176986196,0.903061078,-7.286298058,0.892075945,0.000462733,3.51442947995671e-11,0.969813071110562,0.0190644898709195,0.0097853755227123,6.63120450561387e-05,1.48008839318301e-06,0.0012615076960804,7.76362654182759e-06,4.58993445042617e-12,,777.2780043928788,0.9983366743151164,0.5463366038264449,0.9997442616722831,0.9999999999999996,3.5144775978324105e-11
1165.485876,0.299513811,436.1175921,1489.022495,0.176973065,0.903048476,-7.286465555,0.891908447,0.000463697,3.5203930292049595e-11,0.969789808587312,0.0190678446394769,0.0098024575755825,6.64533576190442e-05,1.48403353743431e-06,0.001264166999507,7.78476716763806e-06,4.59340004173191e-12,,775.6233976870352,0.9983307646028408,0.5451350631149542,0.9997430356795332,0.9999999999999999,3.520406188783909e-11
1163.488029,0.299512037,435.1571781,1489.020663,0.176959935,0.903035873,-7.286633059,0.891740944,0.000464661,3.5263769051714195e-11,0.96976647856723,0.0190711995427919,0.0098195971323706,6.6595166940273e-05,1.48799345755588e-06,0.0012668355696465,7.80598770263489e-06,4.59686807949313e-12,,773.9700214308422,0.9983248515573938,0.5439345718805019,0.9997418056583297,1.0,3.526368086426146e-11
1161.530138,0.299510296,434.216787,1489.018436,0.176947068,0.903023528,-7.286797221,0.891576782,0.000465605,3.5322608983662596e-11,0.96974355102585,0.0190744875822538,0.0098364499731544,6.67346247569357e-05,1.49188441371949e-06,0.0012694580188144,7.82685083339925e-06,4.60026920874733e-12,,772.3519962110116,0.9983190485065917,0.5427591087234602,0.9997403104305894,0.9999999999999996,3.5323077796078906e-11
1159.612205,0.299508588,433.2963667,1489.01709,0.176934464,0.903011418,-7.286958032,0.891415971,0.000466529,3.5380439847757796e-11,0.969721024553423,0.0190777084281296,0.0098530129706677,6.68717032968037e-05,1.49571812882677e-06,0.0012720392013845,7.84738498515454e-06,4.60360304990933e-12,,770.7659773928597,0.9983133554504343,0.5416086085202543,0.9997394067141375,0.9999999999999997,3.5380809393359414e-11
1157.694272,0.299506878,432.376719,1489.015313,0.176921861,0.902999315,-7.287118851,0.891255152,0.000467452,3.54384606260981e-11,0.9696984366345,0.0190809294962789,0.0098696297698113,6.70092468983152e-05,1.49956149553988e-06,0.0012746272679787,7.86798299218244e-06,4.60693922453842e-12,,769.1821809285054,0.9983076557279347,0.540459074045919,0.9997382136204265,1.0000000000000002,3.543809690143007e-11
1156.543512,0.299505851,431.8253007,1489.014244,0.176914299,0.902992052,-7.287215345,0.891158658,0.000468006,3.5473364775610294e-11,0.969684853447295,0.0190828621913413,0.0098796257849272,6.70919971268765e-05,1.50187418054055e-06,0.0012761842872033,7.88037784345458e-06,4.6089420113792594e-12,,768.2324461877168,0.998304232561264,0.5397698162511902,0.9997374958842548,1.0,3.547329097131069e-11
1155.392752,0.299504823,431.27416,1489.013173,0.176906738,0.902984789,-7.28731184,0.891062163,0.000468559,3.5508337935513897e-11,0.969671247350079,0.0190847949268106,0.0098896413224929,6.71749160217577e-05,1.50419188394059e-06,0.0012777444527597,7.89279983306435e-06,4.61094561027491e-12,,767.283118324069,0.9983008060614221,0.5390809054488697,0.9997367768052652,1.0000000000000002,3.5508040951981457e-11
1154.241992,0.299503795,430.7232966,1489.012099,0.176899176,0.902977526,-7.287408338,0.890965665,0.000469112,3.5543380317862e-11,0.969657618277176,0.0190867277004635,0.0098996764406847,6.72580040818589e-05,1.50651461975553e-06,0.001279307773779,7.905249039231e-06,4.61295001966843e-12,,766.3341973333544,0.9982973795615804,0.5383923412639655,0.9997360557120487,1.0000000000000002,3.554301297725715e-11
1153.091232,0.299502766,430.1727106,1489.011024,0.176891615,0.902970262,-7.287504837,0.890869165,0.000469665,3.55784921131123e-11,0.969643966156685,0.0190886605159755,0.0099097311978026,6.73412618285663e-05,1.50884240427285e-06,0.0012808742595622,7.91772554870738e-06,4.61495524369119e-12,,765.3856831238343,0.9982939497285674,0.5377041238214749,0.9997353339474232,1.0000000000000004,3.5578096024835304e-11
1151.940472,0.299501736,429.6224018,1489.009946,0.176884054,0.902962998,-7.287601339,0.890772664,0.000470217,3.56136735491727e-11,0.96963029092572,0.019090593367369,0.0099198056525517,6.74246897518016e-05,1.51117525129975e-06,0.0012824439196877,7.93022943796981e-06,4.61696127717166e-12,,764.4375754703765,0.9982905165623837,0.5370162528714034,0.9997346101685709,1.0,3.561362316162331e-11
1150.835742,0.299500746,429.094367,1489.008338,0.176876795,0.902956034,-7.287693991,0.890680012,0.000470747,3.5647512705998096e-11,0.969617143113181,0.0190924491778815,0.009929495713875,6.75049418189714e-05,1.51341388632476e-06,0.0012839513548938,7.94224419670417e-06,4.61888803013773e-12,,763.5292268041172,0.9982872167230417,0.5363562238121792,0.9997335305429731,0.9999999999999997,3.5647818030781764e-11
1149.731013,0.299499756,428.5665854,1489.007871,0.176869537,0.902949049,-7.287786626,0.890587376,0.000471277,3.56814178574894e-11,0.969603969440821,0.0190943045482617,0.0099392040376707,6.75853503025849e-05,1.51566856713703e-06,0.0012854666001061,7.95431396881524e-06,4.62081513813606e-12,,762.6183479349536,0.9982839168837,0.5356965112460305,0.9997332169949916,1.0000000000000002,3.568123574382298e-11
1148.626283,0.299498765,428.0390599,1489.006831,0.176862279,0.902942074,-7.287879273,0.89049473,0.000471807,3.5715387022208294e-11,0.969590776500982,0.0190961601893383,0.0099489306723884,6.76659176825852e-05,1.51792227934416e-06,0.0012869823626056,7.96639438563245e-06,4.62274319073917e-12,,761.709295714567,0.998280613711187,0.5350371187978779,0.9997325187296795,1.0,3.5715319590678973e-11
1147.521554,0.299497773,427.5117894,1489.005788,0.176855021,0.902935099,-7.287971921,0.890402082,0.000472336,3.5749421109006295e-11,0.969577562014725,0.0190980158634459,0.0099586756720344,6.77466437411077e-05,1.52018071269731e-06,0.0012885010846316,7.97850033549216e-06,4.6246719914304394e-12,,760.8006176645415,0.9982773072055032,0.5343780450927514,0.9997318184501406,1.0000000000000002,3.574918139293004e-11
1146.416824,0.29949678,426.9847739,1489.004743,0.176847763,0.902928123,-7.288064571,0.890309432,0.000472865,3.57835203051013e-11,0.969564325920668,0.0190998715700279,0.0099684390894789,6.78275289368921e-05,1.52244388092727e-06,0.0012900227747047,7.99063189269642e-06,4.62660154020261e-12,,759.8923136508829,0.9982739973666482,0.5337192901306512,0.9997311168277838,1.0,3.5783376262088495e-11
1145.356284,0.299495827,426.4790795,1489.003207,0.176840795,0.902921435,-7.288153519,0.890220483,0.000473373,3.5816316724312094e-11,0.969551601065867,0.0191016531849039,0.0099778293479496,6.79053291013208e-05,1.52461565116693e-06,0.0012914841277174,8.00228836517433e-06,4.62845468374022e-12,,759.0220323261874,0.9982708208546353,0.5330871859604585,0.9997300855436306,1.0000000000000002,3.581612784131494e-11
1144.295743,0.299494873,425.973618,1489.002732,0.176833828,0.902914728,-7.288242464,0.890131539,0.00047388,3.58491739644709e-11,0.969538851823001,0.0191034346157796,0.0099872366743173,6.79832762951175e-05,1.52680248747059e-06,0.0012929527711006,8.01399653906669e-06,4.63030837096294e-12,,758.1494179121968,0.9982676410094513,0.5324553729088961,0.9997297666243775,0.9999999999999997,3.5849545554356155e-11
1143.235203,0.299493918,425.468392,1489.001723,0.176826861,0.90290803,-7.288331412,0.890042591,0.000474388,3.5882091479638095e-11,0.969526084681583,0.0191052161813433,0.0099966611188812,6.80613716254554e-05,1.52898838579867e-06,0.0012944219031368,8.02571453034819e-06,4.63216282027486e-12,,757.2784866483736,0.9982644578310964,0.5318238542258934,0.9997290891727432,1.0,3.588196406667521e-11
1142.174663,0.299492963,424.9634006,1489.000713,0.176819895,0.902901331,-7.288420362,0.88995364,0.000474895,3.59150696790204e-11,0.969513297405798,0.0191069977738501,0.0100061027281443,6.81396152691412e-05,1.53117869708644e-06,0.0012958938013037,8.03745638844739e-06,4.6340179580419e-12,,756.4078996047648,0.9982612746527414,0.5311926287864748,0.9997284110496997,0.9999999999999998,3.5915270757413964e-11
1141.114122,0.299492006,424.4586435,1488.999701,0.176812928,0.902894633,-7.288509314,0.889864688,0.000475402,3.59481087168142e-11,0.969500489936664,0.0191087793965979,0.0100155615496966,6.82180076530556e-05,1.53337343472408e-06,0.0012973684731851,8.04922218456998e-06,4.635873787928499e-12,,755.537656715398,0.9982580848080442,0.5305616962156485,0.9997277315838383,1.0,3.594813335894287e-11
1140.096004,0.299491088,423.9742978,1488.998234,0.176806237,0.902888208,-7.288594744,0.889779259,0.000475888,3.5979880780585894e-11,0.969488177106218,0.0191104905551296,0.0100246582446119,6.82934072468887e-05,1.53547974760162e-06,0.001298784638819,8.06052760930614e-06,4.637656755252939e-12,,754.7037921752503,0.9982550249570182,0.5299562773366081,0.999726746626903,0.9999999999999998,3.598010778205207e-11
1139.077885,0.299490169,423.4901667,1488.997752,0.176799552,0.90288177,-7.288680106,0.889693896,0.000476374,3.6011714878515895e-11,0.969475842797809,0.0191122001832016,0.0100337709121502,6.83689394583212e-05,1.53759978141556e-06,0.0013002076470986,8.07187984962386e-06,4.63943890981666e-12,,753.867754467819,0.998251961772821,0.5293511267016989,0.9997264230077872,0.9999999999999998,3.6011971182858815e-11
1138.059766,0.299489249,423.006252,1488.996775,0.176792864,0.902875338,-7.288765505,0.889608498,0.00047686,3.6043602687536296e-11,0.969463491116524,0.0191139106127163,0.0100428995601868,6.84446124627384e-05,1.5397191174543e-06,0.001301631096296,8.08324201202572e-06,4.64122242385417e-12,,753.0332786442414,0.998248895255453,0.5287462465608715,0.9997257670412394,1.0,3.604361253906063e-11
1137.041647,0.299488328,422.5225529,1488.995796,0.176786177,0.902868906,-7.288850904,0.889523099,0.000477346,3.60755471838784e-11,0.969451120627841,0.0191156210657481,0.0100520442430875,6.85204240294456e-05,1.5418425767953e-06,0.0013030571295245,8.09462647452085e-06,4.64300657324912e-12,,752.1991195361759,0.9982458254049138,0.5281416359141479,0.9997251097318735,1.0000000000000004,3.6075142872959987e-11
1136.023529,0.299487407,422.0390695,1488.994815,0.176779489,0.902862473,-7.288936305,0.889437697,0.000477831,3.61075485199807e-11,0.969438731282021,0.0191173315417341,0.0100612050037884,6.85963745305996e-05,1.54397017055826e-06,0.0013044857537056,8.10603329731293e-06,4.64479135788209e-12,,751.3652770374473,0.9982427555543745,0.5275372948865252,0.9997244510796897,0.9999999999999999,3.6107672407581504e-11
1134.068741,0.299485637,421.1113852,1488.992927,0.17676665,0.902850121,-7.28910028,0.889273723,0.000478763,3.61691509551306e-11,0.96941489068866,0.0191206157241758,0.0100788388914674,6.87425903452119e-05,1.54806678291638e-06,0.0013072360004452,8.12799730632265e-06,4.64821993071584e-12,,749.7651866270517,0.9982368558416119,0.526377714881976,0.9997231834595848,1.0000000000000002,3.616895671854081e-11
1132.113953,0.299483865,420.1844948,1488.991033,0.176753811,0.902837768,-7.289264259,0.889109743,0.000479694,3.62309646151756e-11,0.969390980050551,0.0191238999752865,0.0100965325140939,6.88893223283354e-05,1.55217875420113e-06,0.0013099958737182,8.15004438569505e-06,4.65165083444872e-12,,748.166262120467,0.9982309494625071,0.5252191272307153,0.9997219118110261,1.0000000000000004,3.623057409640751e-11
1130.19826,0.299482125,419.2769126,1488.988746,0.176741229,0.902825669,-7.28942497,0.888949033,0.000480606,3.6291747536750797e-11,0.969367481030855,0.0191271187569052,0.0101139305164481,6.90336234657053e-05,1.55621912834381e-06,0.001312708092049,8.17172020201879e-06,4.65501550469127e-12,,746.6014996789904,0.998225149744876,0.524084674301411,0.9997203762987485,1.0000000000000002,3.629163636276189e-11
1128.321664,0.299480419,418.388589,1488.987339,0.176728905,0.9028138,-7.289582396,0.888791607,0.000481498,3.6351489432226895e-11,0.969344392275966,0.019130271646129,0.0101310296513749,6.9175464575159e-05,1.56020009099898e-06,0.0013153776665613,8.1930542929214e-06,4.6583134733583096e-12,,745.0676711808396,0.9982194633550607,0.5229742940954195,0.9997194316263505,1.0000000000000002,3.6351366361486726e-11
1126.445067,0.299478711,417.500996,1488.985502,0.176716581,0.902801937,-7.289739831,0.888634172,0.00048239,3.6411428540364495e-11,0.969321239702723,0.0191334247377224,0.0101481846799627,6.93177891034339e-05,1.56419108967736e-06,0.0013180544035401,8.21445478527921e-06,4.6616137091701696e-12,,743.5359682782395,0.9982137702989033,0.5218648271194475,0.9997181982481022,0.9999999999999996,3.6411873516328797e-11
1125.319109,0.299477685,416.9687904,1488.984396,0.176709187,0.902794819,-7.289834295,0.888539708,0.000482924,3.64474872697347e-11,0.969307316565902,0.019135316621635,0.0101585046418775,6.94034166835395e-05,1.56659261865944e-06,0.0013196647876103,8.22733256181268e-06,4.6635948855074e-12,,742.6174612721953,0.9982103504654036,0.521199584674287,0.9997174556697992,0.9999999999999998,3.644773372002419e-11
1123.517577,0.299476041,416.1178072,1488.982623,0.176697356,0.902783429,-7.289985441,0.888388562,0.000483779,3.6505330479986696e-11,0.969284990052326,0.0191383436799329,0.0101750587937462,6.954078563422e-05,1.57044592513388e-06,0.0013222482055284,8.24799573493332e-06,4.66676638267679e-12,,741.1486519389503,0.9982048707321937,0.5201358789471046,0.999716265261724,1.0,3.6505354295002235e-11
1121.716044,0.299474396,415.2674954,1488.980844,0.176685526,0.902772038,-7.290136592,0.888237411,0.000484633,3.6563358136251395e-11,0.969262602367771,0.0191413707927791,0.010191665117936,6.96786054996427e-05,1.57431265213609e-06,0.0013248400306357,8.26873149322777e-06,4.66993987004214e-12,,739.6808298016841,0.9981993876658124,0.5190730124515606,0.999715070825195,1.0,3.656330793688767e-11
1120.635124,0.299473408,414.7576304,1488.979774,0.176678429,0.902765203,-7.290227284,0.888146719,0.000485145,3.659826365200579e-11,0.969249140278701,0.01914318708072,0.0102016540594997,6.97615147452222e-05,1.57663915570907e-06,0.0013263991779787,8.2812079293962e-06,4.671844912986499e-12,,738.8006101197313,0.9981960944928128,0.5184356951454259,0.9997143524176142,0.9999999999999999,3.659839098446582e-11
1119.554205,0.299472419,414.2480069,1488.978702,0.176671331,0.902758368,-7.290317978,0.888056025,0.000485657,3.6633236079114495e-11,0.969235655999418,0.0191450033871164,0.0102116619277708,6.98445875768713e-05,1.57897052921156e-06,0.0013279613755796,8.293710702168e-06,4.6737506726697994e-12,,737.9207452938815,0.998192797986642,0.5177986797076867,0.9997136326672158,1.0,3.663325198743905e-11
1118.473285,0.299471429,413.7386246,1488.977628,0.176664234,0.902751532,-7.290408674,0.887965329,0.000486169,3.66682756064347e-11,0.9692221494656,0.0191468197125701,0.0102216887773781,6.99278244730792e-05,1.58130678655933e-06,0.0013295266319604,8.30623988809391e-06,4.67565715020944e-12,,737.0412353566575,0.9981894981473002,0.517161965763351,0.9997129115739993,1.0000000000000002,3.666789094580736e-11
1117.392366,0.299470438,413.2294836,1488.976551,0.176657136,0.902744695,-7.290499372,0.887874631,0.000486681,3.67033824394721e-11,0.969208620616341,0.0191486360536012,0.0102317346632387,7.00112258995415e-05,1.58364794120552e-06,0.0013310949560367,8.31879556092337e-06,4.67756434275483e-12,,736.1620801438564,0.9981861949747873,0.5165255534374164,0.999712188466556,1.0000000000000002,3.6703085015687975e-11
1116.311446,0.299469447,412.7205837,1488.975473,0.176650039,0.902737859,-7.290590071,0.887783932,0.000487192,3.67385567751961e-11,0.969195069388207,0.0191504524091113,0.0102417996404338,7.00947923323089e-05,1.58599400730229e-06,0.0013326663566925,8.33137779740414e-06,4.67947224977043e-12,,735.283279525501,0.9981828918022744,0.515889442479888,0.9997114646877037,0.9999999999999998,3.6738834197080905e-11
1115.273763,0.299468495,412.2322673,1488.973906,0.176643224,0.902731303,-7.290677176,0.887696827,0.000487683,3.67723850745067e-11,0.969182040729756,0.0191521968722211,0.0102514800205502,7.01751743447108e-05,1.58824549344314e-06,0.0013341754481782,8.34346800272429e-06,4.681305211485959e-12,,734.4412653430505,0.9981797186234326,0.5152790603344389,0.9997104125898729,1.0,3.6772362932424585e-11
1114.236081,0.299467542,411.7441714,1488.973396,0.176636413,0.902724731,-7.290764218,0.887609785,0.000488173,3.68062814352257e-11,0.969168988060994,0.0191539398515572,0.0102611781161391,7.02557041929453e-05,1.59051227518065e-06,0.0013356921029105,8.35561044146818e-06,4.68313743531345e-12,,733.5969758602976,0.9981765421114196,0.5146689538079597,0.9997100701713065,1.0,3.6806335756978115e-11
1113.198398,0.299466588,411.2562982,1488.972355,0.1766296,0.902718167,-7.290851294,0.887522709,0.000488663,3.6840237780149094e-11,0.969155916227846,0.0191556835923455,0.0102708939451818,7.03363899640069e-05,1.59277825083968e-06,0.0013372092611203,8.36776376678659e-06,4.68497101726853e-12,,732.7543138150023,0.9981733622662357,0.5140591256503899,0.9997093712345855,1.0000000000000004,3.683975347001933e-11
1112.160715,0.299465634,410.7686469,1488.971312,0.176622788,0.902711602,-7.290938371,0.887435632,0.000489153,3.68742570363169e-11,0.969142823538831,0.0191574273451213,0.0102806275675841,7.04172295327711e-05,1.59504880471085e-06,0.0013387292867119,8.3799418532459e-06,4.68680525828947e-12,,731.9119781304481,0.9981701824210517,0.5134495748617517,0.9997086709550465,1.0,3.6874281406085174e-11
1111.123032,0.299464679,410.2812172,1488.970266,0.176615975,0.902705037,-7.291025451,0.887348552,0.000489643,3.6908339351766e-11,0.969129709929544,0.0191591711164156,0.010290379032861,7.04982233556482e-05,1.59732395163653e-06,0.0013402521874967,8.39214477874597e-06,4.68864016522774e-12,,731.0699687916916,0.9981669992426968,0.512840301067053,0.9997079686612808,1.0000000000000004,3.6907921163731316e-11
1109.130681,0.299462843,409.3459737,1488.968254,0.176602895,0.902692431,-7.291192646,0.887181357,0.000490583,3.697395497078999e-11,0.969104472982696,0.019162519166793,0.0103091520468108,7.06541653397214e-05,1.60170514537611e-06,0.0013431842473143,8.41564423465458e-06,4.69216501364557e-12,,729.4542246923958,0.9981608795406446,0.511671272269234,0.9997066177864655,1.0,3.6973979433696513e-11
1107.13833,0.299461005,408.4115466,1488.966235,0.176589816,0.902679824,-7.291359848,0.887014155,0.000491522,3.70398050073731e-11,0.969079158302453,0.0191658672670465,0.0103279913755008,7.08106805938381e-05,1.60610340711014e-06,0.0013461269932644,8.439235998473e-06,4.69569230417916e-12,,727.8396823191878,0.9981547531722506,0.5105032639490881,0.9997052622117877,0.9999999999999997,3.704014872596417e-11
1105.185826,0.299459201,407.4966001,1488.963792,0.176576997,0.902667474,-7.291523739,0.886850264,0.000492442,3.71045643671785e-11,0.969054275544517,0.0191691490794895,0.0103465185918698,7.09646268830226e-05,1.61042565614362e-06,0.0013490192558937,8.4624338871494e-06,4.6991520064575896e-12,,726.2597039282402,0.9981487401316721,0.5093596058461838,0.9997036219597133,1.0,3.710454166139243e-11
1103.273169,0.299457431,406.6010839,1488.962296,0.176564444,0.902655362,-7.291684235,0.886689768,0.000493342,3.71682275695488e-11,0.969029824644306,0.0191723626495965,0.0103647301308308,7.11159664511306e-05,1.61468504122372e-06,0.0013518666128259,8.48526907785033e-06,4.70254215276617e-12,,724.7108933620096,0.9981428404189094,0.5082402350868965,0.9997026175319182,1.0000000000000002,3.716793539609853e-11
1101.360512,0.299455659,405.7063191,1488.960336,0.176551889,0.902643255,-7.291844765,0.886529238,0.000494241,3.72321078489501e-11,0.969005302398184,0.0191755769064244,0.0103830037511203,7.12678450480821e-05,1.61895571887194e-06,0.0013547219229134,8.50817865261735e-06,4.70593515861956e-12,,723.1642964968506,0.9981369340398046,0.5071218035570599,0.9997013015703687,0.9999999999999997,3.723243935382925e-11
1099.524362,0.299453956,404.8480506,1488.958449,0.176539838,0.902631632,-7.291998878,0.886375125,0.000495104,3.7293640572797e-11,0.968981692256021,0.0191786625978708,0.0104006051412071,7.14141560147796e-05,1.62307067703633e-06,0.0013574724826482,8.53025355843915e-06,4.70919453589936e-12,,721.6806024475171,0.9981312576495026,0.5060489914041171,0.9997000346216727,1.0000000000000002,3.729339059788117e-11
1097.688211,0.29945225,403.9904729,1488.956555,0.176527786,0.902620007,-7.292152996,0.886221007,0.000495966,3.7355377668345295e-11,0.968958014374734,0.0191817483106161,0.0104182643387305,7.15609667388535e-05,1.62720051542716e-06,0.0013602323576546,8.55240894230766e-06,4.712455981092949e-12,,720.1979258351226,0.9981255712596871,0.504977042732282,0.999698762973114,0.9999999999999996,3.7355785131865105e-11
1095.888783,0.299450576,403.1507171,1488.9543,0.176515976,0.902608621,-7.292304038,0.886069965,0.00049681,3.74160792011059e-11,0.968934745733535,0.0191847723838733,0.0104356267181271,7.17053286340073e-05,1.63125803552107e-06,0.0013629443470806,8.57418858319518e-06,4.71565423628698e-12,,718.7468265402808,0.9981199915313457,0.5039273709480511,0.9996972489459232,1.0000000000000004,3.741551513058994e-11
1094.126079,0.299448934,402.3287403,1488.952862,0.176504407,0.902597452,-7.292451999,0.885922004,0.000497636,3.7475734396282394e-11,0.968911884868793,0.0191877346190077,0.0104526891232868,7.18472140878137e-05,1.6352551129809e-06,0.0013656132561254,8.59562139214895e-06,4.718789058115159e-12,,717.3244320636653,0.9981145184644776,0.5028999224275972,0.9996962834598474,1.0000000000000002,3.7475467173919697e-11
1092.363374,0.29944729,401.5073994,1488.951026,0.176492839,0.902586289,-7.292599966,0.885774037,0.000498462,3.7535580636186595e-11,0.96888896238433,0.0191906969244718,0.0104698055951462,7.19895670757441e-05,1.63926187867769e-06,0.001368289106467,8.61711837322886e-06,4.72192581989132e-12,,715.9039109202727,0.9981090387312676,0.5018732687647527,0.999695050753008,1.0000000000000002,3.7535419217249455e-11
1091.305751,0.299446303,401.0148996,1488.949921,0.176485898,0.902579591,-7.292688749,0.885685254,0.000498957,3.7571580498730294e-11,0.968875178359237,0.0191924743154147,0.0104801015377501,7.2075204187989e-05,1.64167264756249e-06,0.0013698988156176,8.63005284971879e-06,4.72380879468416e-12,,715.0520474768654,0.998105748891439,0.5012576574837119,0.9996943088461139,1.0,3.7571612487852235e-11
1090.248129,0.299445314,400.5226282,1488.948815,0.176478958,0.902572892,-7.292777533,0.88559647,0.000499452,3.76076497408594e-11,0.968861371363479,0.0191942516999232,0.0104904170944328,7.216101084859e-05,1.6440884643613e-06,0.0013715116858903,8.64301462857072e-06,4.7256924464878695e-12,,714.2005204371416,0.9981024523852682,0.5006423316964248,0.9996935662678109,1.0000000000000002,3.760747269154763e-11
1089.190506,0.299444325,400.0305852,1488.947706,0.176472017,0.902566193,-7.292866318,0.885507685,0.000499947,3.7643788576543996e-11,0.968847541334253,0.0191960290742634,0.0105007523221671,7.22469875398138e-05,1.64650934233107e-06,0.0013731277262786,8.65600378429699e-06,4.72757677217217e-12,,713.3493297802246,0.9980991558790974,0.5000272914028915,0.9996928216752811,0.9999999999999999,3.764388800675533e-11
1088.132883,0.299443336,399.5387705,1488.946595,0.176465077,0.902559494,-7.292955106,0.885418897,0.000500441,3.76799971361024e-11,0.96883368818801,0.0191978064558122,0.01051110727773,7.23331348240066e-05,1.64893530141146e-06,0.0013747469454941,8.66902041850007e-06,4.72946178933269e-12,,712.4984756273201,0.9980958593729267,0.4994125364781144,0.9996920757399332,0.9999999999999996,3.76804143442655e-11
1087.07526,0.299442345,399.0471839,1488.945481,0.176458137,0.902552794,-7.293043895,0.885330108,0.000500935,3.7716275619714004e-11,0.968819811857541,0.0191995838446267,0.0105214820184601,7.24194532015268e-05,1.65136635668988e-06,0.001376369352754,8.68206461253448e-06,4.73134749857963e-12,,711.6479578715764,0.9980925562004137,0.4987980666720993,0.9996913277903587,1.0000000000000002,3.771605250335597e-11
1086.059942,0.299441394,398.5754763,1488.943882,0.176451474,0.902546372,-7.293129135,0.885244868,0.00050141,3.77511688744167e-11,0.968806471069834,0.0192012902070489,0.0105314604403248,7.25024803567739e-05,1.65369920199392e-06,0.0013779274628817,8.69459786775464e-06,4.7331584609932694e-12,,710.8330244927516,0.9980893863547431,0.4982084450724303,0.9996902542074415,1.0000000000000002,3.77509135063292e-11
1085.044625,0.299440441,398.1039769,1488.943338,0.176444812,0.90253993,-7.293214374,0.885159629,0.000501884,3.77861272675016e-11,0.968793104116117,0.0192029963989937,0.0105414571945029,7.25856657407385e-05,1.65604830912535e-06,0.0013794933468582,8.70718695756426e-06,4.73496995081151e-12,,710.0159056491555,0.9980862098427301,0.4976190837170674,0.9996898889609706,1.0000000000000002,3.778577450930243e-11
1084.029307,0.299439488,397.6326884,1488.942263,0.17643815,0.902533497,-7.293299616,0.885074387,0.000502358,3.78211505333341e-11,0.968779717965189,0.0192047026729492,0.0105514723413658,7.2669010290642e-05,1.6583963809678e-06,0.0013810597847599,8.71978650677289e-06,4.7367821225999895e-12,,709.2003440349125,0.9980830333307171,0.49702998598093673,0.999689167196345,1.0000000000000002,3.7820968579183045e-11
1083.013989,0.299438534,397.1616098,1488.941186,0.176431488,0.902527064,-7.293384859,0.884989144,0.000502832,3.78562390094539e-11,0.968766310215919,0.0192064089424788,0.0105615059294422,7.27525142839581e-05,1.66074920065656e-06,0.0013826291943451,8.73241173508167e-06,4.73859492325257e-12,,708.3850919169467,0.9980798534855332,0.49644115061406574,0.9996884440889018,0.9999999999999994,3.785682878287844e-11
1081.998671,0.29943758,396.6907411,1488.940107,0.176424826,0.902520631,-7.293470104,0.884903899,0.000503305,3.78913928401683e-11,0.968752880799071,0.0192081152166471,0.0105715580102548,7.28361782053654e-05,1.6631067843778e-06,0.0013842015836791,8.74506272665049e-06,4.74040836217802e-12,,707.5701493177323,0.9980766736403492,0.4958525776164544,0.9996877196386404,1.0000000000000002,3.7891134674339355e-11
1080.049261,0.299435745,395.7872611,1488.93803,0.176412036,0.902508277,-7.293633778,0.884740225,0.000504214,3.79590722718654e-11,0.968727035407278,0.0192113912239013,0.010590910035506,7.29972627094956e-05,1.66764673481358e-06,0.0013872289561097,8.76942505726108e-06,4.7438919046226994e-12,,706.0063261126722,0.9980705572714682,0.49472325232496245,0.9996863251222433,0.9999999999999994,3.795963543495873e-11
1078.09985,0.299433908,394.8845537,1488.935945,0.176399246,0.902495923,-7.293797458,0.884576545,0.000505121,3.8026994723419794e-11,0.968701109515934,0.0192146672143678,0.010610330793789,7.31589415365733e-05,1.67220438477845e-06,0.0013902674040984,8.793883114827e-06,4.7473777719610594e-12,,704.4436424958567,0.9980644342362451,0.4935948927623413,0.9996849252345744,0.9999999999999999,3.802713699485594e-11
1076.189428,0.299432105,394.0006504,1488.933439,0.176386712,0.902483824,-7.293957865,0.884416137,0.00050601,3.809379617095459e-11,0.968675625791929,0.019217877607317,0.0106294301856473,7.33179661650705e-05,1.67668306862998e-06,0.0013932537910348,8.81793199349694e-06,4.75079609321091e-12,,702.914378731163,0.9980584245288378,0.49249003781046274,0.999683242683736,0.9999999999999998,3.809397242093837e-11
1074.317994,0.299430336,393.1355025,1488.931878,0.176374434,0.902471952,-7.294115013,0.88425899,0.000506881,3.8159462345191394e-11,0.96865058211756,0.0192210225524191,0.0106482044739397,7.3474305389519e-05,1.68109705815942e-06,0.0013961938040438,8.84160667645524e-06,4.7541469628973696e-12,,701.4152830722562,0.9980525281492462,0.4914086265956587,0.999682194614359,1.0000000000000002,3.815914251248387e-11
1072.44656,0.299428564,392.2710659,1488.929855,0.176362157,0.902460088,-7.294272161,0.884101842,0.00050775,3.82253564594366e-11,0.968625465238835,0.019224167417896,0.0106670431270662,7.36312008231698e-05,1.68552254589017e-06,0.0013991420922349,8.8653576157117e-06,4.757499894348299e-12,,699.9182970417935,0.9980466217701414,0.49032810448640196,0.9996808363540454,0.9999999999999997,3.8225644871658915e-11
1070.649984,0.299426861,391.4418746,1488.927907,0.176350372,0.902448698,-7.294423028,0.883950975,0.000508584,3.82888300733324e-11,0.968601281785321,0.0192271864426147,0.010685189095889,7.37823466724047e-05,1.68978668422901e-06,0.0014019822564954,8.88824327378389e-06,4.76072070514063e-12,,698.4821758157026,0.9980409453798392,0.4892916380382514,0.9996795284494031,1.0,3.8288705539457624e-11
1068.853407,0.299425156,390.6133371,1488.925951,0.176338587,0.902437307,-7.2945739,0.883800103,0.000509418,3.8352515554252e-11,0.968577028165197,0.0192302054381727,0.0107033949876783,7.39340107231006e-05,1.69406625705007e-06,0.0014048320764478,8.911212407462e-06,4.7639434904530594e-12,,697.0470195725558,0.9980352623231951,0.4882559888222206,0.9996782151734893,0.9999999999999998,3.8352765407978495e-11
1067.092762,0.299423482,389.8020049,1488.923636,0.176327038,0.90242615,-7.294721758,0.883652245,0.000510234,3.84151340579848e-11,0.968553193041825,0.0192331640210171,0.0107212951933567,7.40831466551342e-05,1.69827087480157e-06,0.0014076324911579,8.93379193114179e-06,4.76710371038185e-12,,695.6424068213578,0.9980296825948534,0.4872418457606566,0.9996766608617611,1.0,3.841515994196243e-11
1065.368049,0.299421841,389.0078369,1488.922139,0.176315725,0.902415205,-7.294866605,0.883507398,0.000511033,3.8476673762817597e-11,0.968529774768787,0.0192360621519045,0.0107388864378601,7.4229726445111e-05,1.702412925973e-06,0.0014103884467114,8.95601211898372e-06,4.770201281719989e-12,,694.2655656621956,0.9980242128611565,0.4862491574796835,0.9996756557625571,1.0,3.847666629752666e-11
1063.643335,0.299420197,388.2142709,1488.920243,0.176304412,0.902404266,-7.295011455,0.883362548,0.000511831,3.853841173194679e-11,0.968506292700869,0.0192389602585642,0.0107565337332394,7.43767908764291e-05,1.70656500503692e-06,0.0014131516093505,8.97829878409029e-06,4.7733006594630494e-12,,692.8905171812638,0.9980187331279464,0.4852572216822468,0.9996743827711806,1.0000000000000004,3.8538061630788434e-11
1062.608507,0.29941921,387.7384197,1488.919102,0.176297625,0.902397703,-7.295098368,0.883275635,0.00051231,3.85755500311811e-11,0.968492171831229,0.0192406991046092,0.0107671491262035,7.44652631798781e-05,1.70906321149859e-06,0.0014148138597941,8.99170842155374e-06,4.7751611593458495e-12,,692.0659141597918,0.9980154432881176,0.4846624206958976,0.9996736166935642,0.9999999999999996,3.8576031258230614e-11
1061.573679,0.299418222,387.2627848,1488.91796,0.176290838,0.902391139,-7.295185281,0.883188722,0.000512789,3.86127602909619e-11,0.968478027171439,0.019242437920005,0.0107777848534393,7.45539112805907e-05,1.71156665224356e-06,0.0014164793874222,9.00514637175387e-06,4.7770222978392995e-12,,691.24163012009,0.998012150115118,0.484067890078633,0.9996728499445389,1.0,3.861277964034571e-11
1060.538851,0.299417233,386.7873659,1488.916815,0.176284051,0.902384575,-7.295272197,0.883101806,0.000513267,3.86500426179455e-11,0.968463858628815,0.0192441767293385,0.0107884409737261,7.46427357892082e-05,1.71407534944049e-06,0.0014181482008059,9.01861274731423e-06,4.77888409981108e-12,,690.4176654076922,0.9980088536089472,0.4834736294554612,0.9996720811812867,1.0000000000000004,3.8649750067065725e-11
1059.504023,0.299416243,386.312163,1488.915667,0.176277264,0.90237801,-7.295359114,0.883014889,0.000513745,3.8687397297496794e-11,0.96844966615178,0.0192459155136778,0.0107991175469565,7.47317371527515e-05,1.7165893131478e-06,0.0014198203100425,9.0321076091615e-06,4.78074654708869e-12,,689.5940196822038,0.9980055537696055,0.48287963882638213,0.9996713104038075,1.0,3.868738662760052e-11
1058.469195,0.299415253,385.8371761,1488.914518,0.176270477,0.902371445,-7.295446032,0.882927971,0.000514223,3.87248245532048e-11,0.968435449673824,0.0192476542694166,0.0108098146329433,7.48209158785088e-05,1.71910855798529e-06,0.0014214957248348,9.04563103741953e-06,4.78260963665339e-12,,688.7706927999299,0.9980022539302635,0.48228591819139593,0.9996705389549196,1.0,3.8724801143530385e-11
1056.482325,0.299413348,384.9258062,1488.912304,0.176257446,0.902358839,-7.29561292,0.882761083,0.00051514,3.87968889171192e-11,0.968408086456986,0.0192509926443573,0.0108304107583806,7.49926383002792e-05,1.72396038314625e-06,0.001424721821546,9.07167646372311e-06,4.7861886147883695e-12,,687.1907991263153,0.997995904239409,0.48114673074067815,0.9996690524554956,0.9999999999999999,3.879696564013102e-11
1054.495455,0.299411442,384.0152314,1488.910082,0.176244417,0.902346232,-7.295779814,0.882594189,0.000516057,3.8869223057940694e-11,0.968380633996449,0.0192543309218743,0.010851083150078,7.51650202351258e-05,1.72883184912921e-06,0.001427960207731,9.09782812484892e-06,4.78976997459956e-12,,685.612079916118,0.9979895512153832,0.4800085371432159,0.9996675605848002,1.0000000000000004,3.886890809212673e-11
1052.548323,0.29940957,383.1236396,1488.907407,0.176231648,0.902333886,-7.295943374,0.882430629,0.000516954,3.89403737400629e-11,0.968353645813,0.019257602375607,0.0108714165065441,7.53345980015201e-05,1.73361943097507e-06,0.0014311434980603,9.12354562205155e-06,4.7932820277778194e-12,,684.0671861396315,0.9979833115191732,0.4788940717766036,0.9996657645658484,0.9999999999999998,3.8940628499517516e-11
1050.640927,0.299407733,382.250981,1488.905748,0.17621914,0.902321771,-7.296103605,0.882270398,0.000517833,3.90103260689132e-11,0.968327119778499,0.0192608069536469,0.0108914066989191,7.55013362635624e-05,1.73833894476941e-06,0.0014342779822595,9.14886765971307e-06,4.7967246704654694e-12,,682.5527118816173,0.99797718848395,0.4778032723922034,0.9996646506983939,0.9999999999999994,3.901090561697629e-11
1048.733532,0.299405894,381.3790543,1488.903591,0.176206633,0.902309665,-7.296263839,0.882110164,0.00051871,3.9080531306406096e-11,0.968300512452853,0.0192640114436234,0.0109114683575195,7.56686924362554e-05,1.7430712382599e-06,0.0014374216640127,9.17427443580727e-06,4.80016949072713e-12,,681.0404299812434,0.9979710587823847,0.476713387862787,0.9996632024692804,0.9999999999999997,3.908084966752767e-11
1046.902433,0.299404126,380.5426919,1488.901513,0.176194627,0.902298042,-7.296417669,0.881956333,0.000519552,3.91481673425365e-11,0.968274890321217,0.0192670876743231,0.0109307951412375,7.58299389911636e-05,1.74763165620298e-06,0.0014404504894897,9.19875913365836e-06,4.80347860153913e-12,,679.5896553225929,0.9979651657359642,0.47566795773575277,0.9996618072814744,0.9999999999999999,3.914824020512242e-11
1045.071334,0.299402355,379.7070021,1488.899427,0.176182621,0.902286418,-7.296571505,0.881802498,0.000520393,3.92160387589438e-11,0.968249190298587,0.0192701638215512,0.0109501884885296,7.59917612892166e-05,1.75220922534856e-06,0.001443490040202,9.22333659230934e-06,4.80678975107327e-12,,678.1398753328629,0.9979592626900304,0.4746233683403241,0.9996604067223965,0.9999999999999996,3.921651892113687e-11
1043.276856,0.299400617,378.8886791,1488.896955,0.176170855,0.902275033,-7.296722266,0.881651737,0.000521217,3.9282782613260794e-11,0.968223930379923,0.0192731783261616,0.0109692588908281,7.61509083857498e-05,1.75670704577759e-06,0.0014464772435868,9.24749997623039e-06,4.81003659417421e-12,,676.7210023469273,0.9979534696387414,0.4736004869699456,0.9996587469994624,1.0000000000000002,3.9282577191102064e-11
1041.519001,0.299398912,378.0876804,1488.895361,0.17615933,0.902263864,-7.296869959,0.881504043,0.000522024,3.93483853519039e-11,0.968199108640657,0.0192761312576076,0.0109880027188378,7.63073496774068e-05,1.76113895039321e-06,0.0014494175669195,9.27128318862713e-06,4.8132191560933495e-12,,675.3301359754514,0.9979477865820973,0.47259926050077955,0.9996576767735901,1.0,3.9348413416462336e-11
1039.761146,0.299397205,377.2873011,1488.893338,0.176147805,0.902252702,-7.297017655,0.881356348,0.000522829,3.94142086585536e-11,0.968174216067019,0.0192790840757919,0.0110068088495917,7.64643296146042e-05,1.76558198651389e-06,0.0014523659115233,9.29514024220542e-06,4.81640354350721e-12,,673.9411317783308,0.9979420968591108,0.471598808264674,0.9996563185132763,0.9999999999999999,3.941436066412507e-11
1038.073604,0.299395564,376.5195186,1488.891389,0.176136742,0.902241985,-7.297159447,0.881214555,0.000523603,3.94776073669472e-11,0.968150250292515,0.0192819186851098,0.0110249216373852,7.66155398241102e-05,1.76986247731564e-06,0.0014552058132961,9.31812509497527e-06,4.8194623104142094e-12,,672.6085480054,0.997936627125414,0.4706391011371063,0.9996550099372251,0.9999999999999996,3.9478087465738554e-11
1036.386063,0.29939392,375.7523053,1488.889435,0.176125679,0.902231268,-7.297301244,0.881072759,0.000524375,3.9541211135596494e-11,0.968126216683532,0.0192847532040829,0.0110430924098865,7.67672516043548e-05,1.7741579102652e-06,0.0014580550578587,9.34119076140691e-06,4.82252280293269e-12,,671.2768065925887,0.9979311473922038,0.4696801054939719,0.9996536980041293,0.9999999999999999,3.954137017814219e-11
1034.529768,0.299392109,374.9090278,1488.887277,0.17611351,0.902219478,-7.297457225,0.880916778,0.000525224,3.96114133486019e-11,0.968099700980391,0.0192878710598165,0.0110631475694751,7.69347167776499e-05,1.77890022949074e-06,0.0014612000720759,9.36665679678797e-06,4.82589133013653e-12,,669.8128634306695,0.9979251110194282,0.4686260316810529,0.9996522491036068,0.9999999999999998,3.961164729560096e-11
1033.517243,0.299391121,374.4493482,1488.886097,0.176106873,0.902213046,-7.297542308,0.880831695,0.000525687,3.96498110246573e-11,0.968085202947393,0.0192895716615002,0.011074116599073,7.70263196537622e-05,1.78149464316513e-06,0.0014629203442866,9.38058897237691e-06,4.82772959043264e-12,,669.01477807715,0.9979218178464283,0.46805144475244026,0.9996514568410413,0.9999999999999997,3.965017203455545e-11
1032.504719,0.299390131,373.9898731,1488.884914,0.176100236,0.902206614,-7.297627392,0.88074661,0.00052615,3.96882835184638e-11,0.96807068017788,0.0192912722230508,0.0110851067794476,7.71181054750017e-05,1.78409450629123e-06,0.0014646440244995,9.39455062236633e-06,4.82956846690336e-12,,668.2169954630225,0.9979185180070865,0.467477113443235,0.9996506625642487,0.9999999999999993,3.968891881811487e-11
1031.492194,0.299389141,373.5306026,1488.883729,0.176093599,0.902200182,-7.297712478,0.880661525,0.000526612,3.9726831049950394e-11,0.968056132599994,0.0192929727436829,0.0110961181726133,7.7210074779538e-05,1.78669983492594e-06,0.0014663711227034,9.40854183359325e-06,4.83140795933185e-12,,667.4195154879241,0.9979152181677449,0.4669030378784343,0.9996498669446383,1.0,3.972688844555705e-11
1030.479669,0.299388149,373.0715364,1488.882542,0.176086962,0.90219375,-7.297797566,0.880576437,0.000527075,3.9765453783539295e-11,0.968041560128662,0.0192946732360249,0.0111071508406553,7.73022281605472e-05,1.78931064931699e-06,0.0014681016485384,9.42256271054934e-06,4.8332480809000494e-12,,666.6223382148586,0.9979119116620608,0.46632921768304636,0.9996490699822101,0.9999999999999996,3.9765857273721394e-11
1028.535622,0.299386244,372.1907021,1488.880256,0.176074219,0.902181398,-7.297960938,0.880413064,0.000527962,3.983982122426e-11,0.968013510976245,0.0192979380578468,0.0111283934310361,7.74796804814468e-05,1.7943388374814e-06,0.0014714339046555,9.44956622151706e-06,4.8367828359183e-12,,665.0926054773046,0.9979055619712062,0.4652281988972364,0.9996475351413415,1.0000000000000004,3.983924301564912e-11
1026.591575,0.299384335,371.3106204,1488.877961,0.176061477,0.902169046,-7.298124316,0.880249687,0.000528848,3.9914468487365694e-11,0.96798536931971,0.0193012027187167,0.0111497151258737,7.76578170551782e-05,1.79938740829319e-06,0.0014747789065052,9.4766799756891e-06,4.84031985981043e-12,,663.563986990171,0.9978991989476672,0.46412812084084415,0.9996459942577923,0.9999999999999996,3.991496022592855e-11
1024.686408,0.299382462,370.4488708,1488.875214,0.17604899,0.902156949,-7.298284428,0.880089575,0.000529717,3.998789607230779e-11,0.967957702665564,0.0193044019122607,0.0111706875725923,7.78330583085786e-05,1.80434903698749e-06,0.001478067053839,9.50334356692731e-06,4.84378829967877e-12,,662.0680960290289,0.9978929559182862,0.4630509574081029,0.999644149897396,1.0000000000000002,3.99876798340415e-11
1022.820123,0.299380624,369.6054059,1488.873483,0.176036758,0.902145079,-7.298441285,0.879932717,0.000530566,4.0060087938141296e-11,0.967930508707054,0.0193075357281716,0.0111913064858608,7.80053681472079e-05,1.80924021392588e-06,0.0014813048281757,9.52959746940307e-06,4.847188198293e-12,,660.6016425330427,0.9978868295498918,0.4619966493503089,0.9996429876884969,0.9999999999999998,4.0060288419851986e-11
1020.953837,0.299378783,368.7626339,1488.871255,0.176024527,0.902133217,-7.298598144,0.879775858,0.000531415,4.01325422879167e-11,0.967903230498195,0.0193106693654127,0.0112119995324747,7.81783190035063e-05,1.81414463367084e-06,0.0014845521560658,9.55593923121568e-06,4.85059013797351e-12,,659.1372888064054,0.9978806931819845,0.46094320739856537,0.9996414917893477,0.9999999999999997,4.013289700566247e-11
1019.162203,0.299377013,367.9542233,1488.869109,0.176012786,0.902121829,-7.298748734,0.879625269,0.00053223,4.020234650206659e-11,0.967876961442993,0.0193136774971117,0.0112319349724085,7.83449583539325e-05,1.81887094473278e-06,0.0014876808880862,9.58132504617917e-06,4.85385796073879e-12,,657.7324728686466,0.997874793469222,0.4599327162571011,0.9996400509457326,1.0000000000000002,4.020206390009662e-11
1017.370569,0.29937524,367.1464496,1488.866955,0.176001045,0.90211044,-7.298899328,0.879474675,0.000533044,4.02723949319533e-11,0.967850611648142,0.0193166854813884,0.0112519394628196,7.85121950897156e-05,1.82361505408235e-06,0.0014908207452559,9.60680712080036e-06,4.85712771687819e-12,,656.3286005656577,0.997868883756946,0.45892302122321865,0.9996386047308459,0.9999999999999999,4.0272452039857853e-11
1015.614768,0.2993735,366.3554493,1488.864414,0.175989537,0.902099285,-7.299046933,0.87932707,0.000533841,4.0341278946579094e-11,0.967824711799123,0.019319633582032,0.0112716112037277,7.86766712819351e-05,1.82827666233806e-06,0.0014939065614557,9.63186051582753e-06,4.86033435028664e-12,,654.9546419447261,0.9978630840393151,0.4579342924806148,0.999636898680694,1.0,4.034128586738461e-11
1013.894799,0.299371793,365.5811827,1488.862754,0.175978268,0.902088342,-7.299191495,0.879182508,0.000534621,4.04089902002113e-11,0.967799261214809,0.0193225205282933,0.0112909464582585,7.88383498096516e-05,1.83286973590366e-06,0.0014969440150556,9.65651876520395e-06,4.86347654764769e-12,,653.607777121242,0.9978573943163287,0.45696648040537524,0.9996357841418306,0.9999999999999996,4.04094535610966e-11
1012.17483,0.299370083,364.8075024,1488.860664,0.175966998,0.902077406,-7.299336079,0.879037924,0.000535401,4.0476928413340293e-11,0.967773736760063,0.0193254077498142,0.0113103463395591,7.90005890685758e-05,1.83747449172323e-06,0.0014999897874628,9.68125419693242e-06,4.86662092131673e-12,,652.2627017336744,0.9978516945938292,0.45599940118910137,0.9996343808971171,0.9999999999999999,4.047706614329627e-11
1010.52366,0.29936844,364.0653199,1488.858651,0.175956178,0.902066906,-7.299474884,0.878899118,0.000536149,4.05423652268036e-11,0.967749161840874,0.0193281793408225,0.0113290313347208,7.91568674757688e-05,1.84191081080133e-06,0.0015029235744743,9.70508541011745e-06,4.8696411937999094e-12,,650.9722456456924,0.9978462181937902,0.455071693361421,0.9996330293508928,1.0000000000000002,4.054201419023684e-11
1008.87249,0.299366794,363.3236764,1488.856632,0.175945359,0.902056406,-7.299613694,0.878760309,0.000536896,4.06080148500479e-11,0.967724516602113,0.0193309507799708,0.0113477764889422,7.93136663493115e-05,1.84636263553364e-06,0.0015058670540228,9.72900048569956e-06,4.87266309543779e-12,,649.6825886716337,0.9978407317942379,0.4541446592689999,0.999631673776215,1.0,4.0607961437899576e-11
1007.056203,0.299364981,362.5084906,1488.854402,0.175933459,0.902044854,-7.299766389,0.878607614,0.000537718,4.06804764513229e-11,0.967697325207137,0.0193339991892913,0.0113684659940012,7.94867493256738e-05,1.85127764417625e-06,0.0015091161326151,9.75540442873336e-06,4.87598907376924e-12,,648.2648886330584,0.99783468875512,0.45312569931282476,0.9996301765342478,0.9999999999999997,4.0680792068314986e-11
1005.074799,0.299363,361.6199397,1488.851961,0.175920477,0.902032252,-7.29993297,0.878441032,0.000538613,4.0759822233139496e-11,0.967667563816365,0.0193373245064244,0.0113911202536555,7.96762929189969e-05,1.85666109596212e-06,0.0015126740982193,9.78432568158307e-06,4.87961965911423e-12,,646.7194081233167,0.9978280857432653,0.45201503498804946,0.9996285376249914,1.0000000000000002,4.075950688076091e-11
1003.093395,0.299361015,360.7321632,1488.849511,0.175907496,0.902019647,-7.300099559,0.878274444,0.000539508,4.0839479354998494e-11,0.967637699506638,0.0193406496117087,0.0114138625531297,7.98665983274992e-05,1.86206724910057e-06,0.0015162462475203,9.81336970404016e-06,4.88325261013688e-12,,645.1750765504531,0.9978214693987265,0.45090533864209587,0.9996268926730543,1.0,4.083944293853392e-11
1001.191248,0.299359107,359.8806258,1488.847149,0.175895034,0.902007547,-7.300259489,0.878114514,0.000540367,4.0916244937993594e-11,0.967608932410782,0.0193438414782916,0.0114357784724703,8.00500123111602e-05,1.86727862958397e-06,0.0015196889336077,9.84136810513402e-06,4.88674243774637e-12,,643.6935980882496,0.9978151097083586,0.44984094018006987,0.9996253068051052,1.0000000000000004,4.091571526032567e-11
999.2890998,0.299357193,359.0236471,1488.84477,0.175882578,0.901995449,-7.300419367,0.877954636,0.000541231,4.09940180513463e-11,0.967579957195249,0.0193471454653105,0.0114577762942437,8.02341299197652e-05,1.87254051633237e-06,0.0015231448500089,9.86947886753831e-06,4.8902646681998795e-12,,642.2131508040188,0.9978087300189645,0.4487697402418533,0.9996237095232039,1.0,4.099398598356174e-11
997.4249949,0.299355309,358.1744348,1488.84192,0.175870377,0.90198361,-7.300575977,0.877798026,0.000542087,4.1071699484432095e-11,0.967551286776455,0.0193505670718208,0.0114794139479258,8.04152490031085e-05,1.87776024982319e-06,0.0015265420287128,9.89711986753005e-06,4.89376849254112e-12,,640.7643615872842,0.9978024503247018,0.44770824809124,0.9996217960076854,1.0000000000000004,4.1071257506075654e-11
995.598933,0.299353462,357.3432717,1488.840108,0.175858428,0.901971994,-7.300729359,0.877644644,0.000542924,4.11480788636366e-11,0.96752310843207,0.0193539162836536,0.0115006873167312,8.0593337194896e-05,1.88290584323582e-06,0.0015298873426956,9.92433576637381e-06,4.89720176042614e-12,,639.344011569975,0.9977962939577681,0.44666931694701456,0.999620579414661,1.0000000000000002,4.114797391707725e-11
993.7728712,0.299351611,356.5128211,1488.837788,0.175846479,0.901960386,-7.300882765,0.877491238,0.000543762,4.1224734958484e-11,0.967494843739604,0.0193572642901454,0.0115220376054298,8.07720926431154e-05,1.88806564056385e-06,0.0015332425172978,9.95164311364007e-06,4.90063722674927e-12,,637.9257011813185,0.9977901242581503,0.44563127640830347,0.999619021745888,0.9999999999999998,4.1224912372683775e-11
992.0198517,0.299349832,355.7162577,1488.835553,0.175835007,0.901949241,-7.301030041,0.877343962,0.000544565,4.12985881658253e-11,0.967467625961532,0.0193604768167369,0.0115426066433153,8.09443274862605e-05,1.89303822734569e-06,0.0015364752068807,9.97795961845458e-06,4.90393695105404e-12,,636.5650381181538,0.9977841945468481,0.4446355939428402,0.999617521146876,0.9999999999999997,4.129896424842627e-11
990.2668323,0.299348049,354.9203492,1488.83331,0.175823536,0.901938095,-7.301177321,0.877196682,0.000545367,4.1372700768698293e-11,0.967440325785408,0.0193636877999407,0.0115632473394839,8.11171823864196e-05,1.89802970341777e-06,0.0015397194407671,1.00043760302193e-05,4.90723830917135e-12,,635.2052707567519,0.9977782515028618,0.4436407300844665,0.9996160151765925,0.9999999999999997,4.137301612416877e-11
988.5488733,0.2993463,354.1409946,1488.830674,0.175812293,0.901927178,-7.301321677,0.877052326,0.000546153,4.144558259503909e-11,0.967413493081866,0.019366833448389,0.0115835451089765,8.12871864220072e-05,1.90293447799267e-06,0.0015429078457308,1.00303477811535e-05,4.91047559056751e-12,,633.8744757894256,0.9977724217866912,0.4426665581483743,0.99961424534259,0.9999999999999994,4.144617982149157e-11
986.8659747,0.299344584,353.3781528,1488.828935,0.175801283,0.90191647,-7.301463061,0.876910942,0.000546922,4.15172241300238e-11,0.967387126826638,0.0193699126712778,0.0116034960699363,8.14543015405737e-05,1.90776741521825e-06,0.0015460464059817,1.00559107799451e-05,4.913647594709869e-12,,632.5698744300711,0.9977667020651655,0.4417130267606875,0.9996130777624193,1.0000000000000004,4.151690102816019e-11
985.183076,0.299342865,352.6159139,1488.826759,0.175790272,0.901905767,-7.301604464,0.876769538,0.000547691,4.15891069717257e-11,0.967360685278147,0.0193729908361047,0.011623514105693,8.16219985683112e-05,1.9126127400652e-06,0.0015491935687144,1.00815535260294e-05,4.9168214641547894e-12,,631.2670057031872,0.9977609723441264,0.44076024898151256,0.9996116167765355,0.9999999999999993,4.15897316585756e-11
983.5674934,0.299341212,351.8847308,1488.824663,0.175779701,0.901895492,-7.301740217,0.876633786,0.000548429,4.1658344098361095e-11,0.967335228466261,0.0193759445043126,0.0116427948438719,8.17835365547493e-05,1.9172809739496e-06,0.0015522250624513,1.01062589961198e-05,4.9198697872236195e-12,,630.0170265721691,0.997755462612377,0.43984629010301884,0.9996102095033683,0.9999999999999998,4.165856548610236e-11
981.9519107,0.299339557,351.1541018,1488.82256,0.175769131,0.901885215,-7.301875973,0.876498029,0.000549165,4.17278072745529e-11,0.967309699865044,0.0193788968199169,0.0116621380213421,8.19456148566744e-05,1.92196566979016e-06,0.0015552666149961,1.01310515240449e-05,4.92291948502201e-12,,628.7678060762727,0.9977499462142851,0.4389330238343715,0.9996087975303383,1.0000000000000002,4.1727510335931584e-11
980.1747697,0.299337734,350.3510497,1488.820239,0.175757504,0.901873911,-7.302025311,0.876348692,0.000549976,4.1804479143167394e-11,0.967281535056718,0.019382142805907,0.0116834880008216,8.21245282817297e-05,1.92713794912934e-06,0.0015586239992091,1.01584243825532e-05,4.926275748304499e-12,,627.3945394938181,0.9977438698434569,0.43792923067136214,0.9996072391901561,0.9999999999999999,4.180455981384057e-11
978.2360705,0.299335741,349.4757564,1488.817697,0.17574482,0.901861577,-7.302188231,0.876185772,0.000550858,4.1888436438624493e-11,0.967250709701962,0.0193856819900578,0.0117068659626186,8.23204600772614e-05,1.93280339505944e-06,0.0015623006279773,1.01884070932274e-05,4.92993901517647e-12,,625.8974760478873,0.9977372268335495,0.4368351379840161,0.9996055324685954,0.9999999999999998,4.1888714719107156e-11
976.2973713,0.299333745,348.6012594,1488.815145,0.175732137,0.901849243,-7.302351157,0.876022845,0.000551741,4.197272457949939e-11,0.967219779280065,0.0193892191923085,0.0117303353095369,8.25171827181276e-05,1.93849293873653e-06,0.0015659919782953,1.02185172307973e-05,4.93360425428975e-12,,624.4015031376083,0.997730573824129,0.43574204064989264,0.9996038190329452,0.9999999999999998,4.1972980646676206e-11
974.43622,0.299331826,347.7624906,1488.812685,0.175719962,0.901837401,-7.302507573,0.87586643,0.000552587,4.205395429910179e-11,0.967189986652631,0.0193926130261475,0.0117529523621762,8.27067848449794e-05,1.94397770509634e-06,0.0015695496059563,1.02475435476411e-05,4.93712473266314e-12,,622.9663944065493,0.9977241774688796,0.43469360258866896,0.9996021673669186,0.9999999999999999,4.205402692747384e-11
972.5750687,0.299329903,346.9244544,1488.810216,0.175707787,0.901825557,-7.302663993,0.875710009,0.000553432,4.213549253494109e-11,0.967160096072895,0.0193960050016167,0.011775654620844,8.28971243357937e-05,1.94948493924318e-06,0.0015731209596246,1.02766886682242e-05,4.94064701451371e-12,,621.5322894192528,0.9977177677809459,0.4336460802574101,0.9996005096582115,0.9999999999999998,4.2135850364388716e-11
970.7511405,0.299328016,346.1038901,1488.807289,0.175695856,0.90181396,-7.302817283,0.87555672,0.00055426,4.2215701848039294e-11,0.967130710467705,0.0193993271913147,0.0117979859830241,8.3084375791701e-05,1.95489745184272e-06,0.0015766316879678,1.03053495854315e-05,4.94410043060639e-12,,620.1288631541973,0.9977114780871701,0.43262039732332697,0.9995985444442035,1.0000000000000004,4.221534233295188e-11
968.9644353,0.299326163,345.300751,1488.805399,0.175684168,0.901802578,-7.302967467,0.875406535,0.000555071,4.22945630284412e-11,0.967101826872994,0.0194025801249873,0.0118199418243696,8.32685018142806e-05,1.96023354702964e-06,0.0015800888234244,1.03335716210786e-05,4.94748540870969e-12,,618.7529862172075,0.9977053017212101,0.43161649541269687,0.9995972754812806,0.9999999999999998,4.229483430151504e-11
967.1777301,0.299324308,344.4982865,1488.803002,0.175672481,0.901791206,-7.303117649,0.875256354,0.000555881,4.237371419231019e-11,0.967072854214674,0.0194058311799617,0.0118419775356406,8.34533182339643e-05,1.96558420202737e-06,0.0015835562321777,1.03618877852053e-05,4.95087187180446e-12,,617.3790560734243,0.997699118688908,0.43061343673361774,0.9995956661140182,0.9999999999999999,4.237377115856589e-11
965.4624931,0.299322524,343.7285536,1488.800693,0.175661262,0.901780288,-7.303261828,0.875112175,0.000556657,4.2449972862075094e-11,0.967044953630091,0.0194089505363811,0.0118632073595317,8.36313957468244e-05,1.9707407527694e-06,0.0015868971134602,1.03891766326132e-05,4.954124424873299e-12,,616.0609512703768,0.9976931723117506,0.4296512916593898,0.9995941158307435,1.0000000000000004,4.244948836884532e-11
963.7472561,0.299320737,342.9594405,1488.798375,0.175650043,0.901769368,-7.303406012,0.874967991,0.000557434,4.2526500894419795e-11,0.967016967515709,0.0194120682728798,0.011884511581644,8.3810117184524e-05,1.97591692885204e-06,0.001590249978935,1.04165692349903e-05,4.957378504831899e-12,,614.743696595968,0.9976872159350801,0.42868992131821154,0.9995925595047885,1.0,4.252653784675431e-11
962.0663238,0.299318983,342.2063113,1488.795666,0.17563905,0.901758676,-7.303547307,0.874826696,0.000558194,4.26017620861468e-11,0.966989460146442,0.019415121895196,0.0119054622939317,8.39858913424235e-05,1.98100302868498e-06,0.0015935452224377,1.0443500059233e-05,4.9605687716284694e-12,,613.4544824849627,0.9976813695530542,0.42774853041490307,0.9995907406579324,1.0000000000000002,4.260158892321897e-11
960.4196963,0.299317262,341.4691266,1488.793854,0.175628279,0.901748182,-7.303685743,0.874688259,0.000558938,4.2675738925839895e-11,0.966962428852147,0.0194181120067787,0.0119260554291009,8.41586859497226e-05,1.98601506784618e-06,0.001596788954489,1.04700088269261e-05,4.96369574541735e-12,,612.1906448378584,0.9976756331656731,0.426827069700542,0.999589524064908,0.9999999999999994,4.267630693277624e-11
958.7730688,0.299315538,340.7325126,1488.791606,0.17561751,0.901737697,-7.303824174,0.874549828,0.000559682,4.27499689080861e-11,0.96693531993009,0.0194211004260451,0.0119467182225415,8.43320825072256e-05,1.99103978823949e-06,0.0016000416516997,1.04965996116311e-05,4.9668239144377294e-12,,610.9284606027311,0.997669886778779,0.4259063223455734,0.9995880147375796,1.0,4.274991471930889e-11
957.1923064,0.299313881,340.0258989,1488.78944,0.175607172,0.901727631,-7.303957072,0.87441693,0.000560395,4.2821468183760003e-11,0.966909219668779,0.0194239678606909,0.0119666203607385,8.44991131866997e-05,1.99588089160808e-06,0.001603174849323,1.05222185985332e-05,4.96982826118952e-12,,609.717499078274,0.9976643637143453,0.4250230745451521,0.9995865604657855,0.9999999999999994,4.282196819360706e-11
955.611544,0.299312221,339.3198097,1488.787267,0.175596834,0.901717564,-7.304089975,0.874284028,0.000561108,4.2893202190395296e-11,0.966883044871051,0.0194268338842464,0.0119865873344538,8.46667050899068e-05,2.00073910313209e-06,0.0016063184901715,1.05479280179255e-05,4.97283389907519e-12,,608.5072577188549,0.9976588306503983,0.4241404823553866,0.9995851014941287,0.9999999999999997,4.2893577578695385e-11
953.8727053,0.299310392,338.5437169,1488.784868,0.175585462,0.90170649,-7.304236173,0.87413783,0.000561892,4.29723821715891e-11,0.966854166079373,0.0194299848556349,0.012008626274165,8.48517076583012e-05,2.00610299179845e-06,0.001609788618887,1.05763133410019e-05,4.97614157380412e-12,,607.1768234967033,0.9976527342805436,0.4231703875800901,0.9995834907840483,0.9999999999999996,4.297284750265362e-11
951.9757904,0.299308394,337.6977928,1488.782241,0.175573057,0.901694407,-7.304395668,0.873978335,0.000562746,4.30590878024697e-11,0.966822558014997,0.0194334202867203,0.0120327591762006,8.50543112745929e-05,2.01197836189391e-06,0.0016135887791642,1.06074052428552e-05,4.9797516994754195e-12,,605.7264330495971,0.9976460746047809,0.4221130055895507,0.9995817269927265,1.0000000000000002,4.305877876475961e-11
950.0788755,0.299306392,336.8526221,1488.779604,0.175560653,0.901682324,-7.304555169,0.873818834,0.000563599,4.3146137027510496e-11,0.966790840855701,0.0194368536475992,0.0120569869788887,8.52577363976509e-05,2.01787877659663e-06,0.0016174042249913,1.06386295165497e-05,4.9833636734396e-12,,604.2770778442116,0.9976394015963341,0.42105656532840724,0.9995799564873151,1.0000000000000007,4.3145598205285296e-11
948.2578372,0.299304466,336.0419666,1488.777062,0.175548745,0.901670723,-7.304708296,0.873665707,0.000564418,4.3230029537761095e-11,0.966760289161166,0.0194401476936578,0.0120803354791155,8.54538018759567e-05,2.02356687015542e-06,0.0016210815190351,1.06687300629082e-05,4.98683288348095e-12,,602.8866699545795,0.9976329819088874,0.42004326812333675,0.9995782497657543,1.0000000000000002,4.3229864132854345e-11
946.4367989,0.299302537,335.2320043,1488.77451,0.175536837,0.901659121,-7.304861428,0.873512574,0.000565236,4.33142425153215e-11,0.966729635761365,0.0194434397895357,0.012103772469033,8.56506333127427e-05,2.02927831231047e-06,0.0016247730661202,1.06989540159353e-05,4.99030377245344e-12,,601.4972148334599,0.9976265522219273,0.4190308373993086,0.999576536330104,0.9999999999999994,4.331479619423817e-11
944.6521814,0.299300643,334.4389142,1488.771503,0.175525167,0.901647759,-7.305011517,0.873362486,0.000566037,4.33970826750419e-11,0.966699498569147,0.0194466644692691,0.0121268270650486,8.58442767770706e-05,2.03489171267533e-06,0.0016284020029808,1.07286766736762e-05,4.9937071726946e-12,,600.1374666089677,0.9976202391959542,0.4180394964638569,0.9995745174033797,0.9999999999999997,4.339739678727028e-11
942.9039846,0.299298785,333.6626524,1488.769532,0.175513737,0.901636611,-7.305158522,0.873215481,0.000566821,4.3478536519130594e-11,0.966669875923816,0.0194498208524353,0.0121494944972497,8.60346872895973e-05,2.04042560690872e-06,0.0016319756220278,1.07579430991463e-05,4.9970420772815e-12,,598.8043868187741,0.9976140461641391,0.4170691904431823,0.9995731940563316,1.0,4.347855409037038e-11
941.1557878,0.299296923,332.8870289,1488.767054,0.175502307,0.90162547,-7.305305546,0.873068457,0.000567605,4.356028947875739e-11,0.966640160324562,0.0194529757383219,0.0121722448750804,8.62258170676608e-05,2.04597479411357e-06,0.0016355599136387,1.07873079746649e-05,5.00037882743532e-12,,597.4731776088211,0.9976078397996395,0.41609968228005145,0.9995715303049438,1.0000000000000002,4.356015548268033e-11
939.4775189,0.299295133,332.1430295,1488.764667,0.175491334,0.901614774,-7.305446695,0.872927308,0.000568357,4.3639056443098593e-11,0.966611543165565,0.0194560027043419,0.0121941636993653,8.64099808949901e-05,2.05132272351492e-06,0.0016390134707711,1.08156076960192e-05,5.00358356053609e-12,,596.1960409957616,0.9976018734234559,0.41516970337705983,0.9995699276517709,1.0000000000000004,4.363864825052133e-11
937.79925,0.29929334,331.3996167,1488.762271,0.175480361,0.901604078,-7.305587848,0.872786155,0.000569108,4.371810331377709e-11,0.96658283719993,0.0194590279558184,0.0122161598010994,8.65948136529758e-05,2.05669104515991e-06,0.0016424794745446,1.08440151840503e-05,5.00678969856284e-12,,594.9197112277428,0.9975958970477591,0.41424045770802587,0.9995683189559175,0.9999999999999994,4.37186953305968e-11
936.1545465,0.29929158,330.6716414,1488.759487,0.175469607,0.901593602,-7.305726198,0.872647805,0.000569843,4.37958406901932e-11,0.966554620709228,0.0194619914176948,0.012237791353855,8.67766037678806e-05,2.06196616976107e-06,0.0016458859557325,1.08719447464556e-05,5.0099334431390096e-12,,593.6705385347526,0.9975900306667069,0.41333050849180475,0.9995664497533898,1.0000000000000002,4.3795633786203325e-11
934.5434083,0.299289853,329.9590668,1488.757599,0.175459075,0.901583324,-7.305861699,0.872512304,0.000570564,4.38722580217478e-11,0.966526892566401,0.0194648920371233,0.0122590541712433,8.69553104366555e-05,2.06716416469325e-06,0.0016492392665031,1.08994352424602e-05,5.01301362358201e-12,,592.4459309204425,0.9975842742802995,0.412439809729403,0.9995651821332848,0.9999999999999998,4.3872461219507386e-11
932.9322702,0.299288123,329.2470322,1488.755275,0.175448543,0.901573053,-7.30599722,0.872376783,0.000571283,4.394893584663839e-11,0.966499083257825,0.0194677914370371,0.0122803893366823,8.71346449487435e-05,2.07237553190892e-06,0.0016526018872655,1.09270117448612e-05,5.01609545953802e-12,,591.2229138213114,0.997578507894379,0.4115497859522331,0.999563621778876,1.0000000000000004,4.394851149669421e-11
931.3855776,0.299286459,328.5639861,1488.753036,0.175438431,0.901563193,-7.306127325,0.872246678,0.000571973,4.4022794345337996e-11,0.966472307701291,0.0194705733444819,0.0123009395081665,8.73073983313559e-05,2.07739650209301e-06,0.0016558410215826,1.09535806025251e-05,5.01905523503815e-12,,590.0495154966013,0.9975729614977479,0.41069599700728154,0.9995621184942283,0.9999999999999998,4.402300746164656e-11
929.8388849,0.299284793,327.8814364,1488.750789,0.17542832,0.901553331,-7.306257433,0.872116569,0.000572663,4.4096896819133496e-11,0.966445454745673,0.0194733537539945,0.0123215570340256,8.74807347923017e-05,2.08243524948279e-06,0.0016590910037526,1.09802433932526e-05,5.02201619212097e-12,,588.876800657963,0.9975674084347745,0.4098428285487542,0.9995606098383089,0.9999999999999997,4.409728138199398e-11
928.1375231,0.299282958,327.1312047,1488.74831,0.175417198,0.901542483,-7.306400558,0.871973444,0.000573422,4.41786927100865e-11,0.966415826624373,0.0194764104807194,0.0123443145067726,8.76720819018332e-05,2.08799851577626e-06,0.001662678576976,1.100968153722e-05,5.02527462341739e-12,,587.587603616966,0.9975612920658935,0.40890505944120453,0.9995589454155122,0.9999999999999998,4.417888277430393e-11
926.467095,0.299281152,326.3951976,1488.745496,0.175406278,0.901531837,-7.306541099,0.871832904,0.000574166,4.4259290318123894e-11,0.966386646871562,0.0194794101688397,0.012366738326438,8.78606448681478e-05,2.09347676185e-06,0.0016662117791304,1.10386831122465e-05,5.02847550080678e-12,,586.3233729672318,0.997555272358973,0.4079850706946383,0.999557056070716,0.9999999999999999,4.425937394358925e-11
924.9822701,0.299279545,325.741453,1488.743687,0.175396573,0.901522362,-7.306666004,0.871707999,0.000574827,4.4331177754967394e-11,0.96636062904134,0.0194820744609646,0.0123867376025533,8.80288339298732e-05,2.09837347934244e-06,0.0016693670579577,1.10645804129257e-05,5.03132130126664e-12,,585.1989151391532,0.9975499159530918,0.4071679078233447,0.9995558414919183,1.0000000000000002,4.4330983328677576e-11
923.2004802,0.299277613,324.9575623,1488.741062,0.175384926,0.901510999,-7.30681591,0.871558093,0.000575619,4.4417744207053295e-11,0.966329313590284,0.0194852701331019,0.0124108204050657,8.82313867286903e-05,2.10426560323685e-06,0.0016731644115859,1.10957581783005e-05,5.03473805310042e-12,,583.8512630774211,0.9975434762666188,0.4061880658863065,0.9995540790434145,1.0,4.44176917469008e-11
921.4186903,0.299275677,324.1743281,1488.738427,0.17537328,0.901499634,-7.306965823,0.87140818,0.000576411,4.45046430420154e-11,0.966297892667783,0.019488463774134,0.0124349949830847,8.84347341452193e-05,2.11018196083685e-06,0.0016769765453841,1.11270639647625e-05,5.0381563717051e-12,,582.5045156937966,0.9975370232474615,0.4052090445563142,0.999552309880821,0.9999999999999994,4.450517732124126e-11
919.6725362,0.299273777,323.4073956,1488.735338,0.175361865,0.901488505,-7.307112757,0.871261245,0.000577187,4.45901267459548e-11,0.966266999664605,0.0194915919338417,0.0124587756237787,8.86347914902359e-05,2.11599680717468e-06,0.0016807240891135,1.11578507322391e-05,5.041508191303329e-12,,581.1865418689955,0.997530690222462,0.40425039990550043,0.9995502358985624,1.0000000000000002,4.45897763157177e-11
917.9620179,0.299271912,322.6567235,1488.733286,0.175350687,0.901477585,-7.307256669,0.871117334,0.000577946,4.46741820965236e-11,0.966236633047274,0.0194946535563701,0.0124821573848037,8.88315113553354e-05,2.12172931810339e-06,0.00168441455616,1.11881649998866e-05,5.04479232207126e-12,,579.8944035788775,0.9975244738584492,0.40331208030999494,0.999548858167389,1.0000000000000002,4.467404224328675e-11
916.2514996,0.299270043,321.9066558,1488.730728,0.175339507,0.901466673,-7.307400601,0.870973402,0.000578705,4.47585475324988e-11,0.966206169977803,0.019497713649066,0.0125056251783214,8.90289776400104e-05,2.12747771749948e-06,0.0016881161081885,1.12185814567057e-05,5.04807824027827e-12,,578.6040590693485,0.9975182441617525,0.4023745161979601,0.999547140703285,0.9999999999999998,4.475875226006565e-11
914.609402,0.299268247,321.1871581,1488.728262,0.175328775,0.901456196,-7.30753878,0.870835222,0.000579432,4.483983319429789e-11,0.966176831922503,0.0195006495157608,0.0125282356448814,8.92192498875867e-05,2.1330176674392e-06,0.0016916827046519,1.12478947567107e-05,5.0512340496550394e-12,,577.3661108413652,0.9975122577865425,0.4014751637498923,0.9995454850088048,0.9999999999999999,4.483990956316575e-11
912.9673045,0.299266447,320.4682158,1488.725788,0.175318043,0.901445719,-7.307676966,0.870697037,0.00058016,4.49214091553472e-11,0.966147401747758,0.019503583608932,0.0125509262693184,8.9410216241643e-05,2.13857878856734e-06,0.0016952622091047,1.12773198811954e-05,5.05439117959532e-12,,576.1289290098533,0.9975062580786482,0.4005765055366354,0.9995438239430527,1.0000000000000002,4.4921066866265846e-11
911.3580489,0.29926468,319.7641917,1488.722927,0.175307526,0.90143546,-7.307812378,0.870561624,0.000580872,4.5001638224529293e-11,0.966118472990306,0.0195064570247668,0.0125732412815448,8.95980389475511e-05,2.14404316135108e-06,0.0016987803220956,1.13062491189481e-05,5.0574861409866994e-12,,574.9180470481346,0.9975003683653988,0.39969649466539325,0.9995419030420357,1.0000000000000002,4.500144701324871e-11
909.7816352,0.299262946,319.0750501,1488.720963,0.175297223,0.901425391,-7.307945058,0.870428945,0.000581569,4.5080500576317695e-11,0.966090042706572,0.0195092705878777,0.0125951762959565,8.97826841906922e-05,2.14942814728541e-06,0.0017022435214266,1.13347256877649e-05,5.06051969926255e-12,,573.7309795582571,0.997494588646794,0.3988350865121422,0.9995405843948503,0.9999999999999994,4.508105000411433e-11
908.2052215,0.299261209,318.3864202,1488.718563,0.175286921,0.901415331,-7.308077729,0.870296273,0.000582266,4.51596361751524e-11,0.966061528832693,0.0195120822310238,0.012617186376585,8.99679780282096e-05,2.15482678353465e-06,0.001705716414151,1.13632905124561e-05,5.06355417001663e-12,,572.5454304433978,0.997488798928676,0.39797431796989713,0.9995389730133609,1.0000000000000002,4.515943174965287e-11
906.6918644,0.29925954,317.7258157,1488.71625,0.175277032,0.901405673,-7.308205098,0.870168905,0.000582934,4.52358634526969e-11,0.966034073969808,0.0195147798209856,0.0126383870245753,9.01464746313283e-05,2.16002821660957e-06,0.0017090618197487,1.13908117320277e-05,5.0664683818996696e-12,,571.4079662218257,0.9974832358661897,0.3971485804112092,0.9995374200444506,1.0,4.523581509374708e-11
905.1785073,0.299257867,317.0656812,1488.71393,0.175267142,0.901396014,-7.308332471,0.870041532,0.000583602,4.53123438903871e-11,0.966006538828578,0.0195174758418077,0.0126596575471145,9.03255762451623e-05,2.16524810079246e-06,0.0017124184773707,1.14184304016545e-05,5.0693836826256695e-12,,570.2711510523993,0.9974776594710192,0.3963234303396676,0.9995358623756776,1.0000000000000002,4.5312087415538826e-11
903.6954173,0.299256225,316.4192058,1488.711281,0.17525745,0.901386554,-7.308457307,0.869916696,0.000584256,4.5387540887436694e-11,0.965979478041889,0.0195201165948735,0.0126805707921642,9.05016864293707e-05,2.17037634733534e-06,0.0017157168798274,1.1445578009754e-05,5.07224189432854e-12,,569.1583986951675,0.9974721864041511,0.39551535376957486,0.9995340838133588,1.0000000000000004,4.538713849200349e-11
902.2425945,0.299254614,315.7863597,1488.709407,0.175247957,0.901377274,-7.308579587,0.869794415,0.000584897,4.54614425558874e-11,0.965952890190617,0.0195227016381676,0.0127011229404702,9.0674770239122e-05,2.175427652507e-06,0.0017189626919207,1.1472290395968e-05,5.075042485193009e-12,,568.0675795606592,0.9974668166655858,0.394724313451746,0.9995328255929793,0.9999999999999997,4.54617454792583e-11
900.7897716,0.299253001,315.1539466,1488.707158,0.175238464,0.901367999,-7.308701877,0.869672125,0.000585537,4.5535580376463694e-11,0.965926229195282,0.0195252853850261,0.0127217404427903,9.08484205551145e-05,2.18049098097539e-06,0.00172221693455,1.14990802021951e-05,5.0778442249025895e-12,,566.9780547400335,0.9974614402606785,0.39393381437207536,0.9995313155942419,1.0,4.553557531039587e-11
899.0463842,0.299251061,314.3956212,1488.704449,0.175227072,0.90135687,-7.308848631,0.869525372,0.000586305,4.562485989205659e-11,0.965894136383454,0.0195283839360692,0.0127465681520138,9.10575517486337e-05,2.18658987514314e-06,0.0017261359872316,1.15313489020099e-05,5.08120762999698e-12,,565.6714131155609,0.9974549739088369,0.3929859283608734,0.9995294967473859,1.0000000000000004,4.5624504174668346e-11
897.3029968,0.299249118,313.6379175,1488.70173,0.175215681,0.901345739,-7.30899539,0.869378613,0.000587072,4.57144839847008e-11,0.965861934303803,0.0195314803512378,0.0127714909688483,9.12675065104506e-05,2.19271389005698e-06,0.0017300703546575,1.15637502538354e-05,5.084572467214e-12,,564.3656306302391,0.9974484975574821,0.3920388194576691,0.9995276711864403,0.9999999999999999,4.5714543261965446e-11
895.5944772,0.29924721,312.8959715,1488.698559,0.175204517,0.901334839,-7.309139232,0.869234771,0.000587823,4.5802650510896096e-11,0.965830272179244,0.0195345130876025,0.0127960081390714,9.14740671816916e-05,2.19873283799934e-06,0.0017339381287025,1.15956144692495e-05,5.0878717042434894e-12,,563.0877261288192,0.9974421378671142,0.3911114072485208,0.9995255421486474,0.9999999999999999,4.5802805992423146e-11
893.9208253,0.299245338,312.1697437,1488.696424,0.175193582,0.901324143,-7.309280119,0.869093884,0.000588558,4.588934496088299e-11,0.965799148286109,0.0195374812478062,0.0128201145378223,9.16771853930511e-05,2.20466666554546e-06,0.0017377470351697,1.16269900535897e-05,5.09110431265439e-12,,561.8348610350629,0.9974358981709044,0.3902036423595089,0.9995241086905309,0.9999999999999999,4.588940338834391e-11
892.2471734,0.299243462,311.4440883,1488.693783,0.175182648,0.901313456,-7.309421024,0.868952979,0.000589293,4.59763611308853e-11,0.96576792449686,0.0195404477368901,0.0128443101014366,9.18810770659854e-05,2.21061694483952e-06,0.0017415674482885,1.16584714434544e-05,5.094338540095439e-12,,560.5837156841268,0.9974296451420102,0.3892965929548427,0.9995223354994837,1.0000000000000002,4.597611180656713e-11
890.6404675,0.299241658,310.7479967,1488.691239,0.17517215,0.901303195,-7.309556297,0.868817706,0.000589998,4.606020229047199e-11,0.96573785276242,0.0195432936629216,0.0128676221908672,9.2077543487511e-05,2.21635149228104e-06,0.0017452486264402,1.16888112131057e-05,5.0974446202157695e-12,,559.3833594077088,0.9974236321014318,0.38842649749166136,0.9995206274351051,0.9999999999999996,4.606059977874111e-11
889.0337617,0.29923985,310.0524312,1488.688685,0.175161653,0.901292933,-7.309691575,0.868682427,0.000590702,4.6144344470488896e-11,0.965707685585812,0.0195461377177142,0.0128910173596467,9.22747293669926e-05,2.22210798587652e-06,0.0017489431813754,1.17192668544418e-05,5.10055189837733e-12,,558.1837309272659,0.997417605728169,0.38755705963909215,0.9995189126566368,1.0000000000000004,4.6143866505587994e-11
887.45919,0.299238076,309.3712877,1488.685746,0.175151366,0.901282884,-7.309824164,0.868549839,0.000591392,4.62270962512157e-11,0.965678030864758,0.0195489233592418,0.0129140256645826,9.24686745064366e-05,2.22776456010357e-06,0.001752574410803,1.17492102172231e-05,5.10359846408955e-12,,557.0095928318029,0.9974116926827222,0.3867056488921079,0.9995169393857214,0.9999999999999999,4.6227355277039806e-11
885.9167524,0.299236335,308.704533,1488.683704,0.17514129,0.901273024,-7.30995403,0.868419973,0.000592068,4.6308444831370004e-11,0.965648887138913,0.0195516498150952,0.012936642599147,9.26593364062692e-05,2.23333862155473e-06,0.0017561490367935,1.1778683608927e-05,5.10658343082057e-12,,555.858525770485,0.9974058896319201,0.38587222375161656,0.9995155683686375,1.0000000000000004,4.6308068490930054e-11
884.3743148,0.299234591,308.0382629,1488.681227,0.175131213,0.901263171,-7.310083911,0.868290092,0.000592742,4.6390074162175e-11,0.965619656264876,0.0195543747988674,0.0129593373292311,9.28506731524073e-05,2.2389270332017e-06,0.0017597337060493,1.18082492910815e-05,5.10956975444854e-12,,554.7089203908793,0.9974000765816048,0.3850394043478723,0.9995139052886588,1.0,4.639000295014739e-11
882.8935747,0.299232913,307.3990984,1488.67884,0.17512154,0.901253712,-7.310208601,0.868165401,0.00059339,4.6468704885140696e-11,0.965591510119803,0.0195569891215067,0.0129811978344044,9.30349935112254e-05,2.24431134291314e-06,0.0017631868329064,1.18367349438774e-05,5.11243765019069e-12,,553.6059289088838,0.9973944835205789,0.38424046620283997,0.9995123026354858,0.9999999999999998,4.646893980719824e-11
881.4128346,0.299231233,306.7603793,1488.676445,0.175111867,0.901244252,-7.310333296,0.868040707,0.000594037,4.6547598070652494e-11,0.96556328077387,0.0195596018062356,0.0130031307694295,9.32199411306326e-05,2.24971478729491e-06,0.0017666516212742,1.18653216097054e-05,5.11530654613127e-12,,552.5035539785277,0.997388883793211,0.3834420847956268,0.9995106946110413,0.9999999999999999,4.654765461964416e-11
879.9617093,0.299229584,306.1348669,1488.673723,0.175102387,0.901234987,-7.310455509,0.867918493,0.000594671,4.6625168360342494e-11,0.965535536826094,0.0195621608776681,0.0130246956711028,9.34018023835434e-05,2.25502341475904e-06,0.0017700563266908,1.18934209024812e-05,5.11811925246905e-12,,551.4244993278245,0.9973833873941457,0.3826602114022348,0.9995088670358688,0.9999999999999999,4.662525920906546e-11
878.5401988,0.299227966,305.5225331,1488.671776,0.175093102,0.901225899,-7.310575215,0.867798788,0.000595291,4.6701404301960693e-11,0.965508277003384,0.019564665710468,0.0130458885852987,9.35805401983583e-05,2.26025240123247e-06,0.0017734067867106,1.19210697168538e-05,5.12087504633852e-12,,550.3667037145351,0.997377994323383,0.38189481089843236,0.9995075598026355,1.0,4.670142050855475e-11
877.1186883,0.299226345,304.9106094,1488.669454,0.175083817,0.901216816,-7.310694933,0.867679069,0.000595912,4.6777884810973694e-11,0.965480941303389,0.0195671692429444,0.0130671492472481,9.37598656693346e-05,2.26549387846251e-06,0.0017767659960994,1.19487988698207e-05,5.12363197011892e-12,,549.3101503654215,0.9973725912531072,0.38112992300841453,0.9995060007910447,1.0,4.677780385264896e-11
875.4128757,0.299224397,304.1768414,1488.666657,0.175072674,0.901205915,-7.310838601,0.867535402,0.000596655,4.686998711234099e-11,0.965448035206589,0.0195701714544271,0.0130927519273962,9.39758347472673e-05,2.27180740259813e-06,0.0017808115182187,1.19821992218288e-05,5.1269414904532295e-12,,548.0430351020357,0.9973660982358971,0.38021273307561304,0.9995041228602006,0.9999999999999996,4.6870396452902696e-11
873.7070631,0.299222444,303.4436624,1488.66385,0.175061532,0.901195014,-7.310982274,0.867391729,0.000597398,4.6962446772417096e-11,0.965415015864797,0.0195731714208763,0.0131184532056495,9.41926577088242e-05,2.27814697483523e-06,0.001784872914837,1.2015737064328e-05,5.1302523076527e-12,,546.776735841626,0.9973595885528319,0.3792962793767035,0.999502238215267,1.0000000000000007,4.696187883013181e-11
872.0353668,0.299220527,302.725719,1488.660593,0.175050612,0.90118434,-7.31112309,0.867250913,0.000598126,4.7053404725935e-11,0.965382549047377,0.0195761095079348,0.0131437366780347,9.44059787467111e-05,2.28437779869367e-06,0.0017888656388938,1.20487190271693e-05,5.13349845044255e-12,,545.5374526550125,0.9973531988639246,0.3783988697611285,0.9995000514363043,0.9999999999999996,4.705380529657077e-11
870.3977867,0.299218646,302.0229734,1488.658372,0.175039917,0.901173865,-7.311261016,0.867112987,0.000598839,4.71428452722602e-11,0.965350632869603,0.0195789849437268,0.0131685970294415,9.46157483415565e-05,2.29052061810599e-06,0.0017927976403364,1.20811956528559e-05,5.1366790196229e-12,,544.3224413070195,0.997346929169175,0.37752045697992176,0.9994985602370178,0.9999999999999997,4.71431782500531e-11
868.7602066,0.299216761,301.3207704,1488.655646,0.175029221,0.901163398,-7.311398958,0.866975045,0.000599551,4.7232619696275094e-11,0.965318613177567,0.0195818585712104,0.0131935498271865,9.48263197539536e-05,2.29668048007631e-06,0.0017967415895583,1.21137818716881e-05,5.13986104670404e-12,,543.1090794917649,0.9973406461417414,0.3766427224338759,0.9994967299762093,1.0000000000000004,4.723210711432557e-11
867.1881298,0.299214948,300.6471647,1488.653019,0.175018954,0.901153349,-7.311531387,0.866842616,0.000600234,4.73191200884238e-11,0.965287773825774,0.0195846152662245,0.0132175919663096,9.5029225754158e-05,2.30261705647504e-06,0.0018005418598198,1.21451865997162e-05,5.1429169092453394e-12,,541.9449582477586,0.9973346031026235,0.37580073373074674,0.9994949661848876,1.0000000000000002,4.731892655485126e-11
865.6160529,0.299213131,299.9740575,1488.650383,0.175008686,0.9011433,-7.311663822,0.866710181,0.000600916,4.74059326718237e-11,0.965256835536555,0.0195873700024471,0.0132417202454172,9.52328778313822e-05,2.3085763948104e-06,0.0018043559973504,1.21767114517547e-05,5.14597386134602e-12,,540.781528370952,0.9973285467308215,0.3749593681389845,0.9994931963508851,0.9999999999999997,4.740630110688926e-11
864.0754175,0.299211348,299.3148965,1488.647363,0.174998624,0.901133458,-7.31179362,0.866580383,0.000601585,4.7491312591421895e-11,0.965226421838897,0.0195900679735895,0.0132654499879372,9.5433185606761e-05,2.31443229865144e-06,0.0018081048229395,1.22077060909918e-05,5.14897094763952e-12,,539.6428034655524,0.9973226036868351,0.37413543491581946,0.9994911686958444,1.0,4.7491344190575546e-11
862.5662237,0.299209598,298.6696498,1488.64524,0.174988768,0.901123802,-7.311920758,0.866453245,0.000602239,4.757524577639289e-11,0.965196531091375,0.0195927085609567,0.0132887765182147,9.56301057766133e-05,2.32020289075464e-06,0.0018117952533762,1.22382146828557e-05,5.151907440964859e-12,,538.5264446247257,0.9973167706374936,0.3733288941871241,0.9994897432946352,1.0,4.757527705123721e-11
861.0570299,0.299207845,298.0248624,1488.642682,0.174978912,0.901114153,-7.312047908,0.866326095,0.000602893,4.7659470382034495e-11,0.965166550030819,0.0195953475523761,0.0133121837177789,9.58277256010554e-05,2.32598834801432e-06,0.0018154961133917,1.22688188709184e-05,5.1548451474012595e-12,,537.4114879500785,0.9973109275886387,0.3725229275708677,0.9994880258305312,1.0,4.7659431956503795e-11
859.6082039,0.299206159,297.4062975,1488.640217,0.17496945,0.901104889,-7.312169977,0.866204026,0.000603521,4.77406024790073e-11,0.965137680600532,0.0195978792470003,0.0133347309115696,9.60181013630462e-05,2.33156254653488e-06,0.001819061218823,1.22983052670578e-05,5.15766627783662e-12,,536.3417277509146,0.9973053078622446,0.3717497383624744,0.9994863708074598,0.9999999999999998,4.774081130420882e-11
858.1593778,0.29920447,296.7881546,1488.637744,0.174959989,0.901095625,-7.31229205,0.866081953,0.000604148,4.7822006816050093e-11,0.965108724911447,0.0196004092268829,0.0133573532131549,9.62091276722017e-05,2.3371565929436e-06,0.0018226384148745,1.23278963933171e-05,5.16048831455887e-12,,535.2725532661617,0.9972996781363371,0.37097707664254015,0.999484710413117,1.0,4.7821857585006455e-11
856.7395283,0.299202812,296.1827843,1488.634946,0.174950716,0.901086553,-7.312411692,0.86596231,0.000604762,4.7902047737041e-11,0.965080266263899,0.0196028871366311,0.0133795963083837,9.6396968612994e-05,2.34265248725867e-06,0.0018261536338342,1.2356983086278e-05,5.16325497039197e-12,,534.2259830920945,0.9972941517387323,0.3702203803232989,0.999482831810864,0.9999999999999997,4.790234875429178e-11
855.3486553,0.299201185,295.5901597,1488.632923,0.174941634,0.901077651,-7.312528883,0.86584512,0.000605363,4.798071273655009e-11,0.965052303241367,0.0196053124709584,0.0134014560944613,9.65815863440105e-05,2.34806602696808e-06,0.0018296128838506,1.23856038451837e-05,5.1659656473595e-12,,533.2000240792064,0.9972887286694301,0.3694796157804864,0.9994814735505502,1.0000000000000002,4.798050845522539e-11
853.9577823,0.299199556,294.9979239,1488.630525,0.174932551,0.901068757,-7.312646085,0.865727918,0.000605964,4.805963161584989e-11,0.965024261572889,0.019607736400039,0.0134233861394764,9.6766813420268e-05,2.35349250785436e-06,0.0018330812206066,1.24143078324196e-05,5.16867733299044e-12,,532.1752569342129,0.9972832989337858,0.36873933722704083,0.9994798635118789,0.9999999999999998,4.805988940148609e-11
852.2887346,0.299197597,294.287753,1488.627638,0.174921653,0.901058082,-7.312786732,0.86558727,0.000606685,4.8154672161737693e-11,0.964990504514586,0.0196106429854667,0.0134497954120026,9.69898933713304e-05,2.36002892110709e-06,0.0018372582297276,1.24488825982874e-05,5.17193244523443e-12,,530.9462476307289,0.9972767692516943,0.36785164302390233,0.999477925154229,1.0000000000000002,4.815436938088169e-11
850.619687,0.299195634,293.5781402,1488.624739,0.174910754,0.901047407,-7.312927385,0.865446618,0.000607405,4.8250083364026003e-11,0.964956630021952,0.0196135472335385,0.0134763069406567,9.72138590744414e-05,2.36659236114077e-06,0.0018414516990426,1.24835999492639e-05,5.17518874091536e-12,,529.7180136681587,0.9972702262369185,0.36696464643050075,0.9994759787396718,0.9999999999999999,4.825018162790684e-11
848.9840204,0.299193706,292.8832618,1488.621392,0.174900073,0.901036954,-7.313065239,0.865308764,0.00060811,4.834394712182019e-11,0.964923321217581,0.0196163913612366,0.0135023880332667,9.74342108364493e-05,2.37304322459665e-06,0.0018455743383729,1.25177419589429e-05,5.1783812744586195e-12,,528.5159656596846,0.9972637998831296,0.36609606743414064,0.9994737315339031,0.9999999999999996,4.8344439562697517e-11
847.3817347,0.299191814,292.2030819,1488.619082,0.174889611,0.901026695,-7.313200268,0.865173735,0.000608801,4.8436246329448597e-11,0.964890576024321,0.0196191747528167,0.0135280331747116,9.76508980927365e-05,2.37940310581473e-06,0.0018496343319688,1.25513613652585e-05,5.18150930995286e-12,,527.3374495181271,0.9972574935234986,0.36524586116080365,0.9994721805792195,0.9999999999999998,4.843647705143894e-11
845.7794489,0.299189918,291.5234162,1488.616266,0.174879149,0.901016446,-7.31333531,0.865038693,0.000609491,4.85288921901639e-11,0.964857723526142,0.0196219561902479,0.0135537742025098,9.78684168573238e-05,2.38578064473469e-06,0.0018537067355715,1.25850943135508e-05,5.1846386363686896e-12,,526.1605161883843,0.9972511738311833,0.3643962976234043,0.9994702898916054,1.0000000000000002,4.852862556248283e-11
844.2412547,0.299188095,290.8714197,1488.613553,0.174869106,0.901006605,-7.313464956,0.864909047,0.000610153,4.86181609798702e-11,0.964826080950239,0.0196246243035319,0.013578576297242,9.80780206845656e-05,2.39192706265792e-06,0.001857630842997,1.26176044373103e-05,5.18764380972715e-12,,525.0313311616584,0.9972450974603548,0.3635813198293035,0.9994684683591134,1.0,4.8617998515965155e-11
842.7030604,0.299186268,290.2198956,1488.610831,0.174859063,0.900996764,-7.313594607,0.864779396,0.000610815,4.8707753694611e-11,0.964794335775582,0.0196272903633127,0.0136034677407097,9.8288398471322e-05,2.39809709495939e-06,0.0018615693318042,1.26502391270628e-05,5.190649960339099e-12,,523.9028029552471,0.9972390077568423,0.3627669325222833,0.999466640783941,1.0000000000000004,4.870726044714502e-11
841.19563,0.299184474,289.5818608,1488.607726,0.17484922,0.900987127,-7.313721676,0.864652327,0.000611463,4.8795869759542896e-11,0.964763127868516,0.0196299013041501,0.0136279485181209,9.84953245115856e-05,2.40416005049095e-06,0.0018654404456258,1.2682325035768e-05,5.19359711546453e-12,,522.7982234757194,0.9972330280479743,0.36196940647135584,0.9994645560591392,1.0,4.879574522220764e-11
839.7189635,0.299182714,288.957285,1488.605519,0.17483958,0.900977671,-7.313846143,0.86452786,0.000612097,4.88824939092401e-11,0.964732455430766,0.0196324566334807,0.0136520137773288,9.86987545345926e-05,2.41013479419945e-06,0.0018692513067776,1.27139082391806e-05,5.1964846804318e-12,,521.7153301746049,0.9972271616669223,0.3611887038023495,0.9994630742595779,1.0,4.8882342618128405e-11
838.242297,0.29918095,288.3331444,1488.602877,0.174829939,0.900968223,-7.313970621,0.864403382,0.000612731,4.89694206556703e-11,0.964701689356206,0.0196350102429869,0.0136761627188549,9.89029102308462e-05,2.41612494236666e-06,0.0018730730021116,1.27455904986964e-05,5.19937331750741e-12,,520.6337825472817,0.9972212819531859,0.36040854512144127,0.9994613003971219,1.0,4.896938410325902e-11
836.8246971,0.299179254,287.734378,1488.600332,0.174820684,0.900959151,-7.314090124,0.864283878,0.000613339,4.905315721075429e-11,0.964672063056762,0.0196374598909024,0.0136994248347895,9.90995852125195e-05,2.42189640257683e-06,0.0018767545658824,1.27761157931697e-05,5.2021472469035496e-12,,519.596065198609,0.9972156288950812,0.3596601034965956,0.9994595916613341,0.9999999999999999,4.905331696392068e-11
835.4070973,0.299177555,287.1360115,1488.597778,0.174811429,0.90095008,-7.314209632,0.864164371,0.000613947,4.91371762389085e-11,0.964642347287316,0.0196399077487083,0.0137227648664223,9.92969351765186e-05,2.42768845924381e-06,0.0018804486698603,1.28067497146948e-05,5.2049219934626995e-12,,518.5589043903892,0.9972099658374631,0.3589121617358134,0.999457876882866,0.9999999999999994,4.913769391379219e-11
834.0178494,0.299175887,286.5500008,1488.594899,0.174802359,0.900941196,-7.314326758,0.864047244,0.000614542,4.921978973507549e-11,0.964613140735045,0.0196423050651383,0.0137457140785036,9.94909969618261e-05,2.43337890200417e-06,0.0018840788295092,1.28368615131135e-05,5.2076421761345e-12,,517.543658273227,0.9972044061081478,0.3581796643871229,0.9994559438964877,1.0000000000000004,4.921929530610214e-11
832.6569536,0.29917425,285.9763202,1488.592798,0.174793475,0.900932479,-7.314441488,0.863932515,0.000615125,4.930098410911809e-11,0.964584441842514,0.0196446514506054,0.0137682682125616,9.96817319075073e-05,2.43898418038423e-06,0.0018876512323492,1.28664913702949e-05,5.21030731894021e-12,,516.5483985238641,0.9971989497071351,0.3574625793262269,0.9994545332662755,0.9999999999999999,4.9301118743017014e-11
831.2960577,0.29917261,285.4030081,1488.590321,0.174784591,0.900923769,-7.314556227,0.863817776,0.000615708,4.9382442141872897e-11,0.964555661400218,0.0196469963213529,0.0137908952390535,9.98730989279434e-05,2.44460286993884e-06,0.0018912330755086,1.28962074733202e-05,5.2129733468342195e-12,,515.5542827590771,0.9971934833066094,0.35674595488025324,0.9994528701862968,0.9999999999999996,4.9382831157629425e-11
829.6629827,0.299170638,284.7155189,1488.587338,0.17477393,0.900913317,-7.314693919,0.863680084,0.000616407,4.9480542423779197e-11,0.964521013819234,0.0196498079402338,0.0138181443842232,0.0001001035772093,2.45137086377634e-06,0.0018955468519181,1.29320016209374e-05,5.21617355716124e-12,,514.3620196825193,0.9971869102932941,0.3558866121818121,0.9994508673733874,0.9999999999999999,4.9480752828401364e-11
828.0299077,0.299168663,284.0285589,1488.584344,0.174763269,0.900902863,-7.314831616,0.863542387,0.000617105,4.95790273604572e-11,0.964486244418934,0.019652617116025,0.013845499622202,0.0001003349746136,2.45816690559541e-06,0.0018998777028514,1.2967943669853e-05,5.21937482789684e-12,,513.1704933318043,0.9971803272804658,0.35502793096889834,0.9994488571749796,0.9999999999999999,4.957911858838315e-11
826.4294941,0.299166723,283.3558518,1488.580903,0.174752821,0.900892628,-7.314966571,0.863407431,0.000617789,4.96759172500143e-11,0.964452054456554,0.0196553679282529,0.0138724112989321,0.0001005626418498,2.46484640336214e-06,0.0019041354828844,1.30032902249465e-05,5.22251327363034e-12,,512.0043535603178,0.9971738609286243,0.3541870654911941,0.9994465468567691,0.9999999999999999,4.967604105843293e-11
824.8617421,0.299164819,282.6973638,1488.5785,0.174742588,0.900882583,-7.315098765,0.863275238,0.000618458,4.977119364552209e-11,0.96441844168498,0.0196580598909574,0.0138988736903698,0.0001007865271372,2.47143183516267e-06,0.0019083286234327,1.30380962908804e-05,5.22558829606338e-12,,510.86103192579714,0.9971675145709407,0.35336397349962384,0.999444933461053,0.9999999999999999,4.977129819394577e-11
823.2939901,0.29916291,282.0393631,1488.575592,0.174732354,0.900872546,-7.31523097,0.863143033,0.000619127,4.98668300316063e-11,0.964384717617044,0.0196607497630589,0.0139254355760962,0.0001010112751336,2.47803557317683e-06,0.0019125346579479,1.30730200504604e-05,5.22866445574881e-12,,509.71922984738904,0.9971611515474016,0.3525414906197267,0.999442981003815,0.9999999999999998,4.9866999418668456e-11
821.7889481,0.299161075,281.40814,1488.572789,0.17472253,0.900862911,-7.315357892,0.863016111,0.000619769,4.995898222527489e-11,0.964352234439436,0.019663329871558,0.0139510291090371,0.0001012278486803,2.48440004740791e-06,0.0019165875979824,1.31066780676588e-05,5.23161847245922e-12,,508.62373735742864,0.9971550351785206,0.35175247900751183,0.9994410990445174,0.9999999999999993,4.9959592018922194e-11
820.2839062,0.299159236,280.7773647,1488.569976,0.174712706,0.900853275,-7.315484819,0.862889184,0.00062041,5.0051470612580894e-11,0.964319644813497,0.0196659078367614,0.0139767153564868,0.0001014452254733,2.49078903246131e-06,0.0019206554581473,1.31404653155435e-05,5.234573363149199e-12,,507.52886903221616,0.9971489054769552,0.3509640271330504,0.99943921037113,0.9999999999999999,5.005162950766362e-11
818.8089651,0.29915743,280.1596398,1488.566783,0.174703078,0.900843839,-7.315609216,0.862764786,0.000621039,5.0142436597072794e-11,0.964287605704736,0.0196684323199555,0.0140019783291662,0.0001016590389592,2.49706716184726e-06,0.0019246538001046,1.3173684536171e-05,5.23747014356663e-12,,506.45722099509214,0.9971428857700347,0.3501918879016846,0.9994370665623403,0.9999999999999994,5.014300086259027e-11
817.3641248,0.299155658,279.5549366,1488.564489,0.174693648,0.900834579,-7.31573107,0.862642933,0.000621654,5.023186372366499e-11,0.964256115167984,0.0196709029419807,0.0140268129902577,0.0001018692437985,2.50325407603434e-06,0.0019285899626358,1.32063837950982e-05,5.2403083398006496e-12,,505.4066033440127,0.9971369793909299,0.34943602543919944,0.9994355263502002,1.0,5.023181870456028e-11
815.9192846,0.299153882,278.950646,1488.561759,0.174684217,0.900825327,-7.315852934,0.862521069,0.000622268,5.0321605133685896e-11,0.96422452749715,0.0196733717252304,0.0140517344945206,0.0001020802016429,2.50945696207972e-06,0.0019325373831862,1.32391857431987e-05,5.24314747536182e-12,,504.35727777491604,0.997131059679141,0.3486806787154304,0.9994336934037559,1.0000000000000004,5.032130268034507e-11
814.5322379,0.299152174,278.3709143,1488.559129,0.174675164,0.900816445,-7.315969926,0.862404077,0.000622858,5.0408054737266194e-11,0.964194109058653,0.019675739846389,0.0140757412609537,0.0001022834326318,2.51543344091805e-06,0.0019363401222216,1.32707900559281e-05,5.24587377797654e-12,,503.3504652363577,0.9971253666229836,0.34795602994502084,0.9994319275982072,0.9999999999999998,5.040823314317322e-11
813.1451912,0.299150463,277.7915617,1488.556491,0.174666111,0.900807563,-7.316086923,0.86228708,0.000623448,5.049479752493489e-11,0.964163597775354,0.0196781061044482,0.0140998288890426,0.0001024873642652,2.52143130289266e-06,0.0019401558727571,1.33025070860091e-05,5.24860081459101e-12,,502.3441816431339,0.997119663567313,0.3472318550392436,0.9994301564213869,0.9999999999999993,5.049549667290876e-11
811.7858855,0.299148784,277.2241645,1488.553529,0.174657239,0.900798864,-7.316201588,0.862172415,0.000624025,5.05800909749111e-11,0.964133608439753,0.0196804233390436,0.0141235136220217,0.0001026879009221,2.52732395720409e-06,0.0019439056348242,1.33336836471592e-05,5.25127411500228e-12,,501.35914834211945,0.9971140671731161,0.34652262405650824,0.9994281677080655,1.0000000000000004,5.0579762600477807e-11
810.4543207,0.299147135,276.6686981,1488.551345,0.174648549,0.900790329,-7.316313909,0.862060094,0.00062459,5.066392039622429e-11,0.964104139358925,0.0196826912687402,0.0141467910383927,0.0001028850030517,2.53312853635011e-06,0.0019475957847553,1.33643616806379e-05,5.25389331881785e-12,,500.3934987227127,0.9971085707740509,0.3458283062474876,0.9994267013509103,0.9999999999999998,5.066413955034932e-11
809.1227559,0.299145484,276.1135812,1488.548786,0.174639858,0.900781801,-7.316426238,0.861947765,0.000625155,5.0748023727543194e-11,0.964074585676542,0.0196849575740013,0.0141701441105551,0.0001030827611147,2.53894701935805e-06,0.0019512957456419,1.33951291211683e-05,5.2565132864792596e-12,,499.4289476191784,0.9971030677086435,0.3451344253039088,0.9994249832153973,1.0000000000000002,5.074796138870852e-11
807.5248782,0.299143498,275.447901,1488.545704,0.17462943,0.900771567,-7.316561038,0.861812965,0.000625833,5.0849311752534794e-11,0.964039006015416,0.0196876748139699,0.0141982681779817,0.0001033209405417,2.54595574018522e-06,0.001955751850296,1.3432189945732e-05,5.25965811210013e-12,,498.27212856266107,0.9970964480309336,0.34430234325903186,0.9994229139330013,1.0000000000000002,5.084899168394941e-11
805.9270004,0.299141508,274.7827224,1488.54261,0.174619001,0.900761332,-7.316695843,0.86167816,0.00062651,5.0950999126023394e-11,0.964003299932476,0.0196903895009757,0.0142265023645323,0.000103560074108,2.55299357928794e-06,0.0019602256738755,1.34694042396274e-05,5.2628038753379295e-12,,497.1160096392268,0.9970898150205393,0.3434708882004371,0.999420836593698,1.0000000000000002,5.0950799135307534e-11
804.3610802,0.299139554,274.1313346,1488.539071,0.174608782,0.90075131,-7.316827962,0.861546041,0.000627173,5.10510419511683e-11,0.963968187661916,0.0196930475684666,0.0142542793452414,0.0001037953568014,2.55991075592781e-06,0.0019646240983588,1.35060021429181e-05,5.26588776304385e-12,,495.98450720570156,0.997083302004303,0.3426566712646894,0.9994184604774101,1.0,5.1051052274431186e-11
802.8271176,0.299137636,273.4937051,1488.536572,0.174598771,0.900741475,-7.316957381,0.861416622,0.000627822,5.114942041681329e-11,0.963933666792203,0.0196956486515783,0.0142815931772311,0.0001040267355307,2.56673067441345e-06,0.0019689558153317,1.35420410323185e-05,5.2689093070856295e-12,,494.87513437899855,0.9970769089822246,0.3418596518276777,0.9994167826264344,0.9999999999999999,5.1149418034412975e-11
801.293155,0.299135713,272.8565378,1488.533566,0.17458876,0.900731648,-7.317086809,0.861287193,0.000628471,5.1248172874547e-11,0.963899030434092,0.0196982475040533,0.0143090102902738,0.0001042590097112,2.57356957786977e-06,0.0019733009338114,1.35782019606491e-05,5.27193183461917e-12,,493.76722100669724,0.997070499294291,0.34106321012802565,0.9994147643711191,1.0000000000000004,5.1247894816697226e-11
799.8205508,0.299133864,272.2452909,1488.53067,0.17457915,0.900722213,-7.317211066,0.861162937,0.000629094,5.1343329561498494e-11,0.96386566735846,0.0197007401389583,0.0143354284251651,0.0001044828395767,2.58016076447961e-06,0.0019774879678389,1.36130526184335e-05,5.27483425969564e-12,,492.70423006039783,0.9970643362610153,0.3402991682194985,0.9994128199707887,1.0000000000000002,5.134326297451253e-11
798.3479467,0.299132011,271.6344686,1488.527763,0.174569541,0.900712779,-7.317335327,0.861038676,0.000629716,5.143883538423899e-11,0.96383219380408,0.0197032305255818,0.0143619428077945,0.0001047075033665,2.58677739671956e-06,0.0019816904876909,1.36480373729148e-05,5.27773744337092e-12,,491.64183222783606,0.9970581598950551,0.3395356570493594,0.9994108681849597,1.0,5.143885317693275e-11
796.9047947,0.299130192,271.0362752,1488.524478,0.174560123,0.900703541,-7.317457111,0.860916892,0.000630325,5.1532771210008096e-11,0.963799284620277,0.0197056690559675,0.0143880208036442,0.0001049284879499,2.5932792496562e-06,0.0019858212619607,1.36824341374496e-05,5.2805834134166894e-12,,490.6019528084208,0.997052096856911,0.33878793165884324,0.9994086626065461,0.9999999999999997,5.153311111172343e-11
795.4910947,0.299128406,270.4506832,1488.522093,0.174550898,0.900694475,-7.317576407,0.860797595,0.000630922,5.1625119360129094e-11,0.963766937717599,0.0197080554592275,0.0144136571823458,0.0001051457468476,2.59968677775736e-06,0.0019898878572295,1.37162930646237e-05,5.283371812774299e-12,,489.58247111066106,0.9970461438134115,0.3380559576737021,0.9994070612961912,1.0000000000000002,5.162492655585993e-11
794.0773947,0.299126616,269.8654825,1488.519272,0.174541673,0.900685416,-7.317695712,0.860678291,0.000631518,5.1717794108770997e-11,0.96373449001477,0.0197104398933895,0.0144393837226763,0.000105363787396,2.60611086813845e-06,0.0019939661554263,1.3750258469307e-05,5.286161009789279e-12,,488.5642304972872,0.9970401774372278,0.33732447280285954,0.9994051672515323,0.9999999999999994,5.1718296312230905e-11
792.7202428,0.299124895,269.304057,1488.516554,0.174532817,0.90067672,-7.317810248,0.860563755,0.00063209,5.180707111446859e-11,0.963703242346138,0.0197127269658007,0.0144641664624237,0.0001055738451373,2.61230054175925e-06,0.0019978950388064,1.37829840565825e-05,5.2888392908206595e-12,,487.58723283971153,0.9970344410498467,0.3366227062818093,0.9994033423619956,1.0000000000000004,5.1806559042688605e-11
791.3630908,0.299123171,268.7429911,1488.513826,0.174523961,0.900668023,-7.317924789,0.860449214,0.000632662,5.1896652633111894e-11,0.963671898303612,0.0197150120837815,0.0144890331571422,0.0001057846303839,2.61851241687211e-06,0.0020018374288554,1.38158266198529e-05,5.29151820673876e-12,,486.61073783893085,0.9970286946629525,0.3359213892509246,0.9994015107583695,0.9999999999999999,5.189670915228817e-11
790.0330819,0.299121478,268.1934956,1488.510777,0.174515282,0.900659507,-7.318037044,0.860336959,0.000633222,5.1984739223433297e-11,0.963641089519418,0.0197172496879399,0.0145134843952776,0.0001059919096731,2.62461535260593e-06,0.0020057117053771,1.38481096826714e-05,5.29414422623345e-12,,485.65485287089587,0.9970230516043608,0.3352345349036109,0.999399463632469,0.9999999999999997,5.198508290504833e-11
788.730216,0.299119816,267.6555475,1488.508509,0.174506781,0.900651151,-7.318147009,0.860226994,0.00063377,5.2071315087218096e-11,0.963610814172138,0.0197194395956102,0.0145375155845556,0.0001061956424794,2.63062719636869e-06,0.0020095244436286,1.38798770232321e-05,5.29671709594359e-12,,484.71777007969456,0.9970175118740717,0.3345621144904971,0.9993979408769615,0.9999999999999996,5.2071791323271555e-11
787.4273501,0.299118152,267.1179307,1488.505864,0.17449828,0.900642801,-7.318256979,0.860117024,0.000634318,5.21581756038952e-11,0.963580451012452,0.0197216277706726,0.0145616253310472,0.0001064000562897,2.63665346174488e-06,0.0020133473815307,1.39117370887831e-05,5.2992906126811195e-12,,483.78174263357386,0.9970119654774409,0.3338901081933228,0.9993961650002785,1.0000000000000002,5.2157944629982467e-11
785.863911,0.29911615,266.4732269,1488.502678,0.174488078,0.900632781,-7.318388949,0.859985054,0.000634976,5.2262786320019294e-11,0.963543895577846,0.0197242511480847,0.0145906612587401,0.0001066462560912,2.64391254290931e-06,0.0020179516747545,1.39501143753825e-05,5.30237958276552e-12,,482.6591201279917,0.997005292468994,0.33308424607478015,0.9993940258913515,1.0,5.226274968350708e-11
784.3004719,0.299114144,265.8289987,1488.49948,0.174477877,0.900622761,-7.318520924,0.859853079,0.000635632,5.2367811825941004e-11,0.963507208888922,0.0197268718568106,0.0146198115336304,0.0001068934467918,2.65120186423894e-06,0.0020225743633429,1.39886509645425e-05,5.30546936625318e-12,,481.53716305985307,0.9969986061278631,0.3322789784432307,0.9993918787255169,0.9999999999999998,5.2367887803939084e-11
782.7683017,0.299112174,265.1981172,1488.495838,0.17446788,0.90061295,-7.318650268,0.859723735,0.000636276,5.2471141268733695e-11,0.963471131038242,0.019729437681827,0.0146484904124227,0.0001071366612283,2.6583662476203e-06,0.0020271192327606,1.40265494916532e-05,5.30849823932391e-12,,480.43908043274934,0.9969920397808898,0.3314903938216736,0.9993894334541069,0.9999999999999994,5.2471693656741536e-11
781.2674002,0.29911024,264.5805513,1488.493238,0.174458087,0.90060332,-7.318776972,0.859597031,0.000636906,5.25727534762319e-11,0.963435659459814,0.019731948365758,0.0146766917230109,0.0001073758448712,2.66543006640457e-06,0.0020315952487873,1.40638698074942e-05,5.31146585108362e-12,,479.36246301935745,0.9969855934280747,0.3307184533359595,0.9993876877908268,0.9999999999999994,5.257327906349474e-11
779.7664987,0.299108302,263.9634238,1488.490132,0.174448294,0.900593699,-7.318903684,0.859470319,0.000637535,5.267475434286509e-11,0.963400067980484,0.0197344566827065,0.0147050002914728,0.0001076159583888,2.67251358448096e-06,0.0020360851986462,1.41013167277528e-05,5.314434300461399e-12,,478.2872480041154,0.9969791337425751,0.3299470608382559,0.9993856023946159,0.9999999999999997,5.2675086514852865e-11
778.3256332,0.299106437,263.3713927,1488.487138,0.174438894,0.900584463,-7.319025332,0.859348671,0.000638139,5.2773043345920006e-11,0.963365783702819,0.0197368622830022,0.0147322779881298,0.0001078473466487,2.67934059167758e-06,0.0020404118736234,1.41374070950078e-05,5.31728468244302e-12,,477.25561732550005,0.9969729173785625,0.32920703815421226,0.9993835921962081,1.0,5.277289716332234e-11
776.8847678,0.299104569,262.7797643,1488.484133,0.174429493,0.900575226,-7.319146985,0.859227017,0.000638743,5.287169493392779e-11,0.963331384686457,0.0197392655532621,0.0147596556428923,0.000108079601198,2.68619403724215e-06,0.0020447546272499,1.4173636711121e-05,5.32013573670888e-12,,476.22455056422206,0.9969666910150367,0.3284675188341555,0.9993815746123016,0.9999999999999993,5.2872373146328755e-11
775.4727196,0.299102734,262.2003596,1488.48075,0.17442028,0.900566182,-7.319266212,0.859107791,0.000639334,5.2968727044655295e-11,0.96329756453566,0.0197416185738336,0.0147865832701664,0.0001083080560317,2.69292862364745e-06,0.0020490233197881,1.42092576051745e-05,5.32293047533238e-12,,475.2153256748983,0.9969605746461556,0.3277432788048031,0.9993793032358106,1.0000000000000002,5.2968518460261294e-11
774.0894888,0.299100933,261.6331524,1488.478271,0.174411256,0.900557306,-7.319383006,0.858990996,0.000639913,5.3064120681349694e-11,0.963264321008946,0.0197439211878064,0.0148130554363027,0.0001085326635129,2.69956566505292e-06,0.0020532257572374,1.42443221401665e-05,5.3256686657016594e-12,,474.2258880223714,0.9969545716050905,0.3270342853168715,0.999377638813014,1.0000000000000004,5.306377559577413e-11
772.706258,0.299099128,261.0663164,1488.475355,0.174402231,0.900548438,-7.319499807,0.858874196,0.000640491,5.3159853846249297e-11,0.963230972826494,0.0197462217007241,0.0148396212499845,0.0001087580827421,2.70621988804077e-06,0.0020574403645542,1.42794971246357e-05,5.3284075136409e-12,,473.2376429965606,0.9969485552313408,0.3263257558187885,0.9993756809845045,0.9999999999999999,5.315992090970667e-11
771.3783564,0.299097392,260.5225021,1488.472545,0.174393568,0.900539924,-7.319611939,0.858762064,0.000641046,5.325207901092259e-11,0.963198856933905,0.0197484281127492,0.0148652129899412,0.000108975252652,2.71263136045439e-06,0.0020615006323683,1.43133884408287e-05,5.33103735884357e-12,,472.2894156527672,0.9969427688463941,0.3256460028161044,0.9993737943253441,1.0,5.325206942075056e-11
770.0504548,0.299095652,259.9790287,1488.469725,0.174384905,0.90053141,-7.319724076,0.858649927,0.000641601,5.3344620508545004e-11,0.963166640944425,0.0197506324910016,0.0148908919341922,0.0001091931783674,2.71906589996557e-06,0.0020655749262076,1.43474012277483e-05,5.3336677563217296e-12,,471.3416661794791,0.996936969128763,0.3249666759290974,0.999371900952094,0.9999999999999999,5.334477304330676e-11
768.7491112,0.299093945,259.446756,1488.466585,0.174376414,0.900523072,-7.319833994,0.858540009,0.000642144,5.343561727580749e-11,0.963134973734858,0.0197527912809646,0.0149161423378638,0.0001094074850499,2.72538781602621e-06,0.0020695788791017,1.43808355737775e-05,5.33624656460062e-12,,470.4139131973501,0.9969312794057767,0.3243013496107719,0.9993697927279789,0.9999999999999998,5.343581133132602e-11
767.4743257,0.299092268,258.925662,1488.464227,0.174368099,0.900514893,-7.319941633,0.858432369,0.000642677,5.352505942794029e-11,0.963103854559422,0.0197549031152331,0.0149409594645887,0.0001096181241691,2.73161512461738e-06,0.0020735193278651,1.44137347332771e-05,5.33877225683495e-12,,469.5043939067206,0.9969256896779218,0.3236499963617296,0.9993682095456656,0.9999999999999999,5.352518428480835e-11
766.1995402,0.299090589,258.4048822,1488.461493,0.174359782,0.900506719,-7.320049297,0.858324706,0.000643208,5.361479517682499e-11,0.963072643796035,0.0197570135311318,0.0149658581853797,0.0001098294729475,2.7378575910613e-06,0.0020774703670483,1.44467309100527e-05,5.341298937036079e-12,,468.5958925647763,0.996920093283725,0.3229990358540945,0.9993663739135857,0.9999999999999993,5.361544541671037e-11
764.6697975,0.29908857,257.7803602,1488.458199,0.174349803,0.900496909,-7.320178497,0.858195506,0.000643846,5.3722870954234293e-11,0.963035066611543,0.0197595434875829,0.0149958449287154,0.0001100840298882,2.74537718583237e-06,0.0020822290289146,1.44864771025515e-05,5.344331589506699e-12,,467.50627120799084,0.9969133636113703,0.32221840043361694,0.9993641622924916,0.9999999999999998,5.372313705009901e-11
763.4460034,0.299086951,257.2810675,1488.455555,0.174341819,0.900489062,-7.320281862,0.858092141,0.000644356,5.3809641754226694e-11,0.963004906737454,0.0197615654511121,0.0150199198179105,0.0001102884164324,2.75141547703161e-06,0.0020860497093312,1.45183931261577e-05,5.34675821413412e-12,,466.6350295248718,0.9969079672074365,0.3215942982133494,0.9993623870872176,0.9999999999999997,5.38099564906247e-11
762.0998299,0.299085167,256.7321788,1488.452636,0.174333038,0.900480429,-7.320395567,0.857978436,0.000644917,5.390540983296419e-11,0.962971629601707,0.0197637875374653,0.0150464904408949,0.0001105140064277,2.75808093344972e-06,0.0020902666496913,1.45536236252748e-05,5.34942800547274e-12,,465.67713126702574,0.9969020208302791,0.3209082023494408,0.9993604272444812,0.9999999999999997,5.390576873764985e-11
760.631277,0.299083216,256.1337891,1488.44944,0.174323458,0.900471011,-7.320519614,0.857854389,0.000645528,5.40102686855845e-11,0.962935205625521,0.0197662091437574,0.0150755825679505,0.000110761023246,2.76538037489171e-06,0.0020948839952939,1.45922044937296e-05,5.3523411060329695e-12,,464.63270954197293,0.9968955178135559,0.3201602315892931,0.9993582814214645,1.0,5.4010129701964615e-11
759.162724,0.299081261,255.5358144,1488.446231,0.174313878,0.900461593,-7.320643666,0.857730337,0.000646139,5.411553110807059e-11,0.962898654002631,0.0197686281381178,0.0151047859178199,0.0001110090040402,2.77270923314389e-06,0.0020995192284534,1.46309402338056e-05,5.35525482733869e-12,,463.58887007247716,0.9968890014641486,0.31941277956779585,0.9993561268701314,0.9999999999999999,5.4115600889304005e-11
757.7529132,0.299079381,254.9621489,1488.443139,0.174304681,0.900452552,-7.320762761,0.857611242,0.000646725,5.4216964896613895e-11,0.962863443670991,0.0197709478989479,0.0151329263700211,0.0001112479776922,2.77977277017955e-06,0.0021039859769291,1.46682730729789e-05,5.35805257642659e-12,,462.5873316693963,0.9968827351025702,0.31869571338148694,0.999354050873646,0.9999999999999993,5.4217519362964595e-11
756.3431024,0.299077496,254.3888654,1488.440036,0.174295485,0.90044351,-7.320881861,0.857492142,0.000647311,5.43187748571314e-11,0.962828114360884,0.0197732652249415,0.0151611704929141,0.0001114878498891,2.78686372730307e-06,0.0021084693977031,1.4705750261034e-05,5.3608508880085e-12,,461.58632938697457,0.9968764520751365,0.317979124684731,0.9993519674916622,0.9999999999999999,5.431888272511287e-11
754.9614878,0.299075645,253.8274187,1488.436556,0.174286472,0.900434657,-7.320998583,0.857375419,0.000647885,5.441891557262259e-11,0.962793378496036,0.0197755338951045,0.0151889508849799,0.0001117238013817,2.79383173375686e-06,0.0021128764330357,1.47425979457485e-05,5.36359380641119e-12,,460.60652019954205,0.9968702823755187,0.31727733166426053,0.9993496309885027,0.9999999999999997,5.4419246886538986e-11
753.6080694,0.299073828,253.2777839,1488.433982,0.174277644,0.900425968,-7.321112928,0.857261075,0.000648447,5.45173668581403e-11,0.962759233711356,0.0197777538375411,0.0152162619098378,0.0001119557832501,2.80069895513215e-06,0.0021172151285134,1.47788706631956e-05,5.36628119365769e-12,,459.64591282956366,0.9968642260037165,0.3165903031957564,0.9993479027818554,1.0000000000000002,5.4517168557310924e-11
752.2546511,0.299072008,252.7285013,1488.430969,0.174268815,0.900417287,-7.321227277,0.857146726,0.000649009,5.4616170545866096e-11,0.962724980400269,0.0197799715612073,0.0152436700692358,0.0001121886070407,2.80758398136035e-06,0.0021215664604666,1.48152578143136e-05,5.36896911432469e-12,,458.6864520096662,0.9968581596324013,0.31590371496762026,0.9993458798266773,1.0000000000000002,5.4616089428805026e-11
750.9553694,0.299070256,252.2015204,1488.428067,0.17426034,0.900408953,-7.321337057,0.857036946,0.000649547,5.4711355426774297e-11,0.962691991806198,0.0197820984136438,0.0152700737598095,0.0001124129140507,2.81421790191891e-06,0.0021257585109524,1.48503173609971e-05,5.371549984803899e-12,,457.76583355955904,0.9968523199167175,0.3152450032545738,0.9993439313978931,1.0000000000000002,5.4711013497410477e-11
749.6560878,0.299068501,251.674863,1488.425155,0.174251865,0.900400619,-7.321446841,0.856927162,0.000650086,5.480686855831649e-11,0.96265889940572,0.0197842231373556,0.0152965679057103,0.0001126380050913,2.82087574729327e-06,0.0021299651073592,1.48855028348616e-05,5.37413130917238e-12,,456.8456694154442,0.9968464702015207,0.31458669590768024,0.9993419762550194,0.9999999999999997,5.4807158811343015e-11
748.3827917,0.299066778,251.159053,1488.421923,0.17424356,0.900392458,-7.321554438,0.856819565,0.000650614,5.490079086533669e-11,0.962626370066131,0.019786303462186,0.0153226203887456,0.0001128593596579,2.82741694696801e-06,0.002134099156551,1.49200895042847e-05,5.37666159492369e-12,,455.94490724873174,0.9968407271477975,0.31394194751413035,0.9993398062612805,1.0000000000000004,5.4900306523109066e-11
747.1354814,0.299065087,250.6540693,1488.419475,0.174235424,0.90038445,-7.321659833,0.85671417,0.00065113,5.49931065560064e-11,0.962594402098248,0.0197883389849897,0.0153482262696281,0.0001130769328789,2.83386066177313e-06,0.0021381676690135,1.49541242077036e-05,5.37914035400264e-12,,455.0618457565483,0.9968350907555481,0.3133107316995012,0.9993381626521614,0.9999999999999999,5.499323219027019e-11
745.888171,0.299063392,250.149384,1488.416651,0.174227288,0.900376448,-7.321765237,0.856608766,0.000651646,5.5085728749039493e-11,0.962562339440622,0.0197903726854527,0.0153739168022034,0.0001132952405239,2.84031994357168e-06,0.002142247191947,1.49882588396449e-05,5.3816196701103396e-12,,454.1797605405188,0.9968294410306142,0.3126798888767113,0.9993362665932756,0.9999999999999994,5.508626887973378e-11
744.690753,0.299061762,249.6651658,1488.41393,0.174219478,0.900368767,-7.321866428,0.856507574,0.000652142,5.51749364427967e-11,0.962531467449182,0.0197923231581446,0.0153986597391912,0.0001135055095487,2.84654202363483e-06,0.0021461764018574,1.502113949316e-05,5.3840001979898095e-12,,453.3333519924944,0.996824007961799,0.31207462936918406,0.9993344396895121,0.9999999999999998,5.5175197744006255e-11
743.4933351,0.299060129,249.1812217,1488.411201,0.174211668,0.900361085,-7.321967623,0.85640638,0.000652637,5.5264430086403794e-11,0.962500505069563,0.0197942717631073,0.0154234814516599,0.0001137164613274,2.85278493417428e-06,0.0021501182789822,1.50541297748447e-05,5.38638108053577e-12,,452.4873284034365,0.9968185648934705,0.3114697124791607,0.9993326074144768,0.9999999999999997,5.5264792742093505e-11
742.1761753,0.299058329,248.6491995,1488.408188,0.174203077,0.900352635,-7.322078942,0.856295061,0.000653182,5.53632048803892e-11,0.96246634151223,0.0197964130839312,0.0154508767735919,0.0001139493009339,2.85967632557573e-06,0.0021544690458571,1.50905463782917e-05,5.38900048249633e-12,,451.55714714683756,0.9968125651855763,0.3108046992789845,0.9993305844592989,1.0000000000000002,5.536293645747037e-11
740.7392737,0.299056362,248.0691892,1488.404889,0.174193705,0.900343416,-7.322200386,0.856173617,0.000653775,5.547135789282659e-11,0.962428946154883,0.0197987464654451,0.0154808724114157,0.0001142042597202,2.86722325133418e-06,0.0021592329979966,1.51304264249339e-05,5.39185849114493e-12,,450.5429346661979,0.9968060088381164,0.31007970226619413,0.9993283694811599,1.0000000000000002,5.547118320237132e-11
739.3023722,0.29905439,247.4895729,1488.401577,0.174184333,0.900334198,-7.322321835,0.856052168,0.000654368,5.5579929130521095e-11,0.962391418529578,0.0198010771401404,0.0155109833028855,0.0001144602176099,2.87480066746993e-06,0.0021640154812361,1.5170466907484e-05,5.39471702333259e-12,,449.52927600520377,0.9967994358248011,0.3093551977426286,0.9993261457747048,0.9999999999999994,5.55805401702969e-11
737.9229467,0.299052492,246.9335114,1488.398385,0.174175336,0.900325348,-7.32243843,0.855935573,0.000654938,5.568455339569419e-11,0.962355266882117,0.0198033120004311,0.0155399988124735,0.0001147068823999,2.88210382510268e-06,0.0021686242001524,1.52090575193719e-05,5.3974616732583895e-12,,448.5566842504179,0.9967931094661437,0.3086601360748828,0.9993240026373239,1.0000000000000004,5.5684123978494426e-11
736.5435212,0.29905059,246.3778126,1488.395182,0.174166339,0.900316497,-7.322555031,0.855818972,0.000655507,5.578956754551189e-11,0.962318991947324,0.0198055443319009,0.0155691217557169,0.0001149544784956,2.8894354022218e-06,0.0021732501923085,1.52477976621208e-05,5.40020678964936e-12,,447.5846023995888,0.9967867697748022,0.30796552777221786,0.9993218521144446,1.0,5.5789484143531354e-11
735.1916842,0.299048723,245.8335799,1488.391603,0.174157522,0.900307832,-7.322669303,0.8557047,0.000656064,5.589286196959389e-11,0.962283325289676,0.0198077295801248,0.0155977670673597,0.0001151980311857,2.89663988097751e-06,0.0021777974432245,1.52858872520761e-05,5.4028974435248294e-12,,446.6330899616363,0.9967805467444475,0.30728525178097627,0.9993194491417987,0.9999999999999994,5.589340101863627e-11
733.8674357,0.299046889,245.3007898,1488.388932,0.174148885,0.900299327,-7.322781249,0.855592754,0.00065661,5.5994415237711004e-11,0.962248264416909,0.0198098677621567,0.0156259289053439,0.000115437490294,2.90374029535438e-06,0.0021822742405527,1.53233830486071e-05,5.4055335968714696e-12,,445.7002165948009,0.9967744337087374,0.3066192787268007,0.9993176558084829,1.0000000000000002,5.599420926927223e-11
732.5431873,0.299045052,244.7683339,1488.385822,0.174140248,0.90029083,-7.322893199,0.855480803,0.000657155,5.6096333979600895e-11,0.962213091095145,0.0198120036050766,0.0156541914126112,0.0001156778218941,2.9108591433183e-06,0.0021867641473251,1.53609973000125e-05,5.40817015821905e-12,,444.76844583595437,0.9967683106735142,0.3059537234134854,0.9993155677266362,0.9999999999999998,5.609657183214267e-11
731.2719087,0.299043284,244.2574898,1488.382826,0.174131957,0.900282672,-7.323000676,0.855373327,0.000657678,5.619452149812459e-11,0.962179215461639,0.0198140517687795,0.0156814186209916,0.0001159093655134,2.91771842062613e-06,0.0021910897635846,1.53972394658561e-05,5.41070163970355e-12,,443.8743871729191,0.9967624176270938,0.30531518225912735,0.9993135561854104,0.9999999999999998,5.6194715547519536e-11
730.0006302,0.299041513,243.7469527,1488.379819,0.174123666,0.900274515,-7.323108156,0.855265847,0.000658202,5.62930493726703e-11,0.962145232264095,0.019816097704964,0.0157087395802999,0.0001161417217547,2.92460248944674e-06,0.0021954304526305,1.54336120597455e-05,5.413233474214949e-12,,442.98076048466,0.99675651458116,0.30467702484637343,0.999311537258686,0.9999999999999996,5.6293525396711175e-11
728.7547772,0.299039774,243.2469248,1488.376494,0.17411554,0.900266527,-7.323213495,0.855160507,0.000658714,5.6389937964436496e-11,0.962111826362639,0.0198181007165016,0.0157356055573551,0.0001163702241042,2.93136597603737e-06,0.0021996963458022,1.5469365816049e-05,5.4157151558174295e-12,,442.10596668725907,0.9967507181966999,0.3040520036462122,0.9993093048239144,0.9999999999999998,5.6390114799853563e-11
727.5343498,0.299038066,242.7573857,1488.373956,0.174107581,0.900258689,-7.32331668,0.855057323,0.000659216,5.6485170521734194e-11,0.962078995972227,0.0198200604626532,0.0157620114322026,0.0001165948264383,2.93802878817793e-06,0.0022038946663242,1.55045494635335e-05,5.418146265147189e-12,,441.2483561891646,0.9967450251405425,0.3034400931592018,0.9993076007879894,1.0000000000000002,5.648492784615655e-11
726.3139224,0.299036356,242.2681298,1488.37104,0.174099622,0.900250857,-7.323419873,0.85495413,0.000659717,5.658072099825579e-11,0.96204606746168,0.0198220182815037,0.0157885050499214,0.0001168201899481,2.94470771844287e-06,0.0022081044106659,1.5539836560859e-05,5.4205778237994595e-12,,440.3916846788298,0.9967393254180431,0.3028285366644463,0.9993056429594799,0.9999999999999996,5.658118418239155e-11
725.1423121,0.29903471,241.7987098,1488.368231,0.174091981,0.900243339,-7.323518942,0.854855061,0.000660198,5.667275054217459e-11,0.962014360911347,0.019823895827404,0.0158140218719695,0.0001170372580075,2.95114143317277e-06,0.0022121591001558,1.55738275868519e-05,5.4229124236697095e-12,,439.56965402442637,0.9967338390184909,0.3022417745022157,0.9993037569717285,0.9999999999999994,5.667333269343544e-11
723.9707018,0.299033062,241.3295497,1488.365413,0.17408434,0.90023582,-7.323618014,0.854755988,0.000660679,5.6765076518415e-11,0.961982560673462,0.0198257714362985,0.0158396203487372,0.0001172550338993,2.9575967434785e-06,0.002216226916463,1.56079322055922e-05,5.4252473094983e-12,,438.74798955179233,0.9967283459525967,0.30165533720787724,0.9993018649412964,0.9999999999999992,5.6765814271386716e-11
722.6819305,0.299031245,240.8137739,1488.362302,0.174075935,0.90022755,-7.323726999,0.854647004,0.000661208,5.6866979115960893e-11,0.961947471650209,0.0198278323698277,0.0158678734560335,0.0001174954090987,2.96472265812375e-06,0.0022207167507149,1.56455791627535e-05,5.42781602346588e-12,,437.844581551197,0.9967222895807946,0.30101063156339203,0.9992997761880409,0.9999999999999993,5.6867621722744843e-11
721.2759981,0.299029258,240.2514679,1488.358896,0.174066766,0.900218527,-7.323845895,0.854528108,0.000661785,5.6978558988602e-11,0.961909062099154,0.0198300779466156,0.0158988088800006,0.0001177586234708,2.9725264891955e-06,0.00222563305494,1.5686806920934e-05,5.430618626796499e-12,,436.85955027753937,0.9967156665699136,0.30030776444142177,0.9992974893691439,1.0000000000000004,5.6978088913695046e-11
719.8700658,0.299027267,239.6895357,1488.355476,0.174057598,0.900209504,-7.323964796,0.854409206,0.000662361,5.7090572540211496e-11,0.961870515456484,0.0198323207002152,0.0159298637796189,0.0001180228736342,2.9803619252963e-06,0.0022305685647015,1.57282008968889e-05,5.43342163781317e-12,,435.87504570905344,0.9967090302263483,0.2996053645592288,0.9992951931505216,1.0,5.7090554506089575e-11
718.5203707,0.29902535,239.1504323,1488.352181,0.174048795,0.900200842,-7.324078947,0.854295056,0.000662914,5.7198515960991994e-11,0.961833380968122,0.0198344710637241,0.0159597895344849,0.0001182775338468,2.98791384583148e-06,0.0022353248269698,1.57680963718135e-05,5.4361128971279695e-12,,434.9304165359955,0.9967026405374411,0.29893150005271035,0.9992929808580185,0.9999999999999996,5.719891227329299e-11
717.1706757,0.29902343,238.611673,1488.348873,0.174039994,0.90019218,-7.324193102,0.8541809,0.000663467,5.730686372756949e-11,0.96179611869427,0.0198366187843199,0.0159898266647693,0.000118533159583,2.99549522346846e-06,0.0022400989923268,1.58081467621822e-05,5.43880450933336e-12,,433.9862722665734,0.9966962408490204,0.29825806566178137,0.9992907598371991,1.0000000000000002,5.730671492898409e-11
715.8479745,0.299021544,238.0840234,1488.345191,0.174031367,0.900183698,-7.324304984,0.854069019,0.000664008,5.7413438422486394e-11,0.961759480021488,0.0198387211398533,0.0160193717250599,0.0001187846155254,3.00294527957056e-06,0.0022447919648163,1.5847525122992e-05,5.44144276716409e-12,,433.0620967938665,0.9966899544884157,0.2975985180920227,0.999288287709431,1.0000000000000002,5.7413185317045645e-11
714.5522672,0.299019692,237.5674606,1488.342419,0.174022918,0.900175374,-7.324414578,0.853959425,0.000664538,5.751822000747579e-11,0.961723462755649,0.0198407777789103,0.0160484186714916,0.0001190318474985,3.01028773132855e-06,0.0022494123061698,1.58862895874207e-05,5.4440272336938195e-12,,432.1560144331568,0.9966837814556269,0.2969528287190605,0.9992864265638108,1.0000000000000002,5.751810139287272e-11
713.25656,0.299017836,237.0512152,1488.339208,0.174014468,0.900167058,-7.324524181,0.853849822,0.000665068,5.7623379945346694e-11,0.961687328800494,0.019842832093541,0.01607756998582,0.0001192799847982,3.01764934280368e-06,0.0022540462459343,1.5925176999772e-05,5.44661213402749e-12,,431.25099393423295,0.9966775950901536,0.29630753608741794,0.99928427066966,1.0,5.7623239513304725e-11
712.012681,0.299016051,236.5559173,1488.336114,0.174006357,0.900159074,-7.324629403,0.853744599,0.000665577,5.7724691814763994e-11,0.961652526952855,0.0198448018975869,0.01610565395202,0.0001195190523512,3.0247425992824e-06,0.0022585106932122,1.59626462015134e-05,5.44909393063996e-12,,430.38259396625847,0.9966716453798252,0.29568842725790007,0.9992821933303565,0.9999999999999998,5.772493594236039e-11
710.768802,0.299014262,236.0609108,1488.333009,0.173998245,0.900151091,-7.324734631,0.853639372,0.000666085,5.7826356590996397e-11,0.96161761358251,0.0198467693945205,0.0161338351209451,0.0001197589626109,3.03186156547842e-06,0.0022629907639843,1.6000250585676e-05,5.45157600407831e-12,,429.51460496301496,0.9966656823368125,0.29506968267041284,0.9992801086055547,0.9999999999999998,5.7826632371416054e-11
709.5498006,0.299012505,235.5760877,1488.329587,0.173990295,0.900143273,-7.324837761,0.853536242,0.000666583,5.7926331795170295e-11,0.961583292366212,0.0198486954232846,0.0161615474737622,0.0001199948970668,3.03885586221718e-06,0.002267393705075,1.60372153571564e-05,5.454008807330599e-12,,428.66489953807064,0.9966598259552736,0.2944636670544285,0.9992778110441145,1.0000000000000002,5.792610835442247e-11
708.3556768,0.29901078,235.1014287,1488.326954,0.173982509,0.900135602,-7.324938784,0.853435219,0.00066707,5.80245996295692e-11,0.961549561414972,0.0198505797119891,0.0161887857011897,0.000120226808328,3.04574618465389e-06,0.0022717269626112,1.60735912441161e-05,5.45639199756446e-12,,427.8318775932127,0.9966540762352082,0.29387035628547487,0.9992760432243388,1.0,5.802469615900918e-11
707.161553,0.299009052,234.6270386,1488.323943,0.173974722,0.900127937,-7.325039813,0.85333419,0.000667557,5.812319737287829e-11,0.961515728751797,0.0198524619612086,0.0162161149102854,0.0001204595087665,3.0526531991296e-06,0.0022760720769091,1.61100742523341e-05,5.4587755246750494e-12,,426.99975909909665,0.9966483165156298,0.2932773816341672,0.9992740216119789,0.9999999999999999,5.8123283963595895e-11
706.0151941,0.299007389,234.1718762,1488.321042,0.173967246,0.900120579,-7.325136805,0.853237197,0.000668025,5.821816348510029e-11,0.961483150711725,0.0198542668800473,0.0162424369628759,0.0001206836469139,3.05930668445003e-06,0.0022802572105248,1.61452175494588e-05,5.46106393697714e-12,,426.2012810889047,0.9966427734521699,0.2927084410820176,0.9992720738546036,1.0,5.821820803220135e-11
704.8688353,0.299005723,233.7169607,1488.318132,0.173959771,0.90011322,-7.325233801,0.853140201,0.000668492,5.83134370323126e-11,0.961450475529566,0.0198560697868104,0.0162688436871124,0.0001209085191544,3.06598256480262e-06,0.0022844559524342,1.61804785807152e-05,5.46335256356883e-12,,425.40315142255855,0.9966372203891966,0.29213980914811566,0.9992701200545479,0.9999999999999998,5.831357619001665e-11
703.6078405,0.299003887,233.2168386,1488.314919,0.173951548,0.900105126,-7.325340501,0.853033502,0.000669006,5.84185948339223e-11,0.961414420070095,0.0198580506445923,0.0162979893714825,0.0001211567307458,3.07335202697666e-06,0.0022890903648052,1.6219402367651e-05,5.465870291643749e-12,,424.525610988185,0.9966311006871446,0.2915146702005307,0.9992679628175789,0.9999999999999999,5.841871431044865e-11
702.2322099,0.299001879,232.6715912,1488.311401,0.173942577,0.900096296,-7.325456906,0.852917097,0.000669566,5.85337411314001e-11,0.961374951390178,0.0198602087732984,0.0163299027280231,0.0001214285306463,3.08142266834729e-06,0.0022941650623459,1.6262028837405e-05,5.46861718765015e-12,,423.5687743869615,0.9966244076796714,0.29083312586203924,0.9992656008008791,1.0,5.853373341579982e-11
700.8565793,0.298999867,232.1266988,1488.307869,0.173933607,0.900087466,-7.325573316,0.852800687,0.000670126,5.864933735646689e-11,0.961335340570872,0.0198623639496315,0.0163619399847699,0.0001217014047332,3.089526077201e-06,0.0022992596722401,1.63048275553136e-05,5.4713643662106695e-12,,422.61243870019945,0.996617701339514,0.29015202526383926,0.999263229384454,0.9999999999999999,5.864941865496576e-11
699.5359739,0.29899793,231.6039357,1488.304466,0.173924996,0.900078988,-7.325685074,0.852688929,0.000670664,5.87607354448614e-11,0.961297179679176,0.0198644301312452,0.0163928129919896,0.0001219643803573,3.09733635963117e-06,0.0023041693393143,1.63460773232497e-05,5.47400192414388e-12,,421.694827518079,0.9966112449871858,0.2894985856854438,0.999260944579784,1.0,5.876077402433566e-11
698.2153685,0.298995989,231.0814993,1488.301049,0.173916384,0.900070511,-7.325796838,0.852577165,0.000671201,5.88725529317132e-11,0.961258886270334,0.019866493569407,0.0164238015050869,0.0001222283574715,3.10517719440532e-06,0.0023090975684788,1.63874876780251e-05,5.47663974066907e-12,,420.77767765371465,0.9966047753021732,0.28884555447311366,0.9992586503753885,0.9999999999999998,5.887279552752034e-11
696.9211752,0.298994083,230.5698292,1488.29726,0.173907945,0.900062211,-7.325906374,0.852467629,0.000671727,5.898254290825369e-11,0.961221232607954,0.0198685131868881,0.0164542829555475,0.0001224880326315,3.11288224408558e-06,0.0023139420668729,1.6428203400117e-05,5.47922513882924e-12,,419.8799155715394,0.9965984222781473,0.2882059808413452,0.9992561064068624,0.9999999999999999,5.898270760695823e-11
695.653394,0.298992211,230.0689037,1488.294383,0.173899678,0.900054065,-7.326013672,0.85236033,0.000672242,5.90906840879691e-11,0.961184216373194,0.0198704887124623,0.0164842510747173,0.0001227433501663,3.1204761705868e-06,0.0023187116636933,1.6468285023978e-05,5.48175777146422e-12,,418.9997213434146,0.9965921825819374,0.2875798376657317,0.9992541747633019,1.0000000000000002,5.909051026264933e-11
694.3856128,0.298990335,229.5682795,1488.291066,0.173891411,0.900045926,-7.326120979,0.852253024,0.000672757,5.91992178480343e-11,0.96114707912182,0.019872461804305,0.0165143274420285,0.000122999606722,3.12808995568383e-06,0.0023234953764463,1.65084940394267e-05,5.484290732908849e-12,,418.1205492398748,0.996585929553043,0.28695407110687826,0.9992519476998019,1.0000000000000004,5.919875700755028e-11
693.1685428,0.29898853,229.087963,1488.28787,0.173883475,0.900038113,-7.326223997,0.852150005,0.000673251,5.93037820452088e-11,0.961111309915712,0.0198743535324048,0.0165433031310845,0.0001232465006549,3.13542626559314e-06,0.0023281041920957,1.65472369916671e-05,5.48672257137597e-12,,417.27694323362255,0.9965799131792935,0.28635368861764676,0.9992498018767854,0.9999999999999998,5.930400615028475e-11
691.9514729,0.298986721,228.6079231,1488.284663,0.173875539,0.9000303,-7.32632702,0.852046983,0.000673745,5.940871238386169e-11,0.961075425049018,0.0198762428577256,0.0165723796414829,0.000123494268755,3.14278924032844e-06,0.0023327292088051,1.65861200749457e-05,5.48915459686512e-12,,416.4337281612467,0.9965738834728599,0.2857536518708507,0.9992476486682701,0.9999999999999998,5.940892222611183e-11
690.7587444,0.298984945,228.137753,1488.28114,0.173867761,0.90002265,-7.326427989,0.851946013,0.000674229,5.95119008464567e-11,0.961040147831343,0.0198780921701365,0.0166009729617033,0.000123737934515,3.15002330806861e-06,0.0023372746719651,1.66243420255125e-05,5.4915382486438e-12,,415.6082664293582,0.9965679637610709,0.2851659521041339,0.9992452832945257,0.9999999999999999,5.95120619450995e-11
689.5903572,0.298983201,227.6774343,1488.278408,0.173860143,0.900015143,-7.326526897,0.851847106,0.000674702,5.961332867506879e-11,0.961005476288784,0.0198799012438903,0.0166290775848432,0.000123977449084,3.15714997912616e-06,0.0023417482626892,1.66619556230226e-05,5.4938732362722e-12,,414.7990051101485,0.9965621507107556,0.2845905663179995,0.9992434490052635,0.9999999999999999,5.961342530724778e-11
688.4219701,0.298981453,227.2173709,1488.275297,0.173852524,0.900007642,-7.32662581,0.851748193,0.000675176,5.97150988535203e-11,0.960970699246921,0.0198817081842845,0.0166572765843479,0.0001242177823159,3.16429395371487e-06,0.0023462341627372,1.66996802288862e-05,5.49620847176192e-12,,413.99061355777053,0.9965563243277562,0.28401549964988315,0.999241360252008,1.0000000000000004,5.971478866939606e-11
687.3003184,0.298979772,226.7759494,1488.2723,0.17384521,0.900000441,-7.326720771,0.851653232,0.00067563,5.981312226730149e-11,0.960937210934358,0.0198834407187293,0.0166844368468739,0.0001244492758433,3.17117576644455e-06,0.0023505549632747,1.67360198423747e-05,5.49845044183679e-12,,413.21489605858864,0.9965507212672171,0.2834637348469453,0.9992393480393733,0.9999999999999998,5.981337647398277e-11
686.1786667,0.298978087,226.3347623,1488.269294,0.173837896,0.89999324,-7.326815736,0.851558267,0.000676084,5.99114646990941e-11,0.960903621864506,0.0198851711555253,0.0167116849442811,0.0001246815309515,3.17808080769791e-06,0.0023548898770075,1.67724815087598e-05,5.50069254645324e-12,,412.4395099207352,0.996545104873994,0.282912263037597,0.9992373297840579,1.0,5.991140916705717e-11
684.9448499,0.29897623,225.8497271,1488.265975,0.173829851,0.899985319,-7.326920201,0.851453802,0.000676584,6.00200117169283e-11,0.960866556927136,0.0198870721990512,0.0167417598135484,0.0001249378956397,3.18570331598556e-06,0.0023596746647705,1.68127310147817e-05,5.5031590102257295e-12,,411.5869677786953,0.9965389151753498,0.2823059823024132,0.99923510137774,0.9999999999999998,6.002021102347044e-11
683.5988679,0.2989742,225.320921,1488.262341,0.173821074,0.899976678,-7.327034168,0.851339835,0.000677128,6.013887143748489e-11,0.960825981938363,0.0198891431510718,0.0167746912430556,0.0001252186282903,3.19405117817969e-06,0.0023649141126146,1.68568097814896e-05,5.50584988491252e-12,,410.65737872987717,0.9965321488381136,0.28164498913928265,0.9992326614776016,0.9999999999999998,6.013911590940779e-11
682.2528859,0.298972164,224.7924519,1488.258692,0.173812298,0.899968037,-7.32714814,0.851225863,0.000677673,6.02581981375609e-11,0.960785259517601,0.019891211015232,0.0168077512121932,0.000125500475376,3.20243302447275e-06,0.002370174213702,1.69010671048591e-05,5.50854091496134e-12,,409.7282661093334,0.9965253625018509,0.28098441721693573,0.999230211506329,1.0000000000000002,6.025802079534515e-11
680.9607432,0.298970205,224.2854384,1488.255175,0.173803873,0.899959742,-7.327257559,0.851116444,0.000678195,6.037319350573569e-11,0.960746026457579,0.0198931932690136,0.0168396104162848,0.0001257721033207,3.21051176968641e-06,0.0023752434529949,1.69437231529456e-05,5.51112447242705e-12,,408.8367661963219,0.9965188328197594,0.2803506642078178,0.999227850161038,0.9999999999999999,6.037326194530124e-11
679.6686005,0.298968242,223.7787351,1488.251645,0.173795447,0.899951446,-7.327366982,0.851007021,0.000678717,6.04886241788057e-11,0.96070665593613,0.0198951726553968,0.0168715894582189,0.0001260447703542,3.21862220451422e-06,0.0023803319460104,1.69865456830689e-05,5.513708173139389e-12,,407.94570507692686,0.9965122898049836,0.2797172989402165,0.9992254800874308,1.0000000000000002,6.048850309525733e-11
678.4023007,0.298966313,223.2824674,1488.247744,0.173787189,0.899943324,-7.327474235,0.850899768,0.000679229,6.06021691620887e-11,0.960667941765133,0.0198971100151535,0.0169030458503845,0.00012631299981,3.22659235938995e-06,0.0023853340603142,1.70286507268747e-05,5.51624068286395e-12,,407.0734727016097,0.9965058601180236,0.2790969778872208,0.9992228609211017,0.9999999999999999,6.060230095528141e-11
677.1618437,0.298964419,222.7966148,1488.244758,0.173779102,0.899935353,-7.327579278,0.850794725,0.000679729,6.07138103353879e-11,0.960629882169962,0.0198990044359711,0.016933973110951,0.0001265767299573,3.23444750347392e-06,0.0023902589397022,1.70700997199403e-05,5.51872094838414e-12,,406.21829715972757,0.9964995470920505,0.2784896754243914,0.9992208560939654,0.9999999999999997,6.071410041386116e-11
675.9213867,0.298962521,222.3110483,1488.241331,0.173771014,0.899927389,-7.327684338,0.850689665,0.00068023,6.08258576740056e-11,0.96059169681786,0.0199008965256406,0.0169650126824644,0.0001268414358103,3.24232335300843e-06,0.0023951984672834,1.71116812409952e-05,5.52120167600386e-12,,405.3641074813132,0.9964932207333931,0.2778827305787377,0.9992185551754804,1.0,6.082589987244091e-11
674.7305479,0.298960695,221.8451728,1488.238029,0.173763249,0.899919744,-7.3277852,0.850588803,0.00068071,6.09338089838345e-11,0.960554917029156,0.0199027103923853,0.0169949168986065,0.0001270964745621,3.2499122612252e-06,0.00239995747951,1.71517470611563e-05,5.5235832803938e-12,,404.54446519939023,0.9964871343630516,0.2773003989445715,0.9992163381831147,0.9999999999999998,6.09340355950394e-11
673.5397092,0.298958865,221.3795601,1488.234715,0.173755484,0.899912098,-7.327886067,0.850487936,0.00068119,6.10421403066965e-11,0.960518017237306,0.0199045217589272,0.0170249257314562,0.000127352420493,3.25752883614723e-06,0.0024047332982144,1.71919581991081e-05,5.52596498416669e-12,,403.7251948565365,0.9964810346600259,0.2767183958032182,0.9992141131338416,1.0000000000000002,6.104194927303297e-11
672.3726873,0.298957067,220.9235151,1488.231086,0.173747874,0.899904612,-7.327984931,0.850389072,0.000681661,6.114867419339529e-11,0.960481741087874,0.019906294749524,0.0170544364272706,0.0001276041338393,3.26501220719047e-06,0.0024094270362897,1.72314863177862e-05,5.5282994257077094e-12,,402.9231672337456,0.9964750416184738,0.27614835202520605,0.9992116765907478,0.9999999999999993,6.114930783951422e-11
671.2294821,0.298955302,220.4770203,1488.228252,0.17374042,0.899897267,-7.32808176,0.850292243,0.000682121,6.12533944766136e-11,0.960446087054532,0.0199080286097907,0.0170834432899986,0.0001278515606032,3.27238443042788e-06,0.002414046648817,1.72703850443745e-05,5.53058573145739e-12,,402.1368703406994,0.9964691585715663,0.27559024573601354,0.9992097738177727,1.0000000000000004,6.125311369231667e-11
670.0862769,0.298953533,220.030768,1488.225037,0.173732966,0.899889927,-7.328178604,0.850195399,0.000682582,6.13584690124459e-11,0.960410323377199,0.0199097604231268,0.0171125480843352,0.0001280998381184,3.27977469672968e-06,0.0024186790363658,1.73093992667578e-05,5.532872399275659e-12,,401.3514124658708,0.9964632621919747,0.2750324425651891,0.9992076152379857,1.0,6.13584738573536e-11
668.9887999,0.298951832,219.602593,1488.22194,0.17372581,0.899882881,-7.328271577,0.850102425,0.000683023,6.14596769673098e-11,0.960375884047217,0.0199114207419817,0.0171405812785562,0.0001283389874099,3.28689383448009e-06,0.0024231410025096,1.73469814967702e-05,5.53506765941003e-12,,400.59769481160265,0.9964575924680146,0.27449723552498395,0.9992055358844556,1.0000000000000004,6.145928210798957e-11
667.891323,0.298950127,219.1746407,1488.218833,0.173718654,0.899875835,-7.328364555,0.850009448,0.000683465,6.156121604173309e-11,0.96034134015895,0.01991307888264,0.0171687056258466,0.0001285789271727,3.29403707879274e-06,0.0024276176108912,1.73846903221719e-05,5.5372629834611896e-12,,399.84429246211334,0.9964519094113704,0.27396230685368833,0.9992034498168358,0.9999999999999999,6.156131160395262e-11
666.6840983,0.298948247,218.7041502,1488.215404,0.173710783,0.899868085,-7.328466834,0.849907169,0.000683951,6.16732934656616e-11,0.960303220511873,0.019914900300392,0.0171997482248104,0.0001288437785007,3.30192262678078e-06,0.0024325588776201,1.74263169643796e-05,5.53967789961767e-12,,399.0159139041135,0.996445643049792,0.27337420659573386,0.999201147555533,1.0000000000000002,6.167300004022991e-11
665.367126,0.298946191,218.1911947,1488.211648,0.173702196,0.89985963,-7.328578417,0.849795586,0.00068448,6.17960215507959e-11,0.960261489639355,0.019916884257465,0.0172337399938677,0.000129133809537,3.31055865780558e-06,0.0024379697694161,1.74719043632935e-05,5.5423124225606095e-12,,398.11266286447017,0.9964387900501083,0.2727330262491187,0.9991986257435023,1.0000000000000002,6.179579070675345e-11
664.0501536,0.298944131,217.6785592,1488.207877,0.173693608,0.899851175,-7.328690005,0.849683997,0.000685009,6.1919234259474e-11,0.960219605743549,0.0199188650259554,0.0172678651689903,0.0001294249974913,3.3192299697519e-06,0.0024434020895617,1.75176770182549e-05,5.54494701732691e-12,,397.2098652997359,0.9964319237177406,0.2720922458937521,0.9991960938603371,0.9999999999999999,6.191935852939423e-11
662.7858601,0.298942148,217.1867301,1488.204243,0.173685365,0.899843058,-7.328797135,0.849576868,0.000685517,6.20379772357144e-11,0.960179252421242,0.0199207635198345,0.0173007515812744,0.0001297056325723,3.3275878016267e-06,0.0024486373956808,1.75617940088555e-05,5.5474762598181895e-12,,396.34360587609115,0.9964253140395438,0.2714774729693689,0.9991936539601987,0.9999999999999999,6.203804137072666e-11
661.5215667,0.29894016,216.6951957,1488.200595,0.173677121,0.899834941,-7.328904269,0.849469734,0.000686025,6.215717207203459e-11,0.960138756427917,0.0199226590397105,0.0173337623762186,0.0001299873463359,3.33597852723887e-06,0.0024538926798761,1.76060837079051e-05,5.55000555424107e-12,,395.47776402614903,0.9964186876954917,0.2708630684119262,0.999191204660335,1.0000000000000004,6.215683523436155e-11
660.2825591,0.298938207,216.2137783,1488.196576,0.173669042,0.899826995,-7.329009268,0.849364735,0.000686522,6.22744236560201e-11,0.96009893455216,0.0199245138571714,0.017366234332838,0.0001302644786946,3.34422405406994e-06,0.0024590588560978,1.76496311573211e-05,5.552484380465139e-12,,394.6302077044039,0.9964121780124264,0.2702613098278023,0.9991885062677494,1.0000000000000002,6.227429683036689e-11
659.0688373,0.298936289,215.7424584,1488.193477,0.173661128,0.899819194,-7.329112125,0.849261878,0.000687009,6.238970850778169e-11,0.960059784289931,0.0199263277832702,0.0173981607024775,0.0001305369702881,3.35235103730639e-06,0.00246414533316,1.76925018908427e-05,5.5549124871219595e-12,,393.79922081249595,0.9964057849903482,0.2696721728425304,0.9991864255714012,0.9999999999999996,6.239020411413776e-11
657.8551156,0.298934367,215.2714103,1488.189934,0.173653215,0.899811402,-7.329214988,0.849159015,0.000687496,6.250541666780509e-11,0.960020503726911,0.0199281390235641,0.0174302036610966,0.0001308104731895,3.36049936499491e-06,0.0024692470383246,1.77355094868718e-05,5.55734068828078e-12,,392.96918196837447,0.9963993786355854,0.26908337559982526,0.9991840467694776,1.0000000000000004,6.2505001174884e-11
656.6899427,0.298932517,214.819459,1488.186521,0.173645617,0.899803922,-7.329313741,0.849060262,0.000687963,6.26168972121858e-11,0.959982667921323,0.0199298751607672,0.0174610751708045,0.0001310739921907,3.36835091195469e-06,0.0024741623859983,1.77769498280701e-05,5.55967176550962e-12,,392.17270599398955,0.9963932122691387,0.2685184488348579,0.9991817552507181,1.0000000000000004,6.261657858885883e-11
655.5247699,0.298930664,214.3677573,1488.183096,0.17363802,0.899796441,-7.329412498,0.848961505,0.00068843,6.27287723172799e-11,0.959944707552409,0.0199316086985206,0.0174920552804822,0.0001313384530338,3.37623117733859e-06,0.0024790951751584,1.78185409274019e-05,5.5620028567695e-12,,391.37658394492973,0.9963870359031787,0.26795383406306456,0.999179455675051,0.9999999999999996,6.272915520355582e-11
654.3829005,0.298928843,213.9253323,1488.179357,0.173630574,0.899789117,-7.329509294,0.848864709,0.000688887,6.283879345097589e-11,0.959907387709639,0.0199333052943217,0.0175225217168346,0.0001315985446947,3.38397366923941e-06,0.0024839432665868,1.78594258504074e-05,5.56428758626728e-12,,390.5972100100563,0.9963809661986923,0.26740081491257056,0.9991769452769723,0.9999999999999997,6.283917830529617e-11
653.2643345,0.298927055,213.4921672,1488.176416,0.173623281,0.89978193,-7.3296041,0.848769903,0.000689335,6.29469432320853e-11,0.959870706739904,0.0199349642784889,0.0175524685658513,0.0001318542117223,3.39160135489523e-06,0.0024887148736273,1.78996605375124e-05,5.56652517362263e-12,,389.8331158053571,0.9963750064888507,0.2668593703838354,0.999174970663239,1.0,6.294698096098728e-11
652.1457686,0.298925264,213.0592325,1488.173093,0.173615987,0.899774749,-7.329698919,0.848675084,0.000689783,6.30554611228624e-11,0.959833911981143,0.0199366210863174,0.0175825170850286,0.0001321107618195,3.39924774192851e-06,0.0024934997543944,1.79400149305016e-05,5.5687630031222e-12,,389.0698297952499,0.9963690367794961,0.2663182138487992,0.9991727395712853,0.9999999999999996,6.3055893839703e-11
651.0719453,0.29892354,212.6438311,1488.169892,0.173608986,0.899767855,-7.329789949,0.848584054,0.000690213,6.315998761414409e-11,0.959798478765096,0.0199382093118637,0.0176114597908648,0.0001323578835569,3.40661368876452e-06,0.0024981086776476,1.79788885508811e-05,5.57091130347075e-12,,388.33738154794116,0.9963632903926016,0.2657989734592597,0.9991705903912238,0.9999999999999997,6.316036582632023e-11
649.998122,0.298921813,212.2286411,1488.16668,0.173601984,0.899760961,-7.329880983,0.84849302,0.000690642,6.32648580277052e-11,0.959762937014419,0.0199397952601457,0.017640497133482,0.0001326058259977,3.41400465463576e-06,0.0025027327989702,1.80178934925117e-05,5.57305958031887e-12,,387.605233258734,0.9963575340061942,0.2652799973139388,0.999168433825664,0.9999999999999997,6.326517087984485e-11
648.8169163,0.298919908,211.7721763,1488.163135,0.173594282,0.899753378,-7.329981124,0.848392878,0.000691114,6.338061465006939e-11,0.95972371507787,0.0199415371743232,0.0176725480736298,0.0001328795155417,3.42216376914355e-06,0.0025078369745036,1.80609514062472e-05,5.57542266890555e-12,,386.80021661265755,0.9963511843153396,0.2647094287974074,0.9991660536809224,0.9999999999999999,6.338074509670832e-11
647.5283284,0.298917826,211.2745062,1488.159252,0.17358588,0.899745106,-7.330090375,0.848283628,0.000691629,6.3507374326824e-11,0.959680776159684,0.0199434342560704,0.0177076447168737,0.0001331792304511,3.43109950715844e-06,0.0025134263615513,1.8108106776658e-05,5.57800052458702e-12,,385.92243010112674,0.9963442446532086,0.2640873547827647,0.9991634465999545,0.9999999999999996,6.35078656330279e-11
646.2397404,0.298915738,210.77714,1488.155354,0.173577478,0.899736834,-7.33019963,0.848174372,0.000692144,6.36346373321696e-11,0.959637678373963,0.0199453280159996,0.0177428798762123,0.0001334801467052,3.44007187108615e-06,0.0025190379916714,1.81554543617551e-05,5.5805783381096e-12,,385.0450750845035,0.9963372849920512,0.26346566063481097,0.9991608294478522,0.9999999999999996,6.363509719164995e-11
645.002696,0.298913728,210.2999544,1488.151597,0.173569412,0.899728893,-7.330304521,0.848069482,0.000692638,6.37572861958497e-11,0.959596154165394,0.01994714287359,0.0177768367124997,0.0001337701631449,3.44871999642359e-06,0.0025244462061177,1.82010899163666e-05,5.58305298298162e-12,,384.2032199721428,0.996330585318236,0.26286919168495515,0.9991583069644125,0.9999999999999996,6.375777683587103e-11
643.7656515,0.298911714,209.8230486,1488.147825,0.173561346,0.899720951,-7.330409417,0.847964586,0.000693132,6.388040444510429e-11,0.959554481835686,0.0199489546242526,0.0178109227040768,0.000134061299702,3.45740226654208e-06,0.002529875159894,1.82469046561913e-05,5.5855275643967394e-12,,383.36176214042706,0.9963238723117367,0.26227307247744724,0.9991557744098385,1.0000000000000002,6.388023443548718e-11
642.553348,0.298909735,209.3559531,1488.143684,0.173553441,0.899713178,-7.330512221,0.847861782,0.000693616,6.40015181182456e-11,0.959513501949466,0.0199507272150919,0.0178444530149799,0.0001343477068375,3.46593435296671e-06,0.0025352121577063,1.82919519755795e-05,5.58795265463338e-12,,382.53806673458354,0.9963172759662241,0.26168921587664584,0.9991529941053603,0.9999999999999997,6.400180385668364e-11
641.3657853,0.298907791,208.898649,1488.140466,0.173545697,0.899705546,-7.33061293,0.847761073,0.00069409,6.412060254538779e-11,0.959473211904092,0.0199524604996334,0.0178774206387806,0.0001346293232248,3.47434398568593e-06,0.0025404669204657,1.8336300106509e-05,5.59032805247933e-12,,381.73046628084757,0.9963107962816983,0.26111759825806774,0.9991508335113468,0.9999999999999997,6.412093078722592e-11
640.1782226,0.298905843,208.4416032,1488.136804,0.173537954,0.899697923,-7.330713644,0.847660359,0.000694563,6.4240126828622e-11,0.959432786565962,0.0199541909629202,0.017910509336695,0.0001349119897729,3.4827757577858e-06,0.0025457375088891,1.83807901696316e-05,5.5927034238120694e-12,,380.92377940754795,0.9963043032644884,0.2605463035074256,0.9991483748117577,0.9999999999999994,6.424072385158297e-11
639.0381625,0.298903968,208.0030813,1488.133275,0.17353052,0.899690604,-7.330810334,0.847563669,0.000695017,6.435528629895719e-11,0.959393846908667,0.0199558494580076,0.0179423890000867,0.0001351843428681,3.49090053596112e-06,0.0025508156603953,1.84236594885392e-05,5.5949837071682395e-12,,380.149703923294,0.9962980535687652,0.259998163125189,0.9991460054095593,0.9999999999999994,6.43558539792366e-11
637.8981023,0.298902089,207.5647965,1488.129734,0.173523086,0.899683286,-7.330907028,0.847466975,0.000695472,6.44708556552965e-11,0.959354777904799,0.0199575052433631,0.0179743814469138,0.0001354576741668,3.49905513224571e-06,0.0025559119203025,1.84666852543544e-05,5.5972639114329e-12,,379.3759652171343,0.9962917905403578,0.25945031911146815,0.9991436279504537,0.9999999999999999,6.447098410689023e-11
636.7808433,0.298900243,207.135508,1488.125879,0.173515801,0.899676122,-7.331001793,0.847372209,0.000695917,6.45845134201814e-11,0.959316367221333,0.0199591253332368,0.0180058440643585,0.0001357264930535,3.50706710115747e-06,0.0025609207703709,1.85089803621006e-05,5.5994984559984e-12,,378.6184955582982,0.9962856375065953,0.25891372022671516,0.9991410396689364,1.0,6.458455992230938e-11
635.6863856,0.298898431,206.7151997,1488.122827,0.173508664,0.899669089,-7.331094628,0.847279375,0.000696352,6.46962375494769e-11,0.95927861260039,0.019960709655789,0.0180367706927427,0.0001359907459889,3.51496066596275e-06,0.0025658506696849,1.85506044400954e-05,5.60168722833519e-12,,377.8758718265415,0.9962795978006485,0.2583883463463703,0.9991389905288092,0.9999999999999997,6.469658142549406e-11
634.5919278,0.298896615,206.2951102,1488.119391,0.173501528,0.899662064,-7.331187467,0.847186536,0.000696788,6.48083453991946e-11,0.959240739982248,0.0199622915092005,0.0180678029232961,0.0001362559148731,3.52287352966415e-06,0.0025707943741935,1.85923522467717e-05,5.6038759439566696e-12,,377.13402581860106,0.9962735447620172,0.2578632459600417,0.9991366835676436,0.9999999999999999,6.480849190637628e-11
633.5412484,0.298894867,205.8920295,1488.116081,0.173494677,0.89965532,-7.331276596,0.847097407,0.000697206,6.49163318523251e-11,0.959204267773501,0.0199638076818233,0.0180976937061286,0.0001365113429339,3.53049627062796e-06,0.0025755563602257,1.86325685947436e-05,5.6059770143307795e-12,,376.42214514642114,0.9962677183790178,0.2573594061085538,0.9991344612040063,1.0,6.491629456206738e-11
632.4905689,0.298893116,205.4891496,1488.11276,0.173487826,0.899648576,-7.331365729,0.847008274,0.000697624,6.502467563081069e-11,0.959167682845573,0.0199653214816209,0.0181276827848812,0.0001367676235054,3.53814499236919e-06,0.0025803341275557,1.86729212380787e-05,5.608077981546599e-12,,375.7105499134674,0.9962618819965052,0.25685581725157436,0.9991322314548704,0.9999999999999992,6.502542948538803e-11
631.3348215,0.298891185,205.0462137,1488.109094,0.173480289,0.899641158,-7.331463779,0.846910224,0.000698083,6.51442685686224e-11,0.95912730855891,0.0199669839146998,0.0181607848860333,0.000137050521903,3.54658875186515e-06,0.0025856079915606,1.87174673862613e-05,5.61038892971944e-12,,374.92812481800826,0.9962554456432031,0.25630215949005253,0.9991297700696454,0.9999999999999996,6.514466743823277e-11
630.0740062,0.298889073,204.5632878,1488.105079,0.173472068,0.899633065,-7.331570749,0.846803254,0.000698584,6.527523190468989e-11,0.959083106667813,0.0199687941767833,0.0181970333605852,0.0001373603273966,3.55583636657762e-06,0.0025913833068865,1.87662532807392e-05,5.6129098170210094e-12,,374.07496376097095,0.9962484059859406,0.2556985153221833,0.9991270743626957,1.0000000000000002,6.527500762132377e-11
629.0653539,0.298887379,204.177155,1488.101855,0.173465491,0.899626591,-7.331656328,0.846717674,0.000698985,6.53803790163007e-11,0.959047626402356,0.0199702398890047,0.0182261356959704,0.0001376090699624,3.56326183174061e-06,0.0025960201843029,1.88054255761371e-05,5.61492640689429e-12,,373.39273046690795,0.9962427595941779,0.25521585988220163,0.9991249097402283,0.9999999999999996,6.538081187557054e-11
627.8549712,0.298885342,203.7140396,1488.097973,0.173457598,0.899618823,-7.331759029,0.846614974,0.000699466,6.5506999640075e-11,0.959004909974336,0.0199719718038803,0.0182611806739191,0.0001379086207647,3.57220468528021e-06,0.0026016040495642,1.88526017262613e-05,5.617346175105829e-12,,372.57439740017224,0.9962359699247442,0.25463697829755183,0.9991223033306693,1.0000000000000002,6.550671116656304e-11
626.6445885,0.2988833,203.2511901,1488.094076,0.173449705,0.899611054,-7.331861734,0.846512269,0.000699946,6.56341074643941e-11,0.95896203987935,0.0199737004800719,0.0182963596606821,0.000138209333841,3.58118295691821e-06,0.0026072094282004,1.88999636440423e-05,5.61976576825642e-12,,371.756442334845,0.9962291635894553,0.25405842908063014,0.9991196868499761,1.0000000000000002,6.563394272518508e-11
625.4584134,0.298881294,202.7978562,1488.08981,0.17344197,0.89960345,-7.331962391,0.846411612,0.000700417,6.575914841874709e-11,0.958919880900503,0.0199753915161064,0.0183309658478572,0.0001385051670386,3.59000597841205e-06,0.0026127199585505,1.89465325842073e-05,5.622136844922109e-12,,370.9557457303447,0.9962224772483244,0.2534917741034744,0.9991168226193787,0.9999999999999996,6.575961997157265e-11
624.296446,0.298879323,202.3540199,1488.086471,0.173434393,0.899595984,-7.332060997,0.846313006,0.000700878,6.58820965459111e-11,0.958878430326922,0.0199770448179228,0.0183649919665547,0.0001387960571114,3.59870258131083e-06,0.0026181456778444,1.89923795562018e-05,5.6244592656863894e-12,,370.17068711911423,0.99621590756818,0.25293699086657684,0.9991145807848818,0.9999999999999993,6.588274370500358e-11
623.1344786,0.298877348,201.910429,1488.082687,0.173426816,0.899588526,-7.332159608,0.846214395,0.000701339,6.600550123050619e-11,0.958836839363761,0.019978695182507,0.0183991437200523,0.0001390880369979,3.60742214201021e-06,0.0026235878292541,1.90383736528786e-05,5.626781562883429e-12,,369.3865092736418,0.9962093245553517,0.25238251437296805,0.9991120401734003,0.9999999999999996,6.600608948303943e-11
622.0189899,0.298875447,201.4848119,1488.07904,0.173419542,0.899581368,-7.33225428,0.846119723,0.000701781,6.612440177645809e-11,0.958796775780374,0.0199802766591643,0.0184320482338155,0.0001393693683488,3.61582432451529e-06,0.0026288313695429,1.90826926769034e-05,5.62901078941033e-12,,368.63402578568304,0.9962029881971813,0.25185050463780906,0.9991095915449455,1.0000000000000004,6.612388414595216e-11
620.9035011,0.298873542,201.05942,1488.07538,0.173412268,0.899574209,-7.332348955,0.846025048,0.000702223,6.624372785071339e-11,0.958756577992235,0.0199818553073047,0.0184650697859244,0.0001396517148363,3.62425743788063e-06,0.0026340936964831,1.9127173903735e-05,5.6312398363819495e-12,,367.8818627745895,0.9961966385063266,0.2513187763964912,0.9991071341881742,1.0,6.624356618800675e-11
619.8103222,0.29887167,200.6427551,1488.071408,0.173405139,0.8995672,-7.332441748,0.845932254,0.000702656,6.636108140722638e-11,0.958717056316599,0.0199833998457769,0.0184975450751778,0.0001399294057424,3.63254320058524e-06,0.002639265841009,1.91709004991947e-05,5.63342432600159e-12,,367.14550964448136,0.9961903988101165,0.2507979566665061,0.9991044673518094,0.9999999999999992,6.636180494012933e-11
618.739453,0.298869832,200.2348018,1488.068242,0.173398156,0.899560321,-7.332532639,0.845841364,0.00070308,6.64764424232497e-11,0.958678208835654,0.0199849097806415,0.0185294677259397,0.0001402023826243,3.64070652170376e-06,0.0026443565631586,1.92139333477231e-05,5.63556367448833e-12,,366.42358010291946,0.9961842724417224,0.25028802619827484,0.9991023416710614,0.9999999999999997,6.64768240454805e-11
617.6685839,0.29886799,199.8270565,1488.064691,0.173391173,0.899553449,-7.332623541,0.845750462,0.000703504,6.659220082075619e-11,0.958639238763844,0.019986417287309,0.0185614999667925,0.000140476311148,3.64888994267352e-06,0.0026494616139084,1.92570948257657e-05,5.637703042219e-12,,365.70240139351245,0.9961781327406438,0.2497783557243551,0.9990999574978662,1.0000000000000002,6.659195417313413e-11
616.6405495,0.298866217,199.435816,1488.06127,0.173384469,0.899546852,-7.33271081,0.845663193,0.000703911,6.67037056710738e-11,0.958601708683618,0.0199878619845293,0.0185923545371041,0.000140740181272,3.65677340784862e-06,0.0026543790943124,1.92986734129918e-05,5.63975665336504e-12,,365.01034724213355,0.996172223028368,0.24928931579905964,0.9990976606078349,1.0000000000000002,6.670364260941142e-11
615.6125151,0.298864441,199.0447664,1488.057838,0.173377765,0.899540255,-7.332798083,0.84557592,0.000704318,6.681558145399019e-11,0.958564061623913,0.0199893042167457,0.0186233111247805,0.0001410049362911,3.66468383357031e-06,0.0026593129486225,1.93403933562314e-05,5.64181008743425e-12,,364.31856479646365,0.9961663033165791,0.2488005144935434,0.9990953563323052,1.0000000000000002,6.681533104568871e-11
614.6050413,0.298862696,198.6617233,1488.054142,0.173371194,0.899533796,-7.332883626,0.845490377,0.000704716,6.69255795604499e-11,0.958527055985815,0.019990715526951,0.0186537480544361,0.0001412652609729,3.67245470132851e-06,0.0026641612477145,1.93813968393893e-05,5.643822602995059e-12,,363.6412714755198,0.9961604869330928,0.2483217210940642,0.9990928748048116,0.9999999999999997,6.692590925894137e-11
613.1246718,0.298860125,198.0992156,1488.049484,0.173361541,0.899524292,-7.333009299,0.845364703,0.000705302,6.708786717529769e-11,0.958472468084232,0.0199927841447505,0.018698651348958,0.0001416493323794,3.68393945576535e-06,0.0026713211326265,1.94419448634936e-05,5.6467786373161194e-12,,362.6455750463649,0.9961519173503172,0.2476186018526101,0.9990897473819044,1.0000000000000002,6.708766875362926e-11
612.0390675,0.298858234,197.6869616,1488.045816,0.173354462,0.899517326,-7.333101474,0.845272529,0.000705731,6.720737374272959e-11,0.958432282101522,0.019994298064073,0.01873171711088,0.0001419321717128,3.69239212482464e-06,0.002676591565322,1.94865215092263e-05,5.648946376352429e-12,,361.91604132519774,0.9961456143238572,0.24710329562699498,0.9990872846538617,1.0,6.720735079568385e-11
610.8547718,0.298856167,197.2374721,1488.041801,0.173346739,0.899509727,-7.333202032,0.845171971,0.000706199,6.73382271140478e-11,0.958388290690442,0.0199959463994924,0.0187679215535501,0.000142241874766,3.70164828422372e-06,0.0026823624260736,1.95353344017212e-05,5.651310921555459e-12,,361.12053127205485,0.9961387246592921,0.246541446044702,0.9990845889469118,0.9999999999999994,6.733880120179947e-11
609.6704762,0.298854094,196.7882354,1488.037769,0.173339015,0.899502128,-7.333302596,0.845071407,0.000706666,6.746958677913169e-11,0.958344139598282,0.0199975913785003,0.0188042652485373,0.0001425527858079,3.710941248267e-06,0.0026881556342812,1.95843402192786e-05,5.65367520382744e-12,,360.3253811411776,0.9961318149957006,0.2459799124554954,0.9990818818260097,0.9999999999999996,6.747002956331016e-11
608.5335524,0.298852099,196.3572057,1488.033884,0.173331601,0.899494834,-7.333399142,0.84497486,0.000707115,6.75961712228323e-11,0.958301603475367,0.0199991673669273,0.0188392869559085,0.0001428524033011,3.71989730851283e-06,0.0026937382596351,1.96315683002073e-05,5.65594464266693e-12,,359.5623753823053,0.9961251653194511,0.24544113711836102,0.9990792734022238,0.9999999999999999,6.759626192121004e-11
607.3966286,0.298850098,195.9264087,1488.029984,0.173324186,0.89948754,-7.333495694,0.844878309,0.000707564,6.77232276775843e-11,0.95825891851779,0.0200007402173069,0.0188744384655947,0.000143153146759,3.7288876690334e-06,0.0026993417153279,1.96789761707894e-05,5.65821381450748e-12,,358.79970102082854,0.9961184956441754,0.2449026526498627,0.9990766549073037,0.9999999999999999,6.772338245752962e-11
606.2824433,0.298848133,195.5044539,1488.025746,0.17331692,0.899480399,-7.333590318,0.844783685,0.000708004,6.784820356663788e-11,0.958216945605188,0.0200022786135844,0.0189090135987199,0.0001434489739195,3.73772174194775e-06,0.0027048498282867,1.97255850503129e-05,5.66043735849576e-12,,358.05308008164843,0.9961119459630575,0.24437522068954654,0.9990738094761571,0.9999999999999994,6.78487266370098e-11
605.1909964,0.298846203,195.0913254,1488.022376,0.173309802,0.899473389,-7.333683016,0.844690986,0.000708434,6.797107329510059e-11,0.958175682138397,0.0200037825210124,0.0189430052916994,0.0001437398237087,3.74642749955237e-06,0.0027102722601678,1.97714638817001e-05,5.66261520761303e-12,,357.32105724228364,0.9961055129429264,0.2438588213628474,0.9990715468279824,1.0000000000000004,6.797085116971857e-11
604.0995496,0.298844268,194.6784118,1488.018591,0.173302684,0.899466387,-7.333775719,0.844598284,0.000708864,6.809438536955139e-11,0.958134282786583,0.0200052835462514,0.0189771186131943,0.0001440317284498,3.75515544389632e-06,0.0027157106114329,1.98174848851922e-05,5.6647928054206896e-12,,356.589817980293,0.9960990632569403,0.24334269065527114,0.999069005545092,0.9999999999999998,6.809464103696428e-11
603.0517606,0.298842407,194.282216,1488.014944,0.173295851,0.899459665,-7.333864718,0.844509285,0.000709277,6.821318315503739e-11,0.958094407514361,0.0200067217618292,0.0190099824213125,0.0001443129548583,3.76356467126351e-06,0.002720949884722,1.98618243651909e-05,5.666883057386159e-12,,355.8881152517212,0.9960928602256117,0.242847456740494,0.9990665569166373,0.9999999999999996,6.821365694520409e-11
602.0039716,0.298840541,193.8862173,1488.011283,0.173289017,0.899452944,-7.333953721,0.844420282,0.00070969,6.833239292416168e-11,0.958054402380601,0.0200081572277835,0.0190429594959831,0.0001445951637538,3.77200382086045e-06,0.0027262073333928,1.99063206638795e-05,5.66897304050642e-12,,355.1866933999357,0.9960866405284281,0.2423524691953265,0.999064098888457,1.0000000000000002,6.83321177419316e-11
600.9771384,0.298838708,193.4983304,1488.007337,0.17328232,0.899446364,-7.334040947,0.844333056,0.000710095,6.844962033840859e-11,0.958015073796865,0.0200095613583845,0.0190753875052574,0.0001448726866777,3.7802946948386e-06,0.0027313742269148,1.99500570847348e-05,5.6710209754577495e-12,,354.49998098668215,0.9960805308258892,0.24186762117831623,0.999061449508725,0.9999999999999997,6.844991240484433e-11
599.971261,0.298836908,193.1185417,1488.004146,0.17327576,0.899439905,-7.334126398,0.844247605,0.000710491,6.85648427343418e-11,0.957976419533784,0.0200109341512271,0.0191072602456779,0.0001451454701877,3.78846169626983e-06,0.0027364589694155,1.9993093773609e-05,5.67302683576188e-12,,353.8267356957744,0.9960745311179949,0.2413928956898352,0.9990593070427531,1.0,6.856482048789303e-11
598.9653836,0.298835103,192.738935,1488.000596,0.1732692,0.899433453,-7.334211852,0.84416215,0.000710887,6.868045071058709e-11,0.95793764683365,0.0200123044307017,0.0191392389973541,0.0001454191732225,3.79664802756944e-06,0.0027415575883618,2.00362543269308e-05,5.675032455235499e-12,,353.1541576181212,0.9960685147442454,0.2409183976963768,0.999056923540967,1.0000000000000002,6.868039470475651e-11
597.5169201,0.298832498,192.19262,1487.995462,0.173259753,0.899424162,-7.334334914,0.844039089,0.000711457,6.884760733073379e-11,0.957881599409227,0.020014273102259,0.0191854756837851,0.0001458149302876,3.8084858288271e-06,0.0027489296492723,2.00986648143728e-05,5.67792009125991e-12,,352.1860993688368,0.9960598318336541,0.24023551888708228,0.9990534765273977,0.9999999999999998,6.884781633686998e-11
595.9718924,0.29882971,191.6102981,1487.989959,0.173249676,0.899414252,-7.334466189,0.843907814,0.000712065,6.902679989412289e-11,0.957821534269579,0.0200163670714618,0.0192350400969543,0.0001462391989033,3.82117761443359e-06,0.0027568325352516,2.01655755278792e-05,5.68099961234739e-12,,351.1540944991033,0.9960505389527602,0.23950763243750992,0.9990497817639243,1.0,6.90266732661371e-11
594.8131216,0.298827612,191.1738371,1487.985812,0.173242118,0.89940682,-7.334564651,0.843809352,0.000712521,6.916180285949569e-11,0.957776293582666,0.0200179334970686,0.0192723807189445,0.0001465588518092,3.83074065796642e-06,0.0027627865438419,2.02159901664725e-05,5.68330882521834e-12,,350.3804907061833,0.9960435459598924,0.23896206812391152,0.9990469974309926,0.9999999999999999,6.916189843053644e-11
593.6543508,0.298825509,190.7376164,1487.981649,0.173234561,0.899399388,-7.334663118,0.843710885,0.000712976,6.929733086212259e-11,0.957730887410116,0.0200194964214395,0.0193098656800479,0.0001468797568337,3.84034183120628e-06,0.0027687637101707,2.02666045777611e-05,5.6856176551646795e-12,,349.60722948950075,0.9960365363011692,0.2384168041787414,0.9990442023555176,0.9999999999999997,6.92976787064481e-11
592.5419308,0.298823484,190.3190703,1487.977637,0.173227305,0.899392254,-7.334757652,0.843616351,0.000713413,6.942793453318759e-11,0.957687140896745,0.020020993518555,0.0193459878190331,0.0001471890104658,3.84959503809776e-06,0.0027745237016082,2.03153834391891e-05,5.687833766965109e-12,,348.86522089617966,0.9960297866297881,0.23789363300020358,0.9990415086627946,1.0000000000000002,6.942779684493416e-11
591.4295109,0.298821455,189.9007454,1487.973609,0.173220049,0.89938512,-7.33485219,0.843521813,0.00071385,6.95590276976298e-11,0.957643240127353,0.0200224873451503,0.0193822445090509,0.0001474994312775,3.8588837835208e-06,0.0027803052796484,2.03643484874922e-05,5.6900495032120494e-12,,348.123527749093,0.996023023625723,0.23737073831561642,0.9990388042275283,1.0000000000000002,6.955880316183993e-11
590.3393393,0.29881946,189.4910022,1487.969244,0.173212938,0.899378136,-7.334944854,0.843429148,0.000714278,6.96879744475477e-11,0.957600070257693,0.0200239484794092,0.0194179073451198,0.000147804784723,3.86801130593624e-06,0.0027859885568787,2.04124894905507e-05,5.69222092454704e-12,,347.3974418370281,0.9960163739494735,0.23685857052133558,0.9990358735274446,1.0000000000000004,6.968747801039399e-11
589.2714161,0.298817502,189.0898254,1487.965752,0.173205973,0.899371281,-7.335035608,0.843338394,0.000714698,6.98147544074568e-11,0.957557629430966,0.0200253760185202,0.0194529690385898,0.0001481050012207,3.87700607696049e-06,0.0027915835534503,2.0459875667237e-05,5.694346984114899e-12,,346.6855424247723,0.9960098476005531,0.23635711049277952,0.9990335289673777,1.0000000000000004,6.981437650210864e-11
588.203493,0.298815538,188.6888529,1487.961843,0.173199008,0.899364433,-7.335126379,0.843247624,0.000715117,6.99419910420427e-11,0.957515047472647,0.0200268008483459,0.0194881568098128,0.0001484063135106,3.88602401195392e-06,0.0027971950462041,2.05074098287349e-05,5.6964730259121896e-12,,345.97440073274777,0.9960033012526063,0.23585590583363628,0.9990309044297769,0.9999999999999994,6.994249623915039e-11
587.1782868,0.298813648,188.3041107,1487.958076,0.17319232,0.899357859,-7.335213523,0.84316048,0.000715519,7.006457192230099e-11,0.957474032077654,0.0200281658014253,0.0195220563097972,0.0001486966078165,3.89471273245418e-06,0.0028026012071795,2.05532076315422e-05,5.69851369163115e-12,,345.2919778830704,0.9959970015593174,0.2353749886056243,0.9990283752322476,0.9999999999999996,7.0065064861069e-11
586.1530805,0.298811754,187.9195558,1487.954296,0.173185633,0.899351286,-7.335300672,0.843073331,0.000715921,7.018758005472829e-11,0.957432882067135,0.0200295278955301,0.0195560732349433,0.0001489879207501,3.90343246313614e-06,0.0028080262054213,2.05991678690266e-05,5.70055400182318e-12,,344.6098224376913,0.9959906885333442,0.23489430549749005,0.999025837306402,1.0000000000000002,7.01874114383827e-11
585.1483784,0.298809894,187.5428744,1487.95023,0.17317908,0.899344851,-7.33538608,0.842987922,0.000716315,7.030854471017329e-11,0.957392426958127,0.0200308600252663,0.0195895243565434,0.0001492744009639,3.91199904738065e-06,0.002813357840448,2.06443435929725e-05,5.70255318291682e-12,,343.94196701169363,0.995984488835187,0.23442346404903006,0.9990231073575955,1.0,7.03085367703693e-11
583.6720814,0.298807151,186.9897081,1487.945092,0.17316945,0.899335378,-7.335511589,0.842862414,0.000716894,7.048704106118019e-11,0.957332737620074,0.0200328122999409,0.0196388838742242,0.0001496971463807,3.92466356567104e-06,0.0028212332504854,2.07110691368996e-05,5.7054901107878196e-12,,342.96011258186775,0.9959753459469902,0.23373202130210594,0.9990196576583904,1.0000000000000004,7.048672756582164e-11
582.2351524,0.298804473,186.4516661,1487.939725,0.173160077,0.899326166,-7.335633758,0.842740245,0.000717457,7.06616436734913e-11,0.957274370207921,0.020034706782424,0.0196871651975039,0.0001501106837154,3.93704447056613e-06,0.0028289336861128,2.07763214825137e-05,5.70834799805883e-12,,342.0053597654772,0.9959664197149122,0.23305948351656017,0.9990160542065349,1.0000000000000004,7.066136564759518e-11
580.8179073,0.298801822,185.9213544,1487.934405,0.173150832,0.899317081,-7.335754261,0.842619741,0.000718012,7.08346975643722e-11,0.957216536686252,0.0200365696861146,0.0197350168613785,0.0001505205665255,3.94931697630007e-06,0.0028365658057305,2.08410004768914e-05,5.71116601145399e-12,,341.06419953731364,0.9959575834784523,0.23239660839460496,0.9990124823109002,1.0000000000000002,7.083444941713424e-11
579.6841112,0.298799695,185.4973621,1487.93013,0.173143436,0.899309812,-7.33585067,0.842523332,0.000718456,7.09737476663865e-11,0.957170078612684,0.0200380559566615,0.0197734650206347,0.0001508499201028,3.9591790396269e-06,0.0028426982597903,2.08929744002912e-05,5.7134198911323795e-12,,340.31163859097694,0.9959504938236239,0.23186662961501067,0.9990096120376224,1.0000000000000004,7.097322729521238e-11
578.5503151,0.298797562,185.0735983,1487.925838,0.17313604,0.899302545,-7.335947085,0.842426918,0.0007189,7.111334071799369e-11,0.957123449453059,0.0200395386056205,0.0198120624111861,0.0001511805683857,3.96908051793366e-06,0.002848854649685,2.0945154716628e-05,5.71567329328452e-12,,339.5594038791644,0.9959433841697694,0.2313369364541673,0.9990067303503923,0.9999999999999998,7.1113559485525e-11
577.439195,0.298795466,184.6585321,1487.921181,0.173128791,0.89929543,-7.336041588,0.842332415,0.000719335,7.125066980921119e-11,0.957077589718942,0.0200409884203132,0.0198500334932284,0.0001515058693104,3.97881115598893e-06,0.0028549071467033,2.09964633783044e-05,5.71788149741224e-12,,338.8230221237005,0.9959363978432436,0.2308181150554607,0.9990036035988941,1.0000000000000002,7.125044998446128e-11
576.3507508,0.298793407,184.2521477,1487.917464,0.173121691,0.899288446,-7.336134144,0.842239859,0.000719761,7.13857116680474e-11,0.957032497230133,0.0200424045266114,0.0198873702089402,0.0001518257467381,3.98840264479815e-06,0.0028608668302444,2.10469775817876e-05,5.72004348740028e-12,,338.1009984696324,0.9959295348440469,0.2303101456693229,0.9990011079718125,0.9999999999999994,7.138623026037294e-11
575.2623065,0.298791343,183.8459742,1487.913295,0.173114591,0.89928147,-7.336226716,0.842147286,0.000720187,7.152126071566649e-11,0.956987248133261,0.0200438175847175,0.0199248468564846,0.0001521468402357,3.99801981050442e-06,0.0028668448324409,2.10976558063761e-05,5.72220534911647e-12,,337.37976698106854,0.9959226551789947,0.2298024399024174,0.9989983088678838,1.0000000000000002,7.15211223578649e-11
574.2174001,0.298789356,183.4562454,1487.909279,0.173107774,0.899274773,-7.336315591,0.842058412,0.000720595,7.165186938247829e-11,0.956943657238933,0.0200451709155439,0.0199609568088902,0.0001524562385194,4.00728725365218e-06,0.0028726049435285,2.11464899552669e-05,5.72428030124127e-12,,336.6876672583889,0.9959160321681138,0.2293152895607797,0.998995612489525,1.0000000000000002,7.165168458556082e-11
573.1724936,0.298787364,183.0667101,1487.905247,0.173100957,0.899268076,-7.336404471,0.841969532,0.000721004,7.178295252252819e-11,0.956899916874924,0.0200465210742652,0.0199971971465388,0.0001527667679931,4.01658912523862e-06,0.0028783859652862,2.11955043577402e-05,5.72635480273144e-12,,335.99584410622725,0.9959093924913776,0.22882838108885015,0.9989929053686228,0.9999999999999996,7.178335703628136e-11
572.1484853,0.298785407,182.685154,1487.900906,0.173094277,0.899261521,-7.336491576,0.841882427,0.000721404,7.19118770087454e-11,0.956856909063987,0.0200478411853773,0.020032839882257,0.0001530721902761,4.02572852967983e-06,0.0028840681840638,2.12436878691679e-05,5.7283873748666e-12,,335.31854421775256,0.9959028694756281,0.22835144639870428,0.9989899907823541,1.0000000000000002,7.191158779562556e-11
571.145375,0.298783485,182.3115634,1487.897383,0.173087732,0.899255085,-7.33657691,0.841797093,0.000721796,7.20386166208912e-11,0.95681463125229,0.0200491312746898,0.02006787790067,0.0001533724442971,4.03473364461256e-06,0.0028896612066309,2.12911100082769e-05,5.73037802789903e-12,,334.6544955269409,0.9958964631208655,0.22788446836571666,0.9989876254086095,0.9999999999999998,7.203881935424761e-11
570.1422648,0.298781558,181.9381517,1487.893471,0.173081188,0.899248658,-7.336662247,0.841711756,0.000722188,7.21658007402117e-11,0.956772217010964,0.0200504184459178,0.0201030380415337,0.0001536737576618,4.04376098847059e-06,0.0028952702305281,2.13386745079641e-05,5.732368254026069e-12,,333.99112004942134,0.9958900401002476,0.22741771395283641,0.9989849988567819,1.0,7.216571784596226e-11
568.6977861,0.298778776,181.4007516,1487.887813,0.173071764,0.899239402,-7.33678514,0.841588863,0.000722752,7.234973120913679e-11,0.956710893111514,0.0200522667255727,0.020153884448748,0.0001541095212625,4.05681734646734e-06,0.0029033818317951,2.1407465676729e-05,5.735233406754729e-12,,333.0363064971526,0.99588076721838,0.22674597852473588,0.9989812000249209,1.0000000000000004,7.234934873423526e-11
567.2725672,0.29877602,180.8708792,1487.881877,0.173062466,0.899230277,-7.336906402,0.8414676,0.000723308,7.25321241962894e-11,0.956650101828725,0.0200540842824443,0.020204304265643,0.0001545416552897,4.06975725024625e-06,0.0029114224684214,2.14756639557582e-05,5.73805943743077e-12,,332.09509818883964,0.9958715809989597,0.2260836525157666,0.9989772145413706,0.9999999999999994,7.253264655560088e-11
565.8858676,0.298773329,180.3556711,1487.876714,0.173053418,0.899221386,-7.337024399,0.841349604,0.000723849,7.271046579053849e-11,0.95659067069269,0.0200558467795455,0.0202536027694062,0.0001549642048665,4.08242840159279e-06,0.0029192906484621,2.15423981766129e-05,5.7408082155754295e-12,,331.17911556942494,0.9958626114356578,0.22543965648075587,0.9989737480569416,0.9999999999999999,7.271061530644829e-11
564.8689546,0.29877135,179.9780681,1487.872672,0.173046783,0.899214871,-7.337110933,0.841263069,0.000724246,7.28418042723012e-11,0.956546915478759,0.0200571355960872,0.0202899073731704,0.000155275396363,4.09175439866785e-06,0.0029250827924059,2.15915302315356e-05,5.74282341310753e-12,,330.5079657948843,0.9958560150901452,0.2249676630575,0.99897103422195,1.0000000000000002,7.28415106010516e-11
563.759595,0.298769186,179.5663458,1487.868246,0.173039545,0.899207764,-7.33720534,0.841168663,0.000724679,7.29856210408764e-11,0.956499012929817,0.0200585379783904,0.0203296603343705,0.0001556161615731,4.10196727293046e-06,0.0029314252165841,2.16453332612472e-05,5.7450212522756995e-12,,329.77610014247546,0.9958488021079881,0.22445302144234386,0.9989680625659202,0.9999999999999999,7.29857285719504e-11
562.6502353,0.298767015,179.1548407,1487.863803,0.173032307,0.899200658,-7.337299753,0.84107425,0.000725111,7.3130002866042e-11,0.956450932407638,0.0200599365835022,0.0203695685497558,0.0001559582738441,4.11222113607997e-06,0.0029377925344377,2.16993508086623e-05,5.74721850035366e-12,,329.0445451076532,0.9958415657936334,0.22393865132124774,0.998965079495938,0.9999999999999998,7.31302796097566e-11
561.5852501,0.298764925,178.7600001,1487.85952,0.173025358,0.899193836,-7.337390393,0.84098361,0.000725526,7.3269144183071e-11,0.956404606702826,0.0200612756622675,0.0204080273495962,0.0001562879762621,4.12210362565407e-06,0.0029439287157907,2.17514106128549e-05,5.74932728487067e-12,,328.3425443346084,0.995834599466134,0.22344511136940837,0.9989622038513886,0.9999999999999996,7.326961259934706e-11
560.5202648,0.29876283,178.3653594,1487.855221,0.173018409,0.899187015,-7.337481039,0.840892963,0.000725941,7.34088122244534e-11,0.956358115065531,0.0200626112315856,0.0204466308909328,0.0001566189346459,4.13202433522051e-06,0.0029500881033891,2.18036704198234e-05,5.7514355216534795e-12,,327.6408296967932,0.9958276164727792,0.22295182128710206,0.9989593174642958,0.9999999999999998,7.340905661123998e-11
559.4765793,0.298760771,177.9788061,1487.850587,0.173011598,0.899180337,-7.337569888,0.840804115,0.000726348,7.35461992336513e-11,0.956312395071919,0.0200639169601763,0.0204846035955994,0.000156944501088,4.14177295535475e-06,0.0029561429674831,2.18550514786695e-05,5.75350133317771e-12,,326.9538691605399,0.9958207534735825,0.22246864023362037,0.9989562061552034,0.9999999999999997,7.354650222168857e-11
558.4541934,0.298758749,177.6003264,1487.846834,0.173004927,0.899173782,-7.337656907,0.840717095,0.000726746,7.36812819841768e-11,0.956267444595259,0.020065192100939,0.0205219376221588,0.0001572646020879,4.15138028559245e-06,0.0029621039909453,2.19056288875022e-05,5.75552384879626e-12,,326.28031855756336,0.9958140138017146,0.22199555095934057,0.9989536863573996,1.0,7.368128329687806e-11
557.4318076,0.298756721,177.2220314,1487.84266,0.172998256,0.899167235,-7.337743942,0.840630061,0.000727144,7.381685670277039e-11,0.956222342322882,0.0200664642558648,0.0205594073001197,0.0001575858819552,4.16101247052096e-06,0.0029680827821004,2.19563650323677e-05,5.75754612534921e-12,,325.6074737351459,0.9958072541308205,0.2215226925550096,0.9989508838964261,0.9999999999999992,7.381761868430203e-11
555.959572,0.298753792,176.6776098,1487.836623,0.172988649,0.899157807,-7.33786928,0.840504723,0.000727717,7.401295718519759e-11,0.956157120186274,0.020068290315022,0.0206136034262125,0.0001580506055267,4.17494611051288e-06,0.0029767306848223,2.20297562580214e-05,5.760457228332339e-12,,324.63903957767667,0.9957974912728083,0.22084218044393408,0.9989468306005714,0.9999999999999993,7.401357304814837e-11
554.5069662,0.298750891,176.1408213,1487.830283,0.172979169,0.899148512,-7.337992966,0.840381037,0.000728282,7.42074583753075e-11,0.956092450666398,0.0200700854980653,0.0206673563076475,0.0001585115584625,4.1887581540203e-06,0.002985304601522,2.21025297794297e-05,5.7633286377882295e-12,,323.684430499374,0.9957878217435854,0.22017120949910737,0.9989425738678038,0.9999999999999994,7.420797309976024e-11
553.09362,0.298748058,175.6188954,1487.824776,0.172969947,0.899139456,-7.3381133,0.840260703,0.000728832,7.439768290162859e-11,0.956029214954947,0.0200718250828716,0.0207199248009704,0.0001589623788223,4.20228659730554e-06,0.0029936966592554,2.21737563718936e-05,5.76612081015736e-12,,322.75538555567044,0.995778378869994,0.21951881639781606,0.9989388764186947,0.9999999999999998,7.43979322592736e-11
551.717963,0.29874529,175.1112251,1487.819045,0.172960969,0.899130649,-7.338230443,0.84014356,0.000729367,7.4583765853338e-11,0.955967374993203,0.0200735123111353,0.0207713476648533,0.0001594034019546,4.21551260509778e-06,0.0030019026228433,2.22434130524797e-05,5.7688377145894895e-12,,321.8519653888521,0.9957691526525211,0.2188842424066604,0.99893502857398,0.9999999999999997,7.458411666050324e-11
550.3611507,0.298742551,174.6108347,1487.813364,0.172952115,0.899121963,-7.33834599,0.840028012,0.000729895,7.476820771639959e-11,0.955906096267997,0.0200751703474673,0.0208223155162491,0.000159840547801,4.22862326020277e-06,0.0030100361567996,2.23124598855223e-05,5.77151634129433e-12,,320.961386726736,0.9957600230970088,0.21825876809141292,0.9989312142997131,0.9999999999999996,7.476863572719594e-11
549.2757008,0.298740352,174.2107548,1487.808799,0.172945031,0.899115014,-7.338438434,0.839935569,0.000730316,7.491641496864289e-11,0.955856867458741,0.0200764923978704,0.0208632693674305,0.0001601918226047,4.23915917388734e-06,0.0030165717682357,2.23679452533726e-05,5.7736584702951495e-12,,320.24925680253193,0.9957526934538646,0.2177586791578587,0.9989281493178385,0.9999999999999996,7.49168505009834e-11
548.1902509,0.298738148,173.8108816,1487.804215,0.172937947,0.899108066,-7.338530884,0.839843119,0.000730738,7.506520704425619e-11,0.955807454515626,0.0200778105350168,0.0209043838580204,0.0001605444913183,4.2497374850709e-06,0.0030231331293016,2.24236523902729e-05,5.7757999067371e-12,,319.5374227071474,0.9957453471448652,0.2172588485936516,0.998925071579194,0.9999999999999993,7.50658424308881e-11
547.1265101,0.298735981,173.419207,1487.799267,0.172931003,0.899101266,-7.3386215,0.839752503,0.000731151,7.521159229375039e-11,0.95575885424752,0.0200790988073384,0.0209448328430223,0.0001608914689589,4.26013341819448e-06,0.0030295839888334,2.24784299192725e-05,5.77789813187367e-12,,318.8405781864442,0.9957381241631948,0.21676926605522798,0.9989217494476902,1.0,7.521161471402138e-11
546.0844782,0.298733852,173.0357164,1487.795271,0.172924203,0.899094589,-7.338710252,0.839663751,0.000731556,7.53555445598529e-11,0.955711064212979,0.0200803564665538,0.0209846076501432,0.0001612326747269,4.27038124829577e-06,0.0030359361716921,2.25323615210984e-05,5.779952273314409e-12,,318.1573078537044,0.9957310278420245,0.21628991329298708,0.9989190664975104,0.9999999999999998,7.535572166261773e-11
545.0424463,0.298731718,172.6524168,1487.790818,0.172917402,0.89908792,-7.338799019,0.839574984,0.000731961,7.55000435395043e-11,0.955663105617154,0.0200816107748302,0.0210245331144568,0.0001615751896677,4.2806566489161e-06,0.0030423080967814,2.25864691792138e-05,5.78200605096235e-12,,317.4747758647477,0.9957239148549987,0.21581079927552266,0.9989160767134387,1.0000000000000002,7.549971758891161e-11
544.0420957,0.298729663,172.284628,1487.786528,0.172910873,0.899081518,-7.33888424,0.839489762,0.000732349,7.5639281525468e-11,0.955616902006907,0.0200828114308888,0.0210630040836126,0.0001619052407009,4.29055864025681e-06,0.0030484479886108,2.26386092165934e-05,5.7839770350310295e-12,,316.8198012587837,0.995717065188486,0.21535107333386652,0.9989131963690266,1.0000000000000002,7.563916160080453e-11
543.0417451,0.298727603,171.9170142,1487.782222,0.172904343,0.899075117,-7.338969467,0.839404536,0.000732737,7.57790306748025e-11,0.95557053747484,0.0200840086659677,0.0211016154453669,0.0001622365100016,4.30049767969222e-06,0.0030546103815727,2.26909430067419e-05,5.78594738968776e-12,,316.1650775018487,0.9957101988561183,0.2148915661374245,0.9989103052820711,1.0000000000000004,7.577860561269745e-11
541.5812332,0.298724585,171.3806124,1487.775905,0.17289481,0.899065772,-7.339093906,0.839280097,0.000733304,7.59839882751006e-11,0.955502554443519,0.0200857504412015,0.0211582417533836,0.0001627223648291,4.31507562645384e-06,0.0030636481392119,2.27677004551722e-05,5.788822954560059e-12,,315.2096310531796,0.9957001393458823,0.21422107855702224,0.9989060639917094,0.9999999999999996,7.598455198376541e-11
540.1407284,0.298721597,170.8519237,1487.769641,0.172885408,0.899056556,-7.339216651,0.839157352,0.000733862,7.61872201321299e-11,0.955435162124249,0.0200874611110734,0.0212143894811825,0.0001632041424227,4.32953227540347e-06,0.0030726097104082,2.284381640963e-05,5.7916577672838e-12,,314.2677961983961,0.9956901798307779,0.21356023214068098,0.9989018582860224,0.9999999999999996,7.618761177496935e-11
538.7578437,0.298718717,170.3447236,1487.763596,0.172876381,0.899047709,-7.339334495,0.839039508,0.000734399,7.63833416478957e-11,0.955370144801535,0.0200890965198565,0.0212685711009127,0.000163669076849,4.34348447806622e-06,0.0030812576604538,2.29172737370754e-05,5.794377880725899e-12,,313.3641233300541,0.9956805802981472,0.21292624588666625,0.998897799618896,0.9999999999999998,7.63835661388157e-11
537.3933975,0.298715865,169.8446139,1487.757274,0.172867474,0.899038987,-7.339450776,0.838923227,0.000734927,7.65778342474539e-11,0.955305687394564,0.0200907035583047,0.0213223010337257,0.0001641301612422,4.35731265569048e-06,0.0030898303568987,2.29901002337014e-05,5.7970604552339496e-12,,312.47330726619583,0.995671074094306,0.2123011224387422,0.9988935549714897,0.9999999999999994,7.657841027963741e-11
536.0658282,0.29871308,169.3583313,1487.751737,0.172858808,0.899030489,-7.339563926,0.838810077,0.000735442,7.676801674958359e-11,0.955242667488816,0.0200922607501094,0.0213748388137845,0.0001645810407873,4.37085430273623e-06,0.0030982196033734,2.30613662592911e-05,5.7996693181603296e-12,,311.60634554690336,0.9956617912129252,0.21169328248767247,0.998889837380112,1.0000000000000004,7.676759228303354e-11
534.5612497,0.298709912,168.8075831,1487.745056,0.172848985,0.899020867,-7.339692172,0.838681831,0.000736025,7.69846951552144e-11,0.955170890522089,0.0200940179860521,0.0214346941352128,0.0001650947491623,4.38627326262718e-06,0.0031077737141908,2.31425372425629e-05,5.802624533173889e-12,,310.62470559121897,0.9956512317270313,0.21100486229961773,0.998885351696891,0.9999999999999994,7.698519599586007e-11
533.4991942,0.298707667,168.4190572,1487.740317,0.172842052,0.899014075,-7.339782705,0.838591298,0.000736436,7.713837793435819e-11,0.95511999365684,0.0200952534682475,0.0214771462982313,0.0001654591140723,4.39721034899211e-06,0.0031145500572269,2.32001120902197e-05,5.80470959159653e-12,,309.93212370977744,0.9956437487580188,0.210519215550083,0.9988821698898586,1.0000000000000002,7.713818472865341e-11
532.4583799,0.298705461,168.0384931,1487.735214,0.172835256,0.899007427,-7.339871442,0.83850256,0.000736839,7.728957818591489e-11,0.955069932466124,0.0200964605685013,0.0215189121912313,0.0001658176059456,4.40795895218587e-06,0.0031212123994343,2.32567267150111e-05,5.8067524371662e-12,,309.25412051769797,0.9956363957826773,0.21004352083280772,0.9988787436899669,1.0,7.728950812690982e-11
531.4388067,0.298703294,167.665877,1487.731069,0.1728286,0.8990009,-7.339958356,0.838415647,0.000737234,7.743826821402369e-11,0.955020704374113,0.0200976385990494,0.0215599828122307,0.000166170141475,4.41855473743731e-06,0.0031277729668619,2.33124682855169e-05,5.808752267706959e-12,,308.5893180003651,0.9956291728010068,0.20957776089816932,0.998875960699853,1.0,7.743816698990713e-11
530.4192335,0.298701121,167.2934425,1487.726465,0.172821944,0.898994381,-7.340045284,0.838328719,0.000737628,7.758752628863018e-11,0.954971301303833,0.0200988131086047,0.0216012098551262,0.0001665240361402,4.42917910073179e-06,0.0031343540414662,2.33683923309744e-05,5.81075160338316e-12,,307.9252286510642,0.9956219298203102,0.2091122279585645,0.9988728695330293,1.0000000000000002,7.758726994211429e-11
528.9510481,0.29869798,166.7574545,1487.719805,0.172812358,0.898984995,-7.34017047,0.838203533,0.000738196,7.780346519121369e-11,0.954899843870516,0.0201004976613758,0.0216608533802933,0.0001670360447919,4.44455114967128e-06,0.0031438751039121,2.34493043439546e-05,5.81362928909457e-12,,306.96939557039275,0.9956114603300346,0.2084422576168456,0.9988683979493964,0.9999999999999998,7.780365240961373e-11
527.5024384,0.298694869,166.2289809,1487.712816,0.1728029,0.898975742,-7.340293996,0.838080007,0.000738757,7.80176992808286e-11,0.954828973705795,0.0201021519218482,0.0217200240161239,0.0001675440237661,4.45979202248328e-06,0.0031533169043576,2.35295522526112e-05,5.81646697993758e-12,,306.02722020131694,0.9956010908348908,0.20778168006962178,0.9988637054722178,1.0,7.801770340876146e-11
526.0929804,0.29869183,165.7151389,1487.70673,0.172793697,0.898966726,-7.340414197,0.837959806,0.000739302,7.822727121682149e-11,0.954759656108416,0.0201037538123522,0.0217779052203638,0.0001680409625178,4.47472485511879e-06,0.0031625609705694,2.36081168789744e-05,5.819226420993619e-12,,305.11024820804425,0.9955909613280627,0.2071393916222507,0.9988596192773245,0.9999999999999998,7.822753556041562e-11
524.721108,0.29868886,165.2153312,1487.700403,0.172784739,0.898957958,-7.340531201,0.837842802,0.000739832,7.843233240922389e-11,0.954691851776826,0.0201053057991476,0.0218345387638201,0.0001685272165871,4.48932656199469e-06,0.0031716020674791,2.36849653235386e-05,5.82191075748575e-12,,304.2185802079949,0.9955810618100372,0.2065146456660675,0.9988553712728733,0.9999999999999998,7.843259375306388e-11
523.3680283,0.29868592,164.72269,1487.69413,0.172775903,0.898949311,-7.340646612,0.837727391,0.000740355,7.863563391261749e-11,0.95462464608148,0.0201068294954103,0.0218906845991876,0.0001690093099077,4.50380423089883e-06,0.0031805654671819,2.37611581411666e-05,5.8245568506032394e-12,,303.33958582161426,0.9955712622871433,0.20589885763889373,0.9988511595245055,0.9999999999999999,7.863576456657029e-11
522.0690718,0.298683086,164.2500531,1487.688076,0.172767421,0.898941011,-7.340757416,0.837616587,0.000740857,7.883179148354199e-11,0.954559817767365,0.0201082856058606,0.021944855834483,0.0001694744732974,4.51777431532157e-06,0.0031892137830129,2.38346770068862e-05,5.8270956819328895e-12,,302.4961797278814,0.995561816080381,0.20530807443963936,0.9988470948146986,1.0,7.883182995271909e-11
520.6835182,0.298680052,163.7462294,1487.681585,0.172758373,0.898932158,-7.340875617,0.837498386,0.000741392,7.904210122547758e-11,0.954490329331339,0.0201098315883585,0.0220029336011045,0.0001699732088403,4.53275356971842e-06,0.0031984859280898,2.39135038262392e-05,5.8298022378173095e-12,,301.59700919125333,0.9955517032394081,0.2046783085932863,0.998842736699179,1.0,7.90421061935831e-11
519.644353,0.298677769,163.3685798,1487.676694,0.172751586,0.89892552,-7.340964274,0.837409729,0.000741794,7.92005670609983e-11,0.954437982256598,0.0201109861495133,0.022046693268151,0.0001703490078252,4.54404110161637e-06,0.0032054722904261,2.3972901352073e-05,5.83183108899018e-12,,300.9229444210239,0.9955440936098957,0.2042062569213048,0.9988394528379855,0.9999999999999997,7.920086808610449e-11
518.210305,0.298674607,162.8477303,1487.669911,0.172742221,0.898916359,-7.341086631,0.837287372,0.000742347,7.94202900404828e-11,0.954365416082958,0.0201125724665811,0.0221073671159986,0.0001708700882627,4.55969318219565e-06,0.0032151592044619,2.40552633010549e-05,5.83462939036075e-12,,299.99317567595403,0.9955335541230281,0.20355520929057594,0.9988348986710514,1.0000000000000004,7.941980406656057e-11
516.7139071,0.298671293,162.3046145,1487.662792,0.172732448,0.898906802,-7.341214319,0.837159684,0.000742925,7.96508621291459e-11,0.954289287218811,0.0201142190517556,0.0221710346526944,0.0001714169113028,4.57611957151891e-06,0.003225324264181,2.41416961952368e-05,5.83754744711028e-12,,299.02352672680473,0.9955225079941608,0.20287632939378922,0.9988301189107087,1.0,7.965084147798507e-11
515.2574132,0.298668054,161.7763536,1487.655824,0.172722935,0.8988975,-7.341338614,0.837035389,0.000743487,7.98765674123187e-11,0.954214785260649,0.0201158131272396,0.0222333562036815,0.0001719522057455,4.59220068631935e-06,0.0032352746074474,2.42263088336436e-05,5.84038579275977e-12,,298.0802688871623,0.9955117118531223,0.2022160177157484,0.998825440533118,1.0,7.987654981889136e-11
513.8208712,0.298664845,161.2556881,1487.648911,0.172713552,0.898888327,-7.341461218,0.836912785,0.000744041,8.010043002628559e-11,0.954140910960356,0.0201173769809213,0.0222951668848794,0.0001724831429352,4.6081519037873e-06,0.0032451435584529,2.43102346076975e-05,5.843183390603669e-12,,297.15044794465433,0.9955010157072153,0.20156520007998743,0.9988207990830197,1.0,8.010048180295826e-11
512.4417909,0.298661753,160.7561845,1487.642237,0.172704544,0.898879522,-7.341578929,0.836795074,0.000744573,8.031651497964108e-11,0.954069621484785,0.0201188703800331,0.022354828123077,0.0001729956457949,4.62355022332841e-06,0.0032546694817666,2.43912481574398e-05,5.845867311964559e-12,,296.2583012676286,0.9954907095423213,0.20094083424048764,0.9988163180996615,0.9999999999999998,8.031675324815524e-11
511.0810983,0.298658689,160.2636633,1487.635263,0.172695655,0.898870842,-7.341695087,0.836678916,0.000745098,8.053085666273019e-11,0.953998927905186,0.0201203364495757,0.0224140065059306,0.0001735040298908,4.63881488325264e-06,0.0032641146243296,2.44715838244626e-05,5.84851392745504e-12,,295.3788610553523,0.9954804967062169,0.2003251962100321,0.9988116356936171,0.9999999999999998,8.053102629190789e-11
509.7571813,0.298655696,159.7847587,1487.629141,0.172687007,0.898862384,-7.341808103,0.8365659,0.000745609,8.074050238744618e-11,0.953929793542853,0.0201217550918882,0.022471885844713,0.0001740012782398,4.65376740543956e-06,0.0032733601708293,2.45502174799278e-05,5.85108692699766e-12,,294.52294081717156,0.9954705205252574,0.19972657855718776,0.9988075253280013,1.0000000000000004,8.074008128744481e-11
508.4685686,0.298652772,159.3189156,1487.622805,0.172678589,0.89885416,-7.341918121,0.836455882,0.000746105,8.09456012782483e-11,0.953862177676871,0.0201231291126062,0.0225285085006349,0.0001744877568065,4.66838630894105e-06,0.0032824013583691,2.46271216037958e-05,5.85358990880441e-12,,293.6906017919599,0.9954607743331003,0.1991442874221355,0.9988032712808695,0.9999999999999996,8.094602765851278e-11
507.1976082,0.298649877,158.8597342,1487.616524,0.172670286,0.898846049,-7.342026641,0.836347362,0.000746595,8.114890807028908e-11,0.953795168099159,0.0201244774745609,0.0225846347037217,0.0001749699944842,4.68287854432172e-06,0.0032913634059358,2.47033565895119e-05,5.85605702062204e-12,,292.8700672274165,0.9954511248029038,0.19857032322989804,0.9987990541612303,1.0000000000000004,8.114842131590194e-11
505.9774863,0.298647087,158.4191816,1487.610464,0.172662315,0.898838263,-7.342130829,0.836243174,0.000747065,8.134504027630658e-11,0.953730537742233,0.0201257654717741,0.0226387786557438,0.0001754352235583,4.69686035917942e-06,0.0033000090552044,2.47769039234189e-05,5.85842395458668e-12,,292.08273000595887,0.9954418252556676,0.19801964452819737,0.9987949854229697,0.9999999999999999,8.134515283586552e-11
504.6760228,0.2986441,157.9495413,1487.603967,0.172653812,0.898829959,-7.342241972,0.836132031,0.000747567,8.155528977759469e-11,0.953661271096423,0.0201271323379569,0.0226968180740171,0.0001759339490623,4.7118496391488e-06,0.0033092768576125,2.48557478730438e-05,5.8609470465319495e-12,,291.2433094226061,0.9954318690737344,0.1974326069969915,0.9987906232789964,1.0000000000000002,8.155498498751967e-11
503.2118764,0.298640726,157.4215441,1487.596617,0.172644246,0.898820619,-7.342367021,0.836006982,0.000748131,8.17931160997882e-11,0.95358293872472,0.0201286613591667,0.0227624679232637,0.000176498100815,4.72880627434449e-06,0.0033197600615274,2.49449365762702e-05,5.863783474044099e-12,,290.2994616293725,0.9954206229546038,0.19677262493673903,0.9987856884231852,1.0000000000000004,8.179279475939438e-11
501.7867739,0.298637427,156.9079806,1487.589421,0.172634934,0.898811529,-7.342488746,0.835885257,0.000748679,8.202592883646649e-11,0.953506277521727,0.0201301406817576,0.022826731604321,0.0001770503721403,4.74540679151333e-06,0.003330022076879,2.50322484912225e-05,5.86654214515933e-12,,289.3812916750647,0.995409626823302,0.1961306846067515,0.998780856964353,1.0000000000000002,8.202571954996074e-11
500.3811934,0.29863416,156.401794,1487.582283,0.17262575,0.898802564,-7.342608816,0.835765187,0.00074922,8.225684704888629e-11,0.953430259409135,0.0201315910413151,0.0228904701806997,0.0001775981612547,4.76187351383742e-06,0.0033402003928425,2.51188531132198e-05,5.8692609471359894e-12,,288.47619059033053,0.995398737353474,0.19549796520001939,0.9987760644472402,1.0000000000000002,8.225664593908277e-11
499.0318361,0.29863101,155.9161759,1487.575399,0.172616932,0.898793959,-7.342724102,0.835649901,0.00074974,8.24797468005996e-11,0.953356910331665,0.0201329756224543,0.022951993905692,0.0001781269453799,4.7777701055951e-06,0.0033500252202677,2.51901160835764e-05,5.87186933145827e-12,,287.6087987818709,0.995388237864659,0.19489095585577684,0.9987714424680018,0.9999999999999998,8.248002281163735e-11
497.7004702,0.29862789,155.4373402,1487.568216,0.17260823,0.898785476,-7.342837871,0.835536132,0.000750252,8.270085349447701e-11,0.953284176460155,0.020134334197247,0.0230130212632134,0.0001786514926795,4.79352907101895e-06,0.003359766976354,2.52559927045945e-05,5.8744413301550095e-12,,286.7541493318473,0.9953778383709758,0.19429242432604818,0.9987666197374859,0.9999999999999997,8.270117923814269e-11
496.4050872,0.298624841,154.9717365,1487.561894,0.172599764,0.89877721,-7.342948563,0.83542544,0.00075075,8.29171212043944e-11,0.953213044309945,0.0201356480006162,0.0230727104750517,0.0001791645621591,4.80896617039444e-06,0.0033693030891402,2.53205081236214e-05,5.8769415760248294e-12,,285.9223365474567,0.9953676755324371,0.19371043243444877,0.9987623750900795,1.0000000000000002,8.291689557182735e-11
495.1442478,0.298621863,154.5188256,1487.55536,0.172591523,0.898769172,-7.343056319,0.835317683,0.000751235,8.312870380408999e-11,0.953143472242056,0.0201369197046944,0.0231311051318523,0.0001796665302698,4.82405904021987e-06,0.0033786286231629,2.538361991672e-05,5.8793735532197895e-12,,285.1134234168162,0.9953577493490433,0.19314430619572476,0.9987579881039749,1.0000000000000004,8.312817101341352e-11
493.9006801,0.298618913,154.0723857,1487.548882,0.172583395,0.898761245,-7.343162609,0.835211394,0.000751714,8.333844269898579e-11,0.953074521734219,0.0201381669017265,0.0231889891879319,0.0001801641334498,4.83902138965281e-06,0.0033878727286984,2.54462033640398e-05,5.88177046790344e-12,,284.3159651599814,0.9953479164944389,0.19258626853003086,0.9987536387167716,0.9999999999999997,8.333878032118491e-11
492.7068551,0.298616071,153.6440524,1487.542632,0.172575591,0.898753636,-7.343264656,0.835109347,0.000752173,8.354078483005618e-11,0.953008017230201,0.0201393575397873,0.0232448302195649,0.0001806441964071,4.85345699731611e-06,0.003396790667637,2.55065999805839e-05,5.8840698511020294e-12,,283.5507543929411,0.9953384436223081,0.19205086361915488,0.9987494424108098,1.0,8.354072988936423e-11
491.4334418,0.298613028,153.1874324,1487.535931,0.172567267,0.898745521,-7.343373516,0.835000487,0.000752662,8.375769646236508e-11,0.952936739673434,0.0201406202960982,0.0233046902445863,0.0001811588351151,4.86893302817401e-06,0.0034063505607006,2.55713673935653e-05,5.8865207158847094e-12,,282.73490646265293,0.9953283007827959,0.1914801011068679,0.9987449432994097,1.0,8.375766746837598e-11
490.0008518,0.29860959,152.6740663,1487.52835,0.172557902,0.898736393,-7.343495996,0.834878007,0.000753213,8.400306525477389e-11,0.952856130311559,0.0201420318696966,0.023372401208867,0.0001817410017521,4.88644062532143e-06,0.0034171644185487,2.56446590590494e-05,5.88927567275516e-12,,281.8175422861997,0.9953168413407179,0.19083840752148185,0.9987398533481304,1.0,8.400291573451568e-11
488.6064642,0.298606229,152.1747267,1487.520928,0.172548786,0.89872751,-7.343615222,0.834758781,0.000753749,8.424326815688249e-11,0.952777237733447,0.0201433965446437,0.0234386843159144,0.0001823109230726,4.90358086822263e-06,0.0034277503763917,2.57164355274912e-05,5.89195482626682e-12,,280.92511354422896,0.995305638552811,0.19021424667749695,0.9987348701508746,1.0000000000000004,8.424283493013718e-11
487.2311778,0.298602899,151.6825527,1487.513566,0.172539794,0.89871875,-7.343732827,0.834641176,0.000754277,8.448152294502679e-11,0.952699004075782,0.020144733502812,0.0235044276058014,0.0001828762330944,4.92058329395591e-06,0.0034382502519235,2.57876569161628e-05,5.8945949858842096e-12,,280.0453661343259,0.9952945390932065,0.18959904263754615,0.9987299272381562,0.9999999999999996,8.448197696964144e-11
485.9109029,0.298599688,151.2103693,1487.506458,0.172531162,0.898710341,-7.343845739,0.834528264,0.000754785,8.471151224269419e-11,0.95262350237733,0.0201460084812546,0.023567888028229,0.0001834219416365,4.93699698666107e-06,0.0034483856510544,2.58564329002696e-05,5.897127365301969e-12,,279.2012347197654,0.9952838362809575,0.18900882630088936,0.9987251548633119,1.0,8.471146006883146e-11
484.6082317,0.298596508,150.7447738,1487.499049,0.172522644,0.898702053,-7.343957162,0.834416841,0.000755285,8.49396581873658e-11,0.952548626621863,0.0201472584377615,0.0236308380804882,0.0001839632898242,4.95326866613188e-06,0.0034584355582622,2.59246522950511e-05,5.899624042562119e-12,,278.36909865367835,0.9952732367970111,0.1884268446590657,0.9987201803943726,0.9999999999999994,8.494016601190424e-11
483.3407677,0.2985934,150.2920384,1487.492507,0.172514356,0.898693976,-7.344065573,0.83430843,0.000755772,8.516281664431001e-11,0.952475397177179,0.0201484662917497,0.0236924094046477,0.0001844928053146,4.96920842766553e-06,0.0034682735587612,2.59914628549492e-05,5.9020508413216e-12,,277.55918871510653,0.9952628773013804,0.18786093779054208,0.9987157880369962,0.9999999999999997,8.516309879524897e-11
482.1071028,0.298590363,149.8516395,1487.485758,0.172506289,0.898686123,-7.344171109,0.834202894,0.000756246,8.538114637579978e-11,0.952403771441157,0.0201496345867525,0.023752646864729,0.0001850108754478,4.98479296227991e-06,0.0034778945267821,2.60568208838376e-05,5.90441113637257e-12,,276.77156783378905,0.9952527544608946,0.187310451209638,0.9987112566979666,1.0,8.538114659728535e-11
480.8903375,0.298587356,149.4175272,1487.479066,0.172498332,0.898678378,-7.344275209,0.834098794,0.000756713,8.559757901970949e-11,0.952332783272392,0.0201507795235189,0.0238123590841949,0.0001855244523279,5.00024299490161e-06,0.0034874317003878,2.6121632679233e-05,5.90673717579865e-12,,275.99509266531544,0.9952427316155401,0.186767822706807,0.9987067636292472,0.9999999999999998,8.559775110938972e-11
479.7222427,0.298584458,149.0010166,1487.472609,0.172490692,0.898670944,-7.344375154,0.833998849,0.000757161,8.58063839395553e-11,0.952264311189233,0.0201518717394938,0.0238699651439858,0.000186019936961,5.01514937258595e-06,0.0034966325685883,2.61841806500433e-05,5.90896835422447e-12,,275.2500093344469,0.9952330720858303,0.18624719584760208,0.9987024283416318,0.9999999999999999,8.580647303801925e-11
478.476275,0.298581355,148.5569944,1487.465687,0.172482543,0.898663016,-7.344481772,0.83389223,0.00075764,8.603022927765909e-11,0.952190922440947,0.0201530292375131,0.0239317187455044,0.0001865511201096,5.03113038249429e-06,0.0035064959775397,2.62512560619714e-05,5.91134628840282e-12,,274.4556130467849,0.9952227292560549,0.18569218024078854,0.998697780848853,0.9999999999999998,8.603040502208614e-11
477.0745613,0.298577848,148.057785,1487.457855,0.172473375,0.898654098,-7.34460173,0.833772272,0.000758178,8.6283448367507e-11,0.952107922500583,0.02015432205389,0.0240015735281471,0.0001871520170844,5.04920959720334e-06,0.003517653437811,2.63271606896712e-05,5.9140189766450495e-12,,273.56236024007336,0.9952110398251742,0.1850681821432429,0.9986925223739264,0.9999999999999998,8.628364689400314e-11
475.7102266,0.29857442,147.5722085,1487.450187,0.172464451,0.89864542,-7.344718502,0.833655501,0.000758701,8.653134343012198e-11,0.952026687194904,0.0201555707875964,0.0240699571885188,0.0001877402902283,5.06690982305352e-06,0.0035285760391389,2.64014973424231e-05,5.91661782812122e-12,,272.6933778148353,0.9951996137148069,0.18446122479786264,0.9986873740100678,0.9999999999999999,8.653144867309948e-11
474.3645814,0.298571024,147.0935933,1487.44258,0.172455649,0.898636862,-7.344833687,0.833540316,0.000759218,8.677723497029019e-11,0.951946127390057,0.0201567930505201,0.0241377858228496,0.0001883238187039,5.08446808117196e-06,0.0035394100967537,2.64752603378498e-05,5.91917856469361e-12,,271.83673421299443,0.9951882942659132,0.18386296888710374,0.9986822666021555,0.9999999999999998,8.677747409535641e-11
473.0727621,0.298567749,146.634412,1487.435236,0.172447198,0.898628647,-7.344944276,0.833429727,0.000759713,8.70146026782473e-11,0.951868377959819,0.020157957598754,0.0242032609710971,0.0001888871282825,5.10141869296936e-06,0.0035498683385948,2.65464918233147e-05,5.92163449003428e-12,,271.0147625407836,0.9951773781307167,0.18328900481986354,0.9986773357747983,1.0,8.701461773341634e-11
471.798167,0.298564504,146.1816311,1487.427591,0.172438859,0.89862055,-7.345053406,0.833320596,0.000760202,8.72500744071581e-11,0.951791270412638,0.0201590982753595,0.0242682112864297,0.0001894459506262,5.11822289936552e-06,0.0035602386108021,2.66171480712207e-05,5.9240555188187595e-12,,270.2044633249913,0.9951665619906519,0.18272304107758428,0.9986722028533458,1.0000000000000002,8.724976297003195e-11
470.5580204,0.298561334,145.7413507,1487.420821,0.172430746,0.89861266,-7.345159589,0.833214414,0.000760678,8.74804044329854e-11,0.95171585556409,0.0201601995208811,0.0243317407381641,0.0001899925719279,5.13468477751749e-06,0.0035703904806707,2.66863460817436e-05,5.92640854633748e-12,,269.4157982634772,0.995155995838416,0.18217270261843943,0.998667657414728,0.9999999999999997,8.748068935915398e-11
469.3509444,0.298558235,145.3130619,1487.413847,0.172422848,0.898604989,-7.345262955,0.833111048,0.000761141,8.77057565654024e-11,0.951642089811216,0.0201612637536937,0.0243938955096475,0.0001905273908228,5.15078002425122e-06,0.0035803186201591,2.67540408021091e-05,5.92869684098441e-12,,268.6488303937713,0.9951456663413247,0.18163735333134648,0.9986629750086837,0.9999999999999999,8.770584258854797e-11
468.1604037,0.298555167,144.8908819,1487.406932,0.172415058,0.898597423,-7.345364915,0.833009088,0.000761597,8.792915634891469e-11,0.951568978235821,0.0201623057736908,0.024455509887364,0.0001910575837045,5.16673665460314e-06,0.0035901605181056,2.6821170798974e-05,5.93095168757967e-12,,267.892708672821,0.9951354401725361,0.18110963987718914,0.9986583322157676,0.9999999999999996,8.792955252800994e-11
467.0174846,0.29855221,144.4858148,1487.400259,0.172407579,0.898590162,-7.345462806,0.832911197,0.000762036,8.81446882976869e-11,0.951498455710638,0.0201632989257049,0.0245149524890538,0.0001915691107942,5.18213208113889e-06,0.0035996555806657,2.68859569841054e-05,5.93311435289119e-12,,267.1671491073942,0.9951255839857343,0.18060331708002564,0.9986538519038183,0.9999999999999996,8.814515783939214e-11
465.7983709,0.298549043,144.0539868,1487.393106,0.172399601,0.898582417,-7.345567234,0.832806769,0.000762503,8.837575114374049e-11,0.951422866787318,0.0201643504681465,0.0245786764702713,0.0001921175050983,5.19863769932286e-06,0.0036098346034545,2.69554337009204e-05,5.93541902383774e-12,,266.3935613937561,0.9951150278330115,0.18006354388972323,0.9986490493155711,1.0,8.837564013930432e-11
464.426868,0.298545464,143.5684807,1487.385012,0.172390626,0.898573706,-7.345684727,0.832689275,0.000763029,8.863714223633908e-11,0.951337375418711,0.0201655237268932,0.0246507621254502,0.0001927378881337,5.21731077859362e-06,0.0036213493783816,2.70340570760926e-05,5.93800906431505e-12,,265.5236975473337,0.9951030984138151,0.1794566745424177,0.9986436149314983,0.9999999999999996,8.86375417508134e-11
463.0919385,0.298541965,143.0962268,1487.377087,0.172381889,0.898565229,-7.345799101,0.832574902,0.000763541,8.88930450799183e-11,0.951253698460821,0.0201666557241084,0.0247213317405804,0.0001933452544996,5.23559280998268e-06,0.0036326220746297,2.71110577170218e-05,5.94052723989413e-12,,264.6774593543724,0.995091435648303,0.178866370082689,0.9986382940155389,0.9999999999999997,8.889333713568703e-11
461.7752957,0.298538498,142.6307369,1487.369225,0.172373271,0.89855687,-7.345911921,0.832462082,0.000764045,8.91468871067597e-11,0.951170714192647,0.0201677624915309,0.0247913306042999,0.0001939477383657,5.25372858902205e-06,0.0036438036839561,2.71874655211484e-05,5.9430081798394895e-12,,263.8432281175299,0.9950798795442645,0.17828452043797732,0.9986330153983434,0.9999999999999997,8.914724514141881e-11
460.5113186,0.298535155,142.1841419,1487.361635,0.172364997,0.898548846,-7.34602024,0.832353763,0.00076453,8.93919367124759e-11,0.951090621941895,0.0201688158263424,0.0248589025850379,0.0001945293618191,5.27123709665952e-06,0.0036545977001146,2.72612523565475e-05,5.9453872879302596e-12,,263.0427533583668,0.9950687367534365,0.17772628890152511,0.9986279194043833,0.9999999999999994,8.93924934075585e-11
459.2641946,0.298531842,141.7437663,1487.353744,0.172356833,0.898540938,-7.346127131,0.832246872,0.000765008,8.96350358989474e-11,0.951011188103755,0.0201698464366315,0.0249259347742115,0.0001951063668739,5.28859465659631e-06,0.0036653011836116,2.73344446769834e-05,5.94773230629003e-12,,262.25363822738035,0.9950576939577401,0.17717583144498383,0.9986226213163283,0.9999999999999999,8.963529918304403e-11
458.0507766,0.298528605,141.3155433,1487.346736,0.17234889,0.898533231,-7.346231135,0.832142868,0.000765473,8.987283317177301e-11,0.950933495235435,0.0201708402925281,0.0249915023354123,0.0001956707884143,5.30559910297261e-06,0.0036757795257872,2.74061274970827e-05,5.95001120424278e-12,,261.4855831826773,0.9950469044830437,0.17664056440609138,0.9986179160823795,0.9999999999999999,8.987299793261627e-11
456.8697164,0.298525441,140.8989785,1487.339527,0.172341158,0.898525738,-7.346332381,0.832041622,0.000765926,9.010549755578049e-11,0.950857498694494,0.0201717996903716,0.0250556528193511,0.0001962230367941,5.32222508639705e-06,0.0036860271835284,2.7476254316594e-05,5.952227146483839e-12,,260.73865152214915,0.9950363583298341,0.1761198697983687,0.998613075895231,0.9999999999999999,9.010558965627524e-11
455.7048351,0.298522308,140.4883502,1487.332379,0.172333531,0.898518349,-7.34643225,0.831941753,0.000766372,9.033615236981699e-11,0.950782173569105,0.0201727380182925,0.0251192472211247,0.0001967705217713,5.33870820060239e-06,0.0036961860679236,2.75457972918207e-05,5.954410448995099e-12,,260.0022756940625,0.9950259155049271,0.17560659565329373,0.9986082766640285,1.0,9.033618297848989e-11
454.5865491,0.298519288,140.094362,1487.325482,0.172326209,0.898511257,-7.346528134,0.831845869,0.000766801,9.055868962006519e-11,0.950709513483498,0.0201736313496741,0.0251806016241614,0.0001972987447981,5.35461189482899e-06,0.0037059871761433,2.76129133150298e-05,5.95650426012924e-12,,259.2956573870601,0.995015849328349,0.17511412117814273,0.9986036459564736,0.9999999999999999,9.055878269492723e-11
453.3937107,0.298516053,139.6743398,1487.318087,0.172318398,0.898503694,-7.346630421,0.831743582,0.000767258,9.079726886696901e-11,0.95063163082561,0.0201745761159286,0.0252463768160203,0.0001978650521341,5.37166276110257e-06,0.0037164945410259,2.76848897643167e-05,5.95873529982253e-12,,258.5422577110194,0.9950050665199947,0.1745891049149736,0.9985986808872597,1.0000000000000002,9.079681451140686e-11
452.0517675,0.298512398,139.202101,1487.30972,0.17230961,0.898495186,-7.346745507,0.831628496,0.000767772,9.106717079629949e-11,0.950543541984857,0.020175628877024,0.025320784969451,0.0001985057168632,5.390953098887e-06,0.003728381058192,2.77663434851499e-05,5.9612422732135195e-12,,257.69508571305363,0.9949928837797983,0.17399881932983188,0.9985930632085425,0.9999999999999996,9.106759790711294e-11
450.7456094,0.298508824,138.7427459,1487.301528,0.172301056,0.898486907,-7.346857538,0.831516465,0.000768272,9.13314138711549e-11,0.950457319347189,0.0201766432054828,0.0253936304319369,0.0001991329570581,5.40983988492971e-06,0.0037400180035251,2.78461176278965e-05,5.96367935928624e-12,,256.8709142378044,0.9949809710264572,0.1734246380173448,0.9985875630263922,0.9999999999999998,9.13316089423688e-11
449.4573439,0.298505282,138.2899641,1487.2934,0.172292619,0.898478744,-7.346968047,0.831405956,0.000768766,9.15935368723989e-11,0.950371807220168,0.0201776335410043,0.0254658888802653,0.0001997551722787,5.4285759945311e-06,0.0037515612336046,2.79252791252819e-05,5.96608008930793e-12,,256.0584281053853,0.9949691649345898,0.17285867315009015,0.9985821058144151,1.0000000000000004,9.159306646466803e-11
448.220609,0.298501867,137.8555558,1487.285552,0.172284518,0.898470908,-7.347074148,0.831299855,0.00076924,9.184658809224369e-11,0.95028927214018,0.0201785747474736,0.0255356441300667,0.0002003558602465,5.44666446044222e-06,0.0037627046330953,2.80017266626135e-05,5.9683819783018695e-12,,255.27881059746636,0.994957782155446,0.17231567465535422,0.998576836596945,1.0000000000000002,9.184653038118995e-11
447.0003639,0.298498482,137.4271917,1487.277404,0.172276525,0.898463186,-7.34717885,0.831195152,0.000769707,9.20976325629878e-11,0.950207412615239,0.020179494374186,0.025604844113365,0.0002009517941921,5.46459727964249e-06,0.0037737548479204,2.80775597490491e-05,5.970650585698919e-12,,254.5102495860638,0.9949464993714339,0.1717802312453206,0.9985713659567886,0.9999999999999997,9.209799589626755e-11
445.8130984,0.298495175,137.0106436,1487.270149,0.172268748,0.89845566,-7.347280727,0.831093276,0.000770162,9.234320861442019e-11,0.950127344305017,0.0201803799311246,0.0256725339949935,0.000201534747321,5.48216580729074e-06,0.0037845729273054,2.8151830115078e-05,5.9728549577823195e-12,,253.7621918645535,0.9949354765747638,0.1712595575121412,0.9985664948848282,1.0,9.234324416240725e-11
444.6574934,0.298491942,136.605431,1487.262695,0.172261177,0.898448343,-7.347379901,0.830994102,0.000770605,9.258349066139639e-11,0.950049021487728,0.020181233595656,0.0257387627432576,0.0002021051421497,5.49934359237472e-06,0.0037951530993415,2.82244897160666e-05,5.9749981582791995e-12,,253.03470113271808,0.9949247004327516,0.17075305284395684,0.998561490202486,0.9999999999999998,9.258371846954105e-11
443.5177185,0.298488739,136.2059884,1487.255304,0.172253709,0.898441128,-7.347477728,0.830896275,0.000771041,9.2821703874129e-11,0.949971387978236,0.0201820673313052,0.0258044191625981,0.0002026706313537,5.51637411081615e-06,0.0038056418779068,2.82965456905849e-05,5.97710952795972e-12,,252.31748482955425,0.9949140242858708,0.17025376051797364,0.9985565278189078,1.0000000000000002,9.282163926371823e-11
442.4235346,0.298485653,135.8227282,1487.248172,0.17224654,0.898434202,-7.347571651,0.830802352,0.00077146,9.305153967647788e-11,0.949896498674257,0.0201828599647854,0.0258677646208941,0.0002032162386734,5.53280629238245e-06,0.0038157615078166,2.83660882502804e-05,5.97913410756028e-12,,251.6292455765938,0.9949037381200034,0.16977469574943171,0.9985517393302488,0.9999999999999998,9.305178849672302e-11
441.2564052,0.298482347,135.4141383,1487.240525,0.172238892,0.898426817,-7.347671847,0.830702156,0.000771907,9.32979503541724e-11,0.949816223843102,0.0201836970017041,0.0259356761500421,0.0002038011983924,5.55042411990145e-06,0.0038266106150552,2.84406683050767e-05,5.98129110524304e-12,,250.89543500434752,0.9948927186565042,0.16926396954861025,0.9985466050659784,1.0,9.329792494128242e-11
439.9433845,0.298478611,134.9547471,1487.231873,0.172230288,0.89841851,-7.347784581,0.830589422,0.00077241,9.357672021120609e-11,0.949725425941836,0.0201846281814978,0.0260125033032401,0.0002044629830525,5.57035633427645e-06,0.0038388840643038,2.85250701747627e-05,5.98371455134163e-12,,250.07028202634527,0.9948802659294528,0.16868974311211044,0.9985407960357093,0.9999999999999998,9.357692398737072e-11
438.6653778,0.298474957,134.5078831,1487.223401,0.172221912,0.898410426,-7.347894323,0.83047968,0.0007729,9.384965393754219e-11,0.949636548152072,0.0201855237648103,0.0260877192963326,0.0002051109195109,5.58987202364908e-06,0.0038509001619984,2.8607733416793e-05,5.98607009014574e-12,,249.2675233257358,0.9948680865224274,0.1681311753330149,0.998535107859052,1.0000000000000004,9.384915067300881e-11
437.4048779,0.298471336,134.067408,1487.214995,0.172213651,0.898402455,-7.348002575,0.830371428,0.000773383,9.41204062887721e-11,0.949548399350431,0.0201863965889758,0.0261623314532794,0.0002057536836885,5.60923246751079e-06,0.0038628198275009,2.86897635481867e-05,5.98839015306686e-12,,248.47613823835027,0.9948560171100468,0.16758059350419474,0.9985294639953857,1.0,9.412026713562227e-11
436.1947981,0.298467844,133.6448016,1487.206879,0.172205719,0.898394805,-7.348106509,0.830267494,0.000773846,9.43817961683951e-11,0.94946331618182,0.0201872246138202,0.0262343610281592,0.0002063742271462,5.62792411059584e-06,0.0038743269415661,2.87689830054261e-05,5.99061437846998e-12,,247.716760548025,0.9948443776767321,0.16705234706169864,0.9985240148403159,1.0000000000000002,9.438161363561903e-11
435.0008527,0.298464383,133.2280702,1487.198462,0.172197893,0.898387265,-7.348209074,0.830164929,0.000774304,9.46411210029099e-11,0.949378926348366,0.0201880322019363,0.0263058193239652,0.0002069898763098,5.64645524406385e-06,0.0038857381261586,2.88475673855126e-05,5.9928061315010996e-12,,246.9681455663097,0.9948328415717199,0.16653144420853216,0.9985183635911511,0.9999999999999993,9.464173889028871e-11
433.8391761,0.298461001,132.8228288,1487.190948,0.172190277,0.898379917,-7.348308871,0.830065132,0.000774749,9.489480429713239e-11,0.949296380044145,0.0201888084157526,0.0263757202496193,0.0002075921317802,5.66461049675342e-06,0.0038969099135502,2.89245337661599e-05,5.99493553941181e-12,,246.23949374247636,0.994821568787221,0.16602490354113542,0.9985133186242715,1.0,9.489475871760078e-11
432.7084775,0.298457695,132.4286107,1487.183238,0.172182864,0.898372774,-7.348406022,0.829967981,0.000775182,9.514302604266259e-11,0.949215630427312,0.0201895553162135,0.0264441142435902,0.0002081814286972,5.68236225654896e-06,0.0039078362883378,2.89998324530869e-05,5.99700556718231e-12,,245.5308693078619,0.9948105493237219,0.16553214169727182,0.9985081420612372,1.0000000000000002,9.514278254130204e-11
431.5932679,0.29845442,132.0400016,1487.175593,0.172175552,0.89836573,-7.348501853,0.829872149,0.000775609,9.538911750216419e-11,0.949135588687138,0.020190283433563,0.0265119190789289,0.0002087656727805,5.6999622066955e-06,0.0039186685569349,2.90745070600636e-05,5.999044580469139e-12,,244.83224651514448,0.9947996331885254,0.16504639095001242,0.9985030091397846,1.0000000000000002,9.538891898586144e-11
430.5226667,0.298451263,131.6671318,1487.168216,0.172168532,0.898358969,-7.348593861,0.829780141,0.000776019,9.562656115887649e-11,0.949058373665005,0.0201909743597568,0.0265773391099798,0.0002093293899238,5.71694415677449e-06,0.0039291198513043,2.91465782460339e-05,6.00099950494564e-12,,244.16184357017684,0.9947891103675133,0.16458031389731223,0.9984980561559319,1.0,9.562650671313122e-11
429.3806921,0.298447881,131.2696144,1487.160306,0.172161044,0.898351758,-7.348692015,0.829681988,0.000776457,9.588113542236959e-11,0.948975603001443,0.0201917025869639,0.0266474766876934,0.0002099337815043,5.73515181355169e-06,0.0039403248170654,2.92238716319166e-05,6.0030820173578995e-12,,243.44704395106058,0.9947778375830142,0.16408342801867837,0.9984927453111067,0.9999999999999997,9.588141391958516e-11
428.0959707,0.298444059,130.8226669,1487.151356,0.172152618,0.898343649,-7.348802452,0.829571551,0.000776949,9.616914985856919e-11,0.948881978536208,0.0201925109448636,0.0267268245473002,0.0002106175697626,5.75575182207925e-06,0.0039530012018179,2.93113460505769e-05,6.00542142390788e-12,,242.64326044109188,0.994765098203252,0.1635247558668664,0.9984867362009694,0.9999999999999996,9.616962781677785e-11
426.9311566,0.298440578,130.4176718,1487.143194,0.172144979,0.898336298,-7.348902593,0.82947141,0.000777396,9.64317767299395e-11,0.948796624060215,0.0201932337784046,0.0267991755065937,0.0002112410884725,5.77453655042264e-06,0.0039645597918437,2.93911354811399e-05,6.007539295075199e-12,,241.9148315420416,0.994753495434819,0.1630185230677338,0.9984812561610877,1.0000000000000004,9.6431307383682e-11
425.697824,0.298436874,129.9890994,1487.134502,0.172136889,0.898328517,-7.349008639,0.829365364,0.000777868,9.671141387644968e-11,0.948705759108044,0.0201939886158874,0.0268762099152822,0.0002119049973108,5.79453854926668e-06,0.0039768666025243,2.94761196806367e-05,6.0097784244845495e-12,,241.14390092382976,0.9947411493692411,0.16248281928839678,0.9984754202744607,0.9999999999999998,9.671163869739985e-11
424.5138248,0.298433303,129.5779078,1487.126109,0.172129122,0.898321049,-7.349110457,0.829263546,0.000778322,9.698138949967139e-11,0.948618050993053,0.0201947029908493,0.0269505801081101,0.0002125459724264,5.81385002252891e-06,0.0039887477888397,2.95581937060769e-05,6.011924727088659e-12,,240.4041431686952,0.994729246615413,0.16196884103372702,0.9984697851391107,1.0000000000000004,9.698097880317391e-11
423.3456122,0.298429762,129.1724276,1487.117414,0.172121458,0.898313689,-7.349210932,0.82916307,0.00077877,9.72492402816606e-11,0.94853105447786,0.0201953980681115,0.0270243626023311,0.0002131819094671,5.83299600196423e-06,0.0040005302314628,2.96396115019814e-05,6.01403936804205e-12,,239.67486362777646,0.9947174438567167,0.16146200187286103,0.9984639472382566,0.9999999999999998,9.724943073052827e-11
422.2089729,0.298426302,128.7781226,1487.109633,0.172114001,0.898306516,-7.349308699,0.829065304,0.000779205,9.751127150953299e-11,0.948445955337564,0.0201960644661112,0.0270965391367226,0.0002138040284656,5.85175421145791e-06,0.0040120658189324,2.97193544657574e-05,6.01609355573932e-12,,238.9650239197211,0.9947059110848755,0.16096913140637395,0.9984587230051865,1.0000000000000004,9.75108882528275e-11
421.102644,0.298422919,128.3945388,1487.101659,0.172106742,0.898299543,-7.349403873,0.82897013,0.000779629,9.776766883687649e-11,0.94836270557312,0.0201967041374366,0.0271671616589055,0.0002144127775869,5.87009584107341e-06,0.0040233482821192,2.97973712047085e-05,6.01809016502987e-12,,238.27468879759692,0.9946946349672056,0.1604896621466819,0.9984533691901881,0.9999999999999998,9.776790488302822e-11
420.0114703,0.298419569,128.0164086,1487.093752,0.172099581,0.898292667,-7.349497754,0.828876249,0.000780048,9.802187296364808e-11,0.948280182782567,0.0201973261522397,0.0272371777558455,0.0002150163227243,5.88828099183943e-06,0.0040345338587672,2.98747428224457e-05,6.02005655855778e-12,,237.59409106229757,0.9946834688441801,0.16001700973784397,0.9984480603595898,0.9999999999999999,9.802214595566738e-11
418.9639435,0.298416338,127.6535893,1487.086122,0.172092707,0.898286068,-7.349587891,0.828786112,0.000780449,9.82671509011535e-11,0.948200571659367,0.0201979149119299,0.0273047330956969,0.0002155986777125,5.9058279625298e-06,0.0040453263045858,2.99494184562843e-05,6.0219415904960795e-12,,236.94097942727245,0.99467269936851,0.15956349553528118,0.9984429375092716,1.0,9.826717217720216e-11
417.9303837,0.298413138,127.2957863,1487.078262,0.172085924,0.898279564,-7.349676838,0.828697165,0.000780846,9.851035934091159e-11,0.948121649316701,0.0201984878594835,0.0273717164983153,0.0002161761239758,5.92321583402524e-06,0.0040560234257322,3.00234554240068e-05,6.0237989660116895e-12,,236.29705882090047,0.9946620332211425,0.15911625157053189,0.9984376602348941,1.0,9.851031101959506e-11
416.924758,0.298410011,126.9478225,1487.071157,0.172079323,0.898273226,-7.349763387,0.828610616,0.000781231,9.874814935861668e-11,0.948044490842985,0.0201990372895536,0.027437205255404,0.000216740704449,5.94023924541067e-06,0.0040664896444208,3.00959191680568e-05,6.02560344016022e-12,,235.67032518259438,0.9946516103952617,0.15868130633669866,0.9984328898742768,0.9999999999999997,9.874845385837716e-11
415.7850489,0.298406453,126.5536665,1487.062728,0.172071842,0.898266051,-7.349861491,0.828512512,0.000781668,9.901903045102728e-11,0.947956614484435,0.0201996507809662,0.0275118052152293,0.0002173838575463,5.95961903354551e-06,0.0040784074803822,3.01784573606837e-05,6.0276455745025594e-12,,234.96057496909143,0.9946397509726577,0.15818862211613674,0.9984272305682045,0.9999999999999999,9.901912623178077e-11
414.5782981,0.298402667,126.1365593,1487.053751,0.17206392,0.898258456,-7.349965379,0.828408624,0.000782131,9.93074641041118e-11,0.947863061784344,0.0202002894527697,0.0275912362497357,0.0002180686891168,5.98025503975917e-06,0.0040910970928618,3.02663707946865e-05,6.029804276017899e-12,,234.20940564892038,0.9946271315870534,0.15766724952324768,0.9984212033300254,0.9999999999999998,9.930767319588085e-11
413.4198173,0.298399016,125.7363629,1487.045083,0.172056315,0.898251167,-7.350065125,0.828308878,0.000782575,9.95859397379029e-11,0.947772756312069,0.0202008919332458,0.0276679221791051,0.0002187298804214,6.00017901721985e-06,0.0041033481352671,3.03512752560592e-05,6.031873146238099e-12,,233.48860320102992,0.9946149621795414,0.15716701496787952,0.9984153835572132,0.9999999999999994,9.958645019736423e-11
412.2767829,0.298395396,125.3417206,1487.036114,0.172048809,0.898243983,-7.35016356,0.828210443,0.000783014,9.986223017219489e-11,0.947683180579566,0.0202014763142133,0.0277440040456588,0.0002193858911952,6.01993261898745e-06,0.0041154976281581,3.04355026934434e-05,6.03391125367077e-12,,232.7780045253029,0.9946028961003317,0.15667372288561698,0.9984093616903057,1.0,9.986222959668112e-11
411.1646413,0.298391859,124.9579503,1487.028067,0.172041507,0.898236983,-7.350259335,0.828114668,0.000783441,1.00132525952551e-10,0.94759555576662,0.0202020345193488,0.0278184317783596,0.0002200276615172,6.03928651830168e-06,0.0041273928832655,3.05179982016419e-05,6.0358906111808295e-12,,232.08633998984024,0.9945911066743196,0.15619402050602535,0.9984039588624538,0.9999999999999994,1.0013312401468966e-10
410.0821568,0.2983884,124.5846107,1487.019831,0.172034398,0.898230177,-7.350352575,0.828021428,0.000783856,1.0039701612871099e-10,0.947509832518484,0.0202025686172506,0.0278912588137936,0.0002206556548656,6.05821094927571e-06,0.0041390273685932,3.05987096288017e-05,6.037814268799109e-12,,231.41367530733294,0.9945795772356496,0.15572735621617334,0.9983984291383097,0.9999999999999999,1.0039713504994552e-10
409.0145009,0.298384973,124.2165748,1487.011664,0.172027386,0.898223467,-7.350444548,0.827929455,0.000784266,1.0065925043416e-10,0.947424855255957,0.0202030861726061,0.0279634622399983,0.0002212782938414,6.07697426166877e-06,0.0041505622016674,3.06787549692153e-05,6.03970851168947e-12,,230.75049293448166,0.9945681544584533,0.15526732140627497,0.9983929457413833,1.0000000000000002,1.0065903666145459e-10
407.9895512,0.29838167,123.8634374,1487.003783,0.172020654,0.898217026,-7.350532854,0.827841149,0.000784659,1.0091228254929399e-10,0.947342873805527,0.0202035743592145,0.0280331296805311,0.0002218790858554,6.09507943930943e-06,0.0041616918699857,3.0756012492618e-05,6.0415241175538294e-12,,230.1140879795048,0.9945571449944672,0.15482590931393012,0.9983876543674177,0.9999999999999992,1.0091305568948883e-10
406.9782676,0.298378397,123.5151788,1486.995673,0.172014011,0.898210679,-7.350619995,0.827754008,0.000785047,1.0116318591428799e-10,0.947261599314402,0.0202040477577665,0.0281022089006323,0.0002224748264914,6.11302068541333e-06,0.0041727234623236,3.08326104925921e-05,6.04331279380757e-12,,229.4866340038022,0.994546235525613,0.15439059558815912,0.9983822092408016,1.0000000000000004,1.0116285587002949e-10
405.666332,0.298374131,123.0636339,1486.985769,0.172005392,0.898202434,-7.350733054,0.827640949,0.000785551,1.01490541490238e-10,0.947155570887426,0.0202046490857445,0.0281923334852134,0.0002232520929837,6.13645646886619e-06,0.0041871252373311,3.09326472963342e-05,6.0456288724917e-12,,228.6724765202748,0.9945320162179037,0.15382617681207753,0.9983755596065224,1.0000000000000002,1.0149048268459637e-10
404.48559,0.298370271,122.6574866,1486.976533,0.171997635,0.898195021,-7.350834825,0.827539178,0.000786004,1.0178697119962701e-10,0.947059581905511,0.0202051781963578,0.0282739407385303,0.0002239559336193,6.15766784436663e-06,0.0042001622144822,3.10232358199288e-05,6.0477093407788994e-12,,227.940280652513,0.9945191501776417,0.1533185037944555,0.9983693584734243,0.9999999999999997,1.0178735632138114e-10
403.3205912,0.298366444,122.2569802,1486.966967,0.17198998,0.898187717,-7.350935255,0.827438748,0.000786452,1.02081143816621e-10,0.946964347011311,0.0202056889946208,0.0283549237734105,0.0002246544193368,6.17870185711402e-06,0.0042130938698799,3.11131214532195e-05,6.0497583511260995e-12,,227.2184668784327,0.9945063941320244,0.15281788174756525,0.9983629357753715,1.0000000000000004,1.0208078826678957e-10
402.1870788,0.298362703,121.8675115,1486.958394,0.171982531,0.898180597,-7.35103298,0.827341023,0.000786887,1.02368997845959e-10,0.946871164633972,0.0202061746463734,0.0284341640421128,0.0002253378992005,6.19931631315455e-06,0.0042257581709041,3.12011827030429e-05,6.05174804595754e-12,,226.51587016238477,0.9944939247391175,0.15233105652381432,0.9983571797864098,0.9999999999999999,1.0236911318628472e-10
401.0837935,0.298359044,121.4886323,1486.949611,0.17197528,0.898173676,-7.351128115,0.827245888,0.000787311,1.02650732938809e-10,0.94677998452344,0.0202066370182071,0.0285117172953671,0.0002260068541516,6.21947700281093e-06,0.0042381473657425,3.12873573840366e-05,6.05368125634115e-12,,225.83258976368327,0.994481728666237,0.15185746788546015,0.9983512828015678,0.9999999999999997,1.0265110983453951e-10
399.9956216,0.298355419,121.1151393,1486.940901,0.171968128,0.898166853,-7.351221959,0.827152044,0.000787729,1.0293012642881e-10,0.946689578154911,0.0202070828244729,0.0285886232482082,0.0002266702505264,6.23947035562973e-06,0.0042504331024599,3.13728400802824e-05,6.05558452280613e-12,,225.1589466633961,0.9944696459211723,0.15139061184980335,0.9983454348295794,0.9999999999999999,1.0293021990293028e-10
398.9509766,0.298351924,120.7567692,1486.932493,0.171961261,0.898160304,-7.351312062,0.827061941,0.00078813,1.03199773738823e-10,0.946602340389223,0.0202075011616743,0.0286628438927951,0.0002273105065708,6.25876647412668e-06,0.004262289810383,3.1455363622409e-05,6.0574083902979594e-12,,224.51250825820972,0.9944579964883442,0.15094265902556317,0.9983397896230952,0.9999999999999998,1.0320011512021665e-10
397.9202603,0.298348459,120.4033536,1486.923834,0.171954484,0.898153849,-7.351400987,0.826973016,0.000788526,1.0346720621851799e-10,0.946515836810379,0.0202079049705086,0.0287364532290859,0.0002279455149372,6.27789152071881e-06,0.0042740442739616,3.15372000799327e-05,6.05920514348131e-12,,223.87517677934983,0.9944464470506479,0.15050089919082663,0.9983339758929635,0.9999999999999994,1.0346778989145378e-10
396.9174011,0.298345074,120.0596562,1486.915997,0.171947892,0.89814756,-7.351487496,0.826886506,0.000788912,1.0372874568115999e-10,0.946431246743355,0.0202082881652381,0.0288084365302767,0.0002285665110873,6.296620534878e-06,0.0042855480037022,3.16173160161371e-05,6.060949543105e-12,,223.25483542405846,0.9944351642666357,0.15007128684031523,0.9983287140609919,0.9999999999999998,1.0372891434684561e-10
395.6203699,0.298340674,119.6153865,1486.905384,0.171939363,0.898139437,-7.351599414,0.826774589,0.000789411,1.0406896003915899e-10,0.946321235212117,0.0202087710331057,0.0289020709816246,0.0002293743263778,6.32096713517286e-06,0.0043005058471617,3.17215223457453e-05,6.063201602382369e-12,,222.4531829785776,0.9944204983140053,0.14951596186527036,0.9983215883977643,0.9999999999999998,1.0406919770389322e-10
394.5934421,0.298337173,119.2638307,1486.896932,0.17193261,0.898133006,-7.351688039,0.826685964,0.000789805,1.04339907260657e-10,0.946233638132842,0.0202091426823809,0.0289766387353451,0.0002300176723784,6.34035696517261e-06,0.0043124177723764,3.1804537307476e-05,6.06498102368881e-12,,221.8187495987886,0.9944088288821511,0.1490765267296717,0.9983159136492862,1.0000000000000002,1.0433964803269191e-10
393.4381483,0.298333216,118.8685371,1486.887368,0.171925012,0.898125775,-7.351787755,0.826586247,0.00079025,1.04646408436103e-10,0.946134563743398,0.0202095494249422,0.0290609882866979,0.0002307454394582,6.36229130629635e-06,0.0043258922314664,3.18984720177784e-05,6.06697897057323e-12,,221.10530450459348,0.994395639524297,0.148582420540221,0.9983094922940511,1.0000000000000002,1.0464618060979092e-10
392.3136624,0.298329346,118.4839948,1486.878005,0.171917616,0.898118738,-7.351884828,0.826489175,0.000790682,1.0494646454849801e-10,0.946037590282924,0.0202099336755928,0.0291435610281686,0.0002314579038358,6.38376457179497e-06,0.0043390827753314,3.19904585599432e-05,6.06891963509461e-12,,220.41118192797964,0.9943827401523244,0.14810175318174215,0.9983032058920159,0.9999999999999998,1.0494671798255695e-10
391.2045804,0.29832551,118.1049232,1486.868716,0.17191032,0.898111801,-7.351980585,0.826393418,0.000791109,1.0524409504628401e-10,0.945941417928442,0.0202103012902898,0.0292254631546646,0.0002321646084541,6.4050643464229e-06,0.0043521661148501,3.20817276376878e-05,6.07082977692437e-12,,219.72685499194947,0.9943699541081676,0.14762792404864974,0.9982969691742433,0.9999999999999997,1.0524447979776141e-10
390.1398616,0.298321809,117.7412039,1486.859747,0.171903316,0.898105143,-7.352072525,0.826301478,0.000791519,1.0553140742803e-10,0.945848595656644,0.0202106435093699,0.0293045230725026,0.0002328468138184,6.42562582976995e-06,0.0043647953528574,3.21698573735353e-05,6.072659822093579e-12,,219.0701693643594,0.9943576180421029,0.14717328487070033,0.9982909473073358,0.9999999999999997,1.0553169449423194e-10
389.0893391,0.298318142,117.3825168,1486.850504,0.171896403,0.898098582,-7.352163254,0.826210749,0.000791924,1.05816424992843e-10,0.94575653500313,0.0202109709537089,0.0293829488707239,0.0002335235720068,6.44600851483463e-06,0.0043773182095386,3.22572704864479e-05,6.0744619677743894e-12,,218.42274852358557,0.9943453953038539,0.14672493580512952,0.9982847414743751,1.0000000000000004,1.0581602261083844e-10
388.0672091,0.298314557,117.033696,1486.842144,0.171889678,0.898092187,-7.35225154,0.826122463,0.000792317,1.0609521690172497e-10,0.945666490693394,0.0202112793040812,0.0294596586178926,0.0002341855441016,6.46597503655962e-06,0.0043895768840602,3.23428692624004e-05,6.07621176237107e-12,,217.79257449893737,0.9943334458856312,0.14628891934473368,0.9982791284955206,0.9999999999999999,1.0609535472383413e-10
386.7452543,0.298309897,116.5828087,1486.830816,0.171880978,0.898083929,-7.352365744,0.826008259,0.000792826,1.0645796595314699e-10,0.945549357819003,0.0202116636112542,0.0295594654445594,0.0002350468687221,6.4919354262032e-06,0.0044055199766085,3.2454231889621e-05,6.0784698409494e-12,,216.97823349916996,0.9943179133085273,0.14572532255066792,0.998271522774891,0.9999999999999994,1.0645850867518902e-10
385.4630945,0.298305351,116.1457675,1486.819754,0.171872539,0.898075922,-7.35247653,0.825897473,0.00079332,1.0681216491154599e-10,0.945435009448071,0.0202120203669395,0.0296569154314266,0.0002358878907244,6.51728397152195e-06,0.0044210864599776,3.25630059960564e-05,6.0806543553317595e-12,,216.18879295886632,0.9943027607129233,0.14517903300293694,0.9982640956490432,0.9999999999999994,1.0681266982004445e-10
384.1443015,0.298300648,115.6965195,1486.808296,0.171863857,0.89806769,-7.352590502,0.825783501,0.000793829,1.0717894306301801e-10,0.945316624439234,0.0202123707395187,0.0297578217950615,0.0002367587803108,6.54353279819116e-06,0.0044372049190206,3.26756807943249e-05,6.0828954807215995e-12,,215.3771936912352,0.9942870848094642,0.14461748528903937,0.9982564026452494,0.9999999999999999,1.0717904341817075e-10
383.0139075,0.298296595,115.3116759,1486.798411,0.171856415,0.898060636,-7.352688209,0.825685794,0.000794264,1.07495328601792e-10,0.945214524460373,0.0202126575442877,0.0298448606720287,0.0002375100149663,6.56617523398378e-06,0.0044511081141043,3.27729054261465e-05,6.0848116965954995e-12,,214.68185717470655,0.994273575467189,0.1441364413138005,0.9982497657677404,1.0000000000000004,1.0749501289097907e-10
381.9136573,0.29829263,114.937295,1486.788732,0.171849171,0.898053773,-7.352783325,0.825590678,0.000794689,1.0780507047189099e-10,0.945114586104412,0.020212924604514,0.0299300685233048,0.0002382454733431,6.58834218504121e-06,0.0044647187227078,3.28681156413052e-05,6.086672548345259e-12,,214.00534651239974,0.9942603594439665,0.14366847542742614,0.9982432672004756,0.9999999999999998,1.078053202263618e-10
380.8284791,0.2982887,114.5682362,1486.779129,0.171842025,0.898047007,-7.352877154,0.825496849,0.000795107,1.0811231706821499e-10,0.945015469934314,0.0202131762301024,0.0300145867354379,0.0002389750059191,6.61033054467054e-06,0.0044782190641338,3.29625853472839e-05,6.08850375929965e-12,,213.33837707478568,0.9942472600817308,0.14320716202050215,0.9982368196602915,0.9999999999999999,1.0811240791497312e-10
379.786708,0.29828491,114.2141203,1486.769858,0.171835163,0.898040513,-7.352967243,0.825406759,0.000795509,1.08408920612788e-10,0.944919803195219,0.0202134066940477,0.030096174200633,0.0002396792663371,6.6315571956102e-06,0.0044912511645657,3.30538075030122e-05,6.09025780246833e-12,,212.69834226296385,0.9942346273634424,0.1427645268299175,0.9982305950278801,1.0000000000000002,1.0840872644024557e-10
378.7588271,0.298281152,113.8649,1486.760312,0.171828393,0.898034115,-7.353056147,0.825317856,0.000795906,1.0870316321391297e-10,0.944824918329439,0.0202136234933067,0.0301771094530317,0.0002403779215172,6.65259962817575e-06,0.0045041737984602,3.31442898215641e-05,6.09198475112812e-12,,212.06733250620772,0.9942221013066277,0.14232801100544723,0.9982241857580063,0.9999999999999998,1.0870337963098109e-10
377.7587269,0.298277479,113.5252821,1486.75166,0.171821805,0.898027879,-7.353142656,0.825231346,0.000796292,1.0899098683208001e-10,0.94473210866386,0.0202138237764678,0.0302562758458309,0.0002410613291561,6.6732129843101e-06,0.0045168241609826,3.32328956331742e-05,6.093661133435369e-12,,211.4531261872867,0.9942098585693524,0.14190349791836904,0.9982183767277372,0.9999999999999997,1.0899137148356886e-10
376.4652639,0.298272703,113.0862852,1486.739949,0.171813283,0.898019825,-7.353254564,0.825119439,0.000796791,1.0936549890241899e-10,0.944611374120034,0.0202140677841847,0.0303592821146313,0.0002419505704646,6.70001492616497e-06,0.0045332771071332,3.33481731642662e-05,6.09582397971117e-12,,210.6594126831929,0.9941939393444063,0.14135476379912285,0.9982105138574783,0.9999999999999997,1.0936584970977492e-10
375.2107381,0.298268045,112.6607637,1486.728511,0.171805017,0.898012017,-7.353363123,0.82501088,0.000797276,1.0973119622959199e-10,0.944493504890732,0.0202142878674371,0.0304598593826802,0.0002428188791935,6.72618588585911e-06,0.0045493419041378,3.34607741040402e-05,6.09791580237763e-12,,209.88996090663443,0.9941784134336445,0.14082287356134937,0.9982028342818637,0.9999999999999997,1.0973166819638891e-10
373.9203687,0.298263224,112.2233516,1486.716664,0.171796513,0.898003989,-7.353474806,0.824899197,0.000797775,1.1010989439206497e-10,0.944371469748266,0.0202144970289505,0.0305640074773156,0.0002437180536288,6.75328704640676e-06,0.0045659768726173,3.35774159649806e-05,6.10006123269791e-12,,209.0989032006739,0.9941623442160011,0.1402761203987618,0.9981948800999871,0.9999999999999994,1.1011047629239101e-10
372.8143378,0.29825907,111.8486424,1486.706443,0.171789223,0.897997111,-7.353570551,0.824803452,0.000798202,1.1043657296033497e-10,0.944266217671849,0.0202146622890944,0.0306538454612135,0.0002444937108642,6.77666530490202e-06,0.0045803260189435,3.36780661922212e-05,6.10189514766774e-12,,208.4211590082804,0.9941484982234499,0.13980774414636582,0.9981880176290695,1.0000000000000002,1.1043621572781603e-10
371.7378011,0.298255006,111.4841164,1486.696435,0.171782126,0.89799042,-7.353663759,0.824710244,0.000798618,1.1075640127963197e-10,0.944163190296601,0.02021481059901,0.0307417961222524,0.0002452531004651,6.79955316695899e-06,0.0045943735783343,3.37766333100199e-05,6.10367565417486e-12,,207.76175851774767,0.994134952216293,0.13935209661547815,0.998181298168259,0.9999999999999998,1.1075662609272285e-10
370.6760115,0.298250977,111.1247683,1486.686506,0.171775126,0.897983822,-7.353755705,0.824618297,0.000799029,1.1107366265697497e-10,0.94406100697143,0.0202149446432038,0.0308290374745848,0.0002460063922333,6.82225713407144e-06,0.0046083077082842,3.38744359508758e-05,6.10542736155813e-12,,207.11165220458187,0.994121522870123,0.13890292131798448,0.9981746317487559,1.0000000000000002,1.1107348374395087e-10
369.6566934,0.298247091,110.7799663,1486.676919,0.171768405,0.89797749,-7.353843988,0.824530015,0.000799424,1.1137994311604599e-10,0.943962376471444,0.0202150617982907,0.0309132560420629,0.0002467336084465,6.84417508126843e-06,0.0046217589086884,3.39688784992299e-05,6.10710483871402e-12,,206.48779417269932,0.9941085701674138,0.13847192824768187,0.998168194951115,1.0,1.1137990529874742e-10
368.6509662,0.298243238,110.4399276,1486.667057,0.171761772,0.897971253,-7.353931109,0.824442894,0.000799813,1.1168379445479397e-10,0.943864548850661,0.0202151663800885,0.0309968036830806,0.0002474550557304,6.86590317936679e-06,0.0046350974523766,3.40625570910499e-05,6.10875600189404e-12,,205.87272846633726,0.9940957274593492,0.1380468891721118,0.9981615735160118,0.9999999999999999,1.1168388436288978e-10
367.3462391,0.298238213,109.9990395,1486.654986,0.171753167,0.897963148,-7.354044149,0.824329854,0.000800318,1.1208045247783797e-10,0.943736852538999,0.020215285066385,0.0311058647167064,0.0002483968502555,6.89430393731419e-06,0.0046525214309861,3.41849745393656e-05,6.11089182872258e-12,,205.07460062471637,0.994078978274811,0.13749579110458643,0.9981534689385294,0.9999999999999999,1.1208056704958835e-10
366.0937011,0.298233359,109.5760471,1486.642978,0.171744905,0.897955378,-7.35415269,0.824221313,0.000800803,1.1246389577697099e-10,0.943613440104939,0.0202153812624104,0.031211287455435,0.0002493072648688,6.92174284241156e-06,0.0046693587366499,3.43033142776739e-05,6.112935806984079e-12,,204.3089963314765,0.9940627990625228,0.13696706217264673,0.9981454066598111,1.0,1.1246392705999142e-10
364.8787392,0.298228623,109.1659875,1486.631249,0.171736889,0.897947845,-7.354257996,0.824116007,0.000801274,1.1283834341972401e-10,0.94349294618091,0.0202154576682518,0.0313142321996013,0.000250196315855,6.94853763883855e-06,0.0046858000648016,3.44189139878784e-05,6.114912313456279e-12,,203.56670450174943,0.9940470131644191,0.13645449888701885,0.998137531704191,0.9999999999999996,1.1283873835310487e-10
363.556059,0.298223436,108.7198439,1486.618389,0.171728161,0.897939647,-7.354372662,0.824001341,0.000801787,1.1324882633968799e-10,0.943360882609714,0.0202155217214833,0.0314270785105289,0.0002511709191439,6.97791057623178e-06,0.0047038225298361,3.45456793513373e-05,6.11705707575239e-12,,202.75898658964056,0.9940297240061705,0.1358968315882217,0.998128897385044,0.9999999999999999,1.1324896576070387e-10
362.4738662,0.298219168,108.355028,1486.607795,0.171721019,0.897932944,-7.354466499,0.823907504,0.000802207,1.1358689732457297e-10,0.943252136267555,0.0202155591682213,0.0315200137901442,0.0002519735914571,7.00210156972276e-06,0.0047186648469032,3.46501144438044e-05,6.118806423725299e-12,,202.098425173445,0.994015498032119,0.13544082169026225,0.9981217844785865,1.0,1.1358691764939977e-10
361.434961,0.298215049,108.004983,1486.597565,0.171714162,0.897926511,-7.354556598,0.823817405,0.00080261,1.13913344476676e-10,0.943147146347782,0.0202155823045838,0.0316097500308773,0.000252748660679,7.02546043144902e-06,0.0047329960898103,3.47509858021616e-05,6.120481093121919e-12,,201.46453893882097,0.9940017687005545,0.135003275013346,0.9981149159649884,0.9999999999999997,1.1391365628554695e-10
360.4099079,0.298210964,107.6597771,1486.587032,0.171707394,0.897920173,-7.354645525,0.823728478,0.000803008,1.14237274325935e-10,0.943042987180445,0.0202155931770323,0.0316987917956372,0.0002535177614744,7.04862177825095e-06,0.0047472102788066,3.48510644664465e-05,6.12212931522043e-12,,200.8396017197487,0.9939881526968057,0.1345717770790893,0.9981078440144769,0.9999999999999996,1.1423773038643503e-10
359.0801093,0.298205635,107.212194,1486.57415,0.171698615,0.897911939,-7.35476088,0.823613123,0.000803524,1.1466026356748997e-10,0.942906990399107,0.0202155877485607,0.0318150553758216,0.000254522020731,7.078904685876e-06,0.0047657835489353,3.49818813735823e-05,6.12425974465714e-12,,200.02864640011876,0.9939703902282678,0.13401231044465978,0.9980991949243331,0.9999999999999996,1.1466072535881722e-10
357.8035027,0.298200487,106.7827837,1486.561325,0.171690184,0.897904046,-7.35487166,0.823502343,0.000804021,1.1506927876082701e-10,0.942775517381019,0.020215563082408,0.0319274733393889,0.0002554931074397,7.10817005005412e-06,0.0047837364198855,3.51083786135895e-05,6.1262980447307896e-12,,199.25075492603108,0.9939532310636903,0.1334755593132378,0.9980905841044995,1.0000000000000002,1.1506906538727435e-10
356.5651942,0.298195462,106.3665072,1486.548795,0.171682006,0.897896393,-7.354979139,0.823394864,0.000804502,1.15468813291709e-10,0.942647116900062,0.0202155203543395,0.0320372801753073,0.0002564416775287,7.13675643594391e-06,0.0048012720316285,3.52319831009135e-05,6.12826825218625e-12,,198.49655684717897,0.9939364818791523,0.13295522507263063,0.9980821713503073,1.0,1.1546885669844187e-10
355.3641627,0.298190559,105.9629984,1486.536556,0.171674072,0.897888974,-7.355083405,0.823290597,0.000804969,1.1585897241254699e-10,0.942521753161759,0.0202154610463741,0.0321445052106282,0.0002573679813999,7.16467140314759e-06,0.004818395082024,3.5352724422905e-05,6.13017254303434e-12,,197.76539785569224,0.9939201393414826,0.1324508501078505,0.9980739539761208,1.0000000000000002,1.1585865600238776e-10
354.128816,0.298185485,105.5482036,1486.523879,0.17166591,0.897881348,-7.355190673,0.823183329,0.00080545,1.1626303168290097e-10,0.942391947726996,0.020215381476927,0.0322555449682199,0.0002583272778575,7.19358017661163e-06,0.0048361270416499,3.54778057773587e-05,6.1321243419430395e-12,,197.01369295676164,0.9939032268315628,0.13193236795172159,0.9980654425248123,0.9999999999999994,1.1626355433946856e-10
353.0699474,0.298181112,105.1928611,1486.512941,0.171658913,0.897874814,-7.355282636,0.823091367,0.000805862,1.1661161177553298e-10,0.94227998507416,0.0202152981573266,0.0323513341275703,0.0002591548518743,7.21851907245835e-06,0.0048514234030396,3.55857442113154e-05,6.13379169682361e-12,,196.36965230903397,0.9938886508745511,0.13148819954468216,0.9980580986536747,1.0,1.1661160925768854e-10
352.0393152,0.298176832,104.8471679,1486.502229,0.171652101,0.897868457,-7.355372163,0.82300184,0.000806264,1.1695290412274199e-10,0.942170380993755,0.0202152035246428,0.0324451167176792,0.0002599651173718,7.24293602468203e-06,0.0048663991335976,3.56914538404233e-05,6.13540954509207e-12,,195.74303226128887,0.993874384902447,0.13105609249875222,0.9980509065209606,1.0,1.1695289181545832e-10
351.0228014,0.29817259,104.506378,1486.491601,0.171645382,0.897862191,-7.355460481,0.822913522,0.00080666,1.1729147832277898e-10,0.942061667048445,0.0202150970043297,0.0325381486100258,0.0002607689236186,7.2671579814138e-06,0.0048812547834509,3.57963487202921e-05,6.1370003179613194e-12,,195.12523389876804,0.993860245590843,0.13063011444372608,0.9980437707865988,1.0000000000000002,1.1729139881566653e-10
349.7216636,0.298167128,104.0704096,1486.477905,0.171636779,0.897854173,-7.355573551,0.822800452,0.000807167,1.17727716646728e-10,0.941921618965102,0.0202149413570332,0.0326580106101718,0.0002618045837395,7.29836609858034e-06,0.0049003944532229,3.59315407652337e-05,6.139029289478219e-12,,194.33479646926426,0.9938420398105551,0.13008516586665603,0.9980345751695664,0.9999999999999998,1.1772793850894914e-10
348.45956,0.298161795,103.6477807,1486.46452,0.171628434,0.897846401,-7.355683254,0.822690749,0.00080766,1.1815397103452398e-10,0.941784803239046,0.0202147694640721,0.0327751233217819,0.0002628165305529,7.32885904100612e-06,0.0049190947797876,3.60636814238285e-05,6.14098955747191e-12,,193.568441568804,0.9938242640093329,0.12955689129977527,0.9980255883607186,1.0000000000000002,1.1815370903889288e-10
347.2354496,0.29815659,103.2381191,1486.451442,0.171620338,0.897838867,-7.35578968,0.822584323,0.000808137,1.18570344982578e-10,0.941651184573484,0.020214582855015,0.0328895156027132,0.0002638050101747,7.35864424441197e-06,0.0049373603901386,3.61927995167285e-05,6.142883348297269e-12,,192.82550367888157,0.9938069148540054,0.12904482550326282,0.9980168076744198,0.9999999999999998,1.1857059778463963e-10
346.0483123,0.298151512,102.8410616,1486.438363,0.171612485,0.897831571,-7.355892914,0.822481089,0.000808601,1.18976947904711e-10,0.941520730821488,0.0202143830768395,0.0330012179361408,0.000264770282848,7.38771461536157e-06,0.0049551911538328,3.63188891133888e-05,6.14471286408139e-12,,192.10552799065124,0.9937899890114016,0.12854851448705154,0.9980080263167118,0.9999999999999996,1.1897727247855983e-10
344.8971489,0.298146557,102.4562514,1486.426196,0.171604869,0.897824487,-7.355993044,0.822380959,0.000809051,1.1937389420877698e-10,0.941393388445356,0.0202141712089567,0.0331102621607833,0.0002657126212514,7.41612327861418e-06,0.0049726072217403,3.64420931132956e-05,6.1464801168977295e-12,,191.40729093749124,0.9937734731488371,0.12806751226089924,0.9979998572839699,1.0,1.1937384414295593e-10
343.792032,0.298141773,102.0870345,1486.414142,0.171597556,0.897817697,-7.356089188,0.822284815,0.000809483,1.19757456150765e-10,0.9412703661218,0.0202139510998599,0.0332156246502909,0.0002666231755258,7.44355872007544e-06,0.0049894301268472,3.65611410507901e-05,6.14817035977959e-12,,190.73745560384353,0.9937575272585228,0.12760600123329902,0.9979917641204399,1.0000000000000002,1.1975709313105654e-10
342.5211476,0.298136237,101.6626774,1486.400181,0.171589144,0.897809892,-7.356199779,0.822174224,0.000809981,1.2020160278327099e-10,0.941127938189898,0.0202136774238716,0.033337623417341,0.0002676775425241,7.47532659703112e-06,0.0050089089392556,3.66990341606064e-05,6.15010637149477e-12,,189.96748907617314,0.9937390748235772,0.12707556646368134,0.9979823905800346,0.9999999999999998,1.2020184847472137e-10
341.2215301,0.298130538,101.2289943,1486.385795,0.171580541,0.897801916,-7.356312899,0.822061104,0.000810489,1.20659202128366e-10,0.940981225415004,0.0202133745690035,0.0334633105965593,0.0002687638309581,7.50805543182272e-06,0.0050289762565071,3.68411497245038e-05,6.152077436653509e-12,,189.18049504201855,0.9937200790817498,0.12653347444911253,0.997972731690824,0.9999999999999994,1.206597044500768e-10
339.9611664,0.298124975,100.8086696,1486.371378,0.171572196,0.897794193,-7.356422629,0.821951374,0.000810983,1.21106311786105e-10,0.940837909995351,0.0202130585266931,0.0335861099713624,0.0002698252038904,7.54001496654456e-06,0.0050485761519601,3.69800085162437e-05,6.15398048096265e-12,,188.41786252766514,0.9937015366511855,0.12600808006921618,0.9979630519879359,1.0,1.211063471728835e-10
338.7389956,0.298119544,100.401324,1486.357998,0.171564102,0.897786695,-7.356529063,0.82184494,0.000811462,1.2154303989656998e-10,0.940697937287388,0.0202127305118566,0.0337060517810242,0.0002708619201336,7.57126640652009e-06,0.0050677313337151,3.71157717767743e-05,6.155817687432579e-12,,187.6782446230753,0.9936834341992002,0.1254989092093654,0.9979540685361329,0.9999999999999996,1.215434419776784e-10
337.5657116,0.298114298,100.010498,1486.344715,0.17155633,0.897779508,-7.356631262,0.821742741,0.000811923,1.21965265264691e-10,0.940562643513896,0.0202123957281035,0.0338220046094667,0.0002718641955198,7.60146164319324e-06,0.0050862433395002,3.72470237473256e-05,6.15757380702606e-12,,186.96874588057133,0.9936659483838596,0.12501038739773412,0.9979451502109984,0.9999999999999996,1.2196565979394336e-10
336.4276261,0.298109178,99.63160751,1486.33174,0.17154879,0.89777254,-7.356730419,0.821643584,0.00081237,1.2237762912217198e-10,0.940430533222681,0.0202120520828025,0.0339352435933333,0.0002728430488561,7.63095047879521e-06,0.0051043217260427,3.73752472690362e-05,6.15927002043814e-12,,186.280831151238,0.9936488825480715,0.1245367846471887,0.9979364386798218,1.0000000000000004,1.223772194691719e-10
335.3238005,0.298104182,99.26432089,1486.319069,0.171541475,0.897765786,-7.356826613,0.82154739,0.000812803,1.2278024529286999e-10,0.940301568079234,0.0202117008267266,0.0340458004241144,0.0002737987514195,7.65974113105663e-06,0.0051219715734772,3.75004749562971e-05,6.16090830883462e-12,,185.61390603169025,0.9936322300254941,0.12407768641679888,0.997927931256967,1.0000000000000002,1.2277989736020345e-10
334.188437,0.298099013,98.88674378,1486.305946,0.17153395,0.897758844,-7.356925579,0.821448424,0.000813249,1.23197131072199e-10,0.940168055167903,0.0202113208950096,0.034160270043839,0.0002747883130224,7.68955098831264e-06,0.0051402457225851,3.76301772929419e-05,6.16258626128449e-12,,184.92821471814787,0.9936150008643246,0.12360572535533496,0.9979191203572653,1.0,1.2319689712825266e-10
332.8908787,0.298093067,98.45547957,1486.290836,0.171525348,0.897750914,-7.357038711,0.821335292,0.00081376,1.2367704320843298e-10,0.940014386018204,0.0202108633105351,0.0342920386194145,0.0002759274639348,7.72386610101603e-06,0.0051612810579274,3.77795340411388e-05,6.16449495682477e-12,,184.1449259720261,0.9935951818292472,0.12306665688711396,0.997908975367972,0.9999999999999996,1.236775126756129e-10
331.6452228,0.298087319,98.04171916,1486.276216,0.171517089,0.897743308,-7.357147348,0.821226655,0.00081425,1.24141280959471e-10,0.939865764929405,0.0202104003045875,0.0344194963713028,0.0002770293918434,7.75705886058708e-06,0.0051816277550912,3.79240586013048e-05,6.16631818429959e-12,,183.3933283397826,0.9935760227620385,0.12254946769019641,0.9978991593690663,0.9999999999999993,1.241419189668136e-10
330.4369365,0.298081707,97.64060847,1486.261927,0.171509075,0.897735934,-7.357252752,0.821121251,0.000814726,1.2459492566923701e-10,0.939720562597623,0.0202099287138225,0.0345440389358915,0.0002781061582803,7.78949263912862e-06,0.0052015086424639,3.80653285165142e-05,6.168078043516479e-12,,182.66461496127832,0.9935573170060925,0.12204809029733239,0.9978895656065242,0.9999999999999999,1.2459500098316312e-10
329.2650234,0.298076228,97.25179521,1486.247965,0.171501301,0.897728787,-7.357355011,0.821018992,0.000815188,1.2503808484180601e-10,0.939578742347213,0.0202094499793712,0.034665696421967,0.0002791580208517,7.82117527739895e-06,0.0052209285498232,3.82033742882699e-05,6.16977670639244e-12,,181.9581544830142,0.9935390545618968,0.12156208435565638,0.9978801913947101,0.9999999999999996,1.2503853508150087e-10
328.1285068,0.298070881,96.87493566,1486.234017,0.17149376,0.897721867,-7.357454205,0.820919798,0.000815637,1.2547087316416998e-10,0.939440270907586,0.0202089655020018,0.0347845006927964,0.0002801852515099,7.85209891486313e-06,0.0052398872265318,3.83381890165355e-05,6.17141624518677e-12,,181.2735163668725,0.99352123209628,0.12109102022456852,0.9978708265826213,0.9999999999999994,1.2547141103880222e-10
327.0264302,0.298065663,96.50969186,1486.221009,0.171486446,0.897715148,-7.357550418,0.820823585,0.000816072,1.2589341054921498e-10,0.939305092101187,0.0202084761977326,0.0349004850732476,0.0002811881357899,7.88232044504497e-06,0.0052584061147393,3.84699247924525e-05,6.17299854866949e-12,,180.60953601494157,0.9935038396097288,0.12063447546331135,0.9978620928949492,1.0000000000000002,1.2589318476585731e-10
325.9684366,0.298060625,96.15924059,1486.208137,0.171479424,0.897708708,-7.357642804,0.820731199,0.00081649,1.26301726144293e-10,0.939174489938039,0.0202079885253731,0.0350125601656438,0.0002821572505482,7.91150789152985e-06,0.0052762952570556,3.85972229719637e-05,6.17451060493044e-12,,179.97255325735532,0.9934870470939672,0.12019642096000582,0.9978534505188947,0.9999999999999994,1.2630230195043168e-10
324.751744,0.298054794,95.75644224,1486.193227,0.171471346,0.897701308,-7.357749075,0.820624928,0.000816971,1.2677456796525298e-10,0.939023275148897,0.0202074056149374,0.0351423397423833,0.0002832794963856,7.94530613067875e-06,0.005297009878478,3.87446798367825e-05,6.1762408879806994e-12,,179.2403364191545,0.9934676113735609,0.11969293403829617,0.9978434398113922,0.9999999999999998,1.2677481286971215e-10
323.5075435,0.298048791,95.34478111,1486.177862,0.171463083,0.897693745,-7.35785778,0.820516223,0.000817463,1.2726176686398799e-10,0.938867498412561,0.0202067848353943,0.0352760523008893,0.0002844357968573,7.98012867357019e-06,0.0053183517316164,3.88966605682537e-05,6.17800068954121e-12,,178.4919115950772,0.9934476023477335,0.1191783688839672,0.9978331236128158,0.9999999999999998,1.2726197873291767e-10
322.300923,0.298042928,94.94578993,1486.162483,0.171455067,0.897686422,-7.357963245,0.820410758,0.000817941,1.2773782784081e-10,0.938715316206853,0.020206159147976,0.0354067017865131,0.0002855656571929,8.01413481893134e-06,0.0053391977641511,3.90451685772867e-05,6.17969839260074e-12,,177.76664156973948,0.9934280599658537,0.11867964082063849,0.997822798014514,0.9999999999999999,1.2773793134357447e-10
321.1308667,0.298037205,94.55910956,1486.14817,0.171447295,0.897679315,-7.358065514,0.820308489,0.000818405,1.2820287703421998e-10,0.93856667213813,0.0202055285719186,0.0355343198031702,0.0002866693331989,8.04738882363369e-06,0.0053595722600306,3.9190370343351e-05,6.1813348024700096e-12,,177.0632407228244,0.9934089842279212,0.11819630093313188,0.997813188138157,0.9999999999999997,1.2820322581319488e-10
320.0076127,0.298031676,94.18810193,1486.13398,0.17143983,0.897672502,-7.358163733,0.82021027,0.000818851,1.2865250952994498e-10,0.938422985466812,0.0202049021967304,0.035657701719459,0.0002877364173764,8.07952089607944e-06,0.0053792637873339,3.93307565567605e-05,6.1828978086326295e-12,,176.38847328701544,0.9933905551251728,0.11773255154200482,0.9978036608451014,1.0,1.2865242204895821e-10
318.9180563,0.298026278,93.82841627,1486.120117,0.171432588,0.897665898,-7.35825903,0.820114972,0.000819284,1.29091669948769e-10,0.938282669212082,0.0202042742895372,0.0357782036917568,0.0002887786300385,8.11090285360071e-06,0.0053984952277561,3.94679106996599e-05,6.184405959377829e-12,,175.73422121183677,0.9933725626678321,0.1172829543037428,0.9977943531027736,0.9999999999999999,1.290917372998024e-10
317.861299,0.298021011,93.47973856,1486.106578,0.171425562,0.897659498,-7.358351483,0.82002252,0.000819703,1.2952047743529299e-10,0.938145683421605,0.0202036459789114,0.0358958588941782,0.0002897962554427,8.14154332968395e-06,0.0054172719036574,3.9601867169123e-05,6.1858611402913395e-12,,175.0999202765262,0.9933550068558995,0.11684711670193368,0.997785262896947,0.9999999999999999,1.295206164542151e-10
316.7743485,0.29801556,93.12128378,1486.092555,0.171418334,0.897652919,-7.3584466,0.819927402,0.000820136,1.2996451217387298e-10,0.938003856588104,0.0202029796730405,0.0360176858252258,0.0002908499982867,8.17327008173786e-06,0.0054367138918161,3.97406172927859e-05,6.1873500193390395e-12,,174.4477594713296,0.9933368377404932,0.11639905803000937,0.9977758477291867,0.9999999999999996,1.2996492770867007e-10
315.5321194,0.298009288,92.71185098,1486.076408,0.171410071,0.897645406,-7.358555339,0.819818664,0.00082063,1.3047571446829398e-10,0.937840605231181,0.0202021930611611,0.0361579332863742,0.0002920631142053,8.20979382392971e-06,0.0054590949746246,3.99004019645785e-05,6.18904173559913e-12,,173.70275935911556,0.9933159320916528,0.11588727822723967,0.9977650064888083,0.9999999999999993,1.3047640745611488e-10
314.3395795,0.298003225,92.31902599,1486.060783,0.171402137,0.8976382,-7.358659758,0.819714245,0.000821105,1.30970258148235e-10,0.937682703370687,0.0202014123923683,0.0362936024323455,0.0002932366730504,8.24512500783085e-06,0.0054807448431735,4.00550262064504e-05,6.1906557229079695e-12,,172.98788669461982,0.9932957230755625,0.11539625773277706,0.9977545157239038,0.9999999999999998,1.3097045670207308e-10
313.1828158,0.297997304,91.93820139,1486.04551,0.171394439,0.897631215,-7.358761074,0.819612929,0.000821567,1.3145355284699002e-10,0.937528421084295,0.0202006309856942,0.0364261779796573,0.0002943835137819,8.27965027387748e-06,0.005501900471485,4.0206177166577e-05,6.19221175365515e-12,,172.29476655529774,0.9932759873697616,0.11492023739762598,0.9977442612949512,0.9999999999999996,1.3145395882929733e-10
312.0608742,0.297991522,91.56904356,1486.030585,0.17138697,0.897624445,-7.35885937,0.819514633,0.000822015,1.3192571073518398e-10,0.937377720306826,0.0201998501524592,0.0365556913296617,0.0002955039052494,8.31337782625582e-06,0.0055225669029997,4.03538868582328e-05,6.1937118931234995e-12,,171.6227996365026,0.9932567149747369,0.1144588002059103,0.9977342405163144,0.9999999999999998,1.319259146370655e-10
310.9728199,0.297985879,91.21122699,1486.015693,0.171379726,0.897617892,-7.358954718,0.819419284,0.000822449,1.32386852791905e-10,0.937230566665496,0.020199071090021,0.0366821757812501,0.0002965981306298,8.34629885647098e-06,0.0055427437482849,4.04981468792136e-05,6.1951580111160296e-12,,170.97157814605387,0.9932379058904885,0.11401153927903213,0.9977242418941732,0.9999999999999994,1.3238743434840217e-10
309.9177369,0.297980371,90.86443143,1486.001768,0.171372699,0.897611529,-7.359047211,0.819326792,0.000822871,1.3283710111256998e-10,0.937086900941829,0.0201982948171826,0.0368056661896828,0.0002976664926604,8.37847473085517e-06,0.0055624538241395,4.06391207410231e-05,6.19655219841604e-12,,170.33999372989518,0.9932195467843322,0.11357805431324967,0.9977148925244904,0.9999999999999999,1.3283718569567782e-10
308.9048572,0.297975052,90.53167416,1485.988005,0.171365952,0.897605431,-7.359136024,0.819237979,0.000823277,1.3327222508562698e-10,0.936948089057441,0.0201975302182767,0.0369250019738794,0.0002986989435536,8.40955095170029e-06,0.0055814947638202,4.07753526073186e-05,6.19788286696204e-12,,169.73407978198574,0.9932018176475048,0.11316211682604596,0.9977056519230579,1.0,1.3327217107672595e-10
307.7400456,0.297968895,90.14920413,1485.972062,0.171358191,0.897598424,-7.359238189,0.819135814,0.000823743,1.3377614737017998e-10,0.93678735624796,0.0201966271811078,0.0370631986067928,0.0002998946125371,8.4455383146575e-06,0.0056035445065064,4.09331668053202e-05,6.19940370920414e-12,,169.0375641836145,0.9931812953133355,0.11268403974839435,0.9976949476501062,0.9999999999999994,1.3377665641911562e-10
306.5488991,0.297962555,89.75830906,1485.95563,0.171350252,0.897591265,-7.359342696,0.819031307,0.000824221,1.3429541081307299e-10,0.936621760277292,0.0201956771428505,0.0372055938471208,0.0003011266526018,8.48261849969967e-06,0.0056262634886556,4.10958324835587e-05,6.20094834836551e-12,,168.3256168151792,0.9931601630088637,0.112195431601152,0.997683915058176,1.0000000000000004,1.342950195493131e-10
305.3937301,0.297956363,89.37943564,1485.939203,0.17134255,0.897584334,-7.359444093,0.81892991,0.000824685,1.34802842406688e-10,0.936459971689304,0.0201947303370377,0.0373447374478483,0.0003023306079004,8.51883130832412e-06,0.0056484561544518,4.12547911436573e-05,6.20243647629743e-12,,167.63568324280172,0.9931395240137074,0.11172185018763975,0.9976728858232905,0.9999999999999994,1.3480339067228897e-10
304.2735662,0.297950317,89.01224357,1485.923874,0.171335081,0.897577607,-7.359542419,0.818831584,0.000825135,1.35298574240776e-10,0.936301931308463,0.0201937865919538,0.0374806623528923,0.0003035067445909,8.55424567502534e-06,0.0056701483946758,4.14102202463265e-05,6.203868738636699e-12,,166.96653866645119,0.9931193716615251,0.11126287014216416,0.9976625937954364,0.9999999999999994,1.352991052527841e-10
303.1982089,0.297944474,88.65992637,1485.908694,0.171327908,0.89757116,-7.359636854,0.818737149,0.000825567,1.35777907577877e-10,0.936149149452052,0.020192857943744,0.0376120846887892,0.0003046439650335,8.58846693323713e-06,0.005691114838087,4.15605033777198e-05,6.20523492755133e-12,,166.32462220030087,0.9930998959430661,0.11082248327738838,0.9976524018075165,0.9999999999999998,1.3577816648790986e-10
302.1551122,0.29793877,88.31835328,1485.893864,0.171320949,0.897564912,-7.359728483,0.81864552,0.000825987,1.3624611056872998e-10,0.935999939677027,0.0201919352808918,0.0377404481960663,0.0003057547533195,8.6218911479324e-06,0.0057115927241281,4.17073349671986e-05,6.20655137375128e-12,,165.70221130728063,0.9930808835353836,0.11039552625628105,0.9976424448127302,1.0000000000000004,1.3624557038127705e-10
301.1434161,0.297933203,87.98722677,1485.879379,0.171314197,0.897558857,-7.359817379,0.818556624,0.000826395,1.3670330776399498e-10,0.935854260331467,0.0201910196207481,0.0378657875923708,0.0003068394073458,8.65452739859322e-06,0.0057315876264442,4.18507513140646e-05,6.2078198793808095e-12,,165.09877025262023,0.9930623277721351,0.10998162717447907,0.9976327194540333,0.9999999999999997,1.367036484012374e-10
300.1028143,0.297927441,87.64680809,1485.864376,0.171307251,0.897552633,-7.359908842,0.818465161,0.000826815,1.3717677327616498e-10,0.935703421134179,0.0201900562444216,0.037995579903295,0.0003079626317176,8.68832254458541e-06,0.0057522923121419,4.19993083147364e-05,6.2091159961735495e-12,,164.4783276863509,0.9930431220405316,0.10955611313430073,0.9976226463054981,1.0000000000000004,1.3717627034282032e-10
298.9135551,0.29792081,87.25796743,1485.847097,0.17129931,0.897545527,-7.360013404,0.818360599,0.000827295,1.3772190078060598e-10,0.935529781493102,0.0201889281485395,0.0381450081263694,0.0003092558299063,8.72722965886062e-06,0.0057761286316226,4.21703968687994e-05,6.210586374244789e-12,,163.76954777893667,0.9930210197832834,0.10907007294337406,0.997611045030184,0.9999999999999999,1.3772205598172604e-10
297.7718663,0.297914398,86.88489031,1485.830376,0.171291685,0.897538711,-7.360113817,0.818260185,0.000827757,1.38249306388955e-10,0.935361816940171,0.0201878177266433,0.038289569525947,0.0003105069546508,8.76486879216073e-06,0.0057991878684884,4.23359708458443e-05,6.21198691873847e-12,,163.08941745086,0.9929996474904959,0.10860373674634373,0.9975998184010659,0.9999999999999999,1.38249411918423e-10
296.6644281,0.297908135,86.52320188,1485.81403,0.171284286,0.897532106,-7.36021125,0.818162752,0.000828205,1.38764756061992e-10,0.935197688596473,0.0201867146032998,0.0384308451962518,0.0003117296851594,8.80165160291842e-06,0.0058217222864088,4.24978358258204e-05,6.21333496869536e-12,,162.42997011329743,0.992978771840195,0.10815163610035376,0.9975888435503059,0.9999999999999996,1.3876522153566384e-10
295.5903273,0.297902019,86.17258605,1485.798055,0.171277107,0.897525706,-7.360305781,0.818068222,0.00082864,1.39268366869668e-10,0.935037356969135,0.0201856199547595,0.0385688678673482,0.0003129243016851,8.83758665735128e-06,0.0058437371496103,4.26560253218825e-05,6.21463247426772e-12,,161.79063665713605,0.9929583861660388,0.10771337590154867,0.9975781177922675,1.0000000000000004,1.3926804154351657e-10
294.5486687,0.297896048,85.83273443,1485.782131,0.171270144,0.897519511,-7.360397485,0.817976518,0.000829063,1.39760263632289e-10,0.934880786395986,0.0201845349731064,0.0387036723099098,0.0003140911018646,8.87266435637627e-06,0.0058652318785749,4.28105302254695e-05,6.21588134241553e-12,,161.17103137685473,0.9929384838016854,0.1072885706708623,0.9975674262760859,0.9999999999999998,1.397605364772403e-10
293.5385755,0.29789022,85.50334344,1485.767206,0.17126339,0.897513496,-7.360486438,0.817887565,0.000829473,1.40240577391306e-10,0.934727914845405,0.0201834602874389,0.0388352950043982,0.0003152303990895,8.90695026016452e-06,0.0058862308431295,4.29615238211603e-05,6.2170832657688795e-12,,160.57009732144513,0.9929190580807922,0.10687684094159704,0.9975574054974491,1.0,1.402405969130882e-10
292.3264636,0.297883178,85.10828695,1485.748771,0.171255282,0.897506293,-7.360593217,0.817780785,0.000829966,1.4082132157817598e-10,0.9345431181095,0.0201821414316018,0.0389944292770106,0.0003166078776024,8.94837888724836e-06,0.005911610694244,4.31440841138847e-05,6.2185137322128595e-12,,159.84948289241015,0.9928955858902416,0.10638303113316183,0.9975450280733843,0.9999999999999996,1.4082179866647948e-10
291.1628363,0.297876366,84.72925022,1485.730925,0.171247496,0.897499385,-7.360695763,0.81767824,0.000830439,1.4138337030701098e-10,0.934364303296575,0.0201808448427966,0.0391484304386911,0.0003179409726227,8.98847001813094e-06,0.0059361710131152,4.33208185776755e-05,6.21987463611083e-12,,159.1580022300617,0.992872880329033,0.10590924558661581,0.9975330461091932,0.9999999999999998,1.413835715169398e-10
290.0341177,0.29786971,84.36178809,1485.713473,0.171239942,0.897492691,-7.360795268,0.817578735,0.000830899,1.4193285269966898e-10,0.934189517530349,0.0201795582687736,0.0392989786880596,0.0003192442240787,9.02766111145806e-06,0.005960179829666,4.34936498076433e-05,6.22118299823259e-12,,158.4875551912036,0.9928506947425086,0.10544992797352588,0.99752132868013,0.9999999999999999,1.4193290986952434e-10
288.9393771,0.297863208,84.00557905,1485.696412,0.171232612,0.897486205,-7.360891811,0.817482192,0.000831346,1.4246988190076298e-10,0.934018722527503,0.0201782829341214,0.0394461056742921,0.0003205179024222,9.06596044176141e-06,0.0059836422428126,4.36626097149389e-05,6.2224408084001095e-12,,157.8375626496633,0.9928290224643262,0.10500467641518471,0.9975098737719678,1.0000000000000002,1.424697027019306e-10
287.8777021,0.297856858,83.66030946,1485.679395,0.171225501,0.897479927,-7.360985485,0.817388517,0.00083178,1.4299457407770295e-10,0.933851883895324,0.0201770204786061,0.0395898453101955,0.0003217623037892,9.1033566651934e-06,0.0060065568210294,4.38276851725058e-05,6.22365049603434e-12,,157.20764010426805,0.9928078568281439,0.10457309887016981,0.9974984484057996,1.0000000000000002,1.4299439410336845e-10
286.8481991,0.297850659,83.32567056,1485.66345,0.171218605,0.897473834,-7.361076322,0.817297681,0.000832201,1.4350707351176598e-10,0.933688939135211,0.020175770456653,0.0397302335474374,0.0003229777192417,9.13991989660307e-06,0.00602895001459,4.39890572378908e-05,6.2248124615879795e-12,,156.5966883538307,0.9927871945007904,0.10415480939692522,0.9974877427900298,0.9999999999999996,1.435075391853502e-10
285.6127955,0.297843165,82.92432427,1485.643742,0.171210326,0.897466537,-7.361185384,0.817188618,0.000832707,1.44126927807129e-10,0.933491902410272,0.0201742383473352,0.0399000198723485,0.000324447707914,9.1841137311393e-06,0.0060560231680228,4.41842300233135e-05,6.22619409025084e-12,,155.86407672857575,0.9927622157169241,0.10365313751050441,0.9974745106623666,1.0,1.441268215884861e-10
284.426808,0.297835913,82.53925721,1485.624657,0.171202376,0.897459539,-7.361290127,0.817083876,0.000833194,1.4472703711674798e-10,0.933301178041001,0.0201727335945251,0.0400643861912548,0.0003258708243708,9.22689523070875e-06,0.0060822310613402,4.4373241322903e-05,6.22750662356421e-12,,155.16108996732845,0.9927380435604525,0.10317181421637676,0.9974616968224818,1.0000000000000002,1.4472700815559847e-10
283.28826,0.297828898,82.16980047,1485.606181,0.17119474,0.897452829,-7.361390718,0.816983285,0.000833661,1.4530785398401401e-10,0.933116618611183,0.0201712573550144,0.0402234574934691,0.000327248144912,9.26829700628626e-06,0.0061075937192154,4.45562276626905e-05,6.22875371091677e-12,,154.48651777324454,0.9927146613655203,0.10271000339533572,0.9974492918706498,0.9999999999999996,1.453083209312922e-10
282.1952539,0.297822113,81.81531326,1485.588298,0.171187408,0.897446395,-7.361487321,0.816886682,0.000834111,1.45869832988493e-10,0.932938076150326,0.0201698106316069,0.0403773593803735,0.0003285807520659,9.30835187349154e-06,0.0061321312546947,4.47333269599928e-05,6.2299388401252295e-12,,153.83920035945508,0.9926920457999301,0.10226690407740568,0.9974372850643274,1.0000000000000002,1.4586964969254268e-10
281.1350381,0.297815485,81.47163961,1485.570815,0.171180293,0.89744016,-7.361581061,0.816792942,0.000834548,1.4641911413276499e-10,0.932763597231005,0.0201683793370114,0.040527774143974,0.0003298832081399,9.3474977453656e-06,0.0061561119597828,4.49064696915521e-05,6.2310769575110096e-12,,153.21155678158874,0.9926699535421951,0.10183732141374478,0.9974255468215867,1.0000000000000002,1.4641876600052228e-10
280.106738,0.297809012,81.13847988,1485.553728,0.17117339,0.89743412,-7.361672012,0.816701991,0.000834972,1.4695581907007099e-10,0.932593140857158,0.0201669645464601,0.0406747358810127,0.0003311558056074,9.38574360569486e-06,0.0061795413218797,4.50756910878877e-05,6.2321699379098196e-12,,152.6030464678816,0.9926483779259733,0.10142088086254762,0.9974140744567916,0.9999999999999993,1.4695644701134825e-10
278.8677413,0.297801152,80.73727642,1485.532967,0.17116507,0.89742685,-7.361781642,0.816592361,0.000835483,1.47607734311948e-10,0.932386130751733,0.0201652246455949,0.040853232412785,0.0003327015288729,9.43219429374242e-06,0.0062079970188318,4.52812940470719e-05,6.233472406791059e-12,,151.87016634377048,0.992622179201502,0.10091938750972068,0.9974001353355001,0.9999999999999996,1.476081479268032e-10
277.6783044,0.297793545,80.35234725,1485.512857,0.171157079,0.897419879,-7.361886932,0.816487071,0.000835975,1.4823902817837698e-10,0.932185706952232,0.0201635176869735,0.0410260698798581,0.0003341983026335,9.47717028669464e-06,0.0062355494019294,4.5480451612913e-05,6.23470771889817e-12,,151.16692285275116,0.9925968237693067,0.10043823657432199,0.9973866333014373,0.9999999999999998,1.4823919869400015e-10
276.5364451,0.297786184,79.98302356,1485.493383,0.171149406,0.897413196,-7.361988052,0.816385951,0.000836448,1.4885016236640501e-10,0.931991718901495,0.0201618448075771,0.0411933759701294,0.0003356472270823,9.52070498085014e-06,0.0062622189301338,4.56733035156315e-05,6.23587956295801e-12,,150.49210523596724,0.9925722882971905,0.09997659206214228,0.9973735582834694,1.0000000000000002,1.4884993237984645e-10
275.3333152,0.297778366,79.59410321,1485.472684,0.171141317,0.897406163,-7.362094644,0.816279359,0.000836947,1.49499555022096e-10,0.931785624653598,0.020160045457445,0.0413711428894091,0.0003371868017521,9.5669595711786e-06,0.0062905547961733,4.58782863150264e-05,6.2370991830200695e-12,,149.78139163241204,0.9925462295659032,0.099490452260895,0.997359660789533,1.0000000000000004,1.4949907978234478e-10
274.274561,0.297771432,79.25204122,1485.453938,0.171134197,0.897399989,-7.362188476,0.816185527,0.000837387,1.5007572036466795e-10,0.931602811413314,0.0201584304672041,0.0415288524419445,0.0003385527115918,9.60796925544998e-06,0.0063156846953316,4.60601450449903e-05,6.23815928961244e-12,,149.15641623058124,0.9925231173578262,0.09906288412815815,0.9973470745572834,1.0000000000000002,1.5007550757673016e-10
273.2478902,0.29776466,78.92051078,1485.436359,0.171127289,0.897393994,-7.362279514,0.816094488,0.000837815,1.5063867071985398e-10,0.93142420335001,0.0201568358908048,0.0416829359118165,0.000339887265318,9.64808202662408e-06,0.0063402513493653,4.62379937805123e-05,6.239175791679499e-12,,148.55025011025296,0.9925005451234598,0.09864848014490292,0.9973352718592831,0.9999999999999996,1.5063916780633235e-10
272.0158852,0.29775647,78.52289247,1485.414629,0.171118997,0.897386818,-7.362388797,0.815985205,0.000838328,1.5131980504700398e-10,0.931208147954452,0.0201548848377899,0.0418693529076475,0.0003415019201764,9.69658067648254e-06,0.0063699624754077,4.64531662902097e-05,6.240379898482009e-12,,147.8233834957141,0.992473246452541,0.09815146813152875,0.9973206821427152,1.0000000000000004,1.5131951247582265e-10
270.8331604,0.297748542,78.14140194,1485.393576,0.171111033,0.897379939,-7.362493758,0.815880245,0.000838822,1.5197950428466498e-10,0.930998931590313,0.0201529728231626,0.0420498894661837,0.0003430657002623,9.74354699192551e-06,0.0063987350870849,4.66616277801622e-05,6.2415197248871295e-12,,147.12590860764007,0.992446821072438,0.09767461540208962,0.997306546970009,0.9999999999999997,1.519798731308697e-10
269.6977446,0.297740868,77.77537652,1485.373185,0.171103385,0.897373343,-7.362594565,0.815779438,0.000839297,1.52618240579211e-10,0.930796400464681,0.0201511008756183,0.0422246761275078,0.0003445797302705,9.78901512252192e-06,0.0064265901067582,4.68635211812239e-05,6.2425988962128895e-12,,146.4566247952715,0.9924212423177823,0.0972170936372083,0.9972928562700303,1.0000000000000004,1.5261791830312177e-10
268.6077455,0.297733444,77.4241814,1485.353443,0.171096039,0.89736702,-7.362691381,0.815682622,0.000839753,1.53236490830026e-10,0.930600399735091,0.0201492697965284,0.0423938445259972,0.0003460451442798,9.83301944868446e-06,0.0064535486281242,4.70589910506069e-05,6.24362079416603e-12,,145.81438132751128,0.9923964968558897,0.09677810934174572,0.9972796013144627,1.0,1.5323642355014044e-10
267.5613463,0.297726262,77.08720848,1485.334334,0.171088985,0.897360957,-7.362784364,0.815589638,0.000840192,1.5383473382826095e-10,0.930410773831774,0.0201474802753748,0.0425575270241674,0.0003474630843008,9.87559464493806e-06,0.0064796318459251,4.72481837332833e-05,6.2445886909048295e-12,,145.19807551739623,0.9923725580213918,0.09635690240733223,0.9972667713607628,0.9999999999999996,1.538351668273208e-10
266.5463391,0.297719245,76.76050791,1485.31565,0.17108214,0.897355084,-7.362874595,0.815499408,0.000840618,1.5441950238540698e-10,0.930225449363354,0.0201457144065658,0.0427175118558758,0.0003488490365532,9.91720594416931e-06,0.0065051248105689,4.74331604734951e-05,6.24551507283035e-12,,144.60049071999865,0.9923491691601175,0.09594853562948896,0.9972542267558685,1.0000000000000002,1.5441914413827362e-10
265.3207964,0.297710705,76.36625626,1485.292894,0.171073872,0.897348002,-7.36298359,0.815390413,0.000841134,1.55131507339597e-10,0.929999841432366,0.0201435423798481,0.0429122922849045,0.0003505364827378,9.96786459219322e-06,0.0065361609487969,4.7658445375792e-05,6.24661704030011e-12,,143.87925749364354,0.9923207038793305,0.09545573184904288,0.9972389481737138,0.9999999999999993,1.551321293646879e-10
264.1442753,0.297702435,75.98799489,1485.270843,0.17106593,0.897341213,-7.363088277,0.815285726,0.00084163,1.5582122675734698e-10,0.929781336817298,0.0201414156601617,0.0431009608572646,0.0003521710409465,1.00169306472734e-05,0.0065662217903881,4.78767412249002e-05,6.2476576329265595e-12,,143.1871865414166,0.9922931385547274,0.09498291548129219,0.9972241429348718,1.0,1.5582124479607273e-10
263.0148152,0.29769443,75.62506683,1485.249481,0.171058303,0.897334706,-7.363188824,0.815185179,0.000842107,1.56489142896613e-10,0.92956977853131,0.0201393351811502,0.0432836509183187,0.0003537538601197,1.00644390176242e-05,0.0065953287132008,4.80881941446629e-05,6.24864042743582e-12,,142.52308670292248,0.9922664565204535,0.0945292653317038,0.997209800296799,0.9999999999999994,1.5648971007919954e-10
261.9305334,0.297686683,75.27684278,1485.228795,0.171050978,0.897328468,-7.363285395,0.815088608,0.000842566,1.57135742817256e-10,0.929365008223672,0.0201373016977111,0.0434604971397157,0.0003552861015541,1.01104249880626e-05,0.0066235032964613,4.829295251286e-05,6.24956882083298e-12,,141.88581647177384,0.992240634444311,0.09409399479248794,0.9971959115311788,1.0000000000000004,1.5713530476801907e-10
260.7360459,0.297678077,74.89343731,1485.205801,0.171042905,0.897321605,-7.363391832,0.814982171,0.000843072,1.57854266686517e-10,0.929137501989731,0.0201350199193623,0.0436569992368489,0.0003569887072388,1.01615189558987e-05,0.006654807915264,4.85205484945179e-05,6.2505742203514595e-12,,141.18407559932606,0.9922119491742344,0.09361474844041887,0.9971804731536932,1.0000000000000002,1.5785417417646386e-10
259.7326765,0.29767079,74.57154829,1485.186316,0.171036121,0.897315849,-7.363481281,0.814892721,0.000843499,1.5846291662659698e-10,0.928944819202575,0.0201330690726643,0.0438234401838221,0.0003584308953089,1.02047938081366e-05,0.0066813222957575,4.87133913491475e-05,6.25140448406915e-12,,140.59485702896046,0.9921876603567761,0.0932123959684886,0.9971673907502268,0.9999999999999993,1.584635755946806e-10
258.5237187,0.297661938,74.18391286,1485.162631,0.171027943,0.897308925,-7.36358911,0.814784893,0.000844013,1.5920253192432995e-10,0.928710717920315,0.0201306765432495,0.0440256790334403,0.0003601833276905,1.02573727884285e-05,0.006713537847055,4.89477900060926e-05,6.252387319082349e-12,,139.88520432617264,0.9921581551266208,0.09272786228210114,0.9971514884291539,0.9999999999999998,1.5920276208447603e-10
257.3631192,0.297653366,73.81199665,1485.139677,0.171020088,0.897302287,-7.363692681,0.814681322,0.000844508,1.5991907684118298e-10,0.928483961993821,0.0201283360478637,0.044221593203508,0.0003618810190095,1.03083039309178e-05,0.0067447443247633,4.91749409308662e-05,6.25331258865428e-12,,139.20424158731848,0.9921295831843598,0.09226297719082205,0.9971360769080264,0.9999999999999997,1.5991941104687157e-10
256.2489436,0.297645066,73.45515405,1485.117439,0.171012544,0.897295926,-7.363792158,0.814581845,0.000844983,1.6061304556653698e-10,0.92826439095465,0.0201260483428471,0.0444113191585623,0.0003635251445353,1.0357622917974e-05,0.0067749636159548,4.93949936649419e-05,6.25418372809811e-12,,138.55079716164948,0.9921019178646255,0.09181693369980759,0.99712114611571,0.9999999999999998,1.606133004372623e-10
255.1793351,0.297637033,73.1127666,1485.095901,0.171005298,0.897289828,-7.363887704,0.814486299,0.000845441,1.61284936678877e-10,0.92805184271908,0.020123814069237,0.0445949948560512,0.0003651168945555,1.04053659611064e-05,0.0068042178269322,4.96081006425406e-05,6.255004073906409e-12,,137.923748375082,0.992075142501562,0.09138895875097149,0.9971066853096612,0.9999999999999997,1.612853184340679e-10
254.052333,0.297628499,72.75219939,1485.073004,0.17099766,0.897283413,-7.363988427,0.814385576,0.000845924,1.6199898023820598e-10,0.927826000122494,0.0201214190079823,0.0447901781856858,0.0003668084288986,1.04560966684736e-05,0.0068353033543638,4.98346356523408e-05,6.2558512722626895e-12,,137.2633262094942,0.9920466972198013,0.09093825959931823,0.9970913120588442,1.0,1.619988587719945e-10
252.820144,0.297619085,72.3582049,1485.047728,0.170989305,0.897276412,-7.364098611,0.814275392,0.000846454,1.62786927547665e-10,0.927576830647543,0.020118751726239,0.0450055443134379,0.0003686749439821,1.05120688607818e-05,0.0068696014448476,5.00846860456566e-05,6.2567570824701195e-12,,136.54158518407272,0.9920153187475146,0.09044577726183929,0.9970743415261257,0.9999999999999998,1.6278711711947835e-10
251.6372426,0.297609964,71.98019186,1485.023222,0.170981279,0.897269702,-7.364204449,0.814169554,0.000846963,1.6355059084328498e-10,0.927335387795814,0.0201161426688081,0.0452142544144155,0.0003704838422976,1.05663069119304e-05,0.0069028377031496,5.03270987945286e-05,6.2576063036220194e-12,,135.84902879662312,0.9919849168943461,0.08997327129979724,0.9970578879783017,0.9999999999999997,1.6355095056042046e-10
250.5016572,0.297601129,71.61750357,1484.999471,0.170973571,0.897263273,-7.364306108,0.814067895,0.000847453,1.64290469097429e-10,0.927101509293972,0.0201135926473578,0.045416446438076,0.0003722363118741,1.06188469571919e-05,0.0069350342664052,5.0562024808444e-05,6.2584024728735794e-12,,135.1844647608389,0.9919554683280987,0.08951992085615158,0.9970419413442381,0.9999999999999996,1.6429091420633313e-10
249.4114952,0.297592576,71.26951096,1484.976459,0.170966167,0.897257111,-7.364403754,0.813970249,0.000847924,1.6500706835212698e-10,0.926875030675628,0.0201111022990463,0.0456122603690106,0.0003739335597241,1.06697257284265e-05,0.0069662135813048,5.07896182919125e-05,6.25914896608403e-12,,134.54675055343884,0.9919269597160879,0.08908493961060628,0.9970264908813912,1.0000000000000004,1.6500678601261143e-10
248.3649397,0.297584296,70.93561139,1484.95417,0.170959056,0.897251205,-7.364497542,0.813876461,0.000848378,1.6570090110097598e-10,0.926655785826745,0.0201086720434188,0.0458018377923795,0.0003755768069152,1.07189803348537e-05,0.0069963983424402,5.10100358057095e-05,6.259848934661599e-12,,133.93479112203482,0.9918993610597746,0.08866757427964235,0.9970115258472181,1.0,1.6570089744760708e-10
247.2622276,0.297575499,70.58397891,1484.930474,0.17095156,0.897244993,-7.364596416,0.813777587,0.000848856,1.66438295726838e-10,0.926422816997347,0.0201060689676666,0.0460033011070553,0.0003773231397653,1.07713190088245e-05,0.0070284739457922,5.12443506655154e-05,6.2605685719863094e-12,,133.29025573135104,0.991870039154027,0.08822804329614073,0.9969956161406468,0.9999999999999997,1.664386406474705e-10
246.0565957,0.297565794,70.19974297,1484.904315,0.17094336,0.897238214,-7.364704582,0.813669421,0.000849381,1.67252050036663e-10,0.926165772371223,0.0201031724624536,0.0462256067637455,0.0003792502096079,1.08290674945169e-05,0.0070638659529962,5.15029989657576e-05,6.261334069159799e-12,,132.5858699023368,0.991837690728964,0.08774775887928349,0.9969780527538221,1.0,1.6725210105761334e-10
244.899189,0.297556391,69.83108824,1484.87895,0.170935483,0.897231718,-7.364808482,0.813565521,0.000849886,1.6804076525525301e-10,0.925916685770576,0.0201003414924912,0.0464410521039595,0.0003811178799248,1.0885028882097e-05,0.0070981637928152,5.1753757048602e-05,6.26204766309434e-12,,131.90996025302616,0.9918063489215587,0.08728695054880894,0.9969610224657068,1.0000000000000002,1.6804047042739967e-10
243.7880787,0.297547282,69.47737482,1484.854365,0.170927917,0.897225494,-7.364908286,0.813465717,0.000850371,1.6880495178449501e-10,0.925675390939056,0.0200975767653533,0.0466497785721955,0.0003829273706067,1.09392403865502e-05,0.0071313901567612,5.19967805732734e-05,6.262712849924599e-12,,131.26136413154848,0.9917759870664431,0.08684481844721718,0.9969445158765755,1.0000000000000004,1.688045259129467e-10
242.7214127,0.297538461,69.13798968,1484.830544,0.17092065,0.897219531,-7.365004151,0.813369852,0.000850839,1.6954512953476495e-10,0.925441719379483,0.0200948786975144,0.0468519297797784,0.0003846799194419,1.09917396422882e-05,0.0071635680804617,5.22322278701422e-05,6.26333282137168e-12,,130.63896709667384,0.9917465851645901,0.08642059630377348,0.9969285222438851,1.0000000000000002,1.6954493364806922e-10
241.6974134,0.297529923,68.81234556,1484.807471,0.170913669,0.897213816,-7.365096233,0.81327777,0.000851288,1.7026182425264002e-10,0.925215500774462,0.0200922475494591,0.0470476510392589,0.0003863767803209,1.10425647923986e-05,0.0071947208550115,5.24602601695249e-05,6.263910622068799e-12,,130.04170111541126,0.9917181265501452,0.08601355005953824,0.9969130308250921,1.0000000000000002,1.7026169363276722e-10
240.6184678,0.29752085,68.46940331,1484.782939,0.170906311,0.897207805,-7.36519331,0.813180692,0.000851763,1.7102355185492498e-10,0.924975110308643,0.0200894311788694,0.0472556524434512,0.0003881801674999,1.10965742253763e-05,0.0072278264710128,5.27026790106888e-05,6.2645007401107495e-12,,129.41263584557083,0.9916878846891873,0.08558488162587492,0.9968965598206353,1.0000000000000004,1.7102308458305515e-10
239.4388205,0.29751084,68.09465909,1484.755855,0.170898261,0.897201247,-7.365299514,0.813074489,0.000852283,1.7186420093447298e-10,0.924709863490699,0.0200862995702378,0.0474851834093171,0.0003901702896093,1.11561684678752e-05,0.0072643566095466,5.29702839924012e-05,6.26512372307505e-12,,128.72515029680682,0.9916545196469534,0.08511646159943666,0.9968783753805284,0.9999999999999993,1.7186485568032595e-10
238.3063592,0.297501139,67.73510699,1484.729592,0.170890528,0.897194964,-7.365401535,0.812972468,0.000852784,1.7267902517559001e-10,0.924452815047036,0.0200832410193029,0.0477076419187387,0.0003920991622099,1.12139208314465e-05,0.0072997590161617,5.32297367745747e-05,6.26569961935546e-12,,128.06545148436288,0.9916221845545747,0.08466703130752204,0.9968607421671724,1.0,1.7267898222428357e-10
237.2191963,0.297491742,67.39012341,1484.704135,0.1708831,0.897188945,-7.365499534,0.812874468,0.000853266,1.7346854914290699e-10,0.924203794743515,0.0200802559874393,0.0479231730163773,0.0003939680352284,1.12698693851201e-05,0.0073340569713916,5.34811969284481e-05,6.2662317087827095e-12,,127.43240524282317,0.9915908627461957,0.0842358112671853,0.9968436501094333,1.0,1.7346857283939698e-10
236.17552,0.297482641,67.05911092,1484.679467,0.170875965,0.897183178,-7.365593672,0.812780331,0.00085373,1.7423330486359698e-10,0.923962629836395,0.0200773447927988,0.0481319240304527,0.0003957781804079,1.13240529137351e-05,0.0073672740986581,5.37248278739631e-05,6.266723151629459e-12,,126.82492473534347,0.9915605275564483,0.08382205470726506,0.9968270877933589,1.0000000000000002,1.7423307241415387e-10
235.1735907,0.297473831,66.74149719,1484.655573,0.170869112,0.897177653,-7.365684096,0.812689907,0.000854176,1.74973833135923e-10,0.923729145744231,0.0200745074548071,0.0483340441159914,0.0003975308838528,1.13765104753491e-05,0.0073994343143156,5.39607950860176e-05,6.267176785210239e-12,,126.24196802275348,0.9915311623194772,0.08342504623091353,0.9968110451478148,1.0000000000000002,1.7497359117157885e-10
234.02406,0.297463632,66.37728442,1484.627896,0.170861245,0.897171327,-7.365787907,0.812586096,0.000854689,1.7583123543727595e-10,0.923458861432672,0.0200712000862035,0.0485680423007765,0.0003995600918434,1.14372356526643e-05,0.0074366646000835,5.42340706697556e-05,6.267675086934779e-12,,125.5734028278953,0.9914971673079142,0.08296979022895958,0.9967924625621981,1.0000000000000002,1.7583101641349685e-10
232.9730606,0.297454221,66.04446835,1484.602343,0.170854047,0.897165556,-7.365882881,0.812491122,0.000855159,1.7662252278017098e-10,0.923209465813721,0.0200681268716948,0.0487839761478807,0.0004014327143506,1.14932672267554e-05,0.0074710186656817,5.44863365533398e-05,6.26810964824652e-12,,124.96239654068559,0.9914657988351407,0.08255377924336395,0.9967753060491995,0.9999999999999993,1.766231605415669e-10
231.8740155,0.297444291,65.69662013,1484.575365,0.170846516,0.897159534,-7.36598226,0.812391743,0.000855652,1.7745762740511598e-10,0.922946308602501,0.0200648620334257,0.0490118457630484,0.0004034089146804,1.15523899278996e-05,0.0075072694767378,5.47526359522741e-05,6.268542246731099e-12,,124.32371719040324,0.9914327004465909,0.08211897848136981,0.9967571927784415,0.9999999999999997,1.7745793723378256e-10
230.8189323,0.297434672,65.3628611,1484.549215,0.170839282,0.897153765,-7.366077727,0.812296276,0.000856127,1.7826678151099001e-10,0.92269137608031,0.0200616779549781,0.0492326134700622,0.0004053235906493,1.1609664065443e-05,0.0075423883325717,5.50107228276847e-05,6.26893627019987e-12,,123.71083376633072,0.9914006386742384,0.08170178882156238,0.9967396354342974,1.0000000000000002,1.7826651266261706e-10
229.8060523,0.297425356,65.04261393,1484.523876,0.170832333,0.897148239,-7.366169433,0.81220457,0.000856583,1.7905053322008498e-10,0.92244449092019,0.0200585746811553,0.0494464307421843,0.0004071780490788,1.16651294296953e-05,0.0075763995272627,5.52607653790088e-05,6.26929463943715e-12,,123.12269483112493,0.9913695868527146,0.08130148861723055,0.996722622602815,0.9999999999999997,1.7905088522951473e-10
228.6424027,0.297414553,64.67489239,1484.494477,0.170824344,0.897141906,-7.366274861,0.812099142,0.00085711,1.7995948724466396e-10,0.92215822047859,0.0200549523955827,0.0496943804841409,0.0004093286179747,1.17294419694163e-05,0.0076158375732895,5.55508222234515e-05,6.269681945622499e-12,,122.44728695220705,0.9913335786058363,0.08084184674873499,0.9967028838509797,0.9999999999999998,1.7995971379747289e-10
227.5329504,0.297404153,64.32449194,1484.466156,0.170816722,0.897135882,-7.366375451,0.811998552,0.000857613,1.80834731217195e-10,0.921882621297253,0.0200514411733918,0.0499331099549259,0.000411399292491,1.17913558457644e-05,0.0076538065462933,5.5830192693943e-05,6.27002654804816e-12,,121.80361212874126,0.9912989136268918,0.08040385576903963,0.9966838688779968,0.9999999999999993,1.8083534669699475e-10
226.4311496,0.297393725,63.97669572,1484.437745,0.170809148,0.897129914,-7.366475417,0.811898585,0.000858113,1.8171239516300398e-10,0.921606313468103,0.0200478976502326,0.0501724751687403,0.0004134755561988,1.18534274950006e-05,0.007691874136806,5.61104044416936e-05,6.27034456866148e-12,,121.16464269032404,0.991264155319158,0.07996912000562341,0.9966647934782079,1.0000000000000002,1.8171231186414616e-10
225.3734207,0.297383621,63.64298726,1484.410198,0.170801871,0.897124198,-7.366571454,0.811802549,0.000858596,1.8256299467581199e-10,0.921338576630102,0.020044442148764,0.0504044359801847,0.0004154876654302,1.19135722608911e-05,0.0077287617737696,5.63820406553432e-05,6.27062686541379e-12,,120.55148158882517,0.991230476958845,0.07955199355693297,0.9966462981757552,1.0000000000000004,1.825625206564041e-10
224.3580011,0.297373833,63.32278921,1484.383499,0.170794882,0.897118724,-7.36666371,0.811710292,0.00085906,1.8338708695918598e-10,0.921079230648311,0.0200410746352923,0.050629146318209,0.0004174369475709,1.19718305681196e-05,0.0077644941583747,5.66452720155461e-05,6.270876318379019e-12,,119.9630767845382,0.9911978518805846,0.07915175475125781,0.9966283722280954,0.9999999999999994,1.8338763840830552e-10
223.196036,0.297362525,62.95657545,1484.352343,0.170786878,0.897112483,-7.366769346,0.811604657,0.000859592,1.8433928179951201e-10,0.920779637136749,0.0200371597815436,0.0508887590489866,0.0004196890701489,1.20391056320535e-05,0.007805766230697,5.69494356318662e-05,6.271135208931109e-12,,119.29014648113237,0.9911601603823248,0.07869399756652724,0.9966074538107282,0.9999999999999994,1.8433987669652652e-10
222.0880361,0.297351633,62.60756226,1484.322895,0.170779239,0.897106534,-7.366870178,0.811503825,0.000860102,1.8525648777679395e-10,0.920491091934239,0.0200333652475519,0.051138807823445,0.0004218583194541,1.21039413625115e-05,0.007845529930299,5.72426121208853e-05,6.27135614326759e-12,,118.64851516532778,0.9911238554832227,0.0782577406238929,0.9965876821598542,1.0000000000000002,1.8525625478105212e-10
220.9021767,0.297339857,62.23423364,1484.290719,0.170771058,0.897100192,-7.366978166,0.811395837,0.000860649,1.8624830573730199e-10,0.920179148262749,0.0200292361352622,0.0514091658991921,0.000424203840668,1.21740080719486e-05,0.0078885120082802,5.75596532563748e-05,6.27156315493532e-12,,117.96221810466817,0.9910846040609101,0.0777910900587406,0.996566078905354,0.9999999999999998,1.8624857212046209e-10
219.849996,0.297329304,61.90317046,1484.261868,0.170763794,0.897094581,-7.367074056,0.811299947,0.000861136,1.8713724247909994e-10,0.919899618505816,0.0200255128919304,0.0516514532256937,0.0004263059087699,1.22367917810523e-05,0.0079270286056566,5.78438769431363e-05,6.27172119240382e-12,,117.35354217931048,0.9910494291067948,0.07737727013770666,0.9965467080856255,0.9999999999999999,1.8713730565167452e-10
218.8399025,0.297319078,61.58550998,1484.233899,0.170756816,0.897089207,-7.367166178,0.811207825,0.000861604,1.87998631643327e-10,0.919628801132978,0.0200218851322392,0.0518862085170558,0.0004283427000166,1.22976164360241e-05,0.0079643453520962,5.81193549076997e-05,6.2718499347612496e-12,,116.76944042819873,0.9910153440996136,0.07698020322513363,0.9965279294485943,1.0,1.8799850565187626e-10
217.6794541,0.297307215,61.22075859,1484.201432,0.170748793,0.897083051,-7.367272095,0.811101908,0.000862144,1.8899806986258695e-10,0.919314643288746,0.020017651750456,0.0521585569369862,0.0004307057432219,1.23681722398288e-05,0.0080076348562162,5.84390568639087e-05,6.27196957193204e-12,,116.09866813620988,0.9909758026914196,0.07652427396290998,0.9965061308140885,1.0,1.8899792841864382e-10
216.573054,0.297295788,60.87318837,1484.17014,0.170741137,0.897077199,-7.367373162,0.811000841,0.000862661,1.89960893163578e-10,0.91901205684346,0.0200135492483747,0.0524208978533866,0.0004329820424064,1.24361261300671e-05,0.0080493305681436,5.87471218658927e-05,6.27205507966778e-12,,115.45941051692459,0.9909377145458045,0.07608982069331306,0.9964851210851035,1.0000000000000002,1.899606028032963e-10
215.4830744,0.297284417,60.53096054,1484.138986,0.170733589,0.897071451,-7.36747281,0.810901193,0.000863172,1.9091905676616795e-10,0.918710994982882,0.0200094433752208,0.0526819399677015,0.0004352471555363,1.25037344199466e-05,0.0080908168187048,5.90537683432061e-05,6.2721116110642295e-12,,114.82990106357218,0.9908998130577683,0.07566204526511165,0.996464204010554,0.9999999999999999,1.9091916936275766e-10
214.436694,0.297273393,60.2025942,1484.108395,0.170726339,0.897065957,-7.367568534,0.810805469,0.000863663,1.9184802751266301e-10,0.918419174723706,0.0200054407419842,0.0529349994078237,0.0004374430734082,1.25692348500886e-05,0.0081310215573744,5.93510627330923e-05,6.272139296927869e-12,,114.22595687761788,0.9908630681800872,0.0752515963203241,0.9964436649392457,0.9999999999999998,1.9184809296746153e-10
213.4321688,0.297262709,59.88752004,1484.07912,0.170719369,0.897060685,-7.36766055,0.810713453,0.000864137,1.9274835299006296e-10,0.918136388260368,0.020001542171384,0.0531802352787703,0.0004395712010302,1.26327363017624e-05,0.008169990808996,5.96393441289043e-05,6.27214259811698e-12,,113.64624981012294,0.9908274565805639,0.07485776223702002,0.9964240094421208,0.9999999999999997,1.92748594862735e-10
212.2811774,0.297250344,59.52669606,1484.045537,0.170711382,0.897054663,-7.367766011,0.810607992,0.000864681,1.9379041130721002e-10,0.917809150504011,0.0199970040433337,0.0534640378643256,0.000442034065492,1.27062376671226e-05,0.0082150939572595,5.99731278487541e-05,6.2721145636825995e-12,,112.98216539474525,0.9907862419205017,0.07440674212988894,0.9964014615152225,1.0000000000000004,1.9379009508213585e-10
211.1836915,0.297238429,59.18283553,1484.012826,0.170703758,0.897048943,-7.367866676,0.810507327,0.000865202,1.94794555753595e-10,0.917493890354079,0.0199926072467704,0.053737484435766,0.0004444071600904,1.27770194929301e-05,0.0082585387983927,6.02947843421016e-05,6.272058080117579e-12,,112.34934666347705,0.9907465271874131,0.07397692587133886,0.9963794990569319,1.0000000000000002,1.947942918079093e-10
210.1372722,0.297226954,58.85514723,1483.981305,0.170696482,0.897043507,-7.36796274,0.810411263,0.0008657,1.9576170495655296e-10,0.917190305739695,0.0199883501885048,0.0540008263309093,0.0004466926455313,1.28451759191837e-05,0.0083003750570598,6.06046603467068e-05,6.27197618674588e-12,,111.74621729442305,0.9907082790495872,0.07356732445800819,0.9963583355752965,0.9999999999999998,1.957619621961726e-10
208.9331734,0.297213608,58.47828921,1483.944627,0.170688103,0.897037272,-7.368073379,0.810300624,0.000866275,1.9688652742416002e-10,0.916837302413419,0.0199833720846207,0.0543070632333784,0.0004493505097851,1.29244219613016e-05,0.008349021993364,6.0965140312609e-05,6.27184752280145e-12,,111.05249995281736,0.9906637945487228,0.07309626223937847,0.996333709637686,0.9999999999999994,1.9688706220932772e-10
207.7521383,0.297200368,58.10886636,1483.907873,0.170679875,0.897031185,-7.368182026,0.810191977,0.000866842,1.9800240975098495e-10,0.916487189553533,0.0199784059444904,0.0546108290218207,0.0004519870459226,1.30029865104836e-05,0.0083972624630215,6.13227804274246e-05,6.27168558498766e-12,,110.37250606563954,0.9906196633639897,0.07263449377991059,0.9963090326729949,1.0000000000000004,1.9800205919295877e-10
206.6259539,0.297187603,57.75679878,1483.8731,0.170672025,0.89702539,-7.368285686,0.810088316,0.000867384,1.9907831838560296e-10,0.916149680150276,0.0199735902827097,0.054903670602894,0.0004545288453864,1.3078770215185e-05,0.0084437833261252,6.16678170430275e-05,6.27149570731844e-12,,109.72412181056625,0.9905771154355065,0.07219441893330816,0.9962856857694414,0.9999999999999993,1.9907897552684517e-10
205.5521218,0.297175302,57.42127934,1483.839238,0.170664532,0.897019889,-7.36838464,0.809989363,0.000867903,2.0011513717575598e-10,0.9158245070741,0.0199689262992773,0.0551858404075182,0.0004569781202944,1.31517527065138e-05,0.0084885958076497,6.2000332067261e-05,6.2712837218908196e-12,,109.10625891618044,0.9905361140983915,0.07177502880914469,0.9962629505194449,0.9999999999999999,2.001152576980303e-10
204.5282558,0.297163453,57.10153653,1483.806606,0.170657381,0.897014662,-7.368479075,0.809894927,0.000868399,2.0111380884278198e-10,0.91551136064345,0.019964412100077,0.0554575962393802,0.0004593370868832,1.32220308690756e-05,0.008531751009568,6.23206823878191e-05,6.271052445851759e-12,,108.5173787135576,0.9904966193545923,0.07137535904101953,0.9962410411024618,1.0000000000000002,2.0111357024177323e-10
203.3501087,0.297149671,56.73381221,1483.768631,0.170649145,0.897008669,-7.368587845,0.809786158,0.000868972,2.0227535723168998e-10,0.915147219270306,0.0199591351595966,0.0557736337050865,0.0004620805441349,1.33037471671057e-05,0.008581934001477,6.26933636859374e-05,6.27075049999176e-12,,107.84004465200249,0.9904506815911489,0.07091571369760002,0.9962155443474379,1.0,2.02275307614741e-10
202.1945281,0.297135997,56.37333871,1483.730584,0.170641057,0.89700282,-7.368694663,0.809679339,0.000869537,2.0342774140091495e-10,0.914786038678398,0.019953872823828,0.0560871380742583,0.0004648021352169,1.33847641007974e-05,0.0086317001878888,6.3063126611123e-05,6.2704171707069195e-12,,107.17610405958848,0.9904051038101791,0.07046513168088396,0.9961899992509694,1.0000000000000002,2.0342749706969698e-10
201.0926161,0.297122812,56.0297962,1483.694568,0.17063334,0.896997253,-7.368796582,0.809577421,0.000870078,2.0453890940178896e-10,0.914437840172183,0.0199487717421456,0.0563893841370369,0.0004674260724028,1.34629169966536e-05,0.0086796948728792,6.3419875546416e-05,6.270062435063619e-12,,106.54302031324004,0.990361155949854,0.07003571293863661,0.9961658177860863,0.9999999999999996,2.0453938542885908e-10
200.0419281,0.297110104,55.70239767,1483.659501,0.170625973,0.896991971,-7.36889388,0.809480122,0.000870595,2.0560976584310398e-10,0.914102350452536,0.0199438329292252,0.0566806306699787,0.000469954625529,1.35381840528963e-05,0.0087259292334963,6.3763693302031e-05,6.26969201982504e-12,,105.93973281436391,0.9903187980121206,0.06962647372988127,0.9961422734883005,0.9999999999999997,2.0561008451380758e-10
199.0401292,0.297097862,55.39039075,1483.625706,0.170618942,0.896986952,-7.36898674,0.809387263,0.000871091,2.0664127843041094e-10,0.913779252012283,0.0199390541770515,0.0569611421221832,0.0004723900676196,1.36106649711972e-05,0.0087704557958167,6.40949471641634e-05,6.26930850650953e-12,,105.36473952523986,0.9902779933320979,0.06923647361269383,0.9961195832227039,1.0,2.0664125965907942e-10
197.8873744,0.297083623,55.03155939,1483.586374,0.170610844,0.896981201,-7.369093702,0.809280301,0.000871663,2.0784109236971798e-10,0.913403517101953,0.0199334697376628,0.0572873790345901,0.0004752226139259,1.36949460580346e-05,0.0088222360208193,6.44803308806264e-05,6.26882994228495e-12,,104.70337253309839,0.9902305323094837,0.06878794422606828,0.9960931753657296,0.9999999999999997,2.0784141074869922e-10
196.7566998,0.297069493,54.6797996,1483.546974,0.170602892,0.89697559,-7.369198736,0.809175267,0.000872226,2.0903152038634398e-10,0.91303081541248,0.0199279021926153,0.0576110193321126,0.0004780327338736,1.37785085807275e-05,0.0088735888926281,6.48627124102272e-05,6.268321424075199e-12,,104.05507700509717,0.990183434602514,0.06834825410854836,0.9960667218529466,1.0000000000000004,2.0903101471958507e-10
195.678537,0.297055867,54.34455781,1483.509656,0.170595303,0.89697025,-7.369298987,0.809075015,0.000872766,2.1017942555154102e-10,0.912671488422827,0.019922507673783,0.0579230544087478,0.0004807421885468,1.38591225605344e-05,0.0089231163071752,6.52316599125684e-05,6.2677990474481695e-12,,103.43690631286995,0.9901380168137546,0.06792921103929167,0.9960416662136055,1.0000000000000002,2.1017931839395487e-10
194.6504942,0.297042733,54.02506667,1483.473328,0.170588058,0.896965186,-7.369394685,0.808979318,0.000873282,2.11285757459837e-10,0.91232525736129,0.019917285896016,0.0582237496712461,0.0004833532808751,1.39367621313595e-05,0.008970829563419,6.55872474697077e-05,6.267267041564279e-12,,102.84782468279127,0.9900942389451531,0.06752985585178382,0.9960172752691288,1.0000000000000004,2.1128532257108645e-10
193.5091569,0.297027987,53.67055594,1483.432522,0.170580006,0.896959587,-7.369501047,0.808872956,0.000873858,2.1252772067660201e-10,0.911936665375975,0.0199113975598621,0.0585612623011567,0.0004862841937266,1.40238915722409e-05,0.0090243799462291,6.59865126834104e-05,6.26663668799016e-12,,102.19409188980774,0.9900450880048153,0.06708672713449702,0.9959898777553565,0.9999999999999994,2.1252832826945678e-10
192.3258184,0.297012512,53.30320988,1483.38968,0.170571648,0.896953811,-7.369611453,0.80876255,0.000874458,2.1383088406408095e-10,0.911529021641892,0.0199051895626826,0.0589153534380822,0.0004893592027846,1.4115281987164e-05,0.0090805551064029,6.64055460717736e-05,6.2659381971232694e-12,,101.51659940786782,0.9899935071827802,0.06662755460573277,0.9959611132529542,1.0,2.13830841921947e-10
191.2343627,0.296998068,52.9645773,1483.349672,0.17056393,0.896948509,-7.369713408,0.808660595,0.000875014,2.1504709563205494e-10,0.911148666504172,0.0198993690215186,0.0592457691891881,0.0004922287291131,1.42005443437905e-05,0.0091329690856479,6.67967047042073e-05,6.26525263575514e-12,,100.89198079487306,0.9899453628601002,0.06620427314170793,0.9959342515235272,1.0,2.1504709124542387e-10
190.1936931,0.29698414,52.6418714,1483.311077,0.170556563,0.896943476,-7.36981073,0.808563273,0.000875547,2.1621965725722296e-10,0.91078204305155,0.0198937333941622,0.0595642816263965,0.0004949949900194,1.42827191547368e-05,0.0091834900949149,6.71739013175338e-05,6.26456146855442e-12,,100.29666612052276,0.9898989384536832,0.06580089959211782,0.995908338494952,0.9999999999999994,2.1622026391554527e-10
189.0438358,0.296968571,52.28550036,1483.267629,0.170548413,0.896937947,-7.36991841,0.808455593,0.000876137,2.17530180019969e-10,0.910372382213114,0.0198874078765112,0.0599202201338267,0.0004980864315576,1.43745048228022e-05,0.0092399331082779,6.75955080957682e-05,6.26375504611144e-12,,99.6392596020654,0.9898470443135692,0.06535544553820707,0.9958791671187235,0.9999999999999999,2.1753032708460296e-10
187.9591545,0.296953708,51.94951371,1483.226692,0.170540718,0.896932749,-7.370020072,0.808353931,0.000876698,2.1878107116874402e-10,0.909981443730845,0.0198813425035877,0.0602599057892323,0.0005010368119666,1.4462131967934e-05,0.0092938106821585,6.79981251980614e-05,6.26295059436238e-12,,99.01919042756057,0.9897975033922181,0.06493547141432093,0.9958516816503783,1.0000000000000002,2.1878077127723827e-10
186.9299684,0.296939444,51.63088409,1483.187114,0.170533406,0.896927845,-7.370116666,0.808257337,0.000877231,2.19981314090252e-10,0.909606422798008,0.0198754994127055,0.0605857932295142,0.0005038674706316,1.45461575008487e-05,0.009345486243552,6.83844618445191e-05,6.26214914445012e-12,,98.43117252594924,0.9897499590403275,0.0645371931032521,0.9958251086268015,1.0000000000000002,2.1998125543376545e-10
185.8765663,0.296924679,51.30492528,1483.146128,0.170525914,0.896922851,-7.37021565,0.808158353,0.00087778,2.21223499548143e-10,0.909218382809438,0.0198694279258925,0.0609230200959641,0.0005067967390131,1.46330890443282e-05,0.0093989547378049,6.87843753577282e-05,6.2612890475730195e-12,,97.82955597565844,0.9897007447697397,0.06412975350512307,0.9957975902594176,0.9999999999999996,2.212239280652284e-10
184.718283,0.296908247,50.94670879,1483.100496,0.170517666,0.896917389,-7.370324628,0.808049374,0.000878386,2.22605641282172e-10,0.908786725055646,0.0198626439452401,0.0612981837871598,0.0005100556767788,1.47297787980044e-05,0.0094584320913152,6.92294361959498e-05,6.26029602551848e-12,,97.16831677002176,0.9896459741030075,0.06368199268918195,0.9957669525260339,0.9999999999999997,2.226059336862818e-10
183.619186,0.296892461,50.60698651,1483.056637,0.170509829,0.896912234,-7.370428176,0.807945827,0.000878965,2.2393320690196598e-10,0.908372212985236,0.0198561001962831,0.0616584757835789,0.0005131855642115,1.48226145650462e-05,0.0095155456157666,6.96570101660301e-05,6.2593071403786595e-12,,96.54113379433431,0.9895933566647751,0.06325734912995838,0.9957375052007253,0.9999999999999998,2.2393342735682609e-10
182.5467759,0.296876871,50.27569123,1483.013307,0.170502172,0.896907233,-7.37052934,0.807844662,0.000879532,2.2524387607893002e-10,0.907963073438122,0.0198496136314518,0.0620141264591291,0.0005162752609753,1.49142339014825e-05,0.0095719175213072,7.00792236112863e-05,6.25829767986262e-12,,95.92943076095611,0.989541392528069,0.06284323909027195,0.9957084130507535,1.0,2.252437125704887e-10
181.4947527,0.296861397,49.95086512,1482.97028,0.170494652,0.896902355,-7.370628711,0.807745292,0.000880091,2.2654460828966702e-10,0.907557130234315,0.0198431511127288,0.0623670261846846,0.0005193411859744,1.50051244322855e-05,0.0096278476101367,7.04983149264754e-05,6.2572639055860995e-12,,95.32959780386724,0.9894898150392052,0.06243721533616567,0.9956795243376947,1.0,2.26544560888442e-10
180.4916343,0.296846471,49.64129688,1482.928761,0.170487472,0.896897728,-7.370723582,0.807650421,0.000880626,2.2779893043328395e-10,0.907165760109559,0.0198368958517371,0.0627072826933219,0.0005222973871501,1.5092739471194e-05,0.0096817684594435,7.09025252618071e-05,6.25623730706167e-12,,94.75787152885452,0.9894400641280777,0.06205026350228483,0.9956516481093383,0.9999999999999997,2.2779922392857088e-10
179.3779682,0.296829701,49.29779348,1482.882096,0.170479491,0.896892622,-7.370829049,0.807544954,0.000881224,2.2920783930606296e-10,0.906726259779056,0.0198298428960649,0.0630894130865547,0.0005256175335133,1.51911144399793e-05,0.0097423187198428,7.13566350656986e-05,6.2550500420686095e-12,,94.1233932039631,0.9893841668495299,0.06162089364646792,0.9956203168105053,1.0000000000000002,2.2920765285761036e-10
178.3335014,0.296813779,48.9758068,1482.837773,0.170471995,0.896887862,-7.370928099,0.807445904,0.000881787,2.30545118736686e-10,0.906309204908948,0.0198231227680961,0.0634520564755237,0.0005287685007365,1.52844505552998e-05,0.0097997749223253,7.17877370159013e-05,6.2538902596567095e-12,,93.52858240968892,0.9893310961000344,0.06121841910220847,0.9955905579514422,0.9999999999999997,2.3054547160228367e-10
177.2033037,0.296796336,48.62757939,1482.789193,0.170463872,0.896882743,-7.371035432,0.807338571,0.0008824,2.3200983672582598e-10,0.905852518347947,0.0198157340316787,0.0638491923907464,0.0005322193191149,1.53866394393098e-05,0.009862689024355,7.22600084557529e-05,6.252583894313099e-12,,92.88521428096671,0.9892729555973684,0.06078314436308448,0.9955579409044626,0.9999999999999994,2.3201041088327656e-10
176.1948197,0.296780578,48.31701859,1482.745291,0.170456615,0.896878205,-7.371131342,0.807242661,0.00088295,2.3333260398770596e-10,0.905440191356873,0.0198090364983776,0.0642077809301603,0.0005353353226992,1.54788871221457e-05,0.0099194901785811,7.26865866020556e-05,6.251372297761699e-12,,92.31136469553516,0.9892204314879256,0.06039495185634834,0.995528464708569,0.9999999999999994,2.33333130594815e-10
175.0859268,0.296763037,47.97571694,1482.696404,0.170448623,0.896873247,-7.371236951,0.807137052,0.000883557,2.34804576192599e-10,0.904981466729019,0.0198015562802416,0.0646067507272668,0.000538802372364,1.55814978307341e-05,0.0099826807879381,7.31613642850115e-05,6.2499891347536e-12,,91.68063359315859,0.9891619643344964,0.059968334127817616,0.9954956415390405,1.0,2.3480462019165316e-10
174.0336964,0.296746182,47.65202943,1482.649409,0.170441028,0.896868573,-7.371337314,0.807036689,0.000884137,2.36218593263109e-10,0.904540913501915,0.0197943441111484,0.0649899460971991,0.0005421324886472,1.56800265535154e-05,0.0100433660029093,7.36175291606046e-05,6.2486264515364e-12,,91.08237712501499,0.9891057837364092,0.05956373359257273,0.9954640886752527,1.0000000000000004,2.362181561466059e-10
173.007015,0.296729533,47.33636482,1482.602975,0.170433608,0.896864044,-7.371435381,0.806938621,0.000884706,2.3761477489465596e-10,0.904106022907897,0.0197871979372319,0.065368244443674,0.0005454201874179,1.5777271966499e-05,0.0101032689927268,7.40680152239273e-05,6.2472488446913e-12,,90.49887699912937,0.9890502897715585,0.059169161462916356,0.9954329124718879,1.0000000000000002,2.376147056892819e-10
171.999851,0.296713004,47.0268581,1482.556856,0.170426318,0.896859631,-7.371531725,0.806842278,0.000885267,2.3900053013758096e-10,0.903674483347887,0.0197800810717524,0.0657436552854739,0.000548682928649,1.58737513457686e-05,0.01016270816028,7.45152093655483e-05,6.245850551883889e-12,,89.92669040609705,0.9889951957872344,0.05878228652735307,0.9954019477623436,1.0,2.39000486068619e-10
170.8827157,0.296694436,46.68373848,1482.505032,0.170418219,0.89685477,-7.371638752,0.806735251,0.000885892,2.4055660826824004e-10,0.903190025867808,0.0197720614324822,0.0661651333772171,0.0005523462070593,1.59820414387167e-05,0.0102294333761637,7.50174510296347e-05,6.2442442376639995e-12,,89.29228318875751,0.9889333054671344,0.05835339638604047,0.9953671526647175,0.9999999999999996,2.405570187491435e-10
169.8288299,0.29667669,46.36022135,1482.455188,0.170410566,0.896850224,-7.371739905,0.806634098,0.000886486,2.4204324434357697e-10,0.902727313869501,0.0197643732032982,0.0665677324802094,0.000555845572543,1.60854227691916e-05,0.0102931519081039,7.54972952890821e-05,6.242675271744619e-12,,88.6941301492687,0.9888741550136396,0.05794900882113601,0.99533368695682,0.9999999999999997,2.4204360737911657e-10
168.6959615,0.296657361,46.01264748,1482.401493,0.170402329,0.896845366,-7.371848769,0.806525234,0.000887128,2.4366193369150796e-10,0.902223622734133,0.019755971074548,0.0670060039491234,0.0005596551436265,1.61979955050118e-05,0.0103625288702727,7.60199828882013e-05,6.2409271821649194e-12,,88.05123200779528,0.9888097281503687,0.05751455098913891,0.9952976356530412,0.9999999999999997,2.4366231254902004e-10
167.5651277,0.296637799,45.66589531,1482.346461,0.170394093,0.896840571,-7.371957626,0.806416377,0.000887773,2.4529943364981303e-10,0.901714241722168,0.019747441115742,0.067449281865509,0.0005635084174735,1.63117488739674e-05,0.0104326662135562,7.65486651391384e-05,6.23911921082484e-12,,87.40996114143066,0.9887445246582427,0.05708112025966985,0.9952606866754911,1.0000000000000004,2.4529900333192245e-10
166.4656776,0.296618517,45.32895327,1482.292936,0.170386068,0.89683593,-7.372063691,0.806310312,0.000888404,2.4691268472664596e-10,0.901212508391939,0.0197390082454555,0.0678859166001904,0.0005673041547184,1.64238466534156e-05,0.0105017687002224,7.70698076706855e-05,6.237300701086739e-12,,86.78653883861503,0.9886802544540115,0.056659951924411846,0.9952247495112343,0.9999999999999998,2.4691293454282004e-10
165.4224784,0.296599979,45.00942228,1482.241099,0.170378442,0.896831571,-7.37216448,0.806209523,0.000889007,2.4846313448601297e-10,0.900730451622466,0.0197308764378648,0.0683054706441005,0.0005709515615396,1.65314884765036e-05,0.0105681473501247,7.75706407287117e-05,6.23551731786228e-12,,86.19535608432307,0.9886184641290431,0.05626054692549382,0.9951899456852917,0.9999999999999994,2.4846369406361646e-10
164.3083711,0.296579913,44.6683567,1482.184971,0.170370284,0.896826957,-7.372272308,0.806101695,0.000889655,2.5014059967571797e-10,0.900209045635783,0.0197220491945849,0.0687593066904322,0.0005748971849849,1.66478913481188e-05,0.0106399405619697,7.81125845233561e-05,6.23354973908938e-12,,85.5642488115181,0.9885515807187066,0.05583422427800702,0.995152260843528,1.0000000000000002,2.501402418531029e-10
163.2225407,0.296560084,44.33613102,1482.129489,0.170362319,0.896822501,-7.37237759,0.805996413,0.00089029,2.5179741080069697e-10,0.899694203617731,0.0197133014054253,0.0692074643243379,0.0005787936282936,1.6762802511114e-05,0.0107108260276735,7.86479359990259e-05,6.231568265312099e-12,,84.9494171365164,0.9884854872699097,0.05541895126376531,0.9951150097319486,1.0000000000000002,2.517971386950535e-10
162.1405324,0.296540053,44.00525495,1482.073422,0.170354367,0.896818102,-7.372482694,0.805891309,0.000890927,2.5347034746988096e-10,0.89917449507727,0.0197044396679537,0.0696598927913851,0.0005827273934132,1.68787731838177e-05,0.0107823774599429,7.91885771514149e-05,6.2295298790730696e-12,,84.33700272529975,0.9884187205205602,0.05500536522511424,0.995077365846131,1.0,2.5347035581546606e-10
161.1138128,0.296520789,43.69145243,1482.019483,0.170346809,0.896813966,-7.372582607,0.805791396,0.000891535,2.5507846881971896e-10,0.898675058722064,0.0196958944948461,0.0700947058343863,0.0005865081731299,1.69901944987261e-05,0.0108511339766769,7.97083430923219e-05,6.22753543405317e-12,,83.7561151343446,0.9883545103134078,0.054613120657033144,0.9950411507185675,1.0000000000000002,2.550781807997282e-10
160.0124201,0.296499839,43.35500728,1481.960808,0.170338685,0.896809572,-7.372689987,0.805684015,0.000892193,2.5682636906555995e-10,0.898132362108547,0.0196865775037782,0.0705672169909157,0.0005906169427208,1.71112382547868e-05,0.0109258415878488,8.02733648832867e-05,6.225329531867679e-12,,83.1332326118581,0.9882846803798612,0.05419257342068613,0.9950017557981983,1.0000000000000002,2.5682611592969806e-10
158.9128074,0.296478624,43.01929196,1481.901369,0.170330559,0.896805231,-7.372797404,0.805576599,0.000892853,2.5859548576305996e-10,0.89758323821062,0.0196771172186869,0.0710453612345318,0.0005947749029198,1.72336847380607e-05,0.0110014291604307,8.08453232538601e-05,6.22305719015401e-12,,82.51161784194323,0.9882139671559858,0.05377293845187961,0.9949618479213882,0.9999999999999996,2.58595922453253e-10
157.8541193,0.29645791,42.69624687,1481.843315,0.17032272,0.896801094,-7.372901027,0.805472976,0.000893494,2.6032192357785596e-10,0.897047516238578,0.0196678565227994,0.0715118712375723,0.0005988318922108,1.73531126539798e-05,0.0110751671730509,8.1403556591634e-05,6.2208019931917396e-12,,81.91338454563815,0.9881449238508073,0.05336914092406573,0.9949228699459794,0.9999999999999996,2.603222082342427e-10
156.8495284,0.296437986,42.38986836,1481.78746,0.170315267,0.89679721,-7.372999542,0.805374461,0.000894106,2.6198157711846e-10,0.89653266150921,0.0196589279520405,0.0719602423683987,0.000602731322961,1.74678602837355e-05,0.0111460284583555,8.19402605507234e-05,6.21859961747874e-12,,81.34594361437037,0.9880785137507604,0.05298617616545168,0.9948853683988602,1.0000000000000004,2.6198121449994005e-10
155.7718738,0.296416317,42.06137977,1481.726695,0.170307257,0.896793088,-7.37310543,0.805268572,0.000894766,2.6378560513892896e-10,0.895973178217278,0.0196491943070186,0.0724475146655724,0.000606969279218,1.7592522725142e-05,0.0112230270155275,8.25237226586322e-05,6.2161681889064695e-12,,80.73747506327298,0.9880062872672272,0.05257557441150745,0.9948445702337774,1.0,2.637856599818633e-10
154.7583325,0.296395651,41.75259737,1481.668727,0.170299709,0.896789254,-7.37320522,0.805168783,0.000895392,2.6550510664707796e-10,0.895440063170884,0.0196398897807319,0.0729118559641716,0.0006110079961634,1.77112787587051e-05,0.0112963916262945,8.30799112768993e-05,6.21381503038484e-12,,80.16543520553006,0.9879374039542593,0.05218960485613535,0.9948056499995385,0.9999999999999999,2.6550517340240276e-10
153.7224621,0.296374238,41.43717589,1481.608644,0.170291978,0.89678538,-7.373307413,0.80506659,0.000896037,2.6728578927030203e-10,0.894888137270628,0.0196302271028139,0.0733926158620318,0.0006151897220148,1.78341928689203e-05,0.0113723396230826,8.36559530630253e-05,6.21134223177827e-12,,79.58102215771416,0.9878660307625156,0.051795336632329825,0.9947653097353621,1.0000000000000002,2.6728552704469166e-10
152.6015665,0.296350727,41.09605075,1481.542656,0.170283595,0.896781239,-7.373418234,0.804955769,0.000896739,2.6923971270717597e-10,0.894282699397327,0.0196195933325297,0.0739200275325578,0.0006197774700854,1.79689860508048e-05,0.0114556448981094,8.42881078915471e-05,6.20858764850272e-12,,78.94890107749511,0.9877876645779038,0.05136893953647189,0.9947210048013133,0.9999999999999998,2.692399636572418e-10
151.5579541,0.296328511,40.77861972,1481.480288,0.170275773,0.896777433,-7.373521641,0.804852362,0.000897398,2.7108475329174795e-10,0.89371117638117,0.0196095230046213,0.0744179327127799,0.0006241087797469,1.80961916066879e-05,0.0115342775530388,8.4885099745457e-05,6.205947789004189e-12,,78.36060734067739,0.987713614849805,0.050972159430123835,0.9946791303676773,0.9999999999999997,2.7108504330186634e-10
150.546932,0.296306684,40.47126194,1481.418991,0.170268179,0.896773792,-7.373622034,0.804751969,0.000898041,2.72896432314342e-10,0.89315015390801,0.0195996078775152,0.0749067248898254,0.0006283610290101,1.82210248973705e-05,0.0116114596371802,8.54713544622111e-05,6.2033197918532e-12,,77.79090961893863,0.9876408617252453,0.050587970610791004,0.9946379750130311,1.0000000000000004,2.728960390996349e-10
149.5392461,0.296284622,40.16507555,1481.357022,0.170260594,0.896770209,-7.37372231,0.804651692,0.000898686,2.74726370296459e-10,0.892583644212795,0.0195895663693895,0.0754003324888164,0.0006326553845019,1.83470435279375e-05,0.0116893906477518,8.60635722906391e-05,6.20062994514625e-12,,77.22331170192214,0.9875673253054885,0.05020524599692283,0.9945963684715676,1.0000000000000002,2.7472624175572946e-10
148.4535326,0.296260503,39.83535662,1481.288948,0.170252405,0.89676641,-7.373830572,0.804543431,0.000899387,2.76725663560246e-10,0.891964914080341,0.0195785656563955,0.0759394904265773,0.0006373462526777,1.84846006384931e-05,0.0117744881427741,8.67105576728206e-05,6.197650809179809e-12,,76.61208744674565,0.9874869325528771,0.049793106351626135,0.9945506629784409,1.0000000000000002,2.76725420356172e-10
147.4375962,0.296237598,39.52699237,1481.224883,0.170244721,0.896762891,-7.373932159,0.804441844,0.000900048,2.78622947010119e-10,0.891377904457746,0.0195680986229986,0.0764510237128152,0.0006417970484941,1.86151368347809e-05,0.0118552359565784,8.73247797145531e-05,6.19478718870029e-12,,76.04022493626037,0.9874105862699231,0.04940765947231841,0.9945076491638103,0.9999999999999993,2.786235686613736e-10
146.4294556,0.29621454,39.22115287,1481.160066,0.17023708,0.896759456,-7.374033172,0.804340831,0.000900709,2.8053156055435296e-10,0.890787587264491,0.0195575419838689,0.076965486228626,0.0006462735439808,1.87463319937072e-05,0.0119364217419674,8.79426183487832e-05,6.19186969182305e-12,,75.47304925106353,0.9873337300117981,0.04902536846146343,0.9944641304496462,1.0000000000000002,2.8053148692919194e-10
145.3116437,0.296188583,38.88222649,1481.08708,0.170228588,0.896755706,-7.374145448,0.804228555,0.000901448,2.8267858344935203e-10,0.890123748388362,0.0195456352146508,0.0775440657109538,0.0006513082167078,1.88938189990282e-05,0.0120277106745994,8.86376868600307e-05,6.18854529738621e-12,,74.84443021287612,0.9872472108907924,0.04860171975547347,0.9944151269957381,0.9999999999999999,2.82678658258817e-10
144.2709023,0.296164037,38.56684251,1481.018045,0.170220661,0.896752273,-7.374250248,0.804123755,0.000902142,2.8470730483461297e-10,0.889496696873969,0.0195343546445029,0.0780906234641104,0.0006560645114929,1.90330858694514e-05,0.0121139326232721,8.92945058909265e-05,6.18536368418695e-12,,74.25939638728211,0.9871653948741415,0.04820749840564239,0.9943687762786065,1.0000000000000004,2.8470681368020223e-10
143.1750238,0.296137787,38.23493162,1480.944198,0.170212292,0.896748719,-7.374360883,0.80401312,0.000902879,2.86875192842405e-10,0.888826855383785,0.0195222689782174,0.0786745215326268,0.0006611460389926,1.91818054852979e-05,0.012206029538287,8.99964295491755e-05,6.18192141743683e-12,,73.64362205073613,0.9870778991340174,0.047792618870291736,0.9943191947415889,1.0000000000000004,2.8687474618038777e-10
142.1233699,0.296112196,37.91659056,1480.872191,0.170204241,0.896745368,-7.374467333,0.803906669,0.000903592,2.88986840683787e-10,0.888174613927458,0.0195104665433793,0.0792431200241454,0.0006660947016762,1.93265666201657e-05,0.0122956977549875,9.06801865680084e-05,6.1785272568892395e-12,,73.05294248464729,0.9869925999536169,0.04739470125133133,0.9942708485970465,0.9999999999999999,2.8898694548473713e-10
141.0626297,0.296085979,37.59567326,1480.798404,0.170196098,0.896742051,-7.374574987,0.803799016,0.000904318,2.9114843422577795e-10,0.887507172647939,0.0194983547539442,0.0798250117056105,0.0006711593472665,1.94746488619348e-05,0.012387446443888,9.13801551664713e-05,6.17501164745015e-12,,72.45740256793472,0.9869052142081375,0.04699356340282631,0.9942213073445662,1.0000000000000002,2.9114821664677493e-10
139.945693,0.296057922,37.25794349,1480.719419,0.170187501,0.896738626,-7.374688659,0.803685344,0.000905089,2.9345974748658303e-10,0.88679375593102,0.0194853711233349,0.0804470328308398,0.0006765735918327,1.96328723813591e-05,0.0124855047065624,9.21286443982016e-05,6.17120750665217e-12,,71.83057581618627,0.9868116954279218,0.04657141042661128,0.9941682761083437,1.0000000000000002,2.934594789394396e-10
138.8795473,0.296030698,36.93575283,1480.642762,0.17017927,0.896735424,-7.374797472,0.803576531,0.000905832,2.95700422063984e-10,0.886102392515584,0.0194727526765498,0.0810498714614669,0.0006818211841737,1.97861462389585e-05,0.0125805214227475,9.28542913713334e-05,6.16747626961751e-12,,71.23250600320227,0.9867209531791927,0.046168680912930304,0.9941168079121656,1.0,2.95700353092343e-10
137.803912,0.296002782,36.61087409,1480.564141,0.170170943,0.896732261,-7.374907569,0.803466433,0.000906589,2.97995955132112e-10,0.88539435673964,0.0194597938763395,0.0816672934417814,0.0006871960455279,1.99430561310329e-05,0.0126778188030878,9.35977333328023e-05,6.1636104781440995e-12,,70.62936341724668,0.9866279043760956,0.04576259137276336,0.9940640210688023,1.0,2.9799596124036043e-10
136.7972227,0.295976236,36.3069831,1480.489364,0.170163128,0.896729365,-7.375010901,0.803363102,0.000907303,3.0017684713926003e-10,0.884721919567783,0.0194474535086978,0.082253715018705,0.0006923013386087,2.0092019902202e-05,0.0127702141719858,9.43040679809465e-05,6.15989809903381e-12,,70.06510909592832,0.98653942201734,0.04538273594612023,0.9940138151214576,1.0000000000000002,3.001767723276316e-10
135.7385571,0.295947872,35.98757327,1480.409177,0.170154882,0.896726391,-7.375119911,0.803254091,0.000908062,3.0250499484656995e-10,0.884004339004083,0.0194342506484224,0.0828795597350679,0.0006977501914635,2.02508909092726e-05,0.012868791178252,9.50580431414294e-05,6.15589435764416e-12,,69.47202435827201,0.9864448799536113,0.044983482393888705,0.9939599768516724,1.0000000000000004,3.025045769433632e-10
134.619879,0.295917389,35.65024683,1480.323543,0.170146148,0.896723319,-7.375235398,0.803138605,0.000908871,3.0500469558244895e-10,0.883234166433148,0.019420039643548,0.0835513040232888,0.0007035989856392,2.0421400376245e-05,0.0129746014659529,9.58677368905445e-05,6.15154708332086e-12,,68.84545237237005,0.9863432749004225,0.044561833569143346,0.9939024814173153,0.9999999999999999,3.0500479919481904e-10
133.6043698,0.295889249,35.34420024,1480.244229,0.170138192,0.896720605,-7.375340586,0.803033417,0.000909613,3.07309858365751e-10,0.882524205546562,0.0194069052834443,0.0841705863373354,0.0007089913607263,2.0578484345659e-05,0.0130721183148908,9.66143592384811e-05,6.14749709217708e-12,,68.27696030953155,0.9862494794670097,0.044179283701451896,0.9938492292875468,1.0000000000000002,3.073095111716384e-10
132.5350604,0.295859126,35.02211466,1480.159309,0.170129788,0.896717821,-7.375451692,0.80292231,0.000910401,3.0977507774843696e-10,0.881765234231598,0.0193928279596575,0.0848326672195078,0.0007147567626037,2.07463419833617e-05,0.0131763543433626,9.74128253683567e-05,6.1431225781610696e-12,,67.67859374631907,0.9861490743553998,0.043776685534897185,0.9937922132391829,0.9999999999999994,3.0977564957623827e-10
131.5143762,0.295829889,34.71484308,1480.076871,0.170121741,0.896715238,-7.375558085,0.802815918,0.000911162,3.12165343238689e-10,0.881029619973416,0.019379148891441,0.0854744194013784,0.000720345496417,2.0908964113633e-05,0.0132773699434558,9.81870114740378e-05,6.138839332655089e-12,,67.10767021955117,0.9860516224333424,0.04339260446320695,0.9937368636278425,1.0,3.1216529361444145e-10
130.4110522,0.295797739,34.38287764,1479.986206,0.170113014,0.896712528,-7.37567347,0.802700532,0.000911992,3.14790940124232e-10,0.880221900197822,0.0193640902153804,0.0861791287500542,0.0007264828956394,2.10874468394333e-05,0.0133882727650521,9.9037408287402e-05,6.13408814304238e-12,,66.49077817546146,0.9859444609840096,0.04297765674184814,0.9936759903350386,1.0,3.1479097106767995e-10
129.3409665,0.295766002,34.06109621,1479.896689,0.170104521,0.896709985,-7.375785769,0.802588234,0.000912806,3.173799418036919e-10,0.879425764160351,0.0193492087489325,0.0868737842179898,0.0007325331444983,2.1263287777449e-05,0.0134975701818121,9.98759351293187e-05,6.1293570009397494e-12,,65.89272524056085,0.9858386761343211,0.042575438754475496,0.9936158878197136,0.9999999999999997,3.1738023320571074e-10
128.2385673,0.295732719,33.72978694,1479.802795,0.170095739,0.896707454,-7.375901869,0.802472134,0.000913654,3.2009200186450997e-10,0.87859213335613,0.0193335861881889,0.0876012102234749,0.0007388692510443,2.14473221381938e-05,0.013611999040507,0.0001007542923003,6.124353081685319e-12,,65.27687543664598,0.985727738202186,0.042161311227671645,0.9935528465473976,0.9999999999999998,3.200921749879626e-10
127.1238949,0.295698441,33.39498461,1479.706079,0.170086827,0.89670499,-7.376019697,0.802354306,0.000914521,3.2288175381272005e-10,0.877734991570113,0.0193174811136289,0.0883492098255098,0.0007453850228923,2.16364522444904e-05,0.0137296379115077,0.0001016577751024,6.1191559767751195e-12,,64.65444073449208,0.9856134837648537,0.04174281747139655,0.9934879105590136,0.9999999999999994,3.228822764711481e-10
126.0671998,0.29566535,33.0777781,1479.6127,0.170078348,0.896702745,-7.37613181,0.802242193,0.000915352,3.25571638960837e-10,0.876908888316565,0.0193019200035615,0.0890701778686607,0.0007516657683391,2.1818642272036e-05,0.0138430001963958,0.0001025288725199,6.11409831670853e-12,,64.06463299398764,0.9855031858015605,0.04134631800890829,0.9934252150623086,0.9999999999999998,3.25571902770605e-10
124.9796459,0.295630671,32.75149325,1479.514823,0.170069587,0.896700529,-7.376247632,0.802126371,0.000916217,3.2838724285891595e-10,0.876044547605562,0.019285598429344,0.0898245737089527,0.0007582381875923,2.20091686470124e-05,0.0139615919352621,0.000103440630144,6.1087565789917595e-12,,63.45785781165981,0.9853875947626363,0.04093847086969585,0.9933594995681293,1.0000000000000002,3.2838698427184454e-10
123.9049258,0.295595764,32.42924355,1479.416289,0.170060897,0.896698436,-7.376362532,0.802011471,0.000917082,3.3121783260351197e-10,0.8751759900323,0.0192691568610038,0.0905827075561663,0.0007648436535929,2.22005244822788e-05,0.014080743856672,0.0001043571784613,6.1033385682683195e-12,,62.85849930750506,0.985271243760712,0.04053566755762951,0.9932933429582672,0.9999999999999997,3.3121816400694115e-10
122.8615412,0.29556125,32.11656578,1479.318854,0.170052426,0.8966965,-7.376474516,0.801899487,0.000917932,3.3401292950644003e-10,0.874318700822351,0.0192528898519976,0.0913310614121674,0.0007713643788479,2.23892985982649e-05,0.0141983317320327,0.0001052621638941,6.09794262803675e-12,,62.27686039714287,0.9851562026950114,0.040144828896288585,0.9932279242268455,0.9999999999999997,3.3401326149373745e-10
121.7887049,0.295525104,31.79524328,1479.216797,0.170043683,0.896694609,-7.376590119,0.801783884,0.000918815,3.3693650406118895e-10,0.873422407175637,0.0192358425800828,0.0921135218424264,0.0007781827880295,2.25865554325128e-05,0.0143212500516463,0.0001062086637162,6.09225119115802e-12,,61.6790546791996,0.9850357218941532,0.03974318455886504,0.9931594022432387,0.9999999999999996,3.3693692280678533e-10
120.7527326,0.295489548,31.48513667,1479.116395,0.170035205,0.896692882,-7.376702205,0.801671798,0.000919678,3.3980856303104995e-10,0.872542305415778,0.0192190643658669,0.092881904081323,0.000784879017072,2.27801428409746e-05,0.0144419282360725,0.0001071383951514,6.086614110558199e-12,,61.102032608641046,0.9849172076642161,0.03935555977720764,0.9930919914414507,1.0,3.3980862568228076e-10
119.7225756,0.295453538,31.17694203,1479.014374,0.170026737,0.896691269,-7.376814154,0.801559849,0.000920547,3.42713395228068e-10,0.871652568761864,0.0192020650821151,0.0936587681487921,0.0007916496967138,2.29756987417462e-05,0.0145638937234253,0.0001080785395535,6.08086868897852e-12,,60.52855378257058,0.9847971801746213,0.03897032490576139,0.9930234936285665,0.9999999999999999,3.427135242262125e-10
118.6643276,0.295415849,30.86052035,1478.90797,0.170018007,0.896689716,-7.376929568,0.801444434,0.00092145,3.45749622861953e-10,0.870723018524262,0.0191842633826577,0.0944704403640133,0.0007987242131085,2.31799376259781e-05,0.0146913120386965,0.0001090611878118,6.07481418866752e-12,,59.93960259226896,0.9846715562908294,0.03857480645930948,0.9929520530302371,1.0000000000000002,3.4574942908705e-10
117.5503623,0.295375388,30.52763351,1478.793967,0.170008773,0.896688193,-7.377051638,0.801322365,0.000922413,3.49004300527913e-10,0.869727059558967,0.0191651462993376,0.0953401567545521,0.0008063052787526,2.33986719839603e-05,0.0148278185852804,0.0001101144960532,6.068272798718299e-12,,59.31986633296319,0.9845366928568804,0.03815870701314926,0.9928755103952674,0.9999999999999994,3.4900482503985586e-10
116.542408,0.295338062,30.22659974,1478.688197,0.170000378,0.896686934,-7.377162632,0.80121137,0.000923296,3.520024224115429e-10,0.868810074533953,0.0191475066712037,0.0961409947366363,0.0008132865482837,2.35998583865036e-05,0.0149534528494072,0.0001110844440645,6.062202097036269e-12,,58.759464951596584,0.9844122789141806,0.03778242303336646,0.9928044954702149,0.9999999999999994,3.520029823178561e-10
115.5069682,0.29529899,29.91752795,1478.577856,0.169991723,0.896685752,-7.377277047,0.801096956,0.000924214,3.5513645870283095e-10,0.86785199020517,0.0191290344926865,0.0969777728027951,0.0008205815862461,2.38099830591679e-05,0.0150847122865039,0.000112098282347,6.055807012891839e-12,,58.18393954889063,0.9842820452548232,0.03739609174840864,0.9927304115348343,1.0,3.5513636476025567e-10
114.4170119,0.295257037,29.5923711,1478.459612,0.169982561,0.89668462,-7.377398167,0.800975836,0.000925193,3.58496219626104e-10,0.866825382042758,0.0191092000512705,0.0978744553055461,0.0008283996222481,2.40350377640356e-05,0.0152253424671444,0.0001131851087239,6.0489032443767895e-12,,57.57832902192492,0.9841422087296643,0.036989654578347485,0.9926510214544911,1.0000000000000002,3.5849601065507386e-10
113.3265682,0.295214196,29.26726299,1478.338563,0.169973352,0.89668363,-7.377519913,0.800854089,0.000926186,3.6192167330020096e-10,0.865779279659364,0.0190889432033386,0.0987882499892089,0.0008363675124899,2.42641670350469e-05,0.0153686022551708,0.0001142928454289,6.04181117804835e-12,,56.97277049916173,0.9839994123486107,0.03658327833195338,0.9925697480720322,0.9999999999999997,3.6192204788676463e-10
112.3216153,0.295173919,28.96781541,1478.224754,0.169964822,0.896682838,-7.377632667,0.800741336,0.000927114,3.6513699698756296e-10,0.864797859736849,0.0190698986009771,0.0996456082764097,0.0008438439327318,2.44789871822621e-05,0.0155029776717638,0.0001153324229141,6.03510730569143e-12,,56.41492533662141,0.9838651622181355,0.0362089770462912,0.9924933356903995,0.9999999999999998,3.651372537660791e-10
111.240552,0.295129714,28.64587394,1478.099839,0.169955601,0.89668212,-7.377754568,0.800619435,0.000928126,3.6866017463687495e-10,0.863723040946393,0.0190489980322454,0.100584630329151,0.0008520331855471,2.4714092840843e-05,0.0156501117461859,0.0001164712929485,6.02771101310242e-12,,55.81508677735093,0.9837178193917665,0.03580655901329535,0.9924094666409249,0.9999999999999996,3.686606575570295e-10
110.1822847,0.295085533,28.33090728,1477.974986,0.169946526,0.896681556,-7.377874529,0.800499474,0.00092913,3.72175480935483e-10,0.862651215386468,0.0190281115618148,0.101521110737147,0.0008602010025468,2.49483780884284e-05,0.0157968052027255,0.0001176073530136,6.02028016687539e-12,,55.22815360989071,0.9835705565615028,0.03541285930205133,0.9923256392188055,1.0,3.7217551263069026e-10
109.1130123,0.29503995,28.01285292,1477.846167,0.169937307,0.896681131,-7.377996393,0.80037761,0.00093016,3.75796029661652e-10,0.861547919301392,0.0190065671005968,0.102485163247288,0.0008686100607802,2.51893685385449e-05,0.0159477734058435,0.0001187771337521,6.01257518896429e-12,,54.63537571530438,0.9834186206254237,0.0350153000502502,0.992239148988775,0.9999999999999997,3.7579639400320275e-10
108.0699839,0.294994545,27.70278731,1477.717846,0.169928264,0.896680859,-7.378115918,0.800258085,0.000931179,3.7939617121040497e-10,0.860451464437578,0.0189851124852653,0.103443312863604,0.000876968395931,2.54286888989764e-05,0.0160977727298205,0.0001199400135005,6.00486325184597e-12,,54.057398430315196,0.983267277993792,0.03462772651747153,0.9921529931204035,0.9999999999999992,3.7939684727206213e-10
107.0514999,0.294949281,27.40019259,1477.589923,0.169919386,0.896680736,-7.378233273,0.80014073,0.000932189,3.829787222618759e-10,0.859360983282956,0.0189637326994678,0.104396315391788,0.0008852825890165,2.56665306406366e-05,0.0162469222236654,0.0001210968934898,5.99714068775954e-12,,53.4932624894863,0.9831164053392787,0.034249491392877814,0.9920671044727956,1.0,3.829787598164103e-10
106.0245951,0.294902688,27.09527172,1477.457969,0.169910384,0.896680764,-7.378352264,0.800021738,0.000933222,3.8665998295802103e-10,0.858241111005063,0.0189417342917984,0.105375091318115,0.0008938224244678,2.59105570860757e-05,0.0164000448150574,0.0001222851957629,5.98915687836755e-12,,52.924752446605325,0.9829611029004368,0.03386834864440001,0.9919785093756947,0.9999999999999997,3.8666037038836976e-10
104.9427581,0.294852529,26.77422988,1477.31648,0.169900844,0.896680946,-7.378478358,0.799895645,0.000934327,3.906154277352579e-10,0.857038525751932,0.0189180642918532,0.106426215984815,0.0009029943863856,2.61724897628126e-05,0.0165644648762462,0.0001235618224082,5.98052485131795e-12,,52.32599412302879,0.9827939143736221,0.03346705512430094,0.9918835123942183,0.9999999999999989,3.906164280920166e-10
103.8764273,0.294801976,26.45798272,1477.173607,0.169891382,0.896681301,-7.378603418,0.799770585,0.000935434,3.9459409765464796e-10,0.855829650787271,0.0188942233573602,0.107482936974848,0.0009122161136401,2.64355316293083e-05,0.0167296914395817,0.0001248453951036,5.97178859022571e-12,,51.7361312526787,0.982625412577413,0.03307175482307623,0.9917875861827499,0.9999999999999999,3.9459424616694605e-10
102.8181312,0.294750674,26.14430888,1477.028366,0.169881931,0.896681832,-7.378728323,0.79964568,0.000936549,3.9862365856387196e-10,0.854606101417443,0.018870046306037,0.108552584304154,0.0009215515998273,2.67015017596399e-05,0.0168968696531212,0.0001261448130716,5.9628877076969295e-12,,51.15101860672478,0.9824544142360855,0.032679671101475974,0.9916900700748786,1.0000000000000002,3.986233565456132e-10
101.7979718,0.294700119,25.8421177,1476.885745,0.169872764,0.896682502,-7.378849484,0.799524519,0.000937642,4.02586614361418e-10,0.853403512100685,0.0188462386321535,0.109603967533202,0.0009307286098026,2.69627782683549e-05,0.0170611674559993,0.0001274224813482,5.95408323935836e-12,,50.58715191806979,0.9822859057735341,0.03230194039084619,0.9915943130584667,0.9999999999999997,4.025869637658275e-10
100.7888688,0.294649011,25.54337672,1476.741315,0.169863637,0.896683339,-7.378970095,0.799403908,0.000938741,4.06584827615904e-10,0.85219100393758,0.0188221911722959,0.11066411804462,0.0009399830836034,2.72259454432576e-05,0.017226766491498,0.0001287109124293,5.9451516788226994e-12,,50.029680211009484,0.9821155540673909,0.03192852233585982,0.991497341463257,0.9999999999999998,4.065850989221076e-10
99.78465507,0.294597029,25.2462564,1476.594417,0.169854496,0.896684344,-7.379090899,0.799283104,0.000939851,4.10643210065796e-10,0.850961036501079,0.0187977541384137,0.111739618265526,0.0009493725161163,2.74926730849118e-05,0.0173947072839429,0.0001300182052581,5.93603720578922e-12,,49.47514773084049,0.9819422891697479,0.031557130061551385,0.9913987128307491,1.0000000000000002,4.10643075099415e-10
98.7408967,0.294541773,24.93762054,1476.437953,0.169844934,0.896685586,-7.379217266,0.799156737,0.000941025,4.1494812318521503e-10,0.849657254110137,0.0187718033499628,0.112879771726494,0.0009593274029815,2.77750949805017e-05,0.0175726637564966,0.0001314041380733,5.92631651025805e-12,,48.899084053077175,0.9817581114700795,0.03117134367717169,0.9912936615001885,1.0000000000000002,4.149478538550966e-10
97.7033182,0.294485559,24.63099792,1476.279439,0.169835354,0.896686998,-7.379343859,0.799030144,0.000942212,4.193177675598099e-10,0.848334720149353,0.0187454338934664,0.114036384655194,0.000969427215185,2.8061431096907e-05,0.0177531616314504,0.00013281059902,5.9163990914273994e-12,,48.326583354429395,0.981570740592543,0.030788073787733596,0.9911872337812722,0.9999999999999998,4.193179137246261e-10
96.66479802,0.294427968,24.3242853,1476.116721,0.169825699,0.896688625,-7.379471441,0.798902562,0.00094342,4.2378445566167294e-10,0.846983802227944,0.0187184499361859,0.115217935571667,0.0009797459076174,2.83535714115095e-05,0.0179374649383463,0.0001342474171367,5.90620786102328e-12,,47.7538735382271,0.9813787799384673,0.030404691400756845,0.991077983459114,0.9999999999999994,4.237850070865079e-10
95.60011243,0.294367498,24.01004122,1475.945881,0.169815726,0.896690511,-7.379603223,0.79877078,0.000944681,4.284634492388619e-10,0.845569712075203,0.018690154105467,0.116454843355104,0.0009905493042035,2.86590677729148e-05,0.0181303299182082,0.0001357517396825,5.89547727887599e-12,,47.16700371817161,0.981177223084932,0.0300118948947516,0.9909632799534323,1.0000000000000002,4.284632648676734e-10
94.55444576,0.294306649,23.70160509,1475.773985,0.169805854,0.896692588,-7.379733659,0.798640344,0.000945943,4.3316041699369203e-10,0.844151259697732,0.0186617211699397,0.117695673069542,0.0010013882574158,2.89651912078056e-05,0.0183237311707532,0.0001372610043652,5.88465107888669e-12,,46.59088444227767,0.9809744029595677,0.029626358167409658,0.9908478674398952,1.0000000000000007,4.331598413287452e-10
93.46930132,0.294241915,23.38172947,1475.591135,0.169795526,0.896694987,-7.379870116,0.798503887,0.000947277,4.381447233131479e-10,0.842647207527547,0.0186315196138705,0.119011498447325,0.0010128837445824,2.92894413826784e-05,0.0185287391273977,0.0001388616538771,5.8731053197610095e-12,,45.99329615539268,0.9807586334646654,0.02922652239041662,0.9907251003126771,1.0000000000000004,4.381445206647072e-10
92.40354125,0.294176704,23.06777268,1475.406956,0.169785297,0.896697594,-7.380005263,0.79836874,0.000948613,4.4315278921417494e-10,0.841137206469932,0.0186011456965811,0.120332645866498,0.001024427209124,2.96146125542472e-05,0.0187344907730472,0.0001404689232493,5.86144749032493e-12,,45.406663878823196,0.9805412740471708,0.028834084989054525,0.9906014408829596,0.9999999999999999,4.431527367287913e-10
91.39253557,0.294113289,22.77013458,1475.227872,0.169775512,0.896700306,-7.380134538,0.798239465,0.000949905,4.4801040850068303e-10,0.839673738759862,0.0185716588325845,0.121613191022317,0.0010356173345484,2.99294152942355e-05,0.0189338372686483,0.0001420269128856,5.85008744885904e-12,,44.85042958944394,0.9803299010048864,0.028462045503906422,0.990481202281862,1.0000000000000004,4.4800996246152636e-10
90.38697607,0.294048658,22.47428357,1475.045376,0.169765698,0.896703243,-7.380264192,0.798109811,0.000951214,4.529485290201919e-10,0.838187203049825,0.0185416594074005,0.122914031720233,0.001046986251968,3.02488278295692e-05,0.0191362605947209,0.0001436096892367,5.83848838038874e-12,,44.29744383032878,0.9801144748266023,0.028092239832384708,0.9903586728334138,1.0000000000000004,4.529481234527566e-10
89.3688064,0.293981573,22.17491055,1474.85598,0.169755674,0.896706469,-7.380396604,0.797977399,0.000952565,4.5806060480760495e-10,0.836649562770995,0.0185105795611131,0.124259709472323,0.0010587485589509,3.05788453642325e-05,0.0193455732324644,0.0001452470949021,5.82642893759553e-12,,43.73778149435831,0.9798908690465556,0.027718031744683458,0.9902315106631838,0.9999999999999999,4.5806070048115544e-10
88.36176934,0.293913534,21.8789985,1474.663916,0.169745672,0.896709919,-7.380528731,0.797845272,0.000953928,4.6323142986612203e-10,0.83509556066977,0.0184791198636132,0.125619825409995,0.0010706386508186,3.09119838968367e-05,0.0195570408328909,0.0001469021199697,5.81417950336247e-12,,43.184495899688706,0.979664083421325,0.02734814977483108,0.9901025571738648,0.9999999999999998,4.6323167524064957e-10
87.36041077,0.293844149,21.58494157,1474.468086,0.169735636,0.896713616,-7.380661303,0.797712699,0.00095531,4.68490017786009e-10,0.83351653632205,0.0184471046527233,0.127001962984918,0.0010827228928609,3.12500820581157e-05,0.0197718386228188,0.000148583968279,5.80167139233387e-12,,42.63458611219807,0.9794328113478581,0.026980586654244593,0.9899710751584254,0.9999999999999999,4.684902465967866e-10
86.2934327,0.293768245,21.27182196,1474.253559,0.169724838,0.896717864,-7.380803926,0.797570076,0.000956814,4.742260160050459e-10,0.831795738408843,0.0184121607112679,0.128508353588332,0.0010958953900239,3.16180043735613e-05,0.0200058165695172,0.0001504168476281,5.7879721242779295e-12,,42.048971771591056,0.9791798103323008,0.026589195704987172,0.9898270398097753,0.9999999999999996,4.742264358981174e-10
85.2888004,0.29369484,20.97719397,1474.046792,0.16971457,0.89672215,-7.380939541,0.797434462,0.00095826,4.79756566597503e-10,0.830138080398601,0.0183784468816009,0.129959568314771,0.0011085872657899,3.19720912080817e-05,0.0202311616767721,0.0001521828857257,5.7747103191887096e-12,,41.497752483054064,0.9789351389112035,0.026220918775018122,0.9896882145946073,1.0,4.797565678060778e-10
84.27103247,0.293618483,20.67891041,1473.831403,0.169704063,0.896726805,-7.381078302,0.797295701,0.000959757,4.854923557914838e-10,0.828420536776057,0.0183434633382182,0.131463368487802,0.0011217409827716,3.23384197350638e-05,0.0204645388240634,0.0001540126800989,5.76090443497545e-12,,40.93964375637337,0.9786806279691596,0.025848072482522157,0.9895436004914389,0.9999999999999994,4.85492868129711e-10
83.26297655,0.293540797,20.38367019,1473.612022,0.169693548,0.896731739,-7.381217158,0.797156845,0.000961271,4.913100295677658e-10,0.826680169743202,0.0183079630050877,0.132987311030241,0.0011350729138316,3.27090534557397e-05,0.0207009070238158,0.0001558667333095,5.74684992991456e-12,,40.387170629406626,0.9784216872427871,0.025479030281796464,0.9893963061237265,1.0000000000000002,4.913097706449321e-10
82.2099617,0.293457367,20.07547237,1473.377075,0.169682446,0.896737231,-7.381363767,0.797010236,0.000962889,4.97537741791485e-10,0.82481897923132,0.0182699419293131,0.13461717285624,0.0011493337171703,3.31049745246959e-05,0.0209536169804464,0.0001578498077164,5.7317494074225495e-12,,39.81026491375882,0.97814360078189,0.025093791435437184,0.9892385606042382,1.0000000000000004,4.975374556792644e-10
81.20809319,0.293375737,19.78244689,1473.146966,0.169671765,0.89674281,-7.381504804,0.796869199,0.000964463,5.03611102839154e-10,0.823005814041239,0.0182328482742269,0.136205149706678,0.0011632303016993,3.34900568470056e-05,0.0211996855245909,0.0001597815853914,5.71697122794601e-12,,39.26169623639754,0.9778715140288871,0.02472751759914245,0.9890840633612685,1.0000000000000007,5.036104866462665e-10
80.17676947,0.293289312,19.48101477,1472.903404,0.169660645,0.896748921,-7.381651633,0.79672237,0.000966121,5.100196331888401e-10,0.821094602917957,0.0181936934723698,0.137879159020125,0.0011778821974686,3.38953548217374e-05,0.0214589487416744,0.0001618177798619,5.70132461140431e-12,,38.69728573689795,0.977583444720688,0.02435073569275378,0.9889205336536423,0.9999999999999993,5.100202482566374e-10
79.12491613,0.293198555,19.17380268,1472.647701,0.169649167,0.896755557,-7.381803176,0.796570827,0.000967853,5.167256843661548e-10,0.819096889297606,0.0181527078916216,0.139629112805898,0.0011932014784346,3.43183256139457e-05,0.0217298236416832,0.0001639460367323,5.6848964272122995e-12,,38.121942770216805,0.9772809361154904,0.023966728981936608,0.9887488523699071,1.0000000000000002,5.16725440213861e-10
78.10748065,0.293108146,18.8768573,1472.393052,0.169637927,0.89676238,-7.38195156,0.796422442,0.000969569,5.233819884806e-10,0.8171162549421,0.0181120157745657,0.141364283480019,0.0012083940650209,3.47369989001148e-05,0.0219982582575362,0.0001660559528079,5.6685374308606495e-12,,37.56572037581912,0.9769795874538189,0.02359555537784389,0.9885778787512091,1.0000000000000004,5.233815603133962e-10
77.0850779,0.293014581,18.57867732,1472.129591,0.169626491,0.896769655,-7.382102528,0.796271474,0.000971337,5.302455240748121e-10,0.815076325899899,0.0180700482579629,0.143151584146995,0.001224045924496,3.51674915902094e-05,0.022274598914345,0.0001682288288148,5.65161715719115e-12,,37.00707822756236,0.9766677193043061,0.023222838557515203,0.9884009886768095,1.0,5.302455141631413e-10
76.08141107,0.292919964,18.2861742,1471.86325,0.16961512,0.896777224,-7.382252627,0.796121376,0.000973115,5.37160368952211e-10,0.813023587723975,0.0180277608429169,0.144950294443278,0.0012398006320185,3.55999511330138e-05,0.0225525407759649,0.0001704150879184,5.63452016747208e-12,,36.45896593400871,0.9763523446588462,0.022857217656934888,0.9882221649446229,0.9999999999999994,5.371608713389264e-10
75.01841074,0.292816626,17.97661222,1471.572455,0.169602914,0.896785723,-7.382413741,0.795960262,0.000975047,5.446830730093768e-10,0.810793195798129,0.0179817519211613,0.146904884568637,0.0012569240244177,3.6068994470498e-05,0.022854383945647,0.0001727901972385,5.61586639080196e-12,,35.878771757147284,0.9760079014286391,0.022470273647882857,0.9880269225778777,0.9999999999999999,5.446831874422742e-10
73.97509245,0.292711923,17.6730185,1471.277924,0.169590763,0.896794572,-7.382574117,0.795799886,0.000976995,5.522738731711201e-10,0.808545579884831,0.017935325127997,0.148874789378212,0.0012741851362891,3.65407652568228e-05,0.0231583959453912,0.0001751832041519,5.59699047214749e-12,,35.30964610097562,0.9756589084199453,0.022090789800609956,0.9878291718272809,0.9999999999999998,5.522741153285438e-10
72.92851159,0.29260347,17.36871466,1470.972957,0.169578396,0.896803977,-7.382737336,0.795636666,0.000979003,5.601036048901938e-10,0.806230352902181,0.0178874386640936,0.150904181225296,0.0012919712542352,3.70257816559249e-05,0.0234713819478973,0.0001776476589596,5.57746807432132e-12,,34.73907059796945,0.9752974160198052,0.021710418322757514,0.9876244142528414,0.9999999999999997,5.601039632097127e-10
71.91549163,0.292495069,17.07440099,1470.668255,0.169566246,0.89681361,-7.382897662,0.795476341,0.000980999,5.678962547616971e-10,0.803929269896644,0.0178397836917138,0.152921404945907,0.0013096545253476,3.75068764809905e-05,0.0237822830452879,0.0001800964451651,5.55798890161224e-12,,34.187111941476374,0.9749360969445601,0.0213425342841924,0.9874198346017747,1.0000000000000007,5.678956194188345e-10
70.89075752,0.292381817,16.77692019,1470.350043,0.169553769,0.896823911,-7.383062303,0.7953117,0.000983075,5.760023500902058e-10,0.801539010145515,0.0177902200807105,0.155017045508462,0.0013280292564817,3.80055971689326e-05,0.0241050494178223,0.0001826394123,5.537677936780579e-12,,33.62909695198963,0.9745586086565398,0.020970691419742428,0.9872061842157409,1.0000000000000004,5.760019128331351e-10
69.86088162,0.292264169,16.47819039,1470.019618,0.169541031,0.896834856,-7.383230381,0.795143622,0.000985222,5.843852128556408e-10,0.799070786480764,0.0177389762209352,0.157181296405147,0.0013470099182444,3.85194863838885e-05,0.0244381464296584,0.0001852644689651,5.51662544278674e-12,,33.068618869701915,0.9741664677485735,0.020597287339450304,0.9869843339121535,0.9999999999999998,5.843854289366845e-10
68.84268289,0.29214389,16.1830924,1469.681951,0.16952823,0.89684629,-7.383399261,0.794974741,0.000987406,5.929159061527098e-10,0.796562862034335,0.01768684465162,0.159380623750675,0.0013663027726296,3.90404900690665e-05,0.0247763949277067,0.000187930774553,5.49515558249202e-12,,32.514834417403726,0.9737655572675685,0.02022842292233488,0.9867576212649218,0.9999999999999994,5.929164936802067e-10
67.79041148,0.292015227,15.87838009,1469.320917,0.169514775,0.896858782,-7.383576768,0.794797235,0.000989731,6.01997223445959e-10,0.793897325800638,0.0176313695996248,0.161718460193028,0.0013868157421019,3.95929542579045e-05,0.0251356716322203,0.0001907634706594,5.47225313292408e-12,,31.942879689566716,0.9733367014804605,0.019847540868153348,0.9865152198046648,0.9999999999999998,6.019975629101282e-10
66.7867066,0.291888156,15.58798359,1468.964523,0.169501715,0.896871371,-7.383749043,0.79462496,0.000992017,6.109219100138701e-10,0.791282075752209,0.017576876455979,0.164012482888319,0.0014069494109444,4.01337010318942e-05,0.0254879397257946,0.0001935414493508,5.44970280217276e-12,,31.39767278565929,0.972913152101668,0.019484553184960868,0.986275933681954,1.0000000000000002,6.109215355820652e-10
65.73720132,0.291750503,15.28460498,1468.578644,0.169487811,0.896885277,-7.383932437,0.794441566,0.000994482,6.20540675733979e-10,0.788468251675598,0.017518177190867,0.166481008650813,0.0014286203511565,4.07140618945178e-05,0.025866698611994,0.0001965288317104,5.4253556987343395e-12,,30.827961255454493,0.9724543311067995,0.0191053382193051,0.9860168510662376,0.9999999999999994,6.205412850235348e-10
64.73229427,0.291613867,14.99438195,1468.19582,0.169474248,0.896899341,-7.38411133,0.794262673,0.000996918,6.300382386644218e-10,0.785694814690651,0.0174602539726311,0.168914426184699,0.0014499889540926,4.12846159942742e-05,0.0262397592709033,0.0001994716755886,5.40127618109775e-12,,30.282826326410387,0.9719988999468913,0.018742567368868538,0.9857598196048754,0.9999999999999994,6.300387989099931e-10
63.68317282,0.291465893,14.69167142,1467.781458,0.169459811,0.89691485,-7.384301719,0.794072284,0.000999545,6.402681702694338e-10,0.782713032986266,0.017397909009078,0.171531001733786,0.0014729724897921,4.18963808783341e-05,0.0266405531356647,0.0002026336188913,5.37530118280908e-12,,29.714099255581306,0.9715056772935914,0.018364187484942018,0.9854816132479256,0.9999999999999999,6.402682828365869e-10
62.63600957,0.29131246,14.38982033,1467.352063,0.169445105,0.896931221,-7.384495649,0.793878354,0.001002256,6.508149285754468e-10,0.779644938850483,0.0173336864094636,0.174223702038207,0.0014966318564136,4.25240528240183e-05,0.0270526313266737,0.0002058848097719,5.34848487134982e-12,,29.14684487395387,0.970994258859517,0.0179868818775114,0.9851933136001721,1.0000000000000002,6.508146244144086e-10
61.58224473,0.291151934,14.08637128,1466.903096,0.169429988,0.896948646,-7.384694964,0.793679039,0.001005079,6.61783942356205e-10,0.776460554030627,0.0172669549237674,0.177018874707814,0.0015211993692332,4.31735658285548e-05,0.0274799861086416,0.0002092566269835,5.32056091299268e-12,,28.576441139587565,0.9704591982431682,0.01760757886378204,0.9848918731363732,0.9999999999999996,6.617844050538224e-10
60.54095942,0.29098691,13.78682553,1466.441512,0.169414714,0.896966861,-7.384896346,0.793477657,0.001007969,6.72991316777377e-10,0.773213909581755,0.0171988457164296,0.179869153134312,0.0015462596116835,4.38336338492458e-05,0.0279153063350664,0.000212691308621,5.292001933892049e-12,,28.013259931525504,0.9699091450234258,0.017233154868304637,0.984581961505803,1.0000000000000002,6.729912183089937e-10
59.50338385,0.290815762,13.48866049,1465.96381,0.16939916,0.896986053,-7.385101399,0.793272604,0.001010954,6.845420388271701e-10,0.769875216560672,0.0171287270337924,0.182800638937647,0.0015720423245632,4.45103824816224e-05,0.0283626436281125,0.000216220442926,5.26253822811846e-12,,27.452459367054196,0.9693386794641591,0.016860456722567366,0.984261228105714,0.9999999999999994,6.845426447910086e-10
58.46111263,0.290636677,13.18947265,1465.46395,0.16938316,0.897006448,-7.385312317,0.793061686,0.001014064,6.965499524537588e-10,0.766412398523911,0.0170559265770387,0.185841620420678,0.0015987977279246,4.52098326954322e-05,0.028826169274378,0.000219876941592,5.23188843013662e-12,,26.889614145255024,0.9687417585262499,0.01648648010480179,0.983925617626025,0.9999999999999994,6.965504839584469e-10
57.41731679,0.290449679,12.89018531,1464.942391,0.169366742,0.897028065,-7.385528723,0.792845279,0.001017298,7.090039275285918e-10,0.762829667086648,0.0169805268601578,0.188988423365304,0.0016264944990972,4.59309313114781e-05,0.0293053006489547,0.0002236558943225,5.20008302824942e-12,,26.32642296597301,0.9681184622058034,0.01611237911475735,0.9835754382434456,0.9999999999999997,7.090042997148771e-10
56.37667076,0.290255133,12.59214992,1464.399943,0.169349949,0.897050879,-7.385750047,0.792623956,0.001020649,7.218701917564198e-10,0.759137721815002,0.0169027510699064,0.192231721245185,0.0016550518564976,4.66711838044293e-05,0.0297985368505158,0.000227545252051,5.16721498339707e-12,,25.765448262748613,0.9674700071102538,0.015739843027974394,0.9832112337992284,0.9999999999999998,7.218705633249556e-10
55.37592456,0.290059909,12.30588102,1463.856249,0.169333386,0.897074089,-7.385968318,0.792405685,0.001023997,7.346901286434318e-10,0.755468674754786,0.016825380434597,0.195455437136041,0.0016834480008918,4.74040811303804e-05,0.0302882492276543,0.0002314056250741,5.1344587763875e-12,,25.22644459961274,0.9668192921247307,0.015382014731899681,0.9828461927794547,0.999999999999999,7.346910857464195e-10
54.37353874,0.289855845,12.01948866,1463.288737,0.169316366,0.897098668,-7.386192608,0.792181395,0.001027485,7.479944439799328e-10,0.751671227393527,0.016745224549346,0.198792517307211,0.0017128545962297,4.81597266985516e-05,0.0307946198784126,0.0002353957954802,5.10046432746343e-12,,24.68701981153789,0.9661391119071049,0.015024032114201374,0.9824651601412174,1.0,7.479944441612929e-10
53.34000512,0.289635915,11.72457413,1462.677311,0.16929832,0.897125497,-7.386430384,0.791943619,0.001031229,7.62224394041784e-10,0.747621187519855,0.0166596580813508,0.202352243771417,0.0017442370683715,4.8962171166931e-05,0.0313340658229713,0.0002396447975785,5.064115697894749e-12,,24.13139853695393,0.9654060475975627,0.014655397017068665,0.9820546432501791,0.9999999999999994,7.622249498240308e-10
52.32825347,0.289410615,11.43626023,1462.051523,0.169280141,0.897153324,-7.386669897,0.791704106,0.001035049,7.76686923181272e-10,0.743517384030885,0.0165728749879497,0.205959908350089,0.0017760568261602,4.97716607223848e-05,0.0318800602623691,0.0002439431001109,5.02719011596191e-12,,23.588038476318467,0.9646550841594691,0.014295012526920925,0.9816344835837453,1.0000000000000004,7.766864928981931e-10
51.31069696,0.289173338,11.14669336,1461.392765,0.169261302,0.897182982,-7.386918077,0.791455926,0.001039058,7.917944889223521e-10,0.739244053895777,0.0164824267942474,0.209717366436994,0.001809213904322,5.06105968005264e-05,0.0324479167467938,0.0002484108282818,4.98864613335722e-12,,23.042163486826514,0.9638641993316818,0.013933061858539599,0.9811921875641018,0.9999999999999997,7.917948519065021e-10
50.27016826,0.288918828,10.85102221,1460.687541,0.169241446,0.897215171,-7.387179653,0.791194349,0.001043342,8.078612020391291e-10,0.734714769957724,0.0163864706748172,0.213700634550466,0.0018443812259766,5.14955490734672e-05,0.0330491100476072,0.0002531371815263,4.9476895721570695e-12,,22.484534709159703,0.9630158739671495,0.013563481007099046,0.980718693856007,0.9999999999999999,8.078614444073651e-10
49.2453489,0.288655556,10.56026489,1459.958208,0.169221229,0.897248847,-7.387445943,0.79092806,0.001047758,8.243326886087498e-10,0.730087915440108,0.0162883640486873,0.217770636899792,0.0018803342142185,5.23946612489424e-05,0.0336623992126772,0.0002579546940293,4.9057557374020294e-12,,21.936021678611866,0.9621383433578563,0.013200042308774326,0.980229013149443,0.9999999999999998,8.243329352453088e-10
48.21658748,0.288377738,10.26885849,1459.189958,0.169200258,0.897284779,-7.387722158,0.790651845,0.0010524,8.415546506704898e-10,0.725268442668497,0.0161860810092432,0.222010961690297,0.0019178126995164,5.33261698230919e-05,0.0343004135675878,0.0002629613486189,4.8619723986648e-12,,21.38603809598772,0.9612123284424359,0.012835792278200746,0.9797132032206206,1.0,8.415544927586893e-10
47.17263806,0.28808088,9.973656752,1458.369729,0.169178207,0.897323586,-7.388012567,0.790361436,0.001057344,8.597788792624861e-10,0.720188914616263,0.0160781883411788,0.22648115729375,0.0019573471567564,5.43020707554161e-05,0.0349718651299988,0.0002682245267021,4.8157260086696394e-12,,20.82869333631515,0.9602228499501787,0.012466798178922643,0.9791624941257844,0.9999999999999992,8.59779691886331e-10
46.15542348,0.287776002,9.686531975,1457.528358,0.169155925,0.897363855,-7.388306004,0.790067999,0.001062403,8.783084013877671e-10,0.715046116410355,0.0159688605177746,0.231008124461716,0.0019974093190708,5.52839711583846e-05,0.0356506659567875,0.0002735384800609,4.76880364219867e-12,,20.286376981683436,0.9592066394260816,0.012107900060004588,0.978597590102845,1.0000000000000004,8.783079818996953e-10
45.11866223,0.287448105,9.394444627,1456.624607,0.169132341,0.897407599,-7.388616562,0.789757441,0.001067825,8.980301847006468e-10,0.709596894325679,0.015852924124603,0.235806026146592,0.0020398978821139,5.63175089735151e-05,0.0363687870495778,0.000279152059711,4.71898373433529e-12,,19.734452893582986,0.9581137026375309,0.011742798863053676,0.9779908035893622,0.9999999999999993,8.980308718875563e-10
44.10776538,0.287110331,9.110214833,1455.694861,0.169108428,0.897453098,-7.388931441,0.789442562,0.001073392,9.181273919963719e-10,0.704070255674655,0.0157352470394803,0.240673363033516,0.0020830321869167,5.73583935492794e-05,0.037095916053632,0.0002848266954546,4.66835710972131e-12,,19.197137776752733,0.9569878441184959,0.011387519393713186,0.9773665638001232,0.9999999999999997,9.18127684990111e-10
43.08419251,0.286748613,8.823030726,1454.700314,0.169083214,0.897502282,-7.38926342,0.789110583,0.001079335,9.39409316912901e-10,0.698247215621439,0.0156111627363299,0.245803166087264,0.0021285268453928,5.84468699028293e-05,0.0378606967819222,0.000290784113725,4.6149158619582794e-12,,18.654003081203403,0.9557821761517836,0.011028547113917696,0.9766988160392635,0.9999999999999998,9.394094391268482e-10
42.08405389,0.286374374,8.543050357,1453.67337,0.169057524,0.897553615,-7.389601668,0.788772335,0.001085463,9.611735493153866e-10,0.692323808193196,0.0154848445355112,0.251022804648816,0.0021748553101677,5.95455947009868e-05,0.0386373195676631,0.0002968211842111,4.56045769724202e-12,,18.124201699812968,0.954534773550325,0.010678579309613285,0.9760093166425248,1.0000000000000002,9.611732521008776e-10
41.06731405,0.285970987,8.259103114,1452.567818,0.169030246,0.897609436,-7.389960796,0.788413207,0.001092048,9.843513936995936e-10,0.686051433115019,0.0153509861110986,0.256551617368979,0.0022239697234978,6.06991806525015e-05,0.0394581068872176,0.0003031866246811,4.5026946060402694e-12,,17.586636866451766,0.9531902156790326,0.010323653021295547,0.9752670391307391,0.9999999999999999,9.843514892082794e-10
40.06664833,0.285549364,7.980360241,1451.414122,0.169002156,0.897668273,-7.390330609,0.788043394,0.001098909,1.00827377934305e-09,0.679616794791803,0.0152135660878948,0.262225220449406,0.0022744162209095,6.18719711209845e-05,0.0402984430008139,0.0003096864653344,4.44334356084377e-12,,17.058639898969503,0.9517848741004297,0.009975232053147908,0.9744924373062774,0.9999999999999997,1.0082741308536924e-09
39.05592475,0.285096419,7.699587655,1450.176778,0.168972418,0.897732001,-7.390722113,0.78765189,0.001106258,1.0336386620079702e-09,0.672838356781054,0.0150687022079574,0.268203909120645,0.0023276270015139,6.3095528684376e-05,0.0411818094806038,0.0003164988415211,4.38072879306633e-12,,16.52649447436454,0.950275130938125,0.009624273999259171,0.9736616734656414,0.9999999999999988,1.0336397293642108e-09
38.02914353,0.284605742,7.415208407,1448.838734,0.168940669,0.897801596,-7.391140072,0.787233931,0.001114195,1.06073820147302e-09,0.665647440331875,0.0149149163899006,0.274548615390446,0.0023841550009984,6.43799101584028e-05,0.0421168070204276,0.0003236848911413,4.31421094792747e-12,,15.9871815697509,0.9486396205656733,0.009268807716505971,0.9727632987433489,0.9999999999999997,1.0607384970384715e-09
37.02449229,0.284092919,7.137856734,1447.442904,0.168907961,0.897874903,-7.391570674,0.786803329,0.001122466,1.08865482646435e-09,0.658295819894199,0.0147575874827583,0.281037485370483,0.0024420329042596,6.56781549395263e-05,0.0430704092139207,0.0003309858865382,4.24611923021643e-12,,15.460851556039483,0.9469302937870965,0.008922125710311583,0.9718261259832472,0.9999999999999994,1.0886553880595784e-09
36.00604696,0.283536672,6.857678236,1445.931833,0.168872978,0.897955022,-7.392031219,0.786342784,0.00113141,1.1184836762677901e-09,0.650504658125339,0.0145907425011605,0.287916959736897,0.0025034694984757,6.70372440445301e-05,0.0440784613052355,0.0003386704661905,4.1738723697249194e-12,,14.92878546893722,0.9450762273887424,0.008571910250175637,0.9708115793838911,1.0000000000000002,1.1184833059729726e-09
34.97563279,0.282932709,6.575298425,1444.294567,0.168835523,0.898042669,-7.392524324,0.785849679,0.001141094,1.15035991883491e-09,0.64225316045848,0.014413924736544,0.295205907248368,0.0025686496135368,6.84573265661486e-05,0.0451431528487989,0.0003467466132491,4.09727612831181e-12,,14.392130985552297,0.9430631154004548,0.00821894320899153,0.969712304331599,1.0,1.1503599184337077e-09
33.97027936,0.282299223,6.300938954,1442.580723,0.168796782,0.898135291,-7.393034376,0.785339626,0.001151222,1.1832468462058802e-09,0.633822285482167,0.0142331469218688,0.30265658069411,0.0026353711172031,6.98870335337145e-05,0.046227799617491,0.0003549279463602,4.01894031971171e-12,,13.870306806928415,0.9409515982031887,0.007876001373465951,0.9685616141244366,0.9999999999999997,1.183247166913759e-09
32.94552626,0.281603579,6.022564247,1440.703683,0.16875478,0.898237685,-7.393587391,0.784786612,0.001162314,1.2187422104680901e-09,0.624817742132005,0.014039955493697,0.310617797961189,0.0027067766795951,7.13901843571768e-05,0.04738275164866,0.0003635846778198,3.93521644798546e-12,,13.340352500044103,0.938632897759651,0.007528040602749653,0.9673013526616359,1.0000000000000004,1.2187417741671425e-09
31.93365169,0.2808616,5.749077769,1438.706182,0.16871058,0.898347688,-7.394169401,0.784204602,0.001174111,1.25592427060492e-09,0.615493709650068,0.0138397871444162,0.318865567151927,0.0027808779380153,7.29193376496141e-05,0.0485746840612897,0.000372453456861,3.84846596727528e-12,,12.819216629247657,0.9361597548354028,0.007186189984599327,0.9659602126048411,0.9999999999999997,1.255924586551771e-09
30.92567233,0.28006169,5.478153859,1436.557996,0.168663545,0.898467108,-7.394788785,0.783585217,0.001186794,1.2952658394906202e-09,0.605751280799759,0.0136305136225011,0.327487929503252,0.0028584874737631,7.44864853763213e-05,0.0498156898317968,0.0003816109845281,3.75778102455924e-12,,12.302435668734546,0.9334935179789212,0.006847542506367503,0.9645179012898303,1.0000000000000002,1.2952657835185732e-09
29.92528672,0.279200644,5.21091272,1434.252341,0.168613519,0.898596483,-7.395447657,0.782926346,0.001200411,1.33679751852773e-09,0.595606175684202,0.013412473655068,0.336471518766317,0.0029395125962122,7.60845025408941e-05,0.0511032106990309,0.0003910227561676,3.66333100538481e-12,,11.792082707238157,0.9306235043769835,0.006513498391168699,0.9629698638782599,0.9999999999999996,1.3367980056244733e-09
28.90230622,0.278242408,4.939508737,1431.693514,0.168558537,0.898741446,-7.396171886,0.782202116,0.001215525,1.3820822613124902e-09,0.584711686804331,0.0131781971996067,0.34612441363127,0.0030267687529194,7.77600749960863e-05,0.0524801939407761,0.0004009782104567,3.56189872118941e-12,,11.273136729789812,0.9274295398804683,0.006174250834815985,0.9612518445190167,1.0,1.3820821154197915e-09
27.88334045,0.27719979,4.671261812,1428.917617,0.16849942,0.898900228,-7.396950729,0.781423274,0.001231926,1.43030636273981e-09,0.573305750677949,0.0129327939117785,0.356236923664769,0.0031184086450566,7.9467732809743e-05,0.0539154314947549,0.0004112224391196,3.45573069606362e-12,,10.759515516934606,0.923954315744214,0.00583894951462357,0.9593880824181535,0.9999999999999993,1.430306983962737e-09
26.87278799,0.27606743,4.407527978,1425.912963,0.168435992,0.899073851,-7.397786548,0.780587455,0.001249692,1.4815316448834502e-09,0.561415933879066,0.0126768423346286,0.366785473574167,0.0032142624324173,8.11952037526355e-05,0.055404597277476,0.000421693813616,3.3451083500592597e-12,,10.253729161873956,0.9201799661713803,0.005509289434756457,0.9573707308192264,1.0000000000000004,1.481531342051312e-09
25.86117043,0.274822505,4.146081,1422.620509,0.168367035,0.899266004,-7.39869544,0.779678563,0.001269174,1.5365697493937702e-09,0.548905504628608,0.0124073996506497,0.377892653349207,0.0033155026226639,8.29519520918137e-05,0.056963519715345,0.0004324665416363,3.22880930596288e-12,,9.751467554503371,0.9160304181990392,0.00518248786234806,0.9551601477233712,1.0000000000000004,1.5365693162294747e-09
24.84873428,0.273449529,3.887303564,1419.002341,0.168291826,0.899479362,-7.399687014,0.778686989,0.001290605,1.59584373526178e-09,0.535744648699121,0.0121238120912684,0.389586307527733,0.0034224549028742,8.47294516511575e-05,0.0585945379693987,0.0004435077590027,3.10660849520183e-12,,9.2533617858323,0.9114540543402744,0.0048590231444326235,0.9527308773315101,0.9999999999999996,1.5958441235142118e-09
23.83401956,0.271927757,3.631196915,1415.007121,0.168209366,0.899717487,-7.400774551,0.777599452,0.001314297,1.65995282773726e-09,0.521881709002207,0.0118249573651867,0.401913944995991,0.0035356427135084,8.65193902857464e-05,0.0603024357944965,0.0004547890753942,2.9780966046092996e-12,,8.759303413359238,0.9063817279616045,0.004538896837226098,0.9500484508507688,1.0000000000000004,1.6599525087812594e-09
22.82762332,0.270253373,3.380816652,1410.628531,0.168119585,0.899981362,-7.401959095,0.776414908,0.0013403,1.72875331882586e-09,0.507440963763762,0.0115135079060102,0.414766689695935,0.0036541675827547,8.82889561126622e-05,0.0620702522424252,0.0004661281214021,2.8445116780171e-12,,8.275075613372605,0.9008007196822944,0.004225928355913501,0.9471086263193764,0.9999999999999999,1.7287534737064902e-09
21.81764493,0.268383145,3.133646987,1405.757881,0.168020318,0.900278278,-7.403269372,0.775104631,0.001369273,1.8036867133900902e-09,0.492234677901148,0.0111854085200558,0.42831345036039,0.0037797117339886,9.00411493247395e-05,0.0639191355500736,0.0004775729786283,2.70422656252294e-12,,7.795681389151433,0.8945669298514085,0.003916973034296983,0.9438384282981354,1.0,1.803686755508238e-09
20.80220914,0.266281964,2.88982756,1400.309245,0.167909892,0.900614459,-7.404727683,0.77364632,0.001401742,1.88576335190223e-09,0.476209925816432,0.0108395091534703,0.442603600459027,0.003912898880335,9.17560067488646e-05,0.0658532758018437,0.0004890319938227,2.55690020277057e-12,,7.321209063933499,0.8875633341664705,0.0036122054185576476,0.9401801653012738,0.9999999999999999,1.885763434295029e-09
19.7933372,0.263941309,2.652850753,1394.266515,0.167788052,0.900992044,-7.40633768,0.772036323,0.001437824,1.97493611800912e-09,0.459552405744649,0.0104798138951465,0.45747366637052,0.0040523969795426,9.33850073890199e-05,0.0678481073971796,0.0005002226282323,2.40441777787181e-12,,6.858269986715807,0.8797615306769431,0.003315990890685303,0.936123022273363,0.9999999999999996,1.9749364366106192e-09
18.77817483,0.26129184,2.420391754,1387.457532,0.1676514,0.901423229,-7.408144596,0.770229407,0.001478569,2.07346988293996e-09,0.442058213017237,0.0101019174110618,0.4731078347306,0.0042001717947984,9.49139711346147e-05,0.0699258486114771,0.0005110983879766,2.24513893499807e-12,,6.402106436314557,0.8709303973020567,0.00302542349925926,0.9315514101203105,1.0000000000000004,2.0734693961799167e-09
17.76503371,0.258307515,2.195166671,1379.823087,0.167498832,0.901913578,-7.410163526,0.768210477,0.001524356,2.18198579047064e-09,0.423891152791202,0.0097093582012341,0.489361839011525,0.0043551583510511,9.62875440188405e-05,0.0720648711301619,0.0005213307867403,2.08084359556128e-12,,5.95778781725181,0.860983131601266,0.002743898304998985,0.9264255753893662,0.9999999999999999,2.1819859252758533e-09
16.75444501,0.254939662,1.978092373,1371.246359,0.167328094,0.902472764,-7.412424883,0.76594912,0.001575914,2.3020359498236703e-09,0.405111758303365,0.0093034503776602,0.506183023742572,0.004517201318747,9.74563934673745e-05,0.0742564789726623,0.0005306285875785,1.91242245902136e-12,,5.526861063014128,0.8497575014731116,0.002472561369079806,0.920667083415128,1.0000000000000007,2.3020352291069912e-09
15.74484614,0.25112557,1.769692825,1361.575108,0.167136252,0.90311341,-7.414968322,0.763405681,0.001634182,2.43582313359466e-09,0.385765269410619,0.0088851831034818,0.523531650054891,0.0046863403894852,9.83661930111694e-05,0.0764945247514272,0.0005386636595213,1.7407030377060398e-12,,5.110071957128315,0.8370444804277296,0.0022120676334222485,0.9141737188984564,1.0000000000000004,2.4358225436671432e-09
14.74167703,0.246824627,1.571918897,1350.712235,0.16692149,0.903845199,-7.417818888,0.760555114,0.001699766,2.5850659380685504e-09,0.36605939067072,0.0084590660181406,0.541220919274827,0.0048612470559751,9.89512665123858e-05,0.0787554184828727,0.0005450046443175,1.5680235401057098e-12,,4.711023201811367,0.8227087017223421,0.001964855632173624,0.9068802887013383,0.9999999999999993,2.5850666052207316e-09
13.73488522,0.241922483,1.383668629,1338.372034,0.166678316,0.904691474,-7.421050799,0.757323203,0.001774399,2.7545254263865303e-09,0.345923762288787,0.0080236049842011,0.559311731357831,0.0050431300640888,9.9149126018494e-05,0.0810493562471966,0.000549263175957,1.39437133673651e-12,,4.327147982273378,0.8063690172471135,0.001729547945470501,0.8985949672571948,0.9999999999999998,2.754525607606695e-09
12.72914371,0.236359484,1.206721617,1324.401906,0.166403933,0.905667814,-7.424702962,0.753671041,0.001858992,2.9478513953019503e-09,0.325601314038163,0.007584093771148,0.57758106468772,0.0052304901534602,9.88836764629291e-05,0.083353245953856,0.0005509047701164,1.22256817747481e-12,,3.9616861949080255,0.7878265900160873,0.0015083690196442193,0.8892152982310719,1.0000000000000004,2.94785085230842e-09
11.72441787,0.230051096,1.04179403,1308.57721,0.166094299,0.906796108,-7.428831361,0.749542641,0.001954853,3.17080924498149e-09,0.305262615247619,0.0071442670373655,0.595867017817319,0.0054225062946082,9.8080909941552e-05,0.0856561144290692,0.000549395092213,1.05485453411065e-12,,3.61575045293361,0.7667996537475246,0.0013022140463588797,0.87859045564416,0.9999999999999993,3.1708098369165327e-09
10.72010493,0.222902694,0.88935009,1290.63191,0.165744657,0.908102687,-7.433502246,0.744871757,0.002063478,3.4314404794865305e-09,0.285076561508799,0.006707849680388,0.614004570460928,0.0056184281324339,9.6667052535545e-05,0.0879517395346782,0.0005441801979034,8.935121797754122e-13,,3.289963536328733,0.7429728071305969,0.001111663290418869,0.8665418205440034,0.9999999999999999,3.4314405761293187e-09
9.719509324,0.214844232,0.75018207,1270.337345,0.165351312,0.909612967,-7.438768568,0.739605435,0.002186037,3.73980976078312e-09,0.265286097391691,0.006280175182458,0.631756316421646,0.0058167828109754,9.45785950610567e-05,0.090231307207606,0.0005347386500111,7.413970849251452e-13,,2.985714543810702,0.7161125748657716,0.0009377070714069848,0.8529158678877974,0.9999999999999997,3.739810128244869e-09
8.718694411,0.205740595,0.623794524,1247.262682,0.164907155,0.911369524,-7.44473005,0.733643953,0.002324768,4.11306519902417e-09,0.245972541043714,0.0058630949724501,0.649022982137781,0.0060177060003395,9.17398767399414e-05,0.0925114367759797,0.0005204950793305,6.00066503002497e-13,,2.701652352013178,0.6857685955463114,0.0007797260953727594,0.8374233325417131,1.0,4.113065221744705e-09
7.71202581,0.195405443,0.509451738,1220.787898,0.164401756,0.913432549,-7.451532865,0.726841138,0.002482825,4.5785812998914e-09,0.227162206558143,0.0054573284192476,0.665743253763591,0.0062220903456476,8.80579779171493e-05,0.0948262898995772,0.0005007684568247,4.70760745573884e-13,,2.435725688209479,0.6513197660783222,0.000636800739936611,0.8196479255119355,1.0000000000000002,4.578581069836218e-09
6.708513267,0.18377285,0.407855827,1190.50392,0.163830405,0.915849687,-7.459248439,0.719125563,0.002661691,5.171808596732781e-09,0.209115650299645,0.0050686304400586,0.681636033397317,0.0064283119103156,8.34766800296791e-05,0.0971927903341444,0.0004751017663247,3.562109843385071e-13,,2.189243308269676,0.6125463438270068,0.0005098086296469919,0.7993149915234721,0.9999999999999998,5.1718087590302275e-09
5.705957044,0.170622841,0.318141497,1155.46309,0.163179603,0.91871535,-7.46806956,0.710304443,0.002865527,5.95941896733676e-09,0.191823808564721,0.0046969879494219,0.696641022545883,0.0066377522639159,7.78849711727302e-05,0.0996797577684869,0.0004427799767226,2.57158729952891e-13,,1.9597538196068824,0.5687151144901258,0.00039766817066809397,0.7757882645099017,1.0000000000000002,5.9594187362677076e-09
4.701560616,0.155624892,0.239381861,1114.156488,0.162428613,0.922176956,-7.478292215,0.700081788,0.003100735,7.065659148565841e-09,0.175212308387377,0.0043410537294138,0.710722181961695,0.0068529938825764,7.1108037521072e-05,0.102397558852893,0.0004027880826896,1.7399460665325704e-13,,1.7442091673823295,0.5187243850387737,0.00029922077959856317,0.7480546420725279,0.999999999999999,7.065660168059651e-09
3.700376703,0.138401654,0.17120698,1064.452865,0.161551597,0.926444299,-7.490290106,0.688083896,0.003375456,8.73445026830075e-09,0.159255825268422,0.0040006181162259,0.723742778456375,0.0070765347840183,6.29291739982525e-05,0.105507308822962,0.0003539966434412,1.0736362350674899e-13,,1.5403416556239125,0.4613163867095191,0.00021400404280554747,0.7146831845497917,1.0000000000000004,8.734449941094624e-09
2.699355334,0.118112428,0.11264298,1001.802026,0.160493817,0.93195023,-7.504847525,0.673526478,0.003707411,1.1581070416405502e-08,0.143670707849101,0.0036701260621287,0.73564830759564,0.007315471771158,5.28847875688067e-05,0.109348419017762,0.0002940713355145,5.69460344456566e-14,,1.342534578747701,0.39368892593182614,0.00014080064442270067,0.6726188502767694,1.0000000000000004,1.1581069991883908e-08
1.69870802,0.093102356,0.063117156,916.0244126,0.159144878,0.939646172,-7.523551319,0.654822684,0.00413393,1.7630752796055802e-08,0.127954970009767,0.00333982777513,0.746170597487982,0.0075826167539858,4.00868443559954e-05,0.114693122417386,0.000218761080618,2.2523273496093503e-14,,1.1417727536757802,0.31032607792435274,7.8894718862446e-05,0.6150269925971033,1.0,1.7630752635611202e-08
0.999472411,0.070586549,0.033718871,826.6894405,0.157878245,0.947746985,-7.541258407,0.637115595,0.004542389,2.87720513393808e-08,0.116199319228138,0.0030954630325713,0.752176392006358,0.0078017861315225,2.84184850955232e-05,0.120546653985784,0.0001519383584703,7.806785372579171e-15,,0.9879040879402223,0.23527704181175765,4.2147666601202434e-05,0.5550466924340757,0.9999999999999987,2.877205262930005e-08
