P_bars,H2OT_m_wtpc,CO2T_m_ppmw,ST_m_ppmw,Fe3Fet_m,S6St_m,logfO2,dFMQ,vapor_wt,O2_v_mf,CO2_v_mf,CO_v_mf,H2O_v_mf,H2_v_mf,S2_v_mf,SO2_v_mf,H2S_v_mf,CH4_v_mf,OCS_v_mf,CS_v_mf,H2OT_m_wtpc_norm,CO2T_m_ppmw_norm,ST_m_ppmw_norm,SUM_v_mf,XO2_BYDIFF_v_mf
2068.1,0.200046399,1100.018439,1407.622745,0.102240883,0.708107408,-10.05806511,-0.392023526,0.0001,2.74247945709442e-14,0.935035031570617,0.0606920103683776,0.0037338350507697,9.07083961659101e-05,7.05202220833229e-05,0.0001371261288339,0.0002407657821607,2.48096446988149e-09,,1918.7993088435594,1.0,1.0,1.0,0.9999999999999999,2.7533531010703882e-14
2066.1,0.200045079,1098.36375,1407.622056,0.10223731,0.7080943,-10.05814565,-0.392104064,0.000101621,2.74575236629967e-14,0.935025412048136,0.0606970185474619,0.0037376284779895,9.08266402015204e-05,7.06273446467381e-05,0.000137314087144,0.0002411703725348,2.4818578225043904e-09,,1915.8118741803098,0.9999934015308117,0.9984957624878504,0.99999951052226,0.9999999999999998,2.7644553313166398e-14
2064.1,0.200043758,1096.710548,1407.621366,0.102233736,0.708081186,-10.05822623,-0.392184641,0.000103241,2.7490314632656003e-14,0.935015781181784,0.0607020293095746,0.0037414288969523,9.09451276121756e-05,7.07346999199548e-05,0.0001375024214287,0.0002415758799487,2.4827518837114e-09,,1912.8272214930687,0.9999867980627833,0.996992876771223,0.9999990203341025,0.9999999999999998,2.7755575615628914e-14
2062.1,0.200042437,1095.058831,1407.620675,0.10223016,0.708068065,-10.05830684,-0.392265255,0.00010486,2.7523167659378e-14,0.935006138945507,0.0607070426545486,0.0037452363291069,9.10638591104542e-05,7.08422884666072e-05,0.0001376911326542,0.0002419823069322,2.4836466537483404e-09,,1909.8453510520476,0.9999801945947548,0.9954913410319662,0.9999985294355271,1.0000000000000002,2.731148640577885e-14
2060.1,0.200041114,1093.408599,1407.619982,0.102226582,0.708054938,-10.05838749,-0.392345907,0.000106477,2.7556082924003702e-14,0.934996485313372,0.0607120585814726,0.003749050796059,9.11828354106075e-05,7.09501109742824e-05,0.000137880221912,0.0002423896562297,2.4845421327398604e-09,,1906.8662610273236,0.9999735811290459,0.9939911552700801,0.9999980371161167,0.9999999999999998,2.7755575615628914e-14
2058.1,0.200039791,1091.759851,1407.619287,0.102223003,0.708041805,-10.05846818,-0.392426597,0.000108093,2.7589060607271503e-14,0.934986820258436,0.060717077090264,0.0037528723195695,9.13020572308455e-05,7.10581681352413e-05,0.0001380696902959,0.0002427979306028,2.48543832094527e-09,,1903.88994955735,0.9999669676633368,0.992492318576489,0.999997543375871,1.0000000000000004,2.7422508708241367e-14
2056.18,0.20003852,1090.178446,1407.617894,0.102219564,0.70802922,-10.0585457,-0.392504115,0.000109642,2.7620776837526503e-14,0.934977530908462,0.0607218986398286,0.003756547650816,9.14167441122626e-05,7.11617879139934e-05,0.0001382516045763,0.0002431901779636,2.4862995641471404e-09,,1901.041021760783,0.9999606141373232,0.9910547017657765,0.9999965537641267,1.0,2.7644553313166398e-14
2054.26,0.200037248,1088.598407,1407.617949,0.102216126,0.708016571,-10.05862322,-0.392581628,0.00011119,2.7652553403847e-14,0.934968231240788,0.0607267198565011,0.0037602295061833,9.15316539996846e-05,7.12662982119031e-05,0.0001384345364223,0.0002435844207047,2.48716099004674e-09,,1898.183213536152,0.9999542556124691,0.98961832675243,0.9999965928370957,0.9999999999999996,2.808864252301646e-14
2052.34,0.200035975,1087.019731,1407.617278,0.102212685,0.708003946,-10.05870078,-0.392659196,0.000112737,2.7684386746940702e-14,0.934958920846105,0.0607315448053906,0.0037639179338591,9.16467943865367e-05,7.13706901240639e-05,0.0001386174875474,0.0002439789545362,2.4880233054438304e-09,,1895.3336801833852,0.9999478920887748,0.9881831908092226,0.9999961161468729,0.9999999999999999,2.7755575615628914e-14
2050.42,0.200034702,1085.442418,1407.616605,0.102209243,0.707991315,-10.05877839,-0.392736799,0.000114283,2.77162782706e-14,0.934949599829323,0.06073637213022,0.0037676129442415,9.17621636327986e-05,7.14753007819196e-05,0.0001388007920294,0.0002443743508573,2.4888862748626104e-09,,1892.486701041928,0.9999415285650806,0.9867492939361538,0.9999956380358148,1.0,2.7644553313166398e-14
2048.5,0.200033427,1083.866467,1407.615931,0.1022058,0.707978678,-10.05885602,-0.392814437,0.000115827,2.7748228143030304e-14,0.934940268171119,0.0607412018255096,0.0037713145574176,9.18777623780977e-05,7.15801308017177e-05,0.0001389844508729,0.000244770612123,2.48974989764681e-09,,1889.6422745789203,0.9999351550437057,0.9853166352241484,0.9999951592143391,0.9999999999999994,2.8310687127941492e-14
2046.6568,0.200032204,1082.354834,1407.614613,0.102202492,0.707966568,-10.0589306,-0.392889017,0.000117308,2.7778954068945403e-14,0.9349312997936,0.0607458416573877,0.0037748743467226,9.1988955584658e-05,7.16806607280415e-05,0.0001391607880118,0.0002451513073576,2.4905797826424803e-09,,1886.9192803602366,0.9999290414620259,0.9839424464411183,0.9999942228839163,1.0,2.7755575615628914e-14
2044.8136,0.200030979,1080.844454,1407.614633,0.102199184,0.707954399,-10.05900519,-0.392963599,0.000118788,2.7809735997214403e-14,0.934922321400228,0.0607504815504879,0.0037784402375289,9.21003577782345e-05,7.17820218147665e-05,0.000139338072666,0.0002455338680579,2.49140989641485e-09,,1884.188122919713,0.9999229178826657,0.9825693967299034,0.9999942370922686,0.9999999999999993,2.842170943040401e-14
2042.9704,0.200029753,1079.335327,1407.613982,0.102195874,0.707942251,-10.05907981,-0.393038227,0.000120267,2.78405712483828e-14,0.934913333288899,0.0607551246147522,0.0037820122791885,9.22119749734995e-05,7.18832726299178e-05,0.0001395153771759,0.0002459167001118,2.49224078766878e-09,,1881.4645729854587,0.9999167893044653,0.9811974860905037,0.9999937746103983,0.9999999999999994,2.842170943040401e-14
2041.1272,0.200028527,1077.82745,1407.61333,0.102192562,0.707930098,-10.05915447,-0.393112888,0.000121745,2.78714608107581e-14,0.934904335227688,0.0607597699156878,0.0037855904790658,9.23238060874043e-05,7.19847279857134e-05,0.0001396930116885,0.0002463003386965,2.4930722904105703e-09,,1878.743367825729,0.9999106607262648,0.979826711795692,0.9999933114181101,0.9999999999999999,2.7977620220553945e-14
2039.284,0.2000273,1076.320824,1407.612676,0.102189249,0.70791794,-10.05922917,-0.39318758,0.000123221,2.7902404882627502e-14,0.934895327246638,0.0607644174004304,0.0037891748561982,9.24358516272811e-05,7.20863883160044e-05,0.0001398709772254,0.0002466847856323,2.4939043962565904e-09,,1876.024507930724,0.999904527149224,0.9784570747545441,0.9999928468049869,1.0,2.786659791809143e-14
2037.514528,0.200026121,1074.875639,1407.611427,0.102186067,0.707906289,-10.05930091,-0.393259327,0.000124637,2.79321618442449e-14,0.934886670447912,0.0607688818883261,0.0037926216977604,9.25436191454099e-05,7.2183882937614e-05,0.0001400418486624,0.0002470541205237,2.49470393669723e-09,,1873.4214380893716,0.9998986335165173,0.9771432922316678,0.9999919594933798,0.9999999999999996,2.842170943040401e-14
2035.745056,0.200024942,1073.431604,1407.611417,0.102182885,0.707894581,-10.05937267,-0.39333108,0.000126052,2.79619708424372e-14,0.934878004031563,0.0607733466917775,0.0037960742457745,9.26515822883758e-05,7.2282152814079e-05,0.000140213602265,0.000247425197986,2.49550373074257e-09,,1870.8108656639756,0.9998927398838107,0.9758305551458125,0.9999919523892037,1.0000000000000002,2.786659791809143e-14
2033.975584,0.200023762,1071.988719,1407.610786,0.102179701,0.707882895,-10.05944446,-0.393402874,0.000127466,2.79918297090709e-14,0.934869328628732,0.0607778143543609,0.0037995325486624,9.27597461500258e-05,7.23803204428111e-05,0.0001403853756035,0.0002477965297161,2.4963042321829104e-09,,1868.2072815706474,0.9998868412522636,0.9745188634969781,0.9999915041156855,0.9999999999999998,2.8199664825478976e-14
2032.206112,0.200022581,1070.546983,1407.610153,0.102176516,0.707871203,-10.05951628,-0.393474697,0.000128879,2.8021739342685904e-14,0.934860644001269,0.0607822840277383,0.0038029966134079,9.28681097293346e-05,7.24786790002166e-05,0.0001405574572211,0.0002481686145002,2.49710528993867e-09,,1865.605853727272,0.9998809376218764,0.9732082163760893,0.9999910544213323,0.9999999999999992,2.8754776337791554e-14
2030.43664,0.2000214,1069.106395,1407.609519,0.102173329,0.707859507,-10.05958814,-0.393546549,0.000130291,2.8051699877807403e-14,0.934851950130134,0.0607867557094216,0.0038064664577099,9.29766735481719e-05,7.25772289873401e-05,0.0001407298479243,0.0002485414543393,2.4979069038009404e-09,,1863.006580920697,0.999875033991489,0.9718986128740703,0.9999906040165614,0.9999999999999996,2.853273173286652e-14
2028.737947,0.200020265,1067.724508,1407.608336,0.102170267,0.707848292,-10.05965718,-0.393615598,0.000131645,2.80805072041057e-14,0.934843593379253,0.0607910533178333,0.0038098029568503,9.30810881932005e-05,7.26717503614025e-05,0.0001408953614843,0.0002488996473189,2.49867746219408e-09,,1860.5176631329332,0.9998693603077553,0.9706423730229854,0.9999897635925172,1.0,2.808864252301646e-14
2027.039254,0.20001913,1066.343682,1407.608298,0.102167208,0.707837036,-10.05972617,-0.393684588,0.000132998,2.8109367275074703e-14,0.934835231902144,0.060795346971069,0.0038131448261999,9.31856793295573e-05,7.27669834599651e-05,0.0001410617074457,0.0002492594308756,2.4994475625389304e-09,,1858.022013104549,0.9998636866240216,0.9693870977011868,0.9999897365966477,0.9999999999999993,2.8754776337791554e-14
2025.340561,0.200017994,1064.96391,1407.607686,0.102164145,0.707825794,-10.05979523,-0.393753648,0.00013435,2.8138271818770304e-14,0.93482685993118,0.0607996453770249,0.0038164920658721,9.32904609307421e-05,7.28621271520402e-05,0.0001412280673744,0.0002496194702194,2.50021866120483e-09,,1855.5327038099495,0.9998580079414475,0.9681327805451451,0.9999893018210644,1.0000000000000002,2.7755575615628914e-14
2023.641868,0.200016858,1063.585194,1407.607073,0.102161081,0.707814548,-10.05986432,-0.393822734,0.000135701,2.8167223751916504e-14,0.934818479363522,0.0608039456313743,0.0038198446983024,9.33954289644051e-05,7.29574490862379e-05,0.0001413947150448,0.000249980212687,2.50099027270079e-09,,1853.0453760597877,0.9998523292588735,0.9668794233730114,0.9999888663350633,0.9999999999999996,2.864375403532904e-14
2021.943174,0.200015721,1062.207532,1407.606459,0.102158017,0.707803297,-10.05993343,-0.393891848,0.000137051,2.81962231940672e-14,0.934810090179109,0.06080824773333,0.0038232027408826,9.35005839023714e-05,7.30529497166378e-05,0.0001415616511779,0.0002503416600903,2.50176239708279e-09,,1850.56002873274,0.9998466455774593,0.9656270243666343,0.999988430138645,0.9999999999999992,2.8976820942716586e-14
2020.312429,0.200014628,1060.885968,1407.605338,0.102155073,0.707792514,-10.05999982,-0.393958232,0.000138346,2.82241068126278e-14,0.934802028641828,0.0608123802063077,0.0038264315773023,9.36017102272371e-05,7.31445453108884e-05,0.0001417219330055,0.0002506888834858,2.5025042473785204e-09,,1848.1800315990288,0.9998411818450178,0.9644256226872212,0.9999876337604933,1.0,2.8199664825478976e-14
2018.681684,0.200013535,1059.565374,1407.605276,0.102152129,0.707781683,-10.06006621,-0.394024622,0.00013964,2.82520357351774e-14,0.93479395870984,0.0608165129501044,0.0038296654144618,9.37030070558287e-05,7.32368135405267e-05,0.0001418829798224,0.0002510376219009,2.50324631460438e-09,,1845.793708935499,0.9998357181125763,0.9632251028112085,0.9999875897146008,1.0000000000000004,2.786659791809143e-14
2017.050938,0.200012442,1058.245751,1407.604683,0.102149183,0.707770869,-10.06013263,-0.394091046,0.000140933,2.8280008114027104e-14,0.934785880987098,0.0608206481100995,0.0038329042965756,9.38044787161614e-05,7.33289941199948e-05,0.0001420440455168,0.0002513865838561,2.50398898265433e-09,,1843.413282808324,0.9998302543801351,0.9620254656476718,0.9999871684369522,0.9999999999999996,2.8754776337791554e-14
2015.420193,0.200011348,1056.927097,1407.604088,0.102146237,0.707760052,-10.06019908,-0.394157494,0.000142225,2.8308024706494803e-14,0.934777795244424,0.060824784971439,0.0038361482323392,9.39061243310077e-05,7.34213410270375e-05,0.0001422053796538,0.0002517362020255,2.5047321238437803e-09,,1841.034677761002,0.9998247856488534,0.9608267093784598,0.9999867457384686,0.9999999999999999,2.842170943040401e-14
2013.789447,0.200010253,1055.609411,1407.603493,0.102143289,0.70774923,-10.06026555,-0.394223968,0.000143517,2.8336085579497903e-14,0.934769701419862,0.0608289235741402,0.0038393972401856,9.400794438478e-05,7.35138547721441e-05,0.0001423669827768,0.0002520864783745,2.5054757448965804e-09,,1838.6578913178628,0.9998193119187313,0.9596288330944969,0.9999863230399848,1.0,2.8310687127941492e-14
2011.832553,0.200008939,1054.029467,1407.602777,0.102139751,0.707736239,-10.06034536,-0.394303769,0.000145065,2.8369817322280204e-14,0.934759978225257,0.0608338921008942,0.0038433027736163,9.41303591704745e-05,7.36250917716841e-05,0.000142561262681,0.0002525076802125,2.50636870831765e-09,,1835.8081511410933,0.999812743442585,0.9581925444433392,0.9999858143809691,1.0000000000000002,2.8199664825478976e-14
2009.875658,0.200007624,1052.450915,1407.60206,0.102136211,0.707723242,-10.06042519,-0.394383605,0.000146612,2.8403613243135703e-14,0.934750243391851,0.0608388630597153,0.0038472156777821,9.42530263931638e-05,7.37365702006566e-05,0.0001427559322364,0.0002529298345304,2.50726235103959e-09,,1832.961028199955,0.9998061699675983,0.9567575212255146,0.9999853050115356,1.0,2.842170943040401e-14
2007.918764,0.200006308,1050.873755,1407.601341,0.102132669,0.707710239,-10.06050506,-0.394463476,0.000148157,2.84374735723818e-14,0.934740496916821,0.0608438364058046,0.0038511359955273,9.43759467309034e-05,7.38482905999403e-05,0.0001429509926227,0.0002533529437086,2.50815666612657e-09,,1830.1165233242964,0.9997995914937713,0.9553237634410237,0.9999847942212671,1.0000000000000002,2.808864252301646e-14
2005.96187,0.200004991,1049.297986,1407.60062,0.102129126,0.70769723,-10.06058497,-0.394543383,0.000149701,2.84713983892291e-14,0.93473073863687,0.060848812246383,0.0038550637763999,9.44991210893033e-05,7.39602539644538e-05,0.0001431464446976,0.0002537770115158,2.5090516715486504e-09,,1827.2746307459681,0.999793008021104,0.9538912701807902,0.9999842820101632,1.0000000000000002,2.8310687127941492e-14
2004.004975,0.200003674,1047.723607,1407.599898,0.102125582,0.707684215,-10.06066491,-0.394623326,0.000151244,2.8505387882459505e-14,0.934720968485366,0.0608537905782785,0.0038589990847256,9.46225502157191e-05,7.40724610141835e-05,0.0001433422896009,0.0002542020408231,2.5099473673374604e-09,,1824.4353486886666,0.9997864245484368,0.9524600405357386,0.9999837690886417,0.9999999999999999,2.853273173286652e-14
2002.126356,0.200002409,1046.213509,1407.598494,0.102122177,0.707671746,-10.0607417,-0.394700114,0.000152724,2.8538078336380605e-14,0.934711578575911,0.0608585726762416,0.0038627841653599,9.47412837319443e-05,7.41800649215929e-05,0.0001435303353487,0.0002546103876482,2.5108079912666702e-09,,1821.7174750764373,0.9997801010154648,0.9510872471838628,0.9999827716623038,0.9999999999999996,2.8976820942716586e-14
2000.247738,0.200001142,1044.704689,1407.598507,0.102118772,0.70765921,-10.0608185,-0.394776914,0.000154202,2.8570830020385006e-14,0.934702176394484,0.060863355619748,0.0038665764216313,9.48602505866155e-05,7.42885835113448e-05,0.0001437194180131,0.0002550208003283,2.51166898642583e-09,,1818.9912492248448,0.9997737674848123,0.949715615630694,0.9999827808977326,1.0000000000000002,2.8310687127941492e-14
1998.369119,0.199999875,1043.197147,1407.597809,0.102115365,0.7076467,-10.06089535,-0.394853759,0.00015568,2.86036411815589e-14,0.934692763435382,0.0608681415563656,0.0038703760067843,9.49794556668479e-05,7.43969842275636e-05,0.0001439085293848,0.0002554315196298,2.5125307496855502e-09,,1816.2728014946854,0.9997674339541597,0.9483451458762321,0.9999822850262342,1.0000000000000002,2.842170943040401e-14
1996.4905,0.199998607,1041.690881,1407.597109,0.102111957,0.707634184,-10.06097222,-0.394930634,0.000157156,2.86365127428241e-14,0.934683339817042,0.0608729296919973,0.0038741823259739,9.50988980745418e-05,7.45056118318144e-05,0.0001440980071889,0.0002558431344699,2.5133931321337403e-09,,1813.5567581308978,0.9997610954246668,0.9469758361023256,0.9999817877339003,1.0000000000000002,2.8310687127941492e-14
1994.611882,0.199997338,1040.185892,1407.596409,0.102108547,0.707621663,-10.06104913,-0.395007543,0.00015863,2.86694447933843e-14,0.934673905443919,0.0608777201078995,0.003877995387738,9.52185786037538e-05,7.46144671838493e-05,0.0001442878522496,0.0002562556481215,2.5142561472009e-09,,1810.8431146408232,0.9997547518963337,0.9456076872180503,0.9999812904415665,1.0,2.864375403532904e-14
1992.808408,0.199996119,1038.742301,1407.595079,0.102105271,0.70760966,-10.06112303,-0.395081443,0.000160045,2.87011141670454e-14,0.934664836946226,0.0608823235746227,0.0038816622872947,9.5333700640106e-05,7.47188670066359e-05,0.0001444701319146,0.000256651977181,2.51508566408197e-09,,1808.245144459378,0.9997486583100152,0.9442953537617927,0.9999803455861322,1.0000000000000002,2.842170943040401e-14
1991.004934,0.1999949,1037.299887,1407.595059,0.102101997,0.707597607,-10.06119688,-0.395155297,0.000161459,2.87328446558221e-14,0.934655761349054,0.0608869239626278,0.0038853354367573,9.54490350024237e-05,7.48241099322902e-05,0.0001446533883964,0.0002570502022861,2.5159148879901702e-09,,1805.6396456552247,0.9997425647236968,0.9429840902875992,0.9999803313777799,1.0,2.864375403532904e-14
1989.20146,0.19999368,1035.858645,1407.594382,0.10209872,0.707585571,-10.06127081,-0.395229219,0.000162871,2.8764628816111e-14,0.934646674342463,0.0608915290486144,0.003889014849674,9.55645948318799e-05,7.492924849852e-05,0.0001448366678523,0.0002574487312914,2.5167451347034e-09,,1803.0412232503652,0.9997364661385382,0.9416738922500917,0.9999798504250513,0.9999999999999992,2.9531932455029164e-14
1987.397986,0.199992459,1034.418576,1407.593704,0.102095441,0.707573531,-10.06134476,-0.395303172,0.000164282,2.8796469365474e-14,0.934637577367873,0.0608961362074156,0.0038927005440761,9.56803765056888e-05,7.50345992267831e-05,0.0001450202895513,0.0002578480977471,2.51757596046657e-09,,1800.445008163066,0.9997303625545392,0.9403647605583456,0.999979368761905,1.0000000000000002,2.853273173286652e-14
1985.594512,0.199991237,1032.979679,1407.593024,0.102092161,0.707561485,-10.06141874,-0.395377154,0.000165692,2.88283664018394e-14,0.934628470349099,0.0609007454938135,0.0038963925363713,9.57963807135328e-05,7.51401628421414e-05,0.0001452042542756,0.0002582483044481,2.51840737444464e-09,,1797.8509971024725,0.9997242539716997,0.9390566943032853,0.9999788856779237,0.9999999999999994,2.942091015256665e-14
1983.863177,0.199990064,1031.59944,1407.591764,0.102089012,0.707549944,-10.06148979,-0.395448208,0.000167045,2.8859040773546205e-14,0.934619719095491,0.0609051725450688,0.0038999428052905,9.59079551773351e-05,7.52414047106211e-05,0.000145380893785,0.0002586327812415,2.5192061201497504e-09,,1795.367368561897,0.9997183903320348,0.9378019526089053,0.9999779905517228,0.9999999999999997,2.919886554764162e-14
1982.131842,0.19998889,1030.220278,1407.591715,0.102085861,0.707538344,-10.06156087,-0.395519283,0.000168396,2.88897678496207e-14,0.934610956867737,0.060909601059562,0.0039034988793532,9.60197344951246e-05,7.53434433268057e-05,0.0001455584321226,0.0002590190633687,2.5200053013944404e-09,,1792.876677235703,0.9997125216935296,0.9365481899890226,0.9999779557412595,0.9999999999999996,2.930988785010413e-14
1980.400507,0.199987715,1028.842194,1407.591058,0.102082709,0.707526767,-10.06163198,-0.395590389,0.000169747,2.89205472901008e-14,0.934602186239382,0.0609140317095159,0.0039070608184172,9.6131721105265e-05,7.54453797823829e-05,0.0001457359987767,0.0002594056121869,2.52080506650393e-09,,1790.3925620800112,0.9997066480561841,0.9352954073527127,0.9999774889968832,1.0000000000000002,2.864375403532904e-14
1978.669172,0.19998654,1027.465187,1407.5904,0.102079556,0.707515185,-10.06170311,-0.395661522,0.000171096,2.8951379372454703e-14,0.934593406308356,0.0609184642895893,0.0039106286224816,9.62439149495137e-05,7.5547514468823e-05,0.0001459138849824,0.0002597929435381,2.52160536931586e-09,,1787.9104744085414,0.9997007744188385,0.9340436037908998,0.9999770215420895,1.0,2.886579864025407e-14
1976.937837,0.199985364,1026.089257,1407.589741,0.102076401,0.707503599,-10.06177427,-0.395732683,0.000172444,2.8982264265152403e-14,0.934584617085779,0.0609228987696073,0.0039142023069107,9.63563165300038e-05,7.56498478306403e-05,0.0001460920916472,0.00026018105926,2.5224062050407e-09,,1785.4304141683579,0.9996948957826528,0.9327927793035842,0.9999765533768781,1.0,2.8976820942716586e-14
1975.275755,0.199984234,1024.769377,1407.588547,0.102073372,0.707492497,-10.06184261,-0.395801022,0.000173738,2.90119635694348e-14,0.934576171619074,0.0609271577250417,0.0039176386052143,9.64644183708944e-05,7.57479958542216e-05,0.0001462632025266,0.0002605539107141,2.52317553150332e-09,,1783.055642152573,0.9996892470931206,0.9315929085076001,0.9999757051382401,1.0000000000000002,2.853273173286652e-14
1973.613674,0.199983104,1023.450485,1407.588472,0.102070342,0.70748134,-10.06191097,-0.395869387,0.00017503,2.9041711786659904e-14,0.934567715644108,0.0609314183148753,0.0039210803203915,9.65727119301302e-05,7.58468868171416e-05,0.0001464351497949,0.0002609284481084,2.52394530695469e-09,,1780.6743764866092,0.9996835984035882,0.9303939358783785,0.9999756518569185,0.9999999999999998,2.930988785010413e-14
1971.951592,0.199981973,1022.132584,1407.587836,0.10206731,0.707470205,-10.06197936,-0.395937777,0.000176322,2.90715090133601e-14,0.93455925197175,0.0609356807515383,0.0039245275106222,9.66811988408289e-05,7.59456829590111e-05,0.0001466071247844,0.0002613032347604,2.52471560133277e-09,,1778.2991548033683,0.9996779447152158,0.9291958641431465,0.9999752000313124,0.9999999999999999,2.919886554764162e-14
1970.289511,0.199980842,1020.815672,1407.587198,0.102064278,0.707459065,-10.06204778,-0.396006193,0.000177612,2.91013553630623e-14,0.934550779623372,0.0609399449829529,0.0039279801744598,9.6789879240886e-05,7.60446642156079e-05,0.0001467793980012,0.0002616787522422,2.5254863945898304e-09,,1775.9257957695131,0.9996722910268431,0.9279986914837525,0.999974746784871,1.0,2.90878432451791e-14
1968.627429,0.19997971,1019.499749,1407.586559,0.102061244,0.707447921,-10.06211622,-0.396074633,0.000178902,2.91312510719636e-14,0.934542298692147,0.0609442108990019,0.003931438326337,9.68987534564306e-05,7.61438307776052e-05,0.0001469519704867,0.0002620550015069,2.52625766875669e-09,,1773.5543021735282,0.9996666323396304,0.9268024179001967,0.9999742928280121,1.0000000000000004,2.8754776337791554e-14
1967.031831,0.199978623,1018.237393,1407.585427,0.102058331,0.707437243,-10.06218194,-0.396140358,0.000180139,2.91599975228176e-14,0.934534149809867,0.0609483078040441,0.0039347633419847,9.7003455819842e-05,7.62389454092902e-05,0.000147117671509,0.000262416444338,2.52699856194499e-09,,1771.2832614504296,0.9996611986002306,0.9256548407730828,0.9999734886352665,0.9999999999999999,2.930988785010413e-14
1965.436232,0.199977534,1016.975944,1407.585329,0.102055417,0.707426513,-10.0622477,-0.39620611,0.000181375,2.9188789301627105e-14,0.934525990834953,0.0609524065256983,0.0039380934095737,9.71083375875749e-05,7.63347526646048e-05,0.0001472841504171,0.0002627794613361,2.52773992056972e-09,,1769.0062476678588,0.9996557548631505,0.924508088177602,0.9999734190143398,0.9999999999999996,2.964295475749168e-14
1963.840634,0.199976446,1015.715407,1407.584712,0.102052501,0.707415804,-10.06231347,-0.396271882,0.00018261,2.92176270571988e-14,0.934517824937214,0.0609565067097034,0.0039414285868143,9.72133994276825e-05,7.64304715913866e-05,0.0001474506566883,0.0002631427100502,2.52848171864681e-09,,1766.7347940145999,0.9996503161249105,0.9233621646591327,0.9999729806866684,1.0000000000000002,2.886579864025407e-14
1962.245036,0.199975357,1014.455777,1407.584094,0.102049585,0.70740509,-10.06237927,-0.396337679,0.000183845,2.9246510592504905e-14,0.934509650912763,0.0609606086005172,0.0039447688698075,9.73186418973483e-05,7.65263634006423e-05,0.0001476174410571,0.0002635066413039,2.52922398579873e-09,,1764.465050452222,0.9996448723878303,0.9222170656722964,0.9999725416485794,0.9999999999999998,2.942091015256665e-14
1960.649437,0.199974267,1013.197056,1407.583475,0.102046668,0.707394373,-10.06244508,-0.396403498,0.000185078,2.92754401411273e-14,0.934501468865804,0.0609647120787446,0.0039481142716816,9.74240652582941e-05,7.6622428213973e-05,0.000147784504519,0.0002638712557823,2.52996670249072e-09,,1762.1970201382117,0.9996394236519098,0.9210727930352448,0.9999721019000727,0.9999999999999998,2.9531932455029164e-14
1958.734719,0.199972959,1011.687789,1407.582731,0.102043166,0.707381507,-10.0625241,-0.396482511,0.000186557,2.9310216456909e-14,0.934491639760859,0.0609696383851438,0.0039521355278963,9.75508127501643e-05,7.67379349846951e-05,0.0001479853498637,0.0002643096976138,2.5308585622042203e-09,,1759.4776436530194,0.9996328851688052,0.9197007551252512,0.9999715733493636,0.9999999999999994,2.986499936241671e-14
1956.820001,0.19997165,1010.179828,1407.581985,0.102039663,0.707368636,-10.06260314,-0.396561557,0.000188035,2.93450593860539e-14,0.934481799052354,0.0609745669789958,0.0039561641943064,9.76778221381265e-05,7.68536923030019e-05,0.0001481865993049,0.0002647491288178,2.53175106989075e-09,,1756.7607303465159,0.9996263416868603,0.9183299044680833,0.9999710433778194,1.0000000000000004,2.886579864025407e-14
1954.905283,0.19997034,1008.673171,1407.581237,0.102036158,0.707355759,-10.06268222,-0.396640638,0.000189511,2.9379968978509e-14,0.934471946571592,0.0609794980017891,0.0039602002912621,9.78050944113784e-05,7.69697012182965e-05,0.0001483882535813,0.0002651895534724,2.53264424906658e-09,,1754.0462746496712,0.9996197932060751,0.9169602392455897,0.9999705119854398,1.0000000000000004,2.90878432451791e-14
1952.990565,0.199969029,1007.167818,1407.580488,0.102032652,0.707342876,-10.06276134,-0.39671975,0.000190987,2.94149455683663e-14,0.93446208242663,0.0609844313186527,0.0039642438412446,9.79326301410596e-05,7.70859621284728e-05,0.0001485903142365,0.000265630973399,2.53353807771852e-09,,1751.3342795993567,0.9996132397264496,0.9155917594577704,0.9999699798826426,0.9999999999999999,2.9531932455029164e-14
1951.075847,0.199967718,1005.663769,1407.579737,0.102029145,0.707329989,-10.06284048,-0.396798896,0.00019246,2.9449989375899004e-14,0.934452206613175,0.0609893669066805,0.0039682948659996,9.80604300718018e-05,7.72024757175208e-05,0.0001487927825133,0.0002660733913797,2.5344325522813102e-09,,1748.6247444583917,0.999606686246824,0.9142244651046254,0.9999694463590102,0.9999999999999994,3.008704396734174e-14
1949.237718,0.199966458,1004.221105,1407.578322,0.102025775,0.707317637,-10.06291652,-0.396874936,0.000193874,2.9483692777475505e-14,0.934442714008785,0.0609941093011044,0.0039721909058311,9.81833708390767e-05,7.73142202170613e-05,0.0001489871918622,0.0002664984660391,2.53529221514747e-09,,1746.0308888195977,0.9996003877080537,0.9129129743615143,0.9999684411180783,0.9999999999999997,2.986499936241671e-14
1947.399589,0.199965197,1002.779642,1407.578291,0.102022406,0.707305229,-10.06299254,-0.396950949,0.000195287,2.95174623018304e-14,0.934433211917553,0.0609988499255367,0.0039760938637599,9.83065499105916e-05,7.7426893759273e-05,0.0001491826677852,0.0002669256455144,2.5361518080885103e-09,,1743.42931510316,0.9995940841704428,0.9116025754182835,0.999968419095132,1.0000000000000004,2.90878432451791e-14
1945.56146,0.199963936,1001.339376,1407.577565,0.102019035,0.707292841,-10.06306861,-0.397027021,0.000196698,2.9551292335441705e-14,0.934423698279358,0.0610035946355959,0.0039800037733797,9.84299779771058e-05,7.75394549559568e-05,0.0001493781780474,0.0002673531636435,2.53701233967971e-09,,1740.834993184771,0.999587780632832,0.9102932646386304,0.9999679033319401,0.9999999999999994,3.008704396734174e-14
1943.72333,0.199962674,999.9003067,1407.576838,0.102015663,0.707280449,-10.06314471,-0.397103123,0.000198108,2.9585185018199904e-14,0.934414173780661,0.0610083414470852,0.003983920649544,9.85536523583038e-05,7.76522517545749e-05,0.0001495740682398,0.0002677816124541,2.53787346863435e-09,,1738.242932238973,0.9995814720963809,0.908985041749832,0.9999673868583304,1.0000000000000002,2.942091015256665e-14
1941.885201,0.199961411,998.4624342,1407.576109,0.102012289,0.707268051,-10.06322084,-0.397179257,0.000199518,2.9619140386218904e-14,0.934404638259886,0.0610130904966111,0.0039878445106791,9.86775739670892e-05,7.77652851918427e-05,0.0001497703390658,0.0002682109958345,2.5387352176775503e-09,,1735.6531261584396,0.9995751585610896,0.9076779068427961,0.9999668689638858,1.0000000000000002,2.930988785010413e-14
1940.120597,0.199960198,997.0832004,1407.574768,0.102009048,0.707256168,-10.06329399,-0.397252402,0.000200869,2.9651794843093405e-14,0.934395473108088,0.0610176535353103,0.0039916180110848,9.87967751191828e-05,7.78736970731781e-05,0.0001499587974152,0.0002686235363159,2.53956339821456e-09,,1733.1736124154652,0.9995690949678129,0.9064240789512803,0.9999659162938576,0.9999999999999996,3.008704396734174e-14
1938.355993,0.199958984,995.7050692,1407.574706,0.102005808,0.707244233,-10.0633671,-0.397325517,0.00020222,2.9684511418863805e-14,0.934386299416184,0.0610222146024538,0.0039953979784603,9.89161985447423e-05,7.79829743399393e-05,0.0001501482509193,0.0002690380386771,2.54039145813877e-09,,1730.687025651246,0.9995630263756959,0.9051712534065987,0.9999658722479653,1.0000000000000002,2.942091015256665e-14
1936.591389,0.19995777,994.3280374,1407.574002,0.102002566,0.707232318,-10.06344028,-0.397398689,0.000203569,2.97172843641027e-14,0.934377114795706,0.0610267796222997,0.0039991844397132,9.90358549505603e-05,7.80921481497241e-05,0.0001503377372407,0.00026945286069,2.54122041527693e-09,,1728.2070918901586,0.999556957783579,0.9039194272997091,0.999965372113961,1.0,2.964295475749168e-14
1934.826785,0.199956555,992.9521049,1407.573296,0.101999322,0.707220397,-10.06351348,-0.397471889,0.000204918,2.9750115807945304e-14,0.934367920013963,0.0610313466195074,0.0040029774091406,9.91557416077134e-05,7.82015422627901e-05,0.0001505275784452,0.0002698685529937,2.54204993046776e-09,,1725.729234064732,0.9995508841926217,0.9026686005397042,0.9999648705591214,1.0,2.9753977059954195e-14
1933.06218,0.199955339,991.577271,1407.572589,0.101996078,0.707208473,-10.0635867,-0.397545116,0.000206265,2.97830059069629e-14,0.934358715045705,0.0610359155971498,0.0040067769042436,9.92758591544564e-05,7.83111572986684e-05,0.0001507177754904,0.0002702851180484,2.5428800043744903e-09,,1723.2534507931944,0.9995448056028241,0.901418772490231,0.9999643682938643,1.0,2.9753977059954195e-14
1931.368161,0.199954171,990.2584627,1407.571317,0.10199296,0.707197043,-10.06365705,-0.397615466,0.000207557,2.98146340339737e-14,0.934349868076006,0.0610403053798261,0.0040104305791282,9.93913927402629e-05,7.84162948792591e-05,0.0001509004018541,0.0002706853318583,2.5436776944587e-09,,1720.8828552084346,0.9995389669573608,0.9002198759506431,0.9999634646426518,0.9999999999999997,3.019806626980426e-14
1929.674141,0.199953002,988.9406668,1407.571228,0.101989845,0.707185564,-10.06372738,-0.397685792,0.000208849,2.9846319932526506e-14,0.934341012894746,0.0610446935613334,0.0040140902922954,9.95071343674308e-05,7.85222396407512e-05,0.0001510839549281,0.0002710873781835,2.54447530902119e-09,,1718.5057584805818,0.9995331233130569,0.899021899759264,0.9999634014154838,0.9999999999999998,3.008704396734174e-14
1927.980121,0.199951833,987.6238806,1407.570546,0.101986726,0.707174103,-10.06379775,-0.397756168,0.000210139,2.98780586132013e-14,0.934332147661941,0.0610490852765087,0.0040177560708696,9.96230934409466e-05,7.86280884005377e-05,0.0001512675400551,0.0002714897234799,2.54527373351028e-09,,1716.134775957903,0.9995272796687532,0.8978248414615894,0.999962916910667,0.9999999999999993,3.0531133177191805e-14
1926.286101,0.199950663,986.3081041,1407.569862,0.101983607,0.707162638,-10.06386816,-0.39782657,0.000211429,2.99098519323417e-14,0.934323272966519,0.0610534788116349,0.0040214279267786,9.97392675799774e-05,7.87341429465276e-05,0.0001514514566165,0.000271892881822,2.5460726726146403e-09,,1713.7657010637197,0.9995214310256092,0.8966287010576194,0.9999624309850152,1.0,2.9753977059954195e-14
1924.592081,0.199949493,984.9933367,1407.569176,0.101980487,0.707151169,-10.06393858,-0.397896997,0.000212717,2.9941700031456005e-14,0.934314388786227,0.0610578741689935,0.004025105875787,9.98556573585649e-05,7.88404038353286e-05,0.0001516357054758,0.0002722968554209,2.5468721268477103e-09,,1711.398532592047,0.9995155823824652,0.8954334780019083,0.999961943638528,1.0,2.986499936241671e-14
1922.965822,0.199948369,983.7321105,1407.567969,0.101977491,0.707140181,-10.06400621,-0.397964619,0.000213953,2.99723267396538e-14,0.934305852827204,0.0610620946657043,0.0040286424751787,9.99675940409944e-05,7.89423222286565e-05,0.0001518126265095,0.000272684941464,2.5476399729080103e-09,,1709.131784581759,0.9995099636859746,0.8942869279484869,0.999961086164461,1.0,2.986499936241671e-14
1921.339563,0.199947244,982.4718092,1407.567857,0.101974493,0.707129136,-10.06407388,-0.398032289,0.000215188,3.0003002488443204e-14,0.93429730451601,0.0610663183458713,0.0040321846762659,0.0001000797322864,7.90450051382362e-05,0.0001519903980283,0.0002730747779607,2.54840852063615e-09,,1706.8589096919493,0.9995043399906438,0.8931412186991532,0.9999610065976876,0.9999999999999992,3.0753177782116836e-14
1919.713303,0.199946118,981.2124379,1407.567195,0.101971494,0.707118114,-10.06414156,-0.398099971,0.000216422,3.0033729969155605e-14,0.93428874920051,0.061070542949703,0.0040357325567343,0.0001001920699087,7.91475930066623e-05,0.0001521682068177,0.0002734648741121,2.5491774295365e-09,,1704.591729922778,0.9994987112964727,0.891996354890193,0.9999605363012234,1.0,3.008704396734174e-14
1918.087044,0.199944992,979.9539941,1407.566532,0.101968495,0.707107088,-10.06420926,-0.398167676,0.000217656,3.00645084579993e-14,0.934280185075529,0.0610747692291552,0.0040392861095597,0.0001003046083164,7.92503730089434e-05,0.0001523463249937,0.00027385572946,2.5499468130537704e-09,,1702.3263032977377,0.9994930826023015,0.8908523342489172,0.9999600652943414,1.0,3.008704396734174e-14
1916.460785,0.199943866,978.6964771,1407.565867,0.101965494,0.707096058,-10.06427699,-0.398235404,0.000218888,3.00953380856056e-14,0.934271612124174,0.0610789971831622,0.0040428453489565,0.0001004173480213,7.93533456357325e-05,0.0001525247533402,0.0002742473459631,2.55071667113358e-09,,1700.0626288800595,0.9994874539081305,0.8897091561389727,0.9999595928666243,0.9999999999999998,3.0309088572266774e-14
1914.899576,0.199942784,977.490132,1407.564722,0.101962612,0.707085485,-10.06434205,-0.398300464,0.00022007,3.0124981498476903e-14,0.934263373468951,0.0610830588537788,0.0040462675867886,0.0001005257702221,7.94521195227301e-05,0.0001526960793958,0.0002746235698546,2.5514564004749604e-09,,1697.8947032807484,0.9994820451629324,0.8886124971583318,0.9999587794384497,1.0000000000000004,2.9753977059954195e-14
1913.338368,0.199941701,976.2846406,1407.564588,0.10195973,0.707074869,-10.0644071,-0.398365509,0.000221252,3.01546747991911e-14,0.934255127249392,0.061087119548944,0.0040496950814438,0.0001006343744193,7.95515948724552e-05,0.0001528682081211,0.0002750013905809,2.5521961293775e-09,,1695.7212820446737,0.9994766314188939,0.8875166142555907,0.9999586842424886,0.9999999999999999,3.0309088572266774e-14
1911.777159,0.199940617,975.0800016,1407.563947,0.101956847,0.70706427,-10.06447218,-0.398430593,0.000222432,3.0184414318856705e-14,0.934246872545683,0.0610911830465277,0.0040531278601824,0.0001007431677483,7.96509875562113e-05,0.0001530403671138,0.0002753794722215,2.55293651493309e-09,,1693.5530274309424,0.9994712126760151,0.8864215062489511,0.9999582288647945,0.9999999999999997,3.0531133177191805e-14
1910.21595,0.199939534,973.8762145,1407.563305,0.101953963,0.707053667,-10.06453729,-0.3984957,0.000223612,3.0214201436153204e-14,0.934238609643935,0.0610952480862701,0.004056565930892,0.0001008521484422,7.97505595408475e-05,0.0001532128147804,0.0002757582624318,2.55367733809238e-09,,1691.3863841866073,0.9994657989319767,0.8853271726838754,0.9999577727766824,0.9999999999999999,3.0309088572266774e-14
1908.654741,0.199938449,972.6732791,1407.562661,0.101951078,0.70704306,-10.06460241,-0.398560827,0.000224791,3.0244036267589405e-14,0.934230338527999,0.0610993146681616,0.0040600093063499,0.000100961316963,7.98503112707788e-05,0.0001533855518241,0.0002761377629825,2.55441859895967e-09,,1689.2213514442878,0.9994603751902577,0.8842336133785481,0.9999573152677353,0.9999999999999997,3.0531133177191805e-14
1906.781291,0.199937147,971.2308798,1407.561887,0.101947615,0.707030327,-10.0646806,-0.398639009,0.000226204,3.02799012128308e-14,0.934220402323786,0.0611041966018368,0.0040641483772233,0.0001010925677715,7.99702511739499e-05,0.0001535932191869,0.0002765941036825,2.5553086898870304e-09,,1686.625437657389,0.9994538667001949,0.8829223632677671,0.9999567654044977,1.0,3.0309088572266774e-14
1904.90784,0.199935844,969.789705,1407.561111,0.10194415,0.707017589,-10.06475881,-0.398717222,0.000227617,3.0315835239317505e-14,0.934210454241234,0.0611090807544357,0.0040682951276393,0.0001012240905187,8.00904513829883e-05,0.0001538013055559,0.000277051473004,2.55619941115544e-09,,1684.0318394698766,0.9994473532112916,0.8816122263201445,0.9999562141204248,1.0000000000000002,3.008704396734174e-14
1903.03439,0.199934541,968.3497538,1407.560334,0.101940684,0.707004846,-10.06483705,-0.398795466,0.000229028,3.03518385504962e-14,0.934200494252285,0.061113967126024,0.0040724495799179,0.0001013558860113,8.02109126110143e-05,0.0001540098120982,0.0002775098739313,2.55709076295874e-09,,1681.4405562316938,0.9994408397223885,0.8803032017175124,0.9999556621259342,0.9999999999999999,3.042011087472929e-14
1901.160939,0.199933236,966.9110253,1407.559555,0.101937217,0.706992098,-10.06491533,-0.398873741,0.000230438,3.0387911351258905e-14,0.934190522329163,0.0611188557160483,0.0040766117564704,0.0001014879550584,8.03316356354407e-05,0.0001542187400478,0.0002779693095637,2.5579827453868e-09,,1678.8515864682674,0.9994343162358047,0.8789952886417025,0.9999551087106086,1.0000000000000002,3.019806626980426e-14
1899.287489,0.199931931,965.4735187,1407.558774,0.101933748,0.706979345,-10.06499363,-0.398952047,0.000231847,3.04240538472246e-14,0.934180538443902,0.0611237465240314,0.0040807816797957,0.0001016202984722,8.04526212366718e-05,0.0001544280906429,0.0002784297830132,2.5588753585423102e-09,,1676.2649287057213,0.9994277927492211,0.8776884863654545,0.9999545538744475,0.9999999999999999,3.0531133177191805e-14
1897.488976,0.199930678,964.0946608,1407.557346,0.101930416,0.706967124,-10.06506886,-0.399027269,0.000233198,3.04588150412008e-14,0.93417094257016,0.0611284451494581,0.0040847921243295,0.0001017476095316,8.05686598737505e-05,0.0001546291181246,0.0002788722087591,2.5597331008658203e-09,,1673.7886040841922,0.9994215292023326,0.8764350001954831,0.9999535393980865,1.0000000000000002,3.019806626980426e-14
1895.690464,0.199929423,962.7169273,1407.55727,0.101927085,0.706954845,-10.06514407,-0.39910248,0.000234548,3.04936435665063e-14,0.934161335749513,0.0611331430904068,0.0040888097311467,0.0001018751699202,8.06856525380134e-05,0.0001548312331249,0.0002793168127283,2.56059094412871e-09,,1671.305021150848,0.9994152556577636,0.8751825361901956,0.9999534854063473,0.9999999999999994,3.108624468950438e-14
1893.891951,0.199928168,961.3403174,1407.556515,0.101923752,0.706942587,-10.06521933,-0.39917774,0.000235897,3.05285355176058e-14,0.934151717764995,0.0611378444376268,0.004092834547418,0.0001020029878689,8.08025339911574e-05,0.0001550333931074,0.000279761773512,2.56144960914394e-09,,1668.828258306674,0.9994089821131945,0.8739310936223316,0.9999529490410445,0.9999999999999993,3.11972669919669e-14
1892.093439,0.199926912,959.9648302,1407.555759,0.101920417,0.706930325,-10.06529461,-0.399253028,0.000237245,3.05634924425364e-14,0.934142088655525,0.0611425478268768,0.0040968665843471,0.0001021310616061,8.09196602525908e-05,0.0001552359470725,0.0002802077019801,2.56230885574293e-09,,1666.3536209338142,0.9994027035697853,0.8726806716737229,0.999952411965324,0.9999999999999993,3.11972669919669e-14
1890.294926,0.199925655,958.5904648,1407.555001,0.101917081,0.706918059,-10.06536993,-0.399328344,0.000238592,3.0598514526817405e-14,0.934132448395942,0.0611472532576665,0.0041009058622254,0.0001022593918642,8.10370320261995e-05,0.0001554388961374,0.0002806546009384,2.56316868400296e-09,,1663.8811077277214,0.9993964200275357,0.8714312695262011,0.9999518734687681,0.9999999999999994,3.11972669919669e-14
1888.568354,0.199924448,957.2721265,1407.553646,0.101913875,0.706906298,-10.06544231,-0.399400726,0.000239884,3.06321935566283e-14,0.934123180948232,0.0611517758810362,0.0041047903914419,0.0001023828368042,8.11496156238981e-05,0.0001556337698732,0.0002810839929621,2.5639952595801304e-09,,1661.5137286993195,0.9993903864273007,0.8702328002521784,0.9999509108528934,0.9999999999999992,3.141931159689193e-14
1886.841782,0.19992324,955.9548254,1407.553542,0.101910673,0.706894493,-10.06551462,-0.399473031,0.000241175,3.06659402653225e-14,0.934113907748213,0.0611562934065086,0.0041086816482492,0.0001025065077356,8.12630766586349e-05,0.0001558296700094,0.0002815153777737,2.56482118516753e-09,,1659.139831840361,0.9993843478282255,0.8690352738714411,0.9999508369694611,0.9999999999999999,3.0753177782116836e-14
1885.11521,0.199922031,954.6385538,1407.55281,0.101907468,0.706882704,-10.065587,-0.399545413,0.000242465,3.0699743882932404e-14,0.934104621919931,0.0611608163008458,0.0041125796245977,0.0001026304229359,8.1376440908979e-05,0.0001560256071686,0.0002819471179327,2.5656482400207603e-09,,1656.7721257805415,0.99937830423031,0.8678386833841064,0.9999503169437632,0.9999999999999998,3.097522238704187e-14
1883.388638,0.199920822,953.3233132,1407.552076,0.101904261,0.706870911,-10.06565941,-0.399617822,0.000243754,3.07336082206367e-14,0.934095325724565,0.0611653410752316,0.0041164843474386,0.0001027545771899,8.1490033963737e-05,0.000156221912482,0.0002823797626224,2.56647583125816e-09,,1654.4063726906352,0.9993722606323945,0.8666430301537883,0.9999497954972304,0.9999999999999998,3.097522238704187e-14
1881.662066,0.199919612,952.009103,1407.551341,0.101901053,0.706859113,-10.06573184,-0.399690257,0.000245042,3.0767533445523005e-14,0.934086019139321,0.0611698677293419,0.0041203958350588,0.0001028789711577,8.16038564574899e-05,0.000156418586956,0.0002828133143721,2.56730395896427e-09,,1652.0425714142839,0.9993662120356387,0.8654483136350408,0.9999492733402799,0.9999999999999997,3.108624468950438e-14
1880.004557,0.19991845,950.7484301,1407.550055,0.101897972,0.706847807,-10.06580142,-0.399759831,0.000246278,3.08001582173288e-14,0.934077075258703,0.0611742159772744,0.0041241572544422,0.0001029986172282,8.17130333994207e-05,0.0001566074420055,0.0002832298488163,2.5680996265146204e-09,,1649.779124211179,0.9993604033832171,0.8643022665731879,0.9999483597432208,0.9999999999999993,3.141931159689193e-14
1878.347048,0.199917287,949.4887051,1407.549926,0.101894891,0.70683645,-10.06587099,-0.399829404,0.000247512,3.08328411732465e-14,0.934068121288894,0.0611785641712267,0.0041279249216192,0.0001031184819682,8.18230411526444e-05,0.0001567972404997,0.0002836482857134,2.5688954679522904e-09,,1647.509539935482,0.999354589731955,0.863157081224163,0.9999482680993479,1.0000000000000002,3.0753177782116836e-14
1876.689539,0.199916124,948.2299279,1407.549216,0.101891808,0.706825112,-10.0659406,-0.399899014,0.000248746,3.08655798126912e-14,0.934059157918742,0.0611829149890476,0.0041316988827073,0.0001032385711424,8.19329529643956e-05,0.0001569870812354,0.000284067034438,2.56969196428156e-09,,1645.2457183372494,0.9993487760806931,0.8620127574970587,0.9999477637028379,0.9999999999999998,3.108624468950438e-14
1875.03203,0.19991496,946.9720978,1407.548505,0.101888724,0.706813771,-10.06601024,-0.399968649,0.000249979,3.08983751204769e-14,0.934050184846174,0.0611872675827861,0.0041354791438483,0.000103358883691,8.20430786404636e-05,0.0001571772656942,0.0002844866286458,2.5704889627742304e-09,,1642.983689949827,0.9993429574305909,0.8608692947555219,0.9999472585959103,0.9999999999999996,3.1308289294429414e-14
1873.37452,0.199913795,945.7152142,1407.547792,0.10188564,0.706802425,-10.06607989,-0.400038306,0.000251211,3.0931227392107504e-14,0.934041202185797,0.0611916218174268,0.0041392657225588,0.0001034794199923,8.21534183774775e-05,0.0001573677951612,0.0002849070693687,2.57128644104835e-09,,1640.7234581366672,0.9993371337816482,0.8597266924541072,0.9999467520681474,0.9999999999999997,3.1308289294429414e-14
1871.783312,0.199912677,944.5094957,1407.546571,0.101882677,0.706791551,-10.0661468,-0.400105213,0.000252392,3.0962818175525905e-14,0.934032569730976,0.0611958045382214,0.0041429068040333,0.0001035953479659,8.22592594559293e-05,0.0001575507482973,0.0002853109989664,2.57205266778285e-09,,1638.558959295505,0.9993315450781995,0.8586306031002814,0.9999458846482338,0.9999999999999999,3.108624468950438e-14
1870.192103,0.199911557,943.3046482,1407.54642,0.101879714,0.70678063,-10.0662137,-0.400172115,0.000253573,3.0994463631987704e-14,0.934023928193637,0.0611999868777471,0.0041465537211112,0.0001037114796336,8.23658737665115e-05,0.0001577345812827,0.0002857166999717,2.57281899970208e-09,,1636.3888345066955,0.9993259463770702,0.8575353055513645,0.9999457773751731,0.9999999999999997,3.1308289294429414e-14
1868.600894,0.199910437,942.1006713,1407.545731,0.10187675,0.706769728,-10.06628064,-0.400239053,0.000254753,3.1026160909761505e-14,0.934015277744753,0.0612041717992304,0.0041502065124187,0.0001038278211203,8.2472399784685e-05,0.0001579184542069,0.000286122694869,2.57358596320313e-09,,1634.2239986513675,0.9993203476759408,0.8564407994437265,0.9999452878974331,1.0,3.097522238704187e-14
1867.009685,0.199909317,940.8975643,1407.545042,0.101873785,0.706758821,-10.0663476,-0.400306013,0.000255932,3.1057911139658906e-14,0.934006618303137,0.0612083583142301,0.0041538651847655,0.0001039443710946,8.25791253712638e-05,0.0001581026481282,0.0002865294788884,2.57435338284482e-09,,1632.0608121908392,0.9993147489748115,0.8553470841410141,0.9999447984196931,0.9999999999999996,3.1530333899354446e-14
1865.418477,0.199908196,939.6953268,1407.544351,0.10187082,0.706747911,-10.06641458,-0.400372995,0.00025711,3.1089714454187705e-14,0.933997949847573,0.061212546425219,0.0041575297529566,0.0001040611300959,8.26860510470457e-05,0.0001582871638533,0.0002869370541028,2.5751212591475403e-09,,1629.8992741490913,0.9993091452748419,0.8542541592795974,0.9999443075211178,0.9999999999999999,3.11972669919669e-14
1863.890916,0.199907119,938.5419967,1407.543192,0.101867971,0.706737455,-10.06647891,-0.400437324,0.000258241,3.11202952283007e-14,0.933989620112575,0.0612165690126754,0.0041610533096659,0.0001041734169513,8.27886198313649e-05,0.0001584643429891,0.000287328609422,2.5758589433657504e-09,,1627.8291035506145,0.9993037615238451,0.8532056949456281,0.9999434841470967,1.0,3.097522238704187e-14
1862.363356,0.199906041,937.3894658,1407.543021,0.101865122,0.706726954,-10.06654325,-0.400501662,0.00025937,3.1150926099767405e-14,0.933981281055316,0.061220592092818,0.0041645823054684,0.000104285895327,8.2891911202899e-05,0.0001586423390803,0.0002877218241597,2.57659686558424e-09,,1625.7537377580722,0.9992983727740082,0.8521579571449348,0.9999433626656836,1.0000000000000002,3.097522238704187e-14
1860.835795,0.199904963,936.2377352,1407.542354,0.101862273,0.70671647,-10.06660761,-0.400566025,0.000260499,3.1181605823776906e-14,0.933972934156541,0.0612246171069925,0.0041681167859531,0.000104398568797,8.29951196698873e-05,0.0001588203745724,0.0002881153101076,2.5773352961418504e-09,,1623.6832459525094,0.9992929840241712,0.8511109468775006,0.9999428888171312,1.0,3.11972669919669e-14
1859.308235,0.199903885,935.086804,1407.541686,0.101859422,0.706705984,-10.06667199,-0.400630408,0.000261627,3.12123350041315e-14,0.933964578925501,0.0612286435495984,0.0041716567538253,0.0001045114367689,8.30985142781225e-05,0.0001589987096994,0.0002885095322237,2.57807414084381e-09,,1621.614271417061,0.9992875952743343,0.8500646633251573,0.9999424142581613,1.0000000000000002,3.108624468950438e-14
1857.780675,0.199902806,933.9366715,1407.541017,0.10185657,0.706695493,-10.0667364,-0.400694812,0.000262754,3.1243113677814403e-14,0.933956215267181,0.0612326714985529,0.0041752022218109,0.0001046244998508,8.32020957083571e-05,0.0001591773449715,0.0002889044930797,2.57881341280048e-09,,1619.546810862869,0.9992822015256569,0.849019105851552,0.9999419389887737,0.9999999999999998,3.141931159689193e-14
1855.947602,0.19990151,932.5575662,1407.540212,0.101853147,0.706682901,-10.06681371,-0.400772123,0.000264106,3.1280113652128104e-14,0.933946167787671,0.0612375069677863,0.0041794640628355,0.0001047604336814,8.33266404597526e-05,0.0001593921046309,0.0002893794232022,2.57970109358304e-09,,1617.0678581389666,0.9992757230286359,0.8477653947762598,0.9999413671025899,0.9999999999999994,3.186340080674199e-14
1854.11453,0.199900214,931.1796096,1407.539405,0.101849723,0.706670303,-10.06689105,-0.400849464,0.000265456,3.1317185342429305e-14,0.933936108172828,0.0612423445524629,0.0041837338669078,0.000104896649918,8.34514556221279e-05,0.0001596072990464,0.0002898554225939,2.5805893809349203e-09,,1614.5910839455833,0.9992692445316148,0.8465127279561903,0.9999407937955707,0.9999999999999999,3.141931159689193e-14
1852.281457,0.199898917,929.8028008,1407.538597,0.101846298,0.706657701,-10.06696842,-0.400926834,0.000266806,3.1354328900983104e-14,0.933926036338116,0.0612471843077271,0.0041880116568893,0.0001050331494921,8.35765420974051e-05,0.0001598229292805,0.0002903324948881,2.58147828423813e-09,,1612.1164859134938,0.9992627610357535,0.8452611045731753,0.9999402197781339,1.0000000000000002,3.11972669919669e-14
1850.448385,0.199897619,928.4271391,1407.537787,0.101842871,0.706645094,-10.06704582,-0.401004231,0.000268154,3.1391544737168004e-14,0.933915952434239,0.0612520260538758,0.0041922974575735,0.0001051699329558,8.37019001915762e-05,0.0001600389971341,0.0002908106416308,2.58236777359661e-09,,1609.6440683642859,0.9992562725410518,0.844010523990862,0.9999396443398618,0.9999999999999999,3.1530333899354446e-14
1848.615312,0.19989632,927.0526236,1407.536975,0.101839444,0.706632482,-10.06712324,-0.401081658,0.000269501,3.14288328725166e-14,0.93390585625446,0.0612568699674139,0.0041965912910536,0.0001053070014451,8.38275312173322e-05,0.0001602555033914,0.0002912898677295,2.5832578786872603e-09,,1607.1738242990589,0.9992497790475098,0.8427609853910821,0.9999390674807547,1.0000000000000002,3.1308289294429414e-14
1846.855562,0.199895073,925.7341667,1407.535531,0.101836151,0.706620398,-10.06719761,-0.401156027,0.000270793,3.1464696927253e-14,0.933896152884527,0.0612615229519832,0.004200720963745,0.0001054388577708,8.39480307529337e-05,0.0001604634114267,0.0002917503156498,2.58411310407941e-09,,1604.808852793072,0.9992435454936631,0.8415624083006848,0.9999380416377117,1.0,3.141931159689193e-14
1845.095813,0.199893825,924.4167637,1407.535411,0.101832859,0.706608254,-10.06727199,-0.401230399,0.000272085,3.1500629726229e-14,0.933886437230566,0.0612661761951398,0.0042048580565525,0.0001055709747868,8.40695104313644e-05,0.00016067242957,0.0002922130179537,2.58496857998323e-09,,1602.4370482475847,0.9992373069409761,0.8403647892851368,0.9999379563875974,1.0000000000000002,3.1308289294429414e-14
1843.336063,0.199892576,923.1004151,1407.534626,0.101829565,0.706596133,-10.0673464,-0.40130481,0.000273375,3.15366289172017e-14,0.933876710680262,0.0612708322660558,0.004209002629147,0.000105703358485,8.4190880170324e-05,0.0001608815034814,0.0002926760965422,2.58582477584898e-09,,1600.071661245752,0.9992310633894489,0.8391681287989755,0.9999373987097658,1.0,3.1530333899354446e-14
1841.576314,0.199891326,921.78512,1407.53384,0.101826269,0.706584008,-10.06742083,-0.401379247,0.000274664,3.1572695619818804e-14,0.933866972808023,0.06127549023605,0.0042131546903041,0.0001058360077648,8.43125041100007e-05,0.0001610909863687,0.0002931401806655,2.5866815232694e-09,,1597.7082754692362,0.9992248148390814,0.8379724260240333,0.9999368403215168,0.9999999999999993,3.219646771412954e-14
1839.816564,0.199890076,920.4708773,1407.533052,0.101822973,0.706571879,-10.0674953,-0.40145371,0.000275952,3.1608829980458905e-14,0.933857223544273,0.0612801501477994,0.0042173142608657,0.0001059689234614,8.44343831050392e-05,0.0001613008792711,0.0002936052736538,2.58753882952942e-09,,1595.3468883609826,0.9992185662887137,0.8367776799603266,0.9999362805124324,1.0,3.164135620181696e-14
1838.127204,0.199888874,919.2101926,1407.531681,0.101819806,0.706560252,-10.06756685,-0.401525258,0.000277187,3.16435800198511e-14,0.933847852139068,0.0612846280914939,0.0042213145308904,0.0001060967784897,8.45512939109163e-05,0.0001615024304245,0.0002940521473277,2.58836281751921e-09,,1593.0858359792312,0.9992125576826804,0.8356316221713808,0.9999353065298757,0.9999999999999996,3.2085445411667024e-14
1836.437845,0.199887673,917.9504794,1407.531534,0.101816641,0.706548579,-10.06763834,-0.401596754,0.000278422,3.16783983740962e-14,0.933838472973437,0.0612891025748103,0.0042253217650024,0.0001062248711567,8.4669108337056e-05,0.0001617050274332,0.0002945010906051,2.58918641676369e-09,,1590.8186245423103,0.9992065540754871,0.8344864475494488,0.9999352020984856,1.0,3.164135620181696e-14
1834.748485,0.19988647,916.6917327,1407.530773,0.101813474,0.706536922,-10.0677099,-0.401668313,0.000279656,3.17132767299773e-14,0.933829081779323,0.0612935815366062,0.0042293359742164,0.0001063532161737,8.4786826374814e-05,0.0001619076723355,0.0002949504049277,2.5900109941468904e-09,,1588.5572493040256,0.9992005404706135,0.8333421515491524,0.999934661470677,1.0,3.175237850427948e-14
1833.059126,0.199885267,915.4339536,1407.53001,0.101810305,0.706525262,-10.06778148,-0.401739896,0.000280889,3.1748218224309805e-14,0.933819680069917,0.0612980622084341,0.0042333571811552,0.0001064818093506,8.4904781899924e-05,0.0001621106995405,0.0002954006588343,2.59083607371503e-09,,1586.2977141262052,0.9991945268657397,0.8321987351704747,0.9999341194220331,0.9999999999999996,3.219646771412954e-14
1831.369766,0.199884063,914.1771411,1407.529246,0.101807135,0.706513598,-10.06785309,-0.401811504,0.00028212,3.17832228583702e-14,0.933810267663974,0.0613025447469085,0.0042373854036661,0.0001066106516357,8.50229760219087e-05,0.0001623141096411,0.0002958518564591,2.59166168185271e-09,,1584.0400130301489,0.9991885082620257,0.8310561975043402,0.9999335766629717,0.9999999999999999,3.186340080674199e-14
1829.747981,0.199882907,912.9715108,1407.527944,0.101804092,0.706502421,-10.06792186,-0.401880274,0.000283302,3.1816886667962805e-14,0.933801222568443,0.0613068499945627,0.004241259130262,0.0001067345759498,8.51363504657033e-05,0.0001625094409558,0.0002962853468745,2.5924548169107e-09,,1581.8780861085186,0.9991827296026458,0.8299601883309886,0.9999326516992307,1.0000000000000002,3.175237850427948e-14
1828.126196,0.19988175,911.7667687,1407.527774,0.101801047,0.706491191,-10.06799064,-0.401949057,0.000284483,3.18506097869799e-14,0.933792166132057,0.0613111560936871,0.0042451393300262,0.0001068587290658,8.52505789882809e-05,0.0001627057352809,0.0002967208076147,2.59324827127884e-09,,1579.710375399001,0.9991769459444255,0.8288649865986474,0.9999325309282353,1.0,3.186340080674199e-14
1826.50441,0.199880592,910.5629166,1407.527036,0.101798001,0.706479982,-10.06805945,-0.402017868,0.000285663,3.1884391258354904e-14,0.933783100576152,0.0613154642635742,0.0042490260612701,0.0001069831145048,8.53647124567322e-05,0.0001629020814468,0.0002971565965209,2.5940422830389e-09,,1577.548090854271,0.999171157287365,0.827770593943653,0.999932006640032,0.9999999999999996,3.2307490016592055e-14
1824.882625,0.199879434,909.3599531,1407.526296,0.101794955,0.70646877,-10.06812829,-0.402086702,0.000286842,3.1918231630699205e-14,0.93377402515085,0.0613197740784256,0.0042529193275313,0.0001071077318854,8.54790679902765e-05,0.0001630987844916,0.0002975932639575,2.59483676972046e-09,,1575.3874950937122,0.9991653686303045,0.8266770090932994,0.9999314809309934,1.0000000000000002,3.164135620181696e-14
1823.26084,0.199878275,908.1578776,1407.525555,0.101791907,0.706457553,-10.06819714,-0.402155558,0.00028802,3.1952131005473704e-14,0.933764939784402,0.0613240855880929,0.0042568191456058,0.0001072325819118,8.55936463289742e-05,0.0001632958452138,0.0002980308127811,2.5956317398017603e-09,,1573.2285856162491,0.9991595749744037,0.8255842315021412,0.9999309545115371,1.0000000000000002,3.186340080674199e-14
1821.703926,0.199877162,907.0047191,1407.524318,0.101788979,0.706446801,-10.0682633,-0.40222171,0.00028915,3.1984727939467005e-14,0.933756207555028,0.0613282282060699,0.0042605691509709,0.0001073526609503,8.57035615331566e-05,0.0001634850732859,0.0002984511957338,2.5963957078982304e-09,,1571.1610017435107,0.9991540112651565,0.8245359231655571,0.9999300757249415,0.9999999999999996,3.241851231905457e-14
1820.147012,0.199876049,905.85238,1407.524128,0.101786054,0.706436008,-10.06832941,-0.402287822,0.00029028,3.2017384088952703e-14,0.933747468215032,0.0613323681572622,0.0042643252278331,0.0001074729479339,8.58142627071559e-05,0.0001636752087493,0.0002988733832903,2.59715939072666e-09,,1569.0882114518583,0.9991484475559091,0.8234883597255773,0.9999299407455938,0.9999999999999992,3.275157922644212e-14
1818.590098,0.199874934,904.7008566,1407.523412,0.101783125,0.70642523,-10.06839557,-0.402353986,0.000291408,3.2050092804939906e-14,0.933738718646979,0.0613365117470172,0.0042680873886746,0.0001075934547389,8.59248809454393e-05,0.0001638653884916,0.0002992958951969,2.5979238784784703e-09,,1567.020353297984,0.9991428738489814,0.822441537818622,0.999929432086578,0.9999999999999994,3.26405569239796e-14
1817.033185,0.19987382,903.5501497,1407.522695,0.101780196,0.706414449,-10.06846176,-0.40242017,0.000292536,3.2082856531786804e-14,0.933729959900631,0.0613406568370636,0.0042718556501689,0.0001077141780879,8.60357064978546e-05,0.0001640559014592,0.0002997192273706,2.59868880174323e-09,,1564.954047685068,0.9991373051408938,0.8213954581719517,0.9999289227171448,0.9999999999999999,3.219646771412954e-14
1815.476271,0.199872704,902.4002585,1407.521977,0.101777266,0.706403665,-10.06852796,-0.402486375,0.000293663,3.21156753335648e-14,0.933721191887071,0.0613448034965344,0.0042756300272439,0.0001078351186556,8.61467400981583e-05,0.0001642467482957,0.0003001433826148,2.59945417224062e-09,,1562.8892916738157,0.9991317264351257,0.8203501200583057,0.9999284126372938,0.9999999999999998,3.2307490016592055e-14
1813.981634,0.199871633,901.297131,1407.520801,0.101774453,0.70639333,-10.06859154,-0.402549951,0.000294744,3.21472334591844e-14,0.933712766913898,0.0613487857114438,0.0042792592122886,0.0001079514266435,8.62532530193361e-05,0.0001644300141537,0.0003005508683315,2.6001893490153504e-09,,1560.9117500028296,0.9991263726771706,0.8193472936865925,0.9999275771861729,1.0,3.219646771412954e-14
1812.486996,0.199870561,900.1947526,1407.520594,0.101771638,0.706382949,-10.06865513,-0.402613545,0.000295825,3.2178842618226204e-14,0.933704331502925,0.0613527692312292,0.0042828940333536,0.0001080679350903,8.63605090723246e-05,0.000164614114001,0.0003009600733717,2.6009248954236e-09,,1558.9293084671822,0.9991210139203754,0.818345148303464,0.9999274301297257,1.0000000000000002,3.197442310920451e-14
1810.992359,0.199869488,899.0931256,1407.5199,0.101768823,0.706372587,-10.06871874,-0.402677158,0.000296905,3.22105030184962e-14,0.933695888529483,0.0613567541681172,0.004286534547362,0.0001081846454456,8.64676828148769e-05,0.0001647982617615,0.0003013695633229,2.6016608587696404e-09,,1556.951459102181,0.99911565016474,0.8173436859997945,0.9999269370998976,1.0000000000000002,3.186340080674199e-14
1809.497722,0.199868415,897.9922487,1407.519205,0.101766008,0.706362221,-10.06878238,-0.402740791,0.000297984,3.2242214710023e-14,0.933687436967488,0.0613607405288136,0.0042901807534741,0.0001083015579681,8.65750501666233e-05,0.0001649827203484,0.0003017798193112,2.60239723081547e-09,,1554.975035513945,0.9991102864091044,0.8163429055937853,0.9999264433596519,0.9999999999999994,3.275157922644212e-14
1808.003084,0.199867342,896.8921214,1407.518509,0.101763191,0.706351852,-10.06884603,-0.402804442,0.000299062,3.22739778182307e-14,0.933678976798002,0.0613647283146558,0.004293832665601,0.0001084186731631,8.66826116150515e-05,0.0001651674905222,0.0003021908432746,2.6031340118687604e-09,,1553.0000369160948,0.999104922653469,0.8153428066308986,0.9999259489089884,1.0000000000000002,3.2085445411667024e-14
1806.20952,0.199866053,895.5729575,1407.517672,0.10175981,0.706339406,-10.06892243,-0.402880848,0.000300355,3.23121617374973e-14,0.933668813333288,0.0613695154140809,0.0042982225127659,0.0001085594794256,8.68119418187883e-05,0.0001653896274179,0.0003026850871514,2.60401866812632e-09,,1550.6319230427835,0.9990984791483298,0.8141435868240023,0.9999253542894407,0.9999999999999993,3.297362383136715e-14
1804.415955,0.199864763,894.2548714,1407.516833,0.101756428,0.706326955,-10.06899887,-0.402957282,0.000301647,3.2350420035123006e-14,0.933658637358417,0.0613743046246173,0.004302620620465,0.0001087005792378,8.69415532913328e-05,0.0001656122153159,0.0003031804437189,2.6049039235318404e-09,,1548.2658563170457,0.9990920306443506,0.8129453468188637,0.9999247582490577,0.9999999999999997,3.26405569239796e-14
1802.62239,0.199863473,892.9378627,1407.515993,0.101753044,0.706314499,-10.06907533,-0.403033742,0.000302938,3.2388753108687304e-14,0.933648448999895,0.0613790957897611,0.0043070270142729,0.0001088419732146,8.70714463634498e-05,0.0001658352559625,0.0003036769147083,2.60578975186009e-09,,1545.9018408756635,0.9990855821403714,0.8117480862518524,0.9999241614982571,1.0,3.241851231905457e-14
1800.828826,0.199862182,891.6219305,1407.51515,0.10174966,0.706302039,-10.06915182,-0.403110229,0.000304227,3.2427161174741204e-14,0.933638248221143,0.0613838889152147,0.0043114417185674,0.0001089836622477,8.72016218959293e-05,0.0001660587506802,0.0003041745035426,2.6066761542047e-09,,1543.539875274651,0.9990791286375517,0.8105518043048003,0.9999235626162037,1.0000000000000002,3.219646771412954e-14
1799.035261,0.199860889,890.3070738,1407.514306,0.101746274,0.706289575,-10.06922833,-0.403186744,0.000305516,3.2465644301570904e-14,0.933628034852743,0.0613886841389406,0.0043158647567528,0.0001091256474557,8.7332081143452e-05,0.0001662827004049,0.0003046732149636,2.6075631539501504e-09,,1541.1799540260445,0.9990726651370515,0.8093565000686321,0.9999229630237327,0.9999999999999997,3.275157922644212e-14
1797.313439,0.199859649,889.0458241,1407.512845,0.101743023,0.706277634,-10.06930181,-0.403260222,0.000306752,3.2502659198534904e-14,0.93361821966065,0.061393289372468,0.004320118757849,0.0001092622328016,8.74572157985493e-05,0.0001664977669058,0.0003051523850786,2.6084152222279702e-09,,1538.9205299954592,0.9990664665750868,0.8082099286519324,0.9999219251035902,0.9999999999999992,3.3306690738754696e-14
1795.591617,0.199858406,887.7855616,1407.512679,0.101739771,0.706265631,-10.06937531,-0.403333728,0.000307988,3.25397435296037e-14,0.933608390128236,0.0613978965033077,0.0043243804446714,0.0001093990919659,8.75833603418667e-05,0.0001667139653596,0.0003056338968166,2.60926781010283e-09,,1536.654641577463,0.9990602530166013,0.8070642546747346,0.9999218071742653,0.9999999999999996,3.297362383136715e-14
1793.869795,0.199857164,886.5262898,1407.511863,0.101736517,0.706253653,-10.06944884,-0.403407256,0.000309222,3.25768979094653e-14,0.933598550420778,0.061402505415844,0.0043286498995426,0.0001095362265717,8.77093947198341e-05,0.0001669302322132,0.0003061158001773,2.61012093580424e-09,,1534.3948121018227,0.9990540444569561,0.8059194813188036,0.9999212274734877,1.0,3.2529534621517087e-14
1792.147972,0.199855921,885.2680065,1407.511045,0.101733263,0.706241671,-10.0695224,-0.403480811,0.000310455,3.2614122272553906e-14,0.933588698998835,0.0614071162621283,0.0043329271234497,0.0001096736373305,8.78356936416645e-05,0.0001671469232615,0.0003065987503458,2.6109746125623303e-09,,1532.1368621073375,0.9990478308984706,0.8047756065841729,0.9999206463518747,0.9999999999999997,3.297362383136715e-14
1790.42615,0.199854677,884.0107111,1407.510226,0.101730008,0.706229685,-10.06959598,-0.403554389,0.000311688,3.26514170139972e-14,0.933578836005906,0.0614117288713005,0.0043372121398915,0.0001098113247513,8.79622573711661e-05,0.0001673640402312,0.000307082748687,2.61182881166911e-09,,1529.8807956145322,0.9990416123411449,0.8036326299253971,0.9999200645198442,1.0,3.2529534621517087e-14
1788.773201,0.199853482,882.8046376,1407.508837,0.101726882,0.706218202,-10.06966663,-0.403625044,0.00031287,3.26872865071826e-14,0.933569357933845,0.0614161585884138,0.0043413331263117,0.0001099437659416,8.80836601656734e-05,0.0001675725438439,0.0003075477687958,2.6126493380875e-09,,1527.7205780738975,0.9990356387269934,0.8025362178497083,0.9999190777497704,0.9999999999999994,3.319566843629218e-14
1787.120252,0.199852286,881.5994706,1407.508648,0.101723754,0.70620666,-10.06973732,-0.40369573,0.000314051,3.27232205364109e-14,0.933559866159077,0.0614205903830842,0.004345461293959,0.0001100764636901,8.82060059452074e-05,0.0001677821021613,0.0003080149785795,2.6134703994530303e-09,,1525.5544125298381,0.9990296601140017,0.8014406298511147,0.9999189434808402,0.9999999999999994,3.3306690738754696e-14
1785.467303,0.19985109,880.3952137,1407.507856,0.101720626,0.706195142,-10.06980802,-0.403766434,0.000315232,3.2759220278238504e-14,0.933550365102406,0.0614250236122535,0.0043495967231543,0.0001102094185696,8.83282491765152e-05,0.0001679917262002,0.0003084825539148,2.6142919219695803e-09,,1523.393819630954,0.9990236815010102,0.8003458692022889,0.9999183808300853,0.9999999999999996,3.319566843629218e-14
1783.814353,0.199849893,879.1918646,1407.507063,0.101717497,0.70618362,-10.06987875,-0.403837162,0.000316411,3.2795285398063504e-14,0.933540853094513,0.0614294586519746,0.0043537394122695,0.0001103426316208,8.84507397714241e-05,0.0001682017465915,0.0003089511081117,2.61511395768416e-09,,1521.2349529164717,0.9990176978891782,0.7992519338123568,0.9999178174689128,0.999999999999999,3.375077994860476e-14
1782.161404,0.199848695,877.9894229,1407.506268,0.101714368,0.706172095,-10.0699495,-0.403907912,0.00031759,3.28314162632684e-14,0.933531330273907,0.0614338953391062,0.0043578893825633,0.0001104761032852,8.85734779407622e-05,0.0001684121649241,0.0003094206423042,2.61593647914041e-09,,1519.0778162440993,0.9990117092785058,0.7981588233176881,0.9999172526869052,1.0000000000000002,3.275157922644212e-14
1780.574573,0.199847545,876.8359317,1407.504948,0.101711361,0.706161048,-10.07001746,-0.403975875,0.00031872,3.28661621745337e-14,0.933522177744452,0.0614381577090279,0.0043618802268687,0.0001106044830929,8.86912205997396e-05,0.0001686142292394,0.0003098717699591,2.61672683798065e-09,,1517.012066423668,0.9990059606121676,0.7971102125316283,0.9999163149356471,0.9999999999999994,3.341771304121721e-14
1778.987741,0.199846394,875.6832764,1407.504737,0.101708355,0.706149955,-10.0700854,-0.404043815,0.00031985,3.29009723619728e-14,0.933513015941227,0.0614424185101913,0.0043658778085627,0.0001107330966692,8.8809832117857e-05,0.0001688172873276,0.0003103249063538,2.61751710155628e-09,,1514.9409562613528,0.9990002069469893,0.7960623616419216,0.9999161650375293,0.9999999999999996,3.3306690738754696e-14
1777.40091,0.199845242,874.5314553,1407.503969,0.101705348,0.70613888,-10.07015339,-0.404111799,0.000320979,3.2935841811686804e-14,0.933503843609147,0.0614466824997719,0.0043698821581795,0.0001108619536905,8.89283543227761e-05,0.0001690204022141,0.0003107784043329,2.6183081060239404e-09,,1512.8749105615266,0.9989944482829706,0.7950152691031391,0.9999156194367975,0.9999999999999997,3.3306690738754696e-14
1775.814079,0.19984409,873.3804684,1407.5032,0.10170234,0.706127802,-10.07022139,-0.404179803,0.000322107,3.29707725362203e-14,0.933494661245131,0.0614509479837253,0.0043738932902639,0.0001109910516067,8.90471071136223e-05,0.0001692238878653,0.000311232815162,2.6190995544682804e-09,,1510.810456381746,0.9989886896189518,0.7939689349152811,0.9999150731256479,1.0000000000000004,3.241851231905457e-14
1774.227248,0.199842937,872.230315,1407.502429,0.101699331,0.70611672,-10.07028941,-0.404247828,0.000323235,3.30057645765502e-14,0.933485468718584,0.0614552150695713,0.0043779112218972,0.0001111203912508,8.91660914337189e-05,0.0001694277449411,0.0003116881423973,2.6198914651607203e-09,,1508.7475896282315,0.9989829259560927,0.7929233584419944,0.9999145253936629,0.9999999999999999,3.3084646133829665e-14
1772.70389,0.19984183,871.1269512,1407.501174,0.10169644,0.706106099,-10.07035476,-0.404313171,0.000324316,3.3039413321510904e-14,0.933476634070963,0.0614593143138969,0.0043817748550387,0.0001112447879038,8.9280236746209e-05,0.000169623507512,0.0003121256072533,2.6206523701071803e-09,,1506.7719274389672,0.9989773922398872,0.7919203172557001,0.9999136338195502,0.9999999999999996,3.352873534367973e-14
1771.180532,0.199840722,870.0243552,1407.500945,0.101693551,0.706095434,-10.07042008,-0.404378494,0.000325397,3.3073121890905205e-14,0.933467790596287,0.0614634122653538,0.004385644778012,0.0001113694031952,8.93951923574585e-05,0.0001698201956446,0.000312564947703,2.62141321296924e-09,,1504.791334910053,0.9989718535248414,0.7909179740577058,0.9999134711339153,0.9999999999999994,3.3639757646142243e-14
1769.657174,0.199839613,868.9225256,1407.500201,0.10169066,0.706084786,-10.07048544,-0.404443857,0.000326477,3.3106885924128105e-14,0.933458937422329,0.0614675130598031,0.0043895210208861,0.0001114942456486,8.95100650796745e-05,0.0001700169380693,0.0003130046259764,2.62217472318364e-09,,1502.8153994122251,0.9989663098109554,0.7899163275753053,0.9999129425832063,0.9999999999999999,3.319566843629218e-14
1768.133816,0.199838504,867.8214624,1407.499455,0.101687768,0.706074135,-10.07055083,-0.404509239,0.000327556,3.31407071349686e-14,0.933450074869013,0.0614716152625026,0.0043934035955625,0.0001116193131012,8.96251532219741e-05,0.0001702140265621,0.0003134451570669,2.62293664820865e-09,,1500.840925727234,0.9989607660970693,0.7889153778084987,0.9999124126116617,1.0000000000000002,3.3084646133829665e-14
1766.610458,0.199837394,866.7211651,1407.498708,0.101684875,0.706063481,-10.07061623,-0.404574639,0.000328635,3.31745856322253e-14,0.933441202882042,0.0614757189071979,0.0043972925179328,0.0001117446061951,8.97404574460429e-05,0.0001704114619081,0.0003138865435457,2.6236989938336403e-09,,1498.8679120670204,0.9989552173843429,0.7879151243027482,0.9999118819296999,0.9999999999999999,3.3306690738754696e-14
1765.148034,0.199836328,865.6655993,1407.497515,0.101682096,0.706053268,-10.07067905,-0.404637462,0.00032967,3.32071614497065e-14,0.933432676470458,0.0614796611912556,0.0044010318734696,0.0001118651031194,8.98510764259045e-05,0.0001706010560446,0.0003143106047618,2.6244314924720702e-09,,1496.9781244989272,0.9989498886205894,0.7869555351153529,0.9999110344014795,0.9999999999999997,3.352873534367973e-14
1763.68561,0.199835262,864.6107393,1407.49727,0.101679319,0.706043016,-10.07074185,-0.404700262,0.000330704,3.32397935147038e-14,0.933424142182141,0.0614836019126454,0.0044047771024955,0.0001119858035412,8.99624492445686e-05,0.0001707915134512,0.0003147364112833,2.6251638708849304e-09,,1495.083816611285,0.9989445598568361,0.7859965875535656,0.9999108603491628,0.9999999999999992,3.3861802251067274e-14
1762.223186,0.199834195,863.5565834,1407.496549,0.101676539,0.706032779,-10.07080469,-0.4047631,0.000331737,3.3272477165057105e-14,0.933415598702218,0.0614875454237378,0.004408528228187,0.0001121067162789,9.00737459226046e-05,0.0001709820218723,0.0003151625358529,2.6258968936581e-09,,1493.193784007051,0.9989392260942421,0.785038280071958,0.9999103481380589,0.9999999999999999,3.341771304121721e-14
1760.760763,0.199833128,862.5031316,1407.495826,0.101673759,0.706022539,-10.07086754,-0.404825956,0.000332769,3.33052141063863e-14,0.933407046423168,0.0614914902950573,0.0044122852619574,0.0001122278391276,9.01852438572049e-05,0.0001711728530576,0.0003155894571109,2.62663030963497e-09,,1491.3050932319368,0.9989338923316484,0.78408061267053,0.9999098345061199,0.9999999999999994,3.3861802251067274e-14
1759.298339,0.19983206,861.4503836,1407.495102,0.101670979,0.706012297,-10.07093042,-0.404888829,0.000333801,3.33380045463252e-14,0.933398485391742,0.0614954364617065,0.0044160482188876,0.0001123491725,9.02969433568052e-05,0.0001713640080045,0.0003160171764051,2.6273641078826404e-09,,1489.4177454974229,0.9989285535702145,0.7831235850765589,0.9999093201637632,1.0,3.3306690738754696e-14
1757.543431,0.199830777,860.1880142,1407.494232,0.101667641,0.706000002,-10.07100589,-0.4049643,0.000335039,3.33774238289543e-14,0.933388200530793,0.0615001736157214,0.0044205716059651,0.0001124950512573,9.04312496051062e-05,0.0001715938222394,0.0003165314961403,2.6282451779638903e-09,,1487.154699406833,0.9989221400581171,0.781975995767831,0.9999087021004339,1.0000000000000002,3.3306690738754696e-14
1755.788522,0.199829494,858.9266569,1407.493359,0.101664302,0.705987703,-10.07108138,-0.405039796,0.000336275,3.34169205217002e-14,0.933377902963632,0.0615049126788668,0.0044251035683605,0.0001126412349181,9.05658479081281e-05,0.0001718241051594,0.0003170469719943,2.6291268061602504e-09,,1484.8935831437784,0.9989157265460199,0.7808293265345891,0.999908081905852,0.9999999999999993,3.4083846855992306e-14
1754.033614,0.19982821,857.6663109,1407.492485,0.101660962,0.7059754,-10.0711569,-0.405115318,0.000337511,3.3456494855685e-14,0.933367592657708,0.0615096536518123,0.0044296441314845,0.0001127877244014,9.07007390853112e-05,0.0001720548580971,0.0003175636073687,2.63000899270187e-09,,1482.6343961522875,0.9989093080350824,0.7796835766495729,0.9999074610008523,0.9999999999999997,3.375077994860476e-14
1752.629687,0.199827183,856.6587615,1407.491343,0.101658288,0.705965571,-10.07121736,-0.40517577,0.000338498,3.3488209088998005e-14,0.933359335002387,0.0615134489775239,0.0044332827958153,0.0001129051390833,9.08086035608896e-05,0.0001722395466476,0.0003179773042326,2.6307153513387603e-09,,1480.8311289983685,0.9989041742261003,0.7787676380032026,0.9999066497039305,0.9999999999999994,3.4083846855992306e-14
1751.22576,0.199826155,855.651859,1407.491082,0.101655616,0.705955706,-10.07127779,-0.405236205,0.000339485,3.3519975866077997e-14,0.93335106959152,0.0615172431802019,0.0044369269857241,0.0001130227459855,9.09171764275178e-05,0.000172425044004,0.0003183926446819,2.63142165269084e-09,,1479.0237061112061,0.9988990354182781,0.7778522874378836,0.9999064642849318,1.0000000000000002,3.341771304121721e-14
1749.541048,0.19982492,854.4444285,1407.490238,0.101652407,0.705943885,-10.07135036,-0.405308769,0.000340669,3.3558160558414605e-14,0.933341140000309,0.061521799247615,0.0044413073418567,0.0001131641374471,9.10474012338485e-05,0.0001726477371238,0.0003188915021105,2.6322699357251903e-09,,1476.859660130274,0.9988928618505148,0.7767546417465099,0.9999058646924608,0.9999999999999994,3.4083846855992306e-14
1747.856336,0.199823685,853.2379276,1407.489392,0.101649197,0.70593206,-10.07142294,-0.405381356,0.000341852,3.3596417578664706e-14,0.933331198567739,0.0615263570699221,0.0044456957086091,0.0001133058137844,9.11778989042224e-05,0.0001728708680939,0.0003193914397945,2.63311873283165e-09,,1474.6973878549325,0.9988866882827517,0.7756578411318795,0.9999052636791543,0.9999999999999998,3.397282455352979e-14
1746.171624,0.199822449,852.0323559,1407.488544,0.101645986,0.705920231,-10.07149555,-0.405453965,0.000343033,3.36347471291125e-14,0.933321245259327,0.0615309166528384,0.0044500921088244,0.0001134477758343,9.13086702011499e-05,0.0001730944381074,0.0003198924608651,2.6339680450721604e-09,,1472.536888558846,0.9988805097161484,0.7745618852303621,0.9999046612450129,0.9999999999999994,3.419486915845482e-14
1744.486912,0.199821213,850.8277125,1407.487694,0.101642774,0.705908399,-10.07156819,-0.405526599,0.000344214,3.3673149421907505e-14,0.933311280048127,0.0615354779942804,0.0044544965655073,0.000113590024423,9.14397159129752e-05,0.0001733184484304,0.0003203945684675,2.63481787219553e-09,,1470.3781612603686,0.9988743311495449,0.7734667732237895,0.999904057390036,1.0000000000000002,3.341771304121721e-14
1742.8022,0.199819975,849.6239969,1407.486843,0.101639561,0.705896562,-10.07164084,-0.405599255,0.000345394,3.3711624667836705e-14,0.933301302905198,0.0615400410940332,0.0044589091017335,0.0001137325603836,9.15710368386265e-05,0.0001735429003298,0.0003208977657812,2.6356682142646603e-09,,1468.2212049052355,0.9988681425852609,0.7723725046576242,0.9999034528246415,0.9999999999999999,3.3861802251067274e-14
1741.184876,0.199818787,848.4693022,1407.485435,0.101636475,0.705885219,-10.07171063,-0.405669046,0.000346526,3.37486282461229e-14,0.933291713531515,0.0615444246768349,0.0044631527666258,0.0001138696687407,9.16970135213389e-05,0.000173758450479,0.000321381255764,2.6364852682776103e-09,,1466.1557591654578,0.9988622039629915,0.7713227997989951,0.9999024525566331,0.9999999999999996,3.419486915845482e-14
1739.567552,0.199817598,847.3154615,1407.485203,0.10163339,0.705873826,-10.07178041,-0.40573882,0.000347657,3.37857024189421e-14,0.933282113237999,0.0615488071728627,0.004467403904795,0.0001140070380524,9.18239474489037e-05,0.0001739750904833,0.0003218669710226,2.6373023146248703e-09,,1464.0848090138688,0.998856260341882,0.7702738712909885,0.9999022877397452,1.0000000000000002,3.3639757646142243e-14
1737.950229,0.199816408,846.1624742,1407.48438,0.101630303,0.705862452,-10.07185022,-0.405808635,0.000348787,3.3822842908549905e-14,0.933272501805783,0.0615531926416618,0.0044716625590215,0.0001141446771635,9.19507860920021e-05,0.0001741918005751,0.0003223530915494,2.6381200767988403e-09,,1462.0190555278218,0.9988503117219321,0.7692257185881591,0.9999017030660443,1.0000000000000004,3.352873534367973e-14
1736.332905,0.199815217,845.0103396,1407.483556,0.101627215,0.705851075,-10.07192006,-0.40587847,0.000349917,3.3860051393350903e-14,0.933262879273426,0.0615575797295479,0.0044759287426562,0.0001142825841218,9.20778812538743e-05,0.0001744089221981,0.0003228402278233,2.63893831366539e-09,,1459.9549303944245,0.9988443581031418,0.768178341054154,0.9999011176819255,0.9999999999999993,3.452793606584237e-14
1734.715582,0.199814026,843.8590573,1407.48273,0.101624127,0.705839695,-10.07198991,-0.405948327,0.000351045,3.3897328063524906e-14,0.933253245614965,0.0615619684362041,0.0044802024765035,0.0001144207596779,9.22052336543621e-05,0.0001746264564949,0.000323328382709,2.6397570252567203e-09,,1457.8924326841072,0.9988384044843516,0.7671317383253428,0.9999005308769716,0.9999999999999998,3.4083846855992306e-14
1733.162951,0.199812882,842.7546276,1407.481391,0.10162116,0.705828788,-10.07205701,-0.406015426,0.000352128,3.39331767441681e-14,0.93324398687575,0.0615661842542868,0.0044843123914573,0.0001145536639158,9.23274071508073e-05,0.0001748353622204,0.0003237974046414,2.64054363878657e-09,,1455.91724655195,0.9988326858110552,0.7661277281552915,0.9998995796277789,1.0000000000000002,3.375077994860476e-14
1731.61032,0.199811737,841.6509822,1407.48114,0.101618194,0.705817835,-10.0721241,-0.406082513,0.00035321,3.3969091107230304e-14,0.933234717706373,0.061570399289612,0.0044884292867991,0.000114686812441,9.24504740168274e-05,0.0001750452833679,0.000324268506026,2.64133028238599e-09,,1453.9369955366476,0.9988269621389184,0.7651244309732885,0.9998994013129563,1.0,3.397282455352979e-14
1730.05769,0.199810592,840.5481208,1407.480342,0.101615226,0.7058069,-10.07219122,-0.406149635,0.000354291,3.40050675768312e-14,0.933225438277437,0.0615746169529308,0.0044925532046512,0.0001148202128484,9.25734524024637e-05,0.0001752552714122,0.0003247399861662,2.642117567318e-09,,1451.961523447901,0.9988212384667818,0.7641218465066112,0.9998988343996957,0.9999999999999997,3.430589146091734e-14
1728.505059,0.199809446,839.4460428,1407.479543,0.101612258,0.705795962,-10.07225836,-0.406216776,0.000355371,3.40411075711589e-14,0.933216148499986,0.0615788361079696,0.0044966841558449,0.000114953863506,9.26966704578736e-05,0.000175465643894,0.0003252124154018,2.64290529003962e-09,,1449.9875478618117,0.9988155097958049,0.7631199742098141,0.9998982667760175,0.9999999999999998,3.441691376337985e-14
1726.952428,0.199808299,838.3447478,1407.478742,0.101609288,0.705785021,-10.07232552,-0.406283938,0.000356451,3.4077211265216805e-14,0.933206848353737,0.0615830567513371,0.004500822159145,0.0001150877650841,9.28201288259316e-05,0.0001756764018561,0.0003256857962872,2.6436934500426203e-09,,1448.015068006357,0.9988097761259875,0.7621188137192672,0.9998976977315042,1.0,3.397282455352979e-14
1725.461903,0.199807198,837.2882409,1407.477467,0.101606437,0.705774535,-10.07239003,-0.406348444,0.000357487,3.41119298665246e-14,0.933197910611997,0.0615871109132976,0.0045048013026021,0.0001152165492502,9.2938570168245e-05,0.0001758787988361,0.0003261406093642,2.64445066540704e-09,,1446.1259128072834,0.9988042724028238,0.7611583690007582,0.9998967919490389,1.0000000000000002,3.397282455352979e-14
1723.971377,0.199806096,836.2324544,1407.477199,0.101603585,0.705764005,-10.07245453,-0.406412942,0.000358522,3.41467095417951e-14,0.933188962912974,0.0615911645656762,0.0045087869628473,0.0001153455619974,9.30578449486646e-05,0.0001760821414836,0.0003265973648306,2.6452079445120603e-09,,1444.2320962679316,0.9987987636808198,0.7601985791803624,0.9998966015571168,0.9999999999999999,3.430589146091734e-14
1722.480852,0.199804993,835.1773883,1407.476426,0.101600732,0.705753492,-10.07251906,-0.406477471,0.000359556,3.41815473552456e-14,0.933180005771372,0.061595220532062,0.0045127791813256,0.0001154748097783,9.3177037562831e-05,0.0001762855478906,0.0003270544740088,2.6459657968140204e-09,,1442.3426751661061,0.9987932499599754,0.7592394442580794,0.9998960524042968,1.0000000000000002,3.4083846855992306e-14
1720.990326,0.19980389,834.123042,1407.475651,0.101597879,0.705742977,-10.0725836,-0.406542018,0.00036059,3.42164444463944e-14,0.933171038950464,0.0615992779079618,0.0045167779663133,0.0001156042913165,9.32964541060898e-05,0.0001764893131424,0.0003275124699377,2.6467240588403904e-09,,1440.454628522672,0.9987877362391312,0.7582809636884642,0.9998955018306415,1.0,3.4083846855992306e-14
1719.499801,0.199802787,833.0694151,1407.474875,0.101595025,0.705732459,-10.07264817,-0.406606583,0.000361622,3.4251401100976404e-14,0.933162062540597,0.061603336582137,0.0045207833356205,0.0001157340070225,9.34160948168937e-05,0.0001766934385171,0.0003279713537719,2.6474827116851703e-09,,1438.567958755447,0.9987822225182869,0.7573231371078863,0.9998949505465686,0.9999999999999999,3.441691376337985e-14
1718.068897,0.199801727,832.05861,1407.473662,0.101592283,0.705722377,-10.07271018,-0.406668592,0.000362613,3.42850147152181e-14,0.933153436319229,0.0616072350002996,0.0045246347080702,0.0001158587567827,9.35308769843956e-05,0.0001768894647237,0.000328412225664,2.6482115431620903e-09,,1436.7608256561093,0.9987769237475752,0.7564042387838555,0.9998940888099959,0.9999999999999994,3.4861002973229915e-14
1716.637992,0.199800666,831.0484665,1407.47338,0.101589543,0.705712255,-10.07277218,-0.406730598,0.000363604,3.43186850569841e-14,0.933144800574343,0.0616111331758194,0.0045284921613975,0.0001159837203744,9.36464364602761e-05,0.0001770863711961,0.000328854911434,2.64894047208142e-09,,1434.9494012004427,0.9987716199780231,0.7554859419042884,0.999893888472227,0.9999999999999994,3.497202527569243e-14
1715.207088,0.199799605,830.0389851,1407.472631,0.1015868,0.70570215,-10.07283422,-0.40679263,0.000364593,3.4352409807748206e-14,0.933136156152747,0.0616150333725924,0.0045323557365952,0.0001161089031557,9.37619196091236e-05,0.0001772833383809,0.0003292979272156,2.64966991071771e-09,,1433.1420202427455,0.9987663162084711,0.7545682469237227,0.9998933563694299,1.0,3.419486915845482e-14
1713.776183,0.199798543,829.0301652,1407.47188,0.101584058,0.705692041,-10.07289626,-0.406854678,0.000365582,3.4386189989717404e-14,0.933127502801888,0.0616189347810078,0.0045362254406252,0.0001162343039698,9.38776115030327e-05,0.000177480640744,0.0003297417698278,2.6503997123387502e-09,,1431.335905174629,0.9987610074400789,0.7536511532967132,0.9998928228457975,0.9999999999999997,3.47499806707674e-14
1712.345279,0.199797481,828.0220063,1407.471128,0.101581314,0.70568193,-10.07295833,-0.406916743,0.00036657,3.4420025635406206e-14,0.933118840413087,0.061622837490217,0.0045401012879148,0.0001163599235248,9.39935129480787e-05,0.000177678278836,0.0003301864423074,2.65112989221652e-09,,1429.5310528233615,0.9987556986716866,0.7527346605687217,0.9998922886117473,0.9999999999999993,3.5083047578154947e-14
1710.971611,0.199796461,827.0547956,1407.469973,0.101578679,0.705672239,-10.07301794,-0.40697635,0.000367519,3.4452559557229105e-14,0.93311051640109,0.0616265858844694,0.0045438279041535,0.00011648072586,9.41047105612408e-05,0.0001778680740719,0.000330613647928,2.6518313260857804e-09,,1427.8021398108312,0.9987505998545867,0.7518553928531011,0.9998914680793966,0.9999999999999998,3.4638958368304884e-14
1709.597942,0.19979544,826.0881929,1407.46968,0.101576045,0.70566251,-10.07307754,-0.407035955,0.000368466,3.44851461857183e-14,0.93310218332653,0.0616303342330172,0.0045475601922245,0.0001166017280721,9.42166327492581e-05,0.0001780586884931,0.0003310425463459,2.65253288014906e-09,,1426.069276474151,0.9987454960386464,0.7509766778554882,0.999891259927034,0.9999999999999994,3.5083047578154947e-14
1708.224274,0.199794419,825.1221987,1407.468954,0.101573409,0.705652796,-10.07313717,-0.407095583,0.000369413,3.45177836972845e-14,0.933093842272501,0.0616340843501914,0.0045512981921691,0.0001167229346215,9.43284840661537e-05,0.000178249360607,0.0003314717525741,2.6532348882666302e-09,,1424.3401330768977,0.9987403922227063,0.7500985160304209,0.999890744163842,0.9999999999999997,3.4861002973229915e-14
1706.850606,0.199793397,824.1568123,1407.468226,0.101570773,0.705643079,-10.07319681,-0.407155227,0.00037036,3.4550472825456704e-14,0.933085492821656,0.0616378356644858,0.004555041908488,0.000116844344736,9.44405303958992e-05,0.0001784403451351,0.0003319017311313,2.65393724490308e-09,,1422.6121511440851,0.9987352834079257,0.749220906741546,0.9998902269798149,0.9999999999999999,3.4638958368304884e-14
1705.476938,0.199792375,823.1920335,1407.467498,0.101568136,0.70563336,-10.07325647,-0.407214885,0.000371305,3.45832138150418e-14,0.933077135057715,0.0616415880753267,0.0045587913556872,0.0001169659587271,9.45527718948097e-05,0.000178631643148,0.0003323324828264,2.65463993291884e-09,,1420.8853329169124,0.9987301745931452,0.7483438498070486,0.9998897097957877,0.9999999999999997,3.4861002973229915e-14
1703.828536,0.199791148,822.0351004,1407.466622,0.101564971,0.705621694,-10.07332808,-0.407286495,0.00037244,3.4622571485778406e-14,0.933067094617686,0.0616460925411334,0.0045632982753128,0.000117112165556,9.46877203251763e-05,0.000178861615169,0.0003328504092994,2.6554836174497604e-09,,1418.8146833374278,0.9987240410161045,0.7472921100734385,0.9998890874699528,1.0,3.4638958368304884e-14
1702.180134,0.19978992,820.879041,1407.465744,0.101561805,0.705610025,-10.07339971,-0.407358127,0.000373573,3.4662004116035e-14,0.933057042052895,0.0616505986843656,0.0045678134900459,0.0001172586677144,9.48229516677807e-05,0.0001790920407281,0.0003333694562208,2.6563277961370804e-09,,1416.7457044186958,0.9987179024402234,0.7462411645992418,0.9998884637232828,0.9999999999999999,3.47499806707674e-14
1700.531732,0.199788691,819.7238549,1407.464864,0.101558638,0.705598352,-10.07347137,-0.407429781,0.000374706,3.4701511926218e-14,0.933046977335786,0.0616551065026664,0.0045723370237514,0.000117405466059,9.49584666867722e-05,0.0001793229210893,0.0003338896267538,2.6571724686610803e-09,,1414.6783957550242,0.9987117588655019,0.7451910130208281,0.9998878385557773,0.9999999999999999,3.4861002973229915e-14
1698.88333,0.199787462,818.5695413,1407.463982,0.10155547,0.705586675,-10.07354304,-0.407501457,0.000375837,3.4741095137285606e-14,0.933036900438243,0.0616596159939215,0.0045768689003821,0.0001175525614499,9.50942662049354e-05,0.0001795542575728,0.0003344109241728,2.6580176347415203e-09,,1412.6127564109706,0.9987056152907805,0.744141654610937,0.9998872119674367,0.9999999999999992,3.5416114485542494e-14
1697.234928,0.199786232,817.4160998,1407.463099,0.101552302,0.705574995,-10.07361474,-0.407573154,0.000376968,3.47807539674342e-14,0.933026811329017,0.0616641271590247,0.0045814091439604,0.0001176999547565,9.52303510561954e-05,0.0001797860514925,0.0003349333517946,2.65886329461469e-09,,1410.5487853821453,0.9986994667172189,0.7430930890059381,0.9998865846686785,0.9999999999999999,3.4861002973229915e-14
1695.652462,0.19978505,816.3096165,1407.461671,0.101549258,0.705563803,-10.0736836,-0.407642012,0.000378053,3.48188971154921e-14,0.933017114942404,0.0616684600952305,0.0045857756851718,0.0001178417349049,9.53609014907545e-05,0.0001800086617426,0.0003354353193444,2.65967571337108e-09,,1408.572321313164,0.9986935580879913,0.7420872119580897,0.9998855701923175,0.9999999999999997,3.519406988061746e-14
1694.069996,0.199783868,815.2039345,1407.461397,0.101546215,0.70555256,-10.07375246,-0.407710873,0.000379137,3.48571117040204e-14,0.933007405895992,0.0616727932878987,0.004590149954294,0.0001179837882145,9.54924368936771e-05,0.0001802323829693,0.0003359395932144,2.6604883460256603e-09,,1406.5906338672867,0.9986876494587638,0.7410820633525762,0.9998853755378897,0.9999999999999997,3.519406988061746e-14
1692.487531,0.199782685,814.0990553,1407.460543,0.101543171,0.705541337,-10.07382135,-0.407779763,0.00038022,3.48953959041818e-14,0.932997686190113,0.0616771286643532,0.004594532012929,0.000118126119919,9.56238772545994e-05,0.0001804561858362,0.000336444288258,2.66130155431538e-09,,1404.6138609672907,0.9986817358306959,0.7400776445530111,0.9998847688412423,0.9999999999999993,3.552713678800501e-14
1690.905065,0.199781501,812.9949776,1407.459688,0.101540126,0.705530111,-10.07389026,-0.407848673,0.000381302,3.49337505289953e-14,0.932987955072646,0.0616814656309636,0.0045989218688757,0.0001182687294008,9.57555837331265e-05,0.0001806804148786,0.0003369500373518,2.6621152261181203e-09,,1402.638620747166,0.9986758172037877,0.7390739543775957,0.9998841614341775,0.9999999999999997,3.530509218307998e-14
1689.322599,0.199780317,811.891701,1407.458831,0.101537079,0.705518882,-10.07395919,-0.407917602,0.000382384,3.4972175953868305e-14,0.932978212663937,0.0616858040406065,0.00460331954506,0.0001184116171737,9.58875566096955e-05,0.0001809050717607,0.0003374568418874,2.66292933630172e-09,,1400.6649163965835,0.9986698985768796,0.7380709924627,0.9998835526062774,0.9999999999999993,3.5638159090467525e-14
1687.803432,0.199779179,810.8333075,1407.457472,0.101534153,0.705508116,-10.07402542,-0.407983831,0.000383422,3.50091278958416e-14,0.932968847754093,0.0616899730405124,0.0046075486854428,0.0001185490573381,9.60141731397591e-05,0.0001811208190433,0.0003379438066833,2.6637117788957103e-09,,1398.7746505948578,0.998664209896625,0.7371088326820312,0.9998825871487322,0.9999999999999993,3.5638159090467525e-14
1686.284265,0.199778041,809.7756537,1407.45718,0.101531229,0.705497313,-10.07409159,-0.408050003,0.000384458,3.5046151511823304e-14,0.932959475111174,0.0616941382064136,0.0046117850815382,0.000118686745364,9.61416952656693e-05,0.0001813376154655,0.0003384328802504,2.6644937210844104e-09,,1396.879695754822,0.9986585212163703,0.7361473453446357,0.9998823797067873,1.0,3.5083047578154947e-14
1684.765097,0.199776902,808.7187356,1407.456352,0.101528302,0.705486524,-10.07415782,-0.40811623,0.000385495,3.50832377282676e-14,0.932950090500379,0.0616983074100409,0.0046160287377984,0.0001188246972289,9.62691359729031e-05,0.00018155448265,0.0003389223706176,2.66527654130574e-09,,1394.9892020565444,0.9986528275372755,0.7351865268142109,0.999881791480998,0.9999999999999994,3.5638159090467525e-14
1683.24593,0.199775763,807.662554,1407.455523,0.101525375,0.705475732,-10.07422406,-0.408182476,0.00038653,3.5120389788710705e-14,0.932940695286151,0.0617024780418499,0.0046202796785296,0.0001189629085687,9.63968252098751e-05,0.0001817717480972,0.0003394128454988,2.66605978263045e-09,,1393.1001180088047,0.9986471338581805,0.7342263778180177,0.9998812025447914,1.0,3.5083047578154947e-14
1681.726763,0.199774623,806.6071083,1407.454692,0.101522447,0.705464937,-10.07429033,-0.408248741,0.000387565,3.5157607839973406e-14,0.932931289417981,0.0617066501275742,0.0046245379230241,0.0001191013801353,9.65247637398112e-05,0.0001819894127975,0.0003399043078691,2.6668434495288203e-09,,1391.2124420943858,0.9986414351802454,0.7332668978106103,0.9998806121877493,0.9999999999999996,3.574918139293004e-14
1680.268362,0.199773528,805.5945714,1407.453398,0.101519634,0.705454588,-10.07435399,-0.408312406,0.000388558,3.5193396750406404e-14,0.932922248610842,0.0617106589629334,0.0046286327241045,0.0001192345627557,9.66475126663794e-05,0.0001821984441179,0.0003403765149481,2.6675965678555603e-09,,1389.404405713056,0.9986359614501233,0.7323464251493333,0.9998796929073495,0.9999999999999999,3.530509218307998e-14
1678.809962,0.199772432,804.5827141,1407.453091,0.101516823,0.705444203,-10.07441761,-0.40837602,0.00038955,3.5229252354660504e-14,0.932913200373292,0.0617146644304423,0.0046327342997182,0.0001193679772782,9.67711064535762e-05,0.000182408452726,0.0003408506917048,2.6683492527577304e-09,,1387.5920536282458,0.9986304827211611,0.7314265702958821,0.9998794748091402,0.9999999999999993,3.5860203695392556e-14
1677.351561,0.199771336,803.5715328,1407.452289,0.10151401,0.705433831,-10.07448127,-0.408439684,0.000390541,3.52651665856477e-14,0.932904141119113,0.0617186735067658,0.0046368426561528,0.0001195016379806,9.68946245932659e-05,0.0001826185287573,0.0003413252574995,2.66910272832297e-09,,1385.7838056466492,0.9986250039921988,0.7305073299775842,0.9998789050542091,1.0000000000000004,3.4861002973229915e-14
1675.893161,0.19977024,802.5610281,1407.451485,0.101511196,0.705423457,-10.07454495,-0.408503365,0.000391532,3.53011422392874e-14,0.932895071926847,0.061722683953364,0.0046409578138918,0.0001196355411061,9.7018375015266e-05,0.0001828289764997,0.0003418007433843,2.6698566015267904e-09,,1383.976851832747,0.9986195252632364,0.7295887047398849,0.9998783338784428,1.0,3.530509218307998e-14
1674.43476,0.199769142,801.5511998,1407.450679,0.101508382,0.705413081,-10.07460865,-0.408567063,0.000392522,3.5337179619888105e-14,0.932885992892833,0.061726695652185,0.0046450797915329,0.0001197696870718,9.71423579456765e-05,0.0001830397973019,0.0003422771504829,2.6706108521577e-09,,1382.1711947337033,0.9986140365365936,0.728670694400969,0.9998777612818412,0.9999999999999994,3.5860203695392556e-14
1673.034696,0.199768088,800.5823996,1407.449447,0.101505678,0.705403132,-10.07466985,-0.40862826,0.000393472,3.53718310925589e-14,0.932877266577127,0.0617305502834596,0.0046490433185471,0.0001198987006148,9.72613151794255e-05,0.000183242254372,0.0003427348793287,2.6713356778951e-09,,1380.4415617403529,0.9986087677589237,0.7277899817095703,0.9998768860473337,0.9999999999999998,3.5638159090467525e-14
1671.634631,0.199767034,799.6142237,1407.449128,0.101502977,0.70539315,-10.074731,-0.40868941,0.000394421,3.54065447674874e-14,0.9328685332748,0.0617344018259626,0.0046530131690625,0.0001200279307615,9.73810598390453e-05,0.0001834456218959,0.0003431944455827,2.6720601062143304e-09,,1378.7079599701744,0.9986034989812538,0.7269098365541126,0.999876659424113,0.9999999999999998,3.5638159090467525e-14
1670.234567,0.199765979,798.646669,1407.44835,0.101500273,0.70538318,-10.07479219,-0.408750607,0.000395369,3.5441313131525506e-14,0.932859789680514,0.0617382567432669,0.0046569893483785,0.000120157390787,9.75007347214809e-05,0.0001836490530652,0.0003436543764456,2.6727852722461e-09,,1376.9781300628217,0.9985982252047436,0.7260302561164613,0.9998761067192048,0.9999999999999994,3.597122599785507e-14
1668.834502,0.199764923,797.6797362,1407.447571,0.101497569,0.705373209,-10.07485341,-0.40881182,0.000396317,3.5476138933028106e-14,0.932851036912463,0.0617421128380764,0.0046609718760992,0.0001202870769453,9.76206261522698e-05,0.0001838528314438,0.0003441151652741,2.67351079032575e-09,,1375.2494921330715,0.9985929464293931,0.7251512410329697,0.999875553303879,1.0000000000000004,3.519406988061746e-14
1667.434438,0.199763867,796.7134249,1407.44679,0.101494864,0.705363234,-10.07491463,-0.408873047,0.000397265,3.5511022275692205e-14,0.932842274917335,0.0617459701435845,0.0046649607677514,0.0001204169898685,9.77407347873237e-05,0.0001840569577904,0.0003445768146106,2.6742366662011303e-09,,1373.5220446700735,0.9985876676540426,0.7242727909400072,0.999874998467718,1.0,3.552713678800501e-14
1666.090376,0.199762853,795.7863496,1407.445616,0.101492265,0.705353671,-10.07497345,-0.408931868,0.000398174,3.55445623119145e-14,0.93283385380156,0.0617496761835797,0.0046687961033647,0.0001205419238895,9.78559774316046e-05,0.0001842529847406,0.0003450203504635,2.67493417591655e-09,,1371.867189978068,0.9985825988299843,0.7234300093400525,0.9998741644374325,0.9999999999999993,3.6193270602780103e-14
1664.746314,0.199761838,794.859848,1407.445287,0.101489668,0.705344077,-10.07503223,-0.408990647,0.000399082,3.55781602197789e-14,0.932825426026348,0.0617533794858257,0.0046726373379519,0.0001206670603038,9.79719539959824e-05,0.0001844498592499,0.0003454656006573,2.6756313375874102e-09,,1370.20868252536,0.9985775250070859,0.7225877492768101,0.9998739307100356,0.9999999999999994,3.608224830031759e-14
1663.402252,0.199760823,793.9339174,1407.444534,0.10148707,0.705334495,-10.07509106,-0.409049469,0.00039999,3.56118092114862e-14,0.932816988714568,0.0617570858690124,0.0046764844774175,0.0001207924111376,9.80878659607481e-05,0.0001846467940121,0.0003459111915268,2.6763291746672304e-09,,1368.5536440162616,0.9985724511841875,0.7217460082957755,0.9998733957655679,1.0,3.5638159090467525e-14
1662.05819,0.199759807,793.0085583,1407.443779,0.101484471,0.70532491,-10.07514989,-0.409108305,0.000400897,3.5645511791886204e-14,0.932808542858519,0.0617607933366857,0.0046803375391732,0.0001209179729581,9.82039799726692e-05,0.0001848440526906,0.0003463575829377,2.6770273362704204e-09,,1366.8997013269538,0.9985673723624487,0.7209047868514866,0.9998728594002649,0.9999999999999999,3.574918139293004e-14
1660.714128,0.199758791,792.0837704,1407.443023,0.101481871,0.705315323,-10.07520874,-0.409167154,0.000401804,3.5679268071562203e-14,0.932800088424525,0.0617645019044993,0.0046841965373093,0.000121043746308,9.83202965719624e-05,0.0001850416360106,0.0003468047770141,2.67772582513161e-09,,1365.2468535266305,0.9985622935407099,0.7200640846712207,0.9998723223245445,0.9999999999999998,3.5860203695392556e-14
1659.101254,0.199757571,790.9747784,1407.442114,0.10147875,0.705303816,-10.07527938,-0.409237792,0.000402891,3.5719846707174403e-14,0.932789931782966,0.0617689536108749,0.0046888351914285,0.0001211949542211,9.84601444583015e-05,0.0001852791656621,0.0003473424717891,2.67856443911993e-09,,1363.264881874647,0.9985561949555511,0.7190559270252378,0.9998716765549281,1.0000000000000002,3.5416114485542494e-14
1657.48838,0.19975635,789.866608,1407.441203,0.101475629,0.705292306,-10.07535004,-0.409308451,0.000403978,3.5760503027077904e-14,0.932779762686093,0.0617734069469217,0.0046934824388305,0.0001213464684561,9.86002858422846e-05,0.0001855171651819,0.0003478813292346,2.6794035323042e-09,,1361.2844834581738,0.9985500913715522,0.7180485162758259,0.9998710293644766,0.9999999999999992,3.652633751016765e-14
1655.875506,0.199755128,788.7592585,1407.44029,0.101472507,0.705280792,-10.07542072,-0.40937913,0.000405064,3.5801237310495104e-14,0.932769581145508,0.0617778618700433,0.0046981383047296,0.0001214982898302,9.87407213901622e-05,0.0001857556360219,0.0003484213521976,2.68024309741949e-09,,1359.3056589763169,0.9985439827887129,0.7170418517866317,0.9998703807531898,0.9999999999999997,3.608224830031759e-14
1654.262631,0.199753906,787.6527294,1407.439375,0.101469384,0.705269275,-10.07549142,-0.409449829,0.000406148,3.5842049768163504e-14,0.93275938711603,0.061782318393872,0.0047028028139491,0.0001216504192691,9.88814520062936e-05,0.0001859945795007,0.0003489625442539,2.6810831368838302e-09,,1357.3284071702603,0.9985378742058736,0.7160359331031177,0.9998697307210677,1.0000000000000002,3.5638159090467525e-14
1652.649757,0.199752683,786.5470203,1407.438458,0.10146626,0.705257755,-10.07556214,-0.409520549,0.000407233,3.58829406379724e-14,0.932749180573698,0.0617867765107778,0.0047074759915897,0.0001218028576623,9.90224785330593e-05,0.0001862339970166,0.0003495049087624,2.68192364944751e-09,,1355.3527273143625,0.9985317606241939,0.7150307598616535,0.9998690792681104,0.9999999999999994,3.6415315207705135e-14
1651.101398,0.199751508,785.4863097,1407.437009,0.101463259,0.705246713,-10.07563008,-0.40958849,0.000408273,3.5922267236782705e-14,0.932739369635328,0.0617910599977781,0.0047119704205406,0.0001219494944677,9.9157780668253e-05,0.0001864639306239,0.000350026057826,2.6827313752305e-09,,1353.4606980104174,0.9985258869868484,0.7140664936617486,0.9998680498729794,1.0,3.597122599785507e-14
1649.553038,0.199750332,784.4263552,1407.436691,0.101460261,0.705235627,-10.07569797,-0.409656387,0.000409312,3.5961671752833206e-14,0.932729548819202,0.0617953405617089,0.0047164728841143,0.0001220964087651,9.92940821663885e-05,0.0001866950125289,0.0003505495479396,2.6835387601332504e-09,,1351.563824961762,0.9985200083506627,0.7131029148139579,0.9998678239601764,0.9999999999999998,3.6193270602780103e-14
1648.004679,0.199749156,783.3671541,1407.435806,0.101457259,0.705224558,-10.07576592,-0.409724335,0.00041035,3.60011464828187e-14,0.932719715488166,0.0617996248308554,0.0047209834038723,0.0001222436147642,9.94302963121864e-05,0.0001869261804126,0.0003510735012337,2.6843469768656103e-09,,1349.671542529173,0.9985141297144768,0.7121400208637776,0.9998671952405828,0.9999999999999993,3.6637359812630166e-14
1646.45632,0.199747979,782.3087069,1407.434918,0.101454258,0.705213487,-10.07583389,-0.4097923,0.000411388,3.60406944121071e-14,0.932709870599962,0.061803910479737,0.0047255020036014,0.0001223911085912,9.9566786005296e-05,0.0001871577904189,0.0003515985464928,2.68515561458573e-09,,1347.780707852976,0.9985082460794507,0.7111778122657451,0.9998665643897364,1.0000000000000004,3.5638159090467525e-14
1644.90796,0.199746802,781.2510127,1407.434028,0.101451255,0.705202412,-10.07590187,-0.409860286,0.000412425,3.6080315521079505e-14,0.93270001394384,0.0618081976898211,0.0047300287042856,0.0001225388914028,9.97035526225604e-05,0.0001873898431734,0.0003521246888541,2.68596470464872e-09,,1345.891315336741,0.9985023624444247,0.7102162882016927,0.9998659321180549,1.0000000000000004,3.5860203695392556e-14
1643.421535,0.199745671,780.2363338,1407.432648,0.10144837,0.705191796,-10.07596719,-0.409925601,0.00041342,3.6118418311297705e-14,0.932690539610144,0.061812316974943,0.0047343819786719,0.0001226810397894,9.98347721363116e-05,0.0001876127011448,0.0003526302363916,2.6867422274627703e-09,,1344.0817444251709,0.9984967087560521,0.7092938683003295,0.9998649517417396,0.9999999999999994,3.6637359812630166e-14
1641.935111,0.199744539,779.2223499,1407.432315,0.101445488,0.705181141,-10.07603245,-0.409990867,0.000414414,3.6156594459516206e-14,0.93268105648599,0.061816433096625,0.0047387427648967,0.0001228234467026,9.99669223245431e-05,0.0001878366315246,0.0003531379643806,2.6875193545588604e-09,,1342.2677321993172,0.9984910500688392,0.7083720802065574,0.9998647151726723,0.9999999999999994,3.674838211509268e-14
1640.448686,0.199743407,778.209058,1407.431456,0.101442603,0.705170501,-10.07609777,-0.410056185,0.000415408,3.6194835911550405e-14,0.932671561445598,0.0618205528988272,0.004743111076183,0.0001229661266821,0.00010009899262,0.0001880606424247,0.0003536461293307,2.6882972947942e-09,,1340.4579329835576,0.9984853913816264,0.7074509211931492,0.999864104923937,0.9999999999999991,3.708144902248023e-14
1638.962261,0.199742274,777.1964587,1407.430595,0.101439718,0.705159858,-10.07616311,-0.410121518,0.000416401,3.62331457682671e-14,0.93266205563335,0.0618246739642545,0.0047474869363246,0.0001231090755987,0.0001002313203634,0.0001882850664136,0.0003541553145831,2.689075621814e-09,,1338.6494646091462,0.9984797276955731,0.7065303918055504,0.9998634932543663,0.9999999999999997,3.652633751016765e-14
1637.475836,0.199741141,776.1845514,1407.429733,0.101436832,0.705149213,-10.07622846,-0.41018687,0.000417393,3.62715240145049e-14,0.93265253886214,0.0618287964536189,0.0047518703642405,0.0001232522944907,0.0001003639067952,0.0001885099040671,0.0003546655247565,2.6898543634075e-09,,1336.8423220988736,0.9984740640095201,0.7056104914983158,0.999862880874378,0.9999999999999996,3.674838211509268e-14
1636.048868,0.199740052,775.2137704,1407.428418,0.101434059,0.705139008,-10.07629124,-0.410249652,0.000418345,3.63084293449779e-14,0.932643391682715,0.0618327572916284,0.0047560855934026,0.0001233900432026,0.000100491119061,0.0001887258309299,0.0003551557484209,2.69060268367619e-09,,1335.1113698058787,0.9984686202724399,0.7047279781098288,0.9998619466752081,0.9999999999999993,3.697042672001771e-14
1634.6219,0.199738963,774.2436279,1407.428072,0.101431288,0.705128766,-10.07635398,-0.410312392,0.000419296,3.6345402982554504e-14,0.932634236122112,0.0618367153505696,0.0047603078370926,0.0001235280337405,0.0001006191995827,0.0001889427569771,0.0003556480085378,2.69135066223792e-09,,1333.3763296723757,0.9984631765353595,0.7038460451661575,0.9998617008707117,0.9999999999999993,3.697042672001771e-14
1633.194932,0.199737873,773.2741214,1407.427239,0.101428516,0.705118539,-10.07641676,-0.410375177,0.000420247,3.63824378004242e-14,0.932625069606347,0.0618406766710752,0.0047645371096646,0.0001236662790532,0.0001007472058046,0.000189159759632,0.000356140676287,2.6920993682869103e-09,,1331.6451663546982,0.9984577277994392,0.7029646903946126,0.9998611090928345,0.9999999999999992,3.7192471324942744e-14
1631.767964,0.199736782,772.3052513,1407.426405,0.101425743,0.705108309,-10.07647956,-0.410437977,0.000421197,3.64195364150033e-14,0.932615892977832,0.0618446392245352,0.0047687734307881,0.0001238047756737,0.0001008754527031,0.0001893771478038,0.0003566342977793,2.6928484428817702e-09,,1329.9152245088703,0.9984522740646783,0.7020839141588244,0.9998605166045396,1.0,3.6415315207705135e-14
1630.340996,0.199735691,771.3370171,1407.425569,0.101422969,0.705098077,-10.07654238,-0.410500793,0.000422146,3.6456699026102705e-14,0.932606706239477,0.0618486029850112,0.0047730168190057,0.0001239435242132,0.000101003940829,0.0001895949225881,0.0003571288752413,2.6935978815725704e-09,,1328.1865041411288,0.9984468203299175,0.7012037160042551,0.9998599226954095,0.9999999999999997,3.674838211509268e-14
1628.971107,0.199734644,770.4081112,1407.424315,0.101420305,0.705088272,-10.07660269,-0.410561108,0.000423057,3.6492435663852996e-14,0.932597878594851,0.061852409265552,0.004777097153448,0.0001240769605625,0.0001011272176714,0.0001898040710411,0.0003576040425197,2.69431768193652e-09,,1326.5305730013174,0.9984415865441296,0.7003592702503781,0.9998590318317143,0.9999999999999999,3.6637359812630166e-14
1627.601218,0.199733595,769.4797888,1407.423959,0.101417641,0.705078424,-10.07666303,-0.410621443,0.000423967,3.6528231021812206e-14,0.932589039095006,0.0618562169696552,0.0047811840006482,0.000124210630366,0.0001012513171768,0.0001900141370043,0.0003580811550689,2.69503785594992e-09,,1324.8707780125735,0.9984363427606613,0.6995153549421548,0.9998587789230416,0.9999999999999997,3.68594044175552e-14
1626.231328,0.199732546,768.5520525,1407.423152,0.101414976,0.705068594,-10.07672338,-0.410681791,0.000424877,3.65640859843724e-14,0.932580191376515,0.0618600257169424,0.0047852774265198,0.000124344534252,0.0001013753413948,0.0001902242819923,0.0003585586265887,2.6957583615579504e-09,,1323.2145990648507,0.9984310989771927,0.6986719724431819,0.9998582056160226,1.0,3.652633751016765e-14
1624.861439,0.199731497,767.624901,1407.422343,0.101412311,0.705058761,-10.07678374,-0.410742152,0.000425786,3.66000005731588e-14,0.932571334292495,0.0618638355416538,0.0047893774318,0.0001244786726237,0.0001014995900928,0.0001904347870188,0.0003590369878,2.6964791968136e-09,,1321.559544480774,0.9984258551937243,0.6978291215716613,0.9998576308881681,0.9999999999999997,3.697042672001771e-14
1623.49155,0.199730447,766.6983339,1407.421533,0.101409645,0.705048927,-10.07684411,-0.410802528,0.000426695,3.66359748169456e-14,0.932562467725215,0.0618676465402803,0.004793484032116,0.0001246130462609,0.0001016240641637,0.0001906456526568,0.00035951624207,2.6972003784464504e-09,,1319.905611198853,0.9984206064114155,0.6969868019639623,0.9998570554498962,0.9999999999999997,3.697042672001771e-14
1622.176456,0.199729438,765.8093788,1407.420338,0.101407085,0.705039499,-10.07690211,-0.410860522,0.000427566,3.6670564766716806e-14,0.932553946571041,0.0618713075223216,0.0047974325909207,0.0001247422696109,0.0001017434978547,0.0001908481585486,0.0003599766917724,2.6978932743029604e-09,,1318.3211453253232,0.9984155625815588,0.6961786745103825,0.9998562065008405,0.9999999999999998,3.68594044175552e-14
1620.861362,0.199728429,764.9209623,1407.419973,0.101404525,0.705030037,-10.07696008,-0.410918491,0.000428437,3.67052132098295e-14,0.932545417309148,0.0618749668954182,0.0048013872530275,0.0001248717052271,0.0001018636880724,0.0001910515290567,0.0003604389214275,2.69858600912042e-09,,1316.7332017861122,0.9984105187517022,0.6953710366849588,0.9998559471984094,1.0,3.6637359812630166e-14
1619.546269,0.19972742,764.0330833,1407.419191,0.101401964,0.70502059,-10.07701808,-0.410976492,0.000429308,3.67399154896077e-14,0.932536878973684,0.0618786286385685,0.004805348040588,0.000125001361983,0.0001019838134459,0.0001912549692215,0.0003609015031924,2.69927929351286e-09,,1315.1485466798895,0.9984054749218454,0.6945638874877079,0.9998553916518307,0.9999999999999992,3.752553823233029e-14
1618.231175,0.19972641,763.1457418,1407.418408,0.101399403,0.70501114,-10.07707609,-0.411034506,0.000430178,3.67746733217957e-14,0.932528331848904,0.0618822914382093,0.0048093149657915,0.0001251312376558,0.0001021041484922,0.0001914587450671,0.0003613649158704,2.6999728928598103e-09,,1313.5649236219901,0.9984004260931484,0.6937572269186298,0.9998548353948346,1.0,3.674838211509268e-14
1616.916082,0.199725399,762.2589375,1407.417623,0.101396841,0.705001688,-10.07713412,-0.411092533,0.000431048,3.6809486842390906e-14,0.932519775916649,0.0618859552937782,0.0048132880434678,0.0001252613327794,0.0001022246937223,0.0001916628574077,0.0003618291614914,2.7006668070941e-09,,1311.9823321278816,0.9983953722656111,0.6929510547050021,0.9998542777170031,0.9999999999999994,3.7414515929867775e-14
1615.337969,0.199724186,761.195481,1407.41668,0.101393766,0.704990343,-10.07720377,-0.411162184,0.000432091,3.68513367693144e-14,0.932509497147701,0.061890353312427,0.0048180638789093,0.0001254177373552,0.000102369626103,0.0001919082374905,0.0003623873584767,2.7014999195495103e-09,,1310.0845838038797,0.9983893086723344,0.6919842922742134,0.9998536077931877,0.9999999999999994,3.7414515929867775e-14
1613.759857,0.199722972,760.1327971,1407.415734,0.10139069,0.704978995,-10.07727344,-0.411231853,0.000433133,3.6893267329458303e-14,0.93249920564493,0.0618947528428992,0.0048228486212059,0.0001255744596273,0.000102514862803,0.0001921541047902,0.0003629467613736,2.7023334840317303e-09,,1308.188319160963,0.9983832400802175,0.6910182321952878,0.9998529357381193,0.9999999999999997,3.7192471324942744e-14
1612.181744,0.199721757,759.0708854,1407.414787,0.101387613,0.704967643,-10.07734313,-0.411301541,0.000434174,3.6935278759685506e-14,0.932488901376249,0.0618991538847889,0.0048276422962595,0.0001257315005295,0.0001026604046604,0.0001924004606742,0.0003635073736339,2.7031675005230403e-09,,1306.2935378046163,0.9983771664892602,0.6900528741045949,0.9998522629726334,0.9999999999999999,3.708144902248023e-14
1610.603632,0.199720542,758.0097454,1407.413837,0.101384536,0.704956289,-10.07741284,-0.411371249,0.000435215,3.69773712830568e-14,0.932478584297636,0.061903556449234,0.0048324449299619,0.0001258888610214,0.0001028062526153,0.0001926473065309,0.0003640691989616,2.7040019710002504e-09,,1304.400238563216,0.998371092898303,0.689088217547597,0.9998515880758947,1.0,3.697042672001771e-14
1609.02552,0.199719326,756.9493765,1407.412885,0.101381458,0.704944932,-10.07748256,-0.411440975,0.000436254,3.70195451481e-14,0.932468254384323,0.0619079605280919,0.004837256548488,0.000126046542029,0.0001029524075391,0.000192894643815,0.0003646322408398,2.7048368941063404e-09,,1302.5084208122632,0.9983650143085054,0.6881242619788486,0.9998509117583206,0.9999999999999997,3.730349362740526e-14
1607.510532,0.199718158,755.9321471,1407.411413,0.101378501,0.704934046,-10.07754954,-0.411507956,0.000437252,3.7060106596573505e-14,0.932458325116426,0.0619121916851029,0.0048418841825221,0.0001261982220566,0.0001030926343953,0.0001931321917679,0.0003651732620532,2.7056391709482e-09,,1300.6966469261242,0.998359175663042,0.6871995234799878,0.9998498660235844,1.0000000000000002,3.68594044175552e-14
1605.995544,0.199716989,754.9156282,1407.411052,0.101375546,0.704923117,-10.07761649,-0.411574903,0.000438249,3.7100747856802206e-14,0.932448384846669,0.0619164206091961,0.00484652013833,0.0001263501915085,0.0001032338888409,0.0001933709142292,0.0003657167047475,2.7064412162414204e-09,,1298.8802802547207,0.9983533320187383,0.686275430879391,0.9998496095628236,0.9999999999999996,3.752553823233029e-14
1604.480556,0.199715819,753.8998183,1407.410133,0.101372588,0.704912206,-10.07768348,-0.411641893,0.000439245,3.7141462519554106e-14,0.932438432215455,0.0619206527437002,0.0048511644483499,0.0001265024627397,0.0001033750571047,0.0001936097339495,0.0003662606314194,2.7072440032768502e-09,,1297.068254964142,0.9983474833755942,0.6853519828134444,0.9998489566890312,0.9999999999999996,3.7636560534792807e-14
1602.965568,0.199714649,752.8847174,1407.409212,0.101369631,0.704901292,-10.07775049,-0.4117089,0.00044024,3.7182253072049005e-14,0.932428467688125,0.0619248862228095,0.0048558171334629,0.0001266550326589,0.0001035165113534,0.0001938490119062,0.0003668056915993,2.7080471987633103e-09,,1295.257593246969,0.9983416347324502,0.6844291792821484,0.9998483023944034,0.9999999999999997,3.752553823233029e-14
1601.45058,0.199713479,751.8703249,1407.408289,0.101366672,0.704890374,-10.07781751,-0.411775926,0.000441235,3.7223119530007e-14,0.932418491078876,0.061929121201908,0.0048604782158073,0.0001268079024179,0.0001036582529285,0.0001940887488445,0.0003673518903291,2.70885082972661e-09,,1293.4482904221402,0.9983357860893062,0.6835070197400573,0.9998476466789403,0.9999999999999992,3.7969627442180354e-14
1599.996192,0.199712354,750.8971741,1407.406885,0.10136383,0.704879911,-10.0778819,-0.411840309,0.000442189,3.72624211880523e-14,0.932408901973026,0.0619331896389277,0.0048649607818442,0.0001269549433835,0.0001037942487878,0.0001943189952325,0.0003678767091377,2.7096229851966e-09,,1291.7153818020124,0.9983301623939754,0.6826223520240464,0.9998466492526022,0.9999999999999997,3.7636560534792807e-14
1598.541803,0.199711229,749.9246759,1407.406511,0.101360989,0.704869406,-10.07794625,-0.411904663,0.000443143,3.7301797204801305e-14,0.932399302409246,0.0619372561707803,0.0048694511231933,0.0001271022552209,0.0001039312038457,0.0001945503365191,0.0003684037907624,2.71039495333847e-09,,1289.9782453750547,0.9983245386986445,0.6817382775708181,0.9998463835564123,0.9999999999999998,3.752553823233029e-14
1597.087415,0.199710103,748.9528293,1407.405619,0.101358147,0.704858918,-10.07801064,-0.411969055,0.000444096,3.7341241936757904e-14,0.932389691410349,0.0619413255839738,0.0048739492717018,0.0001272498489127,0.0001040680789477,0.0001947817700148,0.0003689313248955,2.7111675921518604e-09,,1288.2451023837377,0.9983189100044735,0.6808547954712967,0.9998457498638955,1.0,3.7192471324942744e-14
1595.633027,0.199708977,747.9816341,1407.404726,0.101355304,0.704848427,-10.07807505,-0.412033463,0.000445048,3.7380757522351105e-14,0.932380069266801,0.0619453962827108,0.0048784552449066,0.0001273977218133,0.0001042052214548,0.0001950136314956,0.0003694599188392,2.7119406156349703e-09,,1286.5132114943783,0.9983132813103024,0.6799719055436669,0.9998451154609611,0.9999999999999992,3.8191672047105385e-14
1594.178638,0.199707849,747.0110898,1407.403831,0.101352461,0.704837934,-10.07813947,-0.412097888,0.000446,3.7420344157309903e-14,0.932370435953537,0.0619494682652908,0.0048829690640329,0.0001275458746848,0.0001043426320932,0.0001952459221275,0.000369989575482,2.71271402353025e-09,,1284.7825720868386,0.9983076426184506,0.6790896073333913,0.9998444796371916,0.9999999999999996,3.785860513971784e-14
1592.782425,0.199706767,746.0799793,1407.402492,0.101349729,0.704827876,-10.07820136,-0.41215977,0.000446913,3.74584126449971e-14,0.932361177234606,0.0619533799731238,0.0048873097356857,0.0001276883685644,0.0001044744759786,0.0001954690146491,0.0003704984838977,2.71345710782349e-09,,1283.1248572339532,0.9983022338732526,0.678243157431291,0.9998435283879986,0.9999999999999998,3.7636560534792807e-14
1591.386212,0.199705684,745.1494684,1407.402107,0.101346999,0.704817779,-10.07826321,-0.412221628,0.000447826,3.7496550371394106e-14,0.932351908580424,0.06195729007283,0.0048916576684556,0.0001278311158319,0.0001046072148605,0.0001956931274136,0.0003710095059461,2.71420004477212e-09,,1281.463249976293,0.9982968201292141,0.677397252610963,0.999843254877215,0.9999999999999994,3.808064974464287e-14
1589.99,0.1997046,744.2195563,1407.401242,0.101344268,0.704807699,-10.07832511,-0.412283519,0.000448738,3.7534752396717305e-14,0.93234262935545,0.061961202751914,0.0048960128936062,0.0001279741262074,0.0001047398795561,0.0001959173275085,0.000371520950776,2.7149435870258603e-09,,1279.8053165994506,0.9982914013863353,0.6765518921451462,0.9998426403659739,0.9999999999999991,3.8413716652030416e-14
1588.593787,0.199703516,743.2902427,1407.400376,0.101341535,0.704797616,-10.07838701,-0.412345426,0.000449649,3.7573020598768105e-14,0.932333339739372,0.0619651166146739,0.0049003754260703,0.0001281173973658,0.0001048727940066,0.0001961419272956,0.0003720333854906,2.71568748376643e-09,,1278.148534186421,0.9982859826434566,0.6757070757611183,0.9998420251443153,0.9999999999999998,3.774758283725532e-14
1587.197574,0.199702431,742.3615274,1407.399509,0.101338803,0.704787531,-10.07844893,-0.412407347,0.00045056,3.7611355154526504e-14,0.932324039710159,0.0619690316590366,0.0049047452849677,0.0001282609299925,0.000105005958864,0.0001963669278269,0.0003725468126838,2.71643173466537e-09,,1276.492902203163,0.9982805589017376,0.674862803277064,0.9998414092122391,0.9999999999999998,3.785860513971784e-14
1585.85721,0.199701389,741.4705232,1407.398233,0.101336178,0.704777863,-10.07850841,-0.412466823,0.000451434,3.76482174309489e-14,0.9323151017584,0.0619727924285847,0.0049089472645333,0.0001283989705961,0.000105133731938,0.000196583016805,0.0003730401119585,2.71714676780827e-09,,1274.9068988497663,0.9982753501101511,0.6740528130365276,0.9998405027193561,1.0,3.7636560534792807e-14
1584.516845,0.199700347,740.5800699,1407.397838,0.101333554,0.70476816,-10.07856786,-0.412526277,0.000452307,3.7685144141128906e-14,0.932306154371837,0.0619765518598531,0.0049131560217402,0.0001285372481254,0.0001052623397806,0.0001968000560573,0.0003735353847066,2.71786168986553e-09,,1273.317311345848,0.9982701413185647,0.6732433236057782,0.9998402221043965,0.9999999999999996,3.808064974464287e-14
1583.176481,0.199699304,739.6901669,1407.397,0.101330929,0.704758472,-10.07862735,-0.412585763,0.00045318,3.77221309908044e-14,0.932297197219162,0.0619803135948871,0.0049173715872723,0.0001286757711409,0.0001053908787874,0.000197017177934,0.0003740310522012,2.7185771573686104e-09,,1271.7311041558926,0.998264927528138,0.6724343344393703,0.999839626774431,0.9999999999999999,3.785860513971784e-14
1581.836117,0.19969826,738.8008141,1407.396161,0.101328303,0.704748781,-10.07868685,-0.412645261,0.000454052,3.77591796207412e-14,0.932288230382815,0.0619840764188458,0.0049215939737331,0.0001288145376111,0.0001055196509482,0.0001972346729064,0.0003745276438096,2.71929295136604e-09,,1270.1459550932052,0.998259708738871,0.6716258454463963,0.999839030734048,1.0000000000000002,3.7636560534792807e-14
1580.495752,0.199697216,737.9120111,1407.39532,0.101325677,0.704739089,-10.07874636,-0.412704773,0.000454923,3.7796290187748106e-14,0.932279253841048,0.0619878403317753,0.0049258231983121,0.0001289535481563,0.0001056486568569,0.0001974525419152,0.0003750251618894,2.72000907189221e-09,,1268.5618636338977,0.9982544899496041,0.6708178562632258,0.99983843327283,1.0,3.7636560534792807e-14
1579.209003,0.199696213,737.0592772,1407.394103,0.101323154,0.704729797,-10.07880352,-0.412761933,0.00045576,3.7831973468206504e-14,0.932270627196468,0.0619914557608024,0.0049298897081406,0.0001290872307963,0.0001057724420936,0.0001976617797795,0.0003755031611849,2.72069704436749e-09,,1267.0442675875552,0.9982494761127892,0.6700426566213223,0.9998375686945867,1.0000000000000004,3.752553823233029e-14
1577.922253,0.19969521,736.2070495,1407.393702,0.101320633,0.704720473,-10.07886066,-0.412819075,0.000456595,3.78677166768996e-14,0.932261991595946,0.0619950700960307,0.0049339625413558,0.0001292211348731,0.000105897005632,0.0001978719023822,0.0003759830023568,2.7213849385200304e-09,,1265.5233707591153,0.9982444622759743,0.6692679171535233,0.9998372838171212,0.9999999999999993,3.852473895449293e-14
1576.635503,0.199694206,735.3553278,1407.39289,0.10131811,0.704711162,-10.07891783,-0.412876244,0.000457431,3.79035161114195e-14,0.932253346978765,0.0619986864829419,0.0049380417280698,0.0001293552678829,0.0001060215052931,0.0001980821030834,0.0003764632118528,2.72207332321466e-09,,1264.0055845266504,0.998239443440319,0.6684936376780136,0.999836706958014,1.0000000000000002,3.7636560534792807e-14
1575.348753,0.199693201,734.5041117,1407.392077,0.101315587,0.704701849,-10.07897501,-0.412933425,0.000458266,3.7939373193803005e-14,0.932244693339652,0.0620023038726252,0.0049421272787809,0.0001294896280668,0.0001061462225136,0.0001982926518904,0.0003769442836713,2.7227620087875702e-09,,1262.4887711383665,0.9982344196058234,0.6677198178311627,0.999836129388489,1.0,3.785860513971784e-14
1574.062004,0.199692197,733.653401,1407.391263,0.101313063,0.704692534,-10.07903221,-0.412990619,0.0004591,3.79752880653772e-14,0.932236030659267,0.0620059222649027,0.0049462192089523,0.0001296242159825,0.0001062711578268,0.0001985035496498,0.0003774262199296,2.72345099523022e-09,,1260.9729301371706,0.9982294007701682,0.6669464574311559,0.9998355511085465,0.9999999999999998,3.8191672047105385e-14
1572.517904,0.19969099,732.6332149,1407.390283,0.101310034,0.704681353,-10.07910086,-0.413059269,0.0004601,3.8018462392174504e-14,0.932225623480813,0.0620102656591976,0.0049511379678907,0.0001297860228756,0.0001064213687851,0.0001987570887221,0.0003780056873991,2.72427817616463e-09,,1259.1552042440069,0.9982233671699334,0.6660190310682601,0.9998348548992791,0.9999999999999993,3.863576125695545e-14
1570.973804,0.199689783,731.6137557,1407.389302,0.101307004,0.70467017,-10.07916952,-0.413127935,0.0004611,3.8061720386323806e-14,0.932215203221785,0.0620146104960162,0.004956065962504,0.0001299481594767,0.000106571895547,0.0001990111330347,0.0003785864064927,2.7251057902107904e-09,,1257.3388767494885,0.9982173335696984,0.6650922655124692,0.9998341579795943,1.0,3.808064974464287e-14
1569.429704,0.199688575,730.595023,1407.388318,0.101303974,0.704658984,-10.07923821,-0.41319662,0.000462099,3.8105062294016904e-14,0.932204769848073,0.0620189567755725,0.0049610032197993,0.0001301106267606,0.0001067227389914,0.0001992656840137,0.0003791683808176,2.7259338374433903e-09,,1255.5239472614853,0.9982112949706232,0.6641661604001531,0.9998334589286564,1.0,3.808064974464287e-14
1567.885605,0.199687367,729.5770163,1407.387333,0.101300942,0.704647795,-10.07930691,-0.413265323,0.000463098,3.81484883631502e-14,0.932194323325814,0.0620233044975046,0.0049659497668939,0.0001302734257048,0.000106873900053,0.0001995207431436,0.0003797516140853,2.72676231783672e-09,,1253.710414992911,0.998205256371548,0.6632407152767736,0.9998327591673009,0.9999999999999998,3.8413716652030416e-14
1566.341505,0.199686157,728.5597352,1407.386345,0.10129791,0.704636603,-10.07937563,-0.413334043,0.000464095,3.8191998842580704e-14,0.932183863620999,0.0620276536614626,0.0049709056310117,0.0001304365572909,0.0001070253796703,0.0001997763119147,0.0003803361100214,2.72759123136659e-09,,1251.8982791568785,0.9981992077747922,0.6623159297787008,0.9998320572746926,1.0,3.808064974464287e-14
1564.859169,0.199684996,727.5838277,1407.384848,0.101294998,0.704625878,-10.07944163,-0.413400047,0.000465053,3.8233847122536106e-14,0.932173810104156,0.0620318313870561,0.0049756720602158,0.0001305934801434,0.0001071707186802,0.000200021774863,0.0003808977464595,2.7283876096261704e-09,,1250.162771558897,0.9981934041212108,0.661428756013789,0.9998309937795159,0.9999999999999999,3.83026943495679e-14
1563.376834,0.199683833,726.6085877,1407.384443,0.101292087,0.704615107,-10.07950762,-0.413466035,0.000466009,3.8275776497888505e-14,0.932163743909105,0.0620360080973287,0.0049804471077987,0.0001307507060099,0.0001073171169813,0.000200268438081,0.0003814618954726,2.72918395943323e-09,,1248.4228898285246,0.9981875904699489,0.6605421890568873,0.9998307060603798,0.9999999999999993,3.8968828164342995e-14
1561.894498,0.199682671,725.6340153,1407.383488,0.101289174,0.704604355,-10.07957364,-0.413532056,0.000466965,3.83177829153041e-14,0.932153665706505,0.0620401873074408,0.0049852308246064,0.0001309082437664,0.0001074634293977,0.0002005152110798,0.0003820265471841,2.7299809221416704e-09,,1246.6871228237915,0.9981817818175273,0.6596562289989032,0.999830027611553,0.9999999999999994,3.885780586188048e-14
1560.412162,0.199681507,724.6601099,1407.382532,0.10128626,0.7045936,-10.07963968,-0.413598093,0.00046792,3.83598680235462e-14,0.932143575231948,0.0620443678453879,0.0049900232262709,0.000131066091629,0.0001076100387831,0.0002007624591433,0.0003825923760212,2.7307782839593303e-09,,1244.9526399577494,0.998175963167425,0.6587708752943913,0.9998293484523086,1.0000000000000002,3.8191672047105385e-14
1558.929826,0.199680343,723.6868712,1407.381574,0.101283346,0.704582843,-10.07970573,-0.413664146,0.000468875,3.84020320476094e-14,0.932133472455187,0.062048549710429,0.0049948243373474,0.000131224250482,0.000107756945983,0.0002010101836174,0.0003831593853394,2.7315760447868404e-09,,1243.219440539572,0.9981701445173227,0.657886127670629,0.9998286678722289,0.9999999999999996,3.885780586188048e-14
1557.506784,0.199679225,722.7531891,1407.380146,0.101280548,0.704572535,-10.07976917,-0.413727586,0.00046979,3.8442582774326005e-14,0.932123762516096,0.0620525665310415,0.0049994416298616,0.0001313763786592,0.000107897901354,0.0002012481098657,0.0003837042007406,2.73234245064616e-09,,1241.5593808452197,0.9981645558138739,0.6570373399895345,0.9998276533958679,0.9999999999999994,3.8968828164342995e-14
1556.083742,0.199678105,721.8201201,1407.379729,0.101277749,0.704562182,-10.0798326,-0.413791014,0.000470706,3.84832090148628e-14,0.932114040524065,0.0620565826115406,0.0050040669751811,0.0001315287905074,0.0001080398457713,0.000201487155034,0.0003842513647526,2.7331088642154904e-09,,1239.8952927505172,0.9981589571127445,0.6561891096627337,0.9998273571517204,0.9999999999999993,3.9190872769268026e-14
1554.660699,0.199676986,720.8876646,1407.378804,0.10127495,0.704551848,-10.07989606,-0.413854471,0.00047162,3.85239074036384e-14,0.932104307440644,0.062060600895839,0.0050087004228529,0.0001316814936372,0.0001081817104206,0.0002017263041879,0.0003847989985036,2.7338758254852303e-09,,1238.2349906423472,0.9981533634104556,0.6553414370538565,0.9998267000154222,0.9999999999999996,3.8968828164342995e-14
1553.237657,0.199675866,719.9558221,1407.377876,0.10127215,0.704541512,-10.07995953,-0.413917942,0.000472534,3.8564679330908304e-14,0.932094562908561,0.0620646204023066,0.0050133419857297,0.0001318344865705,0.0001083238525901,0.0002019658972503,0.0003853477323099,2.73464315443663e-09,,1236.5758688712633,0.9981477647093262,0.6544943217083655,0.9998260407478711,0.9999999999999998,3.8746783559417963e-14
1551.814615,0.199674745,719.0245922,1407.376947,0.10126935,0.704531173,-10.08002302,-0.413981429,0.000473447,3.8605524999312703e-14,0.932084806900454,0.0620686411303804,0.005017991685942,0.0001319877701043,0.0001084662730413,0.0002022059354332,0.0003858975691948,2.73541085099708e-09,,1234.917926829131,0.9981421610093565,0.6536477632626302,0.9998253807699022,0.9999999999999994,3.9190872769268026e-14
1550.448494,0.199673668,718.1311863,1407.375584,0.101266659,0.70452126,-10.08008402,-0.41404243,0.000474324,3.86448027752541e-14,0.932075428713877,0.0620725049872125,0.0050224630652179,0.0001321352024018,0.0001086029337599,0.0002024364696678,0.0003864258916755,2.7361486848672604e-09,,1233.3297614761605,0.9981367772583599,0.6528355896950561,0.9998244124706865,0.9999999999999998,3.885780586188048e-14
1549.082374,0.199672591,717.2383467,1407.375158,0.101263971,0.704511316,-10.08014495,-0.414103364,0.000475199,3.86841561355718e-14,0.932066043091695,0.0620763643534934,0.0050269420023276,0.0001322828920392,0.0001087405032114,0.0002026680609657,0.0003869563593431,2.7368858591089902e-09,,1231.73798274147,0.9981313935073632,0.652023930937034,0.9998241098327806,0.9999999999999998,3.885780586188048e-14
1547.716253,0.199671513,716.3460694,1407.374261,0.101261281,0.704501385,-10.08020594,-0.414164353,0.000476075,3.87235743752477e-14,0.93205664522277,0.0620802276528619,0.0050314284896421,0.0001324308576194,0.0001088780057468,0.0002028997434423,0.0003874872902543,2.7376238712747403e-09,,1230.1496393862815,0.9981260047575262,0.6512127833522616,0.9998234725881756,0.9999999999999994,3.930189507173054e-14
1546.350133,0.199670435,715.4543555,1407.373362,0.10125859,0.704491451,-10.08026694,-0.414225355,0.000476949,3.87630613044819e-14,0.932047236677777,0.0620840920770773,0.0050359225561603,0.0001325790938948,0.0001090157674977,0.0002031318405105,0.0003880192486812,2.7383622221463604e-09,,1228.562381071782,0.9981206160076893,0.6504021479407219,0.9998228339227355,0.9999999999999996,3.9190872769268026e-14
1544.984012,0.199669356,714.5632045,1407.372461,0.101255898,0.704481514,-10.08032796,-0.414286371,0.000477823,3.8802617104636705e-14,0.932037817431206,0.0620879576264946,0.005040424221806,0.0001327276015851,0.000109153789153,0.0002033643532585,0.0003885522373565,2.73910091180754e-09,,1226.9762072399158,0.998115222259012,0.6495920242478772,0.9998221938364601,0.9999999999999993,3.952393967665557e-14
1543.672536,0.19966832,713.7082293,1407.371161,0.101253314,0.704471992,-10.08038655,-0.414344968,0.000478662,3.88406548598543e-14,0.932028765349707,0.062091670265271,0.0050447529983925,0.0001328704265688,0.0001092862248924,0.0002035876645743,0.0003890643307445,2.7398104941391504e-09,,1225.4567085041813,0.9981100434604674,0.6488147870946734,0.9998212702935545,0.9999999999999998,3.907985046680551e-14
1542.36106,0.199667283,712.8537716,1407.370727,0.101250729,0.704462431,-10.08044515,-0.41440356,0.0004795,3.88787579710476e-14,0.932019702388243,0.0620953826338717,0.0050490887950431,0.0001330134998222,0.000109419521829,0.0002038119469923,0.0003895784736393,2.7405201454380303e-09,,1223.9337914589412,0.9981048596630824,0.6480380203881292,0.9998209619723075,0.9999999999999996,3.930189507173054e-14
1541.049585,0.199666246,711.9998323,1407.369858,0.101248144,0.704452886,-10.08050376,-0.414462174,0.000480338,3.8916924272344406e-14,0.932010629984278,0.0620990966907041,0.0050534316588064,0.0001331568267406,0.0001095527499331,0.0002040363224406,0.0003900930258277,2.7412302302623904e-09,,1222.41408087298,0.9980996758656975,0.6472617249464124,0.999820344619396,0.9999999999999998,3.9190872769268026e-14
1539.738109,0.199665208,711.1464106,1407.368987,0.101245559,0.70444334,-10.08056239,-0.4145208,0.000481175,3.89551546717625e-14,0.932001547605142,0.0621028118062997,0.0050577815975952,0.0001333004064324,0.0001096862201224,0.0002042610848284,0.0003906085376005,2.74194063120936e-09,,1220.895367268395,0.9980944870694723,0.6464859000422628,0.9998197258456492,1.0000000000000002,3.863576125695545e-14
1538.426633,0.19966417,710.2935064,1407.368114,0.101242972,0.704433791,-10.08062102,-0.414579438,0.000482011,3.8993449420789606e-14,0.931992455294136,0.062106527915044,0.0050621386299589,0.0001334442394105,0.0001098199327807,0.0002044862353778,0.0003911250106015,2.7426513367921704e-09,,1219.3776517190345,0.998089298273247,0.6457105455847727,0.9998191056510672,0.9999999999999997,3.930189507173054e-14
1537.167616,0.199663173,709.4752054,1407.366873,0.101240489,0.704424639,-10.08067734,-0.41463575,0.000482814,3.90302723992778e-14,0.931983717803416,0.0621100968823343,0.0050663280807765,0.0001335825593638,0.0001099482366147,0.0002047024734314,0.00039162122069,2.74333400704841e-09,,1217.9236157023754,0.9980843144294739,0.6449666480545242,0.999818224022801,0.9999999999999998,3.930189507173054e-14
1535.9086,0.199662175,708.6573799,1407.366434,0.101238005,0.704415452,-10.08073365,-0.41469206,0.000483616,3.90671561212013e-14,0.931974969979109,0.0621136657806444,0.0050705240813458,0.0001337211114327,0.0001100773436097,0.0002049196155833,0.0003921193442191,2.7440167723214403e-09,,1216.466430113169,0.9980793255868604,0.6442231827897569,0.9998179121494659,0.9999999999999999,3.9190872769268026e-14
1534.649583,0.199661176,707.8400309,1407.365592,0.101235521,0.70440628,-10.08078997,-0.414748388,0.000484418,3.91040989414082e-14,0.931966213450727,0.0621172361452763,0.0050747266775174,0.0001338599000473,0.0001102063866581,0.0002051368456062,0.0003926178494289,2.7446999216056203e-09,,1215.0121959064124,0.9980743317454066,0.6434801506995466,0.9998173139778302,1.0000000000000004,3.8746783559417963e-14
1533.390566,0.199660177,707.0231578,1407.364748,0.101233036,0.704397106,-10.08084631,-0.414804728,0.000485219,3.9141101605424e-14,0.931957447649287,0.0621208074632299,0.0050789358754428,0.0001339989245013,0.0001103356555335,0.0002053544367546,0.0003931172498282,2.74538335837307e-09,,1213.5588788648702,0.9980693379039529,0.642737551238448,0.999816714385359,0.9999999999999999,3.930189507173054e-14
1532.131549,0.199659178,706.2067603,1407.363903,0.101230551,0.70438793,-10.08090267,-0.414861079,0.00048602,3.9178164260352604e-14,0.931948672554344,0.062124379734589,0.0050831516912548,0.0001341381853767,0.0001104651507928,0.00020557238991,0.0003936175476261,2.7460670826536103e-09,,1212.1064785568433,0.9980643440624991,0.6419953841337382,0.9998161140824703,0.9999999999999997,3.952393967665557e-14
1530.620729,0.199657978,705.2277108,1407.362886,0.101227568,0.704376916,-10.0809703,-0.414928716,0.00048698,3.92227188463047e-14,0.931938130147419,0.0621286677157327,0.0050882194286641,0.0001343056113199,0.0001106208446512,0.000205834412752,0.0003942190925334,2.74688793080443e-09,,1210.3648081235299,0.9980583454541464,0.6411053540530697,0.999815391587751,0.9999999999999994,3.9745984281580604e-14
1529.109909,0.199656778,704.2493454,1407.361868,0.101224585,0.7043659,-10.08103796,-0.41499637,0.00048794,3.92673602811552e-14,0.93192757428768,0.0621329570748761,0.0050932967471663,0.0001344733795741,0.0001107768663469,0.0002060969597237,0.0003948219368845,2.7477091939168703e-09,,1208.6244559334273,0.9980523468457935,0.6402159458710674,0.9998146683826141,1.0,3.930189507173054e-14
1527.599089,0.199655576,703.2716638,1407.360847,0.101221601,0.704354881,-10.08110563,-0.41506404,0.000488899,3.93120887946756e-14,0.931917004919367,0.0621372478322991,0.0050983836747506,0.0001346414911979,0.0001109332168741,0.0002063600322426,0.000395426084698,2.74853087557457e-09,,1206.8854211267778,0.99804633823976,0.6393271593150086,0.9998139430462244,0.9999999999999994,3.985700658404312e-14
1526.088269,0.199654374,702.2946655,1407.359824,0.101218616,0.70434386,-10.08117331,-0.415131727,0.000489857,3.935690476374301e-14,0.931906422095134,0.0621415399000966,0.0051034802405451,0.0001348099470306,0.0001110898968859,0.0002066236321779,0.0003960315387371,2.7493529603649804e-09,,1205.1477050588367,0.9980403296337266,0.6384389939303554,0.9998132162889993,0.9999999999999996,3.9745984281580604e-14
1524.577449,0.199653172,701.31835,1407.358799,0.10121563,0.704332836,-10.08124102,-0.41519943,0.000490815,3.94018083306672e-14,0.931895825692093,0.0621458333648569,0.0051085864721358,0.0001349787482754,0.0001112469076802,0.0002068877607644,0.0003966383039789,2.75017546351682e-09,,1203.4113049220214,0.9980343210276931,0.6375514492625701,0.9998124881109393,0.9999999999999992,4.0190073491430667e-14
1523.127062,0.199652017,700.3817298,1407.357274,0.101212763,0.704322273,-10.08130603,-0.415264448,0.000491734,3.94449978004004e-14,0.931885641239729,0.0621499569445096,0.005113497589381,0.0001351411248238,0.0001113975570527,0.0002071414543325,0.0003972213391662,2.7509655636312804e-09,,1201.7482898936105,0.9980285473671534,0.636699990626248,0.999811404724069,0.9999999999999998,3.963496197911809e-14
1521.676674,0.199650861,699.4457369,1407.356824,0.101209896,0.704311663,-10.08137105,-0.415329467,0.000492652,3.9488269776617506e-14,0.931875442468507,0.0621540806671404,0.0051184176371392,0.0001353038185606,0.0001115492990284,0.0002073963755318,0.0003978069822972,2.7517558308199104e-09,,1200.0811042687583,0.9980227687077736,0.6358491022530942,0.9998110850361401,0.9999999999999998,3.9745984281580604e-14
1520.226287,0.199649704,698.5103729,1407.355834,0.101207028,0.704301072,-10.08143609,-0.415394508,0.000493569,3.95316225838336e-14,0.931865231993234,0.0621582062120137,0.0051233466848405,0.0001354668348337,0.0001117009553762,0.0002076514194725,0.0003983931476432,2.75254658632697e-09,,1198.4178213797486,0.9980169850495534,0.6349987855976295,0.9998103817226967,1.0,3.952393967665557e-14
1518.7759,0.199648547,697.5756366,1407.354841,0.10120416,0.70429048,-10.08150115,-0.415459565,0.000494486,3.95750570296808e-14,0.931855008854181,0.0621623330643405,0.0051282847429127,0.0001356301731803,0.0001118529201835,0.0002079069561473,0.0003989805356773,2.7533377310050604e-09,,1196.7557481457857,0.9980112013913331,0.6341490395689632,0.9998096762780003,0.9999999999999999,3.963496197911809e-14
1517.325512,0.199647389,696.6415279,1407.353847,0.101201291,0.704279885,-10.08156622,-0.415524636,0.000495403,3.9618573534836104e-14,0.931844773157289,0.0621664610865653,0.0051332318382874,0.000135793834239,0.0001120051938261,0.0002081629874664,0.0003995691481579,2.7541292406838503e-09,,1195.0948871560097,0.9980054127342727,0.6332998640761877,0.9998089701228863,1.0,3.963496197911809e-14
1515.933141,0.199646277,695.7453739,1407.352391,0.101198535,0.704269732,-10.08162872,-0.415587129,0.000496282,3.96604257317504e-14,0.931834935518219,0.0621704259569865,0.0051379895863479,0.0001359512554266,0.0001121513027133,0.0002084088992821,0.0004001347260955,2.7548895941759504e-09,,1193.504067696001,0.9979998540238657,0.6324851922777633,0.9998079357548318,1.0000000000000002,3.952393967665557e-14
1514.540769,0.199645163,694.8497966,1407.351931,0.10119578,0.704259535,-10.0816912,-0.415649617,0.00049716,3.97023556452841e-14,0.931825084951492,0.0621743905134806,0.0051427556857783,0.0001361089722151,0.0001122984294855,0.0002086559580735,0.0004007027337847,2.75565002313893e-09,,1191.9094215900252,0.997994285315778,0.6316710447432782,0.9998076089627268,0.9999999999999993,4.04121180963557e-14
1513.148397,0.19964405,693.954797,1407.350971,0.101193024,0.704249357,-10.08175372,-0.415712129,0.000498038,3.97443607700806e-14,0.931815223212389,0.0621783570026223,0.0051475301939216,0.0001362669909947,0.0001124454780238,0.0002089031316451,0.0004012712339524,2.7564109468765303e-09,,1190.3183585844872,0.9979887216065307,0.630857422381808,0.999806926961812,0.9999999999999996,4.0190073491430667e-14
1511.756025,0.199642936,693.0603743,1407.350008,0.101190267,0.704239177,-10.08181624,-0.415774654,0.000498915,3.9786442283103306e-14,0.931805349722976,0.0621823246299294,0.0051523131227446,0.0001364253106458,0.0001125928145972,0.0002091507659145,0.0004018408759803,2.75717221760899e-09,,1188.728409007476,0.9979831528984432,0.630044324466092,0.9998062428296439,0.9999999999999999,3.985700658404312e-14
1510.363653,0.199641821,692.1665283,1407.349044,0.10118751,0.704228995,-10.08187878,-0.415837193,0.000499792,3.9828600427733e-14,0.931795464478076,0.0621862933715751,0.0051571044955751,0.0001365839319515,0.0001127404399083,0.0002093988622282,0.0004024116627119,2.7579338311597102e-09,,1187.1395728664097,0.9979775791915154,0.6292317508143153,0.9998055579870586,0.9999999999999998,4.007905118896815e-14
1509.026976,0.19964075,691.3089787,1407.347654,0.101184862,0.704219238,-10.08193884,-0.415897251,0.000500634,3.9869143748268604e-14,0.931785964153059,0.0621901050677548,0.0051617121901749,0.0001367364946243,0.0001128820916635,0.0002096371498285,0.0004029600941898,2.7586654255724703e-09,,1185.6176102077338,0.9979722254335605,0.6284521733367053,0.9998045705065671,1.0000000000000002,3.9745984281580604e-14
1507.6903,0.199639679,690.451959,1407.347187,0.101182215,0.704209439,-10.08199889,-0.415957307,0.000501474,3.99097593766652e-14,0.93177645154317,0.0621939166826015,0.0051663276846684,0.0001368893339461,0.0001130246936004,0.0002098765062557,0.0004035107963211,2.7593971260148403e-09,,1184.092121644708,0.9979668716756055,0.6276730775782933,0.9998042387415388,1.0000000000000002,3.963496197911809e-14
1506.353623,0.199638607,689.5954702,1407.346256,0.101179566,0.704199658,-10.08205897,-0.416017383,0.000502315,3.9950445469980304e-14,0.931766928661208,0.0621977299365515,0.0051709510352192,0.0001370424550859,0.0001131672226922,0.0002101159713474,0.0004040619577259,2.7601292576108204e-09,,1182.5699318218801,0.9979615129188103,0.6268944644481547,0.9998035773427348,0.9999999999999993,4.063416270128073e-14
1505.016946,0.199637534,688.7395117,1407.345323,0.101176917,0.704189875,-10.08211906,-0.416077473,0.000503154,3.99912028826121e-14,0.931757394792686,0.0622015442647836,0.0051755822506377,0.000137195857335,0.0001133100209338,0.0002103558666356,0.0004046141860864,2.7608617135308e-09,,1181.0487649608494,0.9979561491631749,0.626116333400844,0.9998029145230956,1.0,3.9968028886505635e-14
1503.680269,0.199636461,687.8840831,1407.344388,0.101174268,0.70418009,-10.08217916,-0.416137575,0.000503993,4.00320318040922e-14,0.931747849911175,0.0622053596674754,0.0051802213517233,0.0001373495414439,0.0001134530890431,0.000210596193256,0.0004051674842486,2.76159449381942e-09,,1179.528620545444,0.9979507854075392,0.6253386840727313,0.999802250282621,0.9999999999999999,4.0190073491430667e-14
1502.397059,0.199635431,687.0633708,1407.343061,0.101171724,0.704170713,-10.08223687,-0.416195286,0.000504799,4.00712949777972e-14,0.931738677504693,0.062209023569581,0.0051846823420955,0.0001374973445363,0.000113590369457,0.0002108270169113,0.0004056990903873,2.7622982933001403e-09,,1178.0723462164656,0.9979456366020365,0.6245925944883185,0.9998013075584397,0.9999999999999998,4.030109579389318e-14
1501.113849,0.199634399,686.2431447,1407.342588,0.101169179,0.704161297,-10.08229459,-0.416253007,0.000505603,4.0110624527654406e-14,0.931729492801548,0.0622126882216327,0.0051891506077233,0.0001376454077377,0.0001137285388458,0.0002110588337905,0.0004062328256797,2.763002335827e-09,,1176.6128081181223,0.997940477798853,0.6238469468964966,0.9998009715309055,1.0000000000000002,3.9745984281580604e-14
1499.830639,0.199633368,685.423407,1407.341685,0.101166634,0.704151898,-10.08235233,-0.416310741,0.000506407,4.0150020439774e-14,0.931720298934657,0.0622163539768613,0.0051936262121912,0.0001377937332269,0.0001138666393757,0.0002112907544658,0.0004067669854747,2.76370670401389e-09,,1175.156313686621,0.9979353239945099,0.6231017432972321,0.999800330023795,0.9999999999999996,4.063416270128073e-14
1498.547429,0.199632335,684.6041567,1407.340781,0.101164089,0.704142497,-10.08241007,-0.416368487,0.000507211,4.01894828938424e-14,0.931711094790587,0.0622200207550686,0.005198109158801,0.0001379423212534,0.0001140049913261,0.0002115230766329,0.0004073021418791,2.7644113769597302e-09,,1173.7007589477203,0.997930160192486,0.6223569827814496,0.9997996878062667,0.9999999999999997,4.0523140398818214e-14
1497.26422,0.199631303,683.7853935,1407.339875,0.101161543,0.704133094,-10.08246783,-0.416426244,0.000508014,4.0229012214848505e-14,0.931701880458132,0.0622236884444372,0.0052025994673571,0.0001380911722568,0.0001141435949216,0.0002117558017354,0.0004078382960033,2.76511633495047e-09,,1172.2461460404368,0.9979250013893026,0.6216126650764261,0.9997990441679031,0.9999999999999999,4.030109579389318e-14
1496.032338,0.199630311,682.9998393,1407.338608,0.101159098,0.704124082,-10.08252329,-0.416481705,0.000508785,4.0267022964557705e-14,0.931693025773956,0.0622272106892837,0.0052069171182174,0.0001382343183519,0.0001142765952866,0.0002119793204763,0.0004083534185945,2.7657934406472103e-09,,1170.8525309706297,0.997920042539731,0.6208985368653444,0.999798144068779,1.0000000000000002,4.007905118896815e-14
1494.800457,0.199629318,682.2147325,1407.338131,0.101156653,0.704115035,-10.08257876,-0.416537171,0.000509555,4.0305096178341205e-14,0.931684159999192,0.0622307332542147,0.005211241562843,0.0001383777064603,0.000114410422721,0.000212203766114,0.0004088705219441,2.7664707048781803e-09,,1169.4559209048116,0.9979150786913189,0.6201848153747176,0.9997978051995743,1.0,4.030109579389318e-14
1493.568575,0.199628325,681.4300745,1407.337257,0.101154208,0.704106003,-10.08263424,-0.41659265,0.000510325,4.0343231135072e-14,0.931675285541531,0.0622342569767043,0.0052155728549038,0.000138521339666,0.0001145441870446,0.0002124283088005,0.0004093880241609,2.7671482941487102e-09,,1168.0621073662476,0.9979101148429069,0.6194715018772518,0.9997971842945746,0.9999999999999997,4.063416270128073e-14
1492.336694,0.199627331,680.6458645,1407.336381,0.101151762,0.704096969,-10.08268973,-0.416648141,0.000511094,4.0381428199471806e-14,0.931666401512196,0.062237781635269,0.0052199109983214,0.0001386652178697,0.0001146781859731,0.0002126532261559,0.0004099064563485,2.76782616315108e-09,,1166.6691579797255,0.9979051459956546,0.6187585956456864,0.9997965619687399,1.0000000000000002,4.007905118896815e-14
1491.104812,0.199626337,679.8621022,1407.335504,0.101149316,0.704087934,-10.08274523,-0.416703643,0.000511863,4.04196875286736e-14,0.931657507892509,0.0622413072273433,0.0052242560099638,0.0001388093416738,0.0001148124200782,0.0002128785191101,0.0004104258207769,2.7685043114425e-09,,1165.2770724033426,0.9979001771484023,0.6180460964072985,0.9997959389324872,0.9999999999999998,4.063416270128073e-14
1489.626554,0.199625144,678.9221782,1407.334449,0.10114638,0.704077089,-10.08281185,-0.416770259,0.000512785,4.0465681210045997e-14,0.931646822917594,0.0622455391125712,0.0052294791143452,0.0001389826151676,0.0001149738119886,0.0002131493679155,0.0004110502910586,2.7693184479077302e-09,,1163.607711032374,0.9978942135319316,0.6171916343667763,0.9997951894418984,0.9999999999999997,4.0745185003743245e-14
1488.148297,0.19962395,677.9828983,1407.333391,0.101143443,0.704066242,-10.08287848,-0.41683689,0.000513707,4.05117651191004e-14,0.931636124120453,0.0622497722865801,0.0052347121631556,0.0001391562441431,0.0001151355442477,0.0002134207607747,0.0004116761104716,2.7701329767767e-09,,1161.9395931983413,0.9978882449166204,0.6163377578618935,0.9997944378200567,0.9999999999999993,4.118927421359331e-14
1486.670039,0.199622755,677.044262,1407.332332,0.101140506,0.704055393,-10.08294512,-0.416903537,0.000514628,4.0557939515088506e-14,0.931625411457427,0.0622540067560695,0.0052399551857584,0.0001393302296759,0.0001152976178392,0.0002136926992183,0.0004123032830229,2.77094789924441e-09,,1160.272718413196,0.9978822713024692,0.6154844664381122,0.9997936854877975,0.9999999999999998,4.0745185003743245e-14
1485.191781,0.199621559,676.1062691,1407.33127,0.101137568,0.704044541,-10.08301179,-0.4169702,0.000515548,4.0604204637336205e-14,0.931614684869375,0.0622582425427752,0.0052452082114802,0.0001395045728774,0.000115460033868,0.0002139651847808,0.0004129318130396,2.77176321915914e-09,,1158.6070854620555,0.9978762926894774,0.6146317599136172,0.9997929310242852,1.0,4.0523140398818214e-14
1483.713523,0.199620363,675.168919,1407.330206,0.101134629,0.704033687,-10.08307846,-0.417036878,0.000516468,4.0650560799699995e-14,0.931603944350128,0.0622624796156265,0.0052504712702917,0.0001396792747516,0.0001156227932321,0.0002142382191948,0.0004135617041555,2.7725789310485403e-09,,1156.9426944015415,0.9978703140764857,0.6137796377429633,0.9997921751399379,0.9999999999999997,4.0967229608668276e-14
1482.294396,0.199619213,674.269667,1407.328651,0.101131806,0.704023284,-10.08314252,-0.417100932,0.00051735,4.0695145869217606e-14,0.931593619715993,0.0622665504790519,0.0052555332737535,0.0001398473317166,0.0001157789695038,0.0002145004681522,0.0004141669884253,2.77336275642315e-09,,1155.3485610505757,0.9978645654101476,0.6129621496281119,0.9997910704405392,0.9999999999999998,4.0967229608668276e-14
1480.875269,0.199618064,673.3710076,1407.328156,0.101128985,0.70401284,-10.08320653,-0.417164943,0.000518232,4.0739820739004006e-14,0.931583283296841,0.0622706184670301,0.0052606045764819,0.0001400157118594,0.0001159362576922,0.0002147639895471,0.0004147749263614,2.7741462083889403e-09,,1153.7505406055886,0.9978588217426498,0.6121452002315027,0.9997907187838174,1.0000000000000002,4.0523140398818214e-14
1479.456141,0.199616913,672.4729393,1407.327128,0.101126162,0.704002413,-10.08327058,-0.417228996,0.000519113,4.0784577585414505e-14,0.931572933407151,0.0622746896399605,0.005265685207008,0.0001401844300492,0.0001160934681272,0.000215027639434,0.0004153834332987,2.7749303835188603e-09,,1152.1561787385306,0.9978530680774713,0.6113287881895224,0.9997899884745042,0.9999999999999998,4.0967229608668276e-14
1478.037014,0.199615762,671.575462,1407.326098,0.101123339,0.703991984,-10.08333465,-0.417293064,0.000519993,4.0829419226425305e-14,0.931562570482013,0.0622787620591963,0.0052707751905292,0.0001403534827846,0.000116250998905,0.0002152918007595,0.0004159932100562,2.77571493071626e-09,,1150.5629575260027,0.9978473144122929,0.6105129134112633,0.9997892567443559,0.9999999999999996,4.1300296516055823e-14
1476.617886,0.19961461,670.6785755,1407.325065,0.101120515,0.703981553,-10.08339873,-0.417357147,0.000520873,4.08743459629472e-14,0.931552194528597,0.0622828356840394,0.0052758745541992,0.0001405228709434,0.0001164088507914,0.0002155564751392,0.0004166042597498,2.7764998427930702e-09,,1148.9708772890747,0.9978415557482742,0.6096975757149103,0.9997885228829547,1.0,4.085620730620576e-14
1475.255524,0.199613503,669.8181196,1407.32358,0.101117802,0.703971555,-10.08346029,-0.417418706,0.000521718,4.09175534517478e-14,0.931542220852045,0.0622867493415758,0.0052807787939998,0.0001406858043006,0.000116560321355,0.0002158106908768,0.000417191418552,2.7772540356375904e-09,,1147.4458678249907,0.9978360220320686,0.6089153561906794,0.9997874679127895,1.0,4.107825191113079e-14
1473.893162,0.199612396,668.9582082,1407.323077,0.101115091,0.703961519,-10.08352181,-0.417480226,0.000522561,4.09608447303784e-14,0.931532236049525,0.0622906604266205,0.005285691725301,0.0001408490400256,0.0001167128299713,0.0002160660935246,0.0004177810569826,2.778007897424e-09,,1145.9172791762257,0.9978304883158631,0.6081336316581507,0.9997871105727267,0.9999999999999996,4.141131881851834e-14
1472.530799,0.199611288,668.09884,1407.32208,0.101112379,0.703951499,-10.08358337,-0.417541784,0.000523404,4.1004212730865e-14,0.931522238747154,0.0622945743953127,0.0052906133754943,0.0001410125915998,0.0001168652665257,0.0002163216175113,0.0004183712275986,2.77876241691937e-09,,1144.3920568161382,0.9978249496008172,0.6073524009355266,0.9997864022863597,0.9999999999999998,4.118927421359331e-14
1471.168437,0.19961018,667.240015,1407.321081,0.101109666,0.703941477,-10.08364494,-0.417603356,0.000524247,4.10476599947136e-14,0.93151222928617,0.0622984895048327,0.0052955437667117,0.000141176455847,0.000117018002457,0.0002165776194888,0.0004189625849343,2.7795172779806203e-09,,1142.8678831130019,0.9978194108857715,0.6065716640228065,0.9997856925791577,0.9999999999999999,4.118927421359331e-14
1469.806075,0.199609071,666.3817328,1407.32008,0.101106952,0.703931453,-10.08370653,-0.417664941,0.000525089,4.10911867419485e-14,0.931502207636246,0.0623024057550798,0.0053004829230712,0.0001413406336372,0.0001171710385962,0.0002168341007736,0.0004195551322826,2.7802724806005e-09,,1141.344757532447,0.9978138671718854,0.6057914205563604,0.9997849814511203,1.0000000000000002,4.085620730620576e-14
1468.498207,0.199608006,665.5582934,1407.318661,0.101104347,0.703921848,-10.08376566,-0.417724074,0.000525897,4.11330476054369e-14,0.931492576708054,0.06230616636492,0.0053052328001599,0.0001414985402451,0.0001173178845531,0.0002170804504246,0.0004201244706044,2.78099779215908e-09,,1139.8857120328478,0.9978085434069722,0.6050428518316865,0.999783973368518,0.9999999999999999,4.118927421359331e-14
1467.190339,0.19960694,664.7353519,1407.318152,0.101101741,0.703912201,-10.08382481,-0.41778322,0.000526705,4.1174981977892705e-14,0.931482931976844,0.0623099279658156,0.0053099907643196,0.0001416567367139,0.0001174657118673,0.0002173278940091,0.0004206961686661,2.78172339390916e-09,,1138.4232967153346,0.9978032146432189,0.6042947357357888,0.9997836117659495,1.0,4.107825191113079e-14
1465.882471,0.199605874,663.9129109,1407.317185,0.101099134,0.703902572,-10.08388396,-0.417842378,0.000527512,4.12169903821792e-14,0.93147327726713,0.0623136905685115,0.0053147568899383,0.0001418152246693,0.0001176134662024,0.0002175754582872,0.00042126834277,2.78244930864611e-09,,1136.9640151225765,0.9977978858794653,0.6035470746322645,0.9997829247921113,0.9999999999999992,4.196643033083092e-14
1464.574603,0.199604807,663.0909692,1407.316217,0.101096527,0.703892942,-10.08394313,-0.417901547,0.000528318,4.1259072842820104e-14,0.931463611221857,0.0623174542149903,0.0053195311806108,0.0001419740047083,0.000117761500177,0.0002178234690735,0.0004218416253657,2.78317553685611e-09,,1135.5056977264362,0.9977925521168716,0.6027998674302223,0.9997822371078553,0.9999999999999994,4.18554080283684e-14
1463.266735,0.199603739,662.2695264,1407.315246,0.10109392,0.703883309,-10.08400232,-0.41796073,0.000529124,4.1301229551228704e-14,0.931453933808861,0.062321218909977,0.0053243136580142,0.0001421330776246,0.000117909814559,0.0002180719275359,0.0004224160194847,2.7839020793833803e-09,,1134.0483439407822,0.9977872133554375,0.6020531137660321,0.9997815472923465,0.9999999999999997,4.163336342344337e-14
1462.011182,0.199602714,661.4814101,1407.313891,0.101091415,0.703874075,-10.08405917,-0.41801758,0.000529897,4.13417677323706e-14,0.931444632265684,0.0623248357001931,0.0053289125583204,0.0001422860678356,0.0001180521397249,0.0002183105608723,0.0004229679227276,2.7846001633456403e-09,,1132.6521475031352,0.997782089544136,0.6013366564121749,0.9997805846764718,0.9999999999999993,4.196643033083092e-14
1460.755629,0.199601688,660.6937541,1407.313378,0.101088912,0.703864809,-10.08411598,-0.418074392,0.00053067,4.13823795295943e-14,0.931435321378051,0.0623284498954797,0.0053335190452686,0.0001424393211359,0.0001181953663165,0.0002185502277291,0.0004235219806795,2.7852978923474403e-09,,1131.2529278474917,0.9977769607339945,0.6006206175058489,0.9997802202322329,0.9999999999999996,4.18554080283684e-14
1459.500076,0.199600661,659.9065568,1407.312441,0.101086407,0.703855557,-10.08417283,-0.41813124,0.000531443,4.14230579299588e-14,0.931425999387132,0.0623320667995374,0.0053381331352118,0.000142592850517,0.0001183385323849,0.000218790001127,0.0004240765080519,2.7859962265893503e-09,,1129.8565510645494,0.9977718269250125,0.599904995592533,0.9997795545709232,0.9999999999999996,4.18554080283684e-14
1458.244523,0.199599634,659.1198184,1407.311502,0.101083902,0.703846303,-10.08422969,-0.418188098,0.000532215,4.1463805532101704e-14,0.931416666863529,0.0623356846274754,0.0053427548488373,0.000142746652548,0.000118481959408,0.0002190301915428,0.0004246320699225,2.78669484299747e-09,,1128.461061605349,0.9977666931160305,0.5991897908540422,0.9997788874887782,0.9999999999999992,4.218847493575595e-14
1456.98897,0.199598607,658.3335386,1407.310562,0.101081397,0.703837047,-10.08428655,-0.418244968,0.000532986,4.1504622497042905e-14,0.931407323770209,0.0623393033915772,0.0053473842055788,0.0001429007279609,0.00011862564811,0.0002192707999987,0.0004251886691297,2.787393743751e-09,,1127.0664587570393,0.9977615593070486,0.598475003017654,0.9997782196962155,0.9999999999999996,4.196643033083092e-14
1455.783639,0.19959762,657.5791411,1407.309267,0.10107899,0.703828174,-10.08434118,-0.418299596,0.000533726,4.15438700437143e-14,0.931398343951994,0.0623427798761098,0.005351835596438,0.000143048901922,0.0001187635370149,0.0002195018906088,0.0004257234578055,2.7880652442951702e-09,,1125.7302742537615,0.9977566254516783,0.5977891986045154,0.9997772997053981,0.9999999999999997,4.18554080283684e-14
1454.578308,0.199596632,656.8251665,1407.308752,0.101076585,0.703819272,-10.08439578,-0.418354188,0.000534466,4.1583186218578506e-14,0.931389355349871,0.0623462540044701,0.0053562940680318,0.000143197321608,0.0001189022662921,0.0002197339441686,0.0004262602567798,2.788736423459e-09,,1124.3913058927487,0.9977516865974677,0.597103778639478,0.9997769338403238,0.9999999999999996,4.207745263329343e-14
1453.372977,0.199595644,656.0716136,1407.307844,0.101074179,0.703810381,-10.0844504,-0.418408814,0.000535206,4.1622564544825506e-14,0.93138035639154,0.0623497306521635,0.0053607596353827,0.0001433459990089,0.0001190409397408,0.0002199660978216,0.0004267974948925,2.78940816476983e-09,,1123.0549525977908,0.9977467477432572,0.5964187420316506,0.9997762887811251,0.9999999999999999,4.1744385725905886e-14
1452.167646,0.199594656,655.3184826,1407.306935,0.101071772,0.70380149,-10.08450504,-0.41846345,0.000535945,4.16620074868415e-14,0.931371347636808,0.0623532081291938,0.0053652323174875,0.0001434949308288,0.0001191798566523,0.0002201986407216,0.000427335698186,2.7900801622026e-09,,1121.7194156283297,0.9977418088890467,0.5957340889628489,0.9997756430115089,0.9999999999999998,4.18554080283684e-14
1450.962315,0.199593667,654.5657733,1407.306024,0.101069365,0.703792596,-10.08455968,-0.418518096,0.000536683,4.17015151683963e-14,0.9313623290375,0.0623566864613978,0.0053697121316904,0.0001436441177587,0.0001193190177301,0.0002204315737245,0.0004278748694038,2.79075242035135e-09,,1120.3846940578212,0.9977368650359959,0.5950498192512572,0.9997749958210572,0.9999999999999994,4.2299497238218464e-14
1449.515917,0.199592479,653.6630784,1407.304929,0.101066476,0.703781923,-10.08462527,-0.418583684,0.000537569,4.17490101184409e-14,0.931351493726908,0.062360861554497,0.0053750973483091,0.0001438234796409,0.000119486333989,0.000220711609705,0.0004285231553496,2.7915594681650203e-09,,1118.7841050599404,0.9977309264137265,0.5942292012797797,0.9997742179137635,0.9999999999999998,4.196643033083092e-14
1448.06952,0.199591291,652.76099,1407.303831,0.101063586,0.703771246,-10.08469087,-0.418649287,0.000538454,4.1796598677715607e-14,0.931340644079826,0.0623650379679196,0.0053804928903041,0.0001440032110977,0.0001196540041848,0.0002209922101972,0.0004291728440614,2.7923669072073903e-09,,1117.1846867446752,0.9977249877914572,0.5934091346626963,0.9997734378752171,0.9999999999999994,4.2299497238218464e-14
1446.623123,0.199590102,651.8595078,1407.302731,0.101060696,0.703760568,-10.08475649,-0.418714904,0.000539339,4.1844281373745605e-14,0.931329780231458,0.0623692155289033,0.0053858987901464,0.0001441833128582,0.0001198220286375,0.0002212733775027,0.0004298239372767,2.79317470677224e-09,,1115.586442630003,0.9977190441703476,0.5925896191272845,0.9997726564158355,0.9999999999999992,4.263256414560601e-14
1445.176726,0.199588913,650.9586314,1407.301629,0.101057805,0.703749887,-10.08482212,-0.418780535,0.000540223,4.1892058298437106e-14,0.931318902009517,0.0623733943700232,0.005391315077374,0.0001443637863267,0.0001199904089342,0.0002215551127873,0.0004304764410128,2.7939828904273403e-09,,1113.9893691326633,0.997713100549238,0.5917706543099138,0.9997718735356185,0.9999999999999999,4.196643033083092e-14
1444.019608,0.19958796,650.2383662,1407.300382,0.101055491,0.703741355,-10.08487465,-0.418833067,0.00054093,4.19303464330727e-14,0.931310189032537,0.0623767394337591,0.0053956556105657,0.0001445084360612,0.0001201250872721,0.0002217806423994,0.0004309989627339,2.79462990952364e-09,,1112.7142161146926,0.9977083366544378,0.5911158787402836,0.9997709876448465,1.0000000000000002,4.1744385725905886e-14
1442.631067,0.199586817,649.3745592,1407.299683,0.101052715,0.703731084,-10.08493767,-0.418896083,0.000541777,4.1976375502973205e-14,0.931299721374973,0.0623807521742208,0.0054008730668322,0.0001446823256966,0.000120287625539,0.0002220523518163,0.0004316282854733,2.7954062149281604e-09,,1111.1813623710016,0.9977026229799817,0.590330612812573,0.9997704910629304,0.9999999999999993,4.263256414560601e-14
1441.242525,0.199585673,648.5113097,1407.298618,0.101049939,0.703720824,-10.08500071,-0.418959127,0.000542625,4.20224907788998e-14,0.931289240404989,0.0623847671057714,0.0054061001794675,0.0001448565632022,0.0001204502114036,0.0002223243205124,0.0004322584184283,2.7961830596550704e-09,,1109.6512505800602,0.9976969043066852,0.5895458536945488,0.9997697344681654,0.9999999999999994,4.2521541843143495e-14
1439.853984,0.199584528,647.6486172,1407.297551,0.101047161,0.703710563,-10.08506377,-0.419022185,0.000543471,4.20686939242997e-14,0.931278746091444,0.0623887831794497,0.0054113369723113,0.000145031147043,0.0001206131287438,0.0002225968186343,0.0004328898653715,2.79696025166771e-09,,1108.122216250146,0.9976911806345486,0.5887616009316732,0.9997689764525652,1.0,4.207745263329343e-14
1438.465443,0.199583383,646.7864814,1407.296482,0.101044383,0.7037003,-10.08512684,-0.419085256,0.000544317,4.2114985200354705e-14,0.931268238404376,0.0623928003901516,0.0054165834732425,0.0001452060782112,0.0001207763784957,0.0002228698477189,0.0004335226300236,2.7977377900596304e-09,,1106.5942589324281,0.997685456962412,0.5879778542512232,0.9997682170161296,0.9999999999999994,4.263256414560601e-14
1437.076901,0.199582237,645.9249021,1407.295411,0.101041605,0.703690034,-10.08518993,-0.419148341,0.000545163,4.21613648624615e-14,0.931257717308949,0.062396818737484,0.0054218397101983,0.0001453813577132,0.0001209399616192,0.0002231434092915,0.0004341567161868,2.7985156747599603e-09,,1105.0673780663635,0.9976797282914349,0.5871946134713839,0.999767456158859,1.0,4.218847493575595e-14
1435.743902,0.199581136,645.098309,1407.293895,0.101038936,0.703680195,-10.08525052,-0.419208937,0.000545974,4.22059705259136e-14,0.931247604201255,0.0624006790349891,0.0054268948864343,0.0001455499585676,0.0001210969358739,0.0002234061685316,0.0004347660150434,2.79926306467805e-09,,1103.6047840333824,0.9976742245682712,0.5864431777947678,0.9997663791657474,1.0000000000000002,4.196643033083092e-14
1434.410902,0.199580035,644.2722285,1407.293348,0.101036269,0.703670319,-10.08531109,-0.4192695,0.000546785,4.22506625840857e-14,0.931237479137552,0.0624045371029838,0.0054319590804566,0.0001457188744073,0.000121254979089,0.0002236701459936,0.0004353778794645,2.8000101756725104e-09,,1102.1387831685092,0.9976687208451074,0.5856922081103406,0.9997659905673093,0.9999999999999991,4.318767565791859e-14
1433.077902,0.199578933,643.4466598,1407.292313,0.1010336,0.703660458,-10.08537168,-0.419330098,0.000547595,4.2295434502709105e-14,0.93122734135415,0.06240839789129,0.0054370323254388,0.0001458881180132,0.0001214129522839,0.0002239342558267,0.0004359903021965,2.8007579109702603e-09,,1100.6759710699528,0.9976632121231034,0.5849417036908415,0.9997652552850729,0.9999999999999993,4.296563105299356e-14
1431.744903,0.19957783,642.6216028,1407.291276,0.101030931,0.703650596,-10.08543229,-0.419390708,0.000548404,4.23402887705635e-14,0.931217191067565,0.0624122597458611,0.0054421146437805,0.000146057686321,0.0001215712362606,0.0002241988618272,0.0004366039568366,2.80150596876118e-09,,1099.2141485823363,0.9976576984022592,0.5841916644453631,0.9997645185820012,1.0000000000000002,4.207745263329343e-14
1430.411903,0.199576726,641.7970571,1407.290237,0.101028262,0.703640732,-10.08549292,-0.419451331,0.000549214,4.23852256946486e-14,0.931207028299716,0.0624161226133344,0.0054472060612031,0.0001462275801201,0.0001217298316719,0.0002244639655805,0.0004372188460772,2.8022543395332102e-09,,1097.7533163645405,0.9976521796825745,0.5834420900102748,0.9997637804580943,0.9999999999999999,4.2521541843143495e-14
1429.132223,0.199575667,641.0059741,1407.288789,0.101025697,0.703631277,-10.08555115,-0.41950956,0.00054999,4.24284411198442e-14,0.931197260121367,0.0624198333795376,0.0054521024090463,0.0001463909887706,0.0001218820225707,0.0002247185973587,0.0004378096783333,2.8029733369343804e-09,,1096.3538733178018,0.9976468859107032,0.582722935701626,0.9997627517733809,0.9999999999999999,4.2521541843143495e-14
1427.852544,0.199574606,640.2153621,1407.288237,0.101023134,0.703621787,-10.08560935,-0.41956776,0.000550766,4.2471737004907306e-14,0.931187480589808,0.0624235422489574,0.0054570071809469,0.000146554692174,0.0001220352114373,0.0002249743647911,0.0004384029081509,2.8036921049210204e-09,,1094.951290551595,0.9976415821411511,0.582004209567618,0.9997623596228549,1.0000000000000002,4.241051954068098e-14
1426.572864,0.199573545,639.4252205,1407.287234,0.10102057,0.703612313,-10.08566758,-0.419625991,0.000551541,4.25151077564663e-14,0.931177689366378,0.0624272534664668,0.0054619204105269,0.0001467187014443,0.0001221883349751,0.0002252302574589,0.000438996658296,2.80441142016533e-09,,1093.5516448201035,0.9976362783715991,0.5812859110628055,0.9997616470739822,1.0000000000000002,4.241051954068098e-14
1425.293184,0.199572484,638.6355492,1407.286229,0.101018005,0.703602836,-10.08572582,-0.419684234,0.000552316,4.2558555338137804e-14,0.931167886404509,0.0624309657378482,0.0054668421154747,0.0001468830142327,0.0001223417491379,0.000225486613328,0.0004395915602959,2.8051310453154604e-09,,1092.1529073353083,0.9976309746020471,0.5805680400962806,0.9997609331042744,1.0,4.2521541843143495e-14
1424.013505,0.199571421,637.846348,1407.285222,0.10101544,0.703593358,-10.08578407,-0.419742488,0.000553091,4.26020801623386e-14,0.931158071817739,0.0624346789217974,0.0054717723199059,0.0001470476310412,0.0001224954541407,0.0002257434342029,0.0004401876152797,2.80585095515968e-09,,1090.7550806924403,0.9976256608348145,0.5798505964862286,0.9997602177137314,1.0000000000000004,4.207745263329343e-14
1422.785012,0.199570402,637.089158,1407.283837,0.101012978,0.703584278,-10.08584,-0.419798412,0.000553834,4.2643937744510205e-14,0.931148640616448,0.0624382439050828,0.0054765133557301,0.0001472059490227,0.0001226429473384,0.0002259901142122,0.0004407603055807,2.80654224752761e-09,,1089.4159273754249,0.997620567016555,0.5791622534792801,0.9997592337853279,0.9999999999999998,4.285460875053104e-14
1421.55652,0.19956938,636.3323984,1407.283283,0.101010514,0.703575155,-10.08589595,-0.419854366,0.000554577,4.26858649051909e-14,0.931139194975495,0.062441810935634,0.0054812622201823,0.0001473645508708,0.0001227913864882,0.0002262378377818,0.0004413352862709,2.8072340055254603e-09,,1088.0738020210147,0.9976154582017743,0.5784743017385002,0.9997588402139667,0.9999999999999996,4.3076653355456074e-14
1420.328027,0.199568359,635.5760725,1407.282311,0.10100805,0.703566051,-10.08595191,-0.419910321,0.000555319,4.27278647073112e-14,0.931129740312692,0.062445378271592,0.0054860190014036,0.0001475234341735,0.0001229397578102,0.0002264856865972,0.0004419107277629,2.8079259362978204e-09,,1086.7344188022114,0.9976103543858342,0.5777867442638387,0.9997581496880402,1.0,4.2743586448068527e-14
1419.099535,0.199567337,634.8201789,1407.281337,0.101005586,0.703556946,-10.08600787,-0.419966286,0.000556061,4.2769936378019005e-14,0.931120274788413,0.0624489464930548,0.0054907836971354,0.0001476826007114,0.0001230884001654,0.0002267339682473,0.0004424872436114,2.8086181373654704e-09,,1085.3958724616537,0.9976052455710537,0.5770995797825894,0.9997574577412786,0.9999999999999996,4.318767565791859e-14
1417.871042,0.199566315,634.0647174,1407.280361,0.101003121,0.703547839,-10.08606385,-0.420022261,0.000556802,4.2812080104077405e-14,0.9311107983772,0.0624525155997232,0.0054955563278064,0.0001478420512203,0.0001232373142553,0.0002269826838471,0.000443064836594,2.8093106086713702e-09,,1084.0581626124933,0.9976001367562731,0.5764128081129375,0.9997567643736818,0.9999999999999998,4.3076653355456074e-14
1416.691689,0.199565333,633.339882,1407.279037,0.101000755,0.703539114,-10.08611758,-0.420075996,0.000557514,4.2852607121919e-14,0.931101692569931,0.0624559421113207,0.0055001455597967,0.0001479953902948,0.0001233802125563,0.0002272215752902,0.0004436197707915,2.8099755223292e-09,,1082.7765035785264,0.9975952278951045,0.5757538778856779,0.9997558237807532,0.9999999999999996,4.3298697960381105e-14
1415.512337,0.19956435,632.6154419,1407.278482,0.100998388,0.703530349,-10.08617135,-0.420129762,0.000558225,4.2893198731063205e-14,0.931092573055999,0.0624593707645676,0.0055047420970648,0.0001481489949308,0.0001235239936234,0.0002274614383572,0.0004441768447727,2.8106409108514e-09,,1081.492103091744,0.9975903140350953,0.5750953070160308,0.9997554294989742,0.9999999999999992,4.363176486776865e-14
1414.332984,0.199563367,631.8914006,1407.27754,0.100996021,0.703521602,-10.08622511,-0.420183527,0.000558935,4.2933858329210405e-14,0.931083445253078,0.0624627995697649,0.0055093460248465,0.0001483028620093,0.0001236677114871,0.0002277014195325,0.0004447343479325,2.81130643533725e-09,,1080.2102283283311,0.9975854001750862,0.5744370986857612,0.9997547602855765,1.0000000000000002,4.285460875053104e-14
1413.153631,0.199562383,631.1677569,1407.276596,0.100993654,0.703512854,-10.08627889,-0.420237301,0.000559646,4.29745850478509e-14,0.931074307352888,0.0624662291619194,0.00551395733942,0.000148456993386,0.0001238116821987,0.0002279418047691,0.0004452928534035,2.81197220370229e-09,,1078.9291236817721,0.997580481316237,0.5737792518039782,0.9997540896513434,0.9999999999999997,4.3298697960381105e-14
1411.974278,0.199561399,630.4445103,1407.275651,0.100991286,0.703504104,-10.08633267,-0.420291085,0.000560356,4.3015378932630605e-14,0.931065159248684,0.0624696596240917,0.0055185760583161,0.0001486113899115,0.0001239559067267,0.0002281825947316,0.0004458523648567,2.8126382307913803e-09,,1077.648787041718,0.9975755624573877,0.5731217659161439,0.9997534183066927,0.9999999999999994,4.3520742565306136e-14
1410.8421,0.199560454,629.7505672,1407.274385,0.100989012,0.703495717,-10.08638433,-0.42034274,0.000561037,4.3054603201068504e-14,0.931056367621946,0.0624729545735496,0.0055230170169919,0.0001487598628765,0.0001240943139248,0.0002284138635884,0.0004463899338015,2.81327802397697e-09,,1076.421970365543,0.9975708385533097,0.5724909191272202,0.9997525189179861,0.9999999999999999,4.318767565791859e-14
1409.709921,0.199559508,629.0569898,1407.273831,0.100986738,0.7034873,-10.08643596,-0.420394376,0.000561717,4.3093892396891007e-14,0.931047566410961,0.0624762483400695,0.0055274648241314,0.0001489085764667,0.0001242335308007,0.0002286460505338,0.0004469294530755,2.81391769045882e-09,,1075.1926967113307,0.9975661096503916,0.5718604047872692,0.9997521253466248,0.9999999999999992,4.3853809472693683e-14
1408.577742,0.199558562,628.363778,1407.272919,0.100984464,0.703478897,-10.08648762,-0.420446035,0.000562398,4.3133242699852207e-14,0.931038755880424,0.0624795438230909,0.0055319195100289,0.0001490575385065,0.0001243726956814,0.0002288783418635,0.0004474693958032,2.8145577640493504e-09,,1073.9657136577766,0.9975613807474734,0.5712302228053834,0.9997514774457557,0.9999999999999993,4.39648317751562e-14
1407.445564,0.199557616,627.6709316,1407.272005,0.100982189,0.703470492,-10.08653929,-0.420497702,0.000563078,4.3172655584129105e-14,0.931029935914809,0.0624828400557457,0.0055363810865364,0.0001492067471781,0.000124512096547,0.0002291110100126,0.0004480102739297,2.8151980667360204e-09,,1072.7394382630152,0.9975566518445552,0.5706003729997475,0.9997508281240511,0.9999999999999997,4.3520742565306136e-14
1406.313385,0.199556668,626.9784505,1407.27109,0.100979915,0.703462085,-10.08659096,-0.420549378,0.000563757,4.32121312008172e-14,0.931021106493512,0.0624861370377978,0.0055408495701824,0.0001493562030768,0.000124651733965,0.0002293440558829,0.0004485520897014,2.81583859847212e-09,,1071.513870224263,0.9975519129439565,0.5699708552794541,0.9997501780919291,1.0000000000000002,4.3076653355456074e-14
1404.95477,0.199555531,626.147955,1407.269989,0.100977184,0.703451996,-10.08665299,-0.4206114,0.000564573,4.32595849602656e-14,0.931010498676958,0.0624900944056974,0.0055462208913261,0.0001495358773374,0.0001248196118711,0.0002296242107465,0.0004492035094128,2.8166075389354203e-09,,1070.044122114338,0.9975462292625422,0.5692158720259416,0.9997493959221296,0.9999999999999999,4.340972026284362e-14
1403.596156,0.199554393,625.3179849,1407.268886,0.100974453,0.703441904,-10.08671502,-0.420673435,0.000565387,4.3307129536597406e-14,0.930999877179158,0.0624940528512564,0.0055516022113901,0.0001497159094991,0.0001249878322653,0.0002299049124481,0.0004498562865626,2.8173768089518204e-09,,1068.575391389393,0.9975405405822876,0.5684613664007864,0.9997486123314953,0.9999999999999997,4.363176486776865e-14
1402.237542,0.199553255,624.4885399,1407.267781,0.100971722,0.703431811,-10.08677707,-0.420735483,0.000566201,4.3354765192709404e-14,0.930989241963632,0.0624980123747369,0.0055569935592343,0.0001498963006031,0.0001251563960927,0.0002301861625153,0.0004505104249955,2.81814640855934e-09,,1067.10767777732,0.997534851902033,0.5677073381312656,0.9997478273200254,0.9999999999999997,4.3853809472693683e-14
1400.878927,0.199552116,623.6596198,1407.266674,0.10096899,0.703421716,-10.08683913,-0.420797542,0.000567015,4.3402492193527904e-14,0.930978592994279,0.0625019729757064,0.0055623949638366,0.000150077051693,0.000125325304348,0.0002304679625291,0.0004511659286483,2.8189163376717304e-09,,1065.6409807562088,0.997529158222938,0.5669537870355644,0.9997470408877203,1.0,4.340972026284362e-14
1399.520313,0.199550976,622.8312241,1407.265564,0.100966258,0.703411619,-10.0869012,-0.420859614,0.000567828,4.34503108050168e-14,0.930967930234861,0.062505934653725,0.0055678064542874,0.0001502581638166,0.0001254945580297,0.0002307503140768,0.0004518228014729,2.8196865962009e-09,,1064.1752998039651,0.9975234595450028,0.5662007126591448,0.9997462523241625,0.9999999999999996,4.3853809472693683e-14
1398.216043,0.199549881,622.0364577,1407.264018,0.100963634,0.703401943,-10.08696082,-0.42091923,0.000568608,4.3496301606475205e-14,0.93095768131952,0.0625097399787697,0.0055730110092874,0.0001504323749108,0.0001256569765578,0.0002310215246047,0.0004524539958798,2.8204265582724204e-09,,1062.7713000368235,0.9975179858148808,0.5654782098611713,0.9997451540185224,1.0000000000000002,4.3298697960381105e-14
1396.911773,0.199548785,621.2421738,1407.263426,0.100961011,0.703392228,-10.08702041,-0.420978828,0.000569388,4.3542380320940105e-14,0.930947418947068,0.0625135440930808,0.0055782248956657,0.0001506069149988,0.0001258204970866,0.0002312939809622,0.0004530878499274,2.8211664156723803e-09,,1061.364038632991,0.9975125070859185,0.5647561456922088,0.9997447334512913,0.9999999999999994,4.4075854077618715e-14
1395.607503,0.199547689,620.4483727,1407.262354,0.100958386,0.703382529,-10.08708004,-0.421038452,0.000570167,4.35885426841712e-14,0.930937144108587,0.0625173503001377,0.0055834481643366,0.0001507817934753,0.0001259839477397,0.0002315665825836,0.0004537222811897,2.8219067804841603e-09,,1059.9598108235991,0.9975070283569563,0.5640345204249799,0.999743971883603,1.0,4.363176486776865e-14
1394.303233,0.199546592,619.6550539,1407.26128,0.100955761,0.703372829,-10.08713967,-0.421098087,0.000570946,4.36347904358293e-14,0.930926856430357,0.0625211574982403,0.0055886808331361,0.0001509570084622,0.0001261477203419,0.0002318396982274,0.0004543579885443,2.8226474485707903e-09,,1058.5565175578236,0.9975015446291536,0.563313333604947,0.9997432088950794,1.0000000000000002,4.3298697960381105e-14
1392.998964,0.199545495,618.8622172,1407.260204,0.100953136,0.703363128,-10.08719932,-0.421157733,0.000571724,4.3681123815714806e-14,0.930916555879721,0.062524965686981,0.0055939229282916,0.0001511325609039,0.000126311815793,0.0002321133293243,0.0004549949755529,2.82338841985003e-09,,1057.1541583752416,0.9974960609013511,0.5625925850502949,0.9997424444857205,0.9999999999999998,4.3853809472693683e-14
1391.746865,0.19954444,618.1015476,1407.258726,0.100950615,0.70335383,-10.0872566,-0.421215017,0.000572471,4.3725683367533004e-14,0.930906655616771,0.0625286234189606,0.0055989642409717,0.0001513014120439,0.0001264692871573,0.0002323761594874,0.0004556070404641,2.8241002120707703e-09,,1055.8107050234769,0.9974907871248408,0.5619010788236433,0.9997413944884787,0.9999999999999999,4.3853809472693683e-14
1390.494766,0.199543385,617.3413212,1407.258132,0.100948094,0.703344496,-10.08731387,-0.421272287,0.000573217,4.37703248203253e-14,0.93089674261821,0.062532280184968,0.0056040142714604,0.0001514705710215,0.0001266277873942,0.0002326401512244,0.0004562215908653,2.8248119343370304e-09,,1054.464245408334,0.9974855133483307,0.5612099754993289,0.9997409725004124,0.9999999999999996,4.418687638008123e-14
1389.242666,0.19954233,616.5815387,1407.257092,0.100945573,0.703335177,-10.08737117,-0.421329579,0.000573963,4.3815044562891805e-14,0.930886818074445,0.062535938801979,0.0056090730689577,0.0001516400459961,0.0001267862227524,0.000232904279909,0.0004568366803932,2.82552411041953e-09,,1053.120578575982,0.9974802395718204,0.5605192757137046,0.999740233666088,1.0000000000000002,4.340972026284362e-14
1387.990567,0.199541274,615.8221996,1407.256051,0.100943051,0.703325857,-10.08742847,-0.421386882,0.000574708,4.3859844085721607e-14,0.930876881549587,0.0625395983305297,0.0056141406484295,0.0001518098353774,0.0001269449588957,0.0002331688887978,0.0004574529621016,2.8262365656311804e-09,,1051.777770946508,0.9974749607964699,0.5598289790122327,0.9997394941213458,0.9999999999999991,4.474198789239381e-14
1386.738468,0.199540217,615.0633036,1407.255008,0.100940529,0.703316536,-10.08748578,-0.421444195,0.000575453,4.3904723604855997e-14,0.930866933014206,0.0625432587702633,0.0056192170335062,0.0001519799400166,0.0001271039966353,0.0002334339791799,0.0004580704391989,2.8269492998982703e-09,,1050.4358221108992,0.9974696770222791,0.5591390851221905,0.9997387531557684,0.9999999999999993,4.451994328746878e-14
1385.536453,0.199539203,614.3351805,1407.253594,0.100938106,0.703307603,-10.08754082,-0.421499236,0.000576168,4.3947882335573005e-14,0.930857371556041,0.0625467744414169,0.0056240986783159,0.0001521435399468,0.0001272566169776,0.000233688601916,0.0004586637377078,2.8276339351407203e-09,,1049.15013972911,0.997464608198221,0.558477166126849,0.9997377486252541,0.9999999999999997,4.4297898682543746e-14
1384.334438,0.199538187,613.6074647,1407.252999,0.100935684,0.703298634,-10.08759585,-0.421554266,0.000576882,4.3991117321431105e-14,0.930847798049622,0.0625502893678912,0.005628988463661,0.0001523074277861,0.0001274101975246,0.000233944307185,0.0004592593579674,2.82831853174435e-09,,1047.8616861628839,0.9974595293764823,0.5578156173980281,0.9997373259267703,0.9999999999999999,4.4075854077618715e-14
1383.132423,0.199537171,612.880157,1407.251992,0.100933262,0.703289681,-10.0876509,-0.421609316,0.000577596,4.40344255488902e-14,0.930838213857925,0.0625538059246207,0.0056338864371094,0.0001524716105611,0.0001275637178226,0.0002342001414642,0.0004598554814489,2.82900353309168e-09,,1046.5758039554535,0.9974544505547436,0.5571544396629883,0.9997366105362272,0.9999999999999996,4.451994328746878e-14
1381.930408,0.199536155,612.1532569,1407.250983,0.100930839,0.703280727,-10.08770596,-0.421664375,0.00057831,4.4077808279963406e-14,0.930828618490939,0.0625573233200253,0.0056387926110469,0.0001526360869479,0.0001277175189969,0.0002344564241356,0.0004604527181753,2.82968879138829e-09,,1045.2907117526127,0.9974493717330047,0.5564936324671917,0.9997358937248488,0.9999999999999998,4.4297898682543746e-14
1380.728393,0.199535137,611.4267641,1407.249972,0.100928416,0.703271771,-10.08776103,-0.421719444,0.000579023,4.4121265709098e-14,0.930819011922115,0.0625608415538307,0.0056437070067498,0.0001528008577129,0.0001278716017777,0.0002347131563596,0.0004610510710352,2.8303743065757303e-09,,1044.0064091925221,0.9974442829135854,0.5558331955379159,0.9997351754926354,0.9999999999999992,4.4853010194856324e-14
1379.574458,0.199534161,610.7297145,1407.248619,0.100926088,0.703263188,-10.08781391,-0.421772328,0.000579708,4.41630544177249e-14,0.930809779564326,0.0625642205048038,0.0056484325904775,0.0001529593170804,0.0001280194694094,0.0002349597473124,0.0004616259755135,2.83103276623383e-09,,1042.7758622006584,0.9974394040454584,0.5551995247054218,0.9997342142975958,0.9999999999999999,4.4297898682543746e-14
1378.420524,0.199533183,610.0330392,1407.248025,0.100923762,0.703254572,-10.08786679,-0.421825203,0.000580391,4.4204914085042704e-14,0.930800535813373,0.0625675989098657,0.0056531657720385,0.0001531180455966,0.0001281682328038,0.000235207346701,0.0004622030478855,2.83169121526206e-09,,1041.5427604687122,0.9974345151796509,0.5545661941399511,0.9997337923095297,0.9999999999999994,4.474198789239381e-14
1377.266589,0.199532205,609.3367392,1407.247049,0.100921434,0.70324597,-10.08791968,-0.421878096,0.000581075,4.4246842238603705e-14,0.930791282177314,0.0625709787461518,0.0056579065974114,0.0001532770492594,0.0001283169402473,0.0002354550675245,0.0004627805896972,2.8323500245632404e-09,,1040.312026427795,0.9974296263138432,0.5539332047505797,0.9997330989419329,0.9999999999999999,4.440892098500626e-14
1376.112655,0.199531226,608.6408139,1407.246072,0.100919106,0.703237367,-10.08797258,-0.421930998,0.000581758,4.4288839936623704e-14,0.9307820181229,0.0625743593531312,0.0056626550767022,0.0001534363269822,0.0001284659098483,0.0002357032068435,0.000463359170539,2.8330090702239303e-09,,1039.0820188491675,0.9974247324491954,0.5533005559918619,0.9997324048639183,0.9999999999999996,4.474198789239381e-14
1374.958721,0.199530247,607.9452631,1407.245092,0.100916778,0.703228763,-10.08802549,-0.421983908,0.000582441,4.43309073533361e-14,0.930772743625754,0.0625777407310445,0.0056674112290512,0.0001535958794557,0.0001286151422658,0.0002359517656998,0.0004639387930166,2.83366835227822e-09,,1037.8527374030652,0.9974198385845475,0.5526682476819827,0.9997317086546511,1.0000000000000004,4.39648317751562e-14
1373.850943,0.199529307,607.2778869,1407.243799,0.100914542,0.703220516,-10.0880763,-0.422034718,0.000583096,4.43713571168843e-14,0.930763830813336,0.0625809881172455,0.0056719843810752,0.0001537493104369,0.0001287583572977,0.0002361905026427,0.0004644956836193,2.83430158700596e-09,,1036.6748220820853,0.9974151396746711,0.5520615522154898,0.9997307900846687,0.9999999999999993,4.5075054799781356e-14
1372.743166,0.199528366,606.6108549,1407.243207,0.100912307,0.703212239,-10.08812711,-0.422085521,0.000583751,4.4411872872154703e-14,0.930754907230123,0.0625842351369678,0.0056765646210914,0.0001539029929227,0.0001289024076589,0.0002364301785966,0.0004650545976603,2.83493483631144e-09,,1035.494551307945,0.9974104357659545,0.5514551696528426,0.9997303695174378,1.0,4.4297898682543746e-14
1371.635389,0.199527425,605.9441678,1407.242262,0.100910071,0.703203975,-10.08817793,-0.42213634,0.000584406,4.44524526439489e-14,0.930745974510235,0.0625874834044464,0.0056811519935881,0.0001540569319645,0.0001290464060431,0.0002366699687859,0.0004656139493241,2.8355684048646304e-09,,1034.3164609447763,0.9974057318572378,0.550849100630394,0.9997296981727871,0.9999999999999999,4.451994328746878e-14
1370.527612,0.199526483,605.2778254,1407.241315,0.100907835,0.703195711,-10.08822875,-0.422187166,0.00058506,4.44930972988956e-14,0.930737032079952,0.0625907323817831,0.0056857465065946,0.000154211126703,0.0001291906490079,0.0002369101493824,0.0004661742703297,2.83620219112989e-09,,1033.1390386391856,0.9974010229496807,0.5502433449663292,0.9997290254073012,0.9999999999999993,4.518607710224387e-14
1369.419835,0.199525541,604.6118272,1407.240367,0.100905598,0.703187444,-10.08827959,-0.422238001,0.000585714,4.45338069963876e-14,0.930728079919152,0.0625939820674062,0.0056903481773414,0.0001543655777552,0.0001293351371388,0.0002371507213309,0.0004667355629944,2.83683619481497e-09,,1031.9622841333592,0.9973963140421237,0.5496379022061102,0.9997283519313978,0.9999999999999994,4.5075054799781356e-14
1368.090502,0.19952441,603.8130838,1407.239226,0.100902914,0.703177524,-10.0883406,-0.422299013,0.000586498,4.4582744712488406e-14,0.930717324452164,0.0625978826243609,0.0056958796547848,0.0001545512582269,0.0001295088472982,0.0002374399255362,0.0004674103999869,2.83759728608694e-09,,1030.5510600828643,0.9973906603537512,0.548911784014195,0.9997275413448935,0.9999999999999999,4.474198789239381e-14
1366.76117,0.199523278,603.0148358,1407.238084,0.100900229,0.703167601,-10.08840162,-0.422360037,0.000587282,4.4631776586360005e-14,0.930706554901626,0.0626017842035417,0.0057014214941712,0.0001547373097719,0.0001296829124385,0.0002377296963086,0.000468086643739,2.83835869082874e-09,,1029.1407964641821,0.9973850016665383,0.5481861161783671,0.9997267300479719,1.0000000000000002,4.440892098500626e-14
1365.431837,0.199522145,602.217083,1407.236939,0.100897544,0.703157677,-10.08846266,-0.422421073,0.000588065,4.4680902895860106e-14,0.930695771232212,0.0626056868025636,0.0057069737255926,0.0001549237334685,0.0001298573335342,0.0002380200352512,0.0004687642982128,2.8391204085941503e-09,,1027.7314930762805,0.9973793379804852,0.5474608985168111,0.9997259166197972,1.0,4.463096558993129e-14
1364.102505,0.199521011,601.4198249,1407.235791,0.100894858,0.70314775,-10.08852371,-0.42248212,0.000588848,4.4730123911674405e-14,0.930684973402842,0.0626095904244382,0.005712536379202,0.000155110530412,0.0001300321116335,0.0002383109439936,0.0004694433675512,2.8398824399112704e-09,,1026.3231493704723,0.9973736692955917,0.5467361305749894,0.9997251010603698,0.9999999999999997,4.518607710224387e-14
1362.773172,0.199519877,600.6230615,1407.234641,0.100892172,0.703137823,-10.08858477,-0.422543178,0.00058963,4.4779439925784306e-14,0.930674161385617,0.0626134950589215,0.0057181094854029,0.0001552977016703,0.0001302072477385,0.0002386024242332,0.0004701238557267,2.84064478291293e-09,,1024.9157650367126,0.9973680006106983,0.5460118123529019,0.999724284080107,0.9999999999999996,4.5075054799781356e-14
1361.497013,0.199518788,599.8586342,1407.233064,0.100889592,0.70312831,-10.0886434,-0.422601813,0.00059038,4.4826872125676105e-14,0.930663769325778,0.0626172450812192,0.0057234695428473,0.0001554777410142,0.0001303753139284,0.0002388824116556,0.0004707777421347,2.84137704352526e-09,,1023.5675819290219,0.9973625568736181,0.5453168900926033,0.9997231637515207,0.9999999999999993,4.551914400963142e-14
1360.220854,0.199517698,599.094661,1407.232427,0.100887013,0.703118756,-10.08870203,-0.422660444,0.000591131,4.48743938954136e-14,0.930653362338772,0.0626209948570214,0.0057288392608949,0.0001556581239312,0.0001305445167186,0.0002391636741307,0.0004714343863765,2.84210936619514e-09,,1022.2162733538767,0.9973571081376975,0.5446223806435666,0.9997227112154969,0.9999999999999994,4.54081217071689e-14
1358.944695,0.199516607,598.3311435,1407.231316,0.100884433,0.703109221,-10.08876068,-0.422719092,0.00059188,4.49220032877461e-14,0.930642943117369,0.0626247461026922,0.0057342187085617,0.0001558388563429,0.0001307136496469,0.0002394450953071,0.0004720916271925,2.84284207905876e-09,,1020.867853090887,0.9973516544029368,0.5439282854603131,0.9997219219415215,0.9999999999999992,4.574118861455645e-14
1357.668535,0.199515516,597.5680809,1407.230204,0.100881852,0.703099684,-10.08881934,-0.422777752,0.000592629,4.4969701116866506e-14,0.930632510609401,0.0626284983542481,0.0057396078979561,0.0001560199378386,0.0001308831165768,0.0002397270488186,0.0004727501915403,2.8435750922131503e-09,,1019.520313773475,0.9973462006681759,0.5432346038155821,0.9997211319571282,0.9999999999999996,4.54081217071689e-14
1356.392376,0.199514424,596.8054728,1407.229089,0.100879271,0.703090145,-10.08887801,-0.422836421,0.000593378,4.5017487825072005e-14,0.930622064907281,0.062632251485659,0.00574500685773,0.0001562013691042,0.0001310529179141,0.0002400095366943,0.0004734100812633,2.84430838291286e-09,,1018.1736574711059,0.9973407419345748,0.5425413353457432,0.9997203398414822,0.9999999999999994,4.551914400963142e-14
1355.167263,0.199513375,596.0737971,1407.227579,0.100876793,0.703081006,-10.08893435,-0.42289276,0.000594097,4.50634461986238e-14,0.930612025415849,0.0626358558730125,0.0057501990893201,0.0001563758746902,0.0001312158674615,0.0002402808818036,0.0004740441528047,2.84501270868085e-09,,1016.8835426761235,0.9973354981511063,0.5418761867681747,0.9997192671108766,0.9999999999999992,4.5852210917018965e-14
1353.942151,0.199512325,595.3425387,1407.226941,0.100874315,0.703071827,-10.08899068,-0.422949097,0.000594815,4.51094880360706e-14,0.93060197182898,0.062639460180566,0.0057554003470808,0.0001565507017469,0.0001313798782689,0.0002405534158971,0.0004746808016983,2.8457171180112903e-09,,1015.5905466959313,0.9973302493687976,0.5412114175478835,0.999718813864435,1.0000000000000002,4.4853010194856324e-14
1352.717038,0.199511275,594.6116992,1407.225865,0.100871836,0.703062666,-10.08904704,-0.42300545,0.000595532,4.5155611793799006e-14,0.930591906849452,0.0626430658199884,0.0057606106964091,0.0001567258553343,0.0001315438244411,0.0002408260992557,0.0004753180086524,2.8464218828268e-09,,1014.3002089428368,0.9973250005864888,0.5405470291393907,0.9997180494550763,1.0000000000000002,4.5075054799781356e-14
1351.491925,0.199510224,593.8812778,1407.224786,0.100869357,0.703053503,-10.0891034,-0.423061812,0.000596249,4.52018182836021e-14,0.930581829534641,0.0626466723212121,0.0057658301481771,0.0001569013349447,0.0001317080824047,0.0002410992802327,0.0004759564512152,2.8471269125549102e-09,,1013.0106824013776,0.9973197468053399,0.5398830208154357,0.9997172829144645,0.9999999999999997,4.551914400963142e-14
1350.266812,0.199509173,593.1512743,1407.223705,0.100866877,0.703044338,-10.08915977,-0.423118184,0.000596966,4.52481077349539e-14,0.93057173985675,0.06265027968102,0.0057710587270357,0.0001570771414579,0.0001318726529925,0.0002413729601831,0.0004765961326829,2.84783220659853e-09,,1011.7219667431492,0.9973144930241908,0.5392193923942032,0.9997165149530176,0.9999999999999996,4.574118861455645e-14
1349.090704,0.199508163,592.4508644,1407.22226,0.100864496,0.703035557,-10.0892139,-0.423172314,0.000597654,4.5292623450852905e-14,0.930562043043207,0.0626537439055752,0.0057760867860671,0.000157246225182,0.000132030585195,0.0002416358406918,0.000477210765527,2.8485096062676104e-09,,1010.4872638448912,0.9973094441954937,0.5385826667947337,0.999715488399557,1.0,4.529709940470639e-14
1347.914595,0.199507153,591.7508381,1407.221623,0.100862115,0.703026739,-10.08926803,-0.423226446,0.000598341,4.5337216790827405e-14,0.930552332856199,0.0626572082669141,0.0057811232735685,0.0001574156097178,0.0001321895081945,0.0002418998291392,0.0004778278070338,2.84918712075831e-09,,1009.2499033378161,0.9973043953667968,0.5379462899166911,0.9997150358635332,0.9999999999999993,4.596323321948148e-14
1346.738487,0.199506142,591.0511969,1407.22058,0.100859734,0.703017937,-10.08932218,-0.42328059,0.000599028,4.5381886856923805e-14,0.930542612178871,0.0626606737210117,0.0057861682534767,0.0001575852989076,0.000132348370908,0.0002421639583509,0.0004784453685637,2.8498649385229904e-09,,1008.014991757152,0.9972993415392595,0.5373102631236893,0.9997142948979558,0.9999999999999999,4.551914400963142e-14
1345.562379,0.19950513,590.3519401,1407.219534,0.100857352,0.703009134,-10.08937633,-0.423334743,0.000599715,4.5426634208378304e-14,0.930532880007487,0.0626641399547449,0.0057912217338469,0.0001577552925445,0.0001325075247363,0.0002424285523017,0.0004790640837498,2.85054299772066e-09,,1006.7808263299249,0.997294282712882,0.5366745857793753,0.9997135518011256,0.9999999999999994,4.5852210917018965e-14
1344.38627,0.199504118,589.6530674,1407.218487,0.10085497,0.70300033,-10.08943049,-0.423388906,0.000600401,4.5471458997625305e-14,0.930523136281761,0.06266760700024,0.0057962837365034,0.0001579255915045,0.0001326669705791,0.0002426936120595,0.0004796839560854,2.8512213041414903e-09,,1005.5474060781049,0.9972892238865044,0.5360392576110263,0.9997128079938777,0.9999999999999998,4.574118861455645e-14
1343.257206,0.199503146,588.9825105,1407.217104,0.100852682,0.702991889,-10.08948252,-0.423440937,0.00060106,4.55145609649301e-14,0.930513770671053,0.0626709380552829,0.0058011512930029,0.0001580893713648,0.0001328199943921,0.0002429482011228,0.0004802795618626,2.85187306414947e-09,,1004.3655582871256,0.9972843650137385,0.5354296706475481,0.9997118254863097,0.9999999999999996,4.596323321948148e-14
1342.128142,0.199502173,588.3123082,1407.21647,0.100850395,0.702983422,-10.08953451,-0.423492922,0.000601718,4.5557740487850813e-14,0.930504395886925,0.0626742659529496,0.0058060267533643,0.0001582534242092,0.0001329739277621,0.0002432038372047,0.0004808773650146,2.85252433637325e-09,,1003.1813277845375,0.9972795011421325,0.5348204060423027,0.9997113750815387,0.9999999999999992,4.629630012686903e-14
1340.999078,0.1995012,587.6424589,1407.215459,0.100848107,0.702974966,-10.08958653,-0.423544943,0.000602376,4.5600989058143606e-14,0.930495009644286,0.0626775965231123,0.0058109101234977,0.0001584177654629,0.0001331278126601,0.0002434595981905,0.0004814756795686,2.85317618907369e-09,,1001.9993181284432,0.9972746372705263,0.534211462340769,0.9997106568493251,0.9999999999999998,4.5852210917018965e-14
1339.870014,0.199500226,586.9729631,1407.214446,0.100845819,0.702966509,-10.08963856,-0.423596972,0.000603033,4.5644309747602706e-14,0.930485612667657,0.0626809278262314,0.0058158014278801,0.0001585823909482,0.0001332819693575,0.0002437157928795,0.0004820750711721,2.85382826682479e-09,,1000.8179943089441,0.99726976840008,0.5336028399974848,0.9997099371962763,0.9999999999999997,4.596323321948148e-14
1338.74095,0.199499252,586.3038204,1407.213431,0.100843531,0.702958051,-10.0896906,-0.423649009,0.00060369,4.5687702759846705e-14,0.930476204945933,0.0626842598483574,0.0058207006866074,0.0001587473013502,0.0001334363984812,0.0002439724224201,0.0004826755423244,2.85448056708777e-09,,999.637356286838,0.9972648995296335,0.5329945386488198,0.9997092161223923,1.0000000000000002,4.5630166312093934e-14
1337.657049,0.199498316,585.6617762,1407.212108,0.100841334,0.702949946,-10.08974056,-0.423698973,0.000604321,4.57294281478778e-14,0.930467164376277,0.0626874594102283,0.0058254114905224,0.0001589058846231,0.0001335846025096,0.0002442189176093,0.0004832524630775,2.85510701519545e-09,,998.5060341537009,0.9972602206151183,0.532410871887212,0.9997082762398813,0.9999999999999998,4.596323321948148e-14
1336.573147,0.19949738,585.020056,1407.211478,0.100839136,0.702941808,-10.08979053,-0.423748943,0.000604951,4.57712206440305e-14,0.930458111840033,0.0626906594129377,0.0058301296336471,0.0001590647308068,0.0001337336688749,0.0002444663738199,0.000483831484101,2.85573361933707e-09,,997.3724512833235,0.9972555417006032,0.5318274996661215,0.9997078286767809,1.0,4.574118861455645e-14
1335.489246,0.199496443,584.3786615,1407.210499,0.100836938,0.702933685,-10.08984051,-0.423798921,0.000605581,4.58130802799268e-14,0.930449050378823,0.0626938601527537,0.0058348551757948,0.0001592238419167,0.0001338826829861,0.0002447139547379,0.0004844109565812,2.8563604464223603e-09,,996.2409464825507,0.9972508577872475,0.5312444235309769,0.9997071331779313,0.9999999999999998,4.6074255521943996e-14
1334.405344,0.199495506,583.737592,1407.209518,0.10083474,0.702925561,-10.08989049,-0.423848907,0.00060621,4.58550071557633e-14,0.930439978879954,0.0626970615992309,0.0058395881201172,0.000159383218305,0.0001340319508244,0.0002449619401359,0.0004849914343989,2.85698748649178e-09,,995.1100717754211,0.997246173873892,0.530661642845425,0.9997064362582462,0.9999999999999998,4.6074255521943996e-14
1333.321443,0.199494568,583.0968472,1407.208535,0.100832542,0.702917435,-10.08994049,-0.423898901,0.000606839,4.58970014574854e-14,0.930430897335288,0.0627002637379859,0.005844328484707,0.0001595428605835,0.0001341814729458,0.0002452103310547,0.0004855729197746,2.8576147369298303e-09,,993.9798271666828,0.9972414849616963,0.5300791573367435,0.999705737917726,1.0,4.5852210917018965e-14
1332.020761,0.199493442,582.3283819,1407.207353,0.100829903,0.702907683,-10.09000049,-0.423958903,0.000607594,4.5947483953356505e-14,0.930419986254205,0.062704107154018,0.0058500267430149,0.0001597347830511,0.0001343612356808,0.000245508937055,0.0004862720345616,2.85836770349232e-09,,992.6243664992863,0.9972358562675251,0.5293805642288875,0.9997048982040995,1.0,4.596323321948148e-14
1330.72008,0.199492316,581.5603839,1407.20617,0.100827264,0.70289793,-10.0900605,-0.424018916,0.000608348,4.5998064101289905e-14,0.930409060659299,0.0627079515427699,0.0058557357439034,0.0001599270904018,0.0001345413664893,0.0002458081302651,0.0004869726077042,2.85912096857137e-09,,991.2698125639465,0.9972302275733541,0.5286823959320922,0.9997040577800553,0.9999999999999996,4.6407322429331543e-14
1329.419398,0.199491188,580.7928529,1407.204983,0.100824625,0.702888175,-10.09012053,-0.42407894,0.000609102,4.60487422117899e-14,0.93039812052717,0.0627117968884455,0.0058614555188844,0.0001601197837269,0.0001347218663254,0.0002461079124107,0.000487674643116,2.8598745292872504e-09,,989.9161654541692,0.9972245888815024,0.5279846521736351,0.9997032145143407,0.9999999999999996,4.651834473179406e-14
1328.118716,0.19949006,580.0257886,1407.203794,0.100821985,0.702878418,-10.09018056,-0.424138974,0.000609855,4.60995186278585e-14,0.930387165854151,0.0627156431553118,0.0058671860998051,0.0001603128640733,0.0001349027361112,0.0002464082853598,0.0004883781445137,2.8606283791433404e-09,,988.5634254050439,0.9972189501896507,0.5272873326807934,0.9997023698277908,1.0000000000000002,4.5630166312093934e-14
1326.818034,0.199488932,579.2591907,1407.202603,0.100819345,0.70286866,-10.09024061,-0.424199019,0.000610608,4.61503935232059e-14,0.930376196527063,0.0627194904162208,0.0058729275174526,0.0001605063327564,0.0001350839772553,0.000246709250516,0.0004890831173069,2.86138253130772e-09,,987.2115905138369,0.997213311497799,0.5265904371808444,0.9997015237204057,0.9999999999999998,4.6407322429331543e-14
1325.56938,0.199487848,578.523696,1407.200991,0.10081681,0.702859311,-10.09029827,-0.424256679,0.000611331,4.61993257178901e-14,0.930365653176575,0.062723185213628,0.0058784495181016,0.0001606924305953,0.000135257906437,0.0002469983556653,0.0004897605368441,2.8621068967427803e-09,,985.9165885380885,0.9972078927549203,0.5259218168432902,0.9997003785272026,0.9999999999999994,4.674038933671909e-14
1324.320725,0.199486763,577.7886295,1407.200308,0.100814274,0.70284992,-10.09035592,-0.424314337,0.000612053,4.6248350504833006e-14,0.930355094236483,0.062726879901716,0.005883981533554,0.0001608788853025,0.0001354330050524,0.0002472887701994,0.0004904408048152,2.86283134323082e-09,,984.6186039803721,0.9972024690132013,0.5252535857719381,0.9996998933119684,1.0,4.629630012686903e-14
1323.072071,0.199485677,577.0539928,1407.199158,0.100811739,0.702840548,-10.0904136,-0.42437201,0.000612774,4.6297466323622005e-14,0.930344522783951,0.0627305759246716,0.0058895236376512,0.0001610657023045,0.0001356080358182,0.0002475793553315,0.0004911216966691,2.8635561499960903e-09,,983.3233622139524,0.9971970402726419,0.5245857454213092,0.9996990763317056,0.9999999999999994,4.6851411639181606e-14
1321.823417,0.199484591,576.3197852,1407.198005,0.100809203,0.702831174,-10.09047128,-0.424429694,0.000613495,4.6346673896598913e-14,0.930333937654583,0.0627342728914913,0.005895075842591,0.0001612528813759,0.000135783412862,0.0002478704923191,0.0004918039604499,2.8642812403245903e-09,,982.0289524674796,0.9971916115320825,0.5239182951550506,0.9996982572201901,0.9999999999999998,4.6407322429331543e-14
1320.574762,0.199483504,575.5860062,1407.196849,0.100806666,0.702821799,-10.09052897,-0.424487388,0.000614216,4.6395973613980605e-14,0.930323338895876,0.0627379707193601,0.0059006381777511,0.0001614404233405,0.0001359591367976,0.0002481621830775,0.0004924875987435,2.86500659917726e-09,,980.7353759269648,0.9971861777926829,0.5232512345186243,0.9996974359774217,0.9999999999999994,4.696243394164412e-14
1319.376054,0.19948246,574.8819823,1407.195306,0.10080423,0.702812816,-10.09058437,-0.424542786,0.000614907,4.64433878531911e-14,0.930313152293113,0.062741521800147,0.0059059875917019,0.0001616208071399,0.0001361277736835,0.0002484423747324,0.0004931444937328,2.8657032662068e-09,,979.4960848465062,0.997180959003416,0.5226112235196814,0.9996963398030345,1.0000000000000002,4.618527782440651e-14
1318.177345,0.199481415,574.1783519,1407.194624,0.100801795,0.702803795,-10.09063977,-0.424598186,0.000615598,4.6490888304000106e-14,0.930302950926913,0.0627450729768333,0.0059113463629458,0.000161801524987,0.0001362975028263,0.0002487237873088,0.0004938040517389,2.8664000434087903e-09,,978.25404280339,0.9971757352153087,0.5219715702420149,0.9996958552982178,0.9999999999999996,4.696243394164412e-14
1316.978637,0.19948037,573.4751166,1407.193509,0.100799359,0.702794791,-10.09069519,-0.4246536,0.000616289,4.65384738497879e-14,0.93029273789513,0.0627486253715734,0.0059167145618097,0.0001619825813746,0.0001364671692489,0.0002490053602235,0.0004944641934958,2.86709715038271e-09,,977.014525168397,0.9971705114272014,0.5213322761401457,0.9996950631825717,0.9999999999999996,4.696243394164412e-14
1315.779929,0.199479324,572.7722757,1407.192391,0.100796922,0.702785786,-10.09075061,-0.424709022,0.000616979,4.6586145310726606e-14,0.93028251220956,0.0627521785235708,0.0059220921998614,0.0001621639758198,0.0001366371587319,0.0002492874492448,0.00049512561537,2.86779449815963e-09,,975.7757746516202,0.9971652826402538,0.520693340577721,0.9996942689356729,0.9999999999999999,4.674038933671909e-14
1314.581221,0.199478278,572.069829,1407.191271,0.100794485,0.702776779,-10.09080604,-0.424764454,0.000617669,4.6633902744323513e-14,0.9302722737257,0.0627557325441948,0.0059274793015477,0.0001623457095215,0.0001368074726505,0.0002495700552748,0.0004957883225716,2.86849210693432e-09,,974.5377887530232,0.9971600538533063,0.5200547633729257,0.9996934732679387,0.9999999999999996,4.707345624410664e-14
1313.430461,0.199477273,571.3958505,1407.189793,0.100792144,0.702768145,-10.09085929,-0.424817699,0.000618331,4.66798286336969e-14,0.930262432461809,0.0627591467826369,0.0059326598470987,0.0001625204980142,0.0001369709262845,0.0002498415095459,0.000496425105402,2.86916234534566e-09,,973.3516371713104,0.9971550300188108,0.5194420659161333,0.9996924232706969,1.0000000000000002,4.6407322429331543e-14
1312.279701,0.199476267,570.7222354,1407.189114,0.100789805,0.702759482,-10.09091249,-0.424870908,0.000618993,4.67258392067335e-14,0.9302525800513,0.0627625584903821,0.0059378491619447,0.0001626955921233,0.0001371353871594,0.0002501141142026,0.0004970643330085,2.8698322095129403e-09,,972.1630018222561,0.9971500011854749,0.5188296988174396,0.999691940897133,0.9999999999999997,4.707345624410664e-14
1311.128941,0.19947526,570.0489828,1407.188033,0.100787465,0.702750832,-10.09096573,-0.424924147,0.000619654,4.67719272708288e-14,0.930242715492066,0.0627659725775512,0.0059430472684815,0.000162871005546,0.0001372997957084,0.0002503868638089,0.0004977041262886,2.87050260579021e-09,,970.9766657572713,0.9971449673532987,0.5182176612586764,0.999691172935686,1.0,4.674038933671909e-14
1309.978181,0.199474254,569.3760928,1407.186949,0.100785124,0.702742181,-10.09101898,-0.424977394,0.000620315,4.6818095529272705e-14,0.930232839095876,0.0627693873911358,0.0059482541901009,0.0001630467347821,0.0001374645061059,0.0002506600952566,0.000498345115522,2.8711732290697604e-09,,969.7910344847365,0.997139938519963,0.5176059533307514,0.9996904028429862,0.9999999999999993,4.75175454539567e-14
1308.827421,0.199473246,568.7035652,1407.185864,0.100782783,0.702733529,-10.09107224,-0.425030651,0.000620976,4.6864344068639995e-14,0.930222950755128,0.0627728030090563,0.0059534699490587,0.0001632227808572,0.0001376295194929,0.0002509338094549,0.0004989873050606,2.8718440934911304e-09,,968.6061061996252,0.9971348996889465,0.5169945748518494,0.9996896320398688,0.9999999999999994,4.7406523151494184e-14
1307.722691,0.199472279,568.0582801,1407.184449,0.100780536,0.702725238,-10.09112337,-0.425081785,0.00062161,4.6908818456344905e-14,0.930213447880223,0.0627760827958767,0.0059584854294578,0.0001633920842752,0.0001377878821247,0.0002511967244924,0.0004996043310151,2.8724883613840204e-09,,967.4707324194833,0.9971300658103822,0.5164079618669011,0.999688626798937,1.0000000000000002,4.6851411639181606e-14
1306.617962,0.19947131,567.4133273,1407.183774,0.100778288,0.702716913,-10.09117451,-0.425132925,0.000622243,4.6953367494659305e-14,0.930203931810902,0.0627793629918585,0.0059635090669454,0.0001635616799099,0.0001379471963048,0.0002514606997437,0.0005002236811557,2.87313278214404e-09,,966.3330182318098,0.9971252219341374,0.515821650967798,0.9996881472670436,0.9999999999999997,4.729550084903167e-14
1305.513232,0.199470341,566.7687087,1407.182727,0.100776039,0.702708603,-10.09122566,-0.425184075,0.000622876,4.6997990994831406e-14,0.930194405749539,0.0627826440671207,0.0059685409265385,0.0001637315703791,0.0001381064563019,0.0002517248169086,0.0005008435393872,2.87377745466476e-09,,965.1974454711257,0.9971203780578923,0.5152356438817841,0.9996874034597958,0.9999999999999994,4.7628567756419216e-14
1304.408503,0.199469372,566.1244234,1407.181677,0.100773791,0.702700292,-10.09127682,-0.425235231,0.000623509,4.7042689440838505e-14,0.930184868700511,0.0627859257590714,0.0059735810153463,0.0001639017555426,0.0001382659978358,0.0002519893840657,0.0005014645131577,2.8744223267070903e-09,,964.0625218108994,0.9971155341816474,0.5146499397906911,0.9996866575212949,0.9999999999999999,4.718447854656915e-14
1303.303773,0.199468402,565.4804714,1407.180625,0.100771542,0.702691981,-10.09132798,-0.425286396,0.000624142,4.70874627980309e-14,0.930175320496374,0.0627892082079302,0.0059786293526238,0.0001640722364985,0.0001384258222492,0.0002522544017179,0.0005020866074914,2.87506742375114e-09,,962.9282443092691,0.9971106853065622,0.5140645386945192,0.999685910161959,0.9999999999999996,4.75175454539567e-14
1302.243233,0.199467471,564.8625906,1407.179271,0.100769382,0.702684013,-10.09137713,-0.42533554,0.000624749,4.71305140229346e-14,0.930166143614855,0.062792361298015,0.0059834835377704,0.0001642361804714,0.0001385792128449,0.0002525089533471,0.0005026843269614,2.8756871559306103e-09,,961.8413008078006,0.9971060313862485,0.513502838291968,0.9996849482565018,0.9999999999999996,4.7628567756419216e-14
1301.182692,0.199466539,564.2450169,1407.178601,0.100767223,0.702676019,-10.09142624,-0.425384653,0.000625355,4.7173638813587704e-14,0.930156956880718,0.0627955123309479,0.005988345362123,0.0001644003911093,0.0001387334793742,0.0002527645039531,0.0005032841754204,2.87630658607483e-09,,960.7522474380372,0.9971013724670944,0.5129414170665552,0.9996844722766967,0.9999999999999998,4.7406523151494184e-14
1300.122152,0.199465606,563.6277497,1407.177587,0.100765063,0.702668036,-10.09147538,-0.425433792,0.000625962,4.72168311487675e-14,0.930147759610436,0.0627986653860363,0.0059932148453635,0.0001645648798987,0.0001388877013293,0.0002530201821573,0.0005038845178053,2.8769264686233904e-09,,959.6651422579064,0.9970967085491,0.5123802744728354,0.9996837519132301,1.0,4.707345624410664e-14
1299.061612,0.199464673,563.010789,1407.17657,0.100762903,0.702660053,-10.09152452,-0.425482938,0.000626568,4.7260093395360805e-14,0.930138552084171,0.0628018190204744,0.0059980920066895,0.0001647296436989,0.0001390421860282,0.0002532762801471,0.0005044859011967,2.8775465369639102e-09,,958.5786337974798,0.9970920446311058,0.5118194105108088,0.999683029418511,0.9999999999999997,4.7628567756419216e-14
1298.001071,0.19946374,562.3941348,1407.175552,0.100760743,0.702652069,-10.09157368,-0.425532091,0.000627173,4.73034256038172e-14,0.930129334203006,0.0628049733090644,0.0060029768639828,0.0001648946833709,0.0001391969344492,0.0002535327986023,0.0005050883293101,2.87816680469357e-09,,957.4927203983291,0.9970873807131114,0.5112588251804749,0.999682306213374,0.9999999999999998,4.75175454539567e-14
1296.728423,0.199462619,561.6545539,1407.174327,0.10075815,0.702642486,-10.09163267,-0.425591085,0.0006279,4.7355516848728007e-14,0.930118259046663,0.0628087593162268,0.0060088488778718,0.0001650930960744,0.0001393829815122,0.0002538411771655,0.0005058126255277,2.87891138866426e-09,,956.1904097189819,0.9970817770131418,0.510586490177916,0.9996814359517898,1.0000000000000002,4.718447854656915e-14
1295.455774,0.199461497,560.9154138,1407.173101,0.100755557,0.702632902,-10.09169167,-0.425650087,0.000628626,4.74077095391527e-14,0.930107169002413,0.0628125461676642,0.0060147320346135,0.0001652919079364,0.0001395694099878,0.0002541501649247,0.0005065384327565,2.87965624191725e-09,,954.8889567532556,0.9970761683143318,0.5099145558959126,0.9996805649797881,0.9999999999999997,4.773959005888173e-14
1294.183126,0.199460375,560.1767142,1407.171871,0.100752964,0.702623317,-10.09175069,-0.425709101,0.000629352,4.7460003751598713e-14,0.930096063890843,0.0628163340007925,0.0060206263653607,0.0001654911204788,0.0001397562215697,0.0002544597629909,0.0005072657575158,2.8804013894455304e-09,,953.5883587025182,0.9970705596155219,0.509243022061742,0.9996796911661158,1.0000000000000002,4.729550084903167e-14
1292.910477,0.199459252,559.438455,1407.170639,0.10075037,0.70261373,-10.09180971,-0.425768124,0.000630077,4.7512399970627504e-14,0.930084943786484,0.062820122700587,0.006026531904198,0.0001656907345958,0.0001399434168599,0.0002547699736653,0.0005079946024154,2.8811468102754104e-09,,952.2886173032646,0.9970649459178718,0.5085718885844968,0.9996788159316082,0.9999999999999996,4.796163466380676e-14
1291.637829,0.199458128,558.7006358,1407.169405,0.100747776,0.702604142,-10.09186874,-0.425827157,0.000630802,4.7564898495071304e-14,0.930073808646808,0.0628239122680712,0.0060324486840501,0.0001658907514767,0.0001401309969918,0.0002550807987341,0.0005087249719282,2.88189250456022e-09,,950.9897321018402,0.9970593272213812,0.5079011551005465,0.9996779392762656,1.0000000000000002,4.7406523151494184e-14
1290.416086,0.199457049,557.9927441,1407.167756,0.100745285,0.702594956,-10.09192542,-0.425883838,0.000631497,4.76153935371056e-14,0.930063106147345,0.062827551211431,0.0060381394182008,0.0001660831483607,0.0001403110122936,0.0002553793835844,0.0005094267961275,2.88260865960995e-09,,949.745430779784,0.9970539334727039,0.5072576279787252,0.9996767677976105,0.9999999999999994,4.8183679268731794e-14
1289.194344,0.199455969,557.2852557,1407.167027,0.100742793,0.702585728,-10.09198212,-0.42594053,0.000632192,4.7665983203120997e-14,0.930052386662883,0.0628311908842906,0.0060438405310016,0.0001662759178232,0.0001404922347889,0.0002556793107755,0.0005101315750644,2.8833250430763e-09,,948.4982669170432,0.9970485347251864,0.5066144674871218,0.9996762499031657,0.9999999999999999,4.773959005888173e-14
1287.972601,0.199454888,556.5781732,1407.165835,0.100740302,0.702576519,-10.09203882,-0.425997229,0.000632887,4.77166680752456e-14,0.930041654738246,0.0628348313895462,0.0060495521133166,0.0001664690620685,0.0001406733897638,0.0002559794226212,0.0005108370003484,2.8840416898203e-09,,947.2537164502168,0.9970431309788285,0.5059716759893331,0.999675403085363,1.0,4.773959005888173e-14
1286.750859,0.199453806,555.8714954,1407.16464,0.10073781,0.702567309,-10.09209553,-0.426053939,0.000633581,4.7767448209574405e-14,0.930030908740897,0.0628384727603055,0.0060552741735176,0.0001666625819521,0.0001408549037896,0.0002562801068601,0.0005115438478716,2.8847586004701904e-09,,946.0099522666396,0.9970377222336304,0.5053292523944682,0.9996745541363073,0.9999999999999998,4.796163466380676e-14
1285.529116,0.199452724,555.1652222,1407.163442,0.100735318,0.702558098,-10.09215224,-0.426110657,0.000634275,4.7818323927938305e-14,0.930020148665143,0.0628421149650736,0.0060610067416592,0.0001668564784652,0.0001410367777398,0.0002565813652481,0.0005122521211476,2.88547576926024e-09,,944.766974578428,0.9970323134884321,0.5046871966116198,0.999673703055999,1.0000000000000002,4.773959005888173e-14
1284.356244,0.199451685,554.4875811,1407.161864,0.100732925,0.702549273,-10.0922067,-0.426165114,0.000634941,4.7867255014168407e-14,0.930009807212233,0.0628456122239712,0.0060665199405209,0.0001670429746144,0.0001412113193038,0.0002568707550623,0.0005129326880814,2.8861644913327404e-09,,943.5761378105016,0.9970271196933667,0.5040711695742767,0.9996725820169949,0.9999999999999994,4.8405723873656825e-14
1283.183371,0.199450645,553.8103107,1407.161137,0.100730531,0.702540409,-10.09226117,-0.426219583,0.000635606,4.791627425375e-14,0.929999449722837,0.0628491103306606,0.0060720428377104,0.0001672298194638,0.0001413869884012,0.000257161396786,0.0005136160172397,2.8868534558595304e-09,,942.3826607641455,0.997021920899461,0.5034554795312844,0.9996720655433855,0.9999999999999999,4.807265696626928e-14
1282.010498,0.199449604,553.1334135,1407.159981,0.100728138,0.702531562,-10.09231564,-0.426274058,0.000636271,4.7965382489980714e-14,0.92998908062822,0.0628526091922374,0.0060775755191239,0.0001674170145558,0.0001415625950908,0.0002574522119777,0.0005142999512035,2.8875426606316703e-09,,941.191589280935,0.9970167171067148,0.5028401287553326,0.999671244300617,0.9999999999999998,4.8183679268731794e-14
1280.837625,0.199448563,552.4568883,1407.158822,0.100725744,0.702522714,-10.09237013,-0.426328542,0.000636936,4.8014579898503e-14,0.929978698488602,0.0628561087581893,0.0060831179925702,0.0001676045604501,0.000141738536868,0.0002577435624254,0.0005149852126142,2.8882320914827304e-09,,940.0012424528427,0.9970115133139686,0.5022251161555301,0.9996704209265957,0.9999999999999992,4.873879078104437e-14
1279.664752,0.199447521,551.780735,1407.157662,0.100723349,0.702513866,-10.09242462,-0.426383035,0.0006376,4.80638665312334e-14,0.929968303151573,0.0628596091463178,0.0060886702834952,0.0001677924584104,0.0001419148151924,0.000258035449045,0.0005156718069963,2.88892176988809e-09,,938.8116177602385,0.9970063045223823,0.5016104416409697,0.9996695968421568,1.0,4.807265696626928e-14
1278.538794,0.19944652,551.1319775,1407.15615,0.10072105,0.702505384,-10.09247696,-0.426435377,0.000638238,4.8111263601709414e-14,0.929958311055948,0.0628629717645215,0.006094009745576,0.0001679731765744,0.0001420839966693,0.0002583158236651,0.0005163315474133,2.8895843673590502e-09,,937.6717783621475,0.9970013006832479,0.501020671981663,0.9996685226907158,0.9999999999999998,4.829470157119431e-14
1277.412836,0.199445518,550.4835626,1407.155427,0.100718752,0.702496872,-10.09252927,-0.426487684,0.000638875,4.8158748233405e-14,0.929948307205223,0.0628663319780197,0.0060993583033651,0.0001681542124009,0.0001422542153679,0.0002585973807124,0.0005169938146159,2.89024660644636e-09,,936.5295653952602,0.9969962918452733,0.5004312137716812,0.9996680090587766,0.9999999999999998,4.8405723873656825e-14
1276.286879,0.199444516,549.8354898,1407.154306,0.100716452,0.702488374,-10.09258161,-0.42654002,0.000639511,4.82063134460333e-14,0.929938290949227,0.0628696944477657,0.006104715982769,0.000168335579373,0.0001424243836339,0.0002588790933873,0.0005176566728859,2.89090935176224e-09,,935.3895378291293,0.9969912830072986,0.49984206655648616,0.9996672126806249,0.9999999999999993,4.884981308350689e-14
1275.160921,0.199443514,549.1877591,1407.153183,0.100714152,0.702479875,-10.09263395,-0.426592363,0.000640148,4.8253961900982504e-14,0.929928262490686,0.0628730575939684,0.0061100828074486,0.0001685172740831,0.0001425948649989,0.0002591613058192,0.0005183207713749,2.89157231029653e-09,,934.2501760724176,0.996986274169324,0.49925323033607805,0.9996664148816379,0.9999999999999998,4.851674617611934e-14
1274.034963,0.19944251,548.5403704,1407.152059,0.100711852,0.702471375,-10.0926863,-0.426644715,0.000640784,4.83016936837843e-14,0.929918221716725,0.0628764214985108,0.0061154588005898,0.000168699297609,0.0001427656606673,0.0002594440189404,0.0005189861146739,2.8922354969872102e-09,,933.1114783243283,0.9969812553336688,0.4986647050195493,0.9996656163722334,1.0,4.829470157119431e-14
1272.954043,0.199441547,547.9191996,1407.15061,0.100709644,0.70246323,-10.09273656,-0.426694975,0.000641394,4.8347595481042705e-14,0.929908572565793,0.062879651222583,0.0061206284228211,0.000168874349725,0.0001429295745808,0.0002597155847766,0.0005196253867994,2.8928723132377403e-09,,932.0203850463233,0.9969764414504656,0.4981000137580421,0.9996645869771024,0.9999999999999994,4.884981308350689e-14
1271.873124,0.199440583,547.2983419,1407.149893,0.100707435,0.702455051,-10.09278684,-0.426745252,0.000642004,4.8393573491393906e-14,0.929898909036842,0.0628828820823259,0.0061258064998273,0.000169049707102,0.0001430944713541,0.0002599882375938,0.0005202670713972,2.89350941130662e-09,,930.9270432381684,0.9969716225684222,0.49753560712812744,0.9996640776076691,1.0,4.8405723873656825e-14
1270.792204,0.199439618,546.6777997,1407.148807,0.100705227,0.702446887,-10.09283712,-0.426795532,0.000642614,4.8439629452439305e-14,0.929889235605133,0.0628861133799466,0.0061309931116181,0.0001692253694381,0.0001432593139801,0.0002602610440042,0.0005209092816843,2.8941466760038703e-09,,929.8357433469127,0.9969667986875385,0.49697148731158686,0.999663306094134,0.9999999999999996,4.884981308350689e-14
1269.711284,0.199438653,546.057572,1407.14772,0.100703017,0.702438723,-10.0928874,-0.426845818,0.000643224,4.84857631256954e-14,0.929879550790461,0.062889345300548,0.0061361882608683,0.0001694013377506,0.0001434244488984,0.0002605343169246,0.0005215526497165,2.8947841370170403e-09,,928.745055726838,0.9969619748066546,0.49640765339934456,0.9996625338701812,1.0,4.8405723873656825e-14
1268.630365,0.199437687,545.4376588,1407.14663,0.100700808,0.702430558,-10.0929377,-0.426896112,0.000643833,4.85319746744149e-14,0.929869854544299,0.0628925778651579,0.0061413919690386,0.0001695776128754,0.0001435898769504,0.0002608080574367,0.0005221971787715,2.8954217981689303e-09,,927.6549797280976,0.9969571459269306,0.49584410539140067,0.9996617595149758,0.9999999999999999,4.8627768478581856e-14
1267.592682,0.19943676,544.8428387,1407.145243,0.100698687,0.702422734,-10.09298598,-0.426944394,0.000644417,4.8576411884393105e-14,0.929860536883912,0.0628956813994557,0.0061463956208025,0.0001697471257333,0.0001437486415335,0.0002610709998109,0.0005228164326687,2.89603408389138e-09,,926.6104012627402,0.996952512001978,0.4953033689101643,0.9996607741657372,0.9999999999999993,4.929390229335695e-14
1266.554999,0.199435831,544.2483062,1407.144532,0.100696565,0.702414878,-10.09303428,-0.426992695,0.000645001,4.86209199128195e-14,0.929851205628758,0.0628987861722393,0.0061514071611527,0.0001699169239902,0.0001439083231631,0.0002613349544202,0.0005234379395804,2.89664666446103e-09,,925.5637477083451,0.9969478680793449,0.4947628938790907,0.9996602690588096,0.9999999999999992,4.9404924595819466e-14
1265.517316,0.199434902,543.6540641,1407.143481,0.100694443,0.702407036,-10.09308258,-0.427040997,0.000645585,4.8665500845271407e-14,0.929841865234306,0.0629018912507261,0.0061564266671454,0.0001700870066024,0.0001440679543451,0.0002615990534095,0.0005240599361574,2.8972593805455902e-09,,924.5189756383045,0.9969432241567117,0.4942226828435919,0.9996595224098913,1.0,4.8627768478581856e-14
1264.479634,0.199433973,543.0601111,1407.142427,0.100692321,0.702399194,-10.09313089,-0.427089305,0.000646169,4.8710154336114704e-14,0.929832514251822,0.0629049968772822,0.0061614541397899,0.0001702573746754,0.000144227858149,0.0002618635877932,0.0005246830125674,2.8978722726861e-09,,923.4747671174097,0.9969385802340784,0.49368273462186935,0.99965877362972,1.0,4.8627768478581856e-14
1263.441951,0.199433044,542.4664473,1407.141372,0.100690199,0.70239135,-10.09317921,-0.42713762,0.000646752,4.87548804125832e-14,0.929823152564884,0.062908103143042,0.0061664895975692,0.0001704280291473,0.000144388035669,0.0002621285582074,0.0005253071729465,2.8984853575407403e-09,,922.4311202570027,0.9969339363114453,0.4931430493048308,0.9996580241391312,0.9999999999999994,4.929390229335695e-14
1262.196732,0.199431927,541.7544322,1407.140103,0.100687652,0.702381937,-10.09323719,-0.427195606,0.000647452,4.8808647913583613e-14,0.929811904464339,0.0629118314181643,0.0061725427158527,0.0001706331933283,0.0001445806104839,0.0002624471001238,0.000526057598438,2.8992212977013104e-09,,921.1794868812844,0.996928352606837,0.49249577370038977,0.9996571226191717,1.0000000000000002,4.8627768478581856e-14
1260.951512,0.19943081,541.042833,1407.138832,0.100685105,0.702372523,-10.09329519,-0.427253602,0.000648151,4.88625206184931e-14,0.929800640940287,0.062915560544856,0.0061786073956692,0.0001708387719865,0.0001447735813118,0.0002627662736691,0.0005268095922133,2.89995750270164e-09,,919.9286625913951,0.9969227689022284,0.4918488761805201,0.9996562196783771,0.9999999999999993,4.951594689828198e-14
1259.706293,0.199429693,540.3316495,1407.137558,0.100682557,0.702363107,-10.09335319,-0.427311606,0.00064885,4.89164988457858e-14,0.929789361954616,0.0629192905185144,0.0061846836711714,0.0001710447663388,0.0001449669492441,0.0002630860806665,0.0005275631587055,2.90069397167002e-09,,918.67864729003,0.99691718519762,0.4912023565634067,0.9996553146063294,0.9999999999999998,4.9182879990894435e-14
1258.461073,0.199428574,539.6208815,1407.136281,0.100680009,0.70235369,-10.09341121,-0.427369621,0.000649549,4.89705828938009e-14,0.929778067455882,0.0629230213473883,0.0061907715764878,0.0001712511776398,0.0001451607154968,0.0002634065229404,0.0005283183026853,2.90143070607826e-09,,917.4294404069699,0.9969115914953309,0.4905562146672343,0.9996544074030291,1.0,4.8960835385969403e-14
1257.215854,0.199427455,538.9105289,1407.135002,0.10067746,0.702344272,-10.09346923,-0.427427644,0.000650247,4.9024773167812905e-14,0.929766757456515,0.0629267529761841,0.006196871146613,0.0001714580069847,0.0001453548809877,0.0002637276026165,0.0005290750278825,2.90216769576197e-09,,916.181042533227,0.9969059977930419,0.48991045040109554,0.9996534987788934,1.0000000000000002,4.873879078104437e-14
1256.020444,0.19942638,538.2289808,1407.133315,0.100675012,0.702335246,-10.09352496,-0.427483376,0.000650916,4.90768935648212e-14,0.929755885225348,0.0629303376918745,0.0062027377432439,0.0001716569620536,0.000145541227596,0.0002640360379819,0.0005298022089768,2.9028757440294204e-09,,914.9850526884037,0.9969006240397258,0.48929087160510776,0.9996523003043689,0.9999999999999994,4.96269692007445e-14
1254.825033,0.199425304,537.547815,1407.132537,0.100672566,0.702326185,-10.09358066,-0.427539077,0.000651586,4.9129116951538807e-14,0.929744998363541,0.0629339202270686,0.0062086151433245,0.0001718562964757,0.0001457288035398,0.0002643458679183,0.0005305323944997,2.90358348295795e-09,,913.7863798543993,0.9968952452875695,0.48867164034874877,0.9996517475994607,1.0000000000000002,4.8960835385969403e-14
1253.629622,0.199424228,536.8670313,1407.131302,0.100670118,0.70231714,-10.09363639,-0.427594805,0.000652255,4.91814367524321e-14,0.929734097188717,0.0629375050015494,0.006214503391031,0.0001720560237208,0.0001459163211808,0.0002646558882604,0.0005312632811996,2.9042917372463703e-09,,912.5901646922415,0.9968898665354131,0.4880527564502035,0.9996508702337004,0.9999999999999999,4.929390229335695e-14
1252.434212,0.19942315,536.1866297,1407.130063,0.10066767,0.702308094,-10.09369213,-0.427650543,0.000652924,4.9233855507709505e-14,0.929723181527091,0.0629410905580125,0.0062204025125838,0.0001722561408226,0.0001461042112212,0.0002649665025599,0.000531995642659,2.90500023487759e-09,,911.394692863931,0.996884477785576,0.48743421990947194,0.9996499900262695,0.9999999999999994,4.96269692007445e-14
1251.238801,0.199422073,535.5066097,1407.128823,0.100665222,0.702299046,-10.09374788,-0.427706289,0.000653592,4.9286373501861305e-14,0.929712251340804,0.0629446768952839,0.0062263125389895,0.0001724566488951,0.0001462924747173,0.0002652777125052,0.0005327294830465,2.90570897560564e-09,,910.1999640335451,0.9968790940345794,0.48681603027201625,0.9996491091084211,0.9999999999999999,4.9404924595819466e-14
1250.091207,0.199421037,534.8541497,1407.127207,0.100662871,0.702290375,-10.09380142,-0.427759831,0.000654233,4.9336882395239806e-14,0.92970174485258,0.062948121807744,0.0062319964575122,0.0001726495091631,0.0001464731589302,0.0002655766615873,0.0005334346460435,2.9063898372544904e-09,,909.0553025079025,0.9968739152360347,0.4862228947600396,0.9996479610735475,0.9999999999999993,4.9960036108132044e-14
1248.943613,0.199420001,534.2020409,1407.126433,0.10066052,0.702281672,-10.09385493,-0.427813345,0.000654874,4.93874872790004e-14,0.929691224525216,0.0629515648502717,0.0062376904722435,0.0001728427244701,0.000146654991416,0.0002658769115268,0.0005341426177362,2.9070704388931e-09,,907.9081661122367,0.9968687364374902,0.4856300785154385,0.9996474112103098,1.0000000000000002,4.929390229335695e-14
1247.796019,0.199418965,533.5502836,1407.125235,0.100658169,0.702272983,-10.09390847,-0.427866885,0.000655515,4.9438182384535614e-14,0.929680690901162,0.0629550099032595,0.0062433946259639,0.0001730363067681,0.0001468367698495,0.0002661773405628,0.0005348512446334,2.90775150576614e-09,,906.7632930804823,0.9968635576389455,0.4850375818109354,0.9996465601300014,1.0000000000000002,4.929390229335695e-14
1246.648425,0.199417927,532.8988774,1407.124034,0.100655818,0.702264293,-10.09396202,-0.427920433,0.000656155,4.94889699698557e-14,0.929670143751181,0.0629584556749301,0.0062491089414688,0.0001732302534136,0.0001470188962885,0.0002664783246248,0.0005355612496106,2.9084327963972303e-09,,905.6191035321671,0.9968583688427203,0.48444540428290034,0.99964570691844,0.9999999999999998,4.973799150320701e-14
1245.50083,0.199416889,532.2478221,1407.122831,0.100653466,0.702255602,-10.09401558,-0.427973989,0.000656795,4.9539850292621804e-14,0.929659583041901,0.0629619021634816,0.0062548334467131,0.0001734245654087,0.0001472013716814,0.000266779865238,0.0005362726364121,2.9091143104274804e-09,,904.475597182853,0.9968531800464951,0.48385354574951817,0.9996448522860435,0.9999999999999998,4.973799150320701e-14
1244.39914,0.199415893,531.6231393,1407.121283,0.100651207,0.702247272,-10.09406701,-0.428025426,0.000657409,4.95887811093155e-14,0.929649432212777,0.0629652126119321,0.0062603385895903,0.000173611452842,0.0001473765029676,0.0002670695205428,0.0005369561995293,2.90976898836913e-09,,903.3799292250617,0.9968482012015623,0.48328566181425625,0.9996437525595682,0.9999999999999997,4.9960036108132044e-14
1243.29745,0.199414895,530.9987793,1407.120515,0.100648949,0.702238912,-10.09411842,-0.428076838,0.000658022,4.9637801414254706e-14,0.929639268343169,0.0629685214290451,0.0062658531634651,0.0001737986722859,0.0001475527061473,0.0002673603889408,0.0005376423864732,2.9104234431231804e-09,,902.2819789662021,0.9968432123589488,0.48271807132862077,0.9996432069588362,0.9999999999999996,5.007105841059456e-14
1242.195759,0.199413897,530.3747425,1407.119354,0.100646691,0.702230566,-10.09416986,-0.428128274,0.000658636,4.9686906100705613e-14,0.929629092124482,0.0629718320504955,0.0062713772092476,0.0001739862344204,0.0001477288592204,0.0002676514256629,0.0005383291853429,2.91107831776409e-09,,901.1861132386524,0.9968382235163353,0.48215077465624195,0.9996423821639796,0.9999999999999998,4.9960036108132044e-14
1241.094069,0.199412898,529.7510285,1407.11819,0.100644432,0.702222218,-10.0942213,-0.428179717,0.000659249,4.9736097175534205e-14,0.929618903284262,0.0629751433309572,0.006276910746701,0.000174174136889,0.0001479053373349,0.000267942980783,0.0005390172712893,2.9117333978805e-09,,900.0908760438205,0.9968332296748815,0.48158377143348957,0.9996415552378702,0.9999999999999997,5.007105841059456e-14
1239.992378,0.199411899,529.1276372,1407.117025,0.100642173,0.70221387,-10.09427275,-0.428231167,0.000659861,4.9785374869469503e-14,0.92960870179164,0.0629784552696135,0.0062824538009957,0.0001743623805961,0.0001480821413486,0.0002682350556708,0.0005397066476966,2.91238868329671e-09,,898.9962671170293,0.9968282358334277,0.4810170615694561,0.9996407276013433,0.9999999999999998,4.9960036108132044e-14
1238.934756,0.199410939,528.5294852,1407.115541,0.100640003,0.702205869,-10.09432217,-0.428280579,0.000660449,4.9832761594464704e-14,0.929598896709541,0.0629816363588283,0.0062877841155653,0.0001745434193341,0.0001482518314786,0.0002685156132185,0.000540369038966,2.9130181395568e-09,,897.9473750400088,0.9968234369467455,0.48047329613899314,0.9996396733415955,0.9999999999999998,5.007105841059456e-14
1237.877133,0.199409978,527.9316301,1407.11478,0.100637834,0.702197839,-10.09437156,-0.428329971,0.000661037,4.9880231699723505e-14,0.929589079344035,0.0629848160348239,0.0062931232354368,0.0001747247684043,0.0001484225217864,0.0002687973015123,0.0005410338803035,2.91364740631864e-09,,896.896378110926,0.9968186330612229,0.47992980061309687,0.999639132713787,0.9999999999999994,5.040412531798211e-14
1236.81951,0.199409017,527.334072,1407.113655,0.100635665,0.702189821,-10.09442097,-0.428379383,0.000661624,4.99277806893768e-14,0.92957925051643,0.06298799732581,0.0062984711997806,0.0001749064373131,0.0001485931656349,0.0002690791479045,0.0005416992927998,2.9142770512648604e-09,,895.8473011628563,0.9968138291757003,0.4793865750826746,0.9996383334939648,0.9999999999999998,5.0182080713057076e-14
1235.761887,0.199408056,526.7368109,1407.112528,0.100633495,0.702181803,-10.09447039,-0.428428801,0.000662211,4.9975410338184997e-14,0.929569409916294,0.0629911792211694,0.0063038280256233,0.000175088423972,0.0001487641129297,0.0002693614782515,0.0005423659068026,2.91490688491442e-09,,894.7988022661176,0.9968090252901778,0.47884361954772653,0.9996375328533074,0.9999999999999993,5.062616992290714e-14
1234.704264,0.199407093,526.1398465,1407.111398,0.100631325,0.702173785,-10.09451981,-0.428478227,0.000662798,5.00231208523241e-14,0.929559557514941,0.0629943617210591,0.0063091937356101,0.0001752707291977,0.0001489353644482,0.0002696442937826,0.0005430337253742,2.9155369072719403e-09,,893.7508811670729,0.9968042114069746,0.47830093373552984,0.999636730081397,0.9999999999999999,5.0182080713057076e-14
1233.688947,0.199406169,525.5670399,1407.109976,0.100629241,0.702166099,-10.09456728,-0.428525693,0.000663361,5.0068997844759304e-14,0.929550088400829,0.0629974183742368,0.0063143532022719,0.0001754460452457,0.0001490997272886,0.0002699159522295,0.0005436753817061,2.9161420723521304e-09,,892.7466569667308,0.9967995924785429,0.47778020919156616,0.9996357198675417,0.9999999999999997,5.040412531798211e-14
1232.673629,0.199405245,524.9945061,1407.109224,0.100627157,0.702158386,-10.09461473,-0.428573142,0.000663924,5.0114952484484313e-14,0.92954060772057,0.0630004738131232,0.0063195208861511,0.0001756216512335,0.0001492650230135,0.0002701886642105,0.0005443193249011,2.9167470786676102e-09,,891.7404914440726,0.9967949735501113,0.47725973264344523,0.9996351856334917,1.0,5.007105841059456e-14
1231.658311,0.199404319,524.4222457,1407.108134,0.100625073,0.702150685,-10.0946622,-0.428620608,0.000664487,5.01609808386194e-14,0.929531116408088,0.0630035306930016,0.0063246968247997,0.0001757975555852,0.0001494302756473,0.0002704615245942,0.0005449638008809,2.91735242480879e-09,,890.7360944893127,0.9967903446239988,0.47673950463661274,0.9996344112782862,0.9999999999999996,5.062616992290714e-14
1230.642993,0.199403394,523.8502583,1407.107042,0.100622989,0.702142984,-10.09470967,-0.428668081,0.000665049,5.0207084465689996e-14,0.92952161411857,0.0630065881282031,0.0063298810327601,0.0001759737564662,0.0001495958114418,0.0002707348365646,0.0005456093979856,2.91795794444512e-09,,889.7322291799405,0.996785720696727,0.47621952480743823,0.9996336355022455,0.9999999999999997,5.051514762044462e-14
1229.627675,0.199402467,523.2785437,1407.105949,0.100620905,0.702135282,-10.09475715,-0.42871556,0.000665611,5.0253263552143904e-14,0.929512100826791,0.063009646118293,0.006335073530411,0.0001761502546097,0.0001497616310926,0.0002710086012297,0.0005462561189585,2.91856363747507e-09,,888.7288953041368,0.9967810867717743,0.4756997929741067,0.999632859015787,0.9999999999999994,5.084821452783217e-14
1228.409294,0.199401355,522.5928463,1407.104634,0.100618403,0.702126038,-10.09481413,-0.428772543,0.000666285,5.03087783250879e-14,0.929500670317856,0.0630133164386075,0.0063413154987728,0.0001763624458048,0.000149960990297,0.0002713377179016,0.000547033671419,2.9192906979145503e-09,,887.5255960352773,0.9967755280613674,0.4750764421504393,0.9996319248166171,0.9999999999999996,5.0737192225369654e-14
1227.190912,0.199400242,521.9075415,1407.103316,0.100615901,0.702116793,-10.09487112,-0.428829534,0.000666959,5.0364402353863213e-14,0.929489223885455,0.0630169875562649,0.0063475694691957,0.0001765750673917,0.0001501607605202,0.0002716674900302,0.0005478128510737,2.9200180076614e-09,,886.3230611719072,0.9967699643521201,0.47445344822988006,0.9996309884861941,0.9999999999999998,5.062616992290714e-14
1225.972531,0.199399129,521.2226291,1407.101995,0.100613399,0.702107547,-10.09492812,-0.428886534,0.000667632,5.0420135963446605e-14,0.929477761485277,0.0630206594709423,0.0063538354772752,0.0001767881206521,0.0001503609429281,0.0002719979195022,0.0005485936626268,2.9207455666179403e-09,,885.1212905346683,0.9967644006428729,0.473830811030614,0.9996300500245185,0.9999999999999997,5.0737192225369654e-14
1224.754149,0.199398014,520.5381089,1407.100672,0.100610896,0.7020983,-10.09498513,-0.428943543,0.000668305,5.0475979480756613e-14,0.929466283073042,0.0630243321819208,0.0063601135587517,0.0001770016068716,0.0001505615387407,0.0002723290082602,0.0005493761108887,2.92147337461402e-09,,883.9202837575531,0.996758826935945,0.47320853037082594,0.9996291101420076,0.9999999999999997,5.084821452783217e-14
1223.535768,0.199396899,519.8539806,1407.099346,0.100608393,0.702089051,-10.09504215,-0.429000561,0.000668977,5.0531933234046214e-14,0.929454788604317,0.0630280056884566,0.0063664037495077,0.0001772155273413,0.0001507625491829,0.0002726607582544,0.0005501602006882,2.9222014314749603e-09,,882.7200404748198,0.996753253229017,0.4725866059777931,0.9996281681282438,1.0,5.051514762044462e-14
1222.366122,0.199395828,519.1975864,1407.097619,0.100605989,0.70208019,-10.09509691,-0.429055319,0.000669623,5.05857512634891e-14,0.929443739374412,0.0630315340340584,0.00637245376818,0.0001774213037952,0.0001509554672331,0.0002729794528511,0.0005509136765182,2.92290079453698e-09,,881.5701667927088,0.9967478994710621,0.47198989398031355,0.9996269412370145,0.9999999999999993,5.129230373768223e-14
1221.196476,0.199394756,518.5415524,1407.096792,0.100603586,0.702071291,-10.09515165,-0.429110059,0.000670268,5.0639674661962103e-14,0.929432674051125,0.0630350610484502,0.0063785149925678,0.0001776274766842,0.0001511496560459,0.0002732995790133,0.0005516702724626,2.9235999976356603e-09,,880.4177122011472,0.9967425407142669,0.47139350943189057,0.9996263537216431,0.9999999999999997,5.0959236830294685e-14
1220.026829,0.199393684,517.8858795,1407.095511,0.100601183,0.70206241,-10.09520641,-0.42916482,0.000670912,5.06936989545522e-14,0.929421594417155,0.0630385898255681,0.0063845874838823,0.0001778340563366,0.0001513437870886,0.00027361991054,0.000552427595079,2.9242996241193e-09,,879.2676022315328,0.9967371819574716,0.47079745315069216,0.9996254436766722,0.9999999999999999,5.084821452783217e-14
1218.857183,0.19939261,517.2305671,1407.094228,0.100598778,0.702053527,-10.09526118,-0.429219589,0.000671556,5.0747825964397305e-14,0.929410499789079,0.0630421193689042,0.0063906712642494,0.0001780410409505,0.0001515383048508,0.00027394085833,0.0005531864485857,2.9249994859088504e-09,,878.118193974582,0.9967318132029959,0.470201724591273,0.9996245322108659,0.9999999999999999,5.084821452783217e-14
1217.687537,0.199391536,516.5756151,1407.092941,0.100596374,0.702044643,-10.09531595,-0.429274366,0.0006722,5.0802056171704213e-14,0.929399390234741,0.0630456495707461,0.006396766367295,0.0001782484314025,0.000151733209914,0.0002742624246632,0.0005539468354873,2.92569956311381e-09,,876.969488952914,0.9967264444485201,0.46960632366272553,0.9996236179033895,0.9999999999999996,5.129230373768223e-14
1216.564677,0.199390505,515.9472004,1407.091286,0.100594065,0.702036131,-10.09536856,-0.429326971,0.000672818,5.08542129992982e-14,0.929388711522981,0.0630490401721297,0.0064026283574295,0.0001784479120694,0.0001519202708091,0.0002745713300702,0.0005546775080884,2.92637202612626e-09,,875.8689052552735,0.9967212906441769,0.46903504714796884,0.9996224421622287,1.0000000000000002,5.062616992290714e-14
1215.441816,0.199389472,515.3191167,1407.090465,0.100591757,0.702027583,-10.09542115,-0.42937956,0.000673436,5.090646808036061e-14,0.929378017630694,0.0630524296704078,0.0064085008208284,0.0001786477637229,0.0001521085187092,0.0002748815711009,0.0005554110974412,2.9270443641453303e-09,,874.7659407531763,0.9967161268421533,0.46846407153725905,0.9996218589093628,0.9999999999999998,5.1181281435219717e-14
1214.318956,0.199388439,514.691365,1407.089223,0.100589448,0.702019052,-10.09547375,-0.429432168,0.000674053,5.0958817598958113e-14,0.929367310451302,0.0630558207255893,0.0064143838160757,0.0001788479953901,0.0001522967129798,0.0002751920052805,0.0005561453656144,2.92771707984432e-09,,873.665135986032,0.9967109630401294,0.4678933977396719,0.9996209765706792,0.9999999999999999,5.0959236830294685e-14
1213.196096,0.199387406,514.0639448,1407.087978,0.100587138,0.70201052,-10.09552637,-0.429484784,0.00067467,5.1011263175948005e-14,0.929356589302591,0.0630592124532887,0.0064202773623278,0.0001790486054631,0.0001524852685067,0.0002755030155267,0.0005568810638544,2.9283900060456803e-09,,872.5649769904682,0.9967057992381056,0.4673230253006695,0.9996200921007427,0.9999999999999994,5.1514348342607263e-14
1212.073235,0.199386371,513.4368559,1407.086732,0.100584829,0.702001987,-10.09557899,-0.429537406,0.000675286,5.10638050841867e-14,0.92934585415192,0.0630626048494471,0.0064261814888009,0.0001792495949823,0.0001526741862685,0.0002758146034419,0.000557618196025,2.9290631419690804e-09,,871.4654635394968,0.9967006254384014,0.4667529540384368,0.9996192069203884,0.9999999999999999,5.1181281435219717e-14
1210.995289,0.199385378,512.8351625,1407.085145,0.100582611,0.70199381,-10.09562953,-0.429587941,0.000675878,5.1114335039259006e-14,0.929335535870746,0.06306586293543,0.006431859441249,0.0001794429051852,0.0001528555027296,0.0002761139176471,0.000558326497252,2.92970969311312e-09,,870.4119330255425,0.9966956615899893,0.4662059692073944,0.9996180794876258,0.9999999999999998,5.129230373768223e-14
1209.917343,0.199384384,512.2337734,1407.084331,0.100580393,0.7019856,-10.09568005,-0.429638463,0.000676469,5.11649565576619e-14,0.929325203274643,0.0630691201263638,0.0064375471774009,0.0001796365623965,0.0001530379274846,0.0002764144773803,0.0005590375239237,2.9303561511765604e-09,,869.3562061387444,0.996690692742737,0.4656592610080785,0.9996175012076834,1.0,5.1181281435219717e-14
1208.839398,0.199383389,511.6326896,1407.083127,0.100578175,0.701977405,-10.09573059,-0.429689001,0.00067706,5.12156664292254e-14,0.929314858349395,0.0630723786863071,0.0064432447533788,0.0001798305744464,0.0001532203024427,0.0002767152186541,0.0005597491843213,2.9310029451063503e-09,,868.3024688326266,0.9966857188966445,0.46511283034956474,0.9996166458648693,0.9999999999999996,5.162537064506978e-14
1207.761452,0.199382394,511.0319106,1407.081921,0.100575957,0.70196921,-10.09578113,-0.429739546,0.000677651,5.1266466038652705e-14,0.929304500387268,0.0630756378624335,0.0064489521853327,0.000180024939987,0.0001534030148388,0.0002770164980152,0.000560462180423,2.93164993222809e-09,,867.2493254020869,0.9966807450505519,0.4645666767773154,0.9996157891012197,0.9999999999999994,5.184741524999481e-14
1206.683506,0.199381398,510.4314362,1407.080713,0.100573738,0.701961014,-10.09583168,-0.429790097,0.000678241,5.13173556285897e-14,0.929294129357021,0.063078897652908,0.0064546694995574,0.0001802196599598,0.0001535860655643,0.0002773183168987,0.0005611765157416,2.9322971121734804e-09,,866.1967756123621,0.996675766205619,0.4640208001095153,0.9996149309167351,0.9999999999999992,5.206945985491984e-14
1205.648678,0.199380441,509.8552676,1407.079191,0.100571608,0.701953159,-10.09588023,-0.429838641,0.000678808,5.1366293551398606e-14,0.929284161537329,0.0630820282665356,0.0064601674530115,0.0001804069274337,0.0001537617529382,0.0002776082413518,0.0005618628884298,2.9329187073086104e-09,,865.1881725388275,0.9966709823154576,0.4634970192531473,0.9996138496611179,0.9999999999999998,5.162537064506978e-14
1204.61385,0.199379484,509.2793788,1407.078386,0.100569478,0.701945274,-10.09592876,-0.429887175,0.000679374,5.1415316758635404e-14,0.929274180226391,0.0630851581710079,0.006465674541533,0.0001805945193312,0.0001539384746723,0.000277899326805,0.0005625518066672,2.93354023776474e-09,,864.1775431431789,0.9966661984252962,0.4629734927561519,0.9996132777749339,0.9999999999999991,5.229150445984487e-14
1203.579021,0.199378526,508.7037708,1407.07722,0.100567348,0.701937403,-10.09597731,-0.429935724,0.00067994,5.14644225505291e-14,0.929264187459522,0.0630882892956915,0.0064711908186356,0.0001807824424544,0.000154115150262,0.0002781905826638,0.000563241316557,2.93416207004121e-09,,863.168746358414,0.9966614095362946,0.4624502215276048,0.9996124494279893,0.9999999999999999,5.162537064506978e-14
1202.544193,0.199377568,508.128443,1407.076051,0.100565217,0.701929532,-10.09602586,-0.429984278,0.000680506,5.15136122000658e-14,0.929254182568976,0.0630914209476278,0.0064767162984737,0.0001809706955315,0.0001542921407086,0.0002784823410809,0.0005639320727661,2.9347840727257804e-09,,862.1604963884038,0.9966566206472929,0.4619272050220606,0.9996116189497919,1.0,5.1514348342607263e-14
1201.509365,0.199376609,507.5533953,1407.074881,0.100563086,0.701921659,-10.09607442,-0.430032838,0.000681071,5.1562885827119506e-14,0.929244165469619,0.0630945531817096,0.0064822510040495,0.0001811592795647,0.0001544694470913,0.0002787746030653,0.0005646240794429,2.93540625593943e-09,,861.152792080652,0.996651826759451,0.4614044431486116,0.9996107877611768,1.0000000000000002,5.140332604014475e-14
1199.522495,0.199374766,506.4500887,1407.072627,0.100558994,0.701906542,-10.09616768,-0.430126091,0.000682156,5.1657727482672014e-14,0.929224898359267,0.0631005686497138,0.0064929035879775,0.0001815222916345,0.0001548107637025,0.0002793371626672,0.0005659562483842,2.9366013438216403e-09,,859.2195294242824,0.996642613896789,0.46040145396144583,0.999609186479862,0.9999999999999996,5.206945985491984e-14
1197.535625,0.199372921,505.3478134,1407.070365,0.100554901,0.701891421,-10.09626095,-0.430219368,0.00068324,5.1752881128649405e-14,0.929205585965362,0.063106586218264,0.0065035904385947,0.0001818865328567,0.0001551532535257,0.000279901592744,0.0005672930608037,2.9377970885253404e-09,,857.2882765904284,0.9966333910364464,0.45939940230401904,0.9996075795152061,0.9999999999999997,5.206945985491984e-14
1195.350068,0.199370889,504.1365009,1407.067869,0.100550397,0.701874786,-10.09636358,-0.430321997,0.000684431,5.1857912509103007e-14,0.929184289873254,0.0631132078716329,0.0065153857563474,0.0001822886249133,0.0001555313538003,0.0002805246376775,0.000568768943209,2.9391131479488704e-09,,855.1662196598089,0.9966232333929689,0.4582982275808924,0.9996058063128271,0.9999999999999993,5.2513549064769904e-14
1194.157947,0.19936978,503.4763101,1407.066503,0.100547941,0.70186571,-10.09641958,-0.430377988,0.000685081,5.19153630015739e-14,0.9291726505176,0.0631168207528758,0.0065218372101356,0.0001825085807754,0.0001557381944301,0.0002808654434581,0.0005695763608418,2.9398313331634903e-09,,854.0097573578317,0.9966176896790828,0.45769806418672226,0.9996048358823586,1.0,5.184741524999481e-14
1192.965825,0.19936867,502.8164898,1407.065134,0.100545484,0.701856633,-10.09647557,-0.430433988,0.00068573,5.1972927345136606e-14,0.92916099466262,0.0631204343784772,0.0065283011661788,0.0001827289850858,0.0001559454630459,0.0002812069316797,0.0005703854723108,2.9405497524619803e-09,,852.8540171791349,0.9966121409663564,0.457098237605088,0.9996038633206371,0.9999999999999999,5.206945985491984e-14
1191.773703,0.199367559,502.1570398,1407.063762,0.100543026,0.701847556,-10.09653158,-0.430489995,0.000686378,5.20306058940857e-14,0.92914932226943,0.0631240487403927,0.0065347776618968,0.0001829498391671,0.0001561531608846,0.0002815491044064,0.000571196282502,2.9412684043145704e-09,,851.6989989031284,0.9966065872547898,0.4564987476541746,0.9996028886276629,1.0,5.1958437552457326e-14
1189.675568,0.199365602,500.9973065,1407.061341,0.1005387,0.701831577,-10.09663017,-0.430588588,0.000687519,5.2132398528076205e-14,0.929128738525847,0.0631304118253347,0.0065462068646525,0.0001833396389222,0.000156519755589,0.0002821529970293,0.0005726274500391,2.94253379991658e-09,,849.6679186607611,0.9965968045243343,0.45544446232687197,0.9996011687066055,0.9999999999999997,5.2513549064769904e-14
1188.531131,0.199364534,500.3652075,1407.060016,0.100536341,0.70182286,-10.09668396,-0.430642377,0.00068814,5.2188072004810414e-14,0.929117489283087,0.0631338835601972,0.0065524574694111,0.0001835528486007,0.0001567202809078,0.0002824832933223,0.0005734103211975,2.94322431917438e-09,,848.5609981024802,0.9965914657629004,0.4548698365046225,0.9996002274032593,1.0000000000000002,5.1958437552457326e-14
1187.386694,0.199363465,499.7334491,1407.058689,0.10053398,0.701814141,-10.09673776,-0.430696173,0.000688762,5.22438519046439e-14,0.929106224632789,0.0631373559769006,0.0065587197598667,0.000183766477452,0.0001569212062316,0.0002828142274396,0.0005741947753534,2.9439150532175903e-09,,847.4547415877588,0.9965861220026259,0.4542955203135463,0.9995992846790779,1.0000000000000002,5.218048215738236e-14
1186.242257,0.199362395,499.1020312,1407.057359,0.10053162,0.701805422,-10.09679156,-0.430749976,0.000689383,5.2299738535025306e-14,0.929094944533053,0.0631408290749777,0.0065649937696712,0.0001839805266872,0.0001571225327105,0.0002831458012087,0.0005749808170329,2.9446060019218104e-09,,846.349148806459,0.9965807732435112,0.453721513662736,0.9995983398236435,0.9999999999999994,5.2735593669694936e-14
1185.09782,0.199361325,498.4709535,1407.056026,0.100529259,0.701796702,-10.09684537,-0.430803787,0.000690003,5.2355732206480905e-14,0.929083648942904,0.063144302852888,0.0065712795326197,0.0001841949975192,0.0001573242614924,0.0002834780164687,0.0005757684507586,2.9452971649645704e-09,,845.2442194695905,0.9965754244843967,0.45314781627946876,0.9995973928369565,1.0,5.240252676230739e-14
1183.99916,0.199360296,497.8654386,1407.05433,0.100526991,0.701788344,-10.09689707,-0.430855483,0.000690599,5.24095833929754e-14,0.92907278992112,0.0631476405222242,0.0065773249480504,0.0001844012936874,0.0001575178822587,0.000283797151209,0.0005765253354359,2.94596129507524e-09,,844.1855344173647,0.996570280677734,0.45259735741575147,0.9995961879686734,0.9999999999999992,5.3179682879545e-14
1182.9005,0.199359267,497.2602377,1407.05346,0.100524726,0.701779957,-10.09694871,-0.430907124,0.000691194,5.2463541254532513e-14,0.929061917835372,0.0631509744073735,0.0065833812682615,0.0001846079678032,0.0001577127127299,0.0002841176747687,0.0005772851870139,2.94662479781426e-09,,843.1246137993256,0.9965651368710715,0.4520471840017947,0.9995955699053444,1.0,5.2513549064769904e-14
1181.801841,0.199358237,496.6553495,1407.052173,0.100522459,0.701771583,-10.09700039,-0.430958803,0.000691789,5.25175948120522e-14,0.929051030682938,0.0631543111549478,0.0065894485055251,0.0001848150402518,0.000157907498823,0.0002844383971826,0.0005780457729897,2.9472889160690303e-09,,842.0657265016232,0.9965599880655687,0.45149729485580015,0.9995946555978676,0.9999999999999997,5.295763827461997e-14
1180.703181,0.199357207,496.0507744,1407.050884,0.100520191,0.701763209,-10.09705207,-0.431010488,0.000692384,5.257174825411301e-14,0.929040129171664,0.063157648459029,0.0065955266972574,0.0001850225054424,0.0001581026594928,0.0002847597177561,0.0005788078413518,2.9479532187402604e-09,,841.007450673071,0.9965548392600658,0.45094769034139803,0.9995937398695558,0.9999999999999993,5.3290705182007514e-14
1179.604522,0.199356176,495.4465122,1407.049592,0.100517924,0.701754833,-10.09710377,-0.431062181,0.000692978,5.2626001686122904e-14,0.929029213165536,0.0631609864164411,0.0066016158727313,0.0001852303647422,0.0001582981962757,0.0002850816376533,0.0005795713979499,2.9486177237460502e-09,,839.9497844249864,0.9965496854557226,0.45039837027677315,0.9995928220099911,0.9999999999999998,5.284661597215745e-14
1178.549808,0.199355186,494.8667152,1407.047965,0.100515746,0.701746808,-10.0971534,-0.431111816,0.000693549,5.2678178833487905e-14,0.929018721236832,0.0631641918311954,0.0066074718580714,0.0001854302827299,0.0001584858675256,0.0002853908844175,0.0005803050899199,2.94925590913402e-09,,838.9363370123709,0.9965447366038315,0.4498712909302423,0.9995916661605238,1.0000000000000002,5.229150445984487e-14
1177.495095,0.199354195,494.2872051,1407.047104,0.100513569,0.70173875,-10.09720304,-0.431161449,0.000694119,5.2730449734561805e-14,0.929008213743681,0.0631673970438278,0.0066133379923154,0.0001856305631729,0.0001586746846355,0.0002857014103701,0.0005810416120498,2.9498941251750204e-09,,837.9207743414031,0.9965397827531002,0.44934447239752134,0.9995910544909532,0.9999999999999993,5.340172748447003e-14
1176.440382,0.199353203,493.7079836,1407.045856,0.100511392,0.701730707,-10.09725268,-0.431211093,0.000694688,5.2782813076535407e-14,0.928997693906003,0.0631706032114625,0.0066192143468223,0.0001858312110383,0.0001588634522661,0.0002860121314484,0.0005817787903735,2.95053259634891e-09,,836.9071118224158,0.9965348239035284,0.4488179162240389,0.9995901678897637,0.9999999999999994,5.3290705182007514e-14
1175.385669,0.199352211,493.1290499,1407.044607,0.100509214,0.701722663,-10.09730233,-0.431260743,0.000695258,5.28352696180979e-14,0.928987160598581,0.0631738099543959,0.0066251009341471,0.0001860322259994,0.0001590525701413,0.0002863234109507,0.00058251735456,2.9511712489056204e-09,,835.8940105539464,0.9965298650539568,0.4482916216825344,0.9995892805781568,0.9999999999999996,5.3290705182007514e-14
1174.330956,0.199351218,492.5504039,1407.043354,0.100507036,0.701714619,-10.09735199,-0.431310399,0.000695827,5.28878196189553e-14,0.928976613792381,0.0631770172671697,0.006630997781786,0.0001862336090294,0.0001592420391727,0.0002866352503926,0.0005832573082052,2.95181008180109e-09,,834.881470375778,0.9965249012055447,0.44776558868210026,0.9995883904248791,0.9999999999999996,5.3290705182007514e-14
1173.318431,0.199350264,491.9951748,1407.041794,0.100504944,0.701706911,-10.09739966,-0.431358077,0.000696373,5.29383554229548e-14,0.928966477211935,0.0631800971099007,0.0066366684485563,0.000186427284975,0.0001594238885392,0.0002869348076044,0.0005839682960125,2.9524235871664503e-09,,833.9111938244088,0.9965201323119043,0.4472608434157348,0.9995872821733923,0.9999999999999997,5.3290705182007514e-14
1172.305906,0.19934931,491.4402095,1407.040944,0.100502853,0.701699171,-10.09744734,-0.431405756,0.000696919,5.2988978524924105e-14,0.928956325957378,0.063183176905295,0.0066423485918824,0.0001866212998551,0.0001596068075368,0.0002872355572204,0.000584681927742,2.95303714641644e-09,,832.9389651447472,0.9965153634182637,0.4467563379635312,0.9995866783184156,0.9999999999999998,5.3179682879545e-14
1171.293382,0.199348355,490.8855095,1407.039735,0.100500761,0.701691446,-10.09749503,-0.431453443,0.000697465,5.30396880218088e-14,0.928946163221282,0.0631862575447642,0.0066480382796356,0.0001868156577547,0.0001597896807142,0.0002875364899018,0.0005853961722435,2.95365093398151e-09,,831.9684867801092,0.996510589525783,0.44625207368910297,0.9995858194235133,0.9999999999999999,5.3179682879545e-14
1170.280857,0.199347399,490.3310742,1407.038524,0.10049867,0.701683721,-10.09754272,-0.431501136,0.00069801,5.3090484673761807e-14,0.928935987988352,0.0631893386417762,0.0066537375230711,0.0001870103582419,0.0001599728805539,0.0002878379443307,0.0005861117093559,2.9542648750775904e-09,,830.9985257420946,0.9965058106344619,0.44574805004700474,0.9995849591077758,0.9999999999999996,5.3512749786932545e-14
1169.268332,0.199346443,489.7769035,1407.037311,0.100496577,0.701675995,-10.09759042,-0.431548835,0.000698555,5.3141368473467e-14,0.928925800096893,0.0631924203257869,0.0066594463453027,0.0001872054025714,0.0001601564085657,0.0002881399211841,0.0005868285447643,2.95487899372562e-09,,830.0290797001651,0.9965010317431408,0.4452442669463289,0.999584097371203,1.0000000000000002,5.284661597215745e-14
1167.324285,0.199344606,488.7136369,1407.034976,0.10049256,0.701661158,-10.09768202,-0.431640432,0.000699601,5.3239310923343805e-14,0.928906203990376,0.063198338562825,0.0066704342290677,0.0001875808541348,0.0001605097041532,0.0002887211873691,0.0005882085159618,2.9560585542333302e-09,,828.1691900529048,0.9964918488735206,0.44427767714901006,0.9995824385460609,0.9999999999999993,5.395683899678261e-14
1165.380237,0.199342767,487.6513443,1407.032632,0.100488542,0.701646319,-10.09777364,-0.431732049,0.000700646,5.3337577556965704e-14,0.928886561153571,0.0632042586950276,0.0066814576951103,0.0001879575821275,0.0001608642172783,0.0002893043952922,0.0005895933043004,2.9572387190422304e-09,,826.3112009542112,0.9964826560062198,0.4433119727913943,0.9995807733271602,0.9999999999999994,5.384581669432009e-14
1163.475071,0.199340962,486.6112425,1407.030022,0.100484603,0.701631789,-10.09786344,-0.431821856,0.00070167,5.34341947840529e-14,0.928867266650254,0.0632100624253429,0.006692295398466,0.0001883280207739,0.0001612125037018,0.0002898775404732,0.0005909545025386,2.9583958992548504e-09,,824.4932632570058,0.9964736330994891,0.4423664415501675,0.9995789191371727,0.9999999999999998,5.362377208939506e-14
1161.608786,0.199339192,485.5932716,1407.028062,0.100480745,0.701617525,-10.09795143,-0.431909848,0.000702671,5.3529145176783605e-14,0.928848319821942,0.0632157492795917,0.0067029453569736,0.0001886920988938,0.0001615554683477,0.0002904413915746,0.0005922936230933,2.9595299843396103e-09,,822.712114212815,0.9964647851521685,0.44144102897169707,0.9995775267186381,1.0000000000000004,5.3179682879545e-14
1159.7425,0.199337421,484.5761968,1407.025789,0.100476885,0.701603272,-10.09803945,-0.43199786,0.000703672,5.3624398668813504e-14,0.928829330390665,0.0632214379997416,0.0067136286062769,0.0001890573713485,0.0001618992478545,0.0002910067668906,0.0005936366565043,2.9606646504630803e-09,,820.9337624490136,0.9964559322060077,0.440516431015935,0.9995759119393883,0.9999999999999996,5.4067861299245124e-14
1158.622729,0.199336356,483.9663815,1407.024421,0.100474569,0.70159472,-10.09809226,-0.432050677,0.000704272,5.3681696886554205e-14,0.928817915678697,0.0632248520752812,0.0067200545951186,0.0001892771102567,0.0001621060643592,0.0002913468671685,0.0005944446477189,2.96134571807913e-09,,819.8675896206769,0.9964506084410946,0.4399620627632043,0.9995749400880846,0.9999999999999994,5.4289905904170155e-14
1157.502957,0.199335292,483.3568881,1407.023051,0.100472253,0.701586166,-10.09814509,-0.4321035,0.000704872,5.37391050885963e-14,0.928806485126185,0.0632282667803235,0.006726492655894,0.0001894972822625,0.0001623132939839,0.0002916876261537,0.0005952542731164,2.9620269860292903e-09,,818.8020448849313,0.9964452896750218,0.4394079871419319,0.9995739668159455,0.9999999999999996,5.417888360170764e-14
1156.383186,0.199334226,482.7477166,1407.021678,0.100469936,0.701577612,-10.09819792,-0.43215633,0.000705471,5.37966235854527e-14,0.928795038685247,0.0632316821189651,0.00673294282345,0.000189717888635,0.0001625209378936,0.000292029045671,0.000596065537376,2.9627084550397603e-09,,817.7371280393621,0.9964399609112683,0.43885420415211784,0.9995729914125536,1.0000000000000002,5.3734794391857577e-14
1155.263415,0.19933316,482.1388667,1407.020302,0.100467619,0.701569057,-10.09825075,-0.432209167,0.00070607,5.3854252637391007e-14,0.928783576279152,0.0632350981235485,0.0067394051324155,0.0001899389307292,0.0001627289974541,0.0002923711274491,0.0005968784458077,2.96339013109662e-09,,816.6728382738943,0.9964346321475149,0.43830071352103944,0.9995720138779087,1.0,5.395683899678261e-14
1154.143644,0.199332093,481.5303384,1407.018923,0.100465302,0.701560501,-10.0983036,-0.432262011,0.000706669,5.3911992747926605e-14,0.928772097965146,0.0632385146934674,0.0067458796191963,0.0001901604095241,0.000162937473345,0.0002927138739174,0.0005976930012774,2.9640719954231603e-09,,815.609176897362,0.9964292983849211,0.4377475152486967,0.9995710342120112,0.9999999999999996,5.440092820663267e-14
1153.068663,0.199331068,480.9464534,1407.017187,0.100463076,0.7015523,-10.09835436,-0.432312772,0.000707243,5.3967524752524e-14,0.928761063476393,0.0632417970364003,0.0067521066138228,0.0001903734469225,0.0001631375722897,0.0002930431329658,0.0005984757564244,2.96472712009768e-09,,814.5900175285996,0.9964241745736198,0.4372167196008248,0.9995698009270233,0.9999999999999996,5.440092820663267e-14
1151.993683,0.199330042,480.3628647,1407.016268,0.100460852,0.701544071,-10.09840508,-0.432363491,0.000707818,5.40231657825144e-14,0.928750014582316,0.0632450763540132,0.0067583448968466,0.0001905868783824,0.0001633389199134,0.0002933738160565,0.0005992615870358,2.9653817512594603e-09,,813.5687032536632,0.9964190457634781,0.43668619331207414,0.9995691480532308,0.9999999999999997,5.440092820663267e-14
1150.918702,0.199329016,479.7795718,1407.014937,0.100458627,0.701535855,-10.09845583,-0.432414239,0.000708392,5.4078906903802606e-14,0.928738950693355,0.0632483580116342,0.00676459449701,0.0001908007212244,0.0001635402233138,0.0002937047126429,0.0006000481747282,2.96603689783452e-09,,812.549333349119,0.9964139169533364,0.43615593592790675,0.9995682024873789,0.9999999999999993,5.473399511402022e-14
1149.843722,0.199327989,479.1965746,1407.013603,0.100456402,0.701527638,-10.09850658,-0.432464995,0.000708965,5.41347513957083e-14,0.928727871907685,0.063251640265774,0.0067708554462461,0.0001910149713202,0.0001637419151377,0.0002940362282901,0.0006008362988004,2.9666922318423703e-09,,811.5305403064323,0.9964087831443544,0.4356259473574152,0.9995672547902742,0.9999999999999999,5.4289905904170155e-14
1148.768741,0.199326961,478.6138731,1407.012266,0.100454176,0.701519421,-10.09855734,-0.432515757,0.000709539,5.4190699561889013e-14,0.928716778193626,0.0632549231082856,0.0067771277763615,0.0001912296297888,0.000163943996423,0.0002943683647544,0.0006016259633584,2.96734775173453e-09,,810.5123240052525,0.9964036443365321,0.43509622760059935,0.9995663049619166,0.9999999999999997,5.4511950509095186e-14
1147.73676,0.199325974,478.0547582,1407.0106,0.100452039,0.701511547,-10.09860609,-0.432564499,0.000710089,5.4244507057326504e-14,0.928706115258946,0.0632580755870602,0.0067831599648302,0.000191436088571,0.0001641379528578,0.0002946874312722,0.000602384748431,2.9679773024417804e-09,,809.5366578835839,0.9963987104811618,0.4345879498479934,0.9995651214061622,0.9999999999999999,5.440092820663267e-14
1146.704779,0.199324986,477.4959143,1407.009692,0.100449902,0.701503641,-10.09865482,-0.432613237,0.000710639,5.4298411813061904e-14,0.928695436317856,0.063261227766292,0.0067892026703184,0.0001916429228622,0.0001643330879789,0.0002950078136306,0.0006031464524009,2.96860686174227e-09,,808.5589651932181,0.9963937716269514,0.4340799184548942,0.9995644763469634,1.0000000000000002,5.417888360170764e-14
1145.672798,0.199323998,476.9373432,1407.008402,0.100447765,0.70149575,-10.09870357,-0.432661986,0.000711188,5.4352412290593914e-14,0.928684744591659,0.0632643809154976,0.0067952559648652,0.0001918501380878,0.0001645281761033,0.0002953284024602,0.0006039088420361,2.9692366748621104e-09,,807.5830820408697,0.9963888327727408,0.4335721350576379,0.9995635599082339,1.0000000000000002,5.4289905904170155e-14
1144.640816,0.199323009,476.379044,1407.007109,0.100445627,0.701487858,-10.09875233,-0.43271074,0.000711738,5.4406509484634503e-14,0.92867403903384,0.0632675345371984,0.0068013198632963,0.0001920577335909,0.0001647236267001,0.0002956495699974,0.000604672665456,2.96986664615837e-09,,806.6077305801433,0.99638388891969,0.4330645988380564,0.9995626413382515,1.0000000000000002,5.417888360170764e-14
1143.608835,0.199322019,475.8210166,1407.005813,0.10044349,0.701479966,-10.09880109,-0.432759501,0.000712287,5.4460703433338406e-14,0.928663319486477,0.063270688752251,0.0068073943926667,0.00019226571075,0.0001649194413823,0.0002959713171534,0.000605437928768,2.9704967981446403e-09,,805.63290867116,0.9963789400677988,0.43255730970524214,0.9995617206370163,0.9999999999999998,5.46229728115577e-14
1141.627431,0.199320117,474.7503657,1407.003319,0.100439385,0.701464811,-10.09889472,-0.432853137,0.000713341,5.4565028465150703e-14,0.928642698865901,0.0632767462526341,0.0068190873979831,0.0001926660998007,0.0001652964284281,0.0002965907035236,0.0006069112799675,2.9717071486345e-09,,803.76273821151,0.9963694322735596,0.4315840070204496,0.9995599488554726,0.9999999999999998,5.473399511402022e-14
1139.646027,0.199318213,473.6807156,1407.000816,0.100435279,0.701449653,-10.09898838,-0.432946794,0.000714393,5.4669713512420514e-14,0.928622026568292,0.0632828056591078,0.0068308199064229,0.0001930679061351,0.0001656747667281,0.0002972122448401,0.000608389975501,2.9729181124114203e-09,,801.8945218803269,0.9963599144816397,0.4306116141385881,0.9995581706801705,0.9999999999999997,5.495603971894525e-14
1137.704251,0.199316344,472.6334293,1406.998026,0.100431254,0.701434811,-10.09908019,-0.433038601,0.000715424,5.4772655570024906e-14,0.928601718353821,0.0632887460155698,0.0068423563021407,0.0001934630595772,0.0001660465002537,0.0002978231356681,0.0006098436588094,2.97410550797925e-09,,800.0666511012138,0.9963505716491302,0.4296595516432066,0.9995561886150114,1.0,5.46229728115577e-14
1135.802104,0.199314511,471.6084456,1406.995933,0.100427311,0.70142024,-10.09917014,-0.433128549,0.000716433,5.4873835960280514e-14,0.928581773828745,0.0632945664818495,0.0068536943965389,0.0001938514803996,0.0001664126236381,0.0002984242214875,0.0006112739920169,2.9752691561090803e-09,,798.2757465703944,0.9963414087748712,0.42872776389887407,0.9995547017109332,0.9999999999999996,5.5289106626332796e-14
1133.899956,0.199312676,470.5843825,1406.993504,0.100423368,0.701405682,-10.09926011,-0.433218519,0.000717441,5.4975352935971505e-14,0.928561782034743,0.0633003889555839,0.0068650694713181,0.0001942412285219,0.0001667796555112,0.0002990270027189,0.0006127086751142,2.9764334180110903e-09,,796.4877260755225,0.9963322359029316,0.4277968130496038,0.9995529761065349,0.9999999999999996,5.540012892879531e-14
1132.073894,0.199310913,469.6021469,1406.991164,0.100419581,0.701391704,-10.0993465,-0.433304909,0.000718408,5.5073127696619006e-14,0.928542544196788,0.0633059802122324,0.0068760244927539,0.0001946166408431,0.0001671332017676,0.0002996075788403,0.0006140906991675,2.97755164587936e-09,,794.7729146951798,0.9963234229474932,0.42690388656294154,0.9995513137293047,0.9999999999999996,5.551115123125783e-14
1130.247832,0.199309147,468.6207579,1406.988816,0.100415794,0.701377724,-10.0994329,-0.433391316,0.000719374,5.5171216030862405e-14,0.928523261410867,0.0633115730714139,0.0068870139185688,0.000194993287595,0.0001674879247423,0.0003001900314856,0.0006154773766015,2.97867039065263e-09,,793.0597566141589,0.9963145949955339,0.4260117296997419,0.9995496456687336,0.9999999999999998,5.540012892879531e-14
1128.239164,0.199307203,467.5422071,1406.986224,0.100411627,0.701362344,-10.09952797,-0.433486385,0.000720435,5.5279477146164514e-14,0.928501998161593,0.0633177270875488,0.0068991422221648,0.0001954090319973,0.0001678794859713,0.0003008329073778,0.00061700812339,2.97990161047092e-09,,791.1771905588998,0.9963048772500023,0.4250312454080599,0.9995478042662632,1.0,5.5289106626332796e-14
1127.143527,0.199306141,466.9543378,1406.984806,0.100409354,0.701353953,-10.09957984,-0.433538249,0.000721014,5.5338690068257714e-14,0.928490376886916,0.0633210846491087,0.0069057753709763,0.0001956364371776,0.0001680936706388,0.0003011845328618,0.0006178454716915,2.9805734498923503e-09,,790.1511780496163,0.99629956848161,0.42449682772999414,0.9995467968940783,0.9999999999999993,5.595524044110789e-14
1126.04789,0.199305079,466.3667726,1406.983386,0.10040708,0.701345562,-10.09963171,-0.43359012,0.000721592,5.5398017337000514e-14,0.928478739215974,0.0633244427980462,0.0069124210676477,0.0001958642926362,0.0001683082845338,0.0003015368426328,0.0006186845172283,2.98124547718006e-09,,789.1257593098388,0.9962942597132177,0.42396268650183966,0.9995457881010584,0.9999999999999999,5.551115123125783e-14
1124.952253,0.199304016,465.7795115,1406.981962,0.100404806,0.701337171,-10.09968358,-0.433641997,0.00072217,5.54574593781015e-14,0.928467085153215,0.063327801484478,0.0069190793492996,0.000196092599541,0.0001685233286301,0.0003018898389293,0.0006195252639338,2.98191768296442e-09,,788.1009348448043,0.9962889459459852,0.42342882172359664,0.9995447764663679,1.0,5.540012892879531e-14
1123.856615,0.199302952,465.1925542,1406.980535,0.100402533,0.701328778,-10.09973547,-0.433693881,0.000722748,5.55170163118068e-14,0.928455414537435,0.0633311608224145,0.0069257502511044,0.0001963213595478,0.0001687388047986,0.0003022435231269,0.0006203677189267,2.9825900885357e-09,,787.0767026016724,0.9962836271799124,0.4228952331225423,0.9995437627004244,0.9999999999999996,5.595524044110789e-14
1122.804804,0.19930193,464.6293617,1406.978756,0.100400349,0.701320739,-10.09978528,-0.433743696,0.000723303,5.5574299464194205e-14,0.928444196738989,0.0633343864556338,0.0069321662450652,0.0001965413970932,0.0001689456175145,0.0003025833046666,0.0006211772577463,2.9832357989602104e-09,,786.0953300972337,0.9962785183651317,0.42238324852298226,0.9995424988674789,1.0000000000000002,5.551115123125783e-14
1121.752992,0.199300907,464.0664474,1406.977788,0.100398166,0.701312662,-10.0998351,-0.433793516,0.000723857,5.5631689440889006e-14,0.928432960665227,0.0633376122990153,0.0069385938977272,0.0001967618529327,0.0001691537333318,0.0003029245339,0.0006219900339288,2.9838816150195203e-09,,785.1118400944032,0.996273404551511,0.42187151682827384,0.9995418111832229,1.0,5.551115123125783e-14
1120.70118,0.199299883,463.5038136,1406.976411,0.100395982,0.701304603,-10.09988493,-0.433843342,0.000724411,5.5689186219321206e-14,0.928421710775689,0.0633408388425666,0.0069450333009353,0.0001969827304899,0.0001693617989009,0.000303265997919,0.0006228035689155,2.98452763645717e-09,,784.1302280345351,0.9962682857390499,0.42136004012929096,0.9995408329381608,0.9999999999999996,5.617728504603292e-14
1119.649369,0.199298859,462.9414593,1406.97503,0.100393799,0.701296544,-10.09993476,-0.433893173,0.000724964,5.57467902912714e-14,0.92841044557435,0.063344065877736,0.0069514844684802,0.0001972040300688,0.0001695702665909,0.0003036081036419,0.0006236186939021,2.98517382151464e-09,,783.1491624699842,0.9962631669265888,0.420848817516958,0.9995398518514278,0.9999999999999996,5.617728504603292e-14
1118.597557,0.199297834,462.3793844,1406.973647,0.100391615,0.701288484,-10.0999846,-0.433943011,0.000725518,5.58045017570013e-14,0.928399164912001,0.0633472935111368,0.0069579474320192,0.0001974257531756,0.0001697791381127,0.0003039508522852,0.0006244354153929,2.98582019011933e-09,,782.1686415052213,0.9962580431152874,0.4203378489003674,0.9995388693438597,0.9999999999999993,5.651035195342047e-14
1117.587818,0.19929685,461.840056,1406.97194,0.100389518,0.701280763,-10.10003245,-0.43399086,0.000726049,5.5860006331566613e-14,0.928388322479892,0.0633503925677935,0.0069641630261946,0.0001976390070662,0.0001699796135197,0.0003042801209587,0.0006252201980781,2.9864408726431103e-09,,781.2290837463179,0.9962531242564381,0.4198475585735159,0.9995376566609827,0.9999999999999996,5.6288307348495437e-14
1116.578079,0.199295865,461.3009834,1406.970984,0.100387421,0.701273006,-10.1000803,-0.434038716,0.000726579,5.5915610415976407e-14,0.928377462810823,0.0633534919829504,0.0069703895134046,0.000197852652378,0.0001701813061918,0.0003046107399007,0.000626008007234,2.987061683305e-09,,780.287570981135,0.9962482003987484,0.4193575007882209,0.9995369775017383,1.0000000000000002,5.573319583618286e-14
1115.56834,0.199294879,460.7621686,1406.969649,0.100385323,0.701265267,-10.10012816,-0.434086576,0.00072711,5.597131448911141e-14,0.928366590340521,0.0633565919428796,0.0069766269817114,0.0001980666914654,0.0001703829520011,0.0003049415794937,0.0006267965241889,2.9876826642244503e-09,,779.3477893051428,0.9962432715422186,0.41886767736263375,0.9995360290942159,0.9999999999999998,5.617728504603292e-14
1114.5586,0.199293893,460.223611,1406.968311,0.100383226,0.701257527,-10.10017603,-0.434134441,0.00072764,5.6027118722862704e-14,0.928355703525587,0.0633596924004456,0.0069828754410598,0.0001982811250112,0.0001705849737609,0.000305273018339,0.0006275865274369,2.98830380411955e-09,,778.4085094822873,0.9962383426856886,0.4183780877513091,0.9995350785554408,1.0000000000000002,5.573319583618286e-14
1113.548861,0.199292906,459.6853102,1406.96697,0.100381128,0.701249786,-10.1002239,-0.434182312,0.00072817,5.6083023430314e-14,0.928344802351053,0.0633627933333962,0.0069891349214944,0.0001984959540214,0.0001707873723615,0.0003056050581627,0.0006283780205297,2.98892509879281e-09,,777.4697316488595,0.9962334088303183,0.41788873159061657,0.9995341258854126,1.0000000000000002,5.5844218138645374e-14
1111.610162,0.199291009,458.6524927,1406.964389,0.1003771,0.701234922,-10.10031583,-0.434274239,0.000729187,5.6190643121801704e-14,0.928323831709519,0.0633687484530757,0.0070011841277547,0.0001989095382189,0.0001711770377685,0.0003062442652491,0.0006299018782393,2.9901184175287702e-09,,775.6686846003671,0.9962239260302805,0.41694982232929645,0.999532292297536,0.9999999999999998,5.639932965095795e-14
1109.671463,0.199289109,457.6206211,1406.961799,0.100373072,0.701220056,-10.10040777,-0.434366186,0.000730203,5.62986359641796e-14,0.928302807633688,0.0633747054173642,0.0070132742836136,0.0001993245921587,0.0001715681038796,0.0003068857047332,0.0006314312731939,2.99131232377078e-09,,773.8694843629875,0.9962144282337219,0.41601177296265307,0.9995304523159009,0.9999999999999999,5.639932965095795e-14
1107.771538,0.199287246,456.6103042,1406.958927,0.100369122,0.701205498,-10.10049791,-0.434456327,0.000731198,5.6404831288351405e-14,0.928282152368271,0.0633805459434426,0.0070251625777322,0.0001997327813421,0.0001719523528211,0.0003075161603261,0.0006329348235253,2.99248309466262e-09,,772.1090889512022,0.996205115394254,0.41509331844936465,0.999528411996497,1.0,5.639932965095795e-14
1105.910386,0.199285417,455.6214852,1406.956747,0.100365254,0.70119121,-10.10058621,-0.434544619,0.000732172,5.6509214054988105e-14,0.928261867805619,0.0633862669179126,0.0070368467722115,0.0002001340163289,0.0001723307926345,0.0003081365086132,0.0006344141929934,2.9936301257316902e-09,,770.3843008864922,0.9961959725153562,0.4141944071539332,0.999526863286086,0.9999999999999997,5.684341886080802e-14
1104.049235,0.199283587,454.633536,1406.954233,0.100361384,0.701176933,-10.10067453,-0.434632942,0.000733144,5.6613944483227206e-14,0.928241533703975,0.0633919904937306,0.0070485692955306,0.0002005366297803,0.0001727101813466,0.000308758613768,0.0006358980870341,2.9947778687303e-09,,768.6622413902767,0.9961868246376182,0.41329628657251993,0.9995250772961899,0.9999999999999996,5.706546346573305e-14
1102.26253,0.199281828,453.6859223,1406.951812,0.100357669,0.701163224,-10.10075934,-0.434717749,0.000734078,5.67148158911345e-14,0.928221965733136,0.0633974867127625,0.0070598591515249,0.000200924439233,0.0001730756337985,0.000309357809782,0.0006373275238258,2.99588020819377e-09,,767.0106605256102,0.9961780316775408,0.4124348340128143,0.9995233573751325,0.9999999999999997,5.706546346573305e-14
1100.475825,0.199280067,452.739109,1406.949382,0.100353952,0.701149515,-10.10084416,-0.434802573,0.00073501,5.6816012528324113e-14,0.928202351369921,0.0634029843902117,0.0070711846773398,0.0002013135286818,0.0001734423056617,0.0003099589504986,0.0006387617806449,2.99698302540647e-09,,765.36064359618,0.9961692287197831,0.4115741090772752,0.9995216310603166,0.9999999999999994,5.739853037312059e-14
1098.510449,0.199278127,451.6985378,1406.9467,0.100349864,0.701134432,-10.10093748,-0.434895898,0.000736035,5.69277063734418e-14,0.928180721738308,0.0634090335088925,0.0070836841612482,0.0002017430128866,0.0001738470600869,0.0003106224626238,0.0006403450577005,2.99819667385713e-09,,763.5474301566913,0.9961595309696126,0.4106281511159287,0.9995197257202604,1.0,5.684341886080802e-14
1097.438426,0.199277068,451.1313611,1406.945233,0.100347634,0.701126204,-10.1009884,-0.434946811,0.000736593,5.698879765543912e-14,0.928168899849822,0.0634123338035376,0.0070905204240227,0.0002019779360632,0.0001740684631777,0.0003109853792403,0.0006412111452206,2.99885891332746e-09,,762.559200511024,0.9961542371977412,0.41011254457708235,0.9995186835376122,1.0,5.684341886080802e-14
1096.366403,0.199276008,450.5644719,1406.943763,0.100345403,0.701117975,-10.10103932,-0.43499773,0.000737152,5.7050007472825e-14,0.928157061000484,0.0634156346693863,0.0070973696965747,0.0002022133262772,0.0001742903112916,0.0003113490048477,0.0006420789915604,2.99952133329279e-09,,761.5715320207241,0.9961489384270296,0.40959719939749123,0.9995176392237113,1.0000000000000004,5.67323965583455e-14
1095.29438,0.199274948,449.99787,1406.94229,0.100343172,0.701109746,-10.10109024,-0.435048655,0.00073771,5.711133640422502e-14,0.928145205264448,0.0634189359856408,0.0071042320184895,0.0002024491845315,0.0001745126050577,0.0003117133421725,0.0006429485994191,3.0001839110015e-09,,760.5844262190933,0.9961436396563179,0.40908211539534023,0.9995165927785573,1.0000000000000002,5.695444116327053e-14
1094.222356,0.199273886,449.4315554,1406.940814,0.100340941,0.701101516,-10.10114117,-0.435099586,0.000738268,5.71727844890768e-14,0.928133332431952,0.0634222379124528,0.0071111074258546,0.0002026855126884,0.0001747353466661,0.0003120783923886,0.0006438199770934,3.00084667652883e-09,,759.5978804703637,0.9961383308879257,0.40856729257062935,0.9995155442021506,0.9999999999999998,5.739853037312059e-14
1093.193214,0.199272867,448.8881636,1406.93899,0.100338799,0.70109363,-10.10119009,-0.435148504,0.000738803,5.72318846944336e-14,0.928121918738625,0.0634254096791754,0.0071177201680473,0.0002029128354393,0.0001749491440313,0.0003124290920453,0.0006446573410957,3.0014833628214104e-09,,758.6525805031367,0.9961332370696659,0.4080733083056983,0.9995142484004123,0.9999999999999999,5.728750807065808e-14
1092.164072,0.199271846,448.345036,1406.937971,0.100336657,0.701085713,-10.10123898,-0.435197389,0.000739338,5.729110076170881e-14,0.928110488837694,0.0634285789811137,0.0071243450340518,0.000203140584001,0.0001751642688539,0.0003127812966891,0.0006454979954192,3.0021196483143902e-09,,757.7052866635142,0.9961281332537257,0.40757956421855945,0.9995135244848578,0.9999999999999996,5.773159728050814e-14
1091.13493,0.199270825,447.8021729,1406.936545,0.100334515,0.701077811,-10.10128788,-0.435246298,0.000739872,5.73504250622525e-14,0.928099043331234,0.0634317502618057,0.0071309820669141,0.0002033687739326,0.0001753793532124,0.000313133742347,0.00064633946774,3.0027563753397104e-09,,756.759764512168,0.9961230294377855,0.4070860605819354,0.999512511429332,0.9999999999999996,5.784261958297066e-14
1090.105788,0.199269803,447.2595741,1406.935117,0.100332372,0.701069908,-10.1013368,-0.435295214,0.000740407,5.74098605269349e-14,0.928087581946503,0.0634349220544918,0.0071376312977677,0.0002035974017379,0.0001755948547259,0.0003134868527364,0.0006471825885867,3.0033932657882604e-09,,755.8147583288245,0.996117920623005,0.4065927972140111,0.9995114969529709,1.0,5.750955267558311e-14
1089.076645,0.199268781,446.7172394,1406.933685,0.10033023,0.701062004,-10.10138572,-0.435344134,0.000740941,5.74694075829267e-14,0.928076104699582,0.06343809430038,0.0071442927617978,0.0002038264684773,0.0001758107742389,0.0003138406300443,0.0006480273613918,3.0040303085632302e-09,,754.8702687567552,0.9961128118082245,0.4060997739329713,0.9995104796349394,1.0,5.750955267558311e-14
1087.100692,0.199266816,445.6766967,1406.930929,0.100326115,0.701046828,-10.10147966,-0.435438076,0.000741966,5.758405174472992e-14,0.928054023681812,0.0634441863615112,0.007157117190392,0.000204267511841,0.000176226516215,0.000314521758402,0.0006496539745148,3.00525387235419e-09,,753.0582949001698,0.9961029890870468,0.4051538418802814,0.9995085217239795,0.9999999999999993,5.828670879282072e-14
1085.124739,0.199264848,444.6371265,1406.928163,0.100322,0.70103165,-10.10157363,-0.435532039,0.00074299,5.769911047261561e-14,0.928031883613265,0.0634502801990029,0.0071699870873011,0.0002047101870671,0.0001766438124249,0.0003152053648709,0.0006512867295325,3.0064780171860904e-09,,751.2482214681842,0.996093151369348,0.40420879390368114,0.9995065567088433,1.0000000000000002,5.739853037312059e-14
1083.188305,0.199262917,443.6192905,1406.925095,0.100317965,0.701016786,-10.10166574,-0.435624156,0.000743993,5.7812270318607e-14,0.928010129062349,0.0634562550528252,0.0071826439422731,0.0002051456044491,0.0001770538810497,0.0003158773501545,0.0006528920991627,3.007678464711e-09,,749.477259541831,0.9960834986087402,0.4032835039595186,0.9995043771475859,0.9999999999999996,5.81756864903582e-14
1081.291391,0.199261022,442.6231304,1406.922766,0.100314014,0.701002198,-10.10175597,-0.435714381,0.000744974,5.792351521325032e-14,0.927988762355205,0.0634621072649143,0.0071950852835565,0.0002055736640957,0.0001774578309339,0.0003165386790065,0.000654471913375,3.0088545058373e-09,,747.7420930851873,0.996074025806383,0.4023779190486824,0.9995027225849494,0.9999999999999993,5.861977570020827e-14
1079.394476,0.199259126,441.6278643,1406.92008,0.100310061,0.700987622,-10.10184623,-0.435804639,0.000745955,5.80351462422412e-14,0.927967340688795,0.0634679622792991,0.0072075692082322,0.0002060032558316,0.0001778628385012,0.0003172019620069,0.000656056757244,3.0100313030380303e-09,,746.0097415539266,0.9960645480051855,0.40147314685149565,0.9995008144032229,0.9999999999999994,5.861977570020827e-14
1077.573437,0.199257303,440.6732493,1406.917493,0.100306266,0.700973626,-10.10193289,-0.435891305,0.000746895,5.81426792186046e-14,0.927946723659621,0.063473584602258,0.0072195940427237,0.0002064171090906,0.0001782530219742,0.0003178409080896,0.0006575836450232,3.0111615254541e-09,,744.3483267525587,0.9960554351193294,0.4006053295802981,0.9994989765528405,1.0,5.806466418789569e-14
1075.752399,0.199255477,439.7194569,1406.914896,0.10030247,0.700959629,-10.10201957,-0.435977986,0.000747835,5.82505737241217e-14,0.927926055209258,0.0634792084069605,0.0072316585243284,0.0002068323853429,0.0001786445604713,0.0003184820146826,0.0006591158866055,3.01229223526453e-09,,742.6885197908326,0.9960463072369524,0.39973826011474706,0.9994971315982821,0.9999999999999998,5.850875339774575e-14
1073.967781,0.199253687,438.7855385,1406.912045,0.10029875,0.700945925,-10.10210453,-0.436062943,0.000748755,5.835666387478682e-14,0.927905751729349,0.063484720738021,0.0072435203979782,0.0002072407424682,0.0001790292356573,0.0003191120959867,0.0006606220470803,3.0134007228639903e-09,,741.06439579878,0.9960373593128262,0.3988892576190716,0.9994951061976483,0.9999999999999998,5.861977570020827e-14
1072.219585,0.19925193,437.8714428,1406.909833,0.100295104,0.70093247,-10.10218778,-0.436146196,0.000749656,5.84609270062815e-14,0.927885810863819,0.0634901227754798,0.0072551774377814,0.0002076421063808,0.0001794080349098,0.0003197319637426,0.0006621038033409,3.0144871943078504e-09,,739.473075234701,0.9960285763504295,0.3980582754576899,0.9994935347538733,1.0,5.850875339774575e-14
1070.471388,0.199250171,436.9581043,1406.907314,0.100291459,0.700919029,-10.10227104,-0.436229456,0.000750555,5.8565529337513e-14,0.927865823659035,0.0634955257378745,0.0072668715864853,0.0002080448002739,0.0001797877478054,0.0003203535424939,0.0006635899103996,3.0155740326638803e-09,,737.8841612290894,0.9960197833903524,0.39722798164840584,0.9994917452118892,1.0000000000000004,5.828670879282072e-14
1069.42247,0.199249114,436.410464,1406.905799,0.100289271,0.700910963,-10.10232101,-0.43627942,0.000751095,5.862845376359631e-14,0.927853808173965,0.0634987681608519,0.0072739059525289,0.0002082870582486,0.0001800161863927,0.0003207274637677,0.0006644839879601,3.0162263490817e-09,,736.9315222166371,0.9960144996161615,0.39673013517548866,0.9994906689291952,0.9999999999999999,5.873079800267078e-14
1068.373552,0.199248057,435.8630956,1406.90428,0.100287083,0.700902896,-10.10237098,-0.436329389,0.000751634,5.8691500904186e-14,0.927841775259862,0.0635020110646554,0.0072809537742675,0.000208529799173,0.0001802450848223,0.0003211021182488,0.0006653798820336,3.0168788248792904e-09,,735.9794147752308,0.9960092158419707,0.3962325358802463,0.9994895898048309,1.0,5.861977570020827e-14
1067.324634,0.199246999,435.3159991,1406.902759,0.100284895,0.70089483,-10.10242095,-0.436379363,0.000752174,5.87546711186985e-14,0.927829724867146,0.0635052544493734,0.0072880150911837,0.0002087730244704,0.0001804744443927,0.0003214775080264,0.0006662775978163,3.0175314600344603e-09,,735.0278387863808,0.9960039270689396,0.39573518376267874,0.9994885092596313,0.9999999999999991,5.96189764223709e-14
1066.275716,0.199245941,434.7691743,1406.901234,0.100282707,0.700886762,-10.10247093,-0.436429343,0.000752712,5.88179647702209e-14,0.927817656947035,0.0635084983139376,0.0072950899429295,0.0002090167355657,0.0001807042664498,0.0003218536352479,0.0006671771405911,3.0181842543073504e-09,,734.0767940212887,0.9959986382959085,0.3952380786409708,0.9994874258727611,0.9999999999999997,5.917488721252084e-14
1065.226798,0.199244881,434.222621,1406.899706,0.100280518,0.700878694,-10.10252091,-0.436479328,0.000753251,5.88813822233116e-14,0.927805571450577,0.0635117426572502,0.0073021783693126,0.0002092609338895,0.0001809345523444,0.0003222305020693,0.0006680785156607,3.0188372074528e-09,,733.1262802517308,0.9959933395251969,0.39474122033330755,0.9994863403546381,0.9999999999999997,5.917488721252084e-14
1064.219836,0.199243863,433.6981856,1406.897836,0.100278416,0.700870964,-10.10256892,-0.436527334,0.000753768,5.894237777275491e-14,0.927793953410571,0.0635148588056704,0.0073089960744816,0.0002094958278054,0.0001811555933989,0.000322592561596,0.0006689447069527,3.0194644068359103e-09,,732.2154937806486,0.9959882507057775,0.39426446887041683,0.9994850118736893,0.9999999999999993,5.950795411990839e-14
1063.212875,0.199242845,433.1739996,1406.896764,0.100276316,0.700863203,-10.1026169,-0.436575315,0.000754284,5.90034921160014e-14,0.927782317847352,0.0635179731341932,0.0073158263469101,0.000209731165735,0.0001813780064768,0.0003229561675612,0.0006698143116208,3.02009132190202e-09,,731.3027814306057,0.9959831618863582,0.3937879441309984,0.999484250306001,0.9999999999999992,5.972999872483342e-14
1062.205914,0.199241826,432.6500639,1406.895289,0.100274214,0.700855456,-10.1026649,-0.436623316,0.000754801,5.906471952518501e-14,0.92777066657088,0.0635210890306459,0.0073226692454014,0.000209966960382,0.0001816003796361,0.0003233200305275,0.0006706847617496,3.0207185978890804e-09,,730.3917652640373,0.9959780680680985,0.39331164693322024,0.9994832024400119,1.0000000000000002,5.895284260759581e-14
1061.198952,0.199240806,432.1263781,1406.89381,0.100272113,0.700847709,-10.10271291,-0.436671322,0.000755317,5.91260623456028e-14,0.9277589989191,0.0635242053645745,0.0073295247979914,0.0002102032092242,0.0001818231851465,0.0003236845828906,0.0006715569196674,3.02134601944998e-09,,729.4812376427126,0.9959729692509985,0.3928355769134521,0.9994821517323522,0.9999999999999997,5.950795411990839e-14
1060.191991,0.199239785,431.602942,1406.892329,0.100270011,0.700839961,-10.10276092,-0.436719332,0.000755833,5.918752090732641e-14,0.927747314848537,0.0635273221343326,0.0073363930405893,0.0002104399135498,0.0001820464242213,0.0003240498265976,0.0006724307901394,3.0219735862404903e-09,,728.5711983762609,0.9959678654350583,0.39235973388987894,0.9994810996038573,0.9999999999999998,5.950795411990839e-14
1058.258625,0.199237823,430.5986443,1406.889477,0.100265975,0.700825085,-10.10285311,-0.436811527,0.000756823,5.93058469983886e-14,0.927724835243765,0.0635333075519938,0.0073496157710869,0.0002108956674181,0.0001824762631198,0.0003247530396473,0.0006741134397304,3.02317892108314e-09,,726.8252911391776,0.9959580577104015,0.39144675128486645,0.9994790734928058,0.9999999999999997,5.96189764223709e-14
1056.325259,0.199235858,429.5952661,1406.886613,0.100261938,0.700810207,-10.10294533,-0.436903739,0.000757811,5.942460331840241e-14,0.927702294630913,0.06353929456862,0.0073628856714066,0.0002113531143843,0.0001829077135299,0.0003254588223257,0.0006758024543759,3.0243847894823805e-09,,725.081181982399,0.9959482349892236,0.390534604574933,0.9994770388567429,0.9999999999999996,5.984102102729594e-14
1054.430561,0.199233931,428.6128472,1406.883452,0.100257981,0.700795638,-10.10303572,-0.436994137,0.00075878,5.95414026378489e-14,0.927680145978564,0.0635451642671803,0.00737593619486,0.0002118030670105,0.000183331696312,0.0003261526221318,0.0006774631483145,3.02556722409109e-09,,723.3747253737217,0.995938602223977,0.3896415114547003,0.9994747932266469,0.9999999999999998,5.972999872483342e-14
1052.57453,0.199232039,427.6513318,1406.881027,0.100254105,0.700781338,-10.10312427,-0.437082683,0.000759728,5.965622640125341e-14,0.927658390676644,0.0635509139047369,0.0073887647663061,0.0002122454246771,0.0001837493559106,0.000326835421364,0.0006790974235762,3.02672568804986e-09,,721.7027326395594,0.9959291444181406,0.38876742119774593,0.999473070463919,1.0000000000000002,5.939693181744587e-14
1050.718499,0.199230146,426.690662,1406.878248,0.100250228,0.70076705,-10.10321284,-0.437171258,0.000760674,5.977145155112032e-14,0.927636578924184,0.0635566658774032,0.0074016375223942,0.0002126893710553,0.0001841681140451,0.0003275202531521,0.000680736909821,3.0278848074473804e-09,,720.0334203724894,0.995919681613464,0.38789409965517857,0.9994710962133537,0.9999999999999994,6.0285110237146e-14
1048.936709,0.199228325,425.7692137,1406.87557,0.100246505,0.700753332,-10.10329789,-0.437256305,0.000761583,5.98824487832852e-14,0.927615585665001,0.0635621891315714,0.0074140371464039,0.0002131170591814,0.0001845715489628,0.0003281799673111,0.0006823164525106,3.02899801896136e-09,,718.4324347594676,0.9959105787252887,0.38705643342402196,0.999469193714968,1.0,5.984102102729594e-14
1047.154919,0.199226503,424.8485431,1406.872882,0.100242782,0.700739613,-10.10338295,-0.437341368,0.00076249,5.999382125804331e-14,0.927594539271482,0.0635677137124342,0.0074264779068563,0.0002135462238845,0.0001849763889983,0.0003288419220711,0.0006839015441018,3.0301116767247e-09,,716.8329705049267,0.9959014708382729,0.38621947418101416,0.9994672841124062,0.9999999999999999,6.006306563222097e-14
1045.408765,0.199224714,423.9470404,1406.869943,0.100239133,0.700726179,-10.10346634,-0.437424752,0.000763379,6.01033309966586e-14,0.927573862653981,0.0635731297598095,0.0074387099725465,0.0002139682474805,0.0001853741450971,0.0003294924984637,0.0006854596913573,3.0312036222864703e-09,,715.2678444869429,0.9958925279129868,0.3853999400095511,0.9994651961950217,0.9999999999999992,6.072919944699606e-14
1043.698246,0.19922296,423.0646583,1406.867641,0.100235558,0.700712994,-10.10354802,-0.437506432,0.000764249,6.02109611719714e-14,0.927553556774082,0.0635784351605462,0.0074507310806991,0.0002143830425422,0.0001857658124583,0.0003301325466112,0.000686992550727,3.0322734404814104e-09,,713.734344192403,0.995883759947111,0.38459778791035343,0.9994635608136612,0.9999999999999996,6.061817714453355e-14
1041.987728,0.199221203,422.1829917,1406.865034,0.100231982,0.70069982,-10.10362972,-0.437588134,0.000765118,6.0318941207341e-14,0.92753320187096,0.0635837424443657,0.0074627906794475,0.000214799221302,0.0001861584369108,0.0003307743665804,0.0006885299470297,3.03334379560927e-09,,712.2031169831646,0.9958749769847144,0.38379628625479795,0.9994617087549263,1.0000000000000002,6.006306563222097e-14
1040.961417,0.199220148,421.6543348,1406.863466,0.100229836,0.700691915,-10.10367875,-0.437637162,0.000765639,6.03838984559298e-14,0.927520964991411,0.063586927391057,0.0074700449889063,0.0002150495944223,0.0001863946450742,0.0003311604687888,0.0006894548862936,3.0339862037886405e-09,,711.285051911313,0.9958697032082042,0.38331569712896424,0.9994605948200987,0.9999999999999998,6.061817714453355e-14
1039.935106,0.199219093,421.1259351,1406.861894,0.10022769,0.70068401,-10.10372778,-0.437686195,0.00076616,6.04489830826925e-14,0.927508710095978,0.0635901127693382,0.007477313261138,0.0002153004687445,0.0001866313301471,0.0003315473314534,0.0006903817085114,3.03462875811798e-09,,710.3674897979681,0.995864429431694,0.3828353418173929,0.9994594780436004,0.9999999999999998,6.061817714453355e-14
1038.908795,0.199218036,420.5977924,1406.860319,0.100225544,0.700676104,-10.10377682,-0.437735233,0.000766681,6.05141954697121e-14,0.927496437136552,0.0635932985757405,0.0074845955373765,0.0002155518457417,0.0001868684934631,0.0003319349567735,0.0006913104190205,3.0352714579023104e-09,,709.450430582185,0.9958591456575031,0.382355220138269,0.9994583591358492,0.9999999999999998,6.072919944699606e-14
1037.882484,0.199216979,420.0699067,1406.858741,0.100223398,0.700668198,-10.10382586,-0.437784276,0.000767202,6.0579535984318e-14,0.927484146056579,0.0635964848147642,0.0074918918589081,0.0002158037269185,0.0001871061364584,0.0003323233469544,0.0006922410234418,3.035914303959e-09,,708.5338739713902,0.9958538618833123,0.38187533209159236,0.9994572380968454,0.9999999999999994,6.117328865684613e-14
1036.856173,0.199215921,419.5422778,1406.857159,0.100221252,0.700660291,-10.10387491,-0.437833324,0.000767722,6.06450050184868e-14,0.927471836810812,0.0635996714795247,0.0074992022673384,0.0002160561137487,0.0001873442605066,0.0003327125042771,0.0006931735271747,3.0365572949460403e-09,,707.6178198315941,0.9958485731102812,0.3813956774955479,0.9994561142161709,1.0000000000000002,6.039613253960852e-14
1034.885656,0.199213887,418.5299499,1406.854114,0.10021713,0.700645109,-10.1039691,-0.43792751,0.00076872,6.077106721910082e-14,0.927448151943269,0.0636057910703741,0.0075132778926928,0.00021654211942,0.0001878028123954,0.000333461845041,0.0006949692789545,3.0377922439829104e-09,,705.860403517314,0.9958384054691232,0.3804753948310861,0.9994539509945188,0.9999999999999999,6.084022174945858e-14
1032.915139,0.19921185,417.5185676,1406.851056,0.100213008,0.700629925,-10.1040633,-0.438021714,0.000769717,6.08976073083382e-14,0.927424399549162,0.0636119122244405,0.0075274058985235,0.0002170300053451,0.0001882631529377,0.0003342140381301,0.000696772092372,3.03902772572061e-09,,704.1048371574251,0.9958282228314441,0.37955597178857836,0.9994517785374376,0.9999999999999996,6.139533326177116e-14
1030.984032,0.199209851,416.5283299,1406.847679,0.100208967,0.700615059,-10.10415565,-0.438114061,0.000770694,6.102208166994252e-14,0.927401057316651,0.0636179131636262,0.0075413024641861,0.0002175099706441,0.0001887155775869,0.0003349535605345,0.0006985449064703,3.04023914679796e-09,,702.3872473456865,0.9958182301496963,0.3786557707874932,0.9994493794571357,0.9999999999999992,6.183942247162122e-14
1029.092336,0.19920789,415.5591793,1406.84509,0.100205009,0.700600464,-10.10424611,-0.438204522,0.00077165,6.114446819875562e-14,0.927378125952115,0.0636237916910252,0.0075549647305462,0.0002179819064725,0.0001891613525673,0.0003356814877383,0.0007002898380478,3.04142607274146e-09,,700.7043083109301,0.9958084274238798,0.3777747395559794,0.9994475401859183,0.9999999999999996,6.161737786669619e-14
1027.200639,0.199205926,414.5908983,1406.84212,0.10020105,0.700585883,-10.1043366,-0.438295009,0.000772605,6.126730135611491e-14,0.92735513230622,0.0636296723635181,0.0075686760988801,0.0002184556070802,0.0001896083495921,0.0003364116778943,0.0007020405541402,3.0426136237696404e-09,,699.0241415959163,0.9957986097015422,0.3768944988566687,0.9994454302455876,1.0000000000000002,6.117328865684613e-14
1025.384611,0.199204038,413.6621657,1406.839259,0.100197249,0.700571885,-10.10442348,-0.438381892,0.000773521,6.1385644996213e-14,0.927332998667498,0.0636353190746072,0.007581885448455,0.0002189120263404,0.0001900390517666,0.0003371151890506,0.0007037274984661,3.04375411669034e-09,,697.4127812245224,0.9957891718910671,0.3760502106456054,0.9994433977407776,0.9999999999999993,6.206146707654625e-14
1023.568582,0.199202148,412.7342329,1406.836387,0.100193447,0.700557885,-10.10451038,-0.43846879,0.000774436,6.15044058491674e-14,0.927310806117904,0.0636409671086286,0.0075951405294979,0.0002193700873413,0.0001904713154298,0.0003378211898764,0.000705420606365,3.04489506010759e-09,,695.802985494344,0.9957797240829113,0.3752066495132633,0.9994413574213737,0.9999999999999996,6.195044477408373e-14
1021.788874,0.199200293,411.8256346,1406.833245,0.10018972,0.700544177,-10.10459556,-0.43855397,0.000775332,6.162119763130101e-14,0.927289000971863,0.0636465039281508,0.0076081751240457,0.0002198205900923,0.0001908960607912,0.0003385151435173,0.0007070851354637,3.04601371030171e-09,,694.2278153890264,0.9957704512341659,0.3743806649044726,0.9994391252892124,0.9999999999999992,6.250555628639631e-14
1020.045487,0.199198473,410.9363218,1406.830785,0.10018607,0.700530722,-10.104679,-0.438637415,0.000776209,6.173600023933651e-14,0.927267583541322,0.0636519279518274,0.0076209867158402,0.0002202634400351,0.0001913143903543,0.0003391979813625,0.0007087229320868,3.04710975235328e-09,,692.6844405244997,0.9957613533448306,0.3735722122745253,0.9994373776618679,0.9999999999999998,6.195044477408373e-14
1018.3021,0.19919665,410.0477449,1406.827998,0.100182418,0.700517279,-10.10476247,-0.43872088,0.000777086,6.18511926420643e-14,0.927246112000703,0.0636573536447539,0.007633841128625,0.0002207078285515,0.000191733785503,0.0003398827942093,0.0007103657693856,3.0482062954035404e-09,,691.1434172912467,0.9957522404589747,0.37276442863336406,0.9994353977279616,0.9999999999999992,6.261657858885883e-14
1016.628448,0.199194899,409.1954023,1406.825313,0.100178913,0.700504372,-10.10484261,-0.438801019,0.000777927,6.196214671358632e-14,0.927225447253415,0.0636625634083887,0.0076462218430485,0.0002211358946082,0.0001921377865974,0.0003405424180726,0.0007119483465484,3.0492593574184404e-09,,689.6653879136884,0.9957434874896198,0.3719895847127705,0.9994334902566526,1.0000000000000002,6.17284001691587e-14
1014.954796,0.199193145,408.3437365,1406.822619,0.100175406,0.700491465,-10.10492276,-0.43888117,0.000778767,6.20734644427062e-14,0.9272047312655,0.0636677742342754,0.0076586424076746,0.0002215653911795,0.0001925431478896,0.0003412042112435,0.0007135362918622,3.05031278957177e-09,,688.1886830537446,0.9957347195237439,0.37121535605459066,0.9994315763915851,0.9999999999999996,6.250555628639631e-14
1013.113779,0.199191213,407.4076851,1406.819644,0.100171549,0.700477265,-10.10501094,-0.438969352,0.00077969,6.21963360498732e-14,0.927181884174283,0.0636735073960964,0.0076723512899849,0.0002220394981955,0.0001929906244471,0.0003419347017343,0.0007152892637249,3.05147199730565e-09,,686.5658360760461,0.995725061764296,0.37036441450051,0.9994294628991662,1.0000000000000004,6.183942247162122e-14
1012.109588,0.199190158,406.8974562,1406.818017,0.100169445,0.70046952,-10.10505904,-0.439017458,0.000780194,6.226354417637011e-14,0.927169395754586,0.0636766351097952,0.0076798493802222,0.000222298838566,0.0001932354028796,0.0003423342679949,0.0007162481937891,3.0521044796754904e-09,,685.68132135438,0.9957197879877857,0.36990057782113234,0.999428307049699,0.9999999999999997,6.261657858885883e-14
1011.105396,0.199189102,406.3874706,1406.816387,0.100167341,0.700461774,-10.10510715,-0.439065567,0.000780697,6.233088507719641e-14,0.927156888699378,0.0636797631538489,0.0076873620093468,0.0002225587006712,0.000193480677207,0.0003427346258817,0.0007172090808667,3.05273708522714e-09,,684.7972831817698,0.9957145092124352,0.3694369623198652,0.9994271490689788,0.9999999999999998,6.250555628639631e-14
1010.101205,0.199188045,405.8777279,1406.814753,0.100165236,0.700454028,-10.10515527,-0.439113682,0.0007812,6.23983589683601e-14,0.927144362868881,0.0636828916127979,0.0076948892193243,0.0002228190863478,0.0001937264494196,0.0003431357772106,0.0007181719325859,3.0533698300351503e-09,,683.9137202026166,0.9957092254382445,0.3689735676330786,0.9994259882465882,0.9999999999999993,6.306066779870889e-14
1009.097014,0.199186988,405.3682282,1406.813116,0.100163131,0.700446281,-10.10520339,-0.439161802,0.000781702,6.246596625142261e-14,0.927131818212173,0.063686020483125,0.0077024310535302,0.0002230799971461,0.0001939727209718,0.0003435377243381,0.0007191367546508,3.05400271339982e-09,,683.0306322502277,0.9957039416640536,0.3685103938516798,0.9994248252929446,1.0000000000000002,6.217248937900877e-14
1007.168967,0.199184955,404.3906693,1406.809963,0.10015909,0.700431407,-10.10529579,-0.439254203,0.000782667,6.25961479916999e-14,0.92710767968073,0.0636920288857537,0.0077169525318768,0.0002235824230414,0.0001944469664298,0.0003443117033231,0.000720994753564,3.0552182031271302e-09,,681.3364365789259,0.9956937790217357,0.3676217188392058,0.9994225853461894,0.9999999999999996,6.306066779870889e-14
1005.24092,0.19918292,403.4140048,1406.806798,0.100155048,0.700416531,-10.10538821,-0.43934662,0.000783631,6.27268260953773e-14,0.927083471324502,0.0636980386394833,0.0077315283934802,0.0002240868011379,0.0001949230676343,0.0003450886422887,0.0007228600749765,3.05643417173378e-09,,679.6439919501277,0.9956836063817375,0.3667338569040114,0.9994203368744231,0.9999999999999998,6.294964549624638e-14
1003.351434,0.199180922,402.457741,1406.803316,0.100151085,0.700401967,-10.1054788,-0.439437217,0.000784574,6.28553733654501e-14,0.927059679882129,0.0637039303698708,0.0077458658114673,0.0002245829996579,0.0001953909909926,0.0003458525088919,0.000724694379301,3.05762645013655e-09,,677.9881199424169,0.99567361869883,0.36586454074884833,0.9994178632002712,0.9999999999999998,6.306066779870889e-14
1001.500509,0.199178962,401.5218234,1406.800621,0.100147204,0.700387669,-10.10556755,-0.439525959,0.000785498,6.29817676400737e-14,0.927036306435949,0.0637097014926832,0.0077599618249031,0.0002250709043921,0.0001958520365879,0.0003466044078458,0.0007264998387816,3.0587945304905603e-09,,676.3656360994287,0.9956638209718535,0.36501372082909245,0.999415948624786,1.0000000000000002,6.272760089132134e-14
999.6495838,0.199177,400.5835664,1406.797541,0.100143331,0.700373419,-10.10565612,-0.439614533,0.000786424,6.31092432505882e-14,0.927012581091017,0.0637157606951688,0.0077741089359257,0.0002255605951259,0.0001963158971507,0.0003473587359267,0.0007283109896478,3.0599743137458304e-09,,674.7444795466097,0.9956540132471966,0.3641607742177129,0.999413760538517,1.0,6.306066779870889e-14
997.8726957,0.199175121,399.6706451,1406.794553,0.100139648,0.700359872,-10.10574037,-0.439698786,0.000787324,6.32346055230277e-14,0.926988564598541,0.0637227513185367,0.0077877388523307,0.0002260322364431,0.0001967692133721,0.0003480858299074,0.0007300548896528,3.0611528844616103e-09,,673.1843156615016,0.9956446204262842,0.3633308596747986,0.9994116378106692,1.0,6.328271240363392e-14
996.0958076,0.199173239,398.7585325,1406.791553,0.100135964,0.700346324,-10.10582464,-0.439783055,0.000788224,6.33604125980939e-14,0.926964492459445,0.0637297377649892,0.007801416256481,0.000226505581921,0.00019722418969,0.0003488155088259,0.0007318051762525,3.0623316991765304e-09,,671.6256595419269,0.9956352126088508,0.362501680301379,0.9994095065578101,0.9999999999999999,6.350475700855895e-14
994.3544573,0.199171392,397.8654466,1406.788276,0.100132354,0.70033306,-10.10590725,-0.43986566,0.000789105,6.34841364269503e-14,0.926940848506838,0.0637365809543998,0.0078148664424016,0.0002269711247205,0.0001976712630978,0.0003495327364692,0.0007335259085222,3.0634872775641e-09,,670.1005463417724,0.9956259797508277,0.3616897976380194,0.9994071785192702,0.9999999999999998,6.372680161348399e-14
992.6486447,0.19916958,396.991338,1406.785703,0.100128817,0.700320038,-10.10598817,-0.439946582,0.000789967,6.36057556954258e-14,0.926917632678888,0.0637432795007997,0.0078280867966043,0.0002274287663496,0.0001981116114071,0.0003502385088885,0.00073521907238,3.0646192933775204e-09,,668.6061616743558,0.9956169218522148,0.36089516677638167,0.9994053506147346,1.0000000000000002,6.339373470609644e-14
990.9428321,0.199167766,396.1179735,1406.782792,0.100125279,0.700307028,-10.10606911,-0.440027524,0.000790829,6.372779037185621e-14,0.92689436574127,0.0637499747170723,0.0078413516195066,0.0002278880055862,0.0001985530914743,0.0003509463219145,0.0007369174373609,3.0657516405787604e-09,,667.1140710366382,0.9956078539559214,0.36010121235795034,0.9994032825890434,1.0000000000000002,6.350475700855895e-14
989.305252,0.199166022,395.2802424,1406.779988,0.100121882,0.700294538,-10.10614683,-0.440105243,0.000791655,6.38453374089722e-14,0.926871980211341,0.063756398439428,0.0078541278862267,0.0002283303839067,0.0001989783819444,0.0003516281102201,0.0007385535200302,3.06683890144823e-09,,665.6829671347163,0.9955991359784486,0.3593396513965163,0.9994012905780377,0.9999999999999998,6.405986852087153e-14
987.6676719,0.199164275,394.4431956,1406.777174,0.100118484,0.700282047,-10.10622456,-0.440182976,0.000792481,6.396327204718142e-14,0.926849546149786,0.0637628185588128,0.0078669455381758,0.0002287742476122,0.0001994051193887,0.0003523121506274,0.0007401951676062,3.0679263689494e-09,,664.253138521334,0.9955904030044549,0.3585787125155636,0.9993992914628558,0.9999999999999993,6.461498003318411e-14
985.8663338,0.199162351,393.5232337,1406.774068,0.100114747,0.700268305,-10.10631008,-0.440268497,0.000793389,6.409345024207481e-14,0.926824812393718,0.0637698764556693,0.0078810930010477,0.0002292642219435,0.0001998762100164,0.0003530672097642,0.0007420074386535,3.0691228102075902e-09,,662.6817996715404,0.9955807852357291,0.3577423975344835,0.9993970849057288,0.9999999999999994,6.461498003318411e-14
983.9012377,0.199160249,392.5205816,1406.770665,0.100110669,0.700253313,-10.1064034,-0.44036181,0.000794378,6.423600352891101e-14,0.926797762486873,0.0637775708987572,0.0078965843159984,0.0002298008108524,0.0002003921447918,0.0003538940517071,0.0007439922205272,3.07042828895258e-09,,660.9693695821196,0.9955702776734311,0.35683091090439445,0.9993946673545688,0.9999999999999997,6.461498003318411e-14
981.9361416,0.199158144,391.5189123,1406.767249,0.10010659,0.70023832,-10.10649673,-0.440455143,0.000795366,6.437912434745542e-14,0.926770641613348,0.063785259999286,0.0079121362097032,0.0002303395738304,0.0002009101971151,0.0003547241901931,0.0007459851447254,3.0717340450074e-09,,659.2587723675824,0.9955597551146121,0.3559203177138743,0.9993922405679798,0.9999999999999997,6.472600233564663e-14
980.0496494,0.199156119,390.5582336,1406.763956,0.100102673,0.700223925,-10.10658635,-0.440544761,0.000796314,6.451705732653002e-14,0.926744538365648,0.0637926365290753,0.0079271233561963,0.0002308588439308,0.0002014095316188,0.000355524242414,0.0007479060580646,3.07298783863357e-09,,657.6183212611422,0.9955496324630166,0.3550469880805335,0.999389901162758,1.0000000000000002,6.428191312579656e-14
978.1631571,0.199154091,389.5984589,1406.76065,0.100098756,0.700209529,-10.10667598,-0.440634397,0.000797261,6.465551948933652e-14,0.926718368928138,0.063800008094712,0.0079421669896799,0.0002313801413672,0.0002019108407131,0.0003563273681213,0.000749834562962,3.0742418862835105e-09,,655.9795562621446,0.9955394948149003,0.3541744802515988,0.9993875525221071,0.9999999999999999,6.472600233564663e-14
976.3143947,0.199152101,388.6587567,1406.757019,0.100094917,0.700195435,-10.10676385,-0.440722261,0.000798189,6.479172806643722e-14,0.926692659698159,0.0638072278314129,0.0079569648863215,0.0002318929928667,0.0002024035498452,0.0003571169847272,0.0007517309811316,3.0754711830555103e-09,,654.376226888693,0.9955295471227152,0.3533202198440603,0.9993849729957298,1.0,6.472600233564663e-14
974.5033621,0.199150148,387.7390714,1406.754198,0.100091156,0.700181597,-10.10684993,-0.440808339,0.000799097,6.4925656770904e-14,0.92666741005653,0.063814294640044,0.007971513951857,0.0002323972838355,0.0002028890540765,0.0003578942632279,0.0007535976736885,3.07667544874916e-09,,652.8051555436493,0.9955197843876209,0.3524841563133107,0.9993829689076246,0.9999999999999998,6.517009154549669e-14
972.6923296,0.199148193,386.8202177,1406.750987,0.100087393,0.700167773,-10.10693603,-0.440894439,0.000800003,6.50600808136557e-14,0.926642099770743,0.0638213572481125,0.0079861159836228,0.0002329034770111,0.0002033759086823,0.0003586739767947,0.0007554705570879,3.07788002911453e-09,,651.2366600685926,0.9955100116548461,0.35164884876988867,0.9993806877566475,0.9999999999999993,6.572520305780927e-14
970.9537383,0.199146312,385.9388995,1406.747893,0.100083781,0.700154501,-10.1070187,-0.440977109,0.000800873,6.518959717870581e-14,0.926617743214404,0.0638281329433991,0.0080001840218192,0.000233391220168,0.0002038450399183,0.0003594252266997,0.0007572752544894,3.079036636964e-09,,649.732361613686,0.9955006088362529,0.35084766383629684,0.999378489724532,0.9999999999999997,6.550315845288424e-14
969.215147,0.199144429,385.0583459,1406.744787,0.100080168,0.700141228,-10.10710138,-0.441059794,0.000801743,6.53195757924065e-14,0.92659332887871,0.0638349042803366,0.008014301392282,0.0002338807338705,0.0002043158954117,0.0003601791603471,0.0007590865787826,3.0801934460651103e-09,,648.2294897548803,0.9954911960199794,0.3500471739819627,0.9993762831674052,0.9999999999999993,6.59472476627343e-14
967.5113276,0.199142582,384.1961452,1406.741407,0.100076627,0.700128234,-10.10718243,-0.441140842,0.000802594,6.54474053169045e-14,0.9265693478018,0.0638415362213035,0.0080281845497803,0.0002343621854538,0.0002047785797106,0.0003609202466085,0.0007608673339503,3.0813273665935803e-09,,646.7589310538698,0.9954819631619563,0.3492633683025017,0.9993738819558504,0.9999999999999998,6.561418075534675e-14
965.84228,0.199140768,383.3522503,1406.738728,0.100073158,0.700115476,-10.10726183,-0.441220246,0.000803427,6.55730617577308e-14,0.926545799072199,0.0638480282151633,0.0080418307692637,0.0002348354756114,0.0002052343073804,0.0003616494983987,0.0007626195794795,3.0824382332738e-09,,645.3179817762907,0.9954728952656627,0.34849620398044984,0.9993719787470471,0.9999999999999999,6.572520305780927e-14
964.1732324,0.199138953,382.509059,1406.735714,0.100069689,0.700102731,-10.10734125,-0.441299665,0.000804259,6.569915074418832e-14,0.92652219763829,0.0638545163494023,0.0080555231937877,0.0002353104244599,0.000205691213065,0.0003623808766456,0.0007643772207343,3.0835493225401e-09,,643.8792177526732,0.9954638223705291,0.3477296792840397,0.9993698375483412,0.9999999999999999,6.583622536027178e-14
962.5709467,0.199137207,381.7002562,1406.73281,0.100066357,0.700090496,-10.10741751,-0.44137592,0.000805058,6.582060539461222e-14,0.926499489089944,0.0638607411201484,0.0080687115958303,0.0002357679429784,0.0002061313691365,0.0003630853752305,0.0007660704220494,3.0846161398014103e-09,,642.4992371974238,0.9954550943953757,0.3469944163363247,0.9993677744955735,0.9999999999999994,6.639133687258436e-14
960.9686609,0.199135459,380.8921004,1406.729897,0.100063025,0.700078259,-10.10749377,-0.441452188,0.000805856,6.594246291726072e-14,0.926476730147437,0.0638669621261076,0.0080819429968696,0.0002362270049444,0.0002065730282759,0.0003637922123531,0.0007677693982629,3.0856831261923e-09,,641.1204633786851,0.9954463564225416,0.34625974156056855,0.9993657050490471,0.9999999999999997,6.628031457012185e-14
959.398421,0.199133744,380.1007349,1406.726752,0.100059759,0.700066277,-10.10756854,-0.441526958,0.000806637,6.60622737605917e-14,0.926454377488427,0.0638730561884045,0.0080949516956678,0.0002366783947883,0.0002070069472762,0.000364486851939,0.0007694393467015,3.0867291558711103e-09,,639.7711649943993,0.9954377834114374,0.34554033043804283,0.999363470785633,0.9999999999999993,6.661338147750939e-14
957.8602267,0.199132061,379.3261212,1406.724215,0.10005656,0.700054518,-10.10764177,-0.441600182,0.000807402,6.618002336351362e-14,0.926432433315683,0.0638790199009051,0.0081077353465407,0.0002371220150917,0.0002074341604553,0.0003651701899526,0.0007710819835514,3.08775352346254e-09,,638.4490823700255,0.9954293703632225,0.3448361479693342,0.9993616684561317,0.9999999999999996,6.661338147750939e-14
956.3220324,0.199130377,378.5521025,1406.721389,0.10005336,0.700042769,-10.10771502,-0.441673433,0.000808166,6.62981473433081e-14,0.926410442221572,0.063884981272142,0.0081205592111868,0.0002375670832127,0.000207862407028,0.0003658553737113,0.0007727293423024,3.0887782692430504e-09,,637.1288391560491,0.9954209523161673,0.3441325064006495,0.9993596608159384,0.9999999999999997,6.661338147750939e-14
954.4761993,0.199128352,377.6240647,1406.717986,0.10004952,0.700028669,-10.10780294,-0.44176135,0.000809083,6.64403961271386e-14,0.926383990421064,0.0638921302075327,0.0081360012027616,0.0002381030800012,0.0002083781675726,0.000366680495663,0.0007747133353302,3.09000815466214e-09,,635.5460116997767,0.995410829664572,0.34328884981536206,0.9993572432647785,0.9999999999999998,6.661338147750939e-14
952.6303661,0.199126324,376.6968823,1406.71457,0.100045679,0.700014569,-10.10789087,-0.441849283,0.000809998,6.65831934257477e-14,0.926357470107,0.06389927394998,0.008151501717221,0.0002386411772695,0.00020889597331,0.0003675088002475,0.0007767051836672,3.09123824033931e-09,,633.964780664589,0.9954006920164555,0.34244597085340317,0.9993548164781894,1.0,6.661338147750939e-14
950.8214496,0.199124333,375.7890734,1406.710833,0.100041915,0.700000766,-10.10797706,-0.441935473,0.000810895,6.67236699861853e-14,0.926331415106274,0.0639062698899843,0.0081667493501936,0.0002391705629708,0.0002094049033214,0.0003683231908192,0.0007786639039261,3.0924439427707803e-09,,632.4177083316765,0.9953907393254301,0.3416207038689467,0.9993521616475444,1.0000000000000002,6.650235917504688e-14
949.0494498,0.19912238,374.9005849,1406.707902,0.100038226,0.699987211,-10.10806151,-0.442019919,0.000811772,6.68617964614214e-14,0.926305823843016,0.063913117868989,0.008181740884388,0.0002396911218181,0.0002099063930736,0.0003691248560914,0.0007805919389317,3.09362516407901e-09,,630.9017406777932,0.9953809765903358,0.3408130005900747,0.999350079413501,0.9999999999999997,6.716849298982197e-14
947.27745,0.199120423,374.0128834,1406.704583,0.100034537,0.699973671,-10.10814597,-0.44210438,0.000812649,6.7000437033421e-14,0.926280170074741,0.0639199611607549,0.0081967873019038,0.000240213650651,0.0002104092849768,0.0003699290508218,0.0007825263812772,3.09480659738428e-09,,629.388226741445,0.9953711938598804,0.34000601275375536,0.9993477215374209,1.0,6.694644838489694e-14
945.5763302,0.199118542,373.1614291,1406.701385,0.100030995,0.699960673,-10.10822706,-0.442185477,0.00081349,6.71340183864319e-14,0.926255481673943,0.0639265261434699,0.0082112837606149,0.0002407171412058,0.0002108938749581,0.0003707038994298,0.0007843904103703,3.0959409433373404e-09,,627.9366328078459,0.9953617910412873,0.33923197636507985,0.9993454496218731,0.9999999999999999,6.727951529228449e-14
943.8752104,0.199116659,372.3106983,1406.698175,0.100027453,0.699947674,-10.10830817,-0.442266587,0.000814331,6.726807903385301e-14,0.926230733499337,0.0639330865257674,0.0082258313369289,0.0002412224662615,0.0002113802507111,0.0003714815276639,0.0007862612961877,3.0970754359554803e-09,,626.4863903090162,0.9953523782250137,0.33845859769265196,0.9993431691813136,1.0000000000000002,6.705747068735946e-14
942.208113,0.19911481,371.4776835,1406.694696,0.10002398,0.699934945,-10.1083877,-0.442346111,0.000815154,6.739992241717351e-14,0.926206421931572,0.0639395128998349,0.0082401378179711,0.0002417194804768,0.0002118582031769,0.0003722459103492,0.0007881006583635,3.09818770353268e-09,,625.0672817398738,0.99534313536931,0.33770132420480276,0.9993406976384146,0.9999999999999996,6.783462680459706e-14
940.5750379,0.199112996,370.6623416,1406.691914,0.100020579,0.699922453,-10.10846557,-0.442423981,0.000815959,6.75295326791009e-14,0.926182550101913,0.0639458007202391,0.0082542004423616,0.0002422080666202,0.0002123289502068,0.0003729981074784,0.0007899105118361,3.09927681265885e-09,,623.676766685031,0.9953340674730164,0.33696011672037074,0.9993387212565964,0.9999999999999996,6.794564910705958e-14
938.9419629,0.199111179,369.847665,1406.688798,0.100017177,0.699909972,-10.10854347,-0.442501885,0.000816764,6.76595883321585e-14,0.92615862232359,0.0639520858501759,0.0082683109262172,0.0002426983764999,0.0002128009311507,0.0003737525032222,0.0007917259887096,3.1003663621221203e-09,,622.2883141255948,0.9953249845802022,0.3362195140439823,0.9993365075952932,0.9999999999999996,6.80566714095221e-14
937.3742109,0.199109433,369.0662008,1406.685797,0.100013911,0.69989799,-10.10861827,-0.442576685,0.000817536,6.77848660519753e-14,0.926135598684184,0.0639581155513878,0.008281902249825,0.0002431706984891,0.0002132556142672,0.0003744791835256,0.0007934749168406,3.10141245876594e-09,,620.9565673150535,0.9953162566050489,0.3355091039523929,0.9993343756320165,0.9999999999999996,6.816769371198461e-14
935.8064589,0.199107684,368.2853487,1406.682785,0.100010644,0.699886007,-10.10869308,-0.442651496,0.000818308,6.79105615183319e-14,0.926112522889177,0.0639641412929948,0.0082955381337804,0.0002436446199204,0.0002137118543525,0.0003752082861078,0.0007952298211401,3.1024586805085403e-09,,619.6259635218762,0.9953075136333746,0.3347992503060215,0.9993322358541458,0.9999999999999997,6.827871601444713e-14
934.2700619,0.199105967,367.5207073,1406.679547,0.100007442,0.699874273,-10.10876642,-0.442724834,0.000819063,6.803414851606311e-14,0.926089858261774,0.063970043578954,0.0083089447525784,0.0002441106259575,0.0002141601041636,0.0003759248213115,0.0007969547517086,3.1034842745527904e-09,,618.3237822522963,0.9952989306245896,0.33410413341262185,0.999329935521893,1.0,6.80566714095221e-14
932.7650199,0.199104284,366.7722397,1406.676913,0.100004306,0.699862758,-10.10883825,-0.442796662,0.000819803,6.81556099752849e-14,0.92606760614765,0.0639758198486946,0.0083221196639078,0.0002445686188386,0.0002146014294082,0.0003766296982988,0.0007986514886448,3.10448869764237e-09,,617.0478489437874,0.9952905175763748,0.3334237197273018,0.9993280642818827,0.9999999999999997,6.850076061937216e-14
931.259978,0.199102598,366.0243353,1406.673993,0.100001168,0.699851253,-10.1089101,-0.442868513,0.000820542,6.827746028989351e-14,0.926045305764629,0.0639815933305406,0.00833533625604,0.0002450281111599,0.0002150438271963,0.0003773364934966,0.0008003531113755,3.10549340740693e-09,,615.7736692043034,0.995282089531639,0.33274381803339936,0.999325989862433,0.9999999999999996,6.88338275267597e-14
929.4539276,0.199100571,365.1275925,1406.670475,0.099997403,0.699837446,-10.10899633,-0.442954748,0.000821428,6.84241991205884e-14,0.926018480596301,0.0639885165858026,0.0083512514627138,0.0002455814867479,0.0002155766364227,0.0003781876531569,0.0008024024720876,3.1066992009041405e-09,,614.2460403201118,0.995271956882363,0.3319286109712203,0.9993234906132467,1.0,6.827871601444713e-14
927.6478773,0.199098541,364.2316591,1406.666943,0.099993637,0.699823639,-10.10908258,-0.443040997,0.000822314,6.857150674183871e-14,0.925991584487835,0.0639954344031704,0.0083672273242857,0.0002461370393425,0.0002161115645453,0.0003790421096695,0.0008044599631779,3.10790513911801e-09,,612.7199234198114,0.995261809236566,0.3311141397148889,0.9993209814182138,1.0,6.850076061937216e-14
925.877948,0.199096549,363.3544298,1406.663097,0.099989947,0.699810124,-10.10916712,-0.443125533,0.000823181,6.87164236337004e-14,0.925965159067633,0.0640022085204036,0.0083829428826261,0.0002466836053473,0.0002166373318396,0.0003798822315161,0.0008064832514779,3.1090870882276e-09,,611.226742391236,0.9952518515467004,0.3303166719008062,0.9993182491520484,0.9999999999999994,6.927791673660977e-14
924.1441397,0.199094594,362.495854,1406.660052,0.09998633,0.69979685,-10.10924995,-0.443208365,0.000824029,6.88589176781334e-14,0.925939202002043,0.0640088395211258,0.0083983947946471,0.0002472210680711,0.0002171554150588,0.000380709227461,0.0008084748612786,3.11024509578157e-09,,609.7635620136414,0.9952420788139256,0.32953616152974324,0.9993160859303961,0.9999999999999993,6.94999613415348e-14
922.4103313,0.199092636,361.6380231,1406.656621,0.099982714,0.699783594,-10.10933279,-0.443291207,0.000824877,6.90019455429301e-14,0.925913180494027,0.0640154653151492,0.0084139035981229,0.0002477605716242,0.0002176749542805,0.0003815388517676,0.0008104731035559,3.11140320714744e-09,,608.302720427298,0.9952322910846297,0.32875632832914725,0.9993136484875429,0.9999999999999997,6.938893903907228e-14
920.7458754,0.199090753,360.815205,1406.653315,0.099979241,0.699770866,-10.10941233,-0.443370748,0.000825691,6.913975674413421e-14,0.925888136908443,0.0640218212785481,0.0084288458439057,0.0002482804259631,0.0002181755911978,0.0003823382143711,0.000812398624987,3.1125151144096e-09,,606.9016191015753,0.9952228782683561,0.3280083244131874,0.9993112998468919,1.0,6.916689443414725e-14
919.0814194,0.199088867,359.9930715,1406.649997,0.099975768,0.699758139,-10.10949189,-0.443450301,0.000826504,6.927806483660161e-14,0.925863031338359,0.0640281725091069,0.0084438410753772,0.0002488021821859,0.0002186780790257,0.000383140456184,0.0008143312460643,3.1136271360578704e-09,,605.5017968556177,0.9952134504555615,0.3272609428504316,0.9993089426812296,0.9999999999999994,6.983302824892235e-14
917.4502525,0.199087016,359.1880448,1406.646414,0.099972364,0.699745678,-10.10956987,-0.443528287,0.0008273,6.94140897263752e-14,0.925838368249969,0.0640343929540157,0.0084585880945607,0.0002493153618057,0.0002191718677278,0.0003839290536096,0.0008162313035251,3.1147171906583604e-09,,604.1320060139849,0.9952041976021773,0.326529112663356,0.9993063972548981,1.0000000000000002,6.916689443414725e-14
915.8523748,0.1990852,358.4000832,1406.643525,0.09996903,0.699733446,-10.10964626,-0.443604671,0.000828079,6.954780976961111e-14,0.925814148531929,0.064040480278935,0.0084730840065757,0.0002498198516709,0.0002196582212418,0.0003847050745103,0.0008181009192828,3.1157847708945e-09,,602.7897859863701,0.9951951197082032,0.3258127959435051,0.9993043448583946,0.9999999999999998,6.972200594645983e-14
914.254497,0.199083382,357.6127515,1406.640305,0.099965695,0.699721226,-10.10972266,-0.443681077,0.000828857,6.96819933510701e-14,0.925789871586147,0.0640465640463903,0.0084876295422587,0.000250326125905,0.0002201458531987,0.0003854833831082,0.0008199763460697,3.1168526184992302e-09,,601.4495368818415,0.9951860318165486,0.32509705185041904,0.999302057313659,1.0,6.972200594645983e-14
912.7205344,0.199081633,356.857505,1406.637202,0.099962493,0.699709495,-10.10979603,-0.443754439,0.000829604,6.981124957443251e-14,0.925766510812724,0.0640524002928659,0.0085016401748204,0.0002508138333982,0.0002206156189169,0.0003862331083481,0.0008217830409784,3.11787784746281e-09,,600.1640032474166,0.9951772888448744,0.32441047563203623,0.9992998528877849,0.9999999999999994,7.038813976123492e-14
911.1865717,0.199079882,356.1028378,1406.634089,0.09995929,0.699697764,-10.1098694,-0.443827811,0.00083035,6.994093913745571e-14,0.925743096036262,0.0640582323786718,0.0085156970033263,0.0002513031989641,0.000221086997983,0.0003869853435358,0.000823595922284,3.1189031572860403e-09,,598.8795524779379,0.9951685358755196,0.3237244260411893,0.9992976413577347,1.0,6.994405055138486e-14
909.6832883,0.199078164,355.3638264,1406.630753,0.099956151,0.69968628,-10.1099413,-0.443899718,0.000831081,7.006845845728892e-14,0.92572009871487,0.06406394342997,0.0085295177632021,0.0002517843928435,0.0002215501201051,0.0003877246347004,0.0008253778243307,3.11990797157941e-09,,597.6225287630338,0.9951599478678943,0.3230526087572247,0.9992952714045552,0.9999999999999998,7.027711745877241e-14
908.2106842,0.199076477,354.6404342,1406.628019,0.099953076,0.699675003,-10.11001177,-0.443970182,0.000831797,7.01937807177883e-14,0.925697516262595,0.0640695347633191,0.0085430998637399,0.0002522573283202,0.0002220061053198,0.0003884518841951,0.0008271306715482,3.1208924976258203e-09,,596.3908022583198,0.9951515148243183,0.32239499050797277,0.9992933291227829,1.0,7.016609515630989e-14
906.7380801,0.199074789,353.9175755,1406.624999,0.099950001,0.69966374,-10.11008223,-0.444040648,0.000832512,7.031950935408522e-14,0.925674885125794,0.064075121859353,0.0085567251975581,0.0002527318135454,0.0002224631969695,0.0003891811345614,0.0008288885502705,3.12187702512136e-09,,595.1607599932142,0.995143076781902,0.32173785725059106,0.9992911836615712,0.9999999999999992,7.105427357601002e-14
904.9709551,0.19907276,353.0508479,1406.621363,0.09994631,0.699650224,-10.11016681,-0.44412522,0.000833369,7.047092148014272e-14,0.925647660711686,0.0640818212435622,0.0085731329288102,0.0002533032537206,0.0002230137092494,0.0003900593492129,0.0008310056806291,3.12305855339968e-09,,593.6860226697991,0.9951329341349452,0.3209499362764773,0.9992886005831059,0.9999999999999996,7.09432512735475e-14
903.2038302,0.199070727,352.1848865,1406.617712,0.099942618,0.699636708,-10.11025139,-0.444209806,0.000834225,7.062292353107852e-14,0.925620362759205,0.0640885149893512,0.0085896035479288,0.0002538769512476,0.0002235664179086,0.0003909409799493,0.0008331312300981,3.12424018085586e-09,,592.2127169983318,0.9951227714926275,0.32016271183614226,0.9992860068483762,0.9999999999999993,7.127631818093505e-14
901.4720477,0.199068732,351.3369873,1406.613751,0.099938999,0.699623475,-10.11033432,-0.44429273,0.000835064,7.07724585843086e-14,0.925593539742697,0.0640950706066268,0.0086058061297576,0.0002544413826008,0.000224109680719,0.0003918078292113,0.0008352215029177,3.12539850981504e-09,,590.7711596941714,0.9951127988062408,0.3193919073023829,0.9992831928841844,0.9999999999999993,7.138734048339757e-14
899.7756077,0.199066774,350.5071038,1406.610587,0.099935455,0.699610485,-10.11041553,-0.444373942,0.000835885,7.091950286795262e-14,0.925567193401019,0.0641014846548832,0.00862173727419,0.0002549964116157,0.000224644984325,0.0003926611598975,0.0008372789874661,3.12653281001094e-09,,589.3585826889849,0.9951030110769451,0.3186374804031808,0.9992809451228355,1.0000000000000002,7.072120666862247e-14
898.0791678,0.199064812,349.677925,1406.607041,0.09993191,0.699597508,-10.11049677,-0.444455184,0.000836706,7.10670976585203e-14,0.92554077885431,0.064107894662486,0.0086377273878023,0.0002555535620585,0.0002251818121166,0.0003935172107569,0.000839343382731,3.1276674335426203e-09,,587.9482164202335,0.9950932033522882,0.3178836941296036,0.9992784259819559,0.9999999999999998,7.127631818093505e-14
896.4505854,0.199062926,348.8825755,1406.603623,0.099928506,0.69958505,-10.11057477,-0.444533187,0.000837492,7.12093119928156e-14,0.925515355673987,0.0641140432592218,0.0086531336784544,0.0002560904287603,0.0002256991147385,0.0003943420491389,0.0008413326668714,3.12875674597711e-09,,586.5955024109035,0.9950837755394937,0.31716066124960657,0.9992759977745316,1.0000000000000002,7.105427357601002e-14
894.8220031,0.199061037,348.0878741,1406.600193,0.099925102,0.699572592,-10.11065279,-0.444611202,0.000838279,7.135204180601151e-14,0.92548986825207,0.0641201869263886,0.0086685949133517,0.0002566292677179,0.0002262183360439,0.0003951698714135,0.0008433293030964,3.12984612937313e-09,,585.2439998238139,0.9950743327301782,0.3164382175415516,0.9992735610420959,0.9999999999999996,7.194245199571014e-14
893.2259923,0.199059183,347.3096955,1406.596502,0.099921765,0.699560396,-10.11072926,-0.444687674,0.000839049,7.149241876666261e-14,0.925464829080316,0.0641262034816291,0.0086838005324006,0.0002571592561035,0.0002267285754383,0.00039598363213,0.000845292310997,3.13091390085026e-09,,583.921467748689,0.995065064880273,0.3157307943089852,0.9992709388906615,0.9999999999999998,7.172040739078511e-14
891.6625533,0.199057364,346.5479999,1406.593501,0.099918497,0.699548423,-10.11080417,-0.444762584,0.000839803,7.163041829834941e-14,0.925440238154491,0.0641320914672942,0.0086987475218301,0.0002576802800515,0.0002272311360878,0.0003967844167164,0.0008472238914972,3.13195972340689e-09,,582.6255362792253,0.9950559719897781,0.31503835537069574,0.9992688069273846,0.9999999999999994,7.227551890309769e-14
890.0991142,0.199055542,345.7869008,1406.590172,0.099915228,0.699536463,-10.1108791,-0.44483751,0.000840556,7.176889950387532e-14,0.925415588239199,0.0641379754039973,0.008713745977943,0.0002582031533182,0.0002277350243501,0.0003975875796314,0.0008491614884834,3.1330057133815e-09,,581.3314848841216,0.9950468641027624,0.3143464586960438,0.9992664419471284,0.9999999999999997,7.205347429817266e-14
888.5982127,0.19905379,345.0568059,1406.586965,0.099912089,0.699524981,-10.11095104,-0.44490945,0.000841279,7.190229802530141e-14,0.925391867440016,0.064143619609377,0.0087281931539425,0.0002587068582632,0.0002282204560832,0.0003983612581674,0.0008510280900686,3.1340099152205604e-09,,580.0902429471352,0.9950381061345673,0.31368274718529515,0.9992641636378219,0.9999999999999998,7.216449660063518e-14
887.0973112,0.199052035,344.3272595,1406.583746,0.09990895,0.699513499,-10.11102299,-0.444981399,0.000842001,7.203614609705761e-14,0.92536809063742,0.0641492595072379,0.0087426882392691,0.0002592122829419,0.000228707560614,0.0003991375380654,0.0008529010993657,3.1350141652436603e-09,,578.8500263709104,0.9950293331698511,0.31301953430255186,0.999261876803504,1.0000000000000002,7.183142969324763e-14
885.6264277,0.199050314,343.6128361,1406.580308,0.099905873,0.699502257,-10.11109352,-0.445051929,0.000842708,7.216775387420522e-14,0.925344735467005,0.0641547832066772,0.0087569401450798,0.000259709279252,0.0002291861489328,0.0003999004659231,0.0008547421510587,3.1359985291895303e-09,,577.6362559562584,0.9950207301657051,0.3123700693711735,0.9992594343877274,0.9999999999999993,7.283063041541027e-14
884.1855623,0.199048624,342.9135023,1406.57747,0.099902859,0.699491223,-10.11116259,-0.445121008,0.0008434,7.22971019708614e-14,0.925321802874338,0.0641601885376867,0.0087709462424092,0.000260197743816,0.0002296573455334,0.0004006509887057,0.0008565531304761,3.1369625390365104e-09,,576.4469277244231,0.9950122821256082,0.31173432202803286,0.9992574182225225,0.9999999999999998,7.249756350802272e-14
882.7446968,0.199046932,342.2146732,1406.574348,0.099899844,0.6994802,-10.11123169,-0.445190106,0.000844092,7.242686892233902e-14,0.925298818603014,0.0641655906370056,0.0087849971612442,0.0002606878202822,0.0002301297015679,0.0004014035816641,0.0008583693572231,3.13792674147123e-09,,575.2591903092921,0.9950038240878307,0.3110990334953831,0.9992552002987137,1.0,7.238654120556021e-14
881.0156583,0.199044899,341.3767437,1406.570588,0.099896227,0.699466973,-10.11131462,-0.445273035,0.000844921,7.25831472956571e-14,0.925271167977435,0.0641720678037545,0.0088019177274312,0.0002612780465306,0.0002306986047945,0.0004023099214372,0.0008605567794604,3.13908383193428e-09,,573.8351495398667,0.9949936614455128,0.31033729217333605,0.9992525291284634,1.0,7.260858581048524e-14
879.2866198,0.199042862,340.5395395,1406.566813,0.099892608,0.699453745,-10.11139756,-0.445355977,0.00084575,7.274003782882581e-14,0.92524344111648,0.0641785390964094,0.0088189035228268,0.0002618706142278,0.0002312697853363,0.0004032198024013,0.0008627529220047,3.1402409707128803e-09,,572.4124648521165,0.9949834788078339,0.30957621020387277,0.9992498473019488,0.9999999999999999,7.283063041541027e-14
877.592162,0.199040862,339.719783,1406.562733,0.099889062,0.699440796,-10.11147887,-0.445437285,0.000846562,7.28943859336604e-14,0.925216195477251,0.0641848761960391,0.0088356132686845,0.0002624536195027,0.0002318312129411,0.0004041144493264,0.0008649126348071,3.14137519632209e-09,,571.0204102324716,0.9949734811272459,0.3088309895139858,0.9992469487980603,1.0000000000000002,7.283063041541027e-14
875.932285,0.199038899,338.9174298,1406.559446,0.099885588,0.699428083,-10.11155851,-0.445516921,0.000847356,7.30461648129734e-14,0.925189431925562,0.064191076516688,0.0088520434269057,0.0002630269246194,0.0002323844199487,0.0004049951477378,0.0008670384959798,3.1424859444079103e-09,,569.6563201161645,0.9949636684037486,0.3081015897407152,0.9992446136553442,1.0000000000000004,7.260858581048524e-14
874.272408,0.199036934,338.1157439,1406.555779,0.099882113,0.699415384,-10.11163817,-0.44559658,0.00084815,7.319851572434112e-14,0.925162597976382,0.0641972722911935,0.0088685347594553,0.0002636024292176,0.0002329392104946,0.0004058786741566,0.0008691715154298,3.14359691336616e-09,,568.2943386656517,0.9949538456825708,0.30737279659363964,0.9992420085539326,0.9999999999999996,7.360778653264788e-14
872.6789261,0.199035043,337.3467523,1406.552246,0.099878777,0.699403193,-10.11171465,-0.445673065,0.000848912,7.334531571759352e-14,0.925136769766863,0.0642032150176306,0.0088844243036361,0.0002641569907428,0.00023347382937,0.0004067300003592,0.0008712269466617,3.1446634732071303e-09,,566.9880087787011,0.9949443928755748,0.3066737250392582,0.999239498648482,1.0000000000000002,7.316369732279782e-14
871.0854442,0.19903315,336.5783745,1406.548699,0.099875441,0.699391003,-10.11179115,-0.44574956,0.000849673,7.34926506388029e-14,0.92511087492539,0.0642091526324375,0.0089003708453728,0.0002647135983751,0.0002340104380647,0.0004075844199921,0.0008732899945638,3.1457300647386203e-09,,565.6828261661652,0.9949349300708981,0.3059752114755233,0.9992369787971848,0.9999999999999996,7.394085344003543e-14
869.5238319,0.199031291,335.8259596,1406.544895,0.09987217,0.699379069,-10.11186613,-0.445824543,0.000850418,7.363755933904601e-14,0.925085434101842,0.0642149671721972,0.0089160540683043,0.0002652610725767,0.0002345377742795,0.0004084243421582,0.0008753183217927,3.14677548004236e-09,,564.4055940086412,0.9949256372267915,0.30529120939580906,0.9992342763685593,0.9999999999999997,7.394085344003543e-14
867.9940893,0.199029467,335.0894699,1406.541779,0.099868967,0.699367353,-10.11193958,-0.445897989,0.000851148,7.37800173531456e-14,0.925060447722535,0.0642206567496476,0.0089314708552025,0.0002657992936347,0.0002350571729734,0.0004092508802338,0.0008773141778998,3.1477992991023204e-09,,563.1540424064221,0.9949165193420951,0.30462168452796273,0.9992320627072562,1.0,7.37188088351104e-14
866.4643467,0.199027641,334.353545,1406.538336,0.099865763,0.69935565,-10.11201304,-0.445971453,0.000851877,7.392297490302292e-14,0.925035400004227,0.0642263422589161,0.0089469410337786,0.0002663394339723,0.0002355779541967,0.000410079888131,0.0008793162778813,3.1488232784128803e-09,,561.9042797958169,0.9949073914597183,0.3039526731060551,0.9992296167393915,1.0000000000000002,7.37188088351104e-14
864.9957937,0.199025884,333.6475876,1406.53502,0.099862687,0.699344415,-10.11208357,-0.446041988,0.000852576,7.406068804939052e-14,0.925011295213783,0.0642317957899685,0.0089618428875189,0.0002668597808064,0.0002360796661682,0.0004108784752931,0.0008812450365813,3.1498063111365704e-09,,560.705499914367,0.9948986084973215,0.3033109044093033,0.9992272609945644,0.9999999999999998,7.427392034742297e-14
863.5272408,0.199024125,332.9421496,1406.531691,0.09985961,0.699333181,-10.11215412,-0.446112532,0.000853275,7.41988678278962e-14,0.924987132350817,0.0642372448318479,0.0089767944479903,0.0002673819119104,0.0002365831129999,0.0004116797598294,0.0008831804337417,3.1507893537483105e-09,,559.5076913915908,0.9948898155372443,0.3026696078864547,0.9992248960143082,1.0,7.405187574249794e-14
862.0880589,0.199022399,332.2513243,1406.528147,0.099856595,0.699322182,-10.11222327,-0.44618168,0.00085396,7.433473787546412e-14,0.924963397097577,0.0642425810848909,0.0089914954571854,0.0002678953426562,0.0002370777643458,0.0004124672785738,0.0008850828229439,3.1517528522935904e-09,,558.3354054236206,0.9948811875388968,0.30204159541365655,0.9992223782942639,1.0000000000000002,7.416289804496046e-14
860.6782481,0.199020704,331.5750798,1406.525201,0.099853641,0.699311386,-10.112291,-0.446249411,0.00085463,7.44682762973435e-14,0.924940089683791,0.0642478030811679,0.0090059431776939,0.0002683999686919,0.000237564780307,0.0004132419953356,0.0008869541602412,3.1526964757064e-09,,557.1867105266131,0.9948727145045984,0.30142683799139486,0.999220285403956,0.9999999999999994,7.51620987671231e-14
859.2684373,0.199019008,330.8993133,1406.521973,0.099850687,0.699300601,-10.11235874,-0.446317158,0.000855299,7.460225011782991e-14,0.924916728927249,0.0642530214451726,0.0090204374084361,0.0002689062662874,0.0002380530008808,0.0004140188649226,0.0008888309333362,3.1536402111790705e-09,,556.0395337055135,0.9948642364714597,0.3008125151073036,0.9992179921758795,0.9999999999999996,7.505107646466058e-14
857.5766643,0.199016969,330.0890236,1406.518085,0.099847141,0.69928766,-10.11244005,-0.446398464,0.000856102,7.4763598001366e-14,0.924888623944573,0.0642592779031376,0.0090378921861322,0.0002695160382085,0.0002386410187711,0.0004149544561427,0.000891091298187,3.15477269395644e-09,,554.6641001788054,0.9948540438361001,0.3000759004549741,0.9992152300721739,0.9999999999999994,7.527312106958561e-14
855.8848913,0.199014926,329.2794209,1406.514181,0.099843596,0.699274719,-10.11252137,-0.446479782,0.000856905,7.492558138708932e-14,0.924860439897019,0.0642655282412778,0.0090554146490563,0.0002701282397609,0.0002392313987607,0.0004158937197118,0.0008933606984329,3.1559051737576304e-09,,553.2899513560122,0.9948438312053794,0.29933991033763024,0.9992124566017865,0.9999999999999998,7.51620987671231e-14
854.2269538,0.19901292,328.4866766,1406.509976,0.09984012,0.699262051,-10.11260108,-0.446559493,0.00085769,7.50849438917507e-14,0.924832743773672,0.0642716483042774,0.009072652732363,0.0002707305713888,0.0002398117071829,0.0004168172792607,0.000895592474765,3.1570151325875503e-09,,551.9453616602245,0.9948338035317497,0.29861924578157006,0.9992094692956955,1.0,7.505107646466058e-14
852.6028518,0.199010952,327.7107484,1406.506562,0.099836716,0.699249613,-10.11267916,-0.446637572,0.000858459,7.52416556726106e-14,0.924805535625858,0.0642776363008633,0.009089602754206,0.0002713228935171,0.0002403835241761,0.000417726444641,0.0008977892985605,3.15810216156021e-09,,550.6277629199536,0.9948239658140509,0.2979138683328926,0.9992070439299418,0.9999999999999993,7.593925488436071e-14
850.9787497,0.19900898,326.9354523,1406.50277,0.09983331,0.69923719,-10.11275726,-0.446715669,0.000859228,7.53989620438632e-14,0.924778254746544,0.0642836192559434,0.0091066162635422,0.0002719174970466,0.0002409569869135,0.0004186385509002,0.0008999935398446,3.1591893119084105e-09,,549.3121762463168,0.994814108100991,0.29720906551094645,0.9992043500263277,0.9999999999999992,7.627232179174825e-14
849.4196117,0.199007084,326.1917618,1406.499115,0.099830041,0.699225265,-10.11283224,-0.446790653,0.000859965,7.55505400525661e-14,0.924751994963752,0.0642893574594121,0.0091230092832201,0.0002724904720271,0.0002415096065355,0.0004195174304444,0.0009021176242999,3.1602329611302504e-09,,548.0503236671047,0.9948046302997935,0.2965329945710119,0.9992017534499275,0.9999999999999997,7.582823258189819e-14
847.8604738,0.199005185,325.4486525,1406.495447,0.099826772,0.699213339,-10.11290723,-0.446865646,0.000860702,7.57026735413057e-14,0.92472566609432,0.0642950903086531,0.0091394614556587,0.0002730655703631,0.0002420642901231,0.000420399518662,0.0009042496008671,3.16127659230761e-09,,546.7895583227908,0.9947951375020752,0.2958574519858571,0.9991991476380983,0.9999999999999994,7.627232179174825e-14
846.3325185,0.19900332,324.7209693,1406.491526,0.099823567,0.699201666,-10.11298074,-0.446939154,0.000861423,7.58523052633643e-14,0.924699797734266,0.0643007037866951,0.0091556423034958,0.0002736312403035,0.0002426093973091,0.0004212666588892,0.0009063457166659,3.16229942764534e-09,,545.55576986726,0.9947858146649268,0.2951959328929031,0.9991963620906112,0.9999999999999999,7.593925488436071e-14
844.8357461,0.19900149,324.0086764,1406.488291,0.099820428,0.699190205,-10.11305275,-0.44701116,0.00086213,7.599940811434551e-14,0.924674389629712,0.0643061966702534,0.009171548582811,0.000274187360428,0.0002431463048692,0.0004221199859495,0.0009084083025999,3.1633011774381703e-09,,544.3467709972388,0.9947766667871887,0.2945484047472408,0.9991940638896113,1.0000000000000002,7.582823258189819e-14
843.3389736,0.198999658,323.2969184,1406.48473,0.099817288,0.699178757,-10.11312477,-0.447083179,0.000862835,7.614703043917212e-14,0.924648918204144,0.0643116849901438,0.0091875102815678,0.0002747454713249,0.0002436846488912,0.0004229758821735,0.0009104773573752,3.1643029886180403e-09,,543.1394801429556,0.9947675089117699,0.29390136286615465,0.9991915340924674,0.9999999999999997,7.649436639667329e-14
841.9020721,0.198997895,322.6141333,1406.4813,0.099814274,0.699167768,-10.11319391,-0.447152326,0.000863513,7.62892399049681e-14,0.924624404422488,0.0643169490548996,0.009202885908473,0.0002752831387179,0.0002442032873768,0.0004238003841231,0.00091247063858,3.1652647060588e-09,,541.9814207293791,0.9947586959563316,0.2932806595435624,0.9991890973600317,0.9999999999999996,7.671641100159832e-14
840.4651705,0.19899613,321.93184,1406.477857,0.099811259,0.699156779,-10.11326307,-0.447221482,0.000864189,7.643193393336102e-14,0.924599830392645,0.0643222084449179,0.0092183131282763,0.0002758226580979,0.000244723725793,0.000424627684117,0.0009144707998498,3.1662263954938404e-09,,540.8242816196038,0.9947498730032125,0.29266040330438503,0.999186651392167,0.9999999999999997,7.671641100159832e-14
839.057007,0.198994398,321.2636699,1406.474203,0.099808304,0.699146021,-10.11333086,-0.447289272,0.000864852,7.657224492147392e-14,0.924575689919161,0.0643273588527087,0.0092334821211163,0.0002763531962868,0.0002452350819511,0.0004254407853236,0.0009164368762072,3.16716896904373e-09,,539.6917758806803,0.9947412150118232,0.2920529861227172,0.9991840555261844,1.0000000000000002,7.638334409421077e-14
837.6775815,0.198992698,320.6095928,1406.471144,0.09980541,0.699135461,-10.11339725,-0.447355666,0.000865501,7.67101515669836e-14,0.924551983806033,0.0643323982402989,0.0092483900571539,0.0002768746427379,0.0002457385437769,0.0004262406788641,0.0009183708629662,3.1680919844617904e-09,,538.582053931752,0.9947327169833233,0.29145838054447376,0.9991818823586857,0.9999999999999996,7.716050021144838e-14
836.298156,0.198990996,319.9559685,1406.467805,0.099802515,0.699124913,-10.11346366,-0.447422078,0.000866149,7.684850998052831e-14,0.924528222188341,0.0643374339853646,0.0092633462691562,0.0002773978249559,0.0002462432605314,0.000427042808912,0.0009203104936472,3.1690151085903604e-09,,537.4737771443554,0.994724208957143,0.29086418659569396,0.9991795102742532,1.0000000000000002,7.66053886991358e-14
834.6428454,0.198988949,319.1722162,1406.463784,0.099799041,0.699112255,-10.11354337,-0.447501781,0.000866927,7.701514165859592e-14,0.924499633446628,0.0643434710867964,0.0092813577721392,0.0002780279427858,0.0002468511549461,0.0004280088378638,0.000922646588641,3.17012281434095e-09,,536.1449615708922,0.994713976331061,0.2901516964480629,0.9991766536850043,1.0,7.693845560652335e-14
832.9875348,0.198986899,318.3891145,1406.459746,0.099795566,0.699099598,-10.11362308,-0.447581495,0.000867703,7.71824333561396e-14,0.924470962668451,0.0643495018132321,0.0092994395382375,0.0002786605827788,0.0002474615003432,0.0004289786767455,0.000924992048904,3.1712304655661203e-09,,534.8173632524232,0.9947037287084581,0.28943979774506307,0.9991737850186557,0.9999999999999997,7.749356711883593e-14
831.3653304,0.198984886,317.6223063,1406.455411,0.099792161,0.69908721,-10.11370122,-0.447659629,0.000868464,7.734702254717471e-14,0.924442786952883,0.0643554061654695,0.0093172282609935,0.0002792830335232,0.0002480614434143,0.0004299323233415,0.0009272986479812,3.17231599450043e-09,,533.5182981608184,0.9946936660429463,0.28874271106650057,0.9991707053582741,0.9999999999999996,7.782663402622347e-14
829.7762323,0.198982911,316.8717509,1406.451866,0.099788825,0.699075045,-10.11377776,-0.44773617,0.000869209,7.75088763200507e-14,0.924415105592622,0.0643611830897065,0.0093347201086835,0.0002798951533224,0.0002486526143277,0.0004308711136255,0.0009295691542558,3.1733791376436304e-09,,532.2452907026462,0.9946837933333657,0.28806039941299566,0.9991681869278123,1.0,7.749356711883593e-14
828.1871341,0.198980931,316.1217944,1406.447943,0.099785489,0.699062896,-10.11385431,-0.447812724,0.000869953,7.767134832662962e-14,0.924387349012521,0.0643669544915952,0.0093522778717691,0.0002805096405777,0.0002492454962703,0.0004318129629742,0.0009318473497725,3.17444230659342e-09,,530.9742037991964,0.9946738956295833,0.28737863220490983,0.9991653999594898,0.9999999999999999,7.782663402622347e-14
826.6615999,0.198979028,315.4023987,1406.444162,0.099782285,0.699051233,-10.11392781,-0.447886225,0.000870667,7.78279071763483e-14,0.924360629912659,0.0643724893763354,0.0093691956697513,0.0002811017862902,0.0002498168374098,0.0004327205183363,0.0009340427236774,3.1754628881117303e-09,,529.7550127451092,0.9946643828365038,0.2867246470765751,0.9991627138704697,1.0,7.782663402622347e-14
825.1360656,0.198977121,314.6835535,1406.440368,0.099779082,0.699039571,-10.11400132,-0.447959735,0.000871381,7.7985043047941e-14,0.9243338391266,0.0643780186752827,0.009386174882815,0.0002816961365149,0.0002503903204137,0.0004336314031419,0.0009362462786696,3.17648340536884e-09,,528.5368519803286,0.9946548500480631,0.28607116239439695,0.9991600185460204,0.9999999999999992,7.87148124459236e-14
823.641042,0.198975249,313.9796194,1406.436324,0.099775942,0.699028155,-10.11407338,-0.448031792,0.000872079,7.81395974672996e-14,0.924307515348996,0.0643834326984111,0.009402874435183,0.0002822807536319,0.0002509539146374,0.0004345268686444,0.0009384128029342,3.17748359296274e-09,,527.3447311180533,0.9946454922190325,0.28543123303044926,0.9991571456171662,0.9999999999999997,7.849276784099857e-14
822.1765292,0.198973412,313.2905625,1406.432965,0.099772866,0.699016947,-10.11414396,-0.448102369,0.000872763,7.829154409413712e-14,0.924281659031614,0.0643887295203919,0.0094192909733105,0.0002828555087531,0.0002515090302817,0.0004354080827727,0.0009405446743341,3.1784630242375603e-09,,526.1765549697866,0.9946363093494124,0.28480482816706676,0.9991547593243814,0.9999999999999992,7.904787935331115e-14
820.7120163,0.198971572,312.6020124,1406.429282,0.09976979,0.699005753,-10.11421455,-0.448172963,0.000873447,7.84440297145337e-14,0.924255736735266,0.06439402182775,0.0094357650505859,0.0002834323319884,0.0002520656431783,0.0004362919660412,0.0009426832656695,3.17944252580891e-09,,525.010004615748,0.9946271114832714,0.2841788840232341,0.999152142856288,1.0000000000000002,7.838174553853605e-14
819.3060839,0.198969803,311.9414803,1406.425733,0.099766836,0.698995007,-10.11428233,-0.448240739,0.000874103,7.859092720687352e-14,0.924230787854503,0.0643990974690559,0.0094516345717742,0.0002839880351396,0.0002526018886174,0.0004371434431928,0.0009447435572554,3.1803827763464203e-09,,523.8910073620291,0.9946182685347912,0.28357841036153764,0.9991496215841554,0.9999999999999997,7.893685705084863e-14
817.9001516,0.198968031,311.2814143,1406.422172,0.099763883,0.698984262,-10.11435011,-0.448308524,0.000874758,7.873832796831422e-14,0.924205776387368,0.064404168294321,0.0094675576655884,0.0002845456615837,0.0002531400026437,0.0004379978236395,0.0009468109834541,3.18132297089768e-09,,522.7728816280658,0.9946094105897901,0.2829783604200111,0.9991470917870116,1.0,7.882583474838611e-14
816.5223379,0.198966291,310.6350019,1406.418402,0.099760988,0.698973744,-10.11441655,-0.44837496,0.0008754,7.88832716571011e-14,0.92418120572116,0.0644091330510309,0.0094832145594469,0.0002850940113242,0.0002536687296517,0.0004388375619202,0.000948843183143,3.1822443107811703e-09,,521.6785462411251,0.9946007126076785,0.28239072263405945,0.9991444135125851,1.0000000000000002,7.87148124459236e-14
815.1726428,0.198964584,310.0022141,1406.415227,0.099758152,0.698963418,-10.11448163,-0.448440046,0.000876028,7.902573107763142e-14,0.924157074706086,0.06441399161909,0.0094986022836382,0.0002856329777923,0.0002541893066215,0.0004396636588355,0.0009508422647107,3.1831467307750403e-09,,520.6062034608409,0.9945921795872966,0.28181547064048806,0.9991421579366424,0.9999999999999999,7.915890165577366e-14
813.8229477,0.198962875,309.3698554,1406.411773,0.099755316,0.698953104,-10.11454673,-0.44850514,0.000876656,7.91686613661046e-14,0.924132886659078,0.0644188458033758,0.0095140401506483,0.0002861737443898,0.0002547111855083,0.0004404920856068,0.0009528471872643,3.18404911379794e-09,,519.5352443760144,0.9945836365692341,0.2812406087312869,0.9991397041541838,0.9999999999999996,7.960299086562372e-14
812.2033137,0.198960819,308.6115905,1406.407613,0.099751912,0.698940728,-10.11462485,-0.448583261,0.000877409,7.9340802890092e-14,0.924103783407686,0.0644246647412999,0.0095326321065457,0.0002868250517675,0.0002553397590278,0.0004414898025361,0.0009552619459252,3.18513187325364e-09,,518.2511520529064,0.9945733589535896,0.2805512885589002,0.9991367488168857,0.9999999999999993,8.004708007547379e-14
810.5836796,0.19895876,307.853942,1406.403435,0.099748508,0.698928352,-10.11470298,-0.44866139,0.000878162,7.951363021195031e-14,0.924074595001044,0.0644304770351365,0.0095512970331568,0.0002874789784521,0.0002559708767426,0.0004424914738384,0.0009576864153355,3.1862145255543104e-09,,516.968213269189,0.9945630663414241,0.2798625287407569,0.9991337806920704,0.9999999999999998,7.971401316808624e-14
808.9964382,0.198956738,307.1120447,1406.398965,0.099745172,0.698916241,-10.11477956,-0.448737975,0.000878899,7.968366884239071e-14,0.924045908780937,0.0644361673027122,0.0095696598941973,0.0002881223861135,0.0002565912523391,0.0004434764417698,0.0009600707545755,3.1872755515002505e-09,,515.7128199886988,0.9945529586863494,0.27918808795531475,0.9991306051253102,0.9999999999999997,8.004708007547379e-14
807.4415895,0.198954754,306.3858603,1406.395282,0.099741903,0.698904347,-10.11485458,-0.448812989,0.00087962,7.98508865414069e-14,0.924017724780242,0.0644417337507009,0.0095877167262732,0.0002887551245691,0.0002572025569674,0.0004444460814247,0.0009624177914283,3.18831454334905e-09,,514.4825990096674,0.9945430409872061,0.2785279313849756,0.9991279886572165,0.9999999999999999,7.993605777301127e-14
805.8867408,0.198952766,305.6602432,1406.391224,0.099738635,0.698892469,-10.11492961,-0.448888019,0.000880341,8.00187459618804e-14,0.923989462406308,0.0644472947037207,0.0096058420151272,0.0002893903230483,0.0002578156451591,0.0004454189001197,0.0009647728170833,3.1893535666320704e-09,,513.2542068710856,0.9945331032927015,0.27786829053326445,0.9991251057825157,0.9999999999999999,8.01581023779363e-14
804.394086,0.198950854,304.9641837,1406.387312,0.099735497,0.698881067,-10.11500164,-0.448960057,0.000881033,8.01804996980711e-14,0.923962254972562,0.0644526273134652,0.0096233070485311,0.0002900024379953,0.0002584064672147,0.0004463563146707,0.0009670422551299,3.1903509209863804e-09,,512.0759477965481,0.9945235455100594,0.27723551977659167,0.9991223266287873,0.9999999999999999,8.026912468039882e-14
802.9014312,0.198948938,304.268646,1406.383386,0.099732358,0.698869666,-10.11507369,-0.449032103,0.000881724,8.0342852987131e-14,0.923934973075853,0.0644579541402533,0.0096408358729077,0.0002906168428768,0.0002589995132185,0.0004472971851183,0.0009693201783436,3.1913481730806403e-09,,510.89866475239904,0.9945139677320559,0.2766032233756038,0.9991195375292121,0.9999999999999998,8.060219158778636e-14
801.4386296,0.198947057,303.5875249,1406.379214,0.099729281,0.698858505,-10.11514432,-0.449102732,0.000882401,8.05025410198542e-14,0.923908164816374,0.0644631700775736,0.0096580763549548,0.0002912211993189,0.0002595823484949,0.0004482221437721,0.0009715598671051,3.19232562801121e-09,,509.7465206630473,0.9945045649134628,0.27598403275492733,0.9991165736669027,0.9999999999999993,8.115730310009894e-14
800.005681,0.198945212,302.9207891,1406.375727,0.099726269,0.69884755,-10.11521348,-0.449171893,0.000883063,8.06595412146098e-14,0.923881832469778,0.0644682713978499,0.00967502504538,0.0002918153658229,0.0002601564095244,0.000449132402273,0.000973763716008,3.19328250443e-09,,508.617518206262,0.9944953420531204,0.27537791946049367,0.9991140964406626,0.9999999999999993,8.137934770502397e-14
798.5727324,0.198943363,302.2545332,1406.371916,0.099723255,0.698836608,-10.11528266,-0.449241078,0.000883725,8.081709987074642e-14,0.92385543096349,0.06447336863756,0.009692033495166,0.0002924116833861,0.0002607320347512,0.0004500454317025,0.0009759745596241,3.1942395375931e-09,,507.4900599569376,0.9944860991974167,0.2747722424314744,0.9991113890391137,1.0000000000000002,8.060219158778636e-14
797.1971018,0.198941585,301.6153786,1406.368244,0.099720362,0.698826103,-10.11534909,-0.449307502,0.000884361,8.096888750406331e-14,0.923830019572887,0.0644782568395843,0.0097084181253643,0.0002929861769999,0.0002612866049501,0.0004509250015268,0.0009781044834477,3.1951581851887e-09,,506.40854422015565,0.9944772112593738,0.27419120253492407,0.999108780385614,0.9999999999999991,8.182343691487404e-14
795.8214711,0.198939804,300.9766657,1406.364559,0.099717468,0.6988156,-10.11541552,-0.449373933,0.000884996,8.112119840114012e-14,0.923804543263554,0.0644831399553937,0.0097248584105431,0.0002935626682919,0.0002618431148133,0.0004518075861302,0.0009802418051162,3.19607672475046e-09,,505.32785508803755,0.9944683083248101,0.27361056417709745,0.9991061624966853,1.0000000000000002,8.093525849517391e-14
794.4733531,0.198938056,300.3511554,1406.360669,0.099714632,0.698805316,-10.11548064,-0.449439057,0.000885617,8.12709705237006e-14,0.923779513684738,0.0644879216147621,0.0097410241647649,0.0002941295830439,0.0002623899348794,0.0004526750539222,0.0009823427668314,3.19697701272192e-09,,504.27013118792337,0.9944595703519762,0.2730419279817181,0.9991033989721444,1.0,8.115730310009894e-14
793.1527477,0.198936341,299.738821,1406.357373,0.099711855,0.698795225,-10.11554441,-0.449502828,0.000886226,8.1418183831324e-14,0.923754932772649,0.0644925986553153,0.0097569123590851,0.0002946867973817,0.0002629283134067,0.0004535284553814,0.0009844094488412,3.19785838521594e-09,,503.23367287537593,0.9944509973408718,0.27248526967646586,0.9991010574356698,1.0,8.137934770502397e-14
791.8321423,0.198934622,299.1268929,1406.353799,0.099709076,0.698785143,-10.11560821,-0.449566619,0.000886835,8.15658840375736e-14,0.923730291662409,0.0644972720702349,0.0097728526314609,0.0002952458859981,0.0002634680553829,0.0004543842727301,0.0009864822229626,3.19873987118157e-09,,502.1985252422853,0.9944424043344064,0.2719289807286585,0.9990985184030967,1.0,8.1601392309949e-14
790.5643611,0.19893297,298.539824,1406.350357,0.099706409,0.698775466,-10.11566945,-0.449627865,0.000887418,8.170813916834722e-14,0.923706578762784,0.0645017540560923,0.0097882045274921,0.0002957843783312,0.0002639879234666,0.0004552085239201,0.0009884786282459,3.1995859965338e-09,,501.2054983381786,0.9944341462502405,0.2713952906747593,0.9990960731456496,0.9999999999999999,8.182343691487404e-14
789.2965799,0.198931315,297.9531289,1406.346903,0.099703741,0.69876579,-10.1157307,-0.449689115,0.000888002,8.18508500765258e-14,0.923682809356792,0.0645062315921765,0.0098036048882919,0.0002963246101563,0.0002645094802019,0.0004560354000343,0.0009904814718334,3.20043201520577e-09,,500.2131715389674,0.994425873169554,0.2708619404333458,0.9990936193631911,1.0,8.171241461241152e-14
787.9020206,0.198929492,297.308196,1406.34309,0.099700807,0.698755146,-10.11579808,-0.449756498,0.000888643,8.200836090140851e-14,0.923656597338228,0.064511151799627,0.009820601538394,0.0002969208846145,0.000265085153275,0.0004569480097826,0.0009926920746339,3.2013625263136904e-09,,499.1224194236175,0.994416760283698,0.2702756476248486,0.999090910540807,0.9999999999999996,8.248957072964913e-14
786.3806832,0.198927499,296.6051482,1406.338916,0.099697605,0.698743536,-10.1158716,-0.449830012,0.000889342,8.21808264672221e-14,0.92362792366609,0.06451651305936,0.0098392109084275,0.0002975737908763,0.000265715514205,0.0004579472437557,0.0009951126148259,3.2023774688063502e-09,,497.9334732173099,0.994406797594992,0.26963652397466764,0.9990879452576621,1.0,8.215650382226158e-14
784.8593458,0.198925502,295.9026378,1406.334724,0.099694404,0.698731927,-10.11594512,-0.449903535,0.000890041,8.235395870085912e-14,0.923599167257154,0.064521867879634,0.0098578911810024,0.0002982292423206,0.0002663483459969,0.0004589503169514,0.0009975425734658,3.2033922613729504e-09,,496.74553249093873,0.9943968149109247,0.2689978888617521,0.9990849671870002,0.9999999999999998,8.260059303211165e-14
783.3988618,0.198923582,295.228733,1406.330685,0.09969133,0.698720783,-10.11601571,-0.449974124,0.000890712,8.25207965396654e-14,0.923571482853515,0.0645270023828925,0.0098758913299505,0.0002988608837763,0.0002669582020806,0.0004599168999244,0.000999884243412,3.20436631157475e-09,,495.6060549705139,0.9943872171375601,0.26838525840383665,0.9990820978102339,1.0,8.248957072964913e-14
781.9383779,0.198921658,294.5553229,1406.326631,0.099688256,0.698709641,-10.11608631,-0.45004472,0.000891382,8.268825585243002e-14,0.923543721341789,0.0645321308745341,0.0098939575682273,0.0002994948975897,0.0002675703610466,0.00046088706123,0.0010022346901601,3.20534021506224e-09,,494.46750290980776,0.9943775993688344,0.2677730776656554,0.9990792177772035,0.9999999999999999,8.282263763703668e-14
780.5071036,0.198919769,293.8958607,1406.322334,0.099685242,0.698698734,-10.11615551,-0.450113925,0.000892038,8.285296975229432e-14,0.923516440766571,0.064537151987834,0.009911726963906,0.0003001185503679,0.000268171987792,0.0004618408347118,0.0010045457024397,3.2062946993405604e-09,,493.35324432198905,0.9943681565595189,0.2671735766240188,0.9990761651126915,0.9999999999999999,8.293365993949919e-14
779.1050391,0.198917915,293.2503164,1406.31872,0.099682291,0.698688027,-10.11622328,-0.450181695,0.00089268,8.301491282535611e-14,0.923489642680108,0.0645420627014991,0.0099291959325711,0.0003007316988235,0.0002687645633615,0.0004627794547486,0.0010068197615758,3.2072291219592704e-09,,492.26135040707914,0.9943588887096138,0.2665867280066566,0.9990735976634137,0.9999999999999998,8.326672684688674e-14
777.7029745,0.198916058,292.6052273,1406.314784,0.09967934,0.698677333,-10.11629107,-0.450249487,0.000893322,8.31774354428521e-14,0.923462773218534,0.0645469689088239,0.0099467268220832,0.0003013470749297,0.0002693587611125,0.0004637209507212,0.0010091010555484,3.20816361837058e-09,,491.17093218393285,0.9943496058631878,0.26600029320053975,0.9990708014596624,0.9999999999999997,8.348877145181177e-14
776.3569925,0.198914272,291.9863694,1406.310992,0.099676506,0.698667068,-10.11635616,-0.450314572,0.000893938,8.333400799599581e-14,0.923436910252899,0.0645516735047568,0.0099636150367752,0.0003019399379168,0.0002699312309388,0.0004646279573041,0.0010112988702657,3.20906058915765e-09,,490.1249312806694,0.9943406779344226,0.2654377045401509,0.9990681075560484,1.0000000000000004,8.304468224196171e-14
775.0110105,0.198912482,291.3679302,1406.307186,0.099673672,0.698656804,-10.11642125,-0.450379664,0.000894553,8.349112288861892e-14,0.923410980006437,0.0645563728599781,0.0099805609179589,0.0003025348709381,0.0002705057098765,0.0004655380854781,0.001013504339292,3.2099574224088203e-09,,489.0797137685281,0.9943317300102962,0.26487549650974535,0.9990654037065877,0.9999999999999996,8.393286066166183e-14
773.6919482,0.198910726,290.7622661,1406.303179,0.099670894,0.698646756,-10.11648506,-0.450443471,0.000895156,8.36456223323857e-14,0.923385503626324,0.0645609739728204,0.0099972241247998,0.0003031199279383,0.0002710701922386,0.0004664326425521,0.001015672302407,3.21083634827013e-09,,488.0566927552692,0.9943229520467399,0.264324902011938,0.9990625570631854,1.0,8.348877145181177e-14
772.3998055,0.198909002,290.1693514,1406.299765,0.099668173,0.698636894,-10.11654754,-0.450505957,0.000895746,8.379748353401921e-14,0.923360482326205,0.0645654743877067,0.0100136015075603,0.0003036949838798,0.0002716259660943,0.0004673126981025,0.0010178049186708,3.2116968421368805e-09,,487.0542256124973,0.994314334046073,0.2637858976834842,0.9990601316974316,1.0,8.382183835919932e-14
771.1076627,0.198907276,289.576822,1406.296073,0.099665452,0.698627043,-10.11661005,-0.450568461,0.000896336,8.394985002532622e-14,0.923335398869406,0.0645699708260144,0.0100300328580824,0.0003042719811452,0.0002721831542041,0.000468195261183,0.0010199438373236,3.21255738143125e-09,,486.05301100160335,0.9943057060477254,0.26324724362188623,0.9990575088355794,0.9999999999999999,8.404388296412435e-14
769.8672057,0.198905616,289.0083561,1406.292518,0.09966284,0.698617587,-10.11667006,-0.450628469,0.000896902,8.409660193624341e-14,0.923311259303658,0.0645742826971026,0.0100458579748005,0.0003048277295974,0.0002727198314809,0.0004690452836661,0.0010220039662266,3.21338335620723e-09,,485.0925232042866,0.9942974079728373,0.26273046510268544,0.9990549833009412,0.9999999999999996,8.448797217397441e-14
768.6267487,0.198903953,288.4402447,1406.28895,0.099660227,0.698608131,-10.11673007,-0.450688482,0.000897468,8.42438262155425e-14,0.923287061138504,0.0645785900124611,0.0100617333131919,0.0003053852808814,0.0002732582583063,0.0004698980241457,0.0010240707582159,3.2142092045853e-09,,484.1326986584014,0.9942890949014282,0.2622140088508098,0.999052448530874,0.9999999999999998,8.448797217397441e-14
767.262246,0.19890212,287.8157314,1406.285013,0.099657353,0.698597732,-10.11679609,-0.450754502,0.00089809,8.440632141948412e-14,0.923260375201611,0.0645833227087851,0.010079254481904,0.000306000679668,0.0002738525579882,0.0004708391939748,0.001026351960867,3.21511747683045e-09,,483.0776578854337,0.9942799320271692,0.26164627900387405,0.999049651616705,1.0,8.43769498715119e-14
765.7736976,0.198900118,287.1349329,1406.280701,0.099654218,0.698586388,-10.11686812,-0.45082653,0.000898768,8.458424783787502e-14,0.923231181671359,0.064588479198498,0.0100984385080565,0.0003066745369629,0.0002745033233026,0.000471869714872,0.0010288498307566,3.2161081186036603e-09,,481.92761932238136,0.9942699243489005,0.26102738165100886,0.9990465882959287,1.0000000000000002,8.43769498715119e-14
764.2851492,0.198898111,286.4546439,1406.276372,0.099651082,0.698575045,-10.11694015,-0.450898564,0.000899445,8.476286550298582e-14,0.923201902429174,0.0645936290017446,0.0101176960141714,0.0003073510318923,0.000275156647972,0.0004729042121688,0.001031357445693,3.2170985637324203e-09,,480.77853417723713,0.9942598916764304,0.2604089474721978,0.9990435128980529,0.9999999999999994,8.526512829121202e-14
762.8561428,0.198896181,285.8020457,1406.2722,0.099648071,0.698564158,-10.11700931,-0.450967725,0.000900095,8.493499258328242e-14,0.923173713270289,0.0645985664726955,0.0101362527475658,0.0003080029627122,0.0002757862611534,0.0004739010920287,0.0010337739754213,3.2180491997868503e-09,,479.6763088977032,0.994250243914663,0.2598156863259635,0.9990405490357434,0.9999999999999999,8.504308368628699e-14
761.4271363,0.198894247,285.1499164,1406.268012,0.099645061,0.698553271,-10.11707848,-0.45103689,0.000900745,8.51077642461763e-14,0.923145444283816,0.0646034976447316,0.0101548779774251,0.0003086573519332,0.0002764182593231,0.0004749016787469,0.0010361995849394,3.21899963445884e-09,,478.5749617080371,0.9942405761575343,0.2592228514453111,0.9990375738067518,1.0,8.515410598874951e-14
760.02671,0.198892348,284.5112848,1406.263585,0.09964211,0.698542616,-10.11714628,-0.45110469,0.000901381,8.527770712379072e-14,0.923117663918062,0.0646083249727116,0.0101731975375242,0.0003093010561326,0.0002770393923719,0.000475885383548,0.0010385845196331,3.21993103993317e-09,,477.4970963345122,0.9942310833598158,0.2586422869953365,0.9990344287879491,0.9999999999999998,8.548717289613705e-14
758.6548637,0.198890484,283.886122,1406.259841,0.09963922,0.698532155,-10.11721268,-0.451171089,0.000902004,8.544479296667912e-14,0.923090373055165,0.0646130460874165,0.010191207702977,0.0003099339299528,0.0002776511877988,0.0004768534651603,0.0010409313506014,3.2208429028488703e-09,,476.4408494154065,0.9942217655215078,0.2580739667037527,0.999031768984381,1.0,8.537615059367454e-14
757.2830175,0.198888617,283.261391,1406.255775,0.099636329,0.698521708,-10.11727909,-0.451237505,0.000902627,8.561248062722912e-14,0.923063008549176,0.0646177622005658,0.010209282053621,0.0003105691113045,0.0002782646654186,0.0004778245330816,0.0010432856649923,3.22175474383418e-09,,475.3860139006617,0.9942124326866787,0.25750603895104346,0.9990288804263391,1.0000000000000002,8.537615059367454e-14
755.9660452,0.198886822,282.6620548,1406.251858,0.099633554,0.69851168,-10.11734286,-0.45130127,0.000903224,8.577403184641362e-14,0.923036667809677,0.0646222841635659,0.0102266941280542,0.0003111810642945,0.0002788557178156,0.0004787600419962,0.0010455538518809,3.22262993950229e-09,,474.3741304190196,0.9942034597683509,0.25696119699317155,0.9990260977205225,1.0,8.58202398035246e-14
754.6490728,0.198885023,282.0631156,1406.247927,0.099630778,0.698501653,-10.11740663,-0.45136504,0.000903821,8.593614567474102e-14,0.923010257417353,0.064626800625216,0.0102441659771097,0.0003117951626168,0.0002794488511145,0.0004796987851182,0.0010478299578811,3.22350494835125e-09,,473.3629903535876,0.994194466854662,0.25641671593834076,0.9990233050688592,1.0000000000000002,8.570921750106208e-14
753.3584399,0.198883257,281.4765405,1406.243797,0.099628057,0.698491837,-10.11746914,-0.451427554,0.000904405,8.60955628677896e-14,0.922984307892454,0.0646312225780249,0.0102613466837592,0.0003123990767114,0.0002800316744014,0.0004806214812989,0.0010500673889008,3.22436250376533e-09,,472.37330407619214,0.9941856389027027,0.25588347478600765,0.9990203710440898,0.9999999999999992,8.681944052568724e-14
752.0941464,0.198881524,280.9023052,1406.24026,0.099625393,0.698482204,-10.11753035,-0.451488767,0.000904978,8.62522618674392e-14,0.922958821201494,0.0646355468222737,0.0102782329987626,0.0003129926736806,0.0002806055050451,0.0004815292324569,0.0010522683409989,3.22520193330457e-09,,471.40349638919986,0.9941769759124731,0.25536145144563344,0.9990178582969688,0.9999999999999999,8.637535131583718e-14
750.829853,0.198879788,280.3284354,1406.236447,0.099622729,0.698472581,-10.11759159,-0.45155,0.00090555,8.640948436791272e-14,0.922933269912697,0.0646398671067607,0.0102951752535613,0.0003135882838872,0.0002811808062608,0.0004824395838602,0.0010544758268451,3.2260414141408e-09,,470.43488273284333,0.9941682979257227,0.2548397603724168,0.9990151494745846,1.0,8.626432901337466e-14
749.6161312,0.198878118,279.7778639,1406.232774,0.09962017,0.698463344,-10.11765037,-0.451608788,0.000906099,8.65609158364573e-14,0.922908679051585,0.0646440097103004,0.0103114927072856,0.0003141619678759,0.0002817349363823,0.00048331638244,0.0010566020171973,3.2268471434483703e-09,,469.50565663325057,0.9941599498624316,0.25433924921689427,0.9990125401106673,1.0000000000000002,8.637535131583718e-14
748.4024095,0.198876446,279.2276286,1406.229089,0.099617612,0.698454109,-10.11770917,-0.45166758,0.000906647,8.67128373029536e-14,0.922884027486946,0.0646481475613964,0.010327862224291,0.0003147375206318,0.0002822908790264,0.0004841959971474,0.0010587351028209,3.22765270976829e-09,,468.5770596926569,0.9941515918014601,0.2538390436926122,0.9990099222217385,0.9999999999999994,8.72635297355373e-14
747.0673156,0.198874603,278.622758,1406.225021,0.099614797,0.698443951,-10.11777384,-0.451732256,0.000907251,8.688051971980842e-14,0.922856840304116,0.0646526936800086,0.0103459291274605,0.0003153727978999,0.0002829045197702,0.0004851668420966,0.0010610895000226,3.22853864149377e-09,,467.556329357904,0.9941423789387981,0.25328917054634936,0.9990070322428614,1.0,8.693046282814976e-14
745.6108495,0.198872589,277.9633626,1406.220566,0.099611727,0.698432871,-10.1178444,-0.451802817,0.000907908,8.706412942729281e-14,0.922827096982281,0.0646576463952898,0.0103657110708506,0.0003160684330377,0.0002835764726555,0.0004862298725408,0.0010636675437528,3.2295048686785302e-09,,466.4436730067301,0.9941323112744458,0.2526897302309675,0.9990038673323655,1.0,8.693046282814976e-14
744.1543835,0.19887057,277.3044505,1406.216094,0.099608656,0.698421792,-10.11791497,-0.451873384,0.000908565,8.724845626254102e-14,0.922797264872302,0.0646625921270937,0.0103855691946457,0.0003167668024394,0.0002842510771266,0.0004872970233368,0.0010662556724975,3.2304708441360304e-09,,465.331921174964,0.9941222186158921,0.2520907292718572,0.99900069034477,0.9999999999999999,8.737455203799982e-14
742.756176,0.198868629,276.6723494,1406.211784,0.099605708,0.698411158,-10.11798272,-0.451941134,0.000909196,8.74260886321918e-14,0.922768542038572,0.0646673334169086,0.010404705078025,0.0003174398242916,0.0002849012063158,0.0004883253867941,0.0010687498176078,3.2313979389616904e-09,,464.2654898329891,0.9941125158668813,0.2515161015405488,0.998997628444829,1.0000000000000002,8.72635297355373e-14
741.3579686,0.198866684,276.040693,1406.207457,0.09960276,0.698400526,-10.11805048,-0.452008889,0.000909826,8.760438956802972e-14,0.922739736439269,0.0646720681955505,0.0104239119778228,0.0003181153950491,0.0002855538071359,0.0004893575909522,0.0010712533618073,3.2323247940555804e-09,,463.1998909885397,0.9941027931225094,0.2509418780751911,0.9989945544677882,0.9999999999999991,8.848477506262498e-14
739.9877253,0.198864774,275.4221014,1406.202895,0.09959987,0.698390119,-10.1181169,-0.45207531,0.000910443,8.777977375631691e-14,0.922711427123104,0.0646767031061037,0.0104428040301819,0.0003187799468241,0.0002861952017001,0.0004903723965508,0.0010737149622145,3.2332331048940304e-09,,462.15699079481175,0.9940932453375478,0.2503795315016533,0.998991313542607,1.0000000000000002,8.759659664292485e-14
738.6454462,0.198862899,274.8165473,1406.199016,0.099597041,0.698379904,-10.11818194,-0.452140349,0.000911047,8.795221429829702e-14,0.922683615820709,0.0646812349386049,0.0104613773913574,0.0003194333251156,0.0002868269531477,0.0004913711008052,0.0010761372360499,3.23412219106151e-09,,461.1350014002817,0.9940838725119966,0.24982903700216977,0.99898855783266,1.0,8.79296635503124e-14
737.3031671,0.19886102,274.2114026,1406.194815,0.09959421,0.698369701,-10.118247,-0.452205409,0.000911651,8.812527832019092e-14,0.922655727890515,0.0646857618498049,0.0104800172989429,0.000320089097338,0.0002874604546637,0.0004923729018649,0.0010785672717706,3.2350112750549504e-09,,460.11435726867205,0.994074479691084,0.24927891467826568,0.9989855733682395,0.9999999999999993,8.881784197001252e-14
736.0145791,0.198859214,273.6308485,1406.190768,0.099591492,0.698359908,-10.11830946,-0.452267871,0.00091223,8.82920123889541e-14,0.922628882131977,0.0646901019124356,0.0104979745492057,0.0003207208976414,0.0002880708063134,0.0004933380341933,0.0010809084322807,3.23586457480232e-09,,459.13525882878383,0.994065451785513,0.24875114707054471,0.9989826983081322,0.9999999999999999,8.837375276016246e-14
734.7259911,0.198857404,273.050671,1406.186707,0.099588775,0.698350116,-10.11837192,-0.452330336,0.000912809,8.84593301714418e-14,0.922601964179212,0.0646944362567496,0.01051599378188,0.0003213549223945,0.0002886833144402,0.0004943065182088,0.0010832577903083,3.2367176483510205e-09,,458.1568655119094,0.9940564038845807,0.24822372182072125,0.9989798133021787,0.9999999999999996,8.892886427247504e-14
733.4631749,0.198855627,272.4824625,1406.182449,0.099586111,0.698340531,-10.11843316,-0.45239157,0.000913377,8.862386808687392e-14,0.922575514929149,0.0646986794118178,0.0105337130812161,0.0003219784412201,0.0002892851839508,0.000495258464798,0.0010855672502056,3.23755364684854e-09,,457.19921666722,0.9940475209453783,0.24770717729759803,0.9989767883439536,0.9999999999999997,8.892886427247504e-14
732.2261305,0.198853883,271.9261999,1406.178786,0.099583502,0.698331124,-10.11849312,-0.452451533,0.000913932,8.878560238679072e-14,0.922549535886424,0.0647028286263407,0.0105511290710545,0.0003225913186168,0.0002898777736775,0.0004961949996005,0.001087839085825,3.2383719866112204e-09,,456.2607902333387,0.9940388029679055,0.24720149250152704,0.9989741860842125,0.9999999999999998,8.903988657493755e-14
730.989086,0.198852136,271.3702841,1406.174846,0.099580893,0.698321727,-10.1185531,-0.452511513,0.000914487,8.894788041598302e-14,0.922523490090691,0.0647069735040143,0.0105686030744602,0.0003232062827647,0.0002904718894152,0.0004971342350404,0.0010901176843353,3.23919030651742e-09,,455.32350592278203,0.9940300699939117,0.24669612297289864,0.9989713870387907,1.0000000000000004,8.848477506262498e-14
729.8015233,0.198850456,270.8369307,1406.171051,0.099578388,0.698312708,-10.11861068,-0.452569097,0.000915019,8.910418384005272e-14,0.922498422219864,0.0647109475523368,0.0105854329652015,0.0003237986168623,0.0002910441487649,0.0004980388662783,0.0010923123906271,3.23997569218788e-09,,454.4243226453477,0.9940216719422177,0.2462112643731784,0.9989686910039238,0.9999999999999998,8.926193117986259e-14
728.6139607,0.198848773,270.3038963,1406.167243,0.099575883,0.69830369,-10.11866827,-0.452626684,0.000915551,8.92609958354709e-14,0.92247329146781,0.0647149166160962,0.0106023168496446,0.0003243928886728,0.0002916182862926,0.0004989464166716,0.0010945142339622,3.2407608723183803e-09,,453.5257365122963,0.9940132588940028,0.24572669576859704,0.9989659857336279,1.0000000000000002,8.903988657493755e-14
727.3076417,0.198846918,269.7179267,1406.16304,0.099573127,0.698293772,-10.11873162,-0.452690035,0.000916137,8.94340791530745e-14,0.922445574560577,0.0647192768860936,0.0106209517976715,0.0003250488374013,0.0002922520184494,0.0004999481097816,0.0010969445483118,3.2416243472306e-09,,452.53798034741436,0.9940039860452574,0.24519400506158245,0.998962999848372,0.9999999999999999,8.959499808725013e-14
725.8825665,0.198844891,269.0791268,1406.158437,0.099570121,0.698282953,-10.11880074,-0.452759149,0.000916775,8.96236064976768e-14,0.922415250249021,0.0647240266000499,0.0106413561205648,0.0003257671197989,0.0002929459814886,0.0005010449360483,0.0010996057503728,3.2425660300896e-09,,451.4612511049264,0.9939938533959813,0.24461328761417245,0.9989597297960684,1.0,8.959499808725013e-14
724.4574913,0.198842859,268.4407854,1406.153816,0.099567114,0.698272137,-10.11886986,-0.452828269,0.000917412,8.981387801907711e-14,0.922384833888672,0.0647287690563464,0.0106618394534405,0.0003264882378707,0.0002936426929536,0.0005021460331611,0.0011022773939581,3.24350741227921e-09,,450.38537981032226,0.9939836957525039,0.24403298697795736,0.9989564469562475,0.9999999999999997,9.015010959956271e-14
723.0894191,0.198840905,267.8284088,1406.149363,0.099564228,0.698261755,-10.11893621,-0.452894628,0.000918024,8.9997242900269e-14,0.922355547085363,0.0647333149435122,0.0106815782170675,0.0003271831944841,0.0002943141365714,0.0005032071275866,0.0011048520509144,3.2444108516048204e-09,,449.35334998824663,0.9939739280185693,0.2434762903097118,0.9989532834665868,1.0000000000000002,8.992806499463768e-14
721.7213469,0.198838946,267.2164541,1406.144892,0.099561342,0.698251374,-10.11900258,-0.452960991,0.000918635,9.018130171381321e-14,0.922326174508804,0.0647378540276128,0.0107013906397392,0.0003278807945103,0.000294988141892,0.0005042722035376,0.0011074364384994,3.24531399852587e-09,,448.3221101282957,0.9939641352904331,0.24291997718049163,0.998950107189409,0.9999999999999994,9.070522111187529e-14
720.3806362,0.198837023,266.6171481,1406.140189,0.099558512,0.698241215,-10.11906763,-0.453026045,0.000919234,9.036235352617372e-14,0.922297306750697,0.0647422968029941,0.010720878686205,0.0003285670270495,0.0002956505834687,0.0005053193481113,0.0011099775551849,3.2461990101549803e-09,,447.3128206331649,0.9939545225205478,0.24237516267670492,0.9989467660953433,0.9999999999999999,9.048317650695026e-14
719.0672869,0.198835136,266.0304646,1406.136169,0.099555742,0.698231241,-10.11913134,-0.45308975,0.00091982,9.054036903546341e-14,0.922268945082862,0.0647466405016532,0.01074003836334,0.0003292417341937,0.0002963030736325,0.0005063498877261,0.001112478109437,3.2470652939824904e-09,,446.3237538944815,0.9939450897089129,0.24184182298056917,0.9989439102165121,1.0000000000000004,9.015010959956271e-14
717.7539376,0.198833245,265.4441696,1406.131829,0.09955297,0.698221281,-10.11919506,-0.453153472,0.000920406,9.0719032176711e-14,0.922240504159997,0.0647509788717485,0.0107592670713733,0.0003299189235188,0.0002969573805156,0.0005073836440758,0.0011149867007488,3.2479314998689304e-09,,445.3359740007631,0.9939356369019169,0.24130883646033138,0.9989408270040422,1.0,9.070522111187529e-14
716.4931222,0.198831425,264.8816915,1406.127646,0.09955031,0.698211721,-10.11925623,-0.453214648,0.000920968,9.08911639803088e-14,0.922213124863269,0.0647551376674307,0.0107777919193785,0.0003305713682058,0.0002975877852801,0.0005083795787269,0.0011174035688552,3.24876278851692e-09,,444.3883885446564,0.9939265390125818,0.2407975013044304,0.9989378553271389,0.9999999999999999,9.103828801926284e-14
715.2323069,0.198829603,264.3195706,1406.123449,0.099547649,0.698202162,-10.11931742,-0.453275829,0.00092153,9.106390141286581e-14,0.922185670629792,0.064759290594971,0.0107963810628639,0.0003312261206386,0.0002982204263603,0.0005093789874839,0.0011198289282051,3.24959382631752e-09,,443.4414713061873,0.993917431125566,0.24028649087035897,0.9989348737043888,0.9999999999999996,9.14823772291129e-14
713.9967079,0.198827813,263.769039,1406.119059,0.099545041,0.698192806,-10.11937739,-0.4533358,0.000922081,9.123377271463892e-14,0.922158693475236,0.064763355547294,0.010814661137569,0.0003318700327072,0.0002988420869852,0.0005103613503526,0.0011222131193568,3.2504081522939803e-09,,442.5146182348487,0.9939084832014395,0.23978601598695568,0.9989317549710383,1.0000000000000002,9.103828801926284e-14
712.7863251,0.198826057,263.2300745,1406.115264,0.099542487,0.698183623,-10.11943612,-0.453394529,0.000922619,9.14007515537305e-14,0.922132194348965,0.0647673303116722,0.0108326286325304,0.0003325029666546,0.0002994541704956,0.0005113278171257,0.0011245585012599,3.2512052900981e-09,,441.6063568842837,0.9938997052378833,0.23929605647274066,0.9989290589361712,1.0,9.137135492665038e-14
711.5759424,0.198824298,262.691439,1406.111192,0.099539932,0.698174451,-10.11949486,-0.453453273,0.000923158,9.156829531017581e-14,0.922105626185854,0.0647713003687978,0.010850656315107,0.0003331380644757,0.0003000678381211,0.0005122970895773,0.0011269108859731,3.2520023392167704e-09,,440.69918836113277,0.9938909122778061,0.23880639604442122,0.9989261661156237,0.9999999999999999,9.181544413650045e-14
710.413975,0.198822606,262.1746581,1406.10727,0.09953748,0.698165647,-10.11955126,-0.453509669,0.000923675,9.17296734721458e-14,0.922080054472957,0.0647751063935204,0.0108680197916902,0.0003337498005089,0.0003006589375346,0.0005132306655246,0.0011291766854047,3.25276727075898e-09,,439.8288848760772,0.9938824542400286,0.23833660310125038,0.998923379857719,0.9999999999999993,9.237055564881302e-14
709.2520076,0.198820911,261.6581798,1406.103335,0.099535028,0.698156845,-10.11960766,-0.453566069,0.000924191,9.18915794771748e-14,0.922054417518346,0.064778907266699,0.0108854392847082,0.0003343635468897,0.000301251984558,0.0005141672679472,0.0011314498772282,3.25353196833239e-09,,438.9591476034081,0.99387398120573,0.23786708524437747,0.9989205843643854,1.0000000000000002,9.170442183403793e-14
707.9738434,0.198819042,261.0904031,1406.098992,0.09953233,0.698147164,-10.1196697,-0.453628112,0.000924759,9.20702888482123e-14,0.922026141134195,0.0647830822468723,0.0109046657534869,0.0003350410016066,0.000301906597029,0.0005152010437104,0.0011339589686351,3.2543728622921503e-09,,438.0030902412366,0.9938646383732206,0.23735093326012877,0.9989174990206627,1.0000000000000002,9.170442183403793e-14
706.5794825,0.198817,260.4714275,1406.094235,0.099529387,0.698136605,-10.11973739,-0.4536958,0.000925378,9.22659806448929e-14,0.921995203196434,0.0647876295851248,0.0109257181964847,0.0003357828464679,0.0003026234354578,0.0005163330191621,0.0011367064654864,3.2552898702271304e-09,,436.96089896020254,0.9938544307413401,0.23678823760153353,0.9989141195640456,0.9999999999999997,9.248157795127554e-14
705.1851216,0.198814954,259.8528869,1406.089459,0.099526443,0.698126049,-10.11980508,-0.453763491,0.000925997,9.24624450024517e-14,0.92196416978748,0.0647921693822648,0.0109468526167684,0.0003365276333401,0.0003033431237691,0.0005174694231852,0.0011394647768937,3.2562065283869704e-09,,435.91952151903564,0.9938442031140984,0.23622593739085496,0.9989107266094938,1.0000000000000004,9.203748874142548e-14
703.8465352,0.198812985,259.259497,1406.084856,0.099523618,0.698115916,-10.11987007,-0.453828479,0.000926591,9.26517818812126e-14,0.921934287373894,0.0647965204507626,0.0109672192343749,0.0003372454127156,0.0003040367212505,0.0005185645615828,0.0011421229882403,3.2570861867467803e-09,,434.92056431688906,0.9938343603975595,0.23568650106964253,0.99890745655719,0.9999999999999997,9.303668946358812e-14
702.5079487,0.198811012,258.6665075,1406.080235,0.099520792,0.698105785,-10.11993506,-0.453893471,0.000927184,9.284183909318401e-14,0.921904315954909,0.0648008644874219,0.0109876622810968,0.0003379659349668,0.0003047329754806,0.0005196638284559,0.0011447912796108,3.2579655141944804e-09,,433.9223561798193,0.9938244976856594,0.2351474287423286,0.9989041737173692,1.0,9.270362255620057e-14
701.196134,0.198809074,258.0857664,1406.075386,0.099518022,0.698095871,-10.11999876,-0.453957176,0.000927765,9.302879586430013e-14,0.921874858511094,0.0648051156272011,0.0110077710493775,0.000338674727217,0.0003054172936846,0.0005207446118587,0.0011474149206468,3.25882709198115e-09,,432.94538094348843,0.9938148099331695,0.23461949113745723,0.9989007289023311,0.9999999999999998,9.325873406851315e-14
699.911091,0.198807172,257.5172489,1406.07122,0.09951531,0.698086138,-10.12006115,-0.454019565,0.000928334,9.321261984103893e-14,0.921845915682397,0.0648092717120078,0.0110275413861229,0.0003393716288566,0.0003060913415967,0.000521808267417,0.0011499967218385,3.2596704496723102e-09,,431.9879667284631,0.9938053021389303,0.23410266570995183,0.9988977693025273,1.0000000000000002,9.314771176605063e-14
698.626048,0.198805267,256.9491001,1406.066734,0.099512597,0.698076418,-10.12012355,-0.454081967,0.000928903,9.339711681184841e-14,0.921816890834489,0.0648134220507702,0.0110473833598239,0.000340071105212,0.0003067672759513,0.000522875265405,0.0011525868477411,3.26051365284688e-09,,431.0317840173794,0.9937957793481701,0.23358617545864613,0.998894582369085,0.9999999999999994,9.392486788328824e-14
697.3924067,0.198803434,256.4040236,1406.062411,0.099509993,0.698067089,-10.12018346,-0.454141877,0.000929449,9.35748725483975e-14,0.921788948088684,0.0648174001404387,0.011066499405582,0.0003407450339109,0.0003074185276323,0.0005239032425967,0.0011550822997386,3.2613228264568604e-09,,430.11449644046724,0.9937866164739111,0.233090659673933,0.998891511233715,0.9999999999999996,9.403589018575076e-14
696.1587654,0.198801597,255.8592861,1406.058073,0.099507388,0.698057761,-10.12024338,-0.454201789,0.000929994,9.375325727417913e-14,0.921760927648497,0.0648213720887005,0.0110856821755211,0.0003414213571487,0.0003080720982038,0.000524934823288,0.0011575865464154,3.2621317013207e-09,,429.19784310706825,0.9937774336042909,0.23259545206587215,0.9988884294420804,0.9999999999999999,9.381384558082573e-14
694.949797,0.198799794,255.3257726,1406.053545,0.099504835,0.698048633,-10.1203021,-0.454260514,0.000930528,9.392868607030941e-14,0.921733393105641,0.0648252592883568,0.0111045463773246,0.0003420864927752,0.0003087143336506,0.0005259488297144,0.0011600483095192,3.26292423547771e-09,,428.30060028765115,0.9937684206952407,0.23211044792313704,0.9988852126710982,1.0,9.392486788328824e-14
693.7655013,0.198798024,254.8034618,1406.049613,0.099502335,0.698039671,-10.12035961,-0.454318027,0.000931051,9.410112998653133e-14,0.921706344888516,0.0648290600299491,0.0111230883593468,0.0003427403005287,0.0003093466838835,0.0005269464374127,0.0011624700365692,3.26370005351375e-09,,427.4213429264909,0.9937595727479203,0.2316356278824159,0.9988824193090173,1.0000000000000002,9.381384558082573e-14
692.5812057,0.19879625,254.2814633,1406.045404,0.099499834,0.698030722,-10.12041714,-0.454375552,0.000931574,9.427416102041352e-14,0.921679225212628,0.0648328557023282,0.011141692809521,0.0003433963531273,0.0003099806791938,0.0005279469607453,0.0011648990178858,3.2644757167905e-09,,426.54313153947567,0.9937507048052386,0.23116109174602664,0.9988794291612559,0.9999999999999994,9.481304630298837e-14
691.4442819,0.198794545,253.7806381,1406.04135,0.099497434,0.698022132,-10.12047236,-0.454430777,0.000932076,9.44408276004355e-14,0.921653121563835,0.0648364941108075,0.0111596121378799,0.0003440282829474,0.0003105913667756,0.0005289106520494,0.0011672386203905,3.2652200827726e-09,,425.70059723399487,0.9937421817825373,0.23070580374153166,0.9988765491282254,0.9999999999999999,9.459100169806334e-14
690.3073581,0.198792836,253.2801002,1406.037282,0.099495033,0.698013544,-10.12052759,-0.454486006,0.000932577,9.460804234475132e-14,0.921626950224914,0.0648401271656491,0.0111775896054902,0.0003446622991751,0.0003112040744743,0.0005298774826199,0.0011695858816185,3.2659641805552104e-09,,424.85860007925373,0.9937336387644747,0.2302507769144768,0.9988736591493483,0.9999999999999999,9.470202400052585e-14
689.0567419,0.198790953,252.7298399,1406.032792,0.099492392,0.698004099,-10.12058835,-0.454546759,0.000933128,9.47926149372287e-14,0.921598083173836,0.0648441173108833,0.0111974323123439,0.0003453621390788,0.0003118803979079,0.0005309446403671,0.0011721767587057,3.26678237504828e-09,,423.9330233040559,0.9937242259482011,0.2297505486633029,0.9988704693742357,0.9999999999999999,9.492406860545088e-14
687.6924333,0.198788894,252.1299519,1406.027875,0.099489512,0.697993798,-10.12065463,-0.45461304,0.000933729,9.49947313526282e-14,0.921566497451043,0.0648484627307314,0.0112191599796022,0.0003461285103701,0.0003126210222825,0.0005321131900188,0.0011750138481825,3.2676745726812303e-09,,422.92404351352235,0.9937139333360356,0.229205205077476,0.9988669762507995,1.0,9.492406860545088e-14
686.3281248,0.198786831,251.5304768,1406.022939,0.099486631,0.697983498,-10.12072091,-0.454679323,0.00093433,9.519765013668852e-14,0.921534812664112,0.0648528003148747,0.0112409727378558,0.0003468979352399,0.0003133646028788,0.0005332863336508,0.0011778621427262,3.2685663709703203e-09,,421.91583579639274,0.993703620728509,0.22866023684899342,0.9988634696294283,0.9999999999999998,9.536815781530095e-14
685.0183885,0.198784846,250.9553688,1406.01818,0.099483865,0.697973613,-10.12078455,-0.454742959,0.000934906,9.539321140756521e-14,0.921504301496009,0.0648569570082836,0.0112619935082269,0.0003476394728985,0.0003140812379338,0.000534416898458,0.0011806071086725,3.2694221226948502e-09,,420.94868203219943,0.9936936980305253,0.22813742015828156,0.9988600887519761,0.9999999999999999,9.547918011776346e-14
683.7086523,0.198782856,250.3806409,1406.013404,0.099481099,0.69796373,-10.12084818,-0.454806597,0.000935482,9.558952094664381e-14,0.92147369799812,0.0648611063646523,0.0112830936160677,0.0003483838574627,0.0003148006287302,0.0005355517464799,0.0011833625181137,3.2702774913589103e-09,,419.98223915097066,0.9936837503383402,0.22761494900723206,0.9988566957974242,0.9999999999999996,9.603429163007604e-14
682.4251108,0.198780903,249.8177765,1406.008402,0.099478388,0.69795406,-10.12091056,-0.454868973,0.000936047,9.57826327225708e-14,0.921443618097454,0.0648651662646721,0.0113038491476773,0.0003491161356643,0.0003155076973212,0.00053666753711,0.0011860718488896,3.2711155073029104e-09,,419.03633961572683,0.993673987603246,0.2271032626753996,0.9988531422884901,1.0,9.581224702515101e-14
681.167764,0.198778985,249.2667516,1406.004084,0.099475733,0.697944564,-10.12097165,-0.454930064,0.000936599,9.597251130187113e-14,0.921414061845946,0.0648691351151194,0.0113242557830499,0.0003498361438717,0.0003162041652898,0.0005377656571414,0.0011887380175502,3.2719358138773404e-09,,418.10936483813856,0.9936643998275619,0.226602339344968,0.998850074705208,1.0,9.592326932761353e-14
679.9104173,0.198777063,248.7160768,1405.999446,0.099473078,0.697935083,-10.12103275,-0.454991165,0.000937151,9.616308965466392e-14,0.921384420707265,0.0648730977502311,0.0113447367915085,0.0003505588236756,0.000316902592293,0.0005388672518162,0.0011914128103586,3.2727558802610504e-09,,417.1835694510563,0.9936547920565167,0.2261017342819287,0.9988467797882877,1.0,9.614531393253856e-14
678.7033644,0.198775214,248.1877577,1405.994978,0.099470529,0.697925983,-10.12109141,-0.455049824,0.000937681,9.63467081923075e-14,0.921355883310125,0.0648768954281129,0.0113644688957675,0.0003512551204695,0.0003175755254498,0.0005399285788947,0.0011939898675411,3.27354280754062e-09,,416.2954202572113,0.9936455492008132,0.22562145224185648,0.9988436056423626,0.9999999999999996,9.681144774731365e-14
677.4963114,0.198773362,247.6597604,1405.990493,0.099467979,0.697916885,-10.12115007,-0.455108486,0.000938211,9.653098014570753e-14,0.921327265283892,0.0648806867180857,0.0113842702727851,0.0003519539030769,0.0003182508644237,0.0005409936448803,0.00119657603843,3.2743293949423e-09,,415.4078728322588,0.9936362913485886,0.225141462742335,0.9988404194193382,0.9999999999999994,9.703349235223868e-14
676.3133996,0.198771543,247.1426356,1405.985821,0.099465481,0.697907982,-10.12120757,-0.455165983,0.000938729,9.67122026374436e-14,0.921299142431976,0.0648843965050078,0.0114037431999741,0.0003526411373931,0.0003189145001763,0.0005420405872493,0.0011991183630261,3.2751000215171304e-09,,414.53910767045005,0.9936271984580937,0.2246713571680411,0.9988371003482187,0.9999999999999992,9.747758156208874e-14
675.1546288,0.198769757,246.6363629,1405.981746,0.099463034,0.697899241,-10.12126388,-0.455222297,0.000939237,9.689034421357513e-14,0.921271514743406,0.0648880235010587,0.0114228838797399,0.0003533166801404,0.0003195679309066,0.0005430706094253,0.001201619379372,3.2758543969924604e-09,,413.68774538113286,0.9936182705293284,0.22421111697383103,0.9988342053964182,1.0000000000000002,9.681144774731365e-14
673.995858,0.198767968,246.1303866,1405.977395,0.099460586,0.697890512,-10.12132021,-0.455278619,0.000939745,9.706909622458093e-14,0.921243813041434,0.0648916450610516,0.0114420894216894,0.0003539945527338,0.0003202230705952,0.0005441036625349,0.0012041279132552,3.27660855179711e-09,,412.8373846203316,0.9936093276040424,0.22375114622964973,0.9988311143693547,0.9999999999999997,9.736655925962623e-14
672.8834381,0.198766248,245.6449279,1405.973203,0.099458237,0.697882135,-10.12137428,-0.45533269,0.000940232,9.724127661414512e-14,0.921217148037091,0.0648951161083438,0.0114605880603847,0.0003546475107952,0.0003208541339691,0.0005450987025575,0.0012065441694287,3.2773322344821903e-09,,412.02155879806077,0.9936007295987367,0.22330982753644552,0.9988281362986928,0.9999999999999993,9.792167077193881e-14
671.7710181,0.198764524,245.1597417,1405.968998,0.099455887,0.697873759,-10.12142835,-0.455386763,0.000940719,9.741402644499081e-14,0.921190412747166,0.0648985816150789,0.0114791470665439,0.0003553026352292,0.0003214872937272,0.000546096999971,0.0012089683641303,3.2780556190492805e-09,,411.20624241501355,0.9935921115980697,0.22286875656636154,0.9988251489926018,0.9999999999999993,9.803269307440132e-14
670.5473562,0.198762624,244.6263517,1405.964355,0.099453303,0.697864548,-10.12148783,-0.455446245,0.000941254,9.760471261546333e-14,0.921160922418369,0.0649023871584673,0.0114996320560636,0.0003560257866277,0.000322186202208,0.0005471989092558,0.0012116441900601,3.2788509778699904e-09,,410.3099831556726,0.993582613801511,0.22238386469447172,0.9988218505235934,1.0000000000000002,9.736655925962623e-14
669.2124522,0.198760547,244.0448474,1405.959272,0.099450483,0.697854502,-10.12155272,-0.455511138,0.000941838,9.781352810128933e-14,0.92112865312895,0.0649065309358816,0.0115220635072997,0.0003568177003326,0.0003229515713425,0.0005484055346229,0.0012145743417548,3.2797182227337404e-09,,409.33294790222635,0.9935722312102203,0.22185523328304865,0.9988182394708321,1.0,9.769962616701378e-14
667.8775483,0.198758465,243.463735,1405.954167,0.099447664,0.697844458,-10.12161762,-0.455576033,0.000942421,9.802317730388012e-14,0.921096281008839,0.0649106665635333,0.0115445833191209,0.0003576127847092,0.0003237200081587,0.0005496169276284,0.0012175161073274,3.2805850166156603e-09,,408.3566452185149,0.9935618236247281,0.22132695813838082,0.9988146127888834,1.0,9.792167077193881e-14
666.5960405,0.198756462,242.9062356,1405.949247,0.099444957,0.697834819,-10.12167992,-0.455638334,0.000942981,9.822522954024752e-14,0.921065106456791,0.0649146290585658,0.0115662859580542,0.0003583790662773,0.0003244606105164,0.0005507843765117,0.0012203511917684,3.2814167107430303e-09,,407.42008334304904,0.9935518109476191,0.2208201489975206,0.9988111175341943,0.9999999999999998,9.847678228425139e-14
665.3145327,0.198754454,242.3490969,1405.944308,0.09944225,0.697825182,-10.12174222,-0.455700638,0.00094354,9.842805922639653e-14,0.921033836024926,0.0649185839550705,0.011588070987404,0.0003591483042672,0.0003252040730002,0.0005519562704874,0.0012231971024979,3.28224798014276e-09,,406.48419573977304,0.9935417732763087,0.2203136677602547,0.9988076087815704,0.9999999999999996,9.880984919163893e-14
664.058655,0.198752483,241.8034512,1405.939147,0.099439597,0.697815753,-10.12180329,-0.455761704,0.000944088,9.86275896519702e-14,0.921003099272588,0.0649224528937948,0.0116095007266356,0.0003599050451332,0.0003259348127818,0.000553108509928,0.0012259954559771,3.2830623105720204e-09,,405.5681883626663,0.9935319205620892,0.21981763452966993,0.9988039423162348,0.9999999999999993,9.9253938401489e-14
662.8284076,0.198750547,241.2692757,1405.934672,0.099436999,0.697806493,-10.1218631,-0.455821514,0.000944625,9.882378273715501e-14,0.920972895851466,0.0649262346604544,0.0116305706844341,0.0003606491211271,0.0003266546084601,0.0005542425162671,0.0012287492738326,3.28385942240975e-09,,404.6704947192623,0.9935222428072799,0.21933202857884096,0.9988007631973865,0.9999999999999998,9.903189379656396e-14
661.5981601,0.198748607,240.7354325,1405.929876,0.0994344,0.697797248,-10.12192292,-0.455881332,0.000945161,9.90207034410419e-14,0.920942604422535,0.0649300098267239,0.0116517178869818,0.0003613959709428,0.0003273764401807,0.0005553801350736,0.001231512032807,3.2846562266754e-09,,403.77393030315756,0.9935125450571094,0.2188467247138573,0.9987973560344822,1.0,9.903189379656396e-14
660.4171225,0.198746741,240.2232551,1405.925255,0.099431905,0.697788376,-10.12198035,-0.455938759,0.000945676,9.921043686937713e-14,0.920913439676141,0.0649336272172047,0.011672092254652,0.0003621155679057,0.0003280719338346,0.0005564761900873,0.001234173874655,3.2854207685274604e-09,,402.9138118742757,0.9935032172211208,0.2183811167005356,0.9987940731946614,1.0000000000000002,9.903189379656396e-14
659.2360849,0.198744871,239.7113832,1405.920617,0.099429411,0.697779506,-10.12203777,-0.455996188,0.00094619,9.940084916164241e-14,0.92088419114513,0.0649372380333988,0.0116925385704985,0.0003628377469126,0.0003287699252082,0.0005575761254634,0.0012368451671036,3.2861849429856902e-09,,402.0542639045352,0.9934938693897708,0.21791578640983128,0.998790778277741,0.9999999999999994,9.992007221626409e-14
658.0786681,0.198743035,239.2100455,1405.915796,0.099426966,0.697770826,-10.12209406,-0.456052474,0.000946694,9.958811482962613e-14,0.920855447639258,0.064940770522025,0.011712646154904,0.0003635480023446,0.0003294558302401,0.0005586573667103,0.0012394711974843,3.28693352691389e-09,,401.2128949084222,0.993484691518991,0.21746003250405516,0.9987873533543962,0.9999999999999994,1.0014211682118912e-13
656.944872,0.198741233,238.7192224,1405.911572,0.099424571,0.697762304,-10.12214919,-0.456107605,0.000947187,9.977219949401333e-14,0.92082720861857,0.0649442239029478,0.0117324110552155,0.0003642461882456,0.000330131198909,0.000559721145785,0.0012420546025606,3.28766633301921e-09,,400.3883682083619,0.993475683608781,0.2170138371653241,0.9987843525503703,0.9999999999999996,1.0014211682118912e-13
655.8110759,0.198739427,238.2286809,1405.907073,0.099422176,0.697753794,-10.12220433,-0.456162741,0.00094768,9.995691921659821e-14,0.920798892925089,0.0649476714400643,0.0117522433332888,0.0003649467930945,0.0003308083431607,0.0005607880771249,0.0012446457996793,3.28839884551406e-09,,399.56480113835704,0.99346665570321,0.21656789782230187,0.9987811563814992,1.0000000000000002,9.958700530887654e-14
654.7226317,0.19873769,237.7580253,1405.902738,0.099419877,0.697745627,-10.12225726,-0.456215673,0.000948153,1.0013485132479999e-13,0.920771635723761,0.0649509752244562,0.011771346014744,0.0003656216593656,0.000331460612129,0.0005618157661722,0.0012471417101697,3.28910172024584e-09,,398.774670455348,0.9934579727176193,0.21614003626715572,0.9987780767211175,0.9999999999999994,1.006972283335017e-13
653.6341875,0.198735949,237.2876285,1405.898389,0.099417577,0.697737462,-10.12231019,-0.456268608,0.000948626,1.00313375337822e-13,0.92074430553882,0.0649542732447104,0.0117905114051489,0.0003662987758583,0.0003321150572308,0.0005628468369123,0.0012496458514141,3.2898042608937404e-09,,397.98502317810954,0.9934492697366674,0.21571240998079308,0.9987749871148892,0.9999999999999993,1.0103029524088925e-13
652.4368988,0.198734031,236.7704909,1405.893588,0.099415048,0.697728483,-10.12236842,-0.456326836,0.000949146,1.00510439192487e-13,0.920714157684008,0.0649578943002067,0.0118116661375027,0.0003670462159579,0.0003328374722783,0.000563984941218,0.0012524099581514,3.2905766510458704e-09,,397.116969809242,0.9934396819609834,0.21524229277033055,0.9987715763998969,1.0,1.0036416142611415e-13
651.3919924,0.198732353,236.3194263,1405.889384,0.099412841,0.697720649,-10.12241924,-0.456377655,0.0009496,1.0068301341637101e-13,0.920687773894637,0.0649610487654923,0.0118301910911101,0.0003677007752914,0.0003334701176588,0.0005649815735416,0.0012548304909177,3.2912504064873702e-09,,396.35987309222855,0.9934312939069699,0.21483224091664524,0.9987685898042236,0.9999999999999999,1.0091927293842673e-13
650.3470859,0.198730672,235.8686,1405.885166,0.099410634,0.697712816,-10.12247006,-0.456428475,0.000950053,1.0085614172243101e-13,0.920661321864406,0.0649641977897395,0.0118487747242871,0.0003683574399418,0.0003341047985019,0.0005659813702662,0.0012572587208328,3.2919238359756403e-09,,395.60322155114744,0.9934228908564356,0.21442240569569215,0.9987655932627034,1.0,1.0080825063596421e-13
649.0931981,0.198728651,235.3279225,1405.880086,0.099407985,0.697703419,-10.12253105,-0.456489461,0.000950597,1.0106463068493099e-13,0.920629488838567,0.0649679694503433,0.011871152936803,0.0003691482310368,0.0003348691165269,0.0005671853241091,0.001260182809781,3.2927315274068103e-09,,394.69582658902584,0.9934127882002014,0.2139308889348536,0.998761984341195,0.9999999999999998,1.0125233984581428e-13
647.8393104,0.198726626,234.7875876,1405.874986,0.099405336,0.697694025,-10.12259203,-0.456550448,0.000951141,1.01273926061875e-13,0.920597556510417,0.0649717331892601,0.0118936165439207,0.0003699420858875,0.0003356363965371,0.0005683938827973,0.0012631180975406,3.2935387400026502e-09,,393.78907186236717,0.9934026655486059,0.2134396836233397,0.9987583612113344,1.0000000000000002,1.0091927293842673e-13
646.6105004,0.198724636,234.2583918,1405.869667,0.09940274,0.697684832,-10.12265182,-0.456610234,0.000951673,1.01479818322181e-13,0.920566166971104,0.0649754153166608,0.0119157142052965,0.0003707230607088,0.0003363905663536,0.0005695821860144,0.0012660043994302,3.2943296107953903e-09,,392.9015584318934,0.9933927178564209,0.21295860459662713,0.9987545825000149,0.9999999999999996,1.0191847366058937e-13
645.4067681,0.198722683,233.740314,1405.865036,0.099400198,0.697675808,-10.12271035,-0.456668768,0.000952195,1.0168227575315901e-13,0.920535322238756,0.0649790122919114,0.0119374413189717,0.0003714909691156,0.0003371334325468,0.0005707517157095,0.0012688447377833,3.2951033915702303e-09,,392.0317904872994,0.9933829551213266,0.21248763267321924,0.9987512925560179,0.9999999999999994,1.0225154056797692e-13
644.2030359,0.198720725,233.2225516,1405.860084,0.099397655,0.697666798,-10.12276891,-0.45672732,0.000952716,1.01885485390153e-13,0.920504385556737,0.0649826031433851,0.0119592484833155,0.0003722617564717,0.0003378784192324,0.0005719249848974,0.0012716943599815,3.2958769711386203e-09,,391.1630976395383,0.9933731673920307,0.21201694747227778,0.9987477745679649,0.9999999999999996,1.0236256287043943e-13
643.0474529,0.198718842,232.7257961,1405.855312,0.099395214,0.69765815,-10.12282512,-0.456783531,0.000953216,1.02081281616182e-13,0.92047459821828,0.064986043407922,0.0119802590837518,0.0003730044294805,0.0003385962332104,0.0005730554052508,0.0012744399253829,3.2966191903549503e-09,,390.32970574521624,0.9933637545757572,0.21156535913303906,0.9987443844550835,0.9999999999999997,1.0236256287043943e-13
641.89187,0.198716954,232.2293307,1405.850523,0.099392773,0.697649504,-10.12288133,-0.456839744,0.000953716,1.02277782109493e-13,0.920444724099009,0.0649894768118389,0.0120013442656249,0.0003737497785966,0.0003393166340747,0.0005741898459416,0.0012771952674512,3.2973609945039703e-09,,389.4968555949885,0.993354316765282,0.2111140345166523,0.9987409822651027,1.0000000000000002,1.021405182655144e-13
640.7593987,0.198715101,231.7430764,1405.845553,0.099390381,0.697641046,-10.12293642,-0.456894835,0.000954205,1.0247103928282601e-13,0.920415364736378,0.0649928350765971,0.0120220805112293,0.0003744828321233,0.000340024569668,0.0005753050265651,0.001279903949249,3.29808759229035e-09,,388.6816088754425,0.9933450539142171,0.2106719925628447,0.9987374514895326,0.9999999999999999,1.0258460747536446e-13
639.650039,0.198713282,231.2670146,1405.841183,0.099388038,0.697632739,-10.12299039,-0.456948798,0.000954685,1.0266101631457999e-13,0.920386519230405,0.0649961177649853,0.0120424637182455,0.0003752034407646,0.0003407216392928,0.0005764022081238,0.0012825686992818,3.29879886668991e-09,,387.8826711517987,0.9933359610237222,0.21023921636280865,0.9987343469645342,1.0000000000000002,1.0236256287043943e-13
638.5406794,0.198711459,230.7912203,1405.836536,0.099385694,0.697624446,-10.12304435,-0.457002765,0.000955164,1.02851652345575e-13,0.920357594334322,0.0649993943100874,0.0120629167747116,0.0003759265564509,0.000341420550892,0.0005775026603033,0.0012852415136199,3.29950979617398e-09,,387.0846525344443,0.9933268481378662,0.20980668334051444,0.9987310456538553,0.9999999999999997,1.0313971898767704e-13
637.4756941,0.198709705,230.3347088,1405.83206,0.099383445,0.697616487,-10.12309616,-0.457054575,0.000955624,1.0303528663249801e-13,0.920329749627022,0.0650025336995758,0.0120826177408678,0.0003766231166829,0.0003420937957503,0.000578562653498,0.0012878160663081,3.30019191144949e-09,,386.31902344934,0.9933180801719904,0.20939167984255944,0.9987278658245893,0.9999999999999998,1.0325074129013956e-13
636.4107089,0.198707948,229.8784431,1405.827569,0.099381195,0.697608531,-10.12314797,-0.457106384,0.000956083,1.0321953500872499e-13,0.920301829302183,0.0650056670879731,0.0121023837187595,0.0003773220094646,0.0003427692948194,0.000579626150669,0.0012903991351548,3.3008736539212604e-09,,385.55385335953406,0.9933092972095938,0.20897689979540426,0.9987246753390591,1.0000000000000002,1.0302869668521453e-13
635.3670233,0.198706222,229.4315412,1405.822929,0.09937899,0.697600743,-10.12319876,-0.457157171,0.000956534,1.0340069439303e-13,0.920274394555648,0.0650087328997185,0.0121218177671594,0.0003780092038456,0.0003434329851526,0.0005806713587269,0.0012929379281037,3.3015415798811604e-09,,384.80478497537445,0.9933006692112462,0.2085706321510125,0.9987213790013034,0.9999999999999996,1.0380585280245214e-13
634.3446375,0.198704529,228.993988,1405.818812,0.099376831,0.6975931,-10.12324848,-0.457206898,0.000956975,1.03578739713533e-13,0.920247446808865,0.0650117286383191,0.0121409163355604,0.0003786845571548,0.0003440862335391,0.0005816993930298,0.0012954347312323,3.3021951599843803e-09,,384.0707313797565,0.9932922061746284,0.20817286318234163,0.9987184542119629,0.9999999999999992,1.0436096431476471e-13
633.3222517,0.198702832,228.5566613,1405.814458,0.099374671,0.697585468,-10.12329822,-0.457256638,0.000957415,1.0375735655556201e-13,0.9202204292249,0.065014719725935,0.0121600757071899,0.0003793620972104,0.0003447410935079,0.0005827302683227,0.0012979385799819,3.30284857484649e-09,,383.3374532134693,0.9932837231426495,0.2077753001193101,0.9987153610536467,1.0000000000000002,1.0369483049998962e-13
632.0953886,0.198700792,228.0321676,1405.809214,0.09937208,0.697576311,-10.12335791,-0.457316327,0.000957944,1.0397245895861e-13,0.920187914322177,0.0650183015623824,0.0121831476242246,0.0003801780394774,0.0003455297218636,0.0005839716661624,0.0013009537599764,3.3036321992952603e-09,,382.45807679741574,0.9932735255084495,0.20729849565730782,0.9987116356236487,1.0,1.0402789740737717e-13
630.8685256,0.198698747,227.5079993,1405.803949,0.099369489,0.697567158,-10.1234176,-0.457376016,0.000958472,1.0418839746840501e-13,0.920155296540785,0.0650218751968975,0.0122063080283762,0.0003809971562801,0.0003463214173988,0.0005852178326948,0.0013039805230478,3.3044153006591205e-09,,381.5793080735413,0.9932633028800483,0.2068219870085287,0.9987078952748808,0.9999999999999997,1.0447198661722723e-13
629.6661999,0.198696738,226.9946302,1405.798468,0.099366948,0.697558202,-10.12347611,-0.457434527,0.00095899,1.04400829495392e-13,0.92012323201469,0.0650253705745805,0.0122290915746463,0.0003818029952071,0.0003470995957306,0.00058644313749,0.0013069568023683,3.30518246406753e-09,,380.7191747634008,0.9932532602098976,0.20635529564973046,0.9987040014759069,0.9999999999999996,1.0480505352461478e-13
628.4884114,0.198694765,226.49204,1405.793677,0.099364461,0.697549409,-10.1235334,-0.457491816,0.000959497,1.0460972033560799e-13,0.920091722233698,0.0650287846609485,0.012251493485504,0.0003825953661999,0.0003478661218035,0.0005876490963294,0.0013098857294792,3.3059330435206902e-09,,379.8762271032036,0.9932433974979974,0.20589840312667707,0.9987005978650906,1.0,1.0447198661722723e-13
627.3106229,0.198692789,225.9897495,1405.788564,0.099361974,0.69754063,-10.12359071,-0.45754912,0.000960003,1.0481939179265399e-13,0.920060117393218,0.0650321921863766,0.0122739783563752,0.0003833907194152,0.0003486348457263,0.0005888589345072,0.0013128242575929,3.30668334509812e-09,,379.0343099793648,0.9932335197895764,0.20544178305360206,0.9986969654998009,0.9999999999999997,1.0513812043200232e-13
626.179946,0.198690887,225.5078321,1405.783638,0.099359586,0.697532204,-10.12364572,-0.457604133,0.00096049,1.05021417716951e-13,0.920029685424855,0.0650354562255273,0.0122956423051202,0.0003841570742761,0.0003493755411762,0.0005900246065987,0.0013156555149376,3.3074031818242704e-09,,378.2265945389441,0.9932240119953372,0.20500368367006983,0.9986934659826062,0.9999999999999992,1.0580425424677742e-13
625.049269,0.198688981,225.0261903,1405.778694,0.099357197,0.697523782,-10.12370073,-0.457659146,0.000960975,1.05224174241414e-13,0.919999163629433,0.0650387130719106,0.0123173835481384,0.0003849262018693,0.0003501189147669,0.0005911944435145,0.0013184968821399,3.30812254755733e-09,,377.4193939522607,0.9932144842057365,0.2045658348277924,0.9986899536778941,1.0000000000000002,1.0491607582707729e-13
623.9412056,0.198687109,224.554449,1405.773571,0.099354857,0.69751554,-10.12375466,-0.457713071,0.000961451,1.0542358514908801e-13,0.919969165783868,0.0650418988174497,0.0123387653636372,0.0003856826573265,0.0003508494442189,0.0005923444311766,0.0013212901933905,3.3088272689602303e-09,,376.6292379201809,0.9932051263767062,0.20413698628919075,0.9986863142084281,1.0000000000000002,1.0524914273446484e-13
622.8557557,0.198685272,224.0925907,1405.76905,0.099352565,0.697507449,-10.12380746,-0.457765874,0.000961917,1.0561961951482101e-13,0.919939693113558,0.065045010938496,0.0123597835492826,0.0003864262742195,0.0003515687535223,0.0005934758857049,0.001324038175594,3.3095168075675104e-09,,375.8548901577841,0.993195943507086,0.2037171221454407,0.9986831024103694,0.9999999999999997,1.0591527654923993e-13
621.7703058,0.19868343,223.6309864,1405.764253,0.099350272,0.697499371,-10.12386027,-0.457818688,0.000962383,1.05816335109341e-13,0.919910137527309,0.0650481173195586,0.0123808741142821,0.000387172492874,0.0003522899806829,0.0005946107253117,0.0013267945296695,3.3102060932066e-09,,375.0814178334355,0.9931867356432643,0.20329748890691096,0.9986796945370474,0.9999999999999999,1.0591527654923993e-13
620.728274,0.198681659,223.1880847,1405.759632,0.099348071,0.697491618,-10.12391098,-0.45786939,0.00096283,1.06005828928763e-13,0.91988168458345,0.0650510931248343,0.0124011894956382,0.000387891318117,0.0003529847301954,0.0005957038580001,0.0013294495787913,3.3108673947520405e-09,,374.3393294452209,0.9931778826971037,0.20289485774701638,0.9986764116972265,0.9999999999999997,1.0635936575909e-13
619.6862421,0.198679884,222.7454166,1405.754994,0.099345871,0.697483867,-10.12396168,-0.457920092,0.000963277,1.06195959732277e-13,0.91985315331366,0.065054062681686,0.012421572260679,0.000388612560659,0.0003536818141561,0.0005968006205897,0.0013321134369351,3.3115282835789e-09,,373.5976769815024,0.9931690097555816,0.20249243894719843,0.9986731167803061,0.9999999999999994,1.0680345496894006e-13
618.6650508,0.198678141,222.3118285,1405.750211,0.099343714,0.697476283,-10.12401138,-0.45796979,0.000963715,1.0638290644895101e-13,0.919825117335448,0.065056967617513,0.0124416130765948,0.0003893217401628,0.0003543667200689,0.0005978785402984,0.0013347316576314,3.31217571777738e-09,,372.8716226358468,0.9931602967769492,0.20209827455446863,0.998669718852831,0.9999999999999994,1.0691447727140257e-13
617.6647002,0.19867643,221.8873058,1405.745953,0.099341601,0.697468838,-10.12406004,-0.458018455,0.000964144,1.06566641601662e-13,0.919797577651499,0.0650598058391366,0.0124613082559154,0.0003900187112307,0.0003550408597109,0.000598938758057,0.0013373066115344,3.31280924967503e-09,,372.16011236566095,0.993151743761206,0.20171235129632223,0.9986666938946062,1.0,1.0658141036401503e-13
616.6643496,0.198674716,221.4629982,1405.741457,0.099339489,0.697461404,-10.12410872,-0.45806713,0.000964572,1.06750970199818e-13,0.919769965803187,0.0650626390261994,0.0124810664646425,0.0003907179477207,0.0003557166694315,0.0006000019242323,0.0013398888510371,3.3134425481653404e-09,,371.44934596768394,0.9931431757489421,0.20132662358035255,0.9986634998569878,0.9999999999999998,1.0702549957386509e-13
615.4639289,0.198672654,220.9541127,1405.736043,0.099336954,0.697452486,-10.12416713,-0.45812554,0.000965086,1.0697295511904999e-13,0.919736734388696,0.0650660310989161,0.0125048599367066,0.0003915600312795,0.0003565305375407,0.0006012822275335,0.0013429984650187,3.3142019885427104e-09,,370.5969554976719,0.9931328681402558,0.2008640081532306,0.9986596536559945,1.0,1.0691447727140257e-13
614.2635082,0.198670588,220.4455363,1405.730607,0.099334419,0.697443571,-10.12422554,-0.45818395,0.0009656,1.0719580708809801e-13,0.919703396298625,0.0650694147281718,0.0125287451330649,0.0003924054056517,0.0003573475834024,0.000602567470475,0.0013461200655413,3.3149608711765104e-09,,369.7451415069527,0.9931225405362083,0.20040167372139842,0.9986557918258134,1.0000000000000002,1.0702549957386509e-13
613.0870959,0.198668558,219.9474315,1405.724958,0.099331934,0.697434849,-10.12428279,-0.458241205,0.000966103,1.0741504527606999e-13,0.91967062247963,0.0650727234287205,0.0125522421424886,0.0003932370893523,0.0003581506898397,0.000603831222959,0.0013491896311978,3.31570421833232e-09,,368.9113801029698,0.9931123928904113,0.19994885876635746,0.9986517786766795,0.9999999999999998,1.0769163338864018e-13
611.934692,0.198666565,219.4597789,1405.72,0.099329501,0.697426285,-10.12433885,-0.458297268,0.000966596,1.0763063186332801e-13,0.919638413902111,0.0650759546614761,0.0125753460039456,0.00039405488846,0.0003589417830457,0.0006050750363913,0.0013522104080315,3.3164314846094e-09,,368.09426545007125,0.9931024302017052,0.19950554565203976,0.9986482564261209,1.0000000000000002,1.0735856648125264e-13
610.7822881,0.198664568,218.9724111,1405.71472,0.099327068,0.697417736,-10.12439493,-0.458353342,0.000967089,1.0784702870720699e-13,0.919606106956912,0.0650791789271759,0.0125985358713819,0.00039487577816,0.0003597351553791,0.0006063228750681,0.0013552411186566,3.3171584040425703e-09,,367.27813872234873,0.9930924475176381,0.19906249144247298,0.9986445054210885,0.9999999999999999,1.078026556911027e-13
609.6759804,0.198662646,218.5048055,1405.709634,0.099324732,0.697409532,-10.12444876,-0.458407174,0.000967561,1.08055538948289e-13,0.919574997712206,0.065082266703549,0.0126208794990657,0.0003956667508032,0.0003604996103453,0.0006075251809185,0.0013581612251481,3.31785573933837e-09,,366.49515593757104,0.993082839746593,0.19863740256812187,0.9986408922370746,0.9999999999999996,1.0857981180834031e-13
608.5696726,0.198660719,218.0374617,1405.704528,0.099322396,0.69740133,-10.12450259,-0.458461005,0.000968034,1.08264806890159e-13,0.919543795299649,0.0650853470871952,0.0126433032590967,0.0003964605981889,0.0003612668404793,0.0006087318013323,0.0013610917953974,3.31855257598099e-09,,365.71266149001394,0.9930732069813464,0.19821255168978127,0.9986372648447082,0.9999999999999996,1.0869083411080283e-13
607.485491,0.198658827,217.5797189,1405.699247,0.099320106,0.697393304,-10.12455536,-0.458513777,0.000968497,1.0847062440902399e-13,0.919513126979824,0.0650883599723769,0.0126653567055375,0.0003972413803246,0.0003620208289895,0.0006099179655229,0.0013639728480805,3.3192352462166404e-09,,364.94667699890374,0.99306374917551,0.19779642884695317,0.9986335131292583,0.9999999999999997,1.0880185641326534e-13
606.4234356,0.19865697,217.131561,1405.69457,0.099317864,0.697385427,-10.12460702,-0.458565438,0.00096895,1.08672963189735e-13,0.919482995064921,0.0650913017654068,0.0126870355083538,0.0003980089186303,0.0003627632368543,0.0006110850368435,0.0013668071489788,3.3199029944085703e-09,,364.19601406504876,0.9930544663290839,0.1973890194035193,0.9986301905060508,1.0000000000000002,1.084687895058778e-13
605.3613802,0.198655109,216.6836442,1405.689616,0.099315621,0.697377561,-10.1246587,-0.458617116,0.000969403,1.0887600738756001e-13,0.919452776827807,0.0650942379607739,0.012708789346251,0.0003987791564734,0.0003635076392069,0.0006122556156386,0.0013696501331697,3.3205705306177e-09,,363.4461869561286,0.9930451634872967,0.19698182913822956,0.9986266710971624,0.9999999999999999,1.0913492332065289e-13
604.341807,0.198653318,216.2538707,1405.684843,0.099313469,0.697370013,-10.12470831,-0.458666726,0.000969838,1.0907160103081999e-13,0.919423684858257,0.0650970501268442,0.012729743991562,0.0003995211302355,0.0003642247221178,0.0006133831917754,0.0013723886578882,3.3212109114616204e-09,,362.7267756388307,0.99303621056433,0.1965911325055525,0.9986232802738635,1.0,1.0902390101819037e-13
603.3222337,0.198651524,215.8243191,1405.680054,0.099311316,0.697362467,-10.12475792,-0.458716337,0.000970273,1.09267855384979e-13,0.919394511643924,0.0650998558660589,0.0127507685035297,0.0004002656105209,0.0003649442242969,0.0006145145288215,0.001375136300888,3.3218508549653604e-09,,362.00777781965064,0.9930272426448425,0.1962006375967667,0.9986198780838825,1.0000000000000002,1.0902390101819037e-13
601.8336569,0.198648897,215.1975718,1405.673033,0.099308174,0.697351454,-10.12483035,-0.458788768,0.000970907,1.09555580307676e-13,0.919351772030622,0.0651039406111533,0.0127815904890781,0.0004013570790003,0.0003659990668107,0.000616173074097,0.0013791643263447,3.3227843748150603e-09,,360.95878327737256,0.99301411069139,0.195630876874783,0.9986148902417744,1.0,1.0946799022804043e-13
600.3654714,0.198646299,214.5798729,1405.666074,0.099305074,0.697340598,-10.12490179,-0.458860207,0.000971532,1.0984076095316199e-13,0.919309446228332,0.0651079557361907,0.012812137954793,0.000402438894095,0.0003670445722646,0.0006178168502138,0.0013831564402968,3.32370416000345e-09,,359.92502133645144,0.9930011237043062,0.19506934183309632,0.9986099464455586,0.9999999999999998,1.1002310174035301e-13
599.1909231,0.198644214,214.0860443,1405.660482,0.099302595,0.697331916,-10.12495894,-0.458917357,0.000972032,1.10069911321631e-13,0.91927546198391,0.0651111580175819,0.0128366822606061,0.0004033081606396,0.0003678846574555,0.0006191375945043,0.0013863640007533,3.3244393079695803e-09,,359.0986281853431,0.9929907011222932,0.19462041426743756,0.998605973790229,1.0,1.1002310174035301e-13
598.0163748,0.198642125,213.5925095,1405.654868,0.099300115,0.697323238,-10.12501609,-0.458974507,0.000972532,1.10299961533932e-13,0.919241367185008,0.0651143515066517,0.0128613216846954,0.0004041808392568,0.0003687280350493,0.0006204634584803,0.0013895839655738,3.3251738435748204e-09,,358.2727825867235,0.9929802585449188,0.19417175378821083,0.9986019855057118,0.9999999999999993,1.1091128016005314e-13
596.8653174,0.198640072,213.1091306,1405.649044,0.099297685,0.697314749,-10.12507211,-0.45903052,0.000973021,1.10526287158216e-13,0.919207848417792,0.0651174732024176,0.0128855611597838,0.0004050393977243,0.0003695570331237,0.0006217671815868,0.0013927502815674,3.3258932105244304e-09,,357.46442994862485,0.9929699959257952,0.19373232579058614,0.9985978480334943,0.9999999999999993,1.1124434706744069e-13
595.737751,0.198638056,212.6358889,1405.643913,0.099295305,0.697306413,-10.12512696,-0.459085376,0.000973501,1.10748845050562e-13,0.919174905557246,0.065120521621131,0.0129093955195718,0.0004058836414445,0.0003703736486423,0.0006230503465195,0.0013958663387371,3.3265970784471503e-09,,356.6722023884222,0.9929599182637624,0.19330211327484847,0.9985942028806875,1.0000000000000002,1.1057821325266559e-13
594.6101846,0.198636036,212.162918,1405.638461,0.099292925,0.697298091,-10.12518182,-0.459140238,0.00097398,1.10972245147153e-13,0.919141861095735,0.0651235624210939,0.0129333190826735,0.0004067310879005,0.0003711926255985,0.0006243376920398,0.0013989926675473,3.3273004821200403e-09,,355.88092391216003,0.9929498206063683,0.1928721469368024,0.9985903296838246,0.9999999999999999,1.1113332476497817e-13
593.5277208,0.198634092,211.70912,1405.633207,0.099290641,0.697290106,-10.12523449,-0.459192905,0.00097444,1.11187507456935e-13,0.919110040316213,0.0651264738268351,0.0129563700762477,0.0004075476632969,0.0003719817637111,0.0006255780839043,0.0014020049417052,3.3279752075426105e-09,,355.1217699714987,0.9929401028608368,0.1924596102156793,0.9985865971496505,0.9999999999999997,1.1146639167236572e-13
592.4452571,0.198632144,211.2555708,1405.627934,0.099288356,0.697282124,-10.12528716,-0.459245572,0.000974899,1.1140355617189601e-13,0.919078122947968,0.065129377553035,0.0129795041781884,0.0004083672198782,0.0003727737776938,0.0006268229480033,0.0014050280464719,3.32864939061976e-09,,354.36307975255147,0.992930365119944,0.19204729967258302,0.9985828511175416,0.9999999999999994,1.120215031846783e-13
591.3844426,0.19863023,210.8113343,1405.622488,0.099286117,0.697274314,-10.12533878,-0.459297193,0.000975349,1.11616049043169e-13,0.919046751335806,0.0651322164154533,0.0130022566792948,0.0004091732974107,0.0003735521267012,0.0006280467363427,0.0014080000795699,3.3293096917414605e-09,,353.62039162423156,0.9929207973396211,0.19164345507848346,0.9985789821831844,0.9999999999999999,1.1168843627729075e-13
590.3452774,0.198628351,210.3763945,1405.617648,0.099283924,0.697266647,-10.12538933,-0.459347744,0.00097579,1.11824949468805e-13,0.919015925797923,0.0651349887562821,0.0130246230452202,0.0004099657225559,0.000374318544949,0.00062925082884,0.0014109239741619,3.32995574897714e-09,,352.8925419422275,0.9929114045187086,0.19124806188816987,0.9985755437619048,0.9999999999999997,1.1213252548714081e-13
589.3061122,0.198626468,209.9416841,1405.612531,0.099281731,0.697258992,-10.12543989,-0.459398302,0.000976231,1.12034584653477e-13,0.918985011493853,0.0651377545506048,0.0130470672551006,0.0004107609432424,0.0003750870254974,0.0006304585688761,0.001413856832112,3.3306014149123605e-09,,352.16549795052913,0.992901991702435,0.1908528772398151,0.9985719085549446,0.9999999999999999,1.1213252548714081e-13
587.8097143,0.198623749,209.3161032,1405.60513,0.099278573,0.697247975,-10.12551269,-0.459471105,0.000976865,1.12337760948325e-13,0.918940334967967,0.065141724651058,0.0130795244742136,0.0004119109956913,0.0003761983973169,0.0006322051148956,0.0014180980672148,3.3315302800684703e-09,,351.1193032133712,0.9928883998556753,0.19028417686369345,0.9985666507541409,0.9999999999999998,1.1257661469699087e-13
586.3332684,0.198621058,208.6993285,1405.597568,0.099275457,0.69723712,-10.12558453,-0.45954294,0.000977491,1.1263841030674299e-13,0.91889606958292,0.0651456274062652,0.0131117091594657,0.0004130514632114,0.0003772999429939,0.0006339365254998,0.0014223025870852,3.3324457706452104e-09,,350.0882479648521,0.992874947976444,0.18972348198974145,0.9985612785761003,0.9999999999999996,1.1313172620930345e-13
584.8967264,0.198618431,208.0996655,1405.590614,0.099272426,0.697226545,-10.12565441,-0.459612823,0.000978099,1.12932392755493e-13,0.918852818572173,0.0651494096191356,0.013143177847657,0.0004141666223754,0.0003783781253856,0.0006356303435885,0.0014264155362368,3.33333534287209e-09,,349.08524470159057,0.9928618160229917,0.18917834294594038,0.9985563383319727,1.0,1.127986593019159e-13
583.8432623,0.1986165,207.6601903,1405.585329,0.099270203,0.697218801,-10.12570566,-0.459664073,0.000978545,1.1314889826527701e-13,0.918820989454763,0.0651521746123918,0.0131663520122666,0.0004149878912629,0.0003791717486944,0.0006368773575666,0.0014294435889539,3.33398711185725e-09,,348.35046319319093,0.9928521632623839,0.18877882673383078,0.9985525837748523,0.9999999999999993,1.1379786002407855e-13
582.6940287,0.198614388,207.1810304,1405.579541,0.099267779,0.697210356,-10.12576157,-0.459719981,0.000979032,1.1338597888760299e-13,0.918786157226368,0.0651551822302214,0.0131917272220139,0.0004158872033558,0.0003800407810011,0.0006382428095327,0.0014327591926961,3.33469749724803e-09,,347.5493818772362,0.9928416057116829,0.18834323412645995,0.9985484718776693,1.0,1.1335377081422848e-13
581.5447951,0.198612271,206.7021496,1405.57373,0.099265354,0.697201915,-10.12581747,-0.459775888,0.000979518,1.13623996386407e-13,0.918751209995658,0.0651581807086276,0.0132172013976348,0.0004167900652886,0.0003809132361264,0.0006396135848382,0.0014360876763055,3.3354072204773504e-09,,346.7488202703698,0.9928310231667804,0.18790789524210877,0.998544343640881,0.9999999999999999,1.1368683772161603e-13
580.4415309,0.198610233,206.2426864,1405.568129,0.099263027,0.697193815,-10.12587114,-0.459829557,0.000979984,1.13853379835198e-13,0.918717551848274,0.06516105058366,0.0132417502559048,0.0004176601717641,0.0003817540316294,0.0006409345664676,0.001439295206098,3.3360879232713505e-09,,345.98076987740166,0.9928208355302611,0.18749020842549713,0.9985403645917927,0.9999999999999998,1.141309269314661e-13
579.3382667,0.19860819,205.7834801,1405.562508,0.099260699,0.697185718,-10.12592481,-0.459883225,0.000980451,1.14083636924784e-13,0.918683786516027,0.0651639119110092,0.0132663913809134,0.0004185335875553,0.0003825980175305,0.0006422605109235,0.0014425147391592,3.3367679999107803e-09,,345.21319807409816,0.9928106228995403,0.18707275515042526,0.9985363713343521,1.0000000000000002,1.1390888232654106e-13
578.2570677,0.198606184,205.3337075,1405.556698,0.099258418,0.697177799,-10.12597741,-0.459935825,0.000980907,1.14310139703597e-13,0.918650593892393,0.0651667082701092,0.013290629723835,0.0004193927673449,0.0003834275381766,0.000643564183462,0.0014456802871313,3.33743397227863e-09,,344.46184011749534,0.9928005952259105,0.18666387782250624,0.9985322438079816,1.0000000000000002,1.1401990462900358e-13
577.197934,0.198604214,204.8933521,1405.55154,0.099256184,0.697170021,-10.12602893,-0.459987339,0.000981355,1.1453284547615301e-13,0.918617973697147,0.0651694384492374,0.013314460255752,0.0004202375229861,0.0003842445174313,0.0006448470999415,0.0014487951193044,3.33808556831625e-09,,343.7254717344895,0.9927907475105312,0.18626356144199144,0.9985285794738987,1.0,1.1457501614131615e-13
576.1388004,0.198602239,204.4532335,1405.546082,0.09925395,0.697162258,-10.12608044,-0.460038857,0.000981802,1.14756368484267e-13,0.918585255043948,0.0651721612128255,0.0133383772706227,0.000421085383287,0.000385063787756,0.0006461340716903,0.0014519198910189,3.3387366821915303e-09,,342.9899420542329,0.9927808748009506,0.18586346033059545,0.9985247020145303,1.0,1.1479706074624119e-13
575.1220321,0.198600339,204.030942,1405.540823,0.099251806,0.697154809,-10.1261299,-0.460088313,0.000982231,1.1497172525338901e-13,0.918553750165092,0.0651747674578917,0.01336141939286,0.0004219022623593,0.0003858531143276,0.0006473739633785,0.0014549303046143,3.3393611845795e-09,,342.284247781865,0.9927713770043918,0.18547956540208507,0.998520965928268,0.9999999999999997,1.1535217225855376e-13
574.1052637,0.198598435,203.6088682,1405.535546,0.099249661,0.697147362,-10.12617936,-0.460137769,0.00098266,1.15187844612177e-13,0.918522151653592,0.0651773663106883,0.0133845420603183,0.0004227220307357,0.0003866452260962,0.0006486181858345,0.0014579511926344,3.33998514780162e-09,,341.57895840311755,0.9927618592124718,0.18509586837934813,0.9985172170544887,0.9999999999999997,1.155742168634788e-13
572.620782,0.198595646,202.9930311,1405.527807,0.09924653,0.697136496,-10.12625156,-0.460209971,0.000983286,1.1550475728393601e-13,0.918475848798267,0.0651811471433799,0.013418446684141,0.0004239241119707,0.0003878067395707,0.0006504425765121,0.0014623806051478,3.3408951294775105e-09,,340.5499634565846,0.9927479174468917,0.1845360258547448,0.9985117191325293,0.9999999999999999,1.155742168634788e-13
571.1566356,0.198592887,202.3860841,1405.520135,0.099243443,0.697125785,-10.12632277,-0.460281182,0.000983903,1.15818942299405e-13,0.918429982283052,0.0651848604493336,0.0134520572356148,0.0004251158372045,0.0003889582313234,0.0006522511363829,0.0014667714851809,3.3417914785358104e-09,,339.53590927584406,0.9927341256465205,0.1839842651037598,0.9985062688085508,0.9999999999999994,1.163513729807164e-13
569.7510551,0.19859023,201.8038389,1405.512732,0.099240479,0.697115509,-10.12639113,-0.460349542,0.000984495,1.16122079138075e-13,0.918385764101621,0.06518841039546,0.01348448375699,0.0004262656460897,0.0003900692071512,0.0006539959776381,0.0014710075722826,3.34265086822432e-09,,338.5632061883632,0.9927208437278593,0.1834549601581724,0.9985010095869118,0.9999999999999996,1.1657341758564144e-13
568.2517692,0.198587386,201.1832347,1405.504795,0.099237317,0.697104554,-10.12646404,-0.460422455,0.000985127,1.16447078174158e-13,0.918338395350719,0.0651921808505892,0.0135192465495287,0.0004274983674619,0.0003912602786738,0.0006558665237632,0.0014755487355812,3.3435663394764903e-09,,337.5265075884246,0.992706627026063,0.1828907839789402,0.9984953710022639,0.9999999999999998,1.1668443988810395e-13
567.1273048,0.198585247,200.7180911,1405.498815,0.099234947,0.697096343,-10.12651873,-0.46047714,0.0009856,1.16691954938823e-13,0.918302730431203,0.0651949977530732,0.013545437688109,0.0004284271785636,0.0003921576971918,0.0006572758326504,0.0014789700748397,3.3442521308993104e-09,,336.74955937324813,0.992695934506674,0.18246793324888985,0.9984911227048978,0.9999999999999996,1.1712852909795402e-13
566.0028404,0.198583103,200.2532128,1405.492811,0.099232576,0.697088135,-10.12657341,-0.460531821,0.000986073,1.16937804911359e-13,0.918266946243523,0.0651978051199793,0.0135717315382638,0.0004293596731673,0.0003930586644995,0.0006586906635619,0.0014824047519514,3.3449371997998804e-09,,335.9731049791851,0.9926852169930837,0.18204532369661489,0.998486857357509,1.0000000000000002,1.1657341758564144e-13
564.9233545,0.198581039,199.8071791,1405.487024,0.0992303,0.697080259,-10.1266259,-0.460584314,0.000986527,1.17174741705823e-13,0.918232480513,0.065200491215705,0.0135970708299216,0.0004302583539812,0.0003939269517383,0.0006600541260129,0.0014857146639296,3.34559419018753e-09,,335.2281727573223,0.9926748993867166,0.18163984531172028,0.9984827461707434,0.9999999999999999,1.1723955140041653e-13
563.8438687,0.19857897,199.3613896,1405.481215,0.099228024,0.697072388,-10.12667839,-0.460636806,0.000986981,1.17412585794757e-13,0.918197903539079,0.0652031684671102,0.013622505884332,0.0004311604693785,0.0003947985478546,0.0006614227359734,0.0014890370099039,3.3462505131562e-09,,334.4836948192407,0.9926645567861483,0.1812345889231044,0.9984786193547903,0.9999999999999996,1.1790568521519162e-13
562.7859725,0.198576937,198.9247531,1405.475221,0.099225794,0.697064689,-10.12672984,-0.460688249,0.000987426,1.17646557276428e-13,0.918163911786537,0.0652057839860996,0.0136475256961779,0.0004320478961787,0.000395655217728,0.0006627683849702,0.0014923036852981,3.34689313417124e-09,,333.75493412990886,0.9926543941438306,0.18083765330410068,0.9984743611115775,1.0000000000000002,1.1757261830780408e-13
561.7496661,0.198574941,198.4972539,1405.469882,0.09922361,0.697057127,-10.12678022,-0.460738633,0.000987861,1.17876610478431e-13,0.918130504612067,0.0652083368992573,0.0136721250407983,0.00043292044143,0.0003964989505866,0.0006640926288895,0.0014955180793318,3.3475218513089304e-09,,333.0407022895264,0.9926444164586037,0.18044902418222103,0.9984705681919058,1.0000000000000002,1.177946629127291e-13
560.7133597,0.19857294,198.0699798,1405.464242,0.099221426,0.69704958,-10.12683061,-0.46078902,0.000988297,1.1810751310558604e-13,0.918096995407459,0.0652108819651014,0.0136968141566405,0.0004337962081001,0.0003973450613387,0.0006654210854442,0.0014987427676478,3.3481500157673904e-09,,332.3272756186009,0.9926344137791753,0.1800605996932748,0.9984665614365305,0.9999999999999999,1.1823875212257917e-13
559.2210785,0.19857005,197.4550998,1405.456084,0.099218281,0.697038719,-10.12690316,-0.460861573,0.000988923,1.18441516512033e-13,0.91804855784939,0.0652145322040446,0.0137325251535263,0.0004350630027269,0.0003985689420187,0.0006673425904309,0.0015034069086903,3.3490534559554403e-09,,331.300675012824,0.9926199671307254,0.17950162724499566,0.9984607658495885,0.9999999999999997,1.1879386363489175e-13
557.7486944,0.19856719,196.8488747,1405.447751,0.099215178,0.697028021,-10.12697474,-0.460933158,0.000989541,1.18772817646146e-13,0.918000553356788,0.065218117065297,0.0137679448849119,0.0004363195388192,0.0003997822602356,0.0006692478783823,0.0015080316655035,3.34994360917415e-09,,330.28894107841165,0.9926056704474845,0.1789505227557372,0.9984548459395631,1.0,1.1879386363489175e-13
556.3161044,0.198564396,196.259468,1405.440076,0.099212159,0.697017598,-10.12704439,-0.461002799,0.000990142,1.19096849933681e-13,0.917953636142609,0.0652215878832775,0.013802584916331,0.0004375484805127,0.0004009701629205,0.0006711122665516,0.0015125567968699,3.3508083165410304e-09,,329.3047077466343,0.9925917036877029,0.1784147074647355,0.9984493934843318,0.9999999999999997,1.1945999744966684e-13
554.9217168,0.198561669,195.6861905,1405.432333,0.099209221,0.697007469,-10.12711217,-0.461070582,0.000990727,1.19413847545815e-13,0.917907775035227,0.0652249508442413,0.0138364707763958,0.0004387507329643,0.0004021316308881,0.0006729355306781,0.0015169820978375,3.3516488232347504e-09,,328.3478070475913,0.9925780718502211,0.17789355483703853,0.998443892720702,1.0000000000000004,1.1901590823981678e-13
553.5464304,0.19855897,195.1211635,1405.424657,0.099206324,0.696997486,-10.12717902,-0.461137433,0.000991303,1.19728067434497e-13,0.917862350457678,0.0652282524817926,0.0138700575140382,0.0004399424359873,0.0004032828885641,0.0006747426880524,0.0015213681812904,3.35247663888864e-09,,327.404753171594,0.9925645799802674,0.177379902538161,0.9984384395550528,0.9999999999999994,1.2023715356690445e-13
552.4462013,0.198556804,194.6694258,1405.418489,0.099204006,0.696989505,-10.1272325,-0.461190911,0.000991764,1.1998056999237e-13,0.917825872761956,0.0652308828157015,0.0138970457541325,0.000440900060723,0.0004042079986656,0.0006761947995918,0.0015248924559711,3.3531380431509504e-09,,326.65083780369247,0.9925537524921906,0.17696923878564186,0.9984340576991743,0.9999999999999996,1.20570220474292e-13
551.3459722,0.198554633,194.2179403,1405.412296,0.099201688,0.696981527,-10.12728597,-0.461244386,0.000992225,1.20234080712316e-13,0.917789271630244,0.0652335032828672,0.0139241403204059,0.0004418614982564,0.000405136779509,0.0006776526242119,0.0015284305105863,3.3537986770024605e-09,,325.89739147302913,0.9925429000099122,0.17655880430200682,0.9984296580828552,0.9999999999999997,1.2045919817182948e-13
550.2677477,0.1985525,193.7757295,1405.405902,0.099199417,0.696973724,-10.12733839,-0.461296803,0.000992676,1.2048350126252304e-13,0.917753283798337,0.0652360628957049,0.0139507967699042,0.0004428074354812,0.0004060497764445,0.0006790861846377,0.0015319097849247,3.3544455722169103e-09,,325.1598709826379,0.9925322374835649,0.17615680122249297,0.9984251156725945,1.0000000000000002,1.2012613126444194e-13
549.2115277,0.198550405,193.3427773,1405.40021,0.099197193,0.696966062,-10.12738971,-0.461348123,0.000993118,1.2072878846703499e-13,0.917717910445025,0.0652385588502508,0.0139770093716549,0.0004437376469684,0.0004069491663114,0.0006804972205765,0.0015353339440137,3.35507813092332e-09,,324.43704084954123,0.9925217649131489,0.17576321491098207,0.998421071975503,0.9999999999999996,1.2112533198660458e-13
548.1553078,0.198548304,192.9100576,1405.394195,0.099194968,0.696958416,-10.12744104,-0.461399452,0.00099356,1.20975017723597e-13,0.917682423148983,0.0652410466617721,0.0140033217016295,0.0004446714412049,0.0004078512067794,0.0006819129317183,0.0015387695520812,3.3557101748711904e-09,,323.7150448290081,0.9925112623496911,0.17536983995956454,0.9984167988135203,0.9999999999999996,1.2145839889399213e-13
547.1413367,0.198546283,192.4948649,1405.388398,0.099192833,0.696951079,-10.12749031,-0.461448726,0.000993984,1.21212292443862e-13,0.91764824578203,0.0652434262449349,0.0140286758864435,0.0004455712671337,0.0004087204225115,0.0006832770825777,0.0015420799579313,3.3563162556418e-09,,323.02233416710595,0.9925011596934568,0.17499239837742395,0.9984126805225786,1.0000000000000002,1.2112533198660458e-13
546.1273655,0.198544256,192.0798859,1405.38258,0.099190698,0.696943745,-10.12753958,-0.461497998,0.000994408,1.2145044850931e-13,0.917613960490459,0.0652457972403435,0.014054123012277,0.0004464744260298,0.0004095928463081,0.0006846462258095,0.0015454024017295,3.3569216634002e-09,,322.33002055338875,0.9924910270441808,0.17461515106475411,0.9984085473128669,0.9999999999999997,1.2179146580137967e-13
544.6469676,0.198541289,191.4744002,1405.374046,0.099187581,0.696933045,-10.12761152,-0.461569931,0.000995026,1.2179974931323e-13,0.917563708920088,0.0652492433711547,0.0140914437873338,0.0004477990615928,0.0004108723825644,0.0006866541972227,0.0015502749221175,3.35780433918555e-09,,321.31995523925167,0.9924761954850284,0.1740647187460464,0.9984024846088999,1.0,1.2179146580137967e-13
543.1868492,0.198538351,190.8776545,1405.365583,0.099184506,0.6969225,-10.12768246,-0.461640873,0.000995636,1.2214613093009204e-13,0.917513917337069,0.0652526240922755,0.0141284500341143,0.0004491126055726,0.0004121411796484,0.0006886452280743,0.0015551061644498,3.35867348671842e-09,,320.32455451467536,0.9924615088922445,0.1735222317486989,0.9983964723445842,0.9999999999999994,1.226796442210798e-13
541.7851355,0.198535522,190.3051948,1405.357415,0.099181556,0.696912383,-10.12775056,-0.461708974,0.000996222,1.22480414204842e-13,0.917465902265052,0.0652558525125408,0.0141641612855513,0.0004503802513866,0.0004133656184712,0.0006905665667043,0.0015597681406641,3.35950652579782e-09,,319.36974245029023,0.9924473671730526,0.17300182256308524,0.998390669653466,0.9999999999999992,1.2323475573339238e-13
540.4021113,0.19853272,189.7407674,1405.349092,0.099178644,0.696902417,-10.12781776,-0.46177617,0.000996799,1.22811938228883e-13,0.917418320749004,0.0652590220674511,0.0141995756444861,0.0004516374277708,0.000414579315146,0.0006924713980037,0.0015643900376884,3.3603272867386103e-09,,318.4286962383754,0.9924333604225487,0.1724887153459798,0.9983847568476168,1.0,1.2279066652354231e-13
539.0564661,0.198529985,189.1919747,1405.341394,0.099175812,0.696892711,-10.12788311,-0.461841527,0.00099736,1.2313614062383399e-13,0.917371822446851,0.0652620885097112,0.014234205037394,0.0004528667914629,0.0004157673363299,0.0006943350130795,0.0015689115039234,3.3611243090415703e-09,,317.513211467071,0.9924196885943445,0.1719898212542599,0.9983792880527802,0.9999999999999992,1.2390088954816747e-13
537.6390532,0.198527094,188.6143192,1405.332799,0.099172829,0.696882511,-10.12795197,-0.461910384,0.000997951,1.23479384443417e-13,0.917322632227796,0.0652653029486334,0.0142708664154553,0.0004541683674742,0.0004170239087021,0.000696306932348,0.0015736958375042,3.3619627732087804e-09,,316.55023361164984,0.9924052369470543,0.17146468869327747,0.9983731820133385,0.9999999999999996,1.2390088954816747e-13
536.3472339,0.198524451,188.0882099,1405.325324,0.099170111,0.696873206,-10.12801471,-0.461973119,0.00099849,1.2379379956852801e-13,0.91727760457051,0.0652682158079227,0.0143044459299313,0.0004553605803841,0.0004181759618393,0.0006981139936537,0.0015780797929099,3.3627254561466e-09,,315.672737112896,0.9923920250121572,0.1709864155286219,0.9983678716416308,1.0000000000000004,1.234568003383174e-13
535.3137784,0.19852233,187.6675712,1405.319151,0.099167936,0.696865774,-10.1280649,-0.46202331,0.00099892,1.24046422936331e-13,0.917241449803086,0.0652705360061705,0.0143314247518758,0.000456318485267,0.0004191011284115,0.0006995654425157,0.0015816010192142,3.36333485607574e-09,,314.9714182004064,0.9923814224718935,0.17060402312037973,0.9983634862336641,0.9999999999999994,1.2456702336294256e-13
534.2803229,0.198520204,187.2471533,1405.312954,0.099165762,0.696858345,-10.12811508,-0.462073498,0.000999351,1.24300024038881e-13,0.917205175406035,0.0652728466854719,0.0143585066167614,0.0004572800850939,0.0004200298492873,0.0007010224237783,0.0015851355695041,3.3639434931014603e-09,,314.2705090610149,0.9923707949374284,0.1702218314360456,0.9983590837756746,0.9999999999999998,1.2456702336294256e-13
533.2675365,0.198518115,186.8353583,1405.306579,0.099163631,0.696851081,-10.12816428,-0.462122689,0.000999773,1.24549504291209e-13,0.917169511689683,0.0652751027645546,0.0143851474013204,0.0004582260640231,0.0004209426997827,0.0007024550096568,0.0015886110063153,3.3645393816173e-09,,313.5843770019732,0.9923603523600542,0.16984747862031066,0.9983545548633488,0.9999999999999999,1.2467804566540508e-13
531.7793606,0.198515035,186.2306551,1405.297858,0.099160501,0.696840386,-10.12823653,-0.462194941,0.001000392,1.24917819662479e-13,0.917116892119117,0.0652783987905723,0.0144244747796579,0.0004596225772709,0.0004222921859191,0.0007045714064347,0.00159374477549,3.36541319930555e-09,,312.57600343062404,0.9923449559319485,0.16929775765331515,0.998348359311287,0.9999999999999999,1.2501111257279263e-13
530.3308694,0.198512026,185.6425166,1405.289049,0.099157454,0.696829996,-10.12830686,-0.462265269,0.001000995,1.25278296558654e-13,0.917065434666039,0.0652815884650904,0.0144629627132226,0.000460989359749,0.0004236121591227,0.0007066419639026,0.0015987673064859,3.36626232062434e-09,,311.5956862348416,0.9923299144215038,0.16876309525207878,0.9983421012424747,0.9999999999999996,1.2567724638756772e-13
528.9022206,0.198509048,185.0628588,1405.280314,0.09915445,0.696819756,-10.12837621,-0.462334628,0.001001589,1.25635770501767e-13,0.917014445439715,0.0652847156063965,0.0145011272957903,0.0004623447296994,0.000424921080668,0.0007086951017206,0.001603747378786,3.3670982857251903e-09,,310.62958451483473,0.9923150278751081,0.16823614244888124,0.9983358957445663,0.9999999999999998,1.2589929099249275e-13
527.5307177,0.198506179,184.506783,1405.271883,0.099151566,0.696809934,-10.12844279,-0.462401206,0.001002159,1.25980768060894e-13,0.916965272896951,0.0652876999198284,0.0145379573068114,0.0004636527697079,0.0004261842656765,0.0007106764204705,0.0016085530525291,3.3678993728694203e-09,,309.70286109294625,0.9923006862023045,0.16773062746814557,0.9983299062136141,1.0000000000000002,1.2578826869003024e-13
526.1775015,0.198503338,183.9585017,1405.263298,0.09914872,0.696800259,-10.12850849,-0.462466899,0.001002722,1.26322927097767e-13,0.916916541930212,0.0652906279661515,0.0145744820539636,0.0004649500354146,0.0004274363923925,0.0007126407632946,0.0016133174897562,3.36868851229394e-09,,308.78948349716,0.992286484497029,0.1672321982777236,0.9983238072783487,0.9999999999999999,1.2645440250480533e-13
524.8608587,0.198500564,183.4254,1405.255344,0.099145953,0.696790836,-10.12857238,-0.462530795,0.001003269,1.2665753743862998e-13,0.916868917680489,0.0652934590207164,0.014610198111958,0.0004662186308906,0.000428662056249,0.0007145626415799,0.0016179784885351,3.3694547234772e-09,,307.9009003107965,0.9922726177140533,0.16674756849234962,0.9983181566166012,0.9999999999999992,1.2745360322696797e-13
523.5793264,0.198497855,182.9068572,1405.247345,0.099143259,0.696781679,-10.12863458,-0.46259299,0.001003801,1.26984839783395e-13,0.916822367270739,0.0652961995150324,0.0146451320803241,0.0004674595086654,0.0004298603023456,0.0007164418945783,0.0016225360579888,3.3701993425260203e-09,,307.03692535434595,0.9922590758556968,0.1662761738487549,0.9983124739860608,1.0,1.270095140171179e-13
522.3153493,0.198495175,182.3957484,1405.239418,0.099140602,0.696772655,-10.12869591,-0.462654327,0.001004325,1.2730923275585e-13,0.916776262100866,0.0652988871490463,0.0146797532997642,0.0004686893328256,0.000431047848664,0.0007183043018312,0.0016270525959423,3.3709325067282305e-09,,306.1853990050217,0.9922456789637087,0.16581153727369474,0.9983068425055891,0.9999999999999996,1.2778667013435552e-13
521.3041676,0.198493024,181.9870978,1405.233048,0.099138477,0.69676544,-10.12874498,-0.462703393,0.001004745,1.2756988045701201e-13,0.916739239437389,0.0653010262282609,0.0147075696301041,0.0004696774715828,0.0004320019991312,0.0007198006323557,0.0016306812295303,3.3715181330624804e-09,,305.5046162162403,0.9922349264582362,0.16544004295549813,0.9983023171453514,0.9999999999999996,1.2789769243681803e-13
520.292986,0.198490867,181.5786573,1405.226653,0.099136353,0.69675823,-10.12879404,-0.462752456,0.001005165,1.27831541935794e-13,0.916702092868264,0.0653031554435893,0.0147354927189176,0.0004706694381017,0.0004329598287404,0.0007213026914949,0.0016343236386607,3.3721029483886804e-09,,304.82422273426516,0.9922241439597219,0.1650687396340999,0.9982977740246731,0.9999999999999993,1.284528039491306e-13
518.8166607,0.198487709,180.982711,1405.217271,0.099133251,0.696747712,-10.12886567,-0.462824081,0.001005777,1.28215400546428e-13,0.916647634883409,0.0653062462660115,0.0147764534290558,0.0004721246290752,0.0004343649106151,0.0007235060535887,0.001639666455161,3.3729553096734803e-09,,303.831546954107,0.9922083576220735,0.1645269793518434,0.9982911088865647,0.9999999999999999,1.284528039491306e-13
517.3605592,0.198484581,180.3953664,1405.207966,0.099130192,0.696737346,-10.1289363,-0.462894717,0.001006381,1.2859614818846e-13,0.916593660493963,0.0653092738582213,0.0148170791359805,0.0004735679925391,0.0004357585353915,0.0007256913638341,0.0016449652461476,3.3737942698445103e-09,,302.8532812882456,0.9921927212496335,0.16399303866578185,0.998284498450613,0.9999999999999997,1.2889689315898067e-13
515.9627016,0.198481567,179.8319245,1405.198983,0.099127255,0.696727404,-10.12900411,-0.46296252,0.00100696,1.2896368900874701e-13,0.916541597850008,0.0653121606926532,0.0148562928242242,0.0004749612587743,0.0004371037543494,0.0007278006894255,0.0016500795558382,3.3745980479847904e-09,,301.91490396313,0.9921776547449873,0.16348082734274968,0.9982781167691348,0.9999999999999998,1.2922996006636822e-13
514.5834822,0.198478583,179.276388,1405.189831,0.099124358,0.696717613,-10.12907101,-0.46302942,0.001007531,1.29328285788449e-13,0.916489992014738,0.0653149906183992,0.0148951898561403,0.0004763433443034,0.0004384374514883,0.0007298923675513,0.0016551509718602,3.3753896444292e-09,,300.99006567673274,0.9921627382055499,0.16297580262652306,0.9982716150270788,0.9999999999999997,1.297850715786808e-13
513.241539,0.198475668,178.7362391,1405.181356,0.099121541,0.696708076,-10.12913608,-0.46309449,0.001008087,1.2968491498838599e-13,0.916439547321033,0.0653177244327313,0.0149332337242841,0.0004776951712005,0.0004397432847799,0.0007319392957597,0.0016601133939236,3.37615807981923e-09,,300.090323646937,0.9921481665860927,0.16248476640308393,0.9982655942377516,1.0,1.2967404927621828e-13
511.9353809,0.198472821,178.2108485,1405.172828,0.099118798,0.69669881,-10.12919941,-0.463157825,0.001008627,1.30033828829085e-13,0.916390230144586,0.0653203685363632,0.0149704522392839,0.000479017734682,0.0004410201410757,0.0007339412156635,0.0016649666113103,3.3769046903415704e-09,,299.2155222837729,0.9921339348877756,0.16200714659111273,0.9982595357962905,0.9999999999999993,1.3078427230084344e-13
510.6471154,0.198470004,177.6929968,1405.164374,0.099116094,0.696689679,-10.12926187,-0.463220286,0.001009161,1.30379712785956e-13,0.916341374843481,0.0653229594054253,0.015007345075473,0.0004803287834632,0.0004422858488273,0.0007359255901969,0.0016697770753629,3.37763965219511e-09,,298.3533375215309,0.9921198531546673,0.16153638020971392,0.9982535299257331,0.9999999999999994,1.3089529460330596e-13
509.4103805,0.198467289,177.1961783,1405.156218,0.099113498,0.696680921,-10.12932183,-0.463280243,0.001009672,1.3071340853119901e-13,0.916294272604047,0.0653254306251915,0.0150429355492795,0.0004815936051817,0.0004435068980155,0.0007378398874733,0.0016744174523366,3.3783438751589102e-09,,297.5262311557163,0.9921062813032689,0.16108473459870795,0.9982477357596266,0.9999999999999998,1.3089529460330596e-13
508.0911966,0.198464384,176.6665829,1405.147474,0.099110729,0.696671586,-10.12938578,-0.463344189,0.001010218,1.31071142626111e-13,0.916243811403489,0.0653280491710998,0.015081087299101,0.0004829495090595,0.0004448158439344,0.0007398919183769,0.0016793914757141,3.3790935849555605e-09,,296.64462207120715,0.9920917596722147,0.16060329230535744,0.9982415238679595,0.9999999999999992,1.318944953254686e-13
506.6071148,0.198461103,176.0712128,1405.137583,0.099107615,0.696661095,-10.12945771,-0.463416121,0.001010831,1.31475822211243e-13,0.916186770435307,0.0653309733709226,0.0151242425401267,0.0004844833087235,0.0004462964830219,0.0007422130304451,0.0016850174513864,3.3799351875120604e-09,,295.65359802923865,0.99207535847721,0.1600620558325023,0.9982344971272825,0.9999999999999999,1.3156142841808105e-13
505.1626085,0.198457897,175.4921508,1405.127899,0.099104584,0.696650893,-10.12952771,-0.463486125,0.001011428,1.31871995747313e-13,0.916130971561725,0.0653337973742615,0.0151664874388286,0.000485984827737,0.0004477459169719,0.0007444851413807,0.0016905243582113,3.3807524749816104e-09,,294.6898001313138,0.9920593321952272,0.15953564465658926,0.998227617443053,1.0000000000000004,1.3156142841808105e-13
503.7378899,0.198454722,174.9214379,1405.118294,0.099101595,0.696640841,-10.12959675,-0.463555161,0.001012016,1.32264969737113e-13,0.916075665140197,0.065336561052874,0.0152083879957242,0.0004874741796823,0.0004491835632742,0.0007467386941555,0.0016959859924035,3.38155674049512e-09,,293.73997617319594,0.9920434608772937,0.15901682344435683,0.9982207938818154,0.9999999999999997,1.325606291402437e-13
502.37016,0.198451663,174.3739425,1405.109022,0.099098727,0.696631201,-10.12966301,-0.463621428,0.001012581,1.32644323591079e-13,0.916022314814752,0.0653391937846688,0.0152488333247248,0.0004889118728764,0.0004505713035947,0.0007489139437491,0.0017012575731741,3.38232710843239e-09,,292.8288652265935,0.9920281694248342,0.15851910869650432,0.9982142068896451,0.9999999999999997,1.3300471835009375e-13
501.0206666,0.198448633,173.8341209,1405.099582,0.099095896,0.696621707,-10.1297284,-0.463686809,0.001013138,1.3302064921060001e-13,0.915969429879915,0.0653417722870889,0.0152889531189312,0.0004903380625597,0.0004519471859212,0.0007510710476879,0.0017064850346772,3.38308564235251e-09,,291.9308848719726,0.9920130229387433,0.1580283700135321,0.9982075005473148,0.9999999999999998,1.3322676295501878e-13
499.707646,0.198445677,173.309279,1405.090987,0.099093136,0.696612421,-10.12979216,-0.463750576,0.00101368,1.3338870709137204e-13,0.915917917339044,0.0653442871808552,0.0153281944534529,0.0004917331757601,0.0004532949859522,0.0007531822749539,0.0017113872060223,3.38382544970736e-09,,291.0755844151046,0.991998246366834,0.15755124901138134,0.998201394507873,0.9999999999999993,1.340039190722564e-13
498.4296392,0.198442801,172.798889,1405.082894,0.099090422,0.696603266,-10.12985482,-0.463813233,0.001014206,1.33748629953182e-13,0.91586818483821,0.0653468071063055,0.0153665871512759,0.0004930985101276,0.00045461507233,0.0007552479025302,0.0017154560345305,3.38455640887612e-09,,290.3059561533053,0.9919838697021484,0.15708726587991315,0.9981956450980763,0.9999999999999999,1.3389289676979388e-13
497.1691394,0.198439955,172.2958157,1405.074871,0.099087747,0.696594244,-10.12991661,-0.463875028,0.001014725,1.3410543528415998e-13,0.91581891562869,0.0653492754537139,0.0154046448672197,0.000494451990936,0.0004559236757069,0.0007572954794231,0.0017194895189004,3.38527594003424e-09,,289.5469597177587,0.9919696430026715,0.15662993418240329,0.9981899454175133,1.0,1.340039190722564e-13
495.9590595,0.198437213,171.8131687,1405.067131,0.099085178,0.696585589,-10.12997593,-0.463934348,0.001015223,1.34449675062356e-13,0.915771412002945,0.0653516290096359,0.0154413600154688,0.0004957577801814,0.0004571861475887,0.0007592707971451,0.0017233808609349,3.38596535538887e-09,,288.81840631643155,0.9919559361825853,0.15619117153726186,0.9981844467851364,0.9999999999999997,1.34781075189494e-13
494.6683077,0.198434278,171.2986727,1405.058834,0.099082438,0.696576365,-10.13003921,-0.463997619,0.001015754,1.3481872099625504e-13,0.915720518270066,0.0653541219852764,0.0154807183766148,0.0004971576361447,0.0004585395420645,0.0007613882936945,0.0017275525093045,3.3866992738318304e-09,,288.04137267363296,0.9919412645863221,0.15572345574109053,0.9981785524501453,0.9999999999999993,1.354472090042691e-13
493.2162119,0.198430963,170.7202686,1405.049447,0.099079356,0.696565997,-10.13011038,-0.464068794,0.001016351,1.35236207082437e-13,0.915662985211545,0.0653569048579103,0.0155252397180894,0.0004987411975118,0.000460070515199,0.0007637835239401,0.0017322715881464,3.3875231191118803e-09,,287.1673207685058,0.9919246934307474,0.15519764264606115,0.9981718837599489,1.0000000000000004,1.34781075189494e-13
491.8028387,0.198427723,170.1576989,1405.040258,0.099076357,0.696555915,-10.13017965,-0.464138066,0.001016932,1.35644928438137e-13,0.915606701721956,0.0653595912380718,0.0155688231801249,0.0005002914752231,0.0004615692791593,0.0007661282583537,0.0017368914586523,3.3883231308172203e-09,,286.3166898661191,0.9919084971881947,0.15468622421882877,0.998165355732441,0.9999999999999999,1.3578027591165664e-13
490.4088267,0.198424515,169.6032319,1405.031144,0.099073399,0.69654598,-10.13024797,-0.464206384,0.001017505,1.36050359228696e-13,0.91555091181249,0.0653622191018549,0.0156120526406219,0.0005018292339762,0.0004630559096199,0.0007684539100294,0.0017414740021611,3.3891103624611903e-09,,285.4778206814088,0.9918924609085314,0.15418217175903176,0.9981588809862547,0.9999999999999999,1.361133428190442e-13
489.0705753,0.198421423,169.0713136,1405.022345,0.09907056,0.696536451,-10.13031355,-0.464271965,0.001018055,1.3644174785891599e-13,0.915497092122775,0.0653647213844575,0.0156537819008361,0.0005033136958537,0.0004644909860515,0.0007706988180416,0.0017458977019835,3.38986438423609e-09,,284.6726084278768,0.9918770044943424,0.15369861777380625,0.9981526300216186,0.9999999999999997,1.3677947663381929e-13
487.7501671,0.198418361,168.5468429,1405.013382,0.099067759,0.696527068,-10.13037826,-0.464336672,0.001018597,1.36830022026515e-13,0.915443739100711,0.0653671710208781,0.0156951764395802,0.0005047863189956,0.0004659138742541,0.0007729250836782,0.0017502847711587,3.39060677735567e-09,,283.87850614493857,0.9918616980453618,0.1532218342205444,0.9981462625484928,0.9999999999999994,1.3733458814613186e-13
486.4654457,0.19841537,168.0368846,1405.005078,0.099065034,0.696517927,-10.1304412,-0.464399616,0.001019124,1.37209829232801e-13,0.915391580781709,0.0653695343667509,0.0157356651922851,0.0005062267755198,0.000467307067992,0.0007751037868471,0.0017545786374315,3.3913273130955803e-09,,283.105415913193,0.9918467465140425,0.15275824353704312,0.9981403632405784,0.9999999999999999,1.3733458814613186e-13
485.2149835,0.198412448,167.5408457,1404.996725,0.099062381,0.696509048,-10.13050247,-0.464460881,0.001019638,1.37581438864624e-13,0.915340583238021,0.0653718170357514,0.0157752776237162,0.0005076361177691,0.000468669442162,0.0007772347147212,0.0017587784356938,3.3920271901495204e-09,,282.35329844401844,0.9918321399027031,0.15230730664142986,0.9981344291222007,0.9999999999999996,1.3811174426336947e-13
483.981651,0.198409556,167.0519112,1404.988444,0.099059766,0.696500297,-10.13056289,-0.464521304,0.001020144,1.3794983954663801e-13,0.915290058226825,0.0653740507525469,0.015814545447918,0.0005090332571885,0.0004700199936509,0.0007793470715503,0.0017629418574662,3.3927159834861e-09,,281.61156971033546,0.9918176832565727,0.15186282818301014,0.9981285461538917,0.9999999999999998,1.38222766565832e-13
482.7976517,0.198406769,166.5828228,1404.980454,0.099057255,0.696491904,-10.13062089,-0.464579305,0.001020629,1.3830527573012504e-13,0.915241341444467,0.0653761784416796,0.0158524289755188,0.0005103811973899,0.000471322960992,0.000781384931023,0.0017669586554158,3.3933758070008303e-09,,280.8995904781614,0.9918037514886734,0.15143639133125478,0.9981228699171099,1.0000000000000002,1.38222766565832e-13
481.5347192,0.198403786,166.0827734,1404.971889,0.099054577,0.696482959,-10.13068275,-0.464641168,0.001021147,1.38686334989454e-13,0.915189145379623,0.0653784298510888,0.0158930408764763,0.0005118262745574,0.0004727197963993,0.0007835695227073,0.001771264904931,3.3940780772196103e-09,,280.14023270738005,0.9917888399480762,0.15098180858766497,0.9981167851901968,0.9999999999999998,1.3888890038060708e-13
480.11392,0.198400417,165.5206022,1404.962199,0.099051565,0.696472905,-10.13075234,-0.464710757,0.00102173,1.3911742411097998e-13,0.915130136926959,0.0653809401038849,0.0159389815014421,0.0005134610332743,0.0004742999457076,0.000786040713791,0.0017761363799356,3.39486620214661e-09,,279.2860624800146,0.9917719988551256,0.1504707524270873,0.9981099012434614,0.9999999999999998,1.3944401189291966e-13
478.7310089,0.198397124,164.9738126,1404.952713,0.099048633,0.69646313,-10.13082007,-0.464778486,0.001022296,1.3953947579474904e-13,0.915072406763541,0.0653833603312858,0.0159839556886808,0.0005150614757312,0.0004758468887697,0.000788459873848,0.0017809055823727,3.3956313431345604e-09,,278.4547789170364,0.9917555376740372,0.149973679304843,0.9981031622219205,1.0,1.3955503419538218e-13
477.3670418,0.198393862,164.4348904,1404.943303,0.099045742,0.696453498,-10.13088687,-0.46484528,0.001022855,1.3995814234149201e-13,0.915015179668343,0.0653857248692277,0.0160285658887168,0.0005166490363721,0.0004773813444649,0.000790859410664,0.0017856363856868,3.39638407412688e-09,,277.63498821187267,0.991739231456998,0.14948375824452886,0.9980964771921188,0.9999999999999994,1.4066525722000733e-13
476.0576333,0.198390719,163.9178772,1404.934219,0.099042967,0.696444261,-10.13095098,-0.464909397,0.001023391,1.4036232029633998e-13,0.914959970525156,0.0653879735981649,0.0160716292095127,0.0005181816140692,0.0004788626220001,0.0007931757000823,0.0017902033337691,3.39710487634272e-09,,276.8480876579004,0.9917235201019539,0.14901375412307974,0.998090023758461,0.9999999999999997,1.4066525722000733e-13
474.7656836,0.198387605,163.4080958,1404.924971,0.099040229,0.696435166,-10.13101424,-0.464972658,0.00102392,1.40763293981351e-13,0.914905237282,0.0653901722620981,0.0161143483103235,0.0005197020076166,0.0004803313459415,0.0007954728113908,0.0017947325826743,3.39781438343932e-09,,276.07204469837933,0.9917079537132782,0.14855032425506462,0.9980834538163136,1.0,1.4077627952246985e-13
473.5086515,0.198384564,162.9124133,1404.916392,0.099037566,0.696426306,-10.13107578,-0.465034195,0.001024435,1.41155534334985e-13,0.914851726632134,0.0653922908339165,0.0161561337934465,0.0005211892295981,0.0004817694636366,0.0007977209093197,0.0017991657393044,3.3985028574212704e-09,,275.31653168105106,0.9916927522399441,0.1480997113540203,0.9980773591435539,0.9999999999999998,1.4133139103478243e-13
472.2851402,0.198381593,162.4302542,1404.907767,0.099034974,0.6964177,-10.13113568,-0.46509409,0.001024936,1.41539319958589e-13,0.914799404314774,0.0653943344869223,0.016197015998516,0.000522644362252,0.0004831757921695,0.0007999197631891,0.0018035018828637,3.39917142028406e-09,,274.58151511021515,0.9916779006854304,0.14766139224689853,0.9980712317915835,0.9999999999999996,1.4199752484955752e-13
471.0783894,0.198378651,161.9549942,1404.899216,0.099032418,0.69640922,-10.13119475,-0.465153159,0.001025429,1.41919802204542e-13,0.914747564256103,0.0653963317507083,0.0162375436310501,0.0005240869302198,0.000484569945961,0.000802099508509,0.0018078005774773,3.3998292325648603e-09,,273.85665023486735,0.9916631940972853,0.14722934494373507,0.9980651570105171,0.9999999999999997,1.4221956945448255e-13
469.9199086,0.198375817,161.4990195,1404.890966,0.099029964,0.696401086,-10.13125145,-0.46520986,0.001025903,1.4228690449135204e-13,0.914697577002767,0.0653982318616668,0.016276643572593,0.0005254787325855,0.0004859150083783,0.0008042024300316,0.0018119479913764,3.4004592420729e-09,,273.16085724432,0.991649027383892,0.14681482943760002,0.9980592960651542,1.0,1.4221956945448255e-13
468.6841957,0.198372783,161.0129431,1404.882121,0.099027347,0.696392419,-10.13131192,-0.465270336,0.001026409,1.42680481675358e-13,0.914644017080812,0.0654002398354746,0.0163185606043664,0.0005269708687662,0.0004873570023938,0.0008064568238943,0.0018163943830202,3.4011296217695203e-09,,272.41876175852065,0.9916338609024399,0.14637294920835414,0.9980530124213076,0.9999999999999998,1.4288570326925765e-13
467.2940187,0.198369356,160.4664728,1404.872115,0.099024403,0.696382678,-10.13137995,-0.465338365,0.001026977,1.43125745389155e-13,0.914583463398926,0.0654024754398302,0.0163659789904481,0.0005286589089475,0.0004889882763535,0.0008090070427825,0.0018214245406868,3.4018817738502603e-09,,271.58400747845945,0.9916167298767522,0.14587616635397146,0.9980459039826044,0.9999999999999996,1.4355183708403274e-13
465.9409132,0.198366006,159.9349466,1404.862319,0.099021538,0.696373208,-10.13144616,-0.465404572,0.00102753,1.43561688711951e-13,0.914524218177445,0.0654046273983498,0.0164124012774241,0.0005303115600838,0.0004905853084117,0.0008115036388579,0.0018263492366722,3.40261177385238e-09,,270.7716186559335,0.9915999837617672,0.14539296881731634,0.9980389447316015,0.9999999999999998,1.4377388168895777e-13
464.6063433,0.198362688,159.4110606,1404.852601,0.099018713,0.696363878,-10.13151145,-0.465469865,0.001028075,1.4399414914797804e-13,0.914465485963049,0.065406726466292,0.0164584492491475,0.0005319509542004,0.0004921694873117,0.0008139800534437,0.0018312344230824,3.4033297305038302e-09,,269.97046028412655,0.9915833976096715,0.14491671680059903,0.9980320408931728,1.0000000000000004,1.4355183708403274e-13
463.3251562,0.198359489,158.9084651,1404.843219,0.099016001,0.696354931,-10.13157413,-0.46553254,0.001028599,1.44411656226292e-13,0.914408821632626,0.0654087195859787,0.0165029017986717,0.0005335336132733,0.000493698802305,0.0008163706185576,0.0018359505444259,3.4040170554464904e-09,,269.20144307480524,0.9915674063195709,0.14445981945944456,0.9980253757550644,0.9999999999999997,1.446620601086579e-13
462.0610516,0.198356321,158.4128927,1404.833674,0.099013325,0.696346121,-10.13163597,-0.465594384,0.001029115,1.4482586320930998e-13,0.914352642224371,0.0654106658221097,0.0165470002821396,0.0005351037357862,0.0004952151948689,0.0008187414426943,0.0018406278931921,3.4046935452817804e-09,,268.4430338937603,0.9915515699935193,0.14400930664763156,0.9980185948188839,1.0000000000000002,1.4455103780619538e-13
460.831112,0.198353226,157.93102,1404.824807,0.099010723,0.696337542,-10.13169611,-0.465654527,0.001029617,1.4523106609611004e-13,0.914297715965194,0.0654125368742499,0.0165901362643421,0.000536639632735,0.0004967000160547,0.0008210617663119,0.0018452060756174,3.4053495583513105e-09,,267.7046906892167,0.9915360985828092,0.1435712478997818,0.9980122955458496,0.9999999999999999,1.45328193923433e-13
459.6339708,0.198350202,157.4622876,1404.815899,0.09900819,0.696329208,-10.13175466,-0.465713071,0.001030106,1.45627543669869e-13,0.914244006192706,0.0654143394530011,0.0166323409331062,0.0005381424327504,0.000498152051589,0.0008233313109101,0.0018496842198052,3.4059865497473103e-09,,266.98637534943657,0.99152098208976,0.14314513467896514,0.9980059671456929,1.0000000000000002,1.454392162258955e-13
458.4532287,0.198347208,157.0002563,1404.807066,0.099005693,0.696320997,-10.13181239,-0.465770807,0.001030588,1.46020619550998e-13,0.914190788743073,0.0654160983026584,0.0166741807047267,0.0005396322943173,0.0004995915497658,0.0008255811893054,0.0018541238093943,3.40661314536038e-09,,266.2779797306992,0.9915060155619196,0.1427251132651241,0.9979996920268578,1.0,1.4599432773820809e-13
457.3197164,0.198344324,156.5569678,1404.798545,0.099003295,0.696313123,-10.13186781,-0.465826228,0.00103105,1.46399883344966e-13,0.914139470858293,0.0654177688429848,0.0167145476448694,0.0005410697609848,0.0005009803897802,0.0008277518268742,0.0018584072688538,3.40721309556706e-09,,265.59799470506425,0.9914915989065115,0.14232213047476017,0.99799363855832,0.9999999999999996,1.468825061579082e-13
456.1106365,0.198341235,156.084409,1404.789409,0.099000738,0.696304732,-10.13192692,-0.465885337,0.001031544,1.46806510624749e-13,0.914084482475519,0.065419531226964,0.01675782414031,0.0005426108918958,0.0005024693494551,0.0008300788734957,0.0018629996343619,3.4078513210542103e-09,,264.87275811419386,0.9914761574888433,0.1418925387667979,0.9979871481829459,0.9999999999999996,1.4721557306529576e-13
454.7504217,0.198337746,155.5531285,1404.779072,0.098997862,0.696295303,-10.13199341,-0.465951826,0.001032098,1.4726655281029904e-13,0.914022310461655,0.0654214896112581,0.0168067818839002,0.0005443544071178,0.0005041537947612,0.0008327113531824,0.0018681950794109,3.4085671778779502e-09,,264.0569666893513,0.9914587165350575,0.14140956459003504,0.9979798045960107,1.0,1.4721557306529576e-13
453.4264793,0.198334335,155.0363692,1404.768952,0.098995062,0.696286137,-10.13205812,-0.466016535,0.001032638,1.47716979698244e-13,0.913961478332251,0.0654233708983032,0.0168547127021723,0.0005460614202992,0.0005058029258175,0.0008352885552852,0.001873281756462,3.40926174896265e-09,,263.26303100372746,0.9914416654908144,0.14093979128289866,0.9979726151696987,1.0,1.4777068457760834e-13
452.1206731,0.198330957,154.5270304,1404.758913,0.098992302,0.696277107,-10.13212193,-0.466080348,0.001033171,1.48163822651126e-13,0.913901169616251,0.0654252020661328,0.0169022585209337,0.0005477547883901,0.000507438825483,0.0008378449992135,0.0018783277735032,3.4099446396772204e-09,,262.48006965440396,0.9914247794083011,0.1404767637717753,0.9979654832872141,1.0,1.4810375148499588e-13
450.8670991,0.1983277,154.0383842,1404.749221,0.098989652,0.696268449,-10.13218319,-0.466141602,0.001033682,1.4859522855786604e-13,0.913842981103466,0.0654269371669696,0.0169481584175454,0.0005493895993007,0.0005090181096027,0.0008403128893716,0.0018831993029971,3.41059819619668e-09,,261.7285182390696,0.9914084981854634,0.14003254739987137,0.9979585979196437,0.9999999999999998,1.4876988529977098e-13
449.6302395,0.198324473,153.5565597,1404.739365,0.098987038,0.696259925,-10.13224363,-0.466202042,0.001034186,1.4902323796648004e-13,0.913785287568739,0.065428627978262,0.0169936940759749,0.0005510115046005,0.0005105840807909,0.0008427604646632,0.0018880309155789,3.4112412576302604e-09,,260.987334229683,0.9913923669278345,0.13959453246946893,0.9979515960435834,0.9999999999999997,1.4932499681208355e-13
448.4268085,0.198321321,153.0880485,1404.730198,0.098984496,0.696251623,-10.1323024,-0.466260818,0.001034676,1.49441955839981e-13,0.913728877873615,0.0654302497378139,0.017038237169217,0.0005525980986242,0.0005121174976615,0.0008451559777659,0.0018927602332882,3.41186465094976e-09,,260.2657568264542,0.9913766105832277,0.1391686203361906,0.9979450836452632,0.9999999999999998,1.496580637194711e-13
447.2554689,0.198318241,152.6323073,1404.720993,0.098982021,0.696243561,-10.13235962,-0.466318031,0.001035153,1.4985166950774504e-13,0.913673714725749,0.0654318089525863,0.0170818198175702,0.0005541505443817,0.0005136170857832,0.0008474991249622,0.0018973863363472,3.4124698035829604e-09,,259.5637525802308,0.991361214155122,0.13875431709922456,0.9979385442510734,0.9999999999999993,1.5054624213917123e-13
446.1001752,0.198315191,152.1830758,1404.711867,0.098979581,0.696235618,-10.13241604,-0.466374454,0.001035624,1.50257880004153e-13,0.913619054512071,0.0654333270115219,0.0171250268748876,0.0005556896640296,0.0005151037600906,0.0008498220299962,0.0019019727341879,3.4130648984318e-09,,258.87144198300336,0.9913459676922252,0.13834593167215084,0.9979320609798757,1.0,1.5021317523178368e-13
444.9910931,0.198312253,151.7520626,1404.703062,0.098977239,0.696228001,-10.1324702,-0.466428613,0.001036075,1.5064982816713501e-13,0.913566342785944,0.065434765700374,0.0171667141201975,0.0005571746942271,0.0005165381486422,0.0008520631801944,0.0019063979566352,3.4136345205614e-09,,258.20689599197476,0.9913312810994412,0.137954108058365,0.9979258057527339,0.9999999999999994,1.5121237595394632e-13
443.8080723,0.198309106,151.292584,1404.693621,0.098974741,0.696219886,-10.13252796,-0.466486375,0.001036557,1.51070067279095e-13,0.913509858065192,0.0654362800242498,0.0172114073397009,0.0005587668599538,0.0005180759760099,0.0008544658835922,0.0019111424369102,3.4142403015607704e-09,,257.4981249026048,0.991315549749036,0.13753640724198807,0.9979190986999859,1.0000000000000002,1.5076828674409626e-13
442.654627,0.198306026,150.8448592,1404.684368,0.098972306,0.696211983,-10.13258427,-0.466542685,0.001037026,1.5148196503528704e-13,0.913454526191901,0.0654377361736364,0.0172552104031244,0.0005603273674537,0.0005195831820872,0.0008568206809894,0.0019157925858274,3.4148291151786104e-09,,256.8071506079745,0.9913001533209302,0.13712939151922707,0.9979125252057504,1.0,1.5143442055887135e-13
441.4479458,0.198302791,150.3767521,1404.674636,0.098969758,0.696203725,-10.13264317,-0.466601587,0.001037518,1.51915179341739e-13,0.913396364382371,0.065439237885667,0.017301277123045,0.0005619685749413,0.0005211682846383,0.0008592971144884,0.0019206832192533,3.41544315953604e-09,,256.08436728795084,0.9912839820725791,0.1367038467434272,0.997905611421475,0.9999999999999993,1.525446435834965e-13
440.1702833,0.198299351,149.8814234,1404.664274,0.098967062,0.696194992,-10.13270553,-0.466663945,0.001038037,1.5237646790703801e-13,0.913334470924372,0.0654408036630956,0.0173503255536739,0.0005637160740799,0.0005228559924706,0.0008619337744084,0.0019258906016556,3.4160911456370204e-09,,255.31915856066433,0.9912667860619675,0.1362535554733551,0.9978982500740993,0.9999999999999994,1.5287771049088406e-13
438.9437273,0.198296035,149.4062116,1404.654269,0.098964474,0.696186619,-10.13276538,-0.466723798,0.001038537,1.52821834068014e-13,0.913274750471859,0.0654422830128038,0.0173976773717835,0.0005654031862151,0.0005244853265534,0.0008644791703702,0.001930918043551,3.41671105972338e-09,,254.5846471394007,0.9912502099075525,0.135821551987639,0.9978911423458139,1.0,1.5276668818842154e-13
437.7335254,0.19829275,148.9376276,1404.644101,0.09896192,0.696178378,-10.13282444,-0.466782857,0.001039029,1.5326370611846e-13,0.913215535051595,0.0654437207449314,0.0174446547109763,0.0005670770223349,0.000526100956966,0.0008670036729859,0.0019359044227361,3.4173208400798303e-09,,253.86026773894397,0.9912337887171865,0.13539557367365188,0.9978839188194563,0.9999999999999998,1.5343282200319663e-13
436.5560316,0.19828954,148.4819852,1404.634632,0.098959437,0.696170351,-10.13288188,-0.466840288,0.001039508,1.5369599774321999e-13,0.913157634387285,0.0654450954852209,0.0174906092953398,0.0005687144571682,0.0005276830471057,0.0008694745465443,0.0019407853632705,3.4179117557372503e-09,,253.15504714402397,0.9912177424398425,0.13498136025336208,0.9978771918750149,0.9999999999999998,1.538769112130467e-13
435.4099377,0.198286403,148.0387565,1404.62513,0.098957019,0.696162557,-10.13293778,-0.466896192,0.001039974,1.54119005087237e-13,0.913101010592046,0.0654464134966633,0.0175355741839982,0.0005703166879215,0.0005292302617328,0.0008718914630019,0.0019455598959967,3.4184851975592e-09,,252.46895625631728,0.9912020610778401,0.13457843182572327,0.9978704414867919,0.9999999999999997,1.5443202272535927e-13
434.2795437,0.198283297,147.6018533,1404.615709,0.098954636,0.696154879,-10.13299291,-0.466951321,0.001040433,1.5453840686512001e-13,0.91304490039501,0.0654476929476594,0.0175801527236196,0.0005719052031872,0.0005307641851365,0.000874287557764,0.0019502935684194,3.4190489290764505e-09,,251.7923382380166,0.9911865346798868,0.13418125375623816,0.9978637486423964,0.9999999999999994,1.5509815654013437e-13
433.1943655,0.198280304,147.1826634,1404.606618,0.098952348,0.696147517,-10.13304582,-0.467004238,0.001040875,1.54943094160935e-13,0.912990787953265,0.0654489018322698,0.0176231643003692,0.0005734379283279,0.0005322441907868,0.0008765993774094,0.0019548609978279,3.4195883454702e-09,,251.14285486805096,0.9911715731508868,0.13380017841682743,0.9978572902358154,0.9999999999999993,1.5565326805244695e-13
432.1236563,0.198277339,146.7692905,1404.59741,0.098950091,0.69614027,-10.13309803,-0.467056445,0.00104131,1.55344378320391e-13,0.912937160373453,0.0654500763424977,0.0176658115186058,0.0005749577179071,0.0005337109823258,0.000878890996525,0.001959388648411,3.4201189471006803e-09,,250.5023009782298,0.991156751589415,0.13342439117059202,0.9978507487103728,0.9999999999999997,1.5565326805244695e-13
431.0818852,0.198274444,146.367306,1404.588791,0.098947895,0.696133211,-10.13314881,-0.467107227,0.001041733,1.55736734766668e-13,0.912884748962437,0.0654512003322069,0.0177075069072366,0.0005764436269706,0.0005351463783654,0.0008811325404189,0.0019638178315755,3.4206334361097903e-09,,249.87872286588313,0.9911422799467636,0.13305895684172256,0.9978446256209081,1.0,1.5576429035490946e-13
429.9012113,0.19827115,145.9119824,1404.578751,0.098945407,0.69612523,-10.13320636,-0.467164776,0.001042213,1.5618370502783299e-13,0.912825076300352,0.0654524531070556,0.0177550029740775,0.0005781363113435,0.000536780694769,0.0008836852248627,0.0019688619661692,3.42121464361215e-09,,249.17230707017762,0.9911258137668352,0.13264503323475654,0.997837493028006,1.0000000000000004,1.5576429035490946e-13
428.6510859,0.198267648,145.4301741,1404.56806,0.098942773,0.696116792,-10.13326729,-0.4672257,0.001042721,1.5665965444961299e-13,0.912761572073919,0.0654537543560607,0.0178055745895412,0.0005799386636177,0.0005385208374501,0.0008864031366527,0.001974232920774,3.4218277364089805e-09,,248.42442585410583,0.9911083078281253,0.13220703303137993,0.9978298979532333,0.9999999999999998,1.5687451337953462e-13
427.4509656,0.198264271,144.9679274,1404.557738,0.098940246,0.696108702,-10.13332576,-0.467284176,0.001043209,1.57119187839761e-13,0.912700294349179,0.0654549789757229,0.0178543981932973,0.0005816787760757,0.0005402008297279,0.0008890270358403,0.0019794184175855,3.42241406088257e-09,,247.7065454259952,0.9910914267444523,0.13178681580263948,0.9978225650225623,0.9999999999999998,1.5731860258938468e-13
426.2668469,0.198260924,144.5121219,1404.547252,0.098937751,0.69610074,-10.13338346,-0.467341875,0.00104369,1.57575128876046e-13,0.912639532086456,0.0654561644633664,0.0179028369344483,0.0005834052355475,0.0005418667197613,0.0008916294579395,0.0019845616793327,3.4229905779313405e-09,,246.9985680294176,0.9910746956259882,0.13137245411210785,0.9978151155834017,0.9999999999999998,1.5776269179923474e-13
425.1147314,0.198257655,144.0688992,1404.537477,0.098935326,0.696092986,-10.13343957,-0.467397983,0.001044158,1.58021195846388e-13,0.912580115953957,0.0654572930707554,0.017950222307801,0.0005850941896702,0.000543498072765,0.0008941766622533,0.0019895963190907,3.4235490503656804e-09,,246.30931217555437,0.991058354417067,0.13096953113892304,0.9978081712511687,0.9999999999999997,1.5831780331154732e-13
423.993339,0.19825446,143.6377466,1404.527673,0.098932965,0.696085458,-10.13349418,-0.467452596,0.001044613,1.5845769443119e-13,0.912522007571919,0.0654583707069007,0.017996588328357,0.0005867468693524,0.0005450934899412,0.0008966682979073,0.0019945213113723,3.42409080912645e-09,,245.63875328074798,0.9910423831223274,0.13057758079998877,0.9978012063168247,0.9999999999999994,1.5898393712632242e-13
422.8873081,0.198251296,143.212742,1404.517951,0.098930637,0.696078043,-10.13354804,-0.467506452,0.001045062,1.5889048393240904e-13,0.912464423743298,0.0654594122787629,0.0180425570904359,0.000588385438087,0.0005466752322668,0.0008991385258195,0.0019994042665472,3.4246231878450903e-09,,244.97745217917992,0.991026566791637,0.13019121945827675,0.9977942996367256,0.9999999999999993,1.596500709410975e-13
421.8255184,0.198248247,142.8049633,1404.508571,0.098928403,0.696070933,-10.13359973,-0.467558146,0.001045494,1.5930809936843704e-13,0.912408887632297,0.0654603921851964,0.0180869110836687,0.0005899664943113,0.0005482014070247,0.0009015219234693,0.0020041158487401,3.4251324363308703e-09,,244.34267023682554,0.9910113253275805,0.12982051776315726,0.9977876359194524,0.9999999999999991,1.602051824534101e-13
420.777886,0.198245226,142.4028388,1404.499074,0.098926199,0.696063936,-10.13365073,-0.467609145,0.001045919,1.5972221373358104e-13,0.912353846939302,0.0654613399976296,0.0181308903813157,0.0005915342399554,0.000549713977772,0.0009038845456328,0.0020087864925994,3.42563316747793e-09,,243.71661613519714,0.9909962238310522,0.12945495616369393,0.9977808890833176,0.9999999999999999,1.5987211554602254e-13
419.7585679,0.198242277,142.0117884,1404.490175,0.098924055,0.69605712,-10.13370034,-0.467658753,0.001046333,1.60127123934196e-13,0.912300051998454,0.0654622429174413,0.0181738891064622,0.0005930670699409,0.0005511942128795,0.0009061955946656,0.0020133556738774,3.4261185458252303e-09,,243.10715044465692,0.9909814822510251,0.1290994617591133,0.9977745670769195,0.9999999999999996,1.6053824936079764e-13
418.6033408,0.19823892,141.5688443,1404.479814,0.098921625,0.696049415,-10.13375655,-0.467714968,0.001046802,1.6058840796489201e-13,0.912238801612153,0.0654632442347864,0.0182228710304594,0.0005948132426178,0.0005528796079829,0.0009088274909649,0.0020185593542086,3.4266666364696304e-09,,242.41672244258388,0.990964701144158,0.1286967920544103,0.9977672064399614,1.0000000000000002,1.6042722705833512e-13
417.3801591,0.198235351,141.1001297,1404.468781,0.098919053,0.69604127,-10.13381607,-0.467774479,0.001047298,1.6107961289242501e-13,0.912173615179432,0.0654642783584505,0.0182750261158813,0.0005966725948779,0.0005546741765642,0.0009116298117606,0.0020241003356278,3.42724455917757e-09,,241.6857662565075,0.9909468602831486,0.12827069501514057,0.9977593684023628,1.0,1.6109336087311021e-13
416.2059047,0.19823191,140.6504391,1404.458128,0.098916585,0.696033462,-10.13387319,-0.467831599,0.001047775,1.6155388926398704e-13,0.912110711178598,0.0654652456365431,0.0183253798258955,0.0005984677838028,0.0005564067515617,0.0009143352694988,0.0020294501261418,3.4277970083191804e-09,,240.98413095285176,0.9909296592736968,0.1278618922314265,0.9977518003234596,1.0000000000000002,1.6131540547803525e-13
415.047307,0.198228499,140.2070092,1404.447313,0.098914149,0.69602578,-10.13392954,-0.467887949,0.001048245,1.6202447438216104e-13,0.912048334018122,0.0654661757691952,0.01837533795996,0.0006002489260596,0.0005581248040692,0.00091701865518,0.0020347564389119,3.4283398731252e-09,,240.29217735077503,0.9909126082294537,0.12745878089776275,0.997744117156902,0.9999999999999999,1.6209256159527285e-13
413.9200228,0.198225167,139.7758149,1404.437218,0.098911781,0.696018296,-10.13398435,-0.46794276,0.001048703,1.62484874806966e-13,0.911987334623339,0.0654670562369657,0.0184242109261495,0.000601991427343,0.0005598073057183,0.000919645158952,0.0020399508925041,3.4288657413453903e-09,,239.61851325325426,0.990895952093594,0.12706679265037302,0.9977369454910308,0.9999999999999999,1.6264767310758543e-13
412.8227994,0.19822191,139.3563581,1404.427098,0.098909476,0.696011033,-10.13403769,-0.467996102,0.001049148,1.6293541469130601e-13,0.911927675766388,0.0654678909832971,0.0184720337829888,0.0006036965392764,0.0005614527633972,0.0009222144315789,0.002045032303535,3.4293755472466804e-09,,238.96312596515594,0.9908796708707562,0.1266854746786658,0.9977297560647189,1.0,1.6298074001497298e-13
411.7406066,0.198218685,138.9428776,1404.417065,0.098907203,0.696003879,-10.13409029,-0.468048704,0.001049587,1.6338213804877201e-13,0.911868552814719,0.0654686922237681,0.0185194480950763,0.0006053871319781,0.000563084150983,0.0009247616898078,0.002050070463628,3.4298763169101503e-09,,238.3167861347159,0.990863549610808,0.12630958961588826,0.9977226284447401,1.0000000000000002,1.6331380692236053e-13
410.7017014,0.198215576,138.5461514,1404.407383,0.098905021,0.695997022,-10.13414078,-0.468099192,0.001050008,1.6381321004127204e-13,0.911811529832512,0.065469440681897,0.0185651979882351,0.0006070184233109,0.0005646582586297,0.0009272194672026,0.0020549319176934,3.4303551311578905e-09,,237.69636470527556,0.9908480082163338,0.12594893547961702,0.9977157501813457,0.9999999999999996,1.6420198534206065e-13
409.6766483,0.198212497,138.1549217,1404.397584,0.098902869,0.695990274,-10.13419059,-0.468149,0.001050424,1.64240679431563e-13,0.911755013233703,0.0654701593604953,0.0186105624898841,0.0006086360165402,0.0005662183595577,0.0009296558739865,0.0020597512348428,3.4308257328922503e-09,,237.08447404042084,0.9908326167870684,0.12559327807776866,0.9977087887990899,0.9999999999999996,1.6464607455191071e-13
408.3468497,0.198208484,137.6476849,1404.385254,0.098900078,0.695981514,-10.13425519,-0.468213599,0.001050964,1.6479843786405499e-13,0.911681306534526,0.0654710610803429,0.0186697488362416,0.0006107465257947,0.0005682554692002,0.000932835921545,0.0020660422007509,3.4314333561483105e-09,,236.29031191608684,0.9908125564409683,0.12513216144370468,0.9977000293498385,0.9999999999999994,1.653122083666858e-13
407.150031,0.198204856,137.191467,1404.373909,0.098897566,0.695973651,-10.13431331,-0.468271727,0.001051449,1.65303539256068e-13,0.911614600130862,0.0654718436854118,0.0187233430050962,0.0006126576871441,0.0005700994186291,0.000935714867043,0.0020717377736704,3.4319775291611503e-09,,235.57583187440167,0.9907944206483816,0.12471742485036652,0.9976919696619424,0.9999999999999994,1.6586731987899839e-13
405.9691699,0.198201259,136.7416059,1404.362384,0.098895089,0.695965918,-10.13437066,-0.468329069,0.001051928,1.6580482792237599e-13,0.911548437352044,0.0654725889007119,0.0187765284557702,0.0006145543319085,0.0005719282845096,0.0009385709469735,0.0020773882954046,3.43251194931226e-09,,234.8712236268659,0.9907764398198439,0.12430846706925065,0.9976837820988749,1.0,1.6575629757653587e-13
404.8202239,0.198197744,136.3041628,1404.351632,0.098892679,0.695958384,-10.13442643,-0.468384844,0.001052394,1.6629538092024404e-13,0.911483720864898,0.065473286869511,0.018828570502023,0.0006164102527849,0.0005737197913887,0.0009413671807262,0.0020829211054722,3.4330293464632903e-09,,234.18522057319402,0.9907588688962105,0.12391079818981107,0.9976761436886274,0.9999999999999997,1.66644475996236e-13
403.7019165,0.198194308,135.8786322,1404.340848,0.098890334,0.695951073,-10.13448071,-0.468439123,0.001052848,1.6677553710773499e-13,0.911420412730313,0.0654739414618497,0.0188795057188467,0.0006182267544629,0.0005754721958503,0.000944103057944,0.0020883346470357,3.4335306448358904e-09,,233.51784155717036,0.99074169288096,0.12352395867429637,0.997668482545016,0.9999999999999998,1.6697754290362354e-13
402.5989283,0.198190904,135.459169,1404.330152,0.098888022,0.695943875,-10.13453423,-0.468492647,0.001053295,1.6725173202699301e-13,0.911357659427887,0.0654745626774694,0.0189300169049417,0.0006200281842653,0.000577209991915,0.0009468160822669,0.002093703297064,3.43402279581635e-09,,232.85967709514952,0.9907246768285991,0.12314263488450489,0.9976608839181553,0.9999999999999994,1.6775469902086115e-13
401.5400597,0.198187623,135.0567068,1404.319829,0.098885803,0.695936975,-10.13458561,-0.468544019,0.001053725,1.67711344107001e-13,0.911297122124897,0.0654751359485168,0.018978765448861,0.0006217667971973,0.0005788871243604,0.0009494343614516,0.0020988847600547,3.4344930887372e-09,,232.22790735507806,0.9907082756335943,0.12277676629018762,0.9976535502770667,0.9999999999999997,1.680877659282487e-13
400.4953093,0.198184372,134.6598247,1404.309376,0.098883613,0.695930186,-10.13463629,-0.468594706,0.001054149,1.6816720967038099e-13,0.911237109355507,0.0654756801350806,0.0190271134951636,0.0006234911778271,0.0005805496514625,0.0009520303780297,0.0021040223718057,3.4349551767994404e-09,,231.60483205394996,0.9906920244037983,0.12241597042901933,0.9976461242816874,0.9999999999999996,1.6853185513809876e-13
399.4787955,0.198181196,134.273872,1404.299576,0.098881484,0.695923575,-10.13468558,-0.468643994,0.001054561,1.6861305376604101e-13,0.911178441011471,0.0654761864766032,0.0190743945130279,0.0006251775308778,0.0005821770610096,0.000954570382712,0.0021090495887275,3.4354024446510605e-09,,230.99825337967553,0.9906761480870245,0.12206511021948425,0.9976391621890139,1.0,1.6853185513809876e-13
398.1641042,0.19817707,133.7750044,1404.286549,0.098878731,0.69591505,-10.13474932,-0.468707737,0.001055094,1.69193055101349e-13,0.91110216254281,0.0654768108310749,0.019135898174425,0.000627371228134,0.0005842929326546,0.0009578734615672,0.0021155873931868,3.4359781391866705e-09,,230.2141021198639,0.9906555228719713,0.12161160182152184,0.9976299075786815,0.9999999999999999,1.6930901125533637e-13
397.123194,0.198173787,133.3802626,1404.276174,0.098876551,0.695908312,-10.13479978,-0.468758193,0.001055516,1.69655000533468e-13,0.91104144340228,0.0654772796708644,0.0191848790781575,0.0006291183166913,0.0005859779656742,0.000960503919481,0.0021207942102507,3.4364315458722703e-09,,229.59332136900187,0.9906391116792859,0.12125275165501113,0.9976225369958768,1.0000000000000002,1.694200335577989e-13
395.95217,0.198170079,132.9364292,1404.264436,0.0988741,0.695900746,-10.13485653,-0.468814944,0.001055991,1.70177596756114e-13,0.910972787552612,0.0654777799140875,0.0192402865578835,0.0006310946857039,0.0005878840554601,0.0009634794222525,0.0021266843748916,3.4369390601767204e-09,,228.89502034895597,0.9906205759794756,0.12084927350931433,0.9976141981138562,1.0000000000000002,1.6986412276764895e-13
394.8123733,0.198166452,132.5046867,1404.252944,0.098871715,0.695893394,-10.13491175,-0.468870168,0.001056453,1.70689238716675e-13,0.910905606879312,0.0654782389483347,0.0192945281866768,0.0006330295226882,0.0005897500078676,0.0009663922269512,0.0021324507905685,3.43743040942986e-09,,228.21541930504313,0.990602445185729,0.12045678690664204,0.9976060339945702,1.0,1.7064127888488656e-13
393.6881903,0.198162859,132.079105,1404.241545,0.098869363,0.695886156,-10.13496621,-0.468924623,0.001056909,1.71196778296285e-13,0.910838999861705,0.0654786645276844,0.0193483305630597,0.0006349487429415,0.0005916008187784,0.00096928135613,0.0021381706916173,3.43791245967866e-09,,227.5452039327442,0.9905844843525525,0.12006990093736057,0.9975979359441227,0.9999999999999999,1.7130741269966165e-13
392.6089746,0.198159395,131.6707768,1404.23054,0.098867106,0.69587922,-10.13501847,-0.468976887,0.001057347,1.7168675499840204e-13,0.910774730541368,0.0654790474837752,0.0194002670666495,0.000636801452691,0.0005933874133212,0.0009720702073273,0.002143692396323,3.43837280490167e-09,,226.9018683231076,0.9905671683697739,0.11969869970516013,0.9975901177982174,0.9999999999999996,1.7208456881689926e-13
391.5441484,0.198155962,131.2681142,1404.219389,0.098864879,0.695872397,-10.13507004,-0.469028452,0.001057779,1.72172846062807e-13,0.910711004309911,0.0654794014824666,0.0194517881602469,0.0006386393974884,0.0005951587908602,0.0009748359140989,0.0021491685059314,3.438824836059e-09,,226.2673970174401,0.9905500073510445,0.11933264893207851,0.9975821959313397,1.0000000000000004,1.716404796070492e-13
390.5081014,0.198152607,130.8765443,1404.208941,0.098862713,0.695865753,-10.13512018,-0.469078591,0.001058199,1.72648356023946e-13,0.910648692056026,0.0654797202419877,0.0195021830627764,0.0006404371962388,0.0005968931928861,0.0009775425872999,0.0021545282233503,3.4392620485064102e-09,,225.64970858135592,0.9905332362418581,0.11897668226268707,0.9975747734880486,1.0,1.7263968032921184e-13
389.4996822,0.198149329,130.4956159,1404.198491,0.098860606,0.695859305,-10.13516898,-0.469127393,0.001058608,1.7311361474153904e-13,0.910587753591796,0.0654800087183026,0.019551488324113,0.0006421961725674,0.0005985891878608,0.0009801899203314,0.00215977064517,3.43968562110039e-09,,225.04876578257594,0.9905168500433742,0.11863038952204327,0.9975673496239222,1.0,1.729727472365994e-13
388.1868033,0.19814504,129.9999732,1404.184604,0.098857862,0.695850934,-10.13523251,-0.469190921,0.001059141,1.7372296775401604e-13,0.910507986278901,0.0654803512109126,0.0196160587316933,0.0006444998050025,0.0006008094447789,0.0009836561086212,0.0021666349796826,3.4402340081114405e-09,,224.26666587658124,0.990495410017353,0.11817981280221068,0.9975574840544369,0.9999999999999997,1.7408297026122455e-13
386.9137087,0.198140859,129.5196674,1404.171444,0.098855204,0.69584282,-10.13529407,-0.469252488,0.001059657,1.7431781869499e-13,0.910430160859575,0.0654806446814332,0.0196790856423982,0.0006467484242291,0.0006029781223699,0.0009870406252888,0.0021733382037691,3.44076194826907e-09,,223.5079975511256,0.9904745098660835,0.11774317848502902,0.9975481349585611,0.9999999999999993,1.7497114868092467e-13
385.7679235,0.198137078,129.08766,1404.159343,0.098852812,0.695835539,-10.13534948,-0.46930789,0.001060122,1.74856543484043e-13,0.910359719060176,0.0654808781714351,0.019736161039959,0.0006487847733105,0.0006049412649139,0.0009901048455387,0.0021794074032573,3.4412342477868405e-09,,222.82544735085472,0.9904556092509317,0.1173504510682116,0.9975395381949446,0.9999999999999998,1.7508217098338719e-13
384.6374155,0.198133329,128.6616614,1404.147062,0.098850452,0.695828382,-10.13540413,-0.46936254,0.00106058,1.75391235733742e-13,0.910289844590639,0.0654810794526877,0.0197928045137673,0.0006508057651193,0.0006068884273041,0.0009931448904138,0.0021854289181956,3.44169748698469e-09,,222.15232851427822,0.9904368685986694,0.11696318610528311,0.9975308135561565,0.9999999999999997,1.7574830479816228e-13
383.5374617,0.198129665,128.2474119,1404.13558,0.098848157,0.695821408,-10.13545728,-0.469415698,0.001061027,1.75914507898929e-13,0.910221490542413,0.065481246385446,0.0198482334530851,0.0006527834724172,0.0006087959400052,0.0009961214144953,0.0021913253498166,3.4421454332253e-09,,221.4969763381299,0.9904185528478321,0.11658660196331491,0.9975226565410464,0.9999999999999997,1.7619239400801234e-13
382.46684,0.198126082,127.8444336,1404.124075,0.098845923,0.695814645,-10.13550901,-0.469467425,0.001061461,1.76426721300937e-13,0.910154617847884,0.0654813821165769,0.0199024866174993,0.0006547192754986,0.0006106618897493,0.0009990338397374,0.0021970949702995,3.44257888514885e-09,,220.85941696764854,0.9904006420030584,0.11622026419504411,0.9975144831863313,1.0000000000000004,1.759703494030873e-13
381.4108844,0.198122533,127.4471917,1404.112664,0.098843721,0.695807987,-10.13556002,-0.46951843,0.001061889,1.7693473976961004e-13,0.910088325171766,0.0654814896188642,0.0199562911451321,0.0006566391161656,0.0006125123686716,0.0010019220929031,0.0022028170433166,3.44300387569618e-09,,220.23065925836227,0.9903829011188549,0.11585914124844958,0.9975063766108725,1.0,1.7696955012524995e-13
380.397167,0.198119111,127.0660416,1404.10165,0.098841608,0.695801607,-10.13560897,-0.469567382,0.001062301,1.7742509521287401e-13,0.910024367586242,0.0654815680599876,0.0200082209463524,0.0006584921064966,0.0006142983332635,0.0010047096251696,0.002208339898901,3.4434095035905405e-09,,219.6271150895947,0.9903657950873686,0.11551264696572965,0.9974985520712086,0.9999999999999997,1.7774670624248756e-13
379.3969658,0.19811572,126.6901677,1404.090506,0.098839523,0.695795333,-10.13565727,-0.469615679,0.001062707,1.77911481471731e-13,0.909960958686476,0.0654816222951195,0.0200597268738708,0.0006603300197835,0.0006160688104239,0.001007473588964,0.002213816281377,3.44380757987128e-09,,219.0318774371732,0.9903488440199315,0.11517094914806243,0.9974906351772542,1.0,1.7785772854495008e-13
378.0994076,0.1981113,126.2028335,1404.076465,0.098836819,0.695787192,-10.13571988,-0.469678294,0.001063233,1.7854631932453704e-13,0.909878235940173,0.0654816547800731,0.020126946246652,0.0006627286882118,0.0006183813746444,0.0010110823544471,0.0022209671712995,3.4443201950647903e-09,,218.2593123486799,0.9903267491458317,0.1147279254834382,0.9974806602034555,0.9999999999999997,1.7885692926711272e-13
376.8537516,0.198107033,125.7352976,1404.062683,0.098834225,0.695779402,-10.13577998,-0.469738394,0.001063739,1.79159879989792e-13,0.909798333751385,0.065481648361603,0.0201919067780245,0.0006650468231083,0.0006206153218474,0.0010145690096698,0.0022278765093738,3.44480877209232e-09,,217.51793621110798,0.9903054190942971,0.11430289997166129,0.9974708692278201,0.9999999999999998,1.794120407794253e-13
375.7949441,0.198103388,125.3381266,1404.050896,0.09883202,0.695772796,-10.13583105,-0.469789463,0.001064168,1.79684610344403e-13,0.909730035512288,0.0654816130139131,0.0202474575031452,0.0006670292160063,0.0006225256215608,0.0010175505054724,0.0022337851822134,3.4452211920518603e-09,,216.8878406103514,0.9902871983214253,0.1139418414785318,0.9974624955353362,1.0,1.7963408538435033e-13
374.6738538,0.198099511,124.9178272,1404.038343,0.098829687,0.695765816,-10.13588511,-0.469843521,0.001064624,1.8024344553218602e-13,0.90965733429603,0.0654815453707606,0.020306613752993,0.0006691403258814,0.0006245598570256,0.0010207254115223,0.0022400775399514,3.4456549669655603e-09,,216.22075486275577,0.9902678178176053,0.11355975751966464,0.9974535776629555,0.9999999999999994,1.8074430840897548e-13
373.597607,0.198095772,124.5145669,1404.026221,0.098827448,0.69575913,-10.13593699,-0.469895401,0.00106506,1.80783088536851e-13,0.909587164963813,0.065481450915918,0.0203637334901892,0.0006711788063871,0.0006265240091668,0.0010237909167787,0.002246153451498,3.4460685475677604e-09,,215.58042463488485,0.9902491271537459,0.11319316339205475,0.997444965980569,1.0000000000000002,1.8052226380405045e-13
372.5357102,0.198092065,124.1169016,1404.013937,0.098825238,0.695752556,-10.13598817,-0.469946585,0.001065492,1.81318593064224e-13,0.909517569589743,0.0654813302148374,0.0204204109545082,0.000673201558004,0.0006284718644181,0.0010268317126452,0.002252180659189,3.4464740569130404e-09,,214.94892843141773,0.9902305964527759,0.11283165554282132,0.997436239210528,1.0,1.8118839761882555e-13
371.5025134,0.198088442,123.7301909,1404.002421,0.09882309,0.695746154,-10.13603794,-0.46999635,0.001065911,1.8184257713858801e-13,0.909449499554451,0.065481183335719,0.0204758635821472,0.0006751806241146,0.0006303796284068,0.0010298084276814,0.0022580814004324,3.4468655977773102e-09,,214.33411725859617,0.9902124856543906,0.11248010625392799,0.997428058041219,0.9999999999999999,1.8196555373606316e-13
370.4968684,0.1980849,123.3539893,1403.990902,0.098821,0.695739945,-10.13608637,-0.470044785,0.00106632,1.8235539578282802e-13,0.909382912874243,0.0654810151175596,0.020530130683952,0.0006771174291594,0.0006322455410218,0.001032720556991,0.002263854349646,3.4472443440800804e-09,,213.73598493387513,0.990194779762069,0.11213811053216355,0.9974198747406573,0.9999999999999998,1.8274270985330077e-13
369.1876014,0.198080265,122.8644966,1403.97559,0.098818279,0.695731889,-10.13614942,-0.470107832,0.001066851,1.83027233873884e-13,0.909295725983184,0.0654807578563285,0.0206012193008876,0.0006796546663302,0.0006346888612453,0.0010365344782018,0.0022714154059056,3.44773381979033e-09,,212.95755319810456,0.9901716101373061,0.11169312462770453,0.9974089968260638,0.9999999999999999,1.8318679906315083e-13
367.9180091,0.198075745,122.3901499,1403.961072,0.098815642,0.695724082,-10.13621051,-0.470168927,0.001067367,1.83683295790086e-13,0.909210632258038,0.0654804640592967,0.020670630657815,0.0006821320925515,0.00063707624257,0.0010402597696518,0.0022788014716889,3.4482040358349102e-09,,212.20242684251116,0.990149015379177,0.11126190758335097,0.9973986829830603,0.9999999999999998,1.8385293287792592e-13
366.6992005,0.198071382,121.9350676,1403.946828,0.098813111,0.695716615,-10.13626915,-0.470227566,0.001067862,1.84317393617394e-13,0.909128435371751,0.0654801429165893,0.020737711913208,0.0006845264211242,0.0006393825254969,0.0010438591275994,0.0022859382753955,3.448651730612e-09,,211.47778541950117,0.990127205438974,0.11084820333634426,0.9973885637944847,1.0000000000000004,1.8396395518038844e-13
365.6632131,0.198067655,121.5484711,1403.934645,0.098810961,0.695710283,-10.13631898,-0.470277393,0.001068283,1.8485970668904998e-13,0.909058172083169,0.0654798389101147,0.0207950780358537,0.0006865740351092,0.0006413547350744,0.0010469370935069,0.0022920416579574,3.44902926628541e-09,,210.86191186262485,0.9901085747611983,0.1104967578638925,0.9973799087766233,0.9999999999999993,1.8551826741486366e-13
364.3615256,0.198062947,121.0630149,1403.919239,0.098808261,0.695702347,-10.13638156,-0.470339977,0.001068812,1.85545487329135e-13,0.908969367584923,0.0654794161142197,0.0208676133417859,0.0006891631561516,0.0006438483671859,0.0010508288131268,0.0022997591729221,3.4494996725213504e-09,,210.0881782566074,0.9900850402210938,0.11005544144337748,0.9973689640827735,1.0000000000000002,1.8529622280993863e-13
363.3084749,0.198059119,120.6705233,1403.906695,0.098806077,0.695695943,-10.13643217,-0.470390588,0.00106924,1.86103878980737e-13,0.908897097477363,0.0654790405066627,0.0209266689907155,0.0006912711758839,0.000645878522769,0.0010539971919157,0.002306042684627,3.44987696961452e-09,,209.4623126836918,0.9900659046604483,0.10969863687894055,0.9973600526041514,0.9999999999999997,1.8640644583456378e-13
362.2835056,0.198055375,120.2887015,1403.894414,0.098803952,0.695689725,-10.13648142,-0.470439834,0.001069657,1.8665050379450201e-13,0.908826383319955,0.0654786458138004,0.0209844752503555,0.0006933346410369,0.000647865666082,0.001057098435754,0.0023121934225881,3.4502413802178e-09,,208.85320239496951,0.9900471890023873,0.10935153197009274,0.9973513279653635,1.0,1.8662849043948881e-13
361.272577,0.198051665,119.9123067,1403.882234,0.098801857,0.695683605,-10.13652998,-0.47048839,0.001070068,1.8719268480924099e-13,0.90875627606535,0.0654782281759193,0.0210418067673605,0.0006953812012387,0.0006498364284096,0.0010601741080608,0.0023182938028761,3.4505980450873403e-09,,208.25249945592492,0.9900286433048964,0.10900936061490875,0.9973426750787548,1.0000000000000002,1.8707257964933888e-13
359.9785884,0.198046892,119.4308059,1403.866543,0.098799176,0.695675793,-10.13659211,-0.470550519,0.001070594,1.87891129078792e-13,0.908666009737124,0.0654776521123202,0.021115654871805,0.0006980174131253,0.000652374854341,0.0010641356987558,0.0023261518612906,3.4510505401954304e-09,,207.48369172463055,0.990004783840173,0.10857163995230083,0.9973315279158836,1.0000000000000002,1.8762769116165146e-13
358.7234194,0.198042235,118.9640552,1403.851214,0.098796577,0.695668237,-10.13665235,-0.47061076,0.001071105,1.88573444082367e-13,0.908577878257174,0.0654770484107979,0.0211877899351479,0.0007005925377753,0.0006548542963497,0.0010680052302878,0.0023338278807932,3.4514850893750203e-09,,206.73804698319967,0.9899815042409236,0.10814732824674042,0.9973206379241905,0.9999999999999996,1.8907098109366416e-13
357.5060349,0.198037693,118.5116422,1403.836243,0.098794057,0.69566093,-10.13671075,-0.470669163,0.0010716,1.8923980553462301e-13,0.908491855015385,0.0654764201777976,0.0212582310714818,0.0007031072520331,0.0006572754169345,0.0010717837394695,0.0023413238748067,3.4519023971719203e-09,,206.01494150390698,0.9899587995083079,0.10773605059542098,0.9973100022620053,1.0,1.892930256985892e-13
356.3254204,0.198033263,118.0731638,1403.821435,0.098791614,0.695653872,-10.13676737,-0.470725788,0.00107208,1.89890394942273e-13,0.908407914654782,0.0654757710551617,0.0213269983343942,0.0007055622725547,0.0006596380894761,0.0010754716250727,0.0023486405160651,3.45230327134478e-09,,205.31392823933265,0.9899366546458053,0.10733744054993974,0.9972994823978921,0.9999999999999996,1.9029222642075183e-13
355.1805821,0.198028945,117.6482256,1403.807359,0.098789247,0.695647031,-10.13682225,-0.470780661,0.001072546,1.90525414845422e-13,0.908326022026685,0.065475101678341,0.0213941126019325,0.0007079583222068,0.0006619455015881,0.0010790720812406,0.0023557843351276,3.4526879881814405e-09,,204.63391756374102,0.9899150696534158,0.10695113957085224,0.9972894825594766,1.0,1.9040324872321435e-13
354.1502276,0.198025038,117.2659948,1403.79444,0.098787117,0.695640897,-10.13687162,-0.470830035,0.001072966,1.91100447479429e-13,0.90825190299958,0.065474467136841,0.0214548815832853,0.0007101278886944,0.0006640339382622,0.001082331390923,0.0023622516091916,3.45303114984996e-09,,204.0221249695034,0.9898955391843868,0.1066036628500552,0.9972803046742471,0.9999999999999998,1.9129142714291447e-13
353.1336112,0.198021166,116.8890587,1403.781359,0.098785016,0.695634871,-10.13692033,-0.470878744,0.00107338,1.91671103797794e-13,0.908178383899731,0.0654738114376914,0.021515183315094,0.0007122808242269,0.000666105124456,0.00108556458786,0.0023686673573817,3.4533669292650205e-09,,203.41877312966122,0.9898761836747683,0.10626099941221077,0.9972710117013633,0.9999999999999996,1.9206858326015208e-13
351.8147574,0.198016114,116.4003525,1403.764874,0.098782292,0.695627053,-10.13698347,-0.470941884,0.001073917,1.9241635091398305e-13,0.908082416399607,0.0654729125572399,0.0215939250554802,0.0007150921586324,0.0006688121358291,0.0010897884788756,0.0023770497603454,3.4537976135617604e-09,,202.63563930536054,0.9898509295336028,0.10581672849576661,0.9972593004669018,0.9999999999999996,1.928457393773897e-13
350.5486578,0.198011236,115.931506,1403.74868,0.098779678,0.695619581,-10.13704407,-0.471002481,0.001074432,1.9313707032826899e-13,0.907989662942131,0.0654720014557248,0.0216700672083584,0.0007178107534838,0.0006714285731485,0.0010938718313564,0.0023851537813971,3.4542064383935504e-09,,201.88414287446327,0.9898265451906485,0.10539051154941595,0.9972477959639676,0.9999999999999997,1.9351187319216478e-13
349.3205412,0.198006475,115.4770157,1403.73286,0.098777144,0.695612357,-10.13710282,-0.471061235,0.001074933,1.93841170630709e-13,0.907899098460147,0.0654710711544298,0.0217444454975549,0.0007204664319883,0.0006739842811538,0.001097860418254,0.0023930703016797,3.4545984387705405e-09,,201.15528683174531,0.9898027457120084,0.10497734547520617,0.9972365571572234,0.9999999999999999,1.9395596240201485e-13
348.1293947,0.198001831,115.0364806,1403.717409,0.098774688,0.695605372,-10.13715978,-0.471118194,0.001075418,1.9452883139295999e-13,0.907810695951241,0.06547012462444,0.0218170794632459,0.0007230598866601,0.0006764799381644,0.0011017552995554,0.0024008013815243,3.45497430060652e-09,,200.44846156391597,0.9897795310976829,0.1045768657337934,0.9972255804945808,0.9999999999999999,1.9462209621678994e-13
346.9742257,0.197997302,114.6095089,1403.702129,0.098772306,0.695598627,-10.137215,-0.471173416,0.001075889,1.9520023845654201e-13,0.907724429755828,0.0654691653446007,0.0218879896221859,0.0007255918509098,0.0006789154029646,0.0011055568748691,0.0024083476931112,3.4553348063691e-09,,199.76323093567152,0.9897568913499911,0.10418871614932992,0.997214725313351,0.9999999999999992,1.9595436384634013e-13
345.8540618,0.197992887,114.1957168,1403.687596,0.098769998,0.695592091,-10.13726851,-0.471226928,0.001076346,1.95855598698802e-13,0.907640263882949,0.0654681938649278,0.0219571973435698,0.0007280630659642,0.000681293975419,0.0011092684381929,0.0024157159731009,3.45568022746426e-09,,199.09852767460995,0.9897348214700931,0.10381254781857344,0.9972044008140832,0.9999999999999997,1.9617640845126516e-13
344.8459143,0.197988892,113.8235075,1403.67426,0.098767922,0.695586232,-10.13731666,-0.471275076,0.001076757,1.9644906848906802e-13,0.907564084037655,0.0654672862366298,0.0220198636185513,0.0007303007517576,0.0006834468635783,0.0011126284155078,0.0024223866201355,3.4559878817778504e-09,,198.50050680553485,0.9897148511031183,0.10347418139960834,0.9971949266847063,0.9999999999999997,1.9673151996357774e-13
343.5286016,0.197983644,113.3374443,1403.656717,0.09876521,0.695578602,-10.13737955,-0.471337962,0.001077295,1.97229796870904e-13,0.907463918516042,0.0654660513672312,0.0221022944748555,0.0007332442511711,0.0006862786265186,0.0011170479256981,0.0024311613819013,3.4563850724815204e-09,,197.7191889415275,0.989688617189255,0.10303231317016133,0.9971824638284033,0.9999999999999999,1.9728663147589032e-13
342.2510771,0.197978521,112.8663764,1403.63933,0.098762581,0.695571238,-10.13744051,-0.471398925,0.001077816,1.9799269366990602e-13,0.907366099302564,0.0654648011813278,0.0221828336017602,0.0007361202717675,0.0006890441663789,0.0011213649015429,0.0024397331176955,3.45676515188388e-09,,196.96177358189408,0.9896630081304286,0.1026040768031162,0.9971701117972487,0.9999999999999999,1.9806378759312793e-13
341.0122654,0.197973523,112.4098775,1403.622826,0.098760034,0.695564104,-10.13749958,-0.471457995,0.001078322,1.9873795131009907e-13,0.907270589802241,0.0654635363587768,0.0222615007153502,0.0007389294906421,0.0006917474319956,0.0011255831356699,0.0024481096079975,3.45712840853415e-09,,196.22701551890466,0.9896380239266391,0.10218908475951466,0.9971583870648525,1.0000000000000002,1.986188991054405e-13
339.8230062,0.197968697,111.9719121,1403.606633,0.09875759,0.695557289,-10.13755627,-0.471514683,0.001078808,1.9945851864280601e-13,0.90717829632989,0.0654622753493071,0.0223375535367416,0.0007416454160562,0.0006943596741736,0.0011296601295807,0.0024562061065784,3.4574725844858703e-09,,195.52193014148307,0.98961389952338,0.10179094106985238,0.997146883272336,0.9999999999999997,1.999511667349907e-13
338.6694248,0.197963988,111.547341,1403.590816,0.09875522,0.6955507,-10.13761123,-0.471569644,0.001079279,2.00162315365673e-13,0.907088197368844,0.0654610071535471,0.0224118282647077,0.0007442978967074,0.0006969107123635,0.0011336416324657,0.0024641135133624,3.45780199205181e-09,,194.83808256437075,0.9895903599844353,0.10140497381244352,0.9971356465968444,1.0,2.0017321133991572e-13
337.5505698,0.197959395,111.1357911,1403.575372,0.098752923,0.695544332,-10.13766451,-0.471622926,0.001079737,2.0084953180568801e-13,0.90700026492629,0.0654597343561585,0.0224843455554936,0.0007468876657436,0.000699401264009,0.0011375287638385,0.002471834010149,3.4581172580988303e-09,,194.17490120606604,0.9895674003109648,0.10103084381115543,0.9971246749071252,1.0000000000000004,2.0039525594484076e-13
336.3997474,0.197954644,110.7127293,1403.559379,0.098750561,0.695537803,-10.13771929,-0.471677704,0.001080207,2.01561163347234e-13,0.906909253844636,0.0654583808037762,0.0225594312481975,0.0007495692094262,0.0007019798933051,0.0011415533981478,0.0024798281438724,3.4584371439919604e-09,,193.49285441907628,0.9895436508207278,0.10064624862165607,0.9971133131981326,0.9999999999999999,2.0172752357439094e-13
335.0845219,0.197949181,110.2295363,1403.540966,0.098747864,0.69553037,-10.13778186,-0.471740275,0.001080745,2.0238045616779201e-13,0.906804530572445,0.0654567781868885,0.0226458664843533,0.000752656143517,0.0007049481262457,0.0011461861595125,0.002489030868038,3.4587972181784603e-09,,192.71347505006986,0.9895163421562014,0.10020698962119853,0.9971002322785002,0.9999999999999997,2.028377465990161e-13
333.8219054,0.197943902,109.7659779,1403.523152,0.098745276,0.695523263,-10.1378419,-0.47180031,0.001081262,2.0317306534814707e-13,0.906703275233161,0.0654551831848606,0.0227294764217312,0.0007556422385587,0.0007078191646457,0.0011506672713906,0.0024979330263112,3.45913729970685e-09,,191.96537396468625,0.9894899532782891,0.09978557995790105,0.997087576899022,0.9999999999999994,2.0372592501871623e-13
332.5971674,0.19793875,109.3166136,1403.505743,0.098742767,0.695516397,-10.1379001,-0.471858512,0.001081763,2.03947660232985e-13,0.906604375191335,0.0654535824930128,0.0228111763741282,0.0007585601773346,0.0007106244501152,0.0011550458102464,0.0025066320441618,3.4594618688172205e-09,,191.23981282176155,0.9894641992530941,0.09937707380557827,0.99707520923868,0.9999999999999997,2.042810365310288e-13
331.4092978,0.197933721,108.8810465,1403.488734,0.098740335,0.695509762,-10.13795652,-0.471914932,0.00108225,2.04704419791719e-13,0.906507803316875,0.0654519791321283,0.0228909859354547,0.0007614106554625,0.0007133646669027,0.0011593228394012,0.0025151299937993,3.4597716270739404e-09,,190.53618437611283,0.9894390600852555,0.09898111035209656,0.9970631257453858,1.0000000000000002,2.0461410343841635e-13
330.2573067,0.197928816,108.4588896,1403.471909,0.098737977,0.695503361,-10.13801121,-0.471969625,0.001082722,2.05443531236796e-13,0.906413534143301,0.0654503765688308,0.0229689258480573,0.0007641944149243,0.0007160395510018,0.0011634986649833,0.0025234273486287,3.4600673570097705e-09,,189.85406191674122,0.9894145407736132,0.09859733778517145,0.9970511729689336,0.9999999999999998,2.05613304160579e-13
329.1402245,0.197924031,108.0497632,1403.4559,0.098735693,0.695497161,-10.13806421,-0.472022622,0.00108318,2.0616520480504401e-13,0.906321529947686,0.0654487752335696,0.0230450178521774,0.0007669122099034,0.0007186528160071,0.0011675769239882,0.0025315315561124,3.4603493247744305e-09,,189.19236016223405,0.9893906213228062,0.09822541092877081,0.9970397998932591,0.9999999999999997,2.0650148258027912e-13
328.0678255,0.197919412,107.6572232,1403.440223,0.098733501,0.695491238,-10.13811506,-0.472073478,0.001083619,2.06862643860598e-13,0.906232660212357,0.0654471955993882,0.0231185470524712,0.0007695385183897,0.0007211769716193,0.0011715168665114,0.0025393613184405,3.4606158502004804e-09,,188.55736266116068,0.9893675316794879,0.09786856236507142,0.9970286626762345,1.0,2.0683454948766666e-13
326.8345667,0.197914068,107.2060695,1403.422066,0.098730982,0.695484454,-10.13817352,-0.472131932,0.001084125,2.07670370866742e-13,0.906129788955606,0.0654453264514895,0.0232036939913027,0.0007725798423006,0.0007240997753164,0.0011760791194276,0.0025484284034326,3.46091713095993e-09,,187.82720634747488,0.9893408178769566,0.09745842951274383,0.9970157636235127,1.0000000000000004,2.0738966099997924e-13
325.5734255,0.197908568,106.7450115,1403.403357,0.098728407,0.695477546,-10.13823326,-0.472191672,0.001084643,2.08502703887447e-13,0.906023841511113,0.0654433562242964,0.0232914239518167,0.000775713487303,0.0007271110491251,0.0011807795415188,0.0025577707733993,3.46121937071012e-09,,187.08064284371386,0.9893133242553394,0.0970392929022529,0.9970024724202649,1.0000000000000002,2.0816681711721685e-13
324.3503759,0.197903199,106.2981652,1403.384825,0.098725912,0.695470886,-10.13829116,-0.472249577,0.001085145,2.09316092948852e-13,0.905920364734093,0.0654413886446826,0.0233771468074144,0.0007787755010669,0.0007300520570274,0.0011853712294892,0.00256689756451,3.4615068526320604e-09,,186.3569191949724,0.9892864854818005,0.09663307580246844,0.9969893069609359,0.9999999999999997,2.0961010704922955e-13
323.1643884,0.19789796,105.8651272,1403.367208,0.098723494,0.695464436,-10.13834727,-0.472305686,0.001085632,2.1011073281681402e-13,0.905819319587597,0.0654394248970222,0.0234608830749585,0.0007817665998435,0.0007329270525958,0.0011898582083698,0.0025758171176232,3.46177999972824e-09,,185.6548377911873,0.9892602965575001,0.096239411492265,0.9969767915337288,1.0000000000000002,2.099431739566171e-13
322.0258404,0.197892899,105.4496594,1403.349935,0.098721174,0.695458279,-10.13840111,-0.472359523,0.0010861,2.10879105972399e-13,0.905721667048863,0.0654374891024397,0.0235418421795313,0.0007846585499911,0.0007357053799539,0.0011941952333115,0.0025844390436616,3.4620372064772305e-09,,184.98111021735434,0.989234997426772,0.09586171982340744,0.9969645204901829,1.0000000000000002,2.106093077713922e-13
320.9214489,0.197887961,105.046888,1403.333061,0.098718925,0.695452332,-10.1384533,-0.472411717,0.001086554,2.11629650502127e-13,0.905626326787467,0.0654355630110716,0.0236209137739088,0.0007874831222468,0.0007384187633624,0.0011984309506092,0.0025928601288407,3.4622818724143405e-09,,184.3276741806668,0.9892103131533999,0.09549557014289285,0.9969525329032675,1.0,2.1149748619109232e-13
319.8503029,0.197883144,104.6564598,1403.316584,0.098716745,0.695446587,-10.1385039,-0.472462311,0.001086995,2.12362565504534e-13,0.905533269894875,0.06543364893618,0.0236981194740738,0.0007902410848132,0.0007410679553968,0.0012025665318655,0.0026010826600688,3.46251458618646e-09,,183.6939836605296,0.9891862337397035,0.09514064136519443,0.9969408273521468,1.0,2.1238566461079245e-13
318.7485528,0.197878161,104.2551008,1403.29952,0.098714504,0.695440703,-10.13855591,-0.472514321,0.001087448,2.1312157386190707e-13,0.905436945494936,0.0654316324038424,0.0237780648820236,0.0007930969592537,0.0007438109842602,0.0012068486779524,0.0026095971347692,3.4627491711438904e-09,,183.0422651827781,0.9891613245185182,0.09477577566315686,0.9969287047858836,0.9999999999999999,2.1327384303049257e-13
317.4894098,0.197872429,103.7966833,1403.279871,0.098711945,0.695434008,-10.13861531,-0.472573725,0.001087967,2.1399547906159707e-13,0.905326096373137,0.0654292679756443,0.0238701010118549,0.000796384803454,0.0007469686463321,0.0012117782029726,0.0026193995233801,3.4630112958557503e-09,,182.29753993013458,0.9891326711659527,0.09435903946697388,0.9969147457900732,1.0000000000000002,2.1371793224034263e-13
316.2806326,0.197866889,103.3568817,1403.260861,0.09870949,0.695427612,-10.1386723,-0.472630715,0.001088465,2.14840992355814e-13,0.905218906036483,0.0654269372899095,0.0239591355047837,0.0007995654723028,0.0007500231015253,0.0012165467155153,0.0026288824160084,3.4632568427423e-09,,181.5827005152478,0.9891049775907237,0.09395922653256543,0.9969012407511219,0.9999999999999997,2.1527224447481785e-13
315.1081186,0.197861481,102.9305355,1403.242281,0.09870711,0.695421438,-10.13872755,-0.47268596,0.001088948,2.15667354693723e-13,0.90511419751185,0.0654246190308241,0.0240461424863966,0.0008026737611885,0.0007530077879244,0.0012212064066236,0.0026381495514874,3.4634892714887e-09,,180.88939672922845,0.9890779438624137,0.09357164557493387,0.9968880411917471,0.9999999999999996,2.1616042289451798e-13
313.970901,0.197856203,102.5172692,1403.224126,0.098704803,0.695415477,-10.1387811,-0.472739508,0.001089418,2.1647475308506307e-13,0.905011943007461,0.0654223158554503,0.024131142385194,0.0008057103952071,0.0007559234189688,0.0012257583869678,0.0026472030868253,3.46370922541596e-09,,180.21704880609184,0.9890515599833416,0.09319595523616492,0.9968751435598607,1.0,2.1649348980190553e-13
312.8680319,0.197851052,102.1167166,1403.206178,0.098702567,0.695409732,-10.138833,-0.472791414,0.001089873,2.17263383132917e-13,0.904912116474888,0.0654200309366369,0.024214156866705,0.0008086761499998,0.0007587696860642,0.0012302029512077,0.002656043470364,3.4639174414271603e-09,,179.5652507186139,0.9890258109569869,0.09283182261274804,0.9968623929844214,1.0000000000000002,2.1682655670929307e-13
311.7985832,0.197846028,101.7285183,1403.189077,0.098700401,0.695404169,-10.13888329,-0.472841703,0.001090314,2.1803346419779301e-13,0.904814678404039,0.0654177644561088,0.0242952086707245,0.0008115718163344,0.0007615505752032,0.0012345439762742,0.0026646786369831,3.46411416053654e-09,,178.9329609615021,0.9890006967833497,0.09247892098288728,0.9968502441327063,0.9999999999999993,2.1871393585115584e-13
310.7719124,0.197841176,101.3560492,1403.17234,0.098698323,0.695398861,-10.13893154,-0.472889957,0.001090738,2.18777739122686e-13,0.904720550772128,0.0654155430601434,0.0243735358290713,0.0008143701853605,0.0007642367747009,0.0012387380338181,0.0026730218802608,3.4642984834204104e-09,,178.32618835366486,0.988976442410243,0.09214031838606299,0.9968383538730047,1.0000000000000002,2.184918912462308e-13
309.5912409,0.197835563,100.9279531,1403.152954,0.098695934,0.695392785,-10.138987,-0.472945415,0.001091227,2.1963977499567107e-13,0.904611582017357,0.065412931851033,0.0244642452069037,0.0008176109755292,0.0007673473967841,0.0012435948722846,0.0026826842153832,3.4645047706066304e-09,,177.62848503376216,0.9889483839196724,0.09175114663691561,0.9968245817170281,0.9999999999999993,2.2026824808563106e-13
308.3838761,0.197829784,100.4904472,1403.132976,0.098693493,0.695386605,-10.13904367,-0.473002087,0.001091726,2.2052814548056707e-13,0.904499342086898,0.0654101983681936,0.0245577135224877,0.0008209503858049,0.0007705523811939,0.0012485991734703,0.0026926406170213,3.46470937514595e-09,,176.91510166218788,0.9889194956216132,0.09135342066752393,0.996810388993821,0.9999999999999997,2.2082335959794364e-13
307.2129786,0.197824142,100.066416,1403.113199,0.098691128,0.695380654,-10.1390986,-0.473057011,0.001092211,2.2139637108569998e-13,0.904389707535923,0.0654074860476199,0.0246490504922108,0.0008242136977754,0.0007736827593867,0.0012534880691683,0.0027023679327922,3.46490163888341e-09,,176.22354349986514,0.9888912921646742,0.09096794422006958,0.9967963390645552,0.9999999999999992,2.2215562722749382e-13
306.0775628,0.197818635,99.65547741,1403.094372,0.098688836,0.695374892,-10.13915182,-0.473110229,0.001092681,2.22244651275942e-13,0.904282637177314,0.0654047961875662,0.0247382774697763,0.0008274016639962,0.0007767431088605,0.0012582658446931,0.0027118750824896,3.46508203751519e-09,,175.55265976354528,0.9888637635511749,0.09059436994582962,0.9967829640320285,1.0000000000000002,2.220446049250313e-13
304.9875636,0.197813315,99.26120278,1403.075923,0.098686638,0.6953694,-10.13920287,-0.473161285,0.001093133,2.23064958147211e-13,0.904179150966467,0.0654021593248719,0.0248245514929239,0.0008304841686411,0.000779700719277,0.0012628842674283,0.0027210655949183,3.46524974250718e-09,,174.90887030722115,0.9888371697208105,0.0902359444721999,0.9967698575373618,1.0000000000000002,2.2282176104226892e-13
303.9302644,0.197808123,98.87896781,1403.0579,0.098684507,0.695364099,-10.13925236,-0.473210777,0.001093571,2.2386629369022905e-13,0.904078104810354,0.0653995494922675,0.0249088200761791,0.0008334950590577,0.0007825893668534,0.0012673951210782,0.0027300426085793,3.4654071740043503e-09,,174.28446921571214,0.9888112157420039,0.08988846396055732,0.9967570536806011,1.0000000000000002,2.23487894857044e-13
302.9047932,0.197803058,98.5084381,1403.040298,0.098682441,0.695358983,-10.13930033,-0.473258748,0.001093997,2.2464886615442998e-13,0.903979468840714,0.0653969687273943,0.024991105834696,0.0008364351398034,0.0007854098405882,0.0012717996315728,0.0027388085194515,3.4655548810215405e-09,,173.67893488491956,0.9887858966159145,0.08955162441599764,0.9967445489096584,0.9999999999999996,2.2504220709151923e-13
301.8500229,0.197797816,98.12752597,1403.022067,0.098680318,0.695353748,-10.13934964,-0.473308057,0.001094435,2.2545936151029e-13,0.903877359205808,0.0653942628302746,0.0250763175094223,0.0008394798002976,0.0007883303897621,0.0012763605464172,0.0027478862520909,3.4657016259853303e-09,,173.05617205744124,0.9887596926950931,0.08920534646601501,0.9967315972860329,0.9999999999999999,2.255973186038318e-13
300.7651162,0.197792391,97.73594652,1403.003182,0.098678136,0.695348391,-10.13940033,-0.47335874,0.001094885,2.2629896184685802e-13,0.903771631420178,0.0653914247298972,0.02516457833387,0.0008426334474548,0.0007913552153011,0.0012810844387223,0.002757288948503,3.4658470312975103e-09,,172.41569260045216,0.9887325739864979,0.08884937111495092,0.9967181810492839,0.9999999999999998,2.2648549702353193e-13
299.6078824,0.197786567,97.31850296,1402.982885,0.09867581,0.695342709,-10.13945435,-0.473412763,0.001095367,2.27201257350178e-13,0.903658063386467,0.0653883353946586,0.0252594175629921,0.0008460221905298,0.0007946052288311,0.0012861601631411,0.0027673926071567,3.4659958745192304e-09,,171.7326003411729,0.9887034607406254,0.08846988333074661,0.996703761702856,0.9999999999999994,2.277067423506196e-13
298.4853656,0.19778088,96.91382048,1402.963046,0.098673556,0.69533723,-10.13950671,-0.473465124,0.001095834,2.28083189274509e-13,0.90354711296073,0.065385276783512,0.0253521040553858,0.0008493340538042,0.0007977812035076,0.0012911204202748,0.0027772670564238,3.4661339895667403e-09,,171.0700859123873,0.9886750323358732,0.08810199633389963,0.996689667727698,1.0000000000000002,2.2792878695554464e-13
297.3966401,0.197775328,96.52154377,1402.943659,0.098671372,0.695331947,-10.13955746,-0.473515873,0.001096287,2.28944950856904e-13,0.90343875136871,0.065382251468436,0.025442659085389,0.0008525697959502,0.0008008838891355,0.0012959663632355,0.0027869145626527,3.4662620196218203e-09,,170.42759486519643,0.9886472787745606,0.08774538712073353,0.996675894861304,0.9999999999999998,2.291500322826323e-13
296.3407985,0.197769909,96.14132587,1402.924502,0.098669254,0.695326858,-10.13960666,-0.473565071,0.001096727,2.2978674050562397e-13,0.903332951147597,0.0653792631054467,0.0255311052368756,0.0008557302370127,0.0008039129459605,0.0013006982539086,0.0027963356065878,3.46638081937585e-09,,169.80473837396943,0.9886201900590071,0.08739974027835365,0.9966622853909626,0.9999999999999996,2.3026025530725747e-13
295.3169521,0.197764623,95.77282678,1402.906227,0.098667203,0.695321939,-10.13965429,-0.473612707,0.001097154,2.30608807019215e-13,0.903229673670482,0.0653763089776282,0.0256174664097696,0.0008588161725623,0.0008068725890321,0.0013053202877168,0.0028055384260877,3.4664900444154205e-09,,169.2005253831484,0.9885937661892129,0.08706474672103201,0.9966493025089617,0.9999999999999994,2.312594560294201e-13
294.0883364,0.197758236,95.33088485,1402.883863,0.098664744,0.695316079,-10.13971143,-0.473669848,0.001097666,2.31602853295812e-13,0.903104851845477,0.0653726960775993,0.0257218818965501,0.0008625473075061,0.0008104492908601,0.0013109071241592,0.0028166629910018,3.4666144153317302e-09,,168.47574588257444,0.9885618385962548,0.08666298806469372,0.9966334147293138,0.9999999999999996,2.320366121466577e-13
292.9088654,0.197752061,94.90688388,1402.862215,0.098662385,0.695310492,-10.13976624,-0.473724657,0.001098159,2.32565007176411e-13,0.902984097106235,0.0653691551645431,0.0258229327429812,0.0008661582563638,0.0008139104131154,0.0013163136293914,0.0028274292204103,3.4667264738662404e-09,,167.78005235544276,0.9885309707574391,0.08627753909859687,0.9966180356086817,0.9999999999999993,2.332578574737454e-13
291.7765732,0.197746092,94.50008548,1402.841267,0.098660122,0.695305163,-10.13981882,-0.47377723,0.001098632,2.33496016095325e-13,0.902867309199422,0.065365688198766,0.0259206988359709,0.0008696518676841,0.0008172587205379,0.0013215441086282,0.0028378456019297,3.46682719323556e-09,,167.11227424347035,0.988501132679724,0.08590772857035718,0.9966031537803832,0.9999999999999994,2.34035013590983e-13
290.6782498,0.197740262,94.10571793,1402.82079,0.09865793,0.695300028,-10.13986977,-0.473828184,0.001099092,2.344060465001421e-13,0.9027532075055,0.0653622611774472,0.0260162489255478,0.0008730663285645,0.0008205308406679,0.0013266557637858,0.0028480259913342,3.46691840044826e-09,,166.464611571629,0.9884719894408096,0.08554921862541616,0.9965886065587837,1.0000000000000002,2.3425705819590803e-13
289.6129893,0.197734571,93.72343542,1402.80078,0.098655805,0.695295079,-10.13991915,-0.473877563,0.001099538,2.35295297009714e-13,0.902641763044645,0.0653588763432922,0.026109604734523,0.0008764024113145,0.000823727535056,0.0013316497764982,0.0028579726874348,3.4670006777013803e-09,,165.83652302184328,0.9884435410406962,0.0852016948963162,0.9965743911022127,0.9999999999999997,2.355893258254582e-13
288.579904,0.197729016,93.35290034,1402.781011,0.098653745,0.695290318,-10.13996701,-0.47392542,0.00109997,2.361639755451751e-13,0.902532948741621,0.0653555365375294,0.0262007893673825,0.0008796609453592,0.0008268484229411,0.0013365264172932,0.0028676861005621,3.4670747148109203e-09,,165.22763133512996,0.9884157724828628,0.08486485047002018,0.9965603468562879,0.9999999999999993,2.3669954885008337e-13
287.5781243,0.197723596,92.99378142,1402.762142,0.098651751,0.695285713,-10.14001337,-0.47397178,0.00110039,2.37012315971218e-13,0.902426722263235,0.0653522415274176,0.0262898271337221,0.0008828427783983,0.0008298979303354,0.0013412899505596,0.0028771749489545,3.4671407066527803e-09,,164.63695755262,0.988388678768469,0.08453838419703073,0.996546941986221,1.0000000000000002,2.369215934550084e-13
286.3759887,0.197717048,92.56308409,1402.739055,0.098649359,0.695280236,-10.14006896,-0.474027371,0.001100895,2.380381807303521e-13,0.902298331342708,0.0653482159159194,0.0263974824623939,0.0008866899687128,0.000833583295529,0.0013470480354643,0.0028886455118218,3.46721267204598e-09,,163.92842250151793,0.9883559463622237,0.08414684773297697,0.996530540574634,0.9999999999999998,2.382538610845586e-13
285.2219385,0.197710716,92.14986592,1402.716707,0.098647065,0.695275017,-10.14012228,-0.474080689,0.00110138,2.3903117245690097e-13,0.902174117307644,0.0653442762298047,0.0265016725376677,0.0008904133632674,0.0008371496762768,0.0013526204592331,0.0028997469585928,3.46727413654798e-09,,163.24832059737517,0.9883242937054818,0.08377120114802003,0.9965146641616679,0.9999999999999997,2.3936408410918375e-13
284.1140503,0.197704594,91.75340793,1402.695081,0.098644865,0.695270043,-10.14017342,-0.474131829,0.001101845,2.39992058229894e-13,0.902053977631632,0.0653404240947469,0.0266024793571519,0.0008940158875445,0.0008405999124111,0.0013580116387247,0.0029104880102226,3.46732603121367e-09,,162.5955074636402,0.9882936908052017,0.08341079083493436,0.9964993006702234,0.9999999999999998,2.402522625288839e-13
283.0393988,0.197698615,91.36906022,1402.673941,0.098642733,0.695265253,-10.14022298,-0.474181391,0.001102298,2.4093132833767697e-13,0.901936595565447,0.065336621148435,0.0267010046196443,0.0008975369079259,0.0008439717359053,0.0013632805201063,0.0029209860349252,3.46736961935636e-09,,161.96235829514399,0.9882638027390834,0.08306138968275967,0.9964842824417419,0.9999999999999996,2.4136248555350903e-13
281.9970976,0.197692778,90.99648619,1402.653281,0.098640667,0.69526064,-10.14027101,-0.474229419,0.001102737,2.41849184902596e-13,0.901821941650365,0.0653328695575613,0.0267972704905455,0.0009009772137388,0.0008472659264335,0.0013684283079623,0.002931243385746,3.4674054756199e-09,,161.34834380589254,0.9882346245082873,0.08272269169662529,0.9964696052137181,0.9999999999999998,2.4202861936828413e-13
280.9862782,0.19768708,90.63535722,1402.632876,0.098638665,0.695256208,-10.14031755,-0.474275962,0.001103163,2.42745841055676e-13,0.901709988583774,0.0653291719308428,0.0268913005762878,0.0009043376513042,0.0008504820746224,0.001373455266999,0.0029412604484922,3.46743424789742e-09,,160.75309619629996,0.9882061411162916,0.08239439813608435,0.996455109142187,0.9999999999999991,2.4358293160275934e-13
279.7708444,0.19768018,90.20137606,1402.608428,0.09863626,0.695250909,-10.14037345,-0.474331862,0.001103675,2.43832617423414e-13,0.901574359285973,0.065324645380097,0.027005250644481,0.0009084100090892,0.0008543807285588,0.0013795481449764,0.0029534023391196,3.4674605635233605e-09,,160.03725724455992,0.9881716491182628,0.0819998764220715,0.9964377408522197,0.9999999999999992,2.44582132324922e-13
278.6040279,0.197673506,89.78501013,1402.584755,0.098633953,0.695245861,-10.14042708,-0.474385496,0.001104168,2.44884859377542e-13,0.901443103312538,0.065320219372662,0.027115563729929,0.000912352450594,0.0008581545797837,0.0013854461638822,0.0029651569228885,3.4674778221558104e-09,,159.35014170284103,0.9881382868581403,0.081621368285082,0.9964209231359076,1.0,2.4491519923230953e-13
277.4296836,0.197666738,89.36621117,1402.560904,0.098631636,0.695240822,-10.14048097,-0.474439385,0.001104665,2.45952877483693e-13,0.901309948241628,0.0653156796405532,0.0272275111796683,0.0009163532985823,0.0008619848627931,0.0013914320857121,0.002977087223331,3.4674862427101102e-09,,158.65857547800778,0.9881044547070302,0.08124064833971388,0.9964039789652589,1.0000000000000002,2.4569235534954714e-13
276.3456735,0.197660445,88.97985312,1402.538528,0.098629498,0.695236214,-10.14053068,-0.474489096,0.001105123,2.469468152775461e-13,0.901186090111473,0.0653114162007463,0.0273316787846118,0.0009200761529496,0.0008655475973837,0.0013970008541512,0.0029881868309509,3.4674867039619703e-09,,158.0204069633103,0.9880729970050597,0.08088941963635575,0.9963880826605996,1.0000000000000002,2.466915560717098e-13
275.3050238,0.197654362,88.60915289,1402.516879,0.098627448,0.695231827,-10.14057836,-0.474536772,0.001105564,2.47908384702207e-13,0.901066320156468,0.0653072554108304,0.027432439560601,0.0009236772769745,0.0008689934607925,0.0014023872054589,0.0029989234611461,3.4674802238665303e-09,,157.4078410686208,0.9880425890595511,0.08055242507621276,0.9963727028295498,0.9999999999999996,2.483568906086475e-13
274.2955935,0.197648423,88.24976404,1402.495721,0.098625461,0.695227606,-10.14062456,-0.474582976,0.001105992,2.488481020450491e-13,0.900949323479843,0.0653031552177268,0.027530896727395,0.0009271960962954,0.0008723602102379,0.0014076501386416,0.003009414662144,3.4674673889416902e-09,,156.81372320978633,0.9880129009470446,0.08022571341642756,0.9963576718135513,1.0,2.488009798184976e-13
273.0767846,0.197641199,87.81607953,1402.469964,0.098623065,0.695222553,-10.14068029,-0.474638706,0.00110651,2.499920285174501e-13,0.900806970494501,0.0652981192469969,0.0276507311422949,0.0009314789612586,0.0008764575079787,0.0014140554075618,0.003022183771715,3.4674431870559704e-09,,156.0964653220089,0.9879767893247605,0.07983146137971238,0.9963393735869194,1.0,2.4991120284312274e-13
271.906728,0.197634209,87.39999932,1402.445018,0.098620767,0.69521775,-10.14073373,-0.474692148,0.001107007,2.5109987990501997e-13,0.900669177542874,0.0652931958128229,0.0277667671755798,0.0009356261037418,0.0008804244622997,0.0014202572696009,0.0030345481654188,3.46741087460881e-09,,155.40799422481123,0.9879418474311051,0.07945321298382346,0.9963216515089773,1.0,2.511324481702104e-13
270.7834737,0.197627448,87.00079898,1402.420865,0.098618564,0.695213182,-10.14078498,-0.474743396,0.001107485,2.521724557252421e-13,0.900535837714174,0.0652883864149774,0.027879090471181,0.0009396405816052,0.000884264046396,0.0014262603378917,0.0030465169661512,3.4673713936216705e-09,,154.74715082622185,0.9879080502718771,0.07909030966707277,0.9963044927922077,1.0,2.5213164889237305e-13
269.5460525,0.197619941,86.56129242,1402.394023,0.098616139,0.695208201,-10.14084138,-0.474799789,0.001108012,2.53364432138039e-13,0.90038772942312,0.0652829929440169,0.0280038969764837,0.0009441012458442,0.0008885298350828,0.0014329301564427,0.0030598159514377,3.4673181712429604e-09,,154.01924078984925,0.9878705239777896,0.07869076494635015,0.9962854237624585,0.9999999999999996,2.537969834293108e-13
268.5066187,0.197613587,86.19232415,1402.371282,0.098614105,0.695204058,-10.14088869,-0.474847106,0.001108455,2.543742134953671e-13,0.900262321199377,0.065278384206147,0.028109609476682,0.000947879501581,0.0008921425789146,0.0014385792334104,0.0030710803363681,3.4672654615132804e-09,,153.40787862936747,0.9878387613465613,0.07835534486890543,0.996269268155368,0.9999999999999998,2.545741395465484e-13
267.4985801,0.197607382,85.83468989,1402.348814,0.098612134,0.695200084,-10.14093456,-0.47489297,0.001108885,2.5536100460618897e-13,0.900139823573474,0.0652738475878057,0.0282129013337315,0.0009515712867088,0.0008956708258695,0.0014440974633554,0.0030820844615915,3.4672076493883605e-09,,152.81520724215994,0.9878077435425368,0.07803022826420095,0.9962533064922875,0.9999999999999994,2.559064071760986e-13
266.28649,0.197599866,85.4049082,1402.321883,0.098609767,0.695195344,-10.14098962,-0.474948029,0.001109403,2.56557490286067e-13,0.899991363959462,0.0652682993251091,0.0283381211467437,0.0009560468020709,0.0008999493694285,0.0014507883003716,0.003095427629429,3.46712839057139e-09,,152.1024622386601,0.9877701722588867,0.07763952418619412,0.9962341742353703,0.9999999999999999,2.566835632933362e-13
265.1228835,0.197592592,84.99257119,1402.295794,0.098607498,0.695190844,-10.14104241,-0.475000821,0.001109901,2.57716446330065e-13,0.899847634527836,0.0652628783278994,0.0284593922591473,0.000960381211998,0.0009040924629163,0.0014572677377257,0.0031083500051763,3.46704261592839e-09,,151.41832379859085,0.9877338106945879,0.07726467864235502,0.9962156401500887,0.9999999999999994,2.5834889783027393e-13
264.0058213,0.197585554,84.59696111,1402.270531,0.098605323,0.695186571,-10.14109303,-0.475051442,0.00111038,2.5883869055021597e-13,0.899708526303686,0.0652575857929841,0.0285768022392281,0.0009645776425025,0.0009081031462872,0.0014635404943704,0.0031208609137315,3.46695122586762e-09,,150.76164025201254,0.9876986288565983,0.07690503914362112,0.996197692869761,0.9999999999999998,2.59015031645049e-13
262.8815522,0.197578417,84.19902929,1402.245066,0.098603137,0.695182312,-10.1411439,-0.475102312,0.001110862,2.5997785047074497e-13,0.899567388436023,0.0652521691514272,0.0286959611368153,0.0009688365854087,0.0009121741220047,0.001469907210369,0.0031335598908423,3.46684990967336e-09,,150.1006966187472,0.9876629521334198,0.07654328900754,0.9961796020850743,1.0,2.5990321006474915e-13
261.8437654,0.197571779,83.83191324,1402.221181,0.098601121,0.695178429,-10.14119082,-0.47514923,0.001111308,2.610380878117551e-13,0.89943609120506,0.0652470907321304,0.0288068476027711,0.0009727998939713,0.0009159609639239,0.001475830677465,0.0031453754576685,3.4667484675214305e-09,,149.49078586211445,0.9876297698315479,0.0762095527382337,0.9961626337602267,0.9999999999999996,2.6145752229922437e-13
260.5984211,0.197563751,83.39163418,1402.192266,0.098598704,0.695173823,-10.14124705,-0.475205464,0.001111844,2.6232155979577697e-13,0.89927722721914,0.0652408943094457,0.0289410583872603,0.0009775968856664,0.0009205437593822,0.0014829996663529,0.0031596763058734,3.4666162625378605e-09,,148.75899257204804,0.9875896391416673,0.0758093057565556,0.9961420920347519,0.9999999999999996,2.6267876762631204e-13
259.4028907,0.197555978,82.96923322,1402.164244,0.098596388,0.695169458,-10.14130096,-0.475259375,0.001112358,2.63565330850088e-13,0.899123358569492,0.0652348391605837,0.0290710935189966,0.0009822446511323,0.0009249833513377,0.0014899451504713,0.0031735321312442,3.4664784104002305e-09,,148.05657398875064,0.9875507831560616,0.07542531132062234,0.9961221847122115,0.9999999999999998,2.637889906509372e-13
258.2551815,0.197548454,82.56397418,1402.137097,0.098594167,0.69516532,-10.14135265,-0.475311062,0.001112853,2.64770224867203e-13,0.898974374718612,0.0652289268127465,0.0291970415416656,0.0009867463543399,0.0009292828235465,0.0014966718998875,0.0031869523826007,3.4663358874482305e-09,,147.38234679460277,0.9875131718816893,0.07505690018710678,0.9961028990050883,0.9999999999999993,2.6545432518787493e-13
257.1533806,0.197541174,82.17515203,1402.110805,0.098592039,0.695161398,-10.1414022,-0.475360618,0.001113329,2.65937080265378e-13,0.898830164544509,0.065223158026359,0.0293189921300982,0.0009911051952915,0.000933445286663,0.0015031847493137,0.00319994660131,3.46618952761328e-09,,146.7351764113289,0.9874767803243486,0.07470343143038898,0.99608422070503,0.9999999999999999,2.660094367001875e-13
256.0956518,0.197534131,81.80209143,1402.08535,0.098589998,0.695157679,-10.14144972,-0.475408131,0.001113787,2.670667437870081e-13,0.898690616195884,0.0652175332475124,0.0294370357994429,0.0009953244063106,0.000937473880534,0.0015094885727785,0.0032125244312303,3.4660401152909603e-09,,146.1139738790329,0.9874415734921577,0.07436429111530557,0.9960661370245194,0.9999999999999999,2.672306820272752e-13
255.0802321,0.19752732,81.44414548,1402.060712,0.098588041,0.695154152,-10.14149528,-0.475453689,0.001114226,2.6816006780035897e-13,0.898555617340988,0.0652120526689774,0.029551263650832,0.0009994072433558,0.000941371766297,0.0015155882694398,0.0032246955939533,3.4658883953579305e-09,,145.51769392646656,0.9874075263909149,0.07403889116080535,0.9960486337552041,0.9999999999999999,2.6834090505190034e-13
253.8515743,0.197519013,81.01128257,1402.030634,0.098585676,0.695149941,-10.14155033,-0.47550874,0.001114759,2.694947303073491e-13,0.898390899370525,0.06520531382489,0.0296906811041868,0.0010043904446626,0.000946128566893,0.001523032611471,0.0032395506114084,3.4656937845672303e-09,,144.796293377043,0.9873660010245922,0.07364538602066106,0.9960272658140374,1.0,2.694511280765255e-13
252.6720628,0.197510968,80.59599335,1402.001481,0.09858341,0.695145959,-10.1416031,-0.475561511,0.001115271,2.70788265493064e-13,0.898231340576656,0.065198732524648,0.0298257764104134,0.0010092191735779,0.0009507372172551,0.0015302456820875,0.0032539449495957,3.4654954503701504e-09,,144.1038501073679,0.9873257853544267,0.07326785669453674,0.9960065550091691,0.9999999999999999,2.708944180085382e-13
251.5397318,0.19750318,80.19755444,1401.973234,0.098581237,0.695142192,-10.14165369,-0.4756121,0.001115764,2.72041516691653e-13,0.898076828400424,0.0651923098632466,0.0299566401124558,0.0010138966642425,0.0009552008689043,0.001537232361853,0.003267888263307,3.4652943025192504e-09,,143.43919797523412,0.9872868543862166,0.07290564557527386,0.9959864878426642,0.9999999999999996,2.724487302430134e-13
250.452694,0.197495643,79.81527304,1401.945875,0.098579155,0.695138628,-10.14170218,-0.475660596,0.001116237,2.73255341643814e-13,0.89792724936505,0.0651860463341905,0.0300833640051892,0.0010184261938381,0.0009595227089637,0.0015439975982074,0.003281390329196,3.4650911443369603e-09,,142.80121840496787,0.9872491781269204,0.07255812285524788,0.9959670515270056,0.9999999999999992,2.738920201750261e-13
249.4091377,0.197488351,79.44848549,1401.919383,0.098577159,0.695135255,-10.14174868,-0.475707091,0.001116693,2.74430606699257e-13,0.897782489023749,0.0651799422089136,0.0302060408346215,0.0010228110775199,0.00096370596037,0.0015505463811398,0.0032944610485249,3.464886750009e-09,,142.18883752967918,0.9872127265834962,0.07222468521729934,0.9959482311434233,0.9999999999999999,2.745581539898012e-13
248.2086168,0.197479893,79.02677366,1401.888628,0.098574865,0.695131436,-10.14180209,-0.475760501,0.001117217,2.757949202489721e-13,0.897614525392692,0.0651728079110887,0.0303484244551558,0.001027900356048,0.0009685605035107,0.0015581466739219,0.0033096312426666,3.4646400835636203e-09,,141.4844434247197,0.9871704463922891,0.07184131725268289,0.9959263822495281,0.9999999999999997,2.7611246622427643e-13
247.0561167,0.197471702,78.62217724,1401.858819,0.098572668,0.69512783,-10.14185328,-0.475811694,0.001117721,2.771171858073281e-13,0.897451821983528,0.0651658447176158,0.0304863926717772,0.0010328318196287,0.0009732637801026,0.0015655107806333,0.0033243307820455,3.4643915243117e-09,,140.80832278983848,0.9871295008914406,0.07147350849088813,0.9959052054107013,0.9999999999999998,2.773337115513641e-13
245.9020269,0.197463429,78.21726503,1401.828686,0.09857047,0.69512428,-10.14190447,-0.47586288,0.001118227,2.7845374478870997e-13,0.897287442480847,0.0651587582787092,0.0306258252272474,0.0010378156305414,0.0009780162515887,0.0015729525502877,0.003339186116369,3.4641309340577605e-09,,140.13136545735435,0.9870881454856879,0.07110541265208736,0.9958837983965655,0.9999999999999998,2.786659791809143e-13
244.7941008,0.19745542,77.82877732,1401.799488,0.098568364,0.695120931,-10.14195353,-0.475911942,0.001118714,2.79748746385672e-13,0.897128252870895,0.0651518467388071,0.0307608963846808,0.0010426435528692,0.0009826193680585,0.0015801610727736,0.0033535765477662,3.4638695869151804e-09,,139.48157716833902,0.9870481097737729,0.0707522479266368,0.9958630556229043,1.0,2.7977620220553945e-13
243.7304917,0.197447668,77.45603917,1401.771205,0.098566346,0.695117771,-10.14200056,-0.47595897,0.001119181,2.810030695970141e-13,0.896974137016832,0.065145110310844,0.030891700310131,0.0010473189514476,0.0009870764036875,0.0015871414189459,0.003367512124223,3.46360825666795e-09,,138.8578641277454,0.9870093587638135,0.07041340074300337,0.995842962881365,1.0000000000000002,2.8066438062523957e-13
242.7094269,0.197440167,77.09840407,1401.743818,0.098564411,0.695114787,-10.14204564,-0.476004051,0.001119631,2.822176053805021e-13,0.896824978037376,0.0651385486973581,0.0310183322024431,0.0010518452270219,0.0009913906619538,0.0015938987136624,0.0033810029965547,3.46334762701617e-09,,138.25917701051182,0.9869718624627679,0.07008828337467532,0.995823506674013,1.0,2.822186928597148e-13
241.5347805,0.197431466,76.68721029,1401.712023,0.098562189,0.695111418,-10.14209742,-0.476055833,0.001120149,2.83627576899656e-13,0.89665190063138,0.0651308840527191,0.0311653127855376,0.0010570988383752,0.0009963974236857,0.0016017413413673,0.0033966614636154,3.4630358433634203e-09,,137.57053311506365,0.9869283675533694,0.06971447711341501,0.9958009189457934,0.9999999999999998,2.8377300509419e-13
240.3682351,0.197422747,76.27910043,1401.680135,0.098559986,0.695108139,-10.14214875,-0.476107168,0.001120665,2.85041520460915e-13,0.896478425171253,0.0651231475080687,0.0313126769230209,0.0010623661559399,0.0010014164212991,0.0016096038933416,0.0034123604640784,3.46271334329648e-09,,136.88673833026007,0.9868847826648457,0.06934347436879647,0.995778265148735,1.0,2.849942504212777e-13
239.2483515,0.197414303,75.88754747,1401.649227,0.098557875,0.695105055,-10.14219795,-0.476156367,0.001121161,2.86411932534465e-13,0.89631037514361,0.0651156019016253,0.0314554750720872,0.0010674702658521,0.0010062791169993,0.0016172223115202,0.0034275727256278,3.46239152760496e-09,,136.23038886806714,0.9868425724574027,0.0689875230991469,0.995756307560944,0.9999999999999999,2.865485626557529e-13
238.1732633,0.197406127,75.51187082,1401.619279,0.098555852,0.695102155,-10.14224511,-0.476203522,0.001121637,2.87739703080672e-13,0.896147632840614,0.0651082474049757,0.0315938027003327,0.0010724145797973,0.0010109888342121,0.0016246017388641,0.0034423084388452,3.4620711738302303e-09,,135.60037971710327,0.9868017019391585,0.06864600459665568,0.9957350319740678,1.0000000000000002,2.8754776337791554e-13
237.1411786,0.197398214,75.15141857,1401.590271,0.098553913,0.695099426,-10.1422903,-0.476248716,0.001122096,2.8902573764032e-13,0.895990079533135,0.0651010835888325,0.0317277566137927,0.0010772025551648,0.001015548933825,0.0016317473901659,0.0034565779230424,3.46175295311589e-09,,134.99565093528457,0.9867621461159117,0.06831832622580249,0.9957144241797543,1.0000000000000002,2.886579864025407e-13
235.9601435,0.19738908,74.73918321,1401.556573,0.098551698,0.695096379,-10.14234194,-0.476300353,0.001122622,2.90511228197877e-13,0.895808182479161,0.0650927608096118,0.0318824552579362,0.0010827320217942,0.0010208131241909,0.0016399980648793,0.0034730547807597,3.4613759658421104e-09,,134.30384984746254,0.986716486708666,0.06794357308950527,0.9956904845268042,0.9999999999999996,2.90878432451791e-13
234.7426468,0.197379575,74.31448532,1401.52186,0.09854942,0.695093301,-10.14239505,-0.476353464,0.001123165,2.920583068339811e-13,0.895618839444057,0.0650840363048833,0.0320435306091487,0.0010884893778801,0.0010262958635081,0.0016485903270669,0.0034902146121909,3.4609722652767303e-09,,133.5905838312867,0.9866689727316711,0.06755749057039216,0.99566582379997,0.9999999999999993,2.928768338961163e-13
233.6195061,0.197370726,73.92294003,1401.489337,0.098547322,0.695090539,-10.14244396,-0.476402376,0.001123666,2.93499841589668e-13,0.895442507762028,0.065075858383018,0.0321935850331504,0.0010938528090823,0.0010314014027898,0.001656593163702,0.003506197985349,3.4605865393386e-09,,132.93279080401052,0.986624737993909,0.06720154627335298,0.995642718887723,0.9999999999999996,2.9398705692074145e-13
232.5412911,0.197362155,73.54727159,1401.457817,0.098545312,0.695087951,-10.14249083,-0.476449246,0.001124149,2.94896872029992e-13,0.89527170355686,0.0650678881276005,0.0323389767318991,0.0010990495670931,0.0010363474601607,0.0016643468016365,0.0035216842942512,3.4602039141598404e-09,,132.30139738022595,0.9865818929337489,0.066860035234373,0.9956203265243487,0.9999999999999999,2.949862576429041e-13
231.5062047,0.197353857,73.186828,1401.427277,0.098543386,0.695085528,-10.14253575,-0.476494163,0.001124613,2.96250318115686e-13,0.895106306171835,0.0650601249898112,0.0324798041646058,0.001104083169111,0.001041137457872,0.0016718565455268,0.0035366840411171,3.4598250529353705e-09,,131.69534111883587,0.9865404125569888,0.06653236473611512,0.9955986303702418,1.0000000000000002,2.9598545836506673e-13
230.3186323,0.197344251,72.77352389,1401.391897,0.09854118,0.695082823,-10.14258718,-0.476545598,0.001125147,2.97818201609899e-13,0.894914798747034,0.0650510815880306,0.0326429091938754,0.0011099130214749,0.0010466842180158,0.0016805536665852,0.0035540561053097,3.4593762642285105e-09,,131.00010078578953,0.9864923936971242,0.06615664002519508,0.9955734957948552,0.9999999999999996,2.9831692671677956e-13
229.1863185,0.197335006,72.3796888,1401.357818,0.098539082,0.695080318,-10.14263613,-0.476594543,0.001125657,2.99328329047466e-13,0.894730441488004,0.0650423211636449,0.0327999706834925,0.0011155268408255,0.001052024469389,0.0016889279297939,0.0035707839656164,3.4589341266507e-09,,130.33730830237886,0.9864461794186058,0.06579861412668556,0.995549285472792,0.9999999999999997,2.9964919434632975e-13
228.1067425,0.197326112,72.00441275,1401.325007,0.098537085,0.695077999,-10.1426827,-0.476641118,0.001126144,3.00782145828739e-13,0.894553046821833,0.0650338415408792,0.032951142787215,0.0011209301355635,0.0010571635571899,0.0016969876275171,0.0035868840710022,3.4584994303169303e-09,,129.70547508781834,0.9864017197330305,0.06545745979990795,0.9955259759602705,1.0,3.007594173709549e-13
227.0256775,0.197317126,71.62883032,1401.291834,0.09853509,0.695075746,-10.14272925,-0.476687665,0.001126633,3.0225188600554497e-13,0.894373796424002,0.0650252239966853,0.033103937967608,0.0011263914202212,0.0010623569033121,0.00170513331134,0.0036031565184781,3.4580510810824803e-09,,129.0728581343653,0.9863568001541482,0.06511602695052643,0.995502409276571,1.0000000000000002,3.020916850005051e-13
225.987855,0.197308424,71.26846999,1401.259686,0.098533178,0.695073648,-10.14277385,-0.476732266,0.001127103,3.03676124721183e-13,0.894200178123308,0.0650168308154219,0.033251971582231,0.0011316824935601,0.0010673875310889,0.001713024624008,0.0036189213724697,3.4576082342816703e-09,,128.46562833419415,0.9863133002459095,0.06478843214190885,0.9954795707709314,0.9999999999999994,3.042011087472929e-13
224.7939304,0.19729832,70.85414752,1401.222332,0.098530984,0.695071316,-10.14282506,-0.476783469,0.001127646,3.053309290616101e-13,0.89399855511676,0.0650070270990604,0.0334239311699448,0.0011378287070713,0.001073230142104,0.0017221907295871,0.0036372335780832,3.45708345719372e-09,,127.76716374117856,0.9862627919635784,0.06441178166468899,0.9954530338311635,0.9999999999999997,3.056443986793056e-13
223.6632558,0.197288659,70.46201218,1401.186392,0.09852891,0.695069195,-10.14287345,-0.476831862,0.00112816,3.0691442340202997e-13,0.893805725011697,0.0649975955454152,0.0335884423223483,0.0011437086775019,0.0010788172397119,0.0017309580483928,0.0036547496980547,3.4565713177521705e-09,,127.10590283512373,0.9862144981674976,0.06405530096755042,0.9954275014219098,1.0,3.0686564400639327e-13
222.4976744,0.197278602,70.05801177,1401.149347,0.098526778,0.695067078,-10.14292321,-0.476881621,0.001128692,3.08563741789501e-13,0.893604977854919,0.0649877176834499,0.0337597502019296,0.0011498315174865,0.0010846367554894,0.0017400891889384,0.003672993341451,3.4560271953543e-09,,126.42412117875469,0.9861642248306604,0.06368803402394603,0.9954011840011865,0.9999999999999996,3.0897506775318107e-13
221.4224256,0.197269237,69.6855392,1401.114645,0.098524815,0.695065208,-10.14296902,-0.476927431,0.001129184,3.10100701475134e-13,0.893418004601234,0.0649784662463393,0.0339193513099695,0.0011555359140784,0.001090056274622,0.0017485946858608,0.0036899875120749,3.45551090256731e-09,,125.79536339316715,0.9861174106913065,0.06334942827262917,0.9953765310889462,0.9999999999999998,3.1030733538273125e-13
220.3901867,0.197260166,69.32816187,1401.081008,0.098522935,0.695063483,-10.1430129,-0.476971317,0.001129657,3.11590357779861e-13,0.893236872921144,0.0649694566784068,0.0340740061733555,0.0011610634917284,0.0010953068629114,0.0017568360289972,0.0037064543881429,3.4550019977985105e-09,,125.19183872135899,0.9860720662109993,0.06302454523673671,0.9953526347714708,0.9999999999999998,3.1186164761720647e-13
219.2058814,0.197249659,68.9183736,1401.042021,0.098520783,0.695061591,-10.14306314,-0.477021554,0.0011302,3.133168294080031e-13,0.893027052660098,0.0649589628390021,0.0342532048887441,0.0011674682577535,0.0011013895214212,0.0017663845990236,0.0037255337792424,3.4544018683572e-09,,124.49950485713921,0.9860195433960297,0.06265201669042204,0.9953249377197297,1.0,3.133049375492192e-13
218.0766826,0.197239542,68.52788867,1401.004449,0.098518737,0.695059873,-10.14311093,-0.47706934,0.00113072,3.1498051305131e-13,0.892824970306103,0.0649487987322104,0.034425843815874,0.0011736385251067,0.0011072482946171,0.0017755829432488,0.0037439139287118,3.4538132510733503e-09,,123.83948568068266,0.9859689701287748,0.062297036340860826,0.9952982459089208,0.9999999999999998,3.1519231669108194e-13
217.0000766,0.197229803,68.15580483,1400.968258,0.09851679,0.695058315,-10.14315638,-0.477114793,0.001131217,3.16582911000055e-13,0.892630430949215,0.0649389616284138,0.0345920834855745,0.001179580033227,0.0011128887605307,0.0017844396964672,0.0037616119930179,3.45323688589356e-09,,123.21029838527954,0.9859202864231512,0.061958783974529356,0.9952725351848447,0.9999999999999999,3.1674662892555716e-13
215.9308955,0.19722004,67.78649388,1400.931955,0.098514861,0.695056847,-10.14320142,-0.477159831,0.001131712,3.1819014680526996e-13,0.89243540063795,0.0649290489525568,0.0347587860513691,0.0011855380425944,0.0011185438120679,0.0017933204876322,0.003779358562861,3.4526496510851104e-09,,122.5855384583094,0.9858714827453605,0.06162305237503387,0.9952467448939951,0.9999999999999992,3.1896707497480747e-13
214.9044816,0.197210582,67.43214921,1400.89676,0.098513014,0.695055513,-10.14324455,-0.477202967,0.001132188,3.19748211998377e-13,0.892246428679466,0.0649193962664187,0.0349203512354781,0.0011913123951574,0.001124023511277,0.0018019270046192,0.003796557455192,3.4520717598442303e-09,,121.9858520352786,0.9858242037138593,0.06130092625656433,0.9952217417458683,1.0,3.197442310920451e-13
213.7299357,0.197199654,67.02689874,1400.85584,0.098510906,0.695054086,-10.14329381,-0.477252219,0.001132734,3.21549578602118e-13,0.892028062791858,0.0649081851832009,0.0351071008179681,0.0011979867992543,0.0011303543961701,0.0018118729932418,0.0038164335665914,3.45139341173127e-09,,121.29983384590818,0.985769576387126,0.06093252291382726,0.9951926714568683,0.9999999999999997,3.218536548388329e-13
212.6099391,0.197189126,66.64070006,1400.816837,0.098508902,0.695052802,-10.14334063,-0.47729904,0.001133256,3.23285928312992e-13,0.891817683508614,0.0648973245636898,0.0352870619405532,0.0012044184975477,0.0011364570570675,0.0018214594051811,0.0038355915762944,3.4507287980705104e-09,,120.64555139752208,0.9857169485965103,0.06058143908985875,0.9951649630384455,0.9999999999999999,3.234079670733081e-13
211.5420072,0.19717899,66.2726651,1400.779041,0.098506995,0.695051671,-10.14338517,-0.477343582,0.001133755,3.249587619791781e-13,0.891615107039188,0.0648868147362653,0.035460397638836,0.0012106133646753,0.0011423321975497,0.0018306908952395,0.0038540406778417,3.4500791763881504e-09,,120.0218848510674,0.9856662803512898,0.060246867461828064,0.9951381120940896,0.9999999999999997,3.2529534621517087e-13
210.3563849,0.197167623,65.86431167,1400.736624,0.098504884,0.695050514,-10.14343449,-0.477392902,0.00113431,3.268359433724751e-13,0.891387904482157,0.0648749665093818,0.0356548570167622,0.0012175631059822,0.0011489218530051,0.001841046609859,0.0038747369731861,3.44933929045791e-09,,119.32959194981588,0.9856094585336673,0.05987564329364847,0.9951079783099128,0.9999999999999994,3.2740476996195866e-13
209.343724,0.197157817,65.5157301,1400.700009,0.098503087,0.695049611,-10.1434765,-0.477434917,0.001134786,3.284561965356291e-13,0.891191900009689,0.0648646944002063,0.0358226581130544,0.0012235600549714,0.0011546068945306,0.0018499820088652,0.003892595069663,3.4486915593010302e-09,,118.73837927248819,0.985560439905744,0.059558756269175596,0.995081966368766,0.9999999999999998,3.2862601528904634e-13
208.1787455,0.197146424,65.11494547,1400.657441,0.098501024,0.695048669,-10.14352471,-0.477483122,0.001135334,3.303397534931591e-13,0.890964160411009,0.0648527007476243,0.0360176782168218,0.0012305296964213,0.0011612126503883,0.001860366060647,0.0039133487688297,3.4479280987066302e-09,,118.05834005205851,0.9855034881182738,0.0591944127129309,0.9950517253115289,0.9999999999999997,3.306244167333716e-13
207.0754835,0.197135523,64.7356184,1400.616469,0.098499076,0.695047882,-10.14357024,-0.477528653,0.001135856,3.3214315610469e-13,0.890746232794267,0.0648411668202143,0.0362043497801307,0.0012372009176063,0.0011675325512003,0.0018703034976227,0.0039332101914394,3.4471869344492e-09,,117.414529925553,0.9854489957602286,0.05884957570243057,0.9950226180808127,0.9999999999999999,3.3228975127030935e-13
206.0234603,0.197125024,64.37411162,1400.577402,0.098497225,0.695047207,-10.14361352,-0.477571932,0.001136354,3.338808992575201e-13,0.890536339938573,0.0648300038549379,0.0363841768459078,0.0012436274346658,0.0011736225182087,0.0018798784765235,0.0039523474843861,3.44646299104318e-09,,116.80050550361773,0.9853965129359814,0.05852093868401055,0.9949948641956621,0.9999999999999996,3.3428815271463463e-13
204.8975111,0.197113674,63.98742243,1400.53491,0.098495249,0.695046591,-10.14365972,-0.477618132,0.001136889,3.357606167420601e-13,0.890309420509736,0.0648178789278705,0.0365786452745496,0.0012505771286351,0.0011802050837005,0.001890230839872,0.0039730387896304,3.4456698296148e-09,,116.1435423644445,0.9853397760986439,0.0581694089493349,0.994964677130164,0.9999999999999998,3.3595348725157237e-13
203.7429014,0.197101911,63.59112687,1400.490842,0.098493229,0.695046068,-10.14370695,-0.477665365,0.001137439,3.37709868425189e-13,0.89007423521356,0.0648052504793178,0.0367802510487118,0.0012577818000769,0.0011870275876271,0.0019009623183013,0.0039944881072309,3.4448362664433103e-09,,115.46996099100636,0.985280974740265,0.05780914629741039,0.994933370446497,0.9999999999999998,3.3795188869589765e-13
202.6030314,0.197090173,63.20012536,1400.446838,0.098491242,0.695045661,-10.14375344,-0.477711851,0.001137983,3.39656142490446e-13,0.889839538512108,0.0647925864722853,0.0369814915663413,0.0012649733257803,0.0011938360480256,0.0019116735118325,0.0040158971192942,3.44399293357476e-09,,114.80508263555856,0.9852222983528935,0.05745369633753931,0.9949021092295579,0.9999999999999998,3.398392678377604e-13
201.5235477,0.197078939,62.83005327,1400.404486,0.098489365,0.695045386,-10.14379734,-0.477755749,0.001138501,3.41519706422678e-13,0.889614939596174,0.0647804112436463,0.0371741271936491,0.0012718572728362,0.0012003501399802,0.0019219245432057,0.0040363865669912,3.4431754469674404e-09,,114.17562552992716,0.9851661413810303,0.05711727280418797,0.9948720216225264,0.9999999999999997,3.418376692820857e-13
200.4941985,0.19706812,62.47736268,1400.36409,0.098487582,0.695045201,-10.14383905,-0.477797465,0.001138995,3.433155251967041e-13,0.889398608407521,0.0647686307559224,0.0373597088363021,0.0012784890292702,0.0012066275044429,0.0019318021834217,0.0040561298403978,3.4423780943816702e-09,,113.57528869328914,0.985112058927889,0.05679665036960349,0.9948433235923594,0.9999999999999996,3.4372504842394846e-13
199.3524555,0.197055994,62.08638501,1400.318549,0.09848561,0.695045114,-10.14388519,-0.477843602,0.001139546,3.453292272345711e-13,0.889156162357644,0.0647553695525777,0.0375677497030587,0.0012859232815459,0.0012136609829084,0.0019428728457438,0.0040782578347022,3.4414735762763604e-09,,112.90961496643544,0.9850514429904834,0.05644122208209639,0.9948109704635386,0.9999999999999994,3.4583447217073626e-13
198.230743,0.197043951,61.70249447,1400.27329,0.098483679,0.695045141,-10.14393037,-0.47788878,0.001140088,3.47330310994433e-13,0.888915368527641,0.0647421374062562,0.0377744262804544,0.0012933086744295,0.0012206465440094,0.0019538700424142,0.004100239083884,3.44056380061583e-09,,112.25572201482068,0.9849912419568221,0.05609223653204599,0.9947788176724867,0.9999999999999998,3.47499806707674e-13
197.1305162,0.197032011,61.32617681,1400.228158,0.098481792,0.695045288,-10.14397454,-0.477932957,0.001140622,3.49315298446924e-13,0.888676645818099,0.0647289605834392,0.0379793815335141,0.0013006324655736,0.0012275703098873,0.0019647732755882,0.0041220325738977,3.4396509560653e-09,,111.6145615372521,0.9849315558037113,0.055750135302959226,0.9947467551044723,0.9999999999999993,3.4994229736184934e-13
196.0813871,0.197020506,60.96753806,1400.185099,0.098479999,0.695045516,-10.14401651,-0.477974922,0.001141133,3.51228973815201e-13,0.888446612801649,0.064716206618002,0.0381769155833903,0.0013076909357066,0.0012342453314825,0.0019752839193771,0.0041430413712799,3.4387607508807605e-09,,111.00305724572549,0.9848740441461283,0.05542410554083449,0.9947161652321838,0.9999999999999994,3.518296765037121e-13
195.0810283,0.197009425,60.6257554,1400.143382,0.098478295,0.695045837,-10.14405641,-0.478014819,0.001141621,3.53072955053498e-13,0.88822507364398,0.0647038741181393,0.0383672041911257,0.0013144904224306,0.001240672185113,0.0019854068382883,0.0041632751626761,3.4378941993548104e-09,,110.4201667773779,0.9848186519968298,0.05511339924002856,0.9946865287403409,1.0000000000000002,3.5282887722587475e-13
193.970426,0.196996995,60.24651715,1400.096556,0.09847641,0.695046306,-10.14410055,-0.478058965,0.001142165,3.55142551630521e-13,0.887976558925977,0.0646899820942068,0.0385807139258646,0.0013221195416091,0.0012478814979034,0.0019967642211515,0.0041859763560206,3.4369113461396e-09,,109.77313501641987,0.9847565164119749,0.05476864297362929,0.9946532627248788,0.9999999999999996,3.5560443478743764e-13
192.8490573,0.196984304,59.86382733,1400.04847,0.098474513,0.695046911,-10.14414498,-0.478103389,0.001142716,3.57256519683181e-13,0.8877228620512,0.0646757392035167,0.038798735478806,0.0013299097651328,0.0012552391217426,0.0020083589961098,0.0042091519472377,3.4358965938946e-09,,109.12004865077394,0.9846930761298032,0.054420748968917965,0.9946191015832158,0.9999999999999994,3.5782488083668795e-13
191.7797683,0.19697207,59.49911999,1400.00258,0.098472712,0.695047585,-10.14418716,-0.478145573,0.001143244,3.59295480638494e-13,0.887478291768666,0.0646619483511291,0.0390089554836571,0.0013374210678109,0.001262335583178,0.0020195413210306,0.0042315029892616,3.4349070899557303e-09,,108.49716425837943,0.9846319203176458,0.05408920239926996,0.9945865005186458,0.9999999999999997,3.596012376760882e-13
190.7601868,0.196960281,59.15155788,1399.958095,0.098471,0.695048344,-10.14422725,-0.478185665,0.001143748,3.6126105614113797e-13,0.887242652388798,0.0646486085580131,0.0392115508957349,0.0013446598366128,0.0012691709139014,0.0020303156347821,0.0042530383378527,3.4339439242788902e-09,,107.90343329833891,0.9845729889894193,0.053773242141080146,0.9945548975908315,1.0000000000000002,3.610445276081009e-13
189.6282432,0.19694705,58.76591127,1399.90814,0.098469108,0.695049312,-10.1442716,-0.478230011,0.00114431,3.6346814406295897e-13,0.886978203687582,0.0646335763552897,0.0394389699714155,0.0013527854178308,0.001276841690757,0.0020424091743148,0.004277210269595,3.4328515341138303e-09,,107.2443713685916,0.9845068493334889,0.05342266019051704,0.9945194086786372,0.9999999999999998,3.637090628672013e-13
188.4929971,0.196933627,58.3793701,1399.857428,0.098467218,0.695050416,-10.14431589,-0.478274307,0.001144876,3.65708446063905e-13,0.88670992996969,0.0646182613577406,0.0396697363024517,0.0013610304396488,0.0012846231220294,0.0020546797119506,0.0043017356643922,3.4317311499444904e-09,,106.58349321519069,0.9844397499002219,0.05307126501722214,0.9944833819803047,1.0000000000000002,3.6559644200906405e-13
187.4105245,0.196920681,58.01101294,1399.808492,0.098465423,0.695051597,-10.14435796,-0.478316375,0.001145417,3.67870026153622e-13,0.886451229711316,0.0646034315634417,0.0398923219989887,0.0013689830259415,0.0012921265543355,0.0020665143143304,0.0043253894006387,3.4306393074508304e-09,,105.95343679832412,0.9843750349137751,0.052736400485010416,0.9944486169836649,0.9999999999999996,3.682609772681644e-13
186.3784201,0.196908202,57.65999117,1399.761297,0.098463719,0.69505284,-10.14439792,-0.47835633,0.001145935,3.69954543663641e-13,0.886201887802182,0.064589082175776,0.0401069055557895,0.0013766495679947,0.001299358231514,0.0020779225800937,0.0043481906567031,3.4295765032799405e-09,,105.35278836629928,0.9843126543857458,0.052417295134086384,0.9944150888241011,0.9999999999999993,3.7059244561987725e-13
185.2380266,0.196894258,57.27236222,1399.708326,0.098461843,0.695054359,-10.14444189,-0.478400304,0.00114651,3.72284930125461e-13,0.885923296304948,0.0645729862472886,0.0403467225126905,0.0013852174844168,0.00130743624312,0.0020906699393734,0.0043736678394127,3.4283772222843405e-09,,104.68931308287983,0.9842429505566854,0.052064911086458616,0.9943774572923657,0.9999999999999996,3.7281289166912757e-13
184.1622727,0.196880951,56.90691764,1399.658146,0.098460083,0.695055909,-10.14448318,-0.478441591,0.001147054,3.74509848705942e-13,0.885657458328,0.0645575637158611,0.04057560793132,0.00139339465455,0.0013151471188549,0.0021028380435297,0.004397986780289,3.42722099965989e-09,,104.0633704443255,0.9841764309888926,0.0517326943098633,0.994341808536207,1.0000000000000002,3.7425618160114027e-13
183.1415574,0.196868184,56.56036215,1399.609785,0.09845842,0.69505751,-10.1445222,-0.478480613,0.001147572,3.766452338148811e-13,0.885402461352005,0.0645427149305671,0.0407952133284888,0.0014012401445149,0.0013225415929435,0.0021145105365259,0.0044213146884763,3.42610162883605e-09,,103.46962818864112,0.9841126107948586,0.05141764914542492,0.9943074520296986,0.9999999999999998,3.7692071686024065e-13
182.0968252,0.196854974,56.20584562,1399.559716,0.098456724,0.695059274,-10.14456197,-0.478520386,0.001148105,3.78855799587856e-13,0.885138629682791,0.0645272949785324,0.0410224779961192,0.0014093591020458,0.0013301917881092,0.0021265892218204,0.0044454538052701,3.4249328912185304e-09,,102.86200680392047,0.9840465761145741,0.05109536679321064,0.9942718821298956,0.9999999999999998,3.7903014060702844e-13
180.9480751,0.196840277,55.81625754,1399.503985,0.098454869,0.695061363,-10.14460551,-0.478563921,0.001148692,3.81316097615266e-13,0.884845162303906,0.0645100762944883,0.0412753306442064,0.0014183919846463,0.0013387007182323,0.0021400267759819,0.0044723078545367,3.42362043338106e-09,,102.19399509057457,0.9839731081587727,0.050741201748164516,0.9942322898455297,0.9999999999999996,3.816946758661288e-13
179.8580242,0.196826162,55.4467952,1399.450434,0.098453117,0.695063491,-10.14464662,-0.478605037,0.001149252,3.8367991130133203e-13,0.884563371055022,0.06449347779739,0.0415181814212332,0.0014270673639168,0.0013468704784002,0.0021529317261645,0.0044980967351412,3.42234808234167e-09,,101.5602215326898,0.9839025495280221,0.050405332523703265,0.9941942462715748,0.9999999999999998,3.8391512191537913e-13
178.7944405,0.196812229,55.08650872,1399.397544,0.098451417,0.695065709,-10.14468655,-0.478644968,0.001149801,3.86014278948408e-13,0.884285250199908,0.0644770341311323,0.0417579243043768,0.0014356315249297,0.001354933188621,0.0021656705123633,0.0045235527172024,3.4210808472556805e-09,,100.9419345321422,0.9838329006862052,0.05007780485032397,0.9941566722836664,1.0000000000000002,3.858025010572419e-13
177.7510759,0.196798404,54.73326817,1399.345036,0.098449756,0.695068022,-10.14472554,-0.478683957,0.001150341,3.883315771842691e-13,0.884009319145564,0.0644606607855757,0.0419958329632196,0.0014441299717031,0.0013629317605074,0.0021783108485056,0.0045488111047234,3.41981254860458e-09,,100.33549569447803,0.9837637917191401,0.049756682460483745,0.994119369675289,0.9999999999999997,3.886890809212673e-13
176.5937872,0.196782882,54.34168553,1399.286058,0.098447924,0.69507075,-10.14476857,-0.478726988,0.001150943,3.9093412422134197e-13,0.883699606417498,0.0644422139306257,0.0422629306935874,0.0014536708650631,0.0013719087645297,0.0021925008677216,0.0045771650422068,3.41837610337485e-09,,99.66294994332578,0.9836861997200959,0.04940070420946826,0.9940774706649117,0.9999999999999994,3.914646384828302e-13
175.5020213,0.196768056,53.97249333,1399.229488,0.098446204,0.695073487,-10.14480899,-0.478767402,0.001151514,3.93420949993296e-13,0.883403846388144,0.0644245334908195,0.0425180594058699,0.0014627840383139,0.0013804788183129,0.0022060522918282,0.0046042421493256,3.4169923327666702e-09,,99.0286720685596,0.9836120869138963,0.04906508056270864,0.9940372823401629,1.0,3.934630399271555e-13
174.4721386,0.196753905,53.6244227,1399.175871,0.098444593,0.695076205,-10.14484686,-0.478805273,0.001152054,3.957955746634551e-13,0.883121593480684,0.064407596089669,0.0427615849373394,0.0014714824336764,0.0013886599807306,0.0022189894717571,0.0046300901900881,3.41565968300111e-09,,98.43027819995726,0.9835413483248954,0.04874865802135886,0.993999191878645,1.0,3.956834859764058e-13
173.3225021,0.196737914,53.23610324,1399.115021,0.098442802,0.695079414,-10.14488895,-0.478847358,0.00115266,3.984798272210331e-13,0.882802729653918,0.0643883952217358,0.043036764640559,0.0014813112775398,0.0013978994295399,0.002233605279372,0.0046592910827952,3.4141417875135e-09,,97.76250637058286,0.9834614118697533,0.04839564624788985,0.9939559629664837,0.9999999999999999,3.984590435379687e-13
172.1769123,0.196721773,52.849386,1399.053565,0.098441029,0.695082792,-10.14493064,-0.478889055,0.001153267,4.01190511286412e-13,0.882480930962413,0.0643689445949641,0.043314543884323,0.0014912326959233,0.0014072228210135,0.0022483578858626,0.0046887637425029,3.412596288887e-09,,97.09720014389676,0.9833807255885669,0.04804409101364164,0.9939123035412447,1.0,4.0123460109953157e-13
171.0898601,0.19670626,52.48264654,1398.994476,0.098439356,0.695086167,-10.14496998,-0.478928396,0.001153845,4.03796460313796e-13,0.882171758536915,0.0643501893992062,0.0435814861154879,0.001500766787727,0.0014161793160358,0.0022625337529711,0.0047170826801538,3.4110987871517704e-09,,96.46599640316803,0.9833031785790854,0.04771069709314209,0.9938703256745117,0.9999999999999994,4.0445424787094453e-13
170.0643542,0.196691447,52.13686509,1398.937836,0.098437786,0.695089511,-10.14500692,-0.478965332,0.001154393,4.06285572435399e-13,0.881876623677178,0.0643322270307976,0.0438363672309818,0.001509869911699,0.0014247264991827,0.0022760665055334,0.0047441157345628,3.4096583402363404e-09,,95.87070152605979,0.9832291307578097,0.047396355589635716,0.9938300876205295,0.9999999999999999,4.064526493152698e-13
168.9957385,0.196675825,51.77674767,1398.878471,0.098436162,0.695093151,-10.14504513,-0.479003543,0.001154967,4.0891172375591204e-13,0.88156542392181,0.0643132190417214,0.0441051742442035,0.001519470034817,0.0014337411603987,0.002290340668807,0.0047726275197062,3.4081267666833703e-09,,95.25032580191811,0.9831510388747362,0.04706898160458927,0.9937879136785333,0.9999999999999994,4.0945025148175773e-13
167.8483827,0.196658835,51.39032308,1398.813666,0.098434428,0.695097252,-10.14508594,-0.479044352,0.001155586,4.11768815750101e-13,0.881227071868772,0.0642924826772937,0.0443975049044491,0.0015299100271363,0.0014435392383596,0.00230586100576,0.0048036268713686,3.40644854271587e-09,,94.5844327426059,0.9830661085781404,0.046717692411336026,0.9937418750646858,0.9999999999999997,4.120037644383956e-13
166.7723195,0.196642691,51.02812373,1398.752065,0.098432813,0.695101281,-10.14512397,-0.479082383,0.001156169,4.14484333780379e-13,0.880905691093854,0.0642727178786565,0.0446752361695365,0.001539828332761,0.0014528445222468,0.0023206049892176,0.0048330736084711,3.4048417075451603e-09,,93.96002273680728,0.9829854073004333,0.046388425794378886,0.993698112628892,0.9999999999999997,4.147793219999585e-13
165.7512413,0.196627182,50.68462383,1398.69286,0.09843129,0.695105269,-10.14515984,-0.479118251,0.001156726,4.17093908246341e-13,0.880597036074912,0.0642536740038175,0.0449420274194164,0.0015493556729082,0.0014617800822439,0.0023347670655564,0.0048613562774414,3.4032869870065804e-09,,93.36761498352234,0.9829078802863129,0.04607615839246855,0.9936560523537151,0.9999999999999999,4.1722181265413383e-13
164.6559002,0.196610335,50.3163488,1398.628521,0.098429667,0.695109731,-10.14519807,-0.479156485,0.001157326,4.19929495059864e-13,0.880261855727539,0.0642329262861985,0.0452318089668333,0.0015597037053128,0.0014714821114135,0.0023501482925034,0.0048920715081933,3.40158611358725e-09,,92.73222587180737,0.9828236648238791,0.04574136852264165,0.9936103447944784,0.9999999999999997,4.2021941482062175e-13
163.6257247,0.196594288,49.97017977,1398.56721,0.098428151,0.695114104,-10.1452338,-0.47919221,0.001157893,4.2263125586314403e-13,0.879942693639218,0.0642131061823641,0.0455078016201175,0.0015695590355565,0.0014807190512085,0.002364796432714,0.0049213206384439,3.3999546036557804e-09,,92.1347372352975,0.9827434484336806,0.045426674679586894,0.9935667883797942,0.9999999999999997,4.2299497238218464e-13
162.5604281,0.196577483,49.61240931,1398.502751,0.098426594,0.695118818,-10.14527051,-0.479228921,0.001158482,4.25461369146263e-13,0.879608581511635,0.0641922930153394,0.0457967891518119,0.0015798780958615,0.0014903851020021,0.0023801312089112,0.0049519385157784,3.3982346125884804e-09,,91.51706847492478,0.9826594429225392,0.045101434258776094,0.9935209955704432,0.9999999999999993,4.261035968511351e-13
161.5555144,0.196561431,49.27510353,1398.4416,0.098425136,0.695123422,-10.14530488,-0.479263298,0.001159041,4.28165527091807e-13,0.879289526172159,0.0641723546359934,0.0460728004790423,0.0015897334597228,0.0014996180207882,0.002394779826537,0.0049811840087484,3.39658036297979e-09,,90.93433335282432,0.9825792015381392,0.04479479778065793,0.9934775528225783,0.9999999999999997,4.285460875053104e-13
160.4727877,0.196543913,48.91188246,1398.374411,0.098423576,0.695128593,-10.14534169,-0.479300102,0.001159646,4.3111721414852203e-13,0.878941493928894,0.0641505398621882,0.0463739533455183,0.0016004862276186,0.0015096839091112,0.00241075800831,0.0050130813231651,3.39476364594958e-09,,90.30674424696858,0.9824916318538679,0.04446460234290673,0.9934298205731253,1.0000000000000002,4.3087755585702325e-13
159.3355881,0.196525262,48.53061304,1398.303221,0.098421951,0.69513423,-10.14538003,-0.479338448,0.001160285,4.3426090785118203e-13,0.878571062909153,0.0641272441195912,0.0466945502012929,0.0016119328161811,0.001520399022706,0.0024277694363627,0.0050470381014634,3.3928156630802e-09,,89.64755314940902,0.9823983984835438,0.0441179995892778,0.9933792459427757,1.0,4.339861803259737e-13
158.2932516,0.196507933,48.18135263,1398.236656,0.098420473,0.695139614,-10.14541493,-0.479373345,0.001160874,4.3718228835325e-13,0.878227066164021,0.0641055438320274,0.0469923439415242,0.0016225649036569,0.0015303439703924,0.0024435662951805,0.0050785675017657,3.3909942118633302e-09,,89.04360639727477,0.9823117735800883,0.043800495447876765,0.9933319569939175,0.9999999999999996,4.376499163072367e-13
157.1727982,0.196489053,47.80613369,1398.164583,0.098418898,0.695145605,-10.14545213,-0.479410542,0.001161511,4.403661430451131e-13,0.877852401426387,0.0640818336019934,0.0473167447191005,0.0016341464831911,0.0015411777973342,0.0024607770723406,0.0051129155102159,3.3889963539742e-09,,88.39432993842561,0.9822173954753366,0.0434593930384107,0.9932807550648097,0.9999999999999992,4.410916076835747e-13
156.1241636,0.19647114,47.45516979,1398.095959,0.098417436,0.695151432,-10.14548667,-0.479445086,0.001162111,4.4338759616082003e-13,0.877497092284327,0.0640592796351237,0.0476244585046735,0.0016451319307174,0.0015514478589597,0.0024770993766894,0.0051454870219769,3.38708892563972e-09,,87.7868579772776,0.9821278512491494,0.04314034029569572,0.9932320033660724,0.9999999999999999,4.4353409833775004e-13
154.9861854,0.196451429,47.07452694,1398.02042,0.098415864,0.695157991,-10.14552385,-0.479482259,0.001162765,4.467130610495511e-13,0.877106300905175,0.0640343968702771,0.0479629750065492,0.0016572165873068,0.0015627411261504,0.0024950540549226,0.0051813120641953,3.38497677901662e-09,,87.1277459930518,0.9820293191081135,0.04279430714160965,0.9931783391294946,0.9999999999999999,4.468647674116255e-13
153.9782098,0.196433729,46.73756278,1397.952563,0.098414483,0.695164011,-10.14555649,-0.479514908,0.001163348,4.49699966441502e-13,0.876755533524782,0.0640119956186856,0.0482668859350593,0.0016680654548899,0.0015728755847187,0.0025111719402322,0.0052134685581145,3.38306850155719e-09,,86.54403275225401,0.9819408396349089,0.042487981221922044,0.9931301323210717,1.0000000000000007,4.490852134608758e-13
152.8874987,0.196414315,46.37314569,1397.878111,0.098413003,0.695170753,-10.14559152,-0.479549937,0.001163983,4.52976722236529e-13,0.876370985408711,0.0639873657101282,0.0486001341156485,0.0016799611415379,0.0015839836328534,0.0025288442875089,0.0052487223221958,3.3809631859369805e-09,,85.91251602740567,0.9818437921494403,0.04215669851148741,0.9930772403084465,0.9999999999999997,4.533040609544514e-13
151.8719895,0.196395991,46.03404631,1397.807815,0.098411637,0.695177246,-10.14562385,-0.479582263,0.001164577,4.56070166904197e-13,0.876008196298467,0.0639640623816923,0.0489145911989175,0.0016911856243793,0.0015944607968592,0.0025455187723944,0.0052819815478695,3.37896452765288e-09,,85.32464255622682,0.9817521933998921,0.04184843151524663,0.993027300791449,0.9999999999999999,4.561906408184768e-13
150.7397329,0.196375271,45.6561812,1397.72805,0.098410127,0.695184742,-10.1456596,-0.479618013,0.001165244,4.59568704333809e-13,0.875598186529103,0.0639376520605233,0.0492700576448386,0.0017038734955713,0.0016062964910609,0.0025643640125385,0.0053195663892129,3.3766920323096405e-09,,84.66938783112596,0.9816486174289994,0.04150492353701355,0.9929706343300101,1.0,4.594102875898898e-13
149.622362,0.196354518,45.28350905,1397.648635,0.098408657,0.695192397,-10.14569445,-0.479652863,0.001165907,4.630736181266159e-13,0.875187731269529,0.0639111272643841,0.0496259793017002,0.0017165769146658,0.0016181467757378,0.0025832362414127,0.0053571988577057,3.37440107566393e-09,,84.0226949464685,0.9815448764963772,0.041166136352374365,0.9929142165147382,0.9999999999999993,4.637401573859279e-13
148.5766122,0.196334814,44.93492797,1397.572971,0.098407293,0.69519981,-10.14572678,-0.479685193,0.001166531,4.66401942484212e-13,0.874798236381847,0.0638858873473881,0.0499638011589,0.0017286338860279,0.0016293868049139,0.0026011451203868,0.0053929059278553,3.3722142071427203e-09,,83.41764451366237,0.9814463793472232,0.04084924977334857,0.9928604634759579,0.9999999999999996,4.668487818548783e-13
147.4478171,0.196313233,44.55888599,1397.490072,0.098405837,0.695208083,-10.14576132,-0.47971973,0.001167209,4.70047951849246e-13,0.874371875355466,0.0638581793169787,0.0503336765171667,0.0017418342846246,0.0016416874807922,0.0026207515926572,0.0054319920820384,3.3698056657813502e-09,,82.76466470980185,0.9813384993748375,0.040507399158242655,0.9928015705656988,0.9999999999999994,4.706235401386039e-13
146.3089749,0.196291123,44.17972923,1397.405118,0.098404385,0.695216724,-10.14579578,-0.479754189,0.001167898,4.737838513395e-13,0.873935337888094,0.0638297260585037,0.0507124634865893,0.0017553521022691,0.0016542781906289,0.0026408286928571,0.0054720102132601,3.36732407815644e-09,,82.10599876098414,0.9812279750159362,0.04016271697241977,0.992741217747231,0.9999999999999999,4.738431869100168e-13
145.2431301,0.196270117,43.8250871,1397.324381,0.098403042,0.695225083,-10.14582767,-0.47978608,0.001168547,4.77333759123324e-13,0.873520845996197,0.0638026328973384,0.0510721980654173,0.0017681894060452,0.0016662296709012,0.0026598943196383,0.0055100062790315,3.36495357446462e-09,,81.48966708652742,0.9811229693767194,0.03984032044030127,0.9926838607598657,0.9999999999999997,4.775069228912798e-13
144.2406961,0.196250078,43.49173052,1397.24734,0.098401794,0.69523319,-10.14585734,-0.479815749,0.001169162,4.80720707228766e-13,0.873125664012327,0.0637767336767289,0.051415242205695,0.0017804305649024,0.0016776212507553,0.0026780739144038,0.0055462310120262,3.3626808629283405e-09,,80.91010524220142,0.9810227976160669,0.03953727408382106,0.9926291294760231,1.0000000000000002,4.803935027553052e-13
143.2220997,0.196229429,43.15318466,1397.167933,0.09840054,0.695241678,-10.14588715,-0.479845567,0.001169791,4.842111979462382e-13,0.872718688109391,0.0637499933033749,0.0517685930334702,0.0017930389539407,0.0016893495791301,0.002696798249791,0.0055835354100898,3.3603276964481e-09,,80.3213010358788,0.9809195765628352,0.039229510279145424,0.9925727173440921,0.9999999999999996,4.845013279464183e-13
142.1246308,0.19620685,42.78863412,1397.080843,0.098399206,0.695251125,-10.14591889,-0.479877301,0.001170473,4.88028404643615e-13,0.872273961897257,0.0637206941471414,0.0521548069753149,0.0018068193032122,0.0017021595626836,0.0027172602570143,0.0056242944991472,3.3577417129397503e-09,,79.68710279394917,0.980806707747836,0.038898106252562556,0.9925108470735886,1.0000000000000007,4.873879078104437e-13
141.0976947,0.196185403,42.44770857,1396.998566,0.098397974,0.695260215,-10.14594824,-0.479906658,0.001171116,4.91654450833277e-13,0.871851804562645,0.0636928103626869,0.0525214795975373,0.0018199018339671,0.0017143205315485,0.0027366894478729,0.0056629903079767,3.3552738193172503e-09,,79.09361206892957,0.9806994976200496,0.03858817912960458,0.992452396043089,0.9999999999999998,4.918287999089443e-13
140.0206943,0.196162573,42.09036753,1396.910706,0.098396699,0.695270058,-10.14597863,-0.479937043,0.001171795,4.95514874907464e-13,0.871402713110363,0.0636630697934541,0.0529116339712507,0.001833821462933,0.0017272507528368,0.0027573589855134,0.0057041485705195,3.3526340616477104e-09,,78.47138932290639,0.9805853740961366,0.0382633290840682,0.9923899787510183,0.9999999999999999,4.954925358902074e-13
138.960081,0.196139744,41.73866873,1396.822568,0.09839546,0.695280061,-10.14600817,-0.479966584,0.001172469,4.99375486165464e-13,0.87095395608979,0.0636332751790395,0.0533015846699045,0.0018477331551406,0.0017401644717475,0.0027780136202561,0.0057452694636399,3.34998219911461e-09,,77.85883386485503,0.9804712555710637,0.03794360826164297,0.9923273639628494,0.9999999999999997,4.99711383383783e-13
137.9134113,0.196116869,41.39179218,1396.734755,0.098394256,0.695290213,-10.1460369,-0.479995316,0.001173139,5.032440469942629e-13,0.870504610338711,0.0636033637903146,0.0536921105520593,0.0018616646077527,0.0017530962422277,0.0027987018876636,0.0057864492334551,3.3473125428872303e-09,,77.25427445844109,0.9803569070993374,0.03762827122936983,0.9922649800604068,0.9999999999999999,5.034861416675085e-13
136.8157155,0.196092502,41.02821835,1396.640916,0.098393012,0.695301199,-10.14606662,-0.480025031,0.001173847,5.07365286630604e-13,0.870026304980318,0.0635714442878319,0.0541078978665889,0.0018764964736488,0.001766853856851,0.0028207240175946,0.0058302751722036,3.34445601211531e-09,,76.62045217882255,0.9802351003578924,0.037297755106085094,0.9921983151813877,1.0000000000000002,5.071498776487715e-13
135.7948187,0.196069484,40.69027733,1396.552257,0.098391874,0.695311725,-10.14609385,-0.480052261,0.00117451,5.11258469204591e-13,0.869574828429696,0.0635412398468789,0.0545004420332336,0.0018904984719123,0.0017798352556009,0.0028415134033271,0.005871639217094,3.3417458345942e-09,,76.03108605174936,0.980120037052004,0.036990541146738,0.9921353302656388,0.9999999999999998,5.114797474448096e-13
134.6897194,0.196044173,40.32467634,1396.454499,0.098390659,0.695323466,-10.14612292,-0.48008133,0.001175234,5.1553976742141e-13,0.869078746440598,0.0635079719742441,0.0549318610100716,0.0019058863871807,0.001794091528304,0.0028643573466276,0.0059170819737055,3.3387533475936502e-09,,75.39330574004282,0.9799935114053214,0.03665818218161705,0.9920658812599679,1.0000000000000004,5.150324611236101e-13
133.5861875,0.196018477,39.95981435,1396.355727,0.098389471,0.695335547,-10.14615138,-0.480109794,0.001175964,5.198863553542e-13,0.868575527998767,0.0634741331544708,0.0553695675023846,0.0019214974819967,0.0018085524562782,0.0028875371834106,0.0059631808864711,3.3357007745080304e-09,,74.75640821992766,0.9798650612051256,0.03632649502341661,0.9919957118908305,0.9999999999999998,5.201394870368858e-13
132.5645497,0.195994304,39.62222639,1396.262563,0.098388389,0.69534707,-10.14617733,-0.480135747,0.001176644,5.23975376310143e-13,0.868102522601651,0.0634422515263504,0.0557810816009532,0.0019361736601819,0.0018221376067386,0.0029093259134591,0.0060065037573243,3.33281783516338e-09,,74.16695848043136,0.9797442242386977,0.03601960202232574,0.9919295265437048,1.0000000000000002,5.238032230181489e-13
131.5376235,0.195969625,39.283082,1396.167432,0.098387321,0.695358983,-10.14620299,-0.480161402,0.001177334,5.28150107799458e-13,0.867619993787394,0.0634096526135026,0.0562009620895589,0.0019511473829971,0.001835991076488,0.0029315559175151,0.0060506938021533,3.3298630299716703e-09,,73.57456850015812,0.9796208578590809,0.03571129410858903,0.9918619438051209,1.0000000000000002,5.279110482092619e-13
130.4329271,0.195942639,38.91846796,1396.063394,0.098386194,0.695372177,-10.14623009,-0.480188503,0.001178082,5.32715003326899e-13,0.867092818929048,0.0633739524947458,0.0566597840476257,0.0019675088659712,0.0018511202749069,0.0029558456910478,0.0060989663695023,3.3266192683319503e-09,,72.93744120757931,0.9794859591549058,0.03537983235570109,0.9917880333767981,0.9999999999999996,5.331290964250002e-13
129.4056041,0.195917126,38.57959121,1395.964822,0.098385165,0.695384813,-10.14625486,-0.480213269,0.001178784,5.37030659211238e-13,0.866594858175893,0.0633401537245627,0.057093270735199,0.0019829660490789,0.0018654030566956,0.0029787903599813,0.0061445545745109,3.3235412050453e-09,,72.34511340032235,0.9793584237424838,0.03507176774697683,0.9917180060911847,0.9999999999999996,5.374589662210383e-13
128.3252561,0.195889851,38.22343047,1395.859835,0.098384109,0.695398481,-10.14628032,-0.480238731,0.001179528,5.416443400444712e-13,0.866062972207284,0.0633039630423275,0.0575563734632564,0.0019994780888806,0.0018806569402277,0.0030033049806425,0.0061932479566021,3.32023706654619e-09,,71.72221721713989,0.9792220803734637,0.03474799068345435,0.9916434214765406,0.9999999999999996,5.422329252269265e-13
127.2247601,0.195861586,37.86084665,1395.750819,0.098383056,0.695412824,-10.14630575,-0.480264162,0.001180294,5.46425268631267e-13,0.865512305142295,0.0632664086872797,0.0580359307116702,0.0020165758081678,0.001896440239858,0.0030286864676319,0.0062436496257506,3.3168006461555803e-09,,71.08789295224898,0.9790807881525525,0.03441837455417418,0.9915659745893067,1.0000000000000004,5.46007683510652e-13
126.2059329,0.195834974,37.52536771,1395.648166,0.098382103,0.695426488,-10.14632879,-0.480287203,0.001181009,5.509263696687202e-13,0.864994332080582,0.0632310036893208,0.0584871053468852,0.0020326605725182,0.0019112799020525,0.0030525639074195,0.0062910511871169,3.3135536236528904e-09,,70.50076018504348,0.9789477590146473,0.034113398811853914,0.9914930480893871,0.9999999999999996,5.513367540288527e-13
125.1563399,0.1958071,37.17995677,1395.540633,0.098381145,0.695440963,-10.14635201,-0.48031042,0.001181752,5.55640699091523e-13,0.864452301936439,0.0631938727478388,0.0589593262106617,0.0020494945758842,0.0019268019140701,0.0030775533146606,0.0063406459897489,3.3101409538166604e-09,,69.89601704679633,0.9788084213402911,0.033799394129974215,0.9914166547514832,1.0,5.556666238248908e-13
124.0901672,0.195778297,36.82929618,1395.429503,0.098380195,0.69545609,-10.14637504,-0.480333452,0.001182514,5.605118666220592e-13,0.863892753093895,0.0631554565095198,0.0594469059418902,0.0020668749466408,0.0019428181726107,0.0031033535390824,0.0063918344891983,3.3066025107290505e-09,,69.28184594858303,0.9786644397433016,0.03348061711900086,0.9913377060414011,1.0000000000000002,5.60218538225854e-13
123.0748798,0.195750397,36.49556534,1395.321853,0.098379315,0.695470902,-10.14639644,-0.480354856,0.001183247,5.65229694315992e-13,0.863351314022913,0.0631182032204346,0.0599187969129257,0.0020836949514206,0.0019583088170184,0.0031283217468763,0.0064413570246819,3.3031640135282e-09,,68.69710502300329,0.9785249720990977,0.033177230531860204,0.9912612295846356,0.9999999999999996,5.656586310465173e-13
122.0309337,0.195721219,36.15261162,1395.209261,0.098378435,0.695486558,-10.1464179,-0.480376309,0.001184008,5.70163288092628e-13,0.862785632880805,0.0630791993950365,0.0604119110458827,0.002101270241792,0.0019744853470323,0.0031544110085801,0.0064930867807449,3.2995566121434e-09,,68.09597923949882,0.9783791159369981,0.03286545964889958,0.9911812422439935,1.0000000000000002,5.699885008425554e-13
121.0180701,0.195692422,35.82006107,1395.09788,0.098377606,0.695502186,-10.14643814,-0.480396556,0.001184753,5.75032101617196e-13,0.862227912825977,0.0630406627743435,0.0608981892420389,0.0021186006558909,0.0019904234486386,0.0031801341889263,0.0065440735676245,3.2959851593515804e-09,,67.51294338237945,0.9782351643330505,0.032563146034682064,0.9911021152190889,0.9999999999999999,5.750955267558311e-13
120.0066431,0.195663172,35.48816979,1394.985247,0.098376801,0.695518189,-10.14645784,-0.480416256,0.001185504,5.79976720852565e-13,0.861662005727194,0.0630014832342051,0.0613916778859063,0.0021361869151724,0.0020065936872182,0.0032062421392703,0.0065958071181058,3.2923474607122604e-09,,66.93070244808645,0.9780889482544496,0.03226143174678184,0.9910220987513243,0.9999999999999996,5.804245972740318e-13
118.9685881,0.195632626,35.14773747,1394.867358,0.098376002,0.695535083,-10.14647745,-0.480435867,0.001186282,5.85139769256422e-13,0.861071677749365,0.0629605282774572,0.0619065717300207,0.0021545346312642,0.0020234500091801,0.0032334779444416,0.0066497563691489,3.2885374808311104e-09,,66.33333084204101,0.9779362536788277,0.03195195300721682,0.9909383483285502,1.0000000000000004,5.8475446707007e-13
117.8947731,0.195600452,34.79578714,1394.74318,0.098375204,0.695553058,-10.14649709,-0.480455506,0.001187096,5.90577242614994e-13,0.860450593061852,0.0629173496813146,0.0624483991299923,0.0021738406420743,0.002041175045698,0.0032621363972505,0.0067065027567144,3.2845128514855e-09,,65.71551154894951,0.9777754209912071,0.03163200352498819,0.9908501300893657,0.9999999999999994,5.910827383104333e-13
116.7926874,0.195566804,34.43479289,1394.613313,0.098374416,0.695572047,-10.14651655,-0.480474962,0.00118794,5.96262811292459e-13,0.859801847240669,0.0628721525136104,0.0630144727915576,0.0021940089873536,0.0020596790074575,0.0032920751224506,0.0067657610560129,3.2802918527381505e-09,,65.08156624288245,0.977607220012993,0.03130383243512157,0.9907578702843425,0.9999999999999997,5.966338534335591e-13
115.7770053,0.195535216,34.10230007,1394.491394,0.098373719,0.695590048,-10.14653383,-0.480492247,0.001188727,6.01599380847686e-13,0.859193551001058,0.0628296870538883,0.0635453565105767,0.0022129220846932,0.002077019429748,0.0033201507612202,0.0068213098818956,3.27631859049594e-09,,64.49744838666255,0.9774493166457847,0.031001571301842515,0.9906712568785608,1.0000000000000002,6.016298570443723e-13
114.726334,0.195501939,33.75855494,1394.362958,0.098373027,0.695609187,-10.14655104,-0.480509456,0.001189549,6.072201687932902e-13,0.858553512937437,0.0627849176176904,0.0641040506847335,0.002232824384195,0.0020952543733446,0.0033496951912361,0.0068797415386338,3.2721222799942303e-09,,63.89333685934991,0.9772829702373198,0.0306890809673055,0.9905800136811516,0.9999999999999998,6.075140390748857e-13
113.6480014,0.195467133,33.4059737,1394.228623,0.098372349,0.695629395,-10.14656798,-0.480526391,0.001190403,6.13098041315606e-13,0.857884916150702,0.0627380569611551,0.0646877901847864,0.0022536171609803,0.0021142915886283,0.0033805619627966,0.0069407627226161,3.2677220726220905e-09,,63.27345747264981,0.9771089806020451,0.030368557940145584,0.9904845797302032,0.9999999999999999,6.13176176500474e-13
112.5607531,0.195431349,33.05069722,1394.090328,0.098371699,0.695650367,-10.14658433,-0.48054274,0.001191274,6.19139581696926e-13,0.857198461398857,0.0626898506866065,0.0652872473071546,0.0022749680749073,0.0021338227491766,0.0034122554089635,0.0070033911105276,3.26318769422951e-09,,62.64864270428798,0.9769301021009631,0.03004558473587551,0.9903863325254808,1.0,6.190603585309873e-13
111.5005774,0.19539577,32.70447968,1393.953207,0.098371102,0.695671407,-10.14659942,-0.480557835,0.001192133,6.2514537513518e-13,0.856516831778497,0.0626418827473531,0.065882601902834,0.0022961708083682,0.0021532090049284,0.0034437345041214,0.0070655659946055,3.25866730594267e-09,,62.0394290868843,0.9767522483621411,0.029730846793559976,0.990288919351044,1.0,6.249445405615006e-13
110.4623673,0.19536025,32.36563977,1393.816134,0.098370548,0.695692597,-10.14661349,-0.480571906,0.001192984,6.31139507234426e-13,0.855837278367839,0.0625939727133895,0.0664762646158228,0.0023173115589794,0.0021725215968381,0.0034751198846584,0.0071275280076964,3.2541451629287503e-09,,61.443018125633536,0.9765746895548967,0.029422815675183425,0.9901915402766528,1.0,6.311617894994015e-13
109.4141102,0.195323686,32.02372634,1393.675042,0.098370024,0.695714597,-10.14662693,-0.480585339,0.001193854,6.37308205968586e-13,0.855138717538919,0.0625446304946048,0.0670866520748975,0.0023390459769941,0.0021923615227867,0.0035073874972175,0.0071912016444621,3.2494803260945104e-09,,60.840970463937225,0.9763919119583852,0.02911199049455207,0.990091306033848,0.9999999999999992,6.380451722520775e-13
108.3709319,0.19528658,31.68367503,1393.531868,0.098369538,0.69573711,-10.1466395,-0.480597911,0.00119473,6.435666823509459e-13,0.854430799660297,0.0624945345653199,0.0677053375398366,0.0023610738755861,0.0022124538276491,0.003540091843035,0.0072557054428961,3.2447367288450104e-09,,60.24197571734139,0.9762064249904342,0.028802858121908265,0.9899895927015587,1.0000000000000002,6.432632204678157e-13
107.2745325,0.195246782,31.32649648,1393.378327,0.098369066,0.695761459,-10.14665183,-0.480610244,0.001195662,6.50276980146122e-13,0.853672677184999,0.0624407853941956,0.0683680332430193,0.0023846665035444,0.0022339560416092,0.0035751205494388,0.0073247578429039,3.23963915415657e-09,,59.61256872129401,0.9760074811444118,0.028478155792077593,0.9898805144698056,0.9999999999999996,6.507017147328042e-13
106.1893881,0.195206563,30.97320873,1393.223175,0.09836864,0.695786274,-10.14666312,-0.480621534,0.001196597,6.570562379882859e-13,0.852907709560498,0.0623864484337642,0.0690368507539487,0.0024084747230875,0.0022556365668779,0.0036104707937168,0.0073944059329725,3.2344776993434302e-09,,58.98977320153851,0.9758064327866256,0.028156990493865712,0.9897702917552673,1.0000000000000002,6.568079413682426e-13
105.1195052,0.195166073,30.62510868,1393.067003,0.09836826,0.695811459,-10.14667334,-0.480631749,0.001197532,6.638785940989632e-13,0.852138834416793,0.0623317335424318,0.0697092220273392,0.0024324070700988,0.0022774117289678,0.0036460068913135,0.0074643810931192,3.22927246775878e-09,,58.37588433152012,0.9756040297431197,0.027840541207509707,0.9896593444147567,0.9999999999999997,6.642464356332312e-13
104.0818894,0.195125988,30.28771556,1392.912411,0.098367932,0.695836588,-10.14668234,-0.480640757,0.00119845,6.70630570782278e-13,0.851378832737648,0.0622775538861222,0.0703739670272866,0.0024560656072469,0.002298919621091,0.0036811380968758,0.0075335197989481,3.22411067771085e-09,,57.78065171324997,0.9754036512299329,0.02753382533072248,0.9895495195340852,0.9999999999999999,6.707967514785196e-13
103.031922,0.195084579,29.9465157,1392.752742,0.098367641,0.695862744,-10.14669053,-0.480648946,0.001199391,6.77602817174759e-13,0.850595017164249,0.0622215794627686,0.071059677794209,0.0024804678630363,0.0023210847314544,0.0037173755227254,0.0076047942421088,3.2187704382569604e-09,,57.17847678026571,0.9751966542521967,0.027223648839217324,0.9894360878631583,0.9999999999999997,6.779021788361206e-13
101.9585543,0.19504134,29.59793021,1392.586043,0.098367387,0.695890263,-10.14669791,-0.480656326,0.001200366,6.84880472241267e-13,0.849777926379666,0.0621631268844176,0.071774644396011,0.0025059085685246,0.0023441726567453,0.0037551571944708,0.0076790607062935,3.2131860335757103e-09,,56.56303184291251,0.9749805093967224,0.026906758251167825,0.9893176619563647,0.9999999999999998,6.851186284961841e-13
100.8909686,0.194997393,29.2514425,1392.416649,0.09836718,0.695918443,-10.14670423,-0.480662639,0.001201351,6.92274181967485e-13,0.848948909663868,0.0621037181075867,0.0725001957280877,0.0025317231137679,0.0023675785259328,0.003793496433259,0.0077543752193025,3.2075025466935704e-09,,55.95105477712857,0.97476082536232,0.026591774703878395,0.9891973214740858,0.9999999999999996,6.926681450636352e-13
99.80604795,0.194951739,28.89955464,1392.240466,0.098367018,0.695947942,-10.14670958,-0.48066799,0.001202365,6.99951733541959e-13,0.848089249438014,0.062042008386083,0.0732527321401848,0.0025584948305799,0.002391825713605,0.0038332566640533,0.0078324296251886,3.201591160652e-09,,55.32935591172252,0.9745326083075357,0.0262718820116069,0.9890721579665864,0.9999999999999998,7.002176616310862e-13
98.7978236,0.194908385,28.5727467,1392.073674,0.098366913,0.695976135,-10.14671351,-0.480671924,0.001203322,7.0723940489979e-13,0.847274331222709,0.0619834114834366,0.0739662276611385,0.0025838747498701,0.0024147985232877,0.0038709588791104,0.0079063942837696,3.19597074537239e-09,,54.75163918926051,0.9743158885854275,0.02597478886442557,0.9889536659909542,0.9999999999999998,7.074341112911497e-13
97.79503044,0.194864348,28.24789594,1391.904046,0.098366851,0.696004972,-10.14671645,-0.48067486,0.001204287,7.146384994094652e-13,0.846448058219945,0.0619239061060019,0.0746898163048476,0.002609610934517,0.0024380686941563,0.0039091898232817,0.0079813467262795,3.1902565658262203e-09,,54.17723102876747,0.9740957546553987,0.02567947494196504,0.9888331592709524,1.0,7.144285163462882e-13
96.7683848,0.194818286,27.91552189,1391.726662,0.098366836,0.696035332,-10.14671839,-0.480676808,0.001205289,7.223742342662979e-13,0.845585369630872,0.0618616811660111,0.0754454449794508,0.0026364836760236,0.0024623437274491,0.0039491122732854,0.0080595613619107,3.1842743478315803e-09,,53.58930510919048,0.9738654980737743,0.025377321779603373,0.9887071425518917,0.9999999999999997,7.227551890309769e-13
95.73236999,0.194770767,27.58032432,1391.543717,0.09836687,0.696066858,-10.14671924,-0.480677656,0.001206315,7.3035066451198e-13,0.844697096052365,0.0617975104457722,0.0762236412687697,0.0026641557605349,0.0024873165002146,0.0039902257734282,0.0081400510200868,3.1780980552105805e-09,,52.99616429413555,0.9736279581818416,0.025072601823904517,0.9885771752004477,0.9999999999999997,7.306377725058155e-13
94.71486193,0.19472305,27.25132048,1391.36006,0.098366953,0.696098719,-10.14671895,-0.480677363,0.001207339,7.3835639462867e-13,0.843806839274056,0.0617330976623365,0.0770037330732186,0.0026918919472166,0.0025123223491681,0.0040314382659044,0.00822067425547,3.1718916821627203e-09,,52.41376773386485,0.9733894285195306,0.024773512437458334,0.9884467020316584,1.0000000000000002,7.381872890732666e-13
93.64805034,0.194671865,26.90659515,1391.162906,0.098367093,0.696133112,-10.14671746,-0.48067587,0.001208429,7.46938924591277e-13,0.842853858789458,0.061664044299953,0.0778389658744075,0.0027215851642834,0.0025390615920629,0.0040755596089893,0.0083069215048672,3.16523136345973e-09,,51.80335633395952,0.9731335628790798,0.02446013102694909,0.9883066403562555,0.9999999999999997,7.472911178751929e-13
92.60443731,0.194620612,26.56958481,1390.965981,0.09836729,0.696167768,-10.14671462,-0.480673034,0.001209513,7.555285819966822e-13,0.841901560857119,0.0615949265456649,0.078673764380883,0.0027512587857701,0.0025657617650349,0.0041196634257304,0.0083930610804844,3.1585570974563905e-09,,51.206290497806485,0.972877357317489,0.024153763126147015,0.9881667413664875,0.9999999999999993,7.561729020721941e-13
91.59184249,0.194569722,26.2427998,1390.770073,0.098367532,0.696202387,-10.14671075,-0.480669158,0.001210581,7.64052045255299e-13,0.840958042894877,0.0615263531711234,0.0795010499099576,0.0027806619497535,0.0025921832542126,0.0041633628992474,0.0084783427681343,3.1519295936780304e-09,,50.627215592830325,0.9726229663349251,0.023856690824070815,0.9880275648714386,0.9999999999999994,7.646105970593453e-13
90.52817552,0.194514992,25.8997543,1390.559946,0.098367852,0.696239838,-10.1467052,-0.480663609,0.001211722,7.732134114986932e-13,0.839945521768746,0.0614526479705372,0.0803890105771259,0.002812217036629,0.002620515444092,0.0042102740774808,0.0085698099798173,3.14479845811544e-09,,50.01900135541072,0.972349379805632,0.02354483650614515,0.9878782869482549,0.9999999999999998,7.73381358953884e-13
89.45060105,0.194458167,25.55245702,1390.341617,0.098368238,0.696278958,-10.14669817,-0.480656582,0.001212899,7.82719298527937e-13,0.838896673041307,0.0613761887883673,0.0813090376531682,0.0028449072709133,0.0026498289760817,0.0042588752455107,0.008664485886475,3.1373942059716805e-09,,49.403057792446226,0.9720653207059227,0.02322911699846515,0.9877231821797539,1.0,7.825962100582728e-13
88.38330928,0.194400462,25.20870698,1390.1198,0.098368687,0.696318925,-10.14668972,-0.480648131,0.001214085,7.92365714752419e-13,0.837834146074612,0.0612986195576988,0.0822412773589045,0.0028780267251967,0.0026794886711362,0.0043081183621463,0.0087603201196375,3.1298756439434e-09,,48.79320992954462,0.9717768626267548,0.02291662220036659,0.9875655994745951,1.0,7.923661726749742e-13
87.35336837,0.194343385,24.87720725,1389.900895,0.098369187,0.696358668,-10.14668006,-0.480638478,0.00121525,8.01900836068341e-13,0.836785659630995,0.0612219649940488,0.0831613797881448,0.0029107101753231,0.0027087303492436,0.0043567263210954,0.0088548256179079,3.1224392507574704e-09,,48.20478922969118,0.9714915438192916,0.022615263861045152,0.9874100855055451,0.9999999999999996,8.022471575941381e-13
86.28596739,0.194282732,24.53388144,1389.668171,0.098369774,0.69640114,-10.1466685,-0.480626912,0.001216479,8.12025917450825e-13,0.83567426009543,0.0611405986322258,0.0841369149912821,0.002945357605624,0.0027396877819224,0.0044082598807299,0.0089549178974342,3.11453936933862e-09,,47.595187635360105,0.9711883491589369,0.022303154720118287,0.9872447542754079,0.9999999999999997,8.12350187118227e-13
85.25428365,0.194222604,24.20226853,1389.437569,0.098370411,0.696443473,-10.14665574,-0.480614153,0.001217689,8.22056172773063e-13,0.834575245797658,0.0610600285951215,0.0851017920945374,0.0029796213009281,0.0027702642868713,0.0044592310015631,0.009053813815788,3.1067107157570203e-09,,47.00615780125218,0.9708877788897364,0.022001693491612465,0.9870809305514597,1.0,8.220091274324659e-13
84.23189849,0.194161501,23.87386374,1389.203343,0.098371113,0.696486715,-10.14664151,-0.480599924,0.001218911,8.32241494704746e-13,0.83346124929082,0.0609782522574224,0.0860800361654255,0.0030143543794668,0.0028012210344286,0.0045109091302195,0.0091539746426256,3.0987591043309604e-09,,46.42260747524558,0.9705823347512492,0.021703148686946692,0.9869145322740576,0.9999999999999997,8.325562461664049e-13
83.19878524,0.194098162,23.54223629,1388.960676,0.098371897,0.696531767,-10.14662547,-0.480583885,0.001220169,8.427912340473222e-13,0.832309524250933,0.0608935963433257,0.0870916340033059,0.0030502660883848,0.0028331873775888,0.0045643504802046,0.0092574383648923,3.09052185763788e-09,,45.833108855479814,0.9702657132058647,0.02140167424048062,0.9867421373615273,0.9999999999999997,8.431033649003439e-13
82.14844039,0.19403206,23.20530945,1388.707557,0.098372772,0.696579021,-10.14660739,-0.480565804,0.001221473,8.537924923447822e-13,0.831110808492701,0.0608053721753109,0.0881447428165787,0.0030876453609259,0.0028664159032523,0.0046199864541983,0.0093650257142475,3.0819317967957204e-09,,45.23396091799064,0.9699352798647477,0.021095382247497036,0.9865623171640353,1.0,8.536504836342829e-13
81.11959486,0.193965573,22.87550763,1388.453115,0.098373709,0.696626783,-10.14658788,-0.480546296,0.001222776,8.64848397103227e-13,0.829908501075957,0.0607167710504888,0.0892012472551607,0.0031251389158973,0.0028997007837948,0.0046758038653127,0.009472833979224,3.0732997509124303e-09,,44.64725865030824,0.9696029219701174,0.020795567436847306,0.9863815570840325,0.9999999999999999,8.649747584854595e-13
80.10652106,0.193898357,22.55098471,1388.195794,0.098374711,0.696675304,-10.14656689,-0.480525305,0.001224085,8.76015955723994e-13,0.828696459738639,0.0606273443556737,0.0902665573294185,0.0031629387013973,0.0029332069998079,0.0047320849933003,0.0095814048163042,3.0645824791254704e-09,,44.06977434414522,0.9692669199209129,0.020500551545754593,0.9861987517117025,0.9999999999999993,8.766321002440236e-13
79.08223919,0.193828563,22.22309742,1387.929258,0.098375809,0.696725901,-10.14654375,-0.480502159,0.001225435,8.876019313643399e-13,0.827441529732323,0.0605346391794445,0.0913697909244562,0.003202077244576,0.0029678609068306,0.004790380561226,0.0096937183947146,3.05554078248757e-09,,43.48599245734831,0.9689180308614302,0.020202477187748303,0.9860093998410064,0.9999999999999993,8.882894420025877e-13
78.03057091,0.193754902,21.88668309,1387.647886,0.098377027,0.696779553,-10.14651795,-0.480476368,0.00122685,8.99818415569903e-13,0.826121115163675,0.060436980386224,0.0925308782420012,0.0032432608908366,0.0030042673901352,0.0048517326836544,0.0098117621965624,3.0460114092688304e-09,,42.88684338966917,0.9685498112865305,0.01989665110513661,0.985809508214504,1.0,8.997247391562269e-13
77.02250499,0.193682312,21.56444637,1387.370794,0.098378283,0.696832658,-10.14649121,-0.480449624,0.001228236,9.11845848406923e-13,0.824823934859564,0.0603409274571499,0.0936718037235275,0.0032837219899313,0.0030399819426831,0.0049120235316813,0.0099276034579162,3.0366346163280902e-09,,42.3127235443549,0.9681869454695857,0.019603713542841805,0.9856126571754139,0.9999999999999997,9.121592370320286e-13
75.97032627,0.193604386,21.22835096,1387.073544,0.098379693,0.696889913,-10.14646111,-0.48041952,0.001229714,9.247447699214799e-13,0.823435844000352,0.0602380245894624,0.0948929804081592,0.0033270209256783,0.0030781430366749,0.0049765601145427,0.010051423897621,3.0265851659243403e-09,,41.71368038876566,0.9677974058408318,0.01929817738264295,0.9854014855379452,1.0000000000000002,9.243716903029053e-13
74.91658496,0.193524037,20.89200711,1386.767281,0.098381207,0.696949202,-10.14642863,-0.48038704,0.001231229,9.380310788147399e-13,0.822009392439728,0.0601321559627578,0.0961482153844615,0.0033715186619332,0.0031172978001161,0.0050429024838059,0.0101785142500169,3.01624238655273e-09,,41.1139562041821,0.9673957540220456,0.01899241537168451,0.9851839109064695,0.9999999999999998,9.382494781107198e-13
73.91274252,0.193445249,20.57182641,1386.467201,0.098382751,0.697007576,-10.14639543,-0.480353843,0.001232704,9.510455793886713e-13,0.820615388958212,0.0600285814662098,0.0973751972935602,0.0034150062111972,0.0031555021091682,0.0051077578837861,0.0103025630707946,3.00612067844618e-09,,40.54282905946088,0.9670019053929584,0.01870134688714977,0.9849707287871368,0.9999999999999997,9.513501098012966e-13
72.88996048,0.193362622,20.24584461,1386.152553,0.098384427,0.697069041,-10.14635927,-0.480317681,0.001234242,9.64679569621149e-13,0.819158499677532,0.0599202202968322,0.0986578548605724,0.0034604579846949,0.00319536280475,0.0051755598555573,0.0104320415235683,2.9955285844656704e-09,,39.96116265679781,0.9665888662159822,0.018405004763742874,0.9847471973039197,1.0000000000000002,9.644507414918735e-13
71.83103042,0.193274461,19.90859881,1385.817522,0.098386279,0.697134867,-10.14631919,-0.480277604,0.001235873,9.792105353054619e-13,0.8176096340693,0.0598048923810619,0.100021814942445,0.0035087803733901,0.003237676745579,0.005247675524702,0.0105695229782904,2.9842530108693204e-09,,39.35908861689993,0.9661481634568189,0.018098422811983428,0.9845091853783594,1.0000000000000004,9.78772618509538e-13
70.78448631,0.193184595,19.57555892,1385.476115,0.09838823,0.69720223,-10.14627689,-0.4802353,0.001237525,9.94004954662925e-13,0.816036809969832,0.05968765756375,0.101407246939435,0.0035578526966301,0.0032805662993892,0.0053209328002463,0.0107089307569343,2.9727892085196404e-09,,38.76431408605126,0.965698937674954,0.017795664350677306,0.9842666438300555,1.0000000000000002,9.937606293419776e-13
69.73143524,0.193091293,19.24071407,1385.121751,0.098390318,0.697272437,-10.1462315,-0.480189916,0.001239229,1.0093462187452199e-12,0.814410235331101,0.0595662924536538,0.10284041883359,0.0036086045506381,0.0033248372632453,0.0053967213837134,0.0108528872221288,2.9609203090924204e-09,,38.1661087683421,0.965232535877839,0.017491265044148954,0.9840148974006526,0.9999999999999999,1.0093037516867298e-12
68.67505804,0.192994657,18.90508217,1384.755553,0.098392546,0.697345402,-10.14618295,-0.480141368,0.001240983,1.0252158759644199e-12,0.812732294231005,0.0594409651847016,0.104319224107509,0.0036609599335672,0.0033704306317417,0.00547494478744,0.0110011781743471,2.94866312354374e-09,,37.56617370722308,0.9647494679471834,0.017186150249614136,0.9837547438891378,0.9999999999999999,1.025290963241332e-12
67.62247483,0.192895189,18.57093037,1384.378766,0.098394904,0.697420777,-10.1461315,-0.480089914,0.001242778,1.04152917777287e-12,0.811012404095833,0.0593123791336322,0.105835431602617,0.0037146266091753,0.0034170693451212,0.0055551566975793,0.0111529295789124,2.9360873160631604e-09,,36.96867171201313,0.9642522433008154,0.016882380977979224,0.9834870677654475,0.9999999999999992,1.042277375518097e-12
66.56843348,0.192792243,18.23659437,1383.989217,0.098397408,0.697499053,-10.14607674,-0.480035153,0.001244623,1.05839003719377e-12,0.809240045870776,0.0591797430029071,0.107398331912362,0.0037699322353841,0.003465035659227,0.0056378551307196,0.0113090532644492,2.9231161915710504e-09,,36.37058799783333,0.9637376326879045,0.01657844425460581,0.983210325292094,0.9999999999999996,1.0588196985850118e-12
65.51414529,0.19268576,17.9024637,1383.586721,0.098400064,0.697580285,-10.14601858,-0.479976993,0.001246521,1.0758060778614199e-12,0.807414931671977,0.0590430307949456,0.109008214097153,0.0038268857615371,0.0035143286273536,0.0057230579566265,0.0114695481795835,2.90974804485211e-09,,35.77261645656296,0.9632053411768736,0.016274694191739818,0.9829243850418174,1.0,1.0758061108617767e-12
64.48557038,0.192578312,17.57676028,1383.181039,0.098402806,0.697662511,-10.14595843,-0.479916842,0.001248425,1.09335486908174e-12,0.80558165253541,0.0589055833211681,0.110625764337578,0.0038840956026605,0.0035637387213996,0.0058086865515078,0.0116304760328717,2.89631040567067e-09,,35.18947799929027,0.9626682257849589,0.015978605136818074,0.9826361814010047,0.9999999999999994,1.0939027461631667e-12
63.46959829,0.192468549,17.25532205,1382.767091,0.098405668,0.697746759,-10.14589556,-0.479853973,0.001250359,1.11125597458361e-12,0.803717498992701,0.0587657009928514,0.11227103038502,0.0039422703035007,0.0036138745727268,0.0058958040073042,0.0117938178621467,2.88263795497998e-09,,34.61373201660359,0.9621195380777635,0.015686393462355407,0.9823421054481469,0.9999999999999998,1.1114442699522442e-12
62.46577412,0.192356369,16.93800005,1382.344533,0.098408653,0.697833105,-10.14582992,-0.479788333,0.001252324,1.12952423011481e-12,0.801821274707319,0.0586232948077346,0.113945088067503,0.0040014470892392,0.0036647628247115,0.0059844696308026,0.0119596600028377,2.8687229177682e-09,,34.04511784096337,0.9615587681735775,0.015397923752439936,0.9820419127995833,1.0,1.1294298829511717e-12
61.46026458,0.192240093,16.62042274,1381.906897,0.098411807,0.697922864,-10.14576046,-0.479718872,0.001254349,1.14843135327692e-12,0.799865307311174,0.0584762822372348,0.115672414923551,0.0040624898326802,0.0037171336459208,0.0060759796010091,0.0121303895929186,2.8543625866544203e-09,,33.475830168223624,0.960977523019547,0.015109221946415027,0.9817310084741492,0.9999999999999994,1.1489698081845745e-12
60.43172824,0.192116888,16.2958647,1381.444152,0.098415206,0.69801819,-10.14568552,-0.479643929,0.001256484,1.16843304376338e-12,0.79780327574389,0.0583211824462133,0.117493931143408,0.0041268429766283,0.0037722249410813,0.0061725167896176,0.012310023118774,2.83921935818895e-09,,32.89371794121309,0.9603616409011192,0.014814174128584767,0.9814022662727009,1.0000000000000004,1.1680656442081272e-12
59.40812333,0.191989759,15.97316335,1380.967128,0.098418777,0.69811682,-10.14560672,-0.479565129,0.001258674,1.18903814604429e-12,0.795686820478705,0.0581618650873833,0.119364127986598,0.0041928959275092,0.0038286290338812,0.0062716646772989,0.0124939939837634,2.82367182083758e-09,,32.31470231514216,0.9597261433333774,0.014520814182461173,0.9810633800180603,0.9999999999999998,1.1892709039784677e-12
58.3724358,0.191856286,15.64696455,1380.467008,0.098422587,0.698220625,-10.14552254,-0.479480954,0.001260961,1.21063453503483e-12,0.793476974058832,0.0579953949473211,0.121317481025947,0.0042618643466283,0.0038873739928815,0.0063752598502666,0.0126856489694777,2.80743559321291e-09,,31.729142237310423,0.9590589331228101,0.014224274789633777,0.9807080859580741,1.0000000000000002,1.2102541191438831e-12
57.34189227,0.191718365,15.32270453,1379.950981,0.098426586,0.698328142,-10.14543413,-0.479392544,0.001263311,1.23291138899599e-12,0.791206517925576,0.0578242371228977,0.123325075698131,0.0043327250107087,0.0039475725943847,0.0064817750306225,0.0128820938256926,2.7907530776607504e-09,,31.146788964376675,0.958369488070615,0.01392949789453484,0.9803414912850105,0.9999999999999992,1.233679824963474e-12
56.30772896,0.191574534,14.99763308,1379.413666,0.098430816,0.698440516,-10.14534051,-0.479298928,0.001265749,1.25610057552544e-12,0.788852782661137,0.057646680090138,0.125407015881817,0.0044061852779087,0.0040098106346479,0.0065922833213047,0.0130852393583308,2.7734595546662403e-09,,30.56269870588577,0.957650499872282,0.013633983348164585,0.9799597732416578,0.9999999999999998,1.2563283746658271e-12
55.26732468,0.191424022,14.67093973,1378.852295,0.098435302,0.698558359,-10.14524114,-0.47919955,0.001268287,1.28032095658006e-12,0.786404926124413,0.0574619013544551,0.127572968023794,0.0044825833581187,0.0040743553377384,0.0067073060022678,0.0132959570424556,2.7554774627157303e-09,,29.97540558333345,0.9568981144219446,0.013336994371964343,0.9795609653920447,1.0000000000000002,1.279976125090343e-12
54.22789076,0.191267473,14.34490115,1378.269169,0.098440024,0.69868117,-10.14513647,-0.479094882,0.001270912,1.30546324087412e-12,0.783875252692923,0.0572708322214157,0.129812131810516,0.004561535836295,0.0041408574294485,0.0068262728243291,0.0135131144468659,2.73690065539105e-09,,29.38901806883478,0.956115550972752,0.013040600631240873,0.9791467024071141,0.9999999999999994,1.3060663661690342e-12
53.18086329,0.191103149,14.01684417,1377.658589,0.098445047,0.698810337,-10.14502503,-0.478983446,0.001273653,1.33180150027241e-12,0.781237671566981,0.0570714804083762,0.132147660842516,0.0046438543533902,0.0042099950286106,0.0069504411871742,0.013738893894083,2.7175372195097103e-09,,28.798646162523656,0.9552941215402732,0.012742372012184063,0.9787129356168509,1.0000000000000004,1.3314904734329502e-12
52.16380444,0.190936751,13.69853766,1377.041197,0.098450184,0.698941358,-10.14491099,-0.478869406,0.001276414,1.35841664299063e-12,0.778585193910139,0.0568708957850542,0.134497278096996,0.0047266382106179,0.0042793009214277,0.00707542852289,0.0139652618534412,2.6980759007016702e-09,,28.22554290172239,0.9544623245130245,0.012453007308180223,0.9782743294617622,1.0000000000000004,1.358135826023954e-12
51.132523,0.190760767,13.37615462,1376.389255,0.098455672,0.699080169,-10.14478907,-0.478747486,0.00127932,1.38650543970095e-12,0.775799860244036,0.0566601496185618,0.13696555601457,0.0048135682984673,0.0043518380047339,0.0072068090578719,0.0142022160827196,2.67765268328305e-09,,27.64481367486394,0.9535826086027172,0.012159936729933306,0.9778111783779113,0.9999999999999999,1.386779580059283e-12
50.12162614,0.190580706,13.06052108,1375.723899,0.098461333,0.699222372,-10.14466325,-0.478621659,0.001282279,1.4151817704310599e-12,0.772970947389893,0.0564460068818224,0.139473404124497,0.0049018566492273,0.0044252757023429,0.0073403984210504,0.0144421081728237,2.65692785241959e-09,,27.075878515544723,0.9526825124205309,0.011873001957924453,0.9773384977521091,0.9999999999999997,1.415423334094612e-12
49.11493468,0.190393469,12.74658578,1375.033198,0.098467268,0.699370459,-10.14453124,-0.478489657,0.001285341,1.4449345295937998e-12,0.77005160225573,0.0562249143187621,0.142062486558128,0.0049929666089067,0.0045007956773375,0.0074784140116956,0.0146888179324355,2.63555975055234e-09,,26.50971168493556,0.9517465445603946,0.011587611014582276,0.9768478115917345,1.0,1.4448442442471787e-12
48.10033104,0.190196223,12.43058571,1374.307079,0.098473566,0.699526656,-10.14439112,-0.478349533,0.001288551,1.47620569992309e-12,0.767000475780431,0.0559937430312149,0.144769569990983,0.0050881878024605,0.0045794432178924,0.0076228374056375,0.0149457401566538,2.6132511737963304e-09,,25.939489568873263,0.9507605433077553,0.011300343039067913,0.9763319638601038,1.0000000000000004,1.4758194666342206e-12
47.07680231,0.189987958,12.11223112,1373.542067,0.098480256,0.699691762,-10.14424217,-0.478200581,0.001291924,1.50914451738552e-12,0.763805644414456,0.0557515887414362,0.147605382881585,0.0051878919289037,0.0046614870295191,0.0077742630940352,0.0152137393186339,2.58992109638446e-09,,25.364669386066005,0.9497194598339158,0.011010934626705837,0.9757884858559885,0.9999999999999991,1.5100143357926754e-12
46.03814843,0.189766406,11.78962635,1372.730115,0.098487413,0.699867577,-10.14408277,-0.478041182,0.001295496,1.54409710130504e-12,0.760436751667372,0.0554961487623777,0.150597052518413,0.0052930258070962,0.0047476598794093,0.0079341672140367,0.0154951915843952,2.5653551926217504e-09,,24.78180315644796,0.9486119567690893,0.010717662479110499,0.9752116608488023,0.9999999999999994,1.5446532941609803e-12
45.025946,0.189539882,11.47569636,1371.901915,0.098494762,0.70004749,-10.14391899,-0.477877403,0.00129913,1.57974223242654e-12,0.757023572599885,0.0552372678891803,0.153629461236834,0.0053995390895157,0.0048346092288237,0.0080964196518996,0.015779127761775,2.54050637802023e-09,,24.21423497619303,0.9474795994703208,0.010432276362960131,0.9746232929761305,0.9999999999999993,1.5804024755539103e-12
43.99429322,0.189297419,11.15622098,1371.017637,0.098502658,0.700240198,-10.14374299,-0.477701399,0.001303003,1.61779448787066e-12,0.75340484840896,0.0549627195066436,0.15684603018591,0.0055124635556827,0.0049264036504249,0.0082687223957589,0.0160788097807933,2.5142083000468e-09,,23.63624404851138,0.9462675656561055,0.010141849067677311,0.9739950863041787,0.9999999999999996,1.6182610806936282e-12
42.98822615,0.189048854,10.84516433,1370.113438,0.098510773,0.700437869,-10.14356201,-0.477520421,0.001306956,1.65669824637606e-12,0.749731678999511,0.0546839735295796,0.160112613304222,0.0056270835121825,0.0050191682505925,0.0084439207635713,0.0163815591511165,2.487567540057e-09,,23.073080853260336,0.945025028918416,0.009859075035014027,0.9733527274028243,0.9999999999999996,1.6571188865555087e-12
41.97956059,0.188786709,10.53381945,1369.162194,0.09851934,0.700646415,-10.14337087,-0.477329284,0.001311106,1.69761295901327e-12,0.745897439755513,0.0543929542270342,0.163524179162647,0.0057467266625339,0.0051155551029136,0.0086271322856409,0.0166960103421995,2.45982008677396e-09,,22.508992108098628,0.9437146079295333,0.009576038979470234,0.9726769469045488,1.0,1.6977530492567894e-12
40.95348172,0.188505703,10.21765522,1368.145727,0.098528541,0.700870049,-10.14316555,-0.477123964,0.001315536,1.74134629838982e-12,0.741831650878031,0.0540842990525373,0.167143678621782,0.0058735884231554,0.0052172820039368,0.0088218080447245,0.017027690543625,2.43046590027886e-09,,21.93569009121606,0.9423099038138646,0.009288621770093802,0.9719548308378607,0.9999999999999994,1.7419399256368706e-12
39.94940301,0.188215588,9.908841696,1367.099187,0.098538031,0.701100949,-10.1429537,-0.47691211,0.00132009,1.7863625280496498e-12,0.737681522550764,0.0537692141612845,0.170840306219913,0.0060030778224405,0.0053205946410919,0.0090209421832098,0.0173643400189268,2.40058340089389e-09,,21.375267677012854,0.9408596652619574,0.009007886908702991,0.9712113503820942,1.0000000000000004,1.7860157797144893e-12
38.93005806,0.187904477,9.595943904,1365.980118,0.098548192,0.701348555,-10.1427268,-0.476685212,0.001324953,1.83448935381734e-12,0.73328366302826,0.0534353032219643,0.174759850799047,0.0061402920297489,0.0054294967810656,0.0092324441108077,0.0177189476582619,2.3690092550140103e-09,,20.806954537171563,0.9393044710592365,0.008723439138641566,0.9704163440467851,0.9999999999999991,1.8354207043103088e-12
37.89733322,0.187570784,9.279602936,1364.783885,0.09855906,0.701614058,-10.14248407,-0.476442484,0.001330148,1.88594490385469e-12,0.728625946693025,0.0530816642301192,0.178913464719777,0.0062856071164781,0.0055442021949759,0.0094570126669117,0.0180921000411499,2.33567813886472e-09,,20.231828336066005,0.9376363930449955,0.00843586126104928,0.9695665190462663,1.0000000000000009,1.885158695813516e-12
36.88686646,0.187224679,8.970767115,1363.547308,0.098570298,0.70188937,-10.142233,-0.476191415,0.001335513,1.93914188401478e-12,0.723858640671057,0.0527197092760925,0.183167481503367,0.0064343337718531,0.0056609265873889,0.0096874938021706,0.0184714120844505,2.3016804603887e-09,,19.669792848742503,0.9359062694250248,0.008155106129998244,0.9686880329572964,0.9999999999999992,1.939892690927536e-12
35.86506519,0.186853188,8.65920212,1362.224841,0.098582296,0.702184693,-10.14196489,-0.475923306,0.00134125,1.99605036950836e-12,0.718812303158844,0.0523366139763784,0.187673375451399,0.0065917577590234,0.0057837460930517,0.009932185589563,0.0188700157039132,2.26583117515456e-09,,19.102174253344963,0.9340492452453493,0.00787186997326324,0.9677485290989668,1.0,1.996069975973569e-12
34.83360106,0.186454215,8.345491639,1360.809553,0.098595098,0.702501637,-10.14167878,-0.475637192,0.001347387,2.056957897201e-12,0.713472392719316,0.0519313015862155,0.19244467846638,0.0067583330498849,0.0059128734951893,0.0101919413884441,0.0192884770644568,2.22805625825383e-09,,18.53001091531043,0.9320548429367128,0.007586683407404229,0.9667430835667551,0.9999999999999999,2.05702122002549e-12
33.83099727,0.186041126,8.041383865,1359.349773,0.098608248,0.702829496,-10.14138481,-0.475343223,0.001353716,2.1197997399391397e-12,0.708028564933318,0.0515181972379966,0.197312268127956,0.0069281420721184,0.0060436393110995,0.0104576730333601,0.0197115130923094,2.18972144934988e-09,,17.97468787067307,0.9299898769984857,0.00731022642884989,0.9657060301338055,0.9999999999999992,2.120525977034049e-12
32.82465226,0.185598994,7.737019263,1357.793337,0.098622192,0.703180028,-10.14107307,-0.475031484,0.001360465,2.1868221587488997e-12,0.702295528308892,0.0510832773869632,0.202442207175125,0.0071069651844081,0.0061803965169094,0.0107385650750604,0.0201530582009062,2.14954814277264e-09,,17.418190060169177,0.9277797297415985,0.007033535974209247,0.9646003105754022,0.9999999999999992,2.187694470023871e-12
31.81918346,0.185126994,7.433864052,1356.138798,0.098636917,0.703553754,-10.14074384,-0.474702249,0.001367644,2.2581144148578897e-12,0.696279187308113,0.0506270332369672,0.207829733559722,0.0072946160253982,0.0063228774818814,0.0110345523456914,0.020611997932354,2.1076149644745302e-09,,16.863114678160365,0.9254202771228088,0.00675794494750283,0.963424896917249,1.0000000000000002,2.257860565180181e-12
30.81858354,0.18462419,7.133188016,1354.383996,0.098652404,0.703951278,-10.1403975,-0.474355914,0.001375264,2.33378219595206e-12,0.689985163124112,0.050149944046644,0.213470386650022,0.0074909193406079,0.006470806560963,0.0113455922763034,0.0210871859350124,2.0640012823234104e-09,,16.31173636686396,0.9229068402276013,0.006484607678471834,0.9621782546572876,0.9999999999999997,2.3342439092743916e-12
29.80259441,0.184076306,6.829005472,1352.480337,0.098669031,0.704383707,-10.14002567,-0.473984085,0.001383538,2.4159272016358e-12,0.6832580676636,0.049640303433727,0.219504219694677,0.0077007233938606,0.0066276355341742,0.0116796717745933,0.0215893764852672,2.01768413638886e-09,,15.753016566340948,0.9201680556119383,0.006208082728329612,0.9608258617617038,0.9999999999999994,2.4165114353991157e-12
28.77952697,0.183482408,6.523940453,1350.426669,0.098686745,0.704851539,-10.13962949,-0.473587904,0.001392476,2.50463346138271e-12,0.67611585584121,0.0490995590077208,0.225916069326764,0.007923468197689,0.0067927153840681,0.0120363205952614,0.0221160096759263,1.9688552313533703e-09,,15.191651242721482,0.917199254358985,0.005930755541635062,0.9593668998294,0.9999999999999994,2.5052182550666657e-12
27.77636581,0.182854298,6.226125393,1348.265486,0.098705115,0.70534525,-10.13921863,-0.473177043,0.001401896,2.59809586390013e-12,0.668726317963952,0.0485405012427998,0.232556078776258,0.0081539229503187,0.006961979602205,0.0124075515655108,0.0226536459776347,1.91872208889587e-09,,14.642533958233532,0.9140594327818917,0.005660019116279559,0.9578315573467094,0.9999999999999993,2.5988100560425664e-12
26.77615685,0.182177676,5.930603902,1345.949346,0.098724469,0.705875827,-10.13878575,-0.472744165,0.001412012,2.69840327346922e-12,0.660948329597162,0.0479525486422632,0.239551827380417,0.008396492258175,0.0071384761477968,0.012800886669962,0.0232114374351344,1.86639068277238e-09,,14.096462125593225,0.9106771074644537,0.005391367718700577,0.9561861306809164,0.9999999999999996,2.698841150561293e-12
25.77354383,0.18144295,5.635930338,1343.447633,0.098744958,0.706450458,-10.1383275,-0.472285917,0.001422961,2.80692655511762e-12,0.652708744976395,0.0473303026834184,0.246970203293501,0.0086534636472746,0.0073235987407125,0.0132206242959602,0.0237930605484743,1.81145677875595e-09,,13.55065995690238,0.9070043295305704,0.005123487150927658,0.9544088696861744,0.9999999999999998,2.807309940067171e-12
24.75854675,0.180634437,5.339366826,1340.710429,0.098766859,0.707080966,-10.13783768,-0.471796095,0.001434973,2.92592256482607e-12,0.643880166293736,0.0466643080475687,0.254927262205714,0.0089288160844418,0.0075198904527758,0.0136740935734684,0.0244054615861826,1.7531864317092902e-09,,12.999870240224121,0.9029627021679105,0.004853888477409423,0.9524643117357414,0.9999999999999997,2.926214826004525e-12
23.75835547,0.179765901,5.049033569,1337.787213,0.098789623,0.707756176,-10.1373286,-0.471287018,0.001447838,3.0533197355247997e-12,0.634662968922525,0.0459698589592278,0.263243804104346,0.0092163126687702,0.0077225649372956,0.0141518981578002,0.0250325905539603,1.6930206928708302e-09,,12.459044144687079,0.898621029414281,0.004589953577132719,0.9503876075830248,0.9999999999999992,3.054112518441343e-12
22.75473876,0.178813276,4.75981355,1334.60066,0.09881365,0.70849419,-10.1367913,-0.470749718,0.001461909,3.19261111224143e-12,0.624856909573551,0.0452320965551653,0.272101817610025,0.0095222174916847,0.0079357200633413,0.014665477564105,0.0256857595091479,1.6297868280463902e-09,,11.91848273919037,0.8938590091791654,0.004327030694437296,0.9481238241855776,0.9999999999999996,3.1930014188219502e-12
21.73885317,0.177754969,4.469453479,1331.082791,0.098839204,0.709311103,-10.13621994,-0.47017835,0.001477497,3.3469224086808997e-12,0.614317443988355,0.0444404183354282,0.281633972309428,0.0098510658597044,0.0081620068170764,0.0152239380915116,0.0263711530324126,1.56273701365367e-09,,11.373757702887394,0.8885687015040946,0.004063071418205564,0.9456246680640275,1.0,3.346878330034997e-12
20.73175154,0.176599218,4.184262811,1327.266611,0.098865714,0.710199645,-10.13562729,-0.469585705,0.001494477,3.51504705082482e-12,0.603211484633739,0.0436077176006748,0.291691155852478,0.0101976871059412,0.0083974225732227,0.0158202596137941,0.0270742711234935,1.4931414688056101e-09,,10.836420956846215,0.8827912868354105,0.0038038115204721583,0.9429135865519139,0.9999999999999998,3.5151881405681706e-12
19.73019327,0.175329198,3.903588402,1323.101253,0.098893177,0.711171959,-10.13501343,-0.468971842,0.00151309,3.69948583224353e-12,0.591466686610041,0.0427289152108143,0.302340811734874,0.0105643898925019,0.0086430641514751,0.0164603684932075,0.0277957624826297,1.42075703027654e-09,,10.3050425946941,0.8764426596851662,0.0035486572439173453,0.9399544428361735,1.0,3.699485162655947e-12
18.72163372,0.173910431,3.624293785,1318.480204,0.098921791,0.712253309,-10.13437395,-0.468332367,0.001533837,3.90535735153904e-12,0.578880600887181,0.0417893504628236,0.313768771130519,0.0109575719863328,0.0089026617308406,0.0171581374070292,0.0285429050467502,1.34461766537717e-09,,9.773350179112049,0.8693504700377036,0.003294757302700087,0.9366715682048744,0.9999999999999993,3.905986645236226e-12
17.7195972,0.172340259,3.350554808,1313.40195,0.098950935,0.713444443,-10.13372282,-0.467681229,0.001556753,4.13326789629185e-12,0.56556592448132,0.0407980154851902,0.325875090728526,0.0113738222990793,0.0091733646032672,0.0179108928412549,0.0293028882914961,1.2657330891545102e-09,,9.24892039574158,0.8615014309755208,0.0030459078586409045,0.9330638870857405,1.0000000000000002,4.13302725377207e-12
16.7062524,0.170563395,3.078031781,1307.695909,0.098980743,0.714785766,-10.133057,-0.467015409,0.00158264,4.39164218581276e-12,0.551222161956843,0.0397332747148156,0.338935568077507,0.0118226985143284,0.0094607190021828,0.0187403915613464,0.0300851849858569,1.18272863607456e-09,,8.72297387222212,0.8526191716152811,0.00279816380514327,0.9290102150203605,1.0000000000000004,4.391265129299882e-12
15.69383652,0.168566868,2.810668682,1301.329634,0.099010266,0.716285263,-10.13239776,-0.466356175,0.001611687,4.68304974693484e-12,0.535951246468108,0.0386036301068076,0.352860027426525,0.0123012534630141,0.0097621083469801,0.0196470992564867,0.0308746338307036,1.09669252837481e-09,,8.20254246629149,0.8426388519995304,0.0025551105166519853,0.9244875010882266,1.0000000000000007,4.68247662865906e-12
14.68558095,0.16632107,2.549955117,1294.217225,0.099038523,0.717963324,-10.13176704,-0.465725453,0.001644329,5.0129084628207496e-12,0.519753998431506,0.037410206107468,0.367649587956168,0.0128098008577415,0.0100771139442902,0.0206387296932369,0.0316605619964101,1.00816564713055e-09,,7.689953625311116,0.8314124664648423,0.002318102157740285,0.919434720415803,0.9999999999999993,5.013545134602282e-12
13.67514033,0.163767336,2.295006166,1286.181021,0.099064383,0.719861783,-10.13119013,-0.465148541,0.001681431,5.3916104691734e-12,0.502481890885931,0.0361433987158513,0.383441057291043,0.0133535085227163,0.0104083541428175,0.0217347501374165,0.0324370393818529,9.169798816288219e-10,,7.182772108865142,0.8186467580453672,0.002086334269165828,0.9137256594983482,1.0,5.391576074487148e-12
12.67457199,0.160886033,2.049654575,1277.16488,0.099085677,0.721993369,-10.13071545,-0.464673866,0.001723303,5.82482985573068e-12,0.484313460446895,0.0348178935138121,0.400070828415223,0.0139274793616078,0.010752435982522,0.0229370582434243,0.0331808432058983,8.247920764656758e-10,,6.687874343451599,0.8042435845096116,0.0018632911070684335,0.9073204340698545,0.9999999999999994,5.825451232510659e-12
11.67420141,0.157590648,1.812381975,1266.899149,0.099099952,0.724420578,-10.13039781,-0.464356223,0.001771243,6.32992488061917e-12,0.465063769104426,0.0334221473517906,0.417705418028579,0.0145386180751435,0.0111133203634858,0.0242752801709057,0.0338814461678671,7.314720156577748e-10,,6.201356516703066,0.7877704811872169,0.0016475923591313547,0.9000274778879054,0.9999999999999997,6.3302696418077176e-12
10.67295788,0.153800356,1.584002022,1255.125291,0.099103272,0.727202125,-10.13032512,-0.464283536,0.001826502,6.92636303276907e-12,0.444704751344091,0.0319567039200151,0.436364255282211,0.015189452862261,0.0114925650928543,0.0257757392091205,0.0345165316446484,6.378717559045298e-10,,5.7237792000259144,0.7688234168114167,0.0014399777002283504,0.891663121712345,0.9999999999999994,6.926903495241277e-12
9.666427684,0.149400296,1.364748239,1241.464138,0.099089767,0.730423214,-10.13062865,-0.464587061,0.001890877,7.64385805409959e-12,0.423154368363979,0.0304190418855341,0.4561101261711,0.0158851436057059,0.011893682948185,0.0274785674404142,0.0350590690326597,5.447781747640008e-10,,5.254253094058887,0.7468282195871968,0.0012406594204372244,0.8819579979151304,1.0,7.64377450224174e-12
8.66608492,0.144329004,1.158311286,1225.674099,0.099051201,0.734133219,-10.13149277,-0.465451186,0.001965469,8.51104881492053e-12,0.400705595948048,0.0288342638737727,0.476652834322358,0.016620034651656,0.0123145541407648,0.0294057722714901,0.0354669443287244,4.546757184627699e-10,,4.7992301927254974,0.7214776407947239,0.0010529926089720757,0.8707404759930901,1.0000000000000007,8.510303572961675e-12
7.66418449,0.138415372,0.964224666,1207.126556,0.098975235,0.738468611,-10.13319436,-0.467152769,0.002053124,9.58804693021023e-12,0.377264796041572,0.0272010227127192,0.498041423782643,0.0174029306699536,0.0127623226809271,0.0316275350017467,0.0356999687323927,3.6845710178692896e-10,,4.356020006651631,0.6919163388689641,0.000876553184759842,0.857563974642936,0.9999999999999994,9.58866319678009e-12
6.658369845,0.13146823,0.783309669,1185.036471,0.098842687,0.743592354,-10.13616528,-0.470123693,0.00215722,1.09635014485451e-11,0.352866905761929,0.0255293674835474,0.52018404206356,0.0182421538191602,0.0132443047395409,0.034231346816534,0.035701879017072,2.8769295535372197e-10,,3.9243836451158853,0.6571886855109048,0.0007120877625579511,0.8418707890372998,0.9999999999999998,1.0963674412778346e-11
5.655159684,0.123313603,0.617816508,1158.520558,0.09862572,0.749678261,-10.14103601,-0.474994427,0.002281271,1.27671322399069e-11,0.327771403035516,0.0238473567256323,0.542748438621452,0.0191438621930132,0.013767098484343,0.0373195634769458,0.035402277235688,2.1464289375206998e-10,,3.507207826160744,0.6164250074803895,0.0005616419562581533,0.8230334172385088,1.0000000000000002,1.2766898649374525e-11
4.651860688,0.113642787,0.468111336,1125.976243,0.098277995,0.757045454,-10.14886357,-0.482821988,0.002431531,1.52466959640937e-11,0.3019881863619,0.0221706085286292,0.565568203822245,0.0201328977371807,0.0143469887259224,0.041085412721504,0.0347077019367199,1.50652270447509e-10,,3.102381246285488,0.568082142783285,0.0004255486266444303,0.7999133624400195,1.0000000000000004,1.5246359730269887e-11
3.649743277,0.102045891,0.335009861,1084.887578,0.09771974,0.766183776,-10.16148752,-0.495445935,0.00261719,1.8880254072418798e-11,0.275533053518692,0.0205247567533584,0.588357416496848,0.0212545042323332,0.0150067639609633,0.0458425466960735,0.0334809582257912,9.7059871876896e-11,,2.707754204305919,0.5101111117726242,0.0003045493140138172,0.770723250852273,0.9999999999999999,1.888034173447295e-11
2.648285395,0.087821064,0.218860087,1030.422676,0.096793508,0.778038177,-10.18259148,-0.516549897,0.002855177,2.4790940081002097e-11,0.248136738222329,0.0189387816272613,0.61082985128358,0.0226130123122846,0.0157843894016697,0.0522154839434028,0.0314817431300076,5.4673469587275393e-11,,2.317036301143626,0.43900347338919105,0.0001989603803359518,0.7320304248138587,0.9999999999999996,2.4791391162182208e-11
1.648007702,0.069573324,0.120121126,951.4216326,0.095116285,0.794811204,-10.22132443,-0.555282841,0.003182737,3.64466047661316e-11,0.21890726019583,0.0174699743511396,0.632503030058178,0.0244874529088598,0.0167390713097724,0.0617125023419739,0.0281807087738584,2.3940535742668e-11,,1.9159815258080308,0.34778593540191644,0.00010919919316007029,0.6759066916043617,0.9999999999999991,3.6447511675419264e-11
0.999612766,0.053956742,0.065753921,871.8805183,0.093077177,0.811374478,-10.26934417,-0.603302588,0.0034917,5.3805177332346004e-11,0.197588486574626,0.0166650503402947,0.64549712967377,0.0264140321639617,0.0174786125565823,0.0717114383531,0.02464525027353,1.0330346467201699e-11,,1.6316133669567237,0.2697211360450432,5.9775289821300906e-05,0.6193992825115937,1.0000000000000002,5.3804960487013886e-11
