P_bars,H2OT_m_wtpc,CO2T_m_ppmw,ST_m_ppmw,Fe3Fet_m,S6St_m,logfO2,dFMQ,vapor_wt,O2_v_mf,CO2_v_mf,CO_v_mf,H2O_v_mf,H2_v_mf,S2_v_mf,SO2_v_mf,H2S_v_mf,CH4_v_mf,OCS_v_mf,CS_v_mf,H2OT_m_wtpc_norm,CO2T_m_ppmw_norm,ST_m_ppmw_norm,SUM_v_mf,XO2_BYDIFF_v_mf
1054.66574984,0.3,800.0,1500.0,0.17715043194822402,0.655451625431226,-7.776340721789075,0.4457897588256605,1e-08,1.2988374901719027e-11,0.9488707850028724,0.02440553377852,0.0136096991328248,0.0001213608238529,0.0006359155284495,0.012012385012567,0.0003443206775184,3.0406182606989096e-11,0.0,71.41458667799802,1.0,1.0,1.0,0.9999999999999997,1.2988721209694631e-11
1054.0,0.2999997368261323,799.558406531027,1499.995465903303,0.17715473273745447,0.6555049277696259,-7.77634164794597,0.4458385441593817,4.612166594204256e-07,1.2996551178724776e-11,0.948856459899992,0.0244051913508533,0.0136182746134188,0.0001214374228757,0.0006361151328025,0.0120180382444061,0.0003444832922489,3.0405759625170876e-11,0.0,71.38095840658647,0.9999991227537743,0.9994480081637838,0.9999969772688687,0.9999999999999997,1.2996936860076858e-11
1044.0,0.2999944502824483,791.053110844849,1499.9073501754858,0.177153716549737,0.6554923339719413,-7.777353038473601,0.4455738528816564,9.150412201747999e-06,1.3115576772359131e-11,0.9485960471000746,0.0244190578584999,0.013750526289363,0.0001228960570528,0.0006418059574305,0.0121209501995331,0.0003487164943971,3.053315958668966e-11,0.0,70.74786548475423,0.9999815009414944,0.9888163885560612,0.9999382334503238,0.9999999999999997,1.3115952768316674e-11
1034.0,0.2999892972619508,782.687243684934,1499.819125464506,0.17715252708219043,0.6554775923366031,-7.778367178848992,0.4453064117561727,1.77009308357e-05,1.3235239106518192e-11,0.9483326494229084,0.0244333959149117,0.0138851654839224,0.0001243742512512,0.0006475397621093,0.0122238995363853,0.0003529755846144,3.066164272929297e-11,0.0,70.12465584320496,0.9999643242065026,0.9783590546061675,0.9998794169763373,0.9999999999999996,1.3235634810371266e-11
1024.0,0.2999840528403374,774.3438455783449,1499.729548999486,0.1771512446297448,0.6554616978730549,-7.77938284857322,0.4450374412818521,2.6232510780074997e-05,1.3357191454131163e-11,0.9480645561584758,0.0244476369863229,0.0140223870708889,0.000125882176083,0.0006533861718226,0.0123288313332435,0.0003573200590151,3.0790640316601685e-11,0.0,69.5002853964154,0.9999468428011248,0.9679298069729312,0.9998196993329906,0.9999999999999997,1.3357537298475108e-11
1014.0,0.2999787142186793,766.022787482344,1499.638578105913,0.1771498665447387,0.6554446176699936,-7.780400087916964,0.4447669011880135,3.4745387064016e-05,1.348150023771858e-11,0.9477916298804626,0.0244617779515437,0.014162267127684,0.0001274207178319,0.0006593485294021,0.012435803299467,0.0003617524492067,3.0920153570136343e-11,0.0,68.87475175762565,0.9999290473955976,0.95752848435293,0.9997590520706087,0.9999999999999997,1.3481882277233126e-11
1004.0,0.2999732784812812,757.723939003496,1499.546168375334,0.17714839007186514,0.6554263174708305,-7.781418938790013,0.4444947495648712,4.3239800388398e-05,1.3608234473569743e-11,0.9475137277231656,0.0244758155744181,0.0143048847539827,0.000128990798293,0.0006654303114585,0.0125448754061605,0.0003662753878629,3.105018369195921e-11,0.0,68.24805253087246,0.9999109282709373,0.9471549237543699,0.999697445583556,0.9999999999999997,1.3608558724342856e-11
994.0,0.2999677424686546,749.446974541224,1499.4522691831498,0.17714681267365284,0.6554067657071645,-7.78243943979385,0.4442209478109413,5.1716193359863004e-05,1.3737889125224589e-11,0.9472304142824194,0.0244900034427058,0.0144503222130141,0.0001305933757208,0.0006716650029262,0.0126561100302337,0.000370891608061,3.1180783958286325e-11,0.0,67.61990201889867,0.9998924748955154,0.93680871817653,0.9996348461220999,0.9999999999999998,1.3738121751316612e-11
984.0,0.2999621030388381,741.1918033967039,1499.3568323873549,0.17714513146988647,0.6553859265498188,-7.783461634743157,0.4439454521115422,6.0174774449295e-05,1.3870426956893892e-11,0.9469415893253588,0.0245042918514577,0.0145986651146408,0.0001322294481733,0.0006780482243457,0.0127695720322253,0.0003756039586156,3.1312003946138806e-11,0.0,66.99038896475349,0.9998736767961269,0.9264897542458799,0.9995712215915699,0.9999999999999996,1.387090442506178e-11
974.0,0.2999563569714508,732.958415216702,1499.2598103134799,0.17714334321153996,0.6553637595842168,-7.784485573062438,0.4436682130421667,6.8615676637979e-05,1.4005651841062996e-11,0.9466472725366896,0.0245185160037157,0.0147500025789005,0.0001339000555511,0.0006845645090041,0.0128853288610041,0.0003804154096851,3.1443827891779446e-11,0.0,66.35969915242698,0.9998545232381694,0.9161980190208774,0.9995065402089865,0.9999999999999998,1.40059075448562e-11
964.0,0.2999505008262105,724.746674493982,1499.161150578633,0.17714144468675064,0.6553402248413333,-7.785511303615098,0.4433891817394135,7.7039165033794e-05,1.4143645865689885e-11,0.9463472960087926,0.0245326724493413,0.0149044274057502,0.0001356062807018,0.0006912180272638,0.0130034507306133,0.0003853290518167,3.157625854393843e-11,0.0,65.72783034288669,0.999835002754035,0.9059333431174775,0.9994407670524219,0.9999999999999996,1.4144130311422032e-11
954.0,0.2999445310136588,716.55644408571,1499.0607985581219,0.17713943254441705,0.6553152806099831,-7.78653887738524,0.4431083072191786,8.5445511962866e-05,1.4284494494412529e-11,0.9460414848493086,0.0245467575987325,0.0150620362741798,0.0001373492521491,0.0006980131257106,0.0131240107484546,0.0003903481054708,3.170929866886533e-11,0.0,65.0947802905315,0.9998151033788627,0.8956955551071375,0.9993738657054145,0.9999999999999998,1.4284684546339577e-11
944.0,0.2999384437870326,708.3875851489529,1498.958697263833,0.1771373032866639,0.6552888833420533,-7.787568347592547,0.4428255362617772,9.383499733631199e-05,1.4428286741754798e-11,0.9457296568142752,0.0245607677156318,0.015222929946962,0.000139130146527,0.0007049543365592,0.0132470850658431,0.0003954759279302,3.184295105112825e-11,0.0,64.46054674309885,0.999794812623442,0.8854844814361911,0.9993057981758887,0.9999999999999997,1.4428569450330997e-11
934.0,0.2999322352335418,700.2399570732281,1498.854787215268,0.1771350532608602,0.6552609875520858,-7.788599769813987,0.4425408132902442,0.00010220790903978501,1.457511535937491e-11,0.9454116219179156,0.0245746989094603,0.0153872134885028,0.0001409501911704,0.0007120463876685,0.0133727530380737,0.000400716020656,3.1977218494361565e-11,0.0,63.825127441498,0.9997741174451393,0.8752999463415351,0.9992365248101787,0.9999999999999997,1.4575451956488905e-11
924.0,0.2999259012651306,692.113417409895,1498.74900630172,0.17713267865108728,0.655231545709889,-7.789633202113934,0.4422540802402048,0.000110564543347506,1.4725077034141158e-11,0.9450871820173042,0.0245885471271721,0.0155549964967907,0.0001428106668766,0.0007192942132116,0.0135010973946841,0.0004060720371232,3.2112103822158274e-11,0.0,63.18852011968345,0.999753004217102,0.8651417717623687,0.9991660042011468,0.9999999999999997,1.4725443087115764e-11
914.0,0.2999194376085707,684.007821798252,1498.6412896353852,0.17713017546904694,0.6552005081260805,-7.790668705182814,0.4419652764212305,0.000118905205362652,1.4878272598938646e-11,0.9447561303700216,0.0246023081445771,0.0157263933505111,0.0001447129108473,0.000726702965052,0.0136322044206913,0.0004115477911734,3.224760987899833e-11,0.0,62.550722504513516,0.9997314586952357,0.855009777247815,0.9990941930902568,0.9999999999999997,1.4878653864514035e-11
904.0,0.2999128397948861,675.923023888097,1498.5315693942941,0.17712753954434338,0.6551678228296979,-7.791706342485318,0.4416743383686334,0.000127230209486109,1.5034807257158156e-11,0.944418251162714,0.0246159775571017,0.0159015234725008,0.0001466583198287,0.0007342780248807,0.0137661641496292,0.0004171472659259,3.238373953129119e-11,0.0,61.91173231561761,0.9997094659829536,0.8449037798601212,0.9990210462628628,0.9999999999999997,1.5035195310986182e-11
894.0,0.2999061031480706,667.8588752585821,1498.419774654776,0.1771247665141152,0.6551334354375747,-7.792746180418554,0.4413811996853045,0.000135539879915773,1.5194790821927868e-11,0.9440733190083088,0.0246295507699335,0.0160805116108164,0.0001486483534627,0.0007420250171749,0.0139030705692989,0.0004228746232893,3.2520495668491624e-11,0.0,61.27154726525343,0.9996870104935687,0.8348235940732276,0.9989465164365172,0.9999999999999998,1.5195067426532205e-11
884.0,0.2998992227729647,659.815225333126,1498.3058312120731,0.1771218518119429,0.6550972890145399,-7.793788288481238,0.4410857908725258,0.000143834551178799,1.5358337971218486e-11,0.9437210984094248,0.0246430229875097,0.0162634881388018,0.0001506845378676,0.0007499498230422,0.0140430218412147,0.0004287342141226,3.265788120431096e-11,0.0,60.630165058178314,0.9996640759098824,0.8247690316664076,0.9988705541413821,0.9999999999999998,1.535860327805949e-11
874.0,0.2998921935423416,651.791921290138,1498.189661388559,0.17711879065598127,0.6550593239237958,-7.794832739454749,0.4407880391489218,0.00015211456869942098,1.5525568520065697e-11,0.9433613431852944,0.024656389202295,0.0164505893756778,0.0001527684694662,0.0007580585950243,0.0141861205348219,0.0004347305890986,3.2795899078067345e-11,0.0,59.98758339151058,0.9996406451411387,0.8147399016126725,0.9987931075923726,0.9999999999999997,1.5525913887870502e-11
864.0,0.2998850100829514,643.7888079693189,1498.071183827957,0.17711557803617964,0.6550194776657419,-7.795879609598088,0.4404878682554907,0.00016038028940514599,1.5696607711226526e-11,0.9429937958592656,0.0246696441828229,0.0166419579292953,0.0001549018190811,0.0007663577729383,0.0143324738776386,0.0004408685103268,3.2934552256280284e-11,0.0,59.34379995466041,0.9996167002765046,0.8047360099616486,0.9987141225519713,0.9999999999999997,1.5696888233662776e-11
854.0,0.2998776667609019,635.8057277732789,1497.950313276766,0.1771122087010429,0.6549776847108569,-7.796928978849902,0.440185198253582,0.00016863208237453397,1.5871586526032977e-11,0.9426181870037488,0.0246827824607145,0.0168377430629032,0.0001570863363196,0.000774854100829,0.0144821940227474,0.0004471529637919,3.3073843733495517e-11,0.0,58.69881242890318,0.9995922225363396,0.7947571597165987,0.9986335421845107,1.0,1.5871637337738775e-11
844.0,0.2998701576688166,627.842520564557,1497.8269604271661,0.17710867715132697,0.6549338764183237,-7.797980930925135,0.439879945428256,0.000176870329530948,1.605064202127616e-11,0.9422342345397524,0.0246957983133933,0.0170381010881691,0.0001593238542521,0.0007835546449896,0.0146353983375945,0.0004535891725844,3.321377651595948e-11,0.0,58.05261847884921,0.9995671922293886,0.7848031507056963,0.9985513069514441,0.9999999999999998,1.6050827333913276e-11
834.0,0.299862476590368,619.899023554506,1497.701031246548,0.17710497757869822,0.6548879802715818,-7.799035554248522,0.4395720213547767,0.00018509542637809998,1.6233917659072084e-11,0.9418416429815158,0.0247086857690258,0.0172431957841909,0.0001616162945627,0.0007924668143423,0.0147922096950032,0.0004601826117706,3.3354353722479476e-11,0.0,57.4052157978601,0.9995415886345601,0.7748737794431325,0.9984673541643653,0.9999999999999996,1.6234347199883814e-11
824.0,0.2998546170215123,611.975071194035,1497.572427569819,0.17710110394541861,0.6548399208630327,-7.800092940744059,0.4392613341091449,0.000193307782806381,1.6421563741952146e-11,0.9414401026402094,0.0247214385492894,0.0174531988528123,0.0001639656727252,0.0008015983794797,0.0149527568330354,0.0004669390225312,3.349557837772705e-11,0.0,56.75660201243048,0.9995153900717076,0.7649688389925438,0.9983816183798793,0.9999999999999998,1.642175284644054e-11
814.0,0.2998465721067245,604.070495047679,1497.441045895295,0.17709704986226735,0.6547896183753866,-7.8011531876921145,0.4389477864109965,0.0002015078239312,1.6613737762532525e-11,0.9410292887501384,0.0247340500971787,0.0176682903987108,0.0001663741040638,0.0008109574972047,0.0151171746724982,0.0004738644299539,3.36374536390327e-11,0.0,56.106774784059034,0.9994885736890817,0.7550881188095987,0.9982940305968634,0.9999999999999996,1.661415449660808e-11
804.0,0.2998383346430555,596.1851236701,1497.306777578779,0.17709280862915425,0.6547369890808628,-7.802216397113142,0.4386312762398763,0.00020969599101411,1.6810604875285515e-11,0.9406088605467078,0.0247465135330501,0.0178886594524146,0.0001688438098556,0.0008205527334995,0.015285604713885,0.0004809651599965,3.3779982669077745e-11,0.0,55.4557317510673,0.9994611154768517,0.7452314045876249,0.9982045183858527,0.9999999999999996,1.681099703887412e-11
794.0,0.2998298970529928,588.318782471118,1497.1695083168759,0.17708837319339557,0.6546819448184334,-7.80328267640335,0.4383116961995759,0.000217872742441744,1.7012338354857707e-11,0.9401784602668052,0.0247588216440537,0.0181145045295359,0.0001713771241092,0.0008303930899657,0.0154581954357539,0.0004882478588407,3.392316868548354e-11,0.0,54.8034705483248,0.9994329901766427,0.7353984780888975,0.9981130055445839,0.9999999999999999,1.7012502517843586e-11
784.0,0.2998212513522453,580.4712935759089,1497.02911791015,0.1770837361391879,0.6546243928576525,-7.80435213849616,0.4379889333566709,0.00022603855478214302,1.7219120108379513e-11,0.9397377120781402,0.0247709668580033,0.018346034232259,0.000173976500763,0.0008404880316298,0.0156351027346705,0.0004957195132478,3.406701493240966e-11,0.0,54.14998879506329,0.999404171174151,0.7255891169698861,0.9980194119401,0.9999999999999997,1.7219448089633715e-11
774.0,0.2998123891313278,572.642475675427,1496.8854797616702,0.17707888965453641,0.654564235482122,-7.805424902366641,0.4376628687360968,0.000234193923919428,1.7431141213773198e-11,0.939286220922648,0.0247829412245404,0.0185834678989569,0.0001766445215253,0.0008508475173095,0.0158164903905316,0.0005033874728454,3.421152470756766e-11,0.0,53.49528410411972,0.9993746304377593,0.7158030945942838,0.9979236531744469,0.9999999999999998,1.7431389665034658e-11
764.0,0.2998033015234547,564.832143869403,1496.738460436062,0.17707382550240605,0.6545013696246716,-7.8065010934718595,0.4373333768807859,0.000242339366276315,1.7648602503046635e-11,0.9388235712718412,0.0247947363919243,0.0188270363033188,0.0001793839043047,0.0008614820322943,0.0160025305702494,0.0005112594740617,3.435670137073484e-11,0.0,52.839354083732914,0.9993443384115157,0.7060401798367537,0.9978256402907081,0.9999999999999998,1.7648771333256263e-11
754.0,0.2997939791766466,557.0401094998019,1496.587919073345,0.17706853498025482,0.6544356863575767,-7.8075808443681325,0.4370003252344183,0.000250475420130841,1.7871715184823902e-11,0.9383493257828732,0.0248063435860042,0.0190769824095823,0.000182197512353,0.0008724026238273,0.0161934043668464,0.0005193436661392,3.4502548378286116e-11,0.0,52.1821963485061,0.9993132639221552,0.6963001368747525,0.9977252793822299,0.9999999999999998,1.787192616120592e-11
744.0,0.299784412199479,549.266179980576,1496.433707781806,0.1770630089763829,0.6543670715840517,-7.80866429385624,0.436663574996218,0.000258602647054989,1.8100701578569765e-11,0.9378630238591512,0.024817753544343,0.0193335621856909,0.0001850883638055,0.0008836209374466,0.0163893024191429,0.0005276486376698,3.464906906909309e-11,0.0,51.523808438336914,0.9992813739982633,0.68658272497572,0.9976224718545375,0.9999999999999999,1.8100854148883627e-11
734.0,0.2997745901633667,541.51015860198,1496.275669340163,0.17705723776537388,0.654295403489446,-7.8097515900943195,0.4363229780080457,0.000266721633424138,1.8335795741226305e-11,0.937364180063674,0.0248289565594597,0.0195970454894096,0.0001880596429184,0.0008951492616851,0.0165904254802093,0.0005361834495115,3.4796267097877576e-11,0.0,50.86418797807824,0.9992486338778891,0.6768876982524751,0.9975171128934419,0.9999999999999994,1.8336332452406623e-11
724.0,0.299764502025823,533.771844343728,1496.1136382896289,0.17705121113574895,0.6542205541161298,-7.81084288865929,0.4359783786929805,0.000274832992109376,1.857724436241549e-11,0.9368522824431,0.024839942375108,0.0198677170186877,0.0001911147110481,0.0009070005694626,0.0167969851641287,0.0005449576649432,3.494414603059332e-11,0.0,50.20333252487084,0.9992150067527433,0.66721480542966,0.9974090921930859,0.9999999999999998,1.8577472893355207e-11
714.0,0.2997541361031887,526.051031662269,1495.94743950563,0.17704491827326807,0.6541423879034196,-7.8119383543242815,0.4356296122778964,0.000282937364266957,1.8825307573531836e-11,0.9363267906831286,0.0248507001838475,0.0201458773477202,0.0001942571194327,0.0009191885681414,0.017009204657415,0.0005539813863962,3.5092709543415526e-11,0.0,49.5412396403315,0.9991804536772957,0.6575637895778362,0.9972982930037533,0.9999999999999996,1.8825718761661392e-11
704.0,0.2997434800216458,518.347510270661,1495.77688761319,0.177038347729161,0.6540607612806545,-7.813038161544912,0.4352765043071729,0.000291035421294704,1.9080259882883463e-11,0.9357871341195354,0.0248612185835129,0.0204318440487162,0.0001974906227507,0.0009317277519696,0.0172273195253406,0.0005632652938521,3.5241961402285216e-11,0.0,48.87790688043168,0.999144933405486,0.6479343878383262,0.9971845917421266,0.9999999999999997,1.9080625968115328e-11
694.0,0.2997325206629789,510.661064904676,1495.601786315182,0.17703148738163266,0.65397552217542,-7.814142495048207,0.4349188700537834,0.000299127866955623,1.9342391187271e-11,0.9352327095789136,0.0248714855316413,0.0207259529100171,0.0002008191938687,0.0009446334591745,0.0174515785850158,0.0005728206866343,3.539190544933792e-11,0.0,48.21333178860473,0.9991084022099297,0.638326331130845,0.9970678575434546,0.9999999999999997,1.9342749624229327e-11
684.0,0.2997212441102448,502.991475073575,1495.421927494154,0.1770243243779946,0.6538865092795053,-7.815251550716566,0.4345565136353322,0.000307215439682952,1.9612007859170588e-11,0.93466287903067,0.0248814883028352,0.0210285592610592,0.0002042470399554,0.0009579219344485,0.017682244846708,0.0005826595291689,3.55425456292866e-11,0.0,47.54751190246556,0.9990708137008161,0.6287393438419687,0.9969479516627694,0.9999999999999998,1.9612200752305853e-11
674.0,0.2997096355869976,495.33851479541596,1495.237090260044,0.1770168450740957,0.6537935512794335,-7.81636553651327,0.4341892270885354,0.000315298915088945,1.9889433929056872e-11,0.9340769670331872,0.0248912134413027,0.0213400394144862,0.0002077786200326,0.0009716103970121,0.0179195965375754,0.0005927945008201,3.569388601188289e-11,0.0,46.88044475845664,0.9990321186233253,0.61917314349427,0.9968247268400293,0.9999999999999996,1.9889867530764604e-11
664.0,0.2996976793854662,487.701952316556,1495.047040231876,0.17700903499936416,0.6536964664033189,-7.817484673018983,0.4338167898327274,0.000323379108706712,2.0175012392925068e-11,0.9334742579546744,0.0249006466956458,0.0216607922371766,0.0002114186640075,0.0009857171141944,0.0181639282285626,0.0006032390497175,3.584593073645964e-11,0.0,46.2121278707237,0.9989922646182208,0.609627440395695,0.9966980268212507,0.9999999999999998,2.017519484809327e-11
654.0,0.2996853587943628,480.081549810692,1494.8515278579591,0.17700087873468123,0.6535950608819421,-7.818609195294668,0.4334389668069498,0.00033145687895988295,2.0469106577485054e-11,0.9328539929374344,0.0249097729841554,0.0219912408653621,0.0002151721937798,0.001000261483671,0.0184155520261077,0.0006140074530216,3.599868416379014e-11,0.0,45.54255877956839,0.9989511959812094,0.600101937263365,0.9965676852386394,0.9999999999999998,2.0469292927316474e-11
644.0,0.2996726560282833,472.477063060837,1494.65028851793,0.1769923599545441,0.6534891294496579,-7.81973935224625,0.4330555091052748,0.000339533130458686,2.0772101752564848e-11,0.932215366589206,0.0249185762804595,0.0223318345797541,0.0002190445456928,0.0010152641196321,0.0186747989484644,0.0006251148798666,3.6152150604756767e-11,0.0,44.87173495386096,0.998908853427611,0.5905963288260463,0.99643352567862,0.9999999999999997,2.077238381303914e-11
634.0,0.2996595521224493,464.888241116915,1494.443039254768,0.17698346117182082,0.6533784521446415,-7.820875410513862,0.4326661500875683,0.000347608817515715,2.1084406676482616e-11,0.9315575233585958,0.0249270396196467,0.0226830508535331,0.0002230413962228,0.0010307469537169,0.0189420202954551,0.0006365774654386,3.6306334770089336e-11,0.0,44.199653942060806,0.9988651737414977,0.5811103013961438,0.9962953595031787,0.9999999999999994,2.1084911594471123e-11
624.0,0.2996460268354258,457.314825934979,1494.229479896738,0.17697416387847328,0.6532627960296087,-7.822017652338788,0.4322706075125495,0.000355684948127874,2.140645558788568e-11,0.930879553578072,0.0249351449218466,0.0230453975983446,0.0002271687885873,0.0010467333365324,0.0192175893338277,0.0006484123849214,3.6461241209248934e-11,0.0,43.5263131821848,0.9988200894514193,0.5716435324187238,0.9961529865978254,0.9999999999999996,2.1406876271612418e-11
614.0,0.2996320585410868,449.75655198555097,1494.009287141816,0.17696444806838138,0.6531419092232704,-7.823166382830874,0.4318685762703707,0.000363762588144125,2.1738709921445128e-11,0.930180489111719,0.0249428730739487,0.023419415628312,0.0002314331644337,0.0010632481632119,0.0195019028539454,0.0006606379460733,3.661687529806378e-11,0.0,42.85171031857532,0.9987735284702894,0.5621956899819387,0.9960061914278774,0.9999999999999996,2.1739166022882728e-11
604.0,0.2996176241747032,442.213145835887,1493.782121065427,0.17695429282517103,0.6530155281769041,-7.8243219210355655,0.4314597373155866,0.000371842866230582,2.2081661019629366e-11,0.9294592985796696,0.0249502035337719,0.0238056813763784,0.0002358413943793,0.0010803179870913,0.0197953833986905,0.0006732736711638,3.677324151277708e-11,0.0,42.1758426254378,0.9987254139156775,0.5527664322948588,0.9958547473769513,0.9999999999999996,2.208211391518944e-11
594.0,0.2996026989576422,434.68432571268795,1493.5476133277282,0.17694367539853517,0.6528833661404183,-7.825484613996485,0.4310437436045724,0.00037992697877058096,2.2435831928608827e-11,0.9287148821322844,0.0249571145810529,0.0242048098536506,0.0002404008176517,0.0010979711789433,0.0200984809621698,0.0006863404148807,3.693034545452446e-11,0.0,41.49870769092078,0.9986756631921406,0.54335540714086,0.9956984088851522,0.9999999999999996,2.2436275060044863e-11
584.0,0.2995872563930836,427.16980101596897,1493.305369337239,0.17693257139283938,0.6527451154596257,-7.826654833898993,0.4306202229519718,0.000388016195716932,2.280178027078089e-11,0.927946065653162,0.0249635830659742,0.0246174579518905,0.0002451192814701,0.0011162380777192,0.020411675435637,0.0006998604742567,3.708819312851431e-11,0.0,40.82030312910002,0.9986241879769453,0.5339622512699612,0.9955369128914926,0.9999999999999998,2.280198252435639e-11
574.0,0.2995712680140037,419.669271810809,1493.054970728688,0.17692095506721142,0.6526004512607804,-7.827832973517713,0.4301887825831594,0.000396111867087115,2.318010150781035e-11,0.9271515943989096,0.0249695840919008,0.0250443280548838,0.0002500051836807,0.0011351511528943,0.020735479351073,0.0007138577062305,3.7246789779781537e-11,0.0,40.14062625292538,0.9985708933800124,0.5245865897635112,0.995369980485792,0.9999999999999994,2.318067959805603e-11
564.0,0.2995547032679674,412.182428275304,1492.79596421937,0.17690879843030652,0.6524490201199025,-7.829019460005339,0.4297489953454381,0.000404215429692814,2.357143155457344e-11,0.9263301259583872,0.0249750912050523,0.0254861720544529,0.0002550675254932,0.0011547452140607,0.0210704402986331,0.0007283576829427,3.7406141887465566e-11,0.0,39.45967465770806,0.9985156775598913,0.51522803534413,0.9951973094795801,0.9999999999999997,2.3571811169631474e-11
554.0,0.2995375292780501,404.708950109026,1492.527864191982,0.17689607153788467,0.6522904436984507,-7.830214750383,0.4293004042176847,0.00041232841508744803,2.3976450690780297e-11,0.9254802224677388,0.0249800760362072,0.0259437957826126,0.000260315964316,0.0011750576128477,0.021417144236473,0.0007433878382618,3.756625595617112e-11,0.0,38.77744585410563,0.9984584309268337,0.5058861876362825,0.9950185761279879,0.9999999999999999,2.3976598484409806e-11
544.0,0.2995197106381138,397.248505894737,1492.250147867277,0.17688274215617686,0.6521243144728258,-7.831419336682755,0.4288425171678369,0.000420452458146321,2.4395887361238696e-11,0.924600341978124,0.024984508194523,0.0264180639379201,0.0002657608754007,0.0011961284830409,0.0217762188249657,0.0007589776439024,3.772713892894722e-11,0.0,38.09393738066299,0.9983990354603793,0.49656063236842124,0.9948334319115181,0.9999999999999999,2.439604074311319e-11
534.0,0.2995012091060124,389.800752410472,1491.962253863695,0.17686877572221,0.6519501951524713,-7.832633746574183,0.428374806526314,0.000428589306753522,2.483052266362109e-11,0.9236888288711212,0.0249883550030704,0.0269099055492898,0.0002714134188599,0.0012180009998607,0.0221483372967279,0.0007751587983505,3.7888797733230493e-11,0.0,37.40914667812829,0.9983373636867081,0.48725094051309,0.9946415025757966,0.9999999999999999,2.4830582034951476e-11
524.0,0.2994819834311913,382.365333886316,1491.663574314623,0.17685413477474338,0.6517676114859944,-7.833858552051036,0.4278967002993674,0.00043674083238559,2.5281194882017207e-11,0.9227439031945897,0.0249915814339121,0.0274203200870796,0.000277285617147,0.0012407216821887,0.0225342224722471,0.0007919654495033,3.805124023663952e-11,0.0,36.72307133339985,0.998273278103971,0.47795666735789505,0.9944423828764154,1.0,2.5281221560646827e-11
514.0,0.2994619889726979,374.94188120284196,1491.3534525358841,0.17683877885606106,0.6515760509192664,-7.835094370956589,0.427407580643723,0.000444909042163337,2.5748804978210218e-11,0.9217636487816594,0.0249941498007258,0.0279503842532503,0.0002833904389359,0.0012643407175305,0.0229346515122578,0.0008094344316767,3.821447481563574e-11,0.0,36.03570895152491,0.998206629908993,0.46867735150355244,0.9942356350239228,0.9999999999999996,2.5749291587828793e-11
504.0,0.2994411773391281,367.530011020096,1491.0311790333692,0.17682266429785262,0.651374959793012,-7.8363418702771535,0.4269067805730637,0.0004530960923221,2.6234322631727217e-11,0.9207459999722352,0.0249960194602912,0.0285012595836095,0.0002897418936134,0.0012889123281617,0.0233504611641961,0.0008276055332797,3.837851016862872e-11,0.0,35.34705710100046,0.9981372577970937,0.45941251377512005,0.9940207860222461,0.9999999999999997,2.623468109419491e-11
494.0,0.2994195465015375,360.13013209032897,1490.6968794485658,0.17680571390343391,0.651163364665043,-7.837602227739428,0.4263931223606967,0.000461302486985057,2.673876479922935e-11,0.9196911407471484,0.024997225268304,0.0290742095747803,0.0002963553813014,0.0013144982001147,0.023782555855089,0.0008440149079795,3.8543560370561815e-11,0.0,34.66038187332622,0.998065155005125,0.4501626651129112,0.9937979196323772,0.9999999999999997,2.673905541428212e-11
484.0,0.299397026989283,352.74154871926794,1490.349497545708,0.1767878836370363,0.6509407043950233,-7.838876116675653,0.4258659326743785,0.000469531255959605,2.7263264499305907e-11,0.9185959460835372,0.0249976974536821,0.0296705904218186,0.0003032472831792,0.001341161349305,0.0242319089931859,0.0008594483493189,3.8709582975213526e-11,0.0,33.974383019429865,0.9979900899642767,0.44092693589908494,0.9935663316971386,0.9999999999999999,2.7263413748812582e-11
474.0,0.2993735243225572,345.363287664692,1489.987553417992,0.17676913687736137,0.6507065090867264,-7.840164097887186,0.425324650712751,0.00047778628733046195,2.7809057813667613e-11,0.917456223841265,0.024997333418186,0.0302918683362057,0.0003104352784105,0.0013689689498183,0.0246995721869665,0.0008755979224622,3.887645707524533e-11,0.0,33.28682803020327,0.9979117477418574,0.43170410958086497,0.9933250356119947,0.9999999999999997,2.7809421432323234e-11
464.0,0.2993489710035747,337.994898291246,1489.610062968866,0.17674941263069038,0.6504600028363654,-7.841467103667768,0.424768344182076,0.00048607049821202395,2.8377463338853012e-11,0.9162691489083504,0.0249960778675921,0.0309396408343295,0.0003179387569702,0.001397996129478,0.0251866857692161,0.0008925116666416,3.9044195803439585e-11,0.0,32.597715781726905,0.9978299033452491,0.4224936228640575,0.9930733753125773,0.9999999999999996,2.8377855620931314e-11
454.0,0.2993232936725906,330.635910082089,1489.215952884469,0.17672864440753838,0.6502003390489528,-7.8427861505208565,0.424195996578895,0.000494387051724003,2.8969910587529352e-11,0.9150316518834104,0.0249938707354119,0.0316156451088991,0.0003257788400476,0.0014283247334482,0.025694486613043,0.0009102420175567,3.921281351185675e-11,0.0,31.907045201593174,0.9977443122419687,0.4132948876026113,0.9928106352563127,0.9999999999999998,2.8970159604568835e-11
444.0,0.2992964101139753,323.285831331246,1488.80404841847,0.1767067595393207,0.6499265915756828,-7.8441223496499815,0.4236064966996755,0.000502739384590265,2.958795181830177e-11,0.913740392587372,0.0249906466897413,0.0323217731921019,0.0003339785734756,0.0014600440904472,0.0262243184903749,0.0009288463075165,3.938232502420429e-11,0.0,31.21481537027913,0.9976547003799177,0.4041072891640575,0.99253603227898,0.9999999999999998,2.958822076237766e-11
434.0,0.2992682329610541,315.944147283821,1488.373063501716,0.1766836784255237,0.6496377449229296,-7.84547691852331,0.4229986270762538,0.0005111312394781631,3.023327543613209e-11,0.9123917285872264,0.0249863345229807,0.0330600905142473,0.0003425631617566,0.0014932518928357,0.0267776438744706,0.0009483873766962,3.9552747928711886e-11,0.0,30.521025438812526,0.997560776536847,0.39493018410477626,0.9922487090011439,0.9999999999999994,3.023381545119719e-11
424.0,0.2992386641626838,308.610318675855,1487.921585168919,0.17665931375188418,0.6493326840289473,-7.846851192898365,0.4223710519511066,0.000519566700907253,3.0907721268186207e-11,0.9109816812808512,0.0249808564741138,0.0338328552552497,0.0003515602165483,0.0015280551905884,0.0273560572957597,0.0009689342162566,3.9724100572987236e-11,0.0,29.825674731890448,0.9974622138756127,0.38576289834481875,0.991947723445946,0.9999999999999994,3.090827593865697e-11
414.0,0.2992075958386928,301.283779698682,1487.448060026741,0.17663356953320375,0.6490101817631897,-7.848246641539983,0.4217223025593952,0.000528050237319464,3.1613297871374796e-11,0.909505895747524,0.0249741274413696,0.0346425417997693,0.000361000055709,0.0015645715428761,0.0279613005905355,0.0009905627507065,3.9896403178799546e-11,0.0,29.12876269500331,0.9973586527956426,0.3766047246233525,0.9916320400178272,0.9999999999999999,3.161337858159641e-11
404.0,0.2991749094509489,293.963935901467,1486.950770583824,0.17660633983907617,0.6486688823514127,-7.8496648857964715,0.4210507575528126,0.000536586749097981,3.2352202065925437e-11,0.9079595952530428,0.0249660541683247,0.0354918673252493,0.0003709160453055,0.0016029303363737,0.0285952800672058,0.001013356732076,4.0069678809105325e-11,0.0,28.430289089651765,0.9972496981698297,0.3674549198768337,0.9913005137225492,0.9999999999999998,3.2352454049089374e-11
394.0,0.2991404727749164,286.650161918629,1486.427822727086,0.17657750781111228,0.6483072883304258,-7.8511077147676716,0.4203546278315198,0.00054518162439187,3.3126841803128945e-11,0.9063375291511124,0.0249565340984937,0.03638382196981,0.0003813449869695,0.0016432743104179,0.0292600866545968,0.0010374087552286,4.0243952155856655e-11,0.0,27.73025376097075,0.9971349092497214,0.3583127023982863,0.9909518818180574,0.9999999999999998,3.3127056653370346e-11
384.0,0.2991041394175718,279.341798876735,1485.8771137241488,0.17654694391917267,0.6479237378174926,-7.852577112107709,0.4196319297413895,0.000553840803576442,3.393986172085119e-11,0.904633912561417,0.0249454543101867,0.0373217042723688,0.0003923275769075,0.0016857613215014,0.0299580184187682,0.0010628214644909,4.04192512337281e-11,0.0,27.028656906084862,0.9970137980585727,0.3491772485959188,0.9905847424827658,0.9999999999999997,3.394018399660581e-11
374.0,0.2990657461368747,272.03815157959997,1485.296306901601,0.1765145043417281,0.647516383148673,-7.854075280987015,0.4188804601119891,0.000562570854549768,3.479417298260769e-11,0.9028423568374806,0.0249326901107739,0.0383091618046589,0.0004039089326851,0.0017305663967515,0.0306916069004971,0.0010897089417629,4.0595607230055735e-11,0.0,26.32549901902592,0.9968858204562491,0.3400476894745,0.9901975379344006,0.9999999999999998,3.4794389591752406e-11
364.0,0.2990251105292529,264.738485360632,1484.68279750998,0.17648002891970238,0.6470831639418043,-7.855604675615264,0.4180977647336474,0.000571379060725046,3.569298753686234e-11,0.9009557888065032,0.0249181034686436,0.0393502385869151,0.0004161392109988,0.001777884130044,0.0314636473817125,0.0011181983387164,4.077305514862908e-11,0.0,25.62078096287962,0.9967503684308431,0.33092310670079,0.98978853167332,0.9999999999999997,3.5693337174791395e-11
354.0,0.298982028074659,257.44202259112,1484.03367319891,0.1764433387795943,0.6466217757273621,-7.857168037881451,0.4172811017173679,0.000580273524386796,3.663985780474969e-11,0.8989663567554725,0.024901541175784,0.040449430388789,0.0004290743312544,0.0018279314899604,0.0322772339875665,0.0011484317935816,4.0951634397107826e-11,0.0,24.914504035824898,0.9966067602488634,0.3218025282389,0.9893557821326067,1.0,3.663980230328434e-11
344.0,0.2989362687665179,250.147938779377,1483.3456673770759,0.1764042335225323,0.6461296327783543,-7.858768440706028,0.4164273981426962,0.000589263288661463,3.763872277602462e-11,0.8968653204837391,0.0248828327006203,0.0416117495759457,0.0004427768279133,0.0018809511252893,0.0331358005122149,0.001180568695507,4.1131389573909947e-11,0.0,24.20667004895159,0.9964542292217264,0.3126849234742213,0.9888971115847173,0.9999999999999997,3.763900302544698e-11
334.0,0.2988875729844361,242.855358216551,1482.6151039998838,0.1763624879160716,0.645603824254311,-7.860409339093644,0.4155331990049875,0.000598358482131849,3.8693961786345145e-11,0.8946429222478478,0.0248617876563012,0.0428428014172525,0.0004573168582541,0.0019372152719518,0.0340431680993361,0.0012147883690498,4.131237129622495e-11,0.0,23.497281411856925,0.9962919099481203,0.30356919777068875,0.9884100693332558,0.9999999999999996,3.8694381032655656e-11
324.0,0.2988356465974737,235.56334909887798,1481.837831219606,0.1763178479103678,0.6450410612978041,-7.86209463163922,0.4145946057093184,0.000607570491133524,3.9810457406540674e-11,0.8922882345945851,0.0248381928328142,0.0441488743260324,0.0004727734006457,0.0019970303958657,0.0350036010927112,0.0012512932760403,4.149463735266684e-11,0.0,22.78634125561957,0.996118821991579,0.2944541863735975,0.9878918874797373,0.9999999999999997,3.9810821306218713e-11
314.0,0.2987801550536015,228.27091804659898,1481.009142405593,0.17627002592415456,0.6444376142439692,-7.863828733362265,0.4136072032361788,0.00061691216622287,4.0993669425223914e-11,0.889788980104286,0.0248118086546924,0.0455370470770673,0.0004892356856853,0.0020607427338737,0.0360218728112586,0.0012903128504645,4.1678253938850504e-11,0.0,22.073853556030404,0.9959338501786718,0.2853386475582487,0.9873394282703952,0.9999999999999996,4.0994097005864205e-11
304.0,0.2987207162153395,220.97700393510803,1480.123680471879,0.1762186951355756,0.6437892364063633,-7.865616663966921,0.4125659718814303,0.000626398070919012,4.2249722122267716e-11,0.8871313168485921,0.024782364976862,0.0470153168429519,0.0005068049155951,0.0021287449456622,0.037103343265857,0.0013321081203662,4.186329727051268e-11,0.0,21.359823300506513,0.9957357207177985,0.27622125491888505,0.986749120314586,0.9999999999999996,4.225020333592511e-11
294.0,0.2986568916202664,213.680470930907,1479.175321922416,0.17616348258372255,0.6430910717269596,-7.867464154564388,0.4114651805338702,0.000636044783244946,4.35855077516663e-11,0.884299581715138,0.0247495560444703,0.0485927529164049,0.0005255963414983,0.0022014841424244,0.0382540514452028,0.0013769773092257,4.2049855526852464e-11,0.0,20.644256686278272,0.9955229720675546,0.26710058866363373,0.9861168812816107,0.9999999999999996,4.358591265685163e-11
293.0,0.2986502490456115,212.950627450452,1479.076764630472,0.17615773184050534,0.6430183084585311,-7.867652425239506,0.4113515797837417,0.000637019005913893,4.372376273735922e-11,0.8840061695814091,0.0247460771095058,0.0487563362083937,0.0005275476213342,0.0022090376698624,0.0383731856748644,0.0013816460488377,4.206859860894158e-11,0.0,20.572615821461024,0.9955008301520384,0.266188284313065,0.9860511764203147,0.9999999999999997,4.3724135423417465e-11
292.0,0.2986435571619075,212.220744398927,1478.977501515085,0.17615193765379974,0.642944986944359,-7.867841362638985,0.4112373123092547,0.000637995044389944,4.386290043444291e-11,0.8837108217537516,0.0247425606901296,0.0489210243205374,0.0005295125667683,0.0022166441636882,0.0384930871452191,0.0013863492739552,4.2087357836223816e-11,0.0,20.500959660727755,0.995478523873025,0.2652759304986587,0.9859850010100566,0.9999999999999996,4.386335739070546e-11
291.0,0.2986368153311716,211.49082050759102,1478.877524739839,0.176146099500455,0.642871100372038,-7.868030974802328,0.4111223700709017,0.000638972919296239,4.4002929176426627e-11,0.8834135189445469,0.0247390064344027,0.0490868284599448,0.0005314913218416,0.0022243041854884,0.0386137632070872,0.0013910873605791,4.210613344820978e-11,0.0,20.429288228718796,0.9954560511039053,0.2643635256344888,0.9859183498265592,0.9999999999999998,4.400313446950577e-11
290.0,0.2986300229909611,210.760854491489,1478.776826505142,0.17614021690690684,0.6427966425523343,-7.868221269013127,0.4110067457850945,0.000639952651606161,4.414385748968294e-11,0.8831142415754528,0.0247354139599351,0.0492537600101973,0.0005334840323584,0.0022320183006973,0.0387352213469125,0.0013958606881775,4.2124925559694893e-11,0.0,20.357601534325195,0.9954334099698703,0.26345106811436125,0.9858512176700946,0.9999999999999999,4.41440217713307e-11
289.0,0.2986231795703979,210.030845056245,1478.675398897876,0.17613428939279563,0.6427216072057342,-7.868412252659896,0.4108904320633151,0.000640934262590169,4.4285694008920166e-11,0.8828129698065013,0.0247317828792119,0.0494218305100095,0.0005354908461825,0.00223978708272,0.0388574691472318,0.0014006696417133,4.2143734287297747e-11,0.0,20.28589958662384,0.9954105985679931,0.26253855632030626,0.9857835992652506,0.9999999999999996,4.428613031848272e-11
288.0,0.2986162844900198,209.300790897957,1478.573233889473,0.17612831647084384,0.6426459879607977,-7.868603933237988,0.410773421410215,0.0006419177738211621,4.442844747889259e-11,0.8825096835317192,0.0247281127995068,0.0495910516558798,0.0005375119132741,0.0022476111130741,0.0389805142882113,0.0014055146117434,4.2162559749503445e-11,0.0,20.214182394878467,0.9953876149667328,0.26162598862244624,0.9857154892596486,0.9999999999999999,4.442857193254213e-11
287.0,0.2986093371616017,208.57069070310303,1478.470323333686,0.17612229764673493,0.6425697783525043,-7.868796318351463,0.4106557062217293,0.0006429032071799411,4.457212675614889e-11,0.8822043623746788,0.0247244033227939,0.0497614353047869,0.0005395473857267,0.0022554909815317,0.0391043645492083,0.0014103959945198,4.218140206668304e-11,0.0,20.142449968545364,0.9953644572053391,0.2607133633788788,0.9856468822224574,0.9999999999999996,4.457256785883601e-11
286.0,0.2986023369880093,207.840543148433,1478.366658964463,0.17611623241898125,0.6424929718204896,-7.8689894157151326,0.4105372787830497,0.000643890584860803,4.4716740810802915e-11,0.8818969856839418,0.0247206540456589,0.0499329934769538,0.0005415974178058,0.0022634272862674,0.0392290278103612,0.0014153141920938,4.2200261361151885e-11,0.0,20.07070231727652,0.9953411232933644,0.25980067893554126,0.9855777726429754,0.9999999999999998,4.471700787433974e-11
285.0,0.2985952833630194,207.110346900872,1478.262232393791,0.17611012027879788,0.6424155617073314,-7.869183233156524,0.4104181312666499,0.000644879929377256,4.4862298728349276e-11,0.8815875325284215,0.024716864559207,0.0501057383586589,0.0005436621659868,0.0022714206340069,0.0393545120542156,0.0014202696124216,4.2219137757192787e-11,0.0,19.99893945092306,0.9953176112100647,0.25888793362609,0.985508154929194,0.9999999999999997,4.486266913517056e-11
284.0,0.2985881756711366,206.38010061740798,1478.1570351094008,0.17610396070996984,0.64233754125675,-7.869377778617938,0.4102982557302255,0.0006458712635678549,4.5008809711507746e-11,0.8812759816926523,0.0247130344489693,0.0502796823051063,0.0005457417889958,0.0022794716401804,0.0394808253673762,0.0014252626694726,4.2238031381091965e-11,0.0,19.927161379539644,0.9952939189037887,0.25797512577175996,0.9854380234062672,0.9999999999999997,4.500910755211862e-11
283.0,0.2985810132874349,205.649802944993,1478.051058472433,0.17609775318871385,0.6422589036117456,-7.869573060158591,0.4101776441145643,0.000646864610602172,4.515628308210044e-11,0.8809623116719545,0.0247091632948085,0.0504548378433636,0.0005478364478493,0.002287580929079,0.0396079759421914,0.0014302937833401,4.22569423611926e-11,0.0,19.855368113388582,0.9952700442914497,0.25706225368124125,0.9853673723149553,0.9999999999999997,4.5156656192091305e-11
282.0,0.2985737955773824,204.91945252043098,1477.944293715223,0.17609149718354397,0.6421796418127801,-7.869769085956706,0.4100562882414387,0.000647859993986903,4.5304728282972946e-11,0.880646500667501,0.0247052506708203,0.0506312176753584,0.0005499463058963,0.0022957491340136,0.0397359720784751,0.0014353633803544,4.2275870827929174e-11,0.0,19.783559662942725,0.9952459852579414,0.2561493156505387,0.9852961958101487,0.9999999999999999,4.530487096587876e-11
281.0,0.2985665218966265,204.18904797027002,1477.836731938699,0.17608519215512522,0.6420997487957936,-7.869965864311771,0.4099341798113656,0.00064885743757209,4.545415487994195e-11,0.8803285265813002,0.0247012961452354,0.0508088346809254,0.0005520715288603,0.0023039768974783,0.0398648221852528,0.0014404718931983,4.229481691386488e-11,0.0,19.711736038891967,0.9952217396554218,0.2552363099628375,0.9852244879591326,0.9999999999999997,4.545441800729577e-11
280.0,0.2985591915908004,203.45858791069702,1477.728364110078,0.17607883755613368,0.6420192173903144,-7.87016340364672,0.4098113104014063,0.0006498569655575049,4.5604572563791053e-11,0.880008367011061,0.0246972992803177,0.0509877019209264,0.0005542122848826,0.0023122648713169,0.0399945347825518,0.0014456197610249,4.231378075372208e-11,0.0,19.639897252145435,0.995197305302668,0.2543232348883713,0.985152242740052,0.9999999999999996,4.560496424943494e-11
279.0,0.2985518039954168,202.728070947417,1477.619181060342,0.1760724328311025,0.6419380403173699,-7.87036171251032,0.4096876714627981,0.0006508586024991781,4.575599115229097e-11,0.8796859992449283,0.0246932596322615,0.0511678326404635,0.0005563687445672,0.0023206137168933,0.0401251185032175,0.0014508074295798,4.2332762484484017e-11,0.0,19.568043313836164,0.9951726799847227,0.25341008868427123,0.985079454040228,1.0,4.5755954580783964e-11
278.0,0.2985443584355344,201.997495675546,1477.509173481559,0.17606597741627777,0.6418562101875414,-7.8705607995794,0.4095632543187077,0.000651862373316044,4.590842059227988e-11,0.879361400256179,0.0246891767510845,0.0513492402720921,0.0005585410810249,0.0023290241052645,0.0402565820947722,0.0014560353513223,4.235176224535132e-11,0.0,19.496174235326777,0.9951478614517814,0.2524968695944325,0.9850061156543727,0.9999999999999998,4.590861024666992e-11
277.0,0.2985368542256653,201.266860679495,1477.398331924354,0.17605947073945724,0.6417737194987673,-7.870760673661371,0.4094380501617287,0.000652868303296771,4.606187096175837e-11,0.87903454669773,0.0246850501805224,0.0515319384391785,0.0005607294699204,0.0023374967173595,0.0403889344213026,0.0014613039855538,4.237078017786604e-11,0.0,19.42429002821326,0.9951228474188843,0.25158357584936875,0.9849322212829026,0.9999999999999997,4.606215409097558e-11
276.0,0.2985292906694995,200.536164532856,1477.2866467951578,0.17605291221983793,0.6416905606342872,-7.870961343696576,0.409312050051513,0.000653876418106726,4.6216352472049646e-11,0.8787054148965876,0.0246808794579166,0.0517159409592722,0.0005629340895193,0.0023460322441597,0.0405221844653924,0.0014666137985455,4.2389816425904504e-11,0.0,19.352390704330116,0.9950976355649984,0.25067020566607,0.9848577645301052,0.9999999999999997,4.6216697136003404e-11
275.0,0.298521667059737,199.80540579828,1477.174108353574,0.17604630126785253,0.6416067258604194,-7.871162818760836,0.409185244912245,0.000654886743795113,4.637187546998677e-11,0.878373980848145,0.0246766641141026,0.0519012618475874,0.0005651551207365,0.0023546313868852,0.0406563413300908,0.0014719652636714,4.2408871135754174e-11,0.0,19.280476275753184,0.9950722235324566,0.24975675724785,0.9847827389023827,0.9999999999999997,4.637223938175339e-11
274.0,0.2985139826778484,199.07458302735998,1477.060706709402,0.1760396372850013,0.6415222073242858,-7.871365108068059,0.4090576255300115,0.0006558993068022511,4.652845044014186e-11,0.8780402202103867,0.0246724036732966,0.0520879153205365,0.0005673927471852,0.0023632948571844,0.0407914142409112,0.0014773588615427,4.2427944456160896e-11,0.0,19.208546754808147,0.9950466089261614,0.24884322878419998,0.984707137806268,0.9999999999999997,4.6528780828225536e-11
273.0,0.2985062367938487,198.34369476051,1476.9464318198661,0.17603291966368556,0.6414369970515441,-7.8715682209728195,0.408929182550243,0.000656914133967047,4.6686088007108796e-11,0.8777041082979575,0.0246680976529772,0.0522759157993473,0.0005696471552278,0.0023720233773279,0.0409274125478828,0.0014827950801461,4.2447036538368674e-11,0.0,19.136602154072822,0.995020789312829,0.24792961845063752,0.9846309545465775,0.9999999999999998,4.6686321475419845e-11
272.0,0.2984984286660788,197.612739526844,1476.8312734866558,0.17602614778703676,0.6413510869440714,-7.871772166973023,0.4087999064750294,0.0006579312525346161,4.6844798937827245e-11,0.8773656200761074,0.0246637455637659,0.0524652779137607,0.0005719185340276,0.0023808176804064,0.0410643457276357,0.0014882744149851,4.246614753617311e-11,0.0,19.064642486382972,0.9949947622202626,0.247015924408555,0.9845541823244373,0.9999999999999998,4.684497234563878e-11
271.0,0.2984905575409627,196.881715844048,1476.715221352893,0.17601932102873802,0.6412644687775472,-7.871976955712672,0.4086697876603722,0.0006589506901641009,4.7004594143949894e-11,0.877024730154515,0.0246593469093041,0.0526560165058043,0.0005742070756011,0.0023896785105337,0.0412022233855272,0.0014937973692243,4.248527760597144e-11,0.0,18.992667764838046,0.9949685251365424,0.24610214480505999,0.984476814235262,0.9999999999999994,4.700517752809219e-11
270.0,0.2984826226528117,196.150622218258,1476.598264900085,0.17601243875284023,0.6411771341989415,-7.87218259698472,0.4085388163133139,0.0006599724749366551,4.716548468425207e-11,0.8766814127809586,0.0246549011861312,0.0528481466336629,0.0005765129748727,0.0023986066230544,0.0413410552578117,0.0014993644538383,4.250442690684885e-11,0.0,18.920678002805605,0.9949420755093724,0.2451882777728225,0.9843988432667233,0.9999999999999997,4.716582679975545e-11
269.0,0.298474623223478,195.419457143932,1476.4803934449162,0.1760055003135822,0.6410890747240875,-7.872389100733863,0.4084069824891605,0.000660996635363611,4.7327481767104197e-11,0.8763356418349041,0.024650407883554,0.0530416835755902,0.000578836429729,0.0024076027847549,0.0414808512138555,0.0015049761877611,4.2523595600567285e-11,0.0,18.848673213928464,0.9949154107449267,0.24427432142991498,0.9843202622966108,0.9999999999999999,4.7327586294443336e-11
268.0,0.298466558462226,194.688219103717,1476.361596136066,0.17599850505519876,0.6410002817350557,-7.872596477059534,0.4082742760884814,0.0006620232003948601,4.7490596752978354e-11,0.8759873908208804,0.0246458664835182,0.0532366428339744,0.0005811776410764,0.0024166677740804,0.041621621258394,0.0015106330980425,4.2542783851692313e-11,0.0,18.776653412129086,0.9948885282074199,0.24336027387964623,0.9842410640907107,0.9999999999999996,4.749101112366816e-11
267.0,0.298458427565375,193.956906568325,1476.2418619508949,0.17599145231172744,0.6409107464775402,-7.872804736218886,0.4081406868541188,0.000663052199427405,4.7654841157013144e-11,0.8756366328617861,0.0246412764604751,0.0534330401394251,0.0005835368128979,0.0024258023813572,0.0417633755338357,0.0015163357200057,4.256199182759795e-11,0.0,18.70461861161563,0.9948614252179167,0.24244613321040626,0.9841612413005966,0.9999999999999994,4.7655435153615144e-11
266.0,0.2984502297161238,193.225517996392,1476.121179692086,0.1759843414068104,0.6408204600581551,-7.873013888629886,0.4080062043681103,0.000664083662314133,4.782022665162673e-11,0.8752833406919901,0.0246366372812457,0.0536308914550082,0.0005859141523129,0.0024350074090185,0.0419061243226127,0.0015220845974102,4.258121969857131e-11,0.0,18.63256882688759,0.994834099053746,0.24153189749549,0.9840807864613906,0.9999999999999998,4.782041429507444e-11
265.0,0.2984419640841944,192.49405183435002,1475.999537984132,0.17597717165349286,0.6407294134416919,-7.873223944874445,0.4078708180485417,0.000665117619372778,4.7986765069185064e-11,0.8749274866503424,0.0246319484048815,0.0538302129805204,0.0005883098696374,0.0024442836718367,0.0420498780495777,0.0015278802826164,4.260046763782753e-11,0.0,18.560504072742937,0.9948065469473146,0.24061756479293753,0.9839996919894214,0.9999999999999997,4.798705877107068e-11
264.0,0.2984336298256141,191.762506516292,1475.876925269781,0.17596994235401395,0.6406375974482711,-7.873434915701649,0.4077345171463289,0.0006661541013951131,4.815446840472112e-11,0.8745690426729837,0.0246272092825232,0.0540310211569051,0.0005907241784457,0.0024536319971607,0.0421946472844505,0.0015337233367565,4.2619735821602856e-11,0.0,18.488424364283528,0.9947787660853804,0.239703133145365,0.983917950179854,0.9999999999999997,4.815481347009154e-11
263.0,0.2984252260824385,191.030880463822,1475.753329806557,0.1759626527995952,0.6405450027504752,-7.873646812031079,0.4075972907418892,0.000667193139656357,4.8323348818708895e-11,0.8742079802860155,0.0246224193572552,0.0542333326707492,0.0005931572956345,0.0024630532251585,0.0423404427443159,0.0015396143299086,4.263902442922344e-11,0.0,18.416329716920803,0.9947507536081284,0.2387886005797775,0.9838355532043714,0.9999999999999997,4.8323678392137026e-11
262.0,0.2984167519823879,190.29917208593199,1475.628739662814,0.17595530227022416,0.6404516198703756,-7.873859644956143,0.4074591277418165,0.00066823476592479,4.8493418639899155e-11,0.8738442705980404,0.0246175780639577,0.054437164458856,0.0005956094414865,0.0024725482090651,0.0424872752961692,0.001545553841273,4.265833364312883e-11,0.0,18.3442201463846,0.9947225066079596,0.237873965107415,0.9837524931085427,0.9999999999999997,4.84937645595096e-11
261.0,0.2984082066386364,189.567379778848,1475.503142714088,0.17594789003443054,0.6403574391765006,-7.8740734257475795,0.4073200168753699,0.0006692790124716281,4.8664690368204873e-11,0.8734778842924816,0.0246126848291554,0.054642533712972,0.000598080839738,0.0024821178154371,0.0426351559595166,0.0015515424593565,4.2677663648986305e-11,0.0,18.272095668727825,0.994694022128788,0.23695922472355999,0.983668761809392,0.9999999999999996,4.8665182994511724e-11
260.0,0.2983995891494745,188.83550192588802,1475.376526639223,0.17594041534905766,0.640262450880714,-7.874288165856993,0.407179946690948,0.0006703259120811229,4.8837176677648706e-11,0.8731087916197734,0.0246077390708626,0.0548494578845824,0.0006005717176461,0.002491762924413,0.0427840959090301,0.0015575807821579,4.269701463574652e-11,0.0,18.19995630033308,0.994665297164915,0.23604437740736003,0.9835843510928153,0.9999999999999997,4.883748960793355e-11
259.0,0.2983908985979766,188.10353689732202,1475.248878916266,0.1759328774590328,0.6401666450350814,-7.874503876920441,0.4070389055524899,0.000671375498060896,4.9010890419377246e-11,0.872736962389381,0.0246027401984241,0.0550579546898188,0.0006030823060582,0.002501484429978,0.0429341064772532,0.0015636694173591,4.27163867956932e-11,0.0,18.12780205792173,0.9946363286599219,0.23512942112165253,0.983499252610844,0.9999999999999997,4.9011239511287386e-11
258.0,0.2983821340517012,187.37148305021702,1475.120186818415,0.1759252755971245,0.6400700115285549,-7.874720570762186,0.4068968816357365,0.0006724278042525369,4.918584462472603e-11,0.872362365961623,0.024597687612355,0.0552680421144917,0.0006056128394834,0.0025112832402377,0.0430851991573664,0.0015698089825208,4.2735780324535614e-11,0.0,18.055632958559418,0.9946071135056708,0.23421435381277128,0.9834134578789434,0.9999999999999997,4.918621065996831e-11
257.0,0.2983732945623694,186.639338728294,1474.990437409906,0.17591760898370132,0.6399725400836863,-7.8749382593984745,0.4067538629244378,0.000673482865042463,4.9362052508356505e-11,0.8719849712393204,0.0245925807041734,0.0554797384192343,0.0006081635561655,0.002521160277696,0.0432373856060092,0.0015760001052835,4.275519542147955e-11,0.0,17.983449019663635,0.9945776485412313,0.23329917341036752,0.9833269582732707,0.9999999999999996,4.9362514076278785e-11
256.0,0.2983643791655051,185.907102261769,1474.85961754162,0.17590987682647938,0.6398742202531736,-7.875156955041441,0.4066098372064628,0.0006745407153730359,4.953952747145299e-11,0.8716047466592703,0.0245874188562329,0.0556930621447532,0.0006107346981573,0.0025311164795409,0.0433906776461588,0.0015822434235722,4.2774632289294816e-11,0.0,17.911250259011986,0.9945479305516838,0.23238387782721126,0.9832397450277467,0.9999999999999998,4.953970567100896e-11
255.0,0.2983553868801026,185.174771967207,1474.727713846736,0.17590207832026578,0.639775041416357,-7.875376670103112,0.4064647920697819,0.000675601390753953,4.971828310498561e-11,0.871221660183515,0.024582201441549,0.0559080321172123,0.0006133265113969,0.0025411527979364,0.0435450872700709,0.0015885395858068,4.2794091134401726e-11,0.0,17.839036694749872,0.9945179562670087,0.23146846495900875,0.9831518092311573,0.9999999999999997,4.971856260027607e-11
254.0,0.2983463167082795,184.44234614735902,1474.5947127362779,0.17589421264669802,0.63967499277566,-7.875597417199454,0.4063187148984299,0.0006766649272739301,4.989833319304763e-11,0.870835679290416,0.0245769278236215,0.0561246674537394,0.0006159392457867,0.0025512702003218,0.0437006266422844,0.001594889251118,4.2813572166946386e-11,0.0,17.766808345397134,0.9944877223609316,0.23055293268419877,0.9830631418241852,0.9999999999999997,4.989864077487027e-11
253.0,0.298337167634914,183.70982309100899,1474.4606003943588,0.1758862789739715,0.6395740633528603,-7.875819209154612,0.4061715928682634,0.0006777313616126649,5.0079691716251304e-11,0.8704467709655345,0.0245715973562551,0.0563429875680575,0.0006185731552726,0.0025614696697178,0.0438573081026816,0.0016012930895678,4.283307560089406e-11,0.0,17.69456522985832,0.9944572254497135,0.22963727886376123,0.9829737335962392,0.9999999999999997,5.0080051217094024e-11
252.0,0.2983279386272364,182.977201072813,1474.325362773575,0.17587827645656925,0.6394722419853883,-7.876042059005127,0.406023412942738,0.0006788007310530971,5.0262372855209727e-11,0.8700549016923109,0.0245662093833725,0.0565630121762354,0.0006212284979267,0.0025717522050401,0.0440151441696234,0.0016077517823757,4.28526016540796e-11,0.0,17.62230736742931,0.994426462090788,0.22872150134101624,0.9828835751823833,0.9999999999999997,5.026268290464486e-11
251.0,0.2983186286345007,182.244478353132,1474.188985590115,0.17587020423497254,0.6393695173223747,-7.876265980004424,0.4058741618684323,0.000679873073493987,5.0446390994071876e-11,0.8696600374425071,0.024560763238827,0.0567847613026028,0.0006239055360314,0.0025821188214211,0.0441741475431411,0.0016142660221507,4.2872150548338975e-11,0.0,17.5500347778067,0.9943954287816691,0.227805597941415,0.9827926570600767,0.9999999999999997,5.044664685982525e-11
250.0,0.2983092365875476,181.51165317787598,1474.0514543187498,0.1758620614353785,0.6392658778207773,-7.876490985627215,0.4057238261706315,0.0006809484274628,5.063176072415574e-11,0.8692621436664635,0.0245552582462067,0.0570082552857704,0.0006266045361653,0.0025925705505379,0.0443343311082036,0.0016208365131289,4.2891722509555095e-11,0.0,17.477747481096362,0.994364121958492,0.22688956647234498,0.9827009695458332,0.9999999999999997,5.063205410493765e-11
249.0,0.2982997613984393,180.77872377832801,1473.912754187795,0.17585384716939556,0.639161311741217,-7.876717089574237,0.4055723921486009,0.00068202683212892,5.0818496847630685e-11,0.8688611852831046,0.0245496937186394,0.0572335147848201,0.0006293257692916,0.0026031084409508,0.0444957079380461,0.0016274639714173,4.291131776779068e-11,0.0,17.405445497822708,0.9943325379947976,0.22597340472291003,0.9826085027918633,0.9999999999999998,5.081868259537714e-11
248.0,0.2982902019600119,180.04568837098103,1473.772870173859,0.17584556053374853,0.6390558071439274,-7.876944305776852,0.4054198458709761,0.000683108327317196,5.100661438130914e-11,0.8684571266697406,0.0245440689585861,0.0574605607856161,0.0006320695108489,0.0026137335584469,0.0446582912975803,0.0016341491252432,4.2930936557337215e-11,0.0,17.333128848937324,0.9943006732000397,0.22505711046372628,0.9825152467825726,0.9999999999999996,5.100708744265603e-11
247.0,0.298280557145478,179.31254515736498,1473.631786996462,0.17583720060995986,0.6389493518843914,-7.87717264840199,0.4052661731708298,0.00068419295352184,5.119612856049088e-11,0.8680499316516128,0.0245383832576366,0.0576894146072876,0.0006348360408435,0.0026244469863948,0.0448220946468673,0.0016408927152103,4.295057911684255e-11,0.0,17.260797555829093,0.9942685238182601,0.22414068144670624,0.9824211913309747,0.9999999999999994,5.1196713535262006e-11
246.0,0.2982708258079622,178.579292323875,1473.4894891125412,0.17582876646403253,0.6388419336089883,-7.877402131857115,0.4051113596406948,0.000685280751920665,5.138705484290285e-11,0.8676395634912182,0.0245326358962964,0.057920097908846,0.0006376256439447,0.0026352498261068,0.0449871316446692,0.0016476954945613,4.2970245689390605e-11,0.0,17.188451640334293,0.9942360860265408,0.22322411540484374,0.9823263260750275,0.9999999999999998,5.138722780628768e-11
245.0,0.2982610067800876,177.84592804159098,1473.345960710839,0.17582025714612504,0.6387335397505385,-7.877632770795262,0.4049553906275394,0.000686371764389711,5.157940891272754e-11,0.867225984877361,0.0245268261437679,0.0581526326959814,0.0006404386095821,0.00264614319721,0.045153416152081,0.0016545582294469,4.2989936522607276e-11,0.0,17.116091124745324,0.9942033559336254,0.22230741005198873,0.9822306404738927,0.9999999999999997,5.1579740478757685e-11
244.0,0.2982510988735058,177.1124504661,1473.2011857061289,0.1758116716902101,0.6386241575236168,-7.877864580120363,0.4047982512274277,0.000687466033518233,5.177320668470033e-11,0.8668091579139682,0.0245209532577307,0.0583870413280084,0.0006432752320457,0.0026571282380276,0.0453209622362339,0.0016614816992024,4.3009651868775675e-11,0.0,17.043716031821596,0.9941703295783527,0.221390563082625,0.9821341238040859,0.9999999999999999,5.177336337425231e-11
243.0,0.2982411008784085,176.37885773732,1473.055147733204,0.17580300911373478,0.6385137739198803,-7.878097574992542,0.4046399262802405,0.0006885636026240729,5.196846430831399e-11,0.8663890441086457,0.024515016484112,0.0586233465249752,0.0006461358105881,0.0026682061059678,0.0454897841740829,0.0016684666966302,4.30293919849204e-11,0.0,16.971326384800854,0.9941370029280283,0.22047357217165,0.9820367651554693,0.9999999999999999,5.1968540581981415e-11
242.0,0.2982310115630618,175.645147979313,1472.9078301408822,0.17579426841726808,0.6384023757032296,-7.878331770833606,0.4044804003641662,0.000689664515769446,5.2165198172107e-11,0.8659656043609502,0.0245090150568536,0.0588615713749583,0.0006490206495297,0.0026793779779245,0.045659896456279,0.0016755140282901,4.3049157132922716e-11,0.0,16.89892220740834,0.9941033718768727,0.21955643497414126,0.9819385534272548,0.9999999999999996,5.216560516885238e-11
241.0,0.2982208296732935,174.91131930009797,1472.759215985687,0.17578544858413445,0.6382899494047769,-7.878567183332755,0.4043196577900092,0.000690768817777125,5.236342490803587e-11,0.8655387989504028,0.0245029481976748,0.0591017393415216,0.0006519300583662,0.0026906450506869,0.0458313137911171,0.0016826245147979,4.3068947579636545e-11,0.0,16.826503523869867,0.9940694322443117,0.21863914912512247,0.9818394773237913,0.9999999999999998,5.236366895644551e-11
240.0,0.298210553932015,174.177369791465,1472.6092880254978,0.17577654858004663,0.6381764813177913,-7.8788038284522965,0.4041576825954571,0.000691876554247071,5.256316139595777e-11,0.8651085875241947,0.0244968151158262,0.0593438742713752,0.0006548643518791,0.0027020085413596,0.0460040511085823,0.0016897989911306,4.3088763597005406e-11,0.0,16.754070358921,0.9940351797733834,0.21772171223933123,0.9817395253503318,0.9999999999999998,5.2563398078575574e-11
239.0,0.2982001830386605,173.443297528783,1472.458028712911,0.17576756735272112,0.6380619574924024,-7.879041722433653,0.403994458539092,0.0006929877715734679,5.2764424768196394e-11,0.8646749290846325,0.0244906150078412,0.0595880004021965,0.0006578238502491,0.0027134696877934,0.0461781235644736,0.0016970383069404,4.310860546217335e-11,0.0,16.681622737820565,0.9940006101288684,0.21680412191097875,0.9816386858086074,0.9999999999999998,5.2764681512940115e-11
238.0,0.2981897156686539,172.70910057081,1472.305420188535,0.17575850383149064,0.6379463637302781,-7.879280881803389,0.4038299690943461,0.00069410251696224,5.2967232414221165e-11,0.8642377819762646,0.0244843470572787,0.0598341423706585,0.0006608088791721,0.0027250297490272,0.046353546544627,0.0017043433268759,4.3128473457596407e-11,0.0,16.60916068636148,0.993965718895513,0.2158863757135125,0.9815369467923567,0.9999999999999996,5.2967630281841593e-11
237.0,0.2981791504728807,171.974776959487,1472.151444274036,0.17574935692690014,0.637829685579059,-7.879521323379514,0.4036641974432111,0.0006952208384490199,5.3171601985415665e-11,0.8637971038726961,0.0244780104344611,0.0600823252206641,0.0006638197699788,0.0027366900057411,0.0465303356692254,0.001711714930913,4.314836787118851e-11,0.0,16.536684230883544,0.9939305015762689,0.21496847119935875,0.9814342961826907,0.9999999999999996,5.3172022340675085e-11
236.0,0.2981684860770942,171.24032471975198,1471.996082464997,0.1757401255302963,0.6377119083266934,-7.879763064277884,0.4034971264698326,0.000696342784917595,5.337755139996039e-11,0.8633528517631043,0.0244716042962059,0.0603325744117656,0.0006668568597566,0.0027484517607207,0.046708506797207,0.0017191540146938,4.3168288996432214e-11,0.0,16.464193398286316,0.993894953590314,0.21405040589969,0.9813307216433313,0.9999999999999997,5.337785768944059e-11
235.0,0.298157721081335,170.505741859329,1471.839315923643,0.1757308085134061,0.6375930169956356,-7.88000612191878,0.4033287387539266,0.000697468406118854,5.3585098847819796e-11,0.8629049819384176,0.0244651277855498,0.0605849158278039,0.0006699204914753,0.0027603163393339,0.0468880760307716,0.0017266614898743,4.318823713251061e-11,0.0,16.39168821604189,0.9938590702711166,0.21313217732416123,0.981226210615762,0.9999999999999998,5.358535837274303e-11
234.0,0.2981468540593385,169.77102636852902,1471.6811254713261,0.17572140472790115,0.637472996336844,-7.880250514033688,0.4031590165640102,0.000698597752690245,5.3794262795839095e-11,0.8624534499771593,0.0244585800314671,0.0608393757857658,0.0006730110141158,0.00277228509002,0.0470690597199868,0.0017342382844823,4.320821258444726e-11,0.0,16.319168712207798,0.9938228468644617,0.2122137829606613,0.9811207503142174,0.9999999999999996,5.3794746435187335e-11
233.0,0.2981358835578975,169.03617622004,1471.521491580825,0.1757119130049552,0.6373518308236642,-7.880496258672209,0.4029879418504789,0.00069973087617575,5.400506199295704e-11,0.8619982107309594,0.0244519601485803,0.0610959810448531,0.0006761287828027,0.0027843593847909,0.0472514744674967,0.0017418853432833,4.3228215663230694e-11,0.0,16.246634915441483,0.9937862785263251,0.21129522027505002,0.9810143277205501,0.9999999999999997,5.400535574295873e-11
232.0,0.29812480809627,168.30118936872,1471.3603943684159,0.17570233215478367,0.6372295046454794,-7.880743374209254,0.4028154962384258,0.000700867829046416,5.4217515475526277e-11,0.8615392183096879,0.0244452672368649,0.0613547588158018,0.0006792741589397,0.0027965406197463,0.0474353371333347,0.0017496036281586,4.324824668598683e-11,0.0,16.174086855013773,0.9937493603209001,0.2103764867109,0.9809069295789439,0.9999999999999997,5.421785242987198e-11
231.0,0.2981136261654614,167.56606375138,1471.19781358575,0.1756926609661795,0.6371060017013008,-7.880991879352257,0.4026416610204126,0.000702008664721434,5.443164257277028e-11,0.8610764260662652,0.0244385003813443,0.0616157367703993,0.0006824475103489,0.0028088302156011,0.0476206648398504,0.0017573941184906,4.3268305976075016e-11,0.0,16.101524560823332,0.9937120872182047,0.209457579689225,0.9807985423905,0.9999999999999998,5.443190342901971e-11
230.0,0.2981023362275965,166.830797286576,1471.03372861146,0.1756828982060264,0.6369813055930444,-7.881241793148803,0.4024664171488581,0.0007031534375898001,5.464746291233862e-11,0.8606097865810619,0.0244316586517807,0.0618789430512817,0.0006856492114138,0.0028212296182283,0.0478074749767364,0.0017652578115611,4.3288393863278176e-11,0.0,16.02894806341249,0.9936744540919884,0.20853849660822,0.98068915240764,0.9999999999999998,5.464773078500684e-11
229.0,0.2980909367152316,166.09538787438203,1470.868118442602,0.1756730426188065,0.6368553996187152,-7.881493134994285,0.4022897452283658,0.0007043022030325801,5.4864996426006494e-11,0.8601392516459233,0.0244247411023554,0.0621444062819666,0.0006888796432266,0.0028337402992143,0.0479957852061805,0.0017731957229594,4.3308510683947274e-11,0.0,15.956357393981474,0.9936364557174387,0.20761923484297753,0.9805787456284014,0.9999999999999997,5.4865334497833373e-11
228.0,0.2980794260306205,165.359833396176,1470.700961685901,0.1756630929260944,0.636728266765424,-7.881745924639828,0.4021116255078141,0.000705455017445783,5.5084263355496776e-11,0.8596647722478127,0.0244177467713415,0.0624121555771325,0.0006921391937388,0.0028463637564309,0.0481856134681292,0.0017812088870012,4.332865678114495e-11,0.0,15.883752584403972,0.993598086768735,0.20669979174522,0.9804673077906007,0.9999999999999997,5.508460354519684e-11
227.0,0.2980678025449856,164.624131714411,1470.5322365485479,0.1756530478260303,0.6365998897020857,-7.88200018220049,0.4019320378721422,0.000706611938263864,5.5305284258426454e-11,0.8591862985520388,0.0244106746807703,0.0626822205531724,0.0006954282579159,0.0028591015146208,0.0483769779856676,0.0017892983571598,4.3348832504820006e-11,0.0,15.811133667244626,0.9935593418166188,0.20578016464301374,0.9803548243656985,0.9999999999999998,5.530553792709725e-11
226.0,0.298056064597789,163.88828067239,1470.361920829008,0.1756429059927877,0.6364702507720569,-7.882255928163589,0.4017509618340344,0.000707773023983901,5.5528080014398685e-11,0.8587037798850525,0.0244035238360871,0.0629546313390279,0.0006987472378972,0.002871955126,0.0485698972705291,0.0017974652065088,4.3369038211978055e-11,0.0,15.738500675774116,0.9935202153259634,0.2048603508404875,0.9802412805526721,0.9999999999999998,5.5528248665837054e-11
225.0,0.2980442104959071,163.152278094039,1470.1899919073062,0.1756326660760229,0.6363393319855055,-7.8825131833972915,0.4015683765253222,0.00070893833419043,5.5752671831231735e-11,0.8582171647168474,0.0243962932257983,0.0632294185872756,0.0007020965431585,0.0028849261708752,0.0487643901287264,0.0018057105281764,4.338927426682316e-11,0.0,15.665853643987486,0.9934807016530238,0.20394034761754873,0.9801266612715375,0.9999999999999996,5.575306882832365e-11
224.0,0.2980322385128865,162.416121783667,1470.01642673531,0.1756223267003052,0.6362071150115207,-7.882771969159515,0.4013842606880899,0.000710107929580996,5.597908125131873e-11,0.8577264006428709,0.0243889818211121,0.0635066134855418,0.0007054765906807,0.0028980162582791,0.0489604756663123,0.0018140354358142,4.340954104097371e-11,0.0,15.593192606620777,0.9934407950429551,0.20302015222958375,0.9800109511568733,0.9999999999999997,5.597955432534718e-11
223.0,0.298020146888112,161.679809525735,1469.841201826529,0.17561188646453849,0.6360735811700933,-7.883032307106963,0.401198592665632,0.000711281871992422,5.6207330158148185e-11,0.8572314343655099,0.0243815885755665,0.0637862477681914,0.0007088878051224,0.0029112270266221,0.0491581732952735,0.0018224410640769,4.342983891362788e-11,0.0,15.520517599169546,0.9934004896270401,0.20209976190716877,0.9798941345510193,0.9999999999999998,5.620759413460519e-11
222.0,0.2980079338259331,160.943339084614,1469.664293245736,0.1756013439413633,0.6359387114238129,-7.883294219304473,0.4010113503931123,0.000712460224427821,5.643744078296707e-11,0.8567322116751079,0.02437411242465,0.0640683537283165,0.0007123306189969,0.0029245601443616,0.0493575027395624,0.0018309285691168,4.3450168271736757e-11,0.0,15.447828657907108,0.993359779419777,0.2011791738557675,0.9797761954971573,0.9999999999999998,5.643763234530752e-11
221.0,0.2979955974948138,160.206708204346,1469.485676598182,0.17559069767653948,0.6358024863693046,-7.883557728234652,0.4008225113879247,0.0007136430510843781,5.66694357115928e-11,0.8562286774304867,0.0243665522854126,0.0643529642300608,0.0007158054728549,0.0029380173106903,0.0495584840412622,0.0018394991290923,4.3470529510213675e-11,0.0,15.37512581990439,0.993318658316046,0.2002583852554325,0.9796571177321213,0.9999999999999998,5.666966895745418e-11
220.0,0.2979831360264295,159.469914608394,1469.305327018689,0.17557994618831907,0.6356648862285246,-7.883822856807682,0.4006320527398843,0.000714830417381943,5.6903337891397893e-11,0.8557207755389729,0.0243589070560641,0.0646401127212583,0.0007193128154721,0.0029516002562423,0.0497611375669063,0.0018481539446895,4.349092303211187e-11,0.0,15.302409123048255,0.9932771200880984,0.1993373932604925,0.979536884679126,0.9999999999999998,5.69035929487427e-11
219.0,0.2979705475147556,158.732955999397,1469.123219160163,0.1755690879667917,0.6355258908396568,-7.884089628371561,0.4004399511009966,0.000716022389992435,5.713917063843477e-11,0.8552084489359154,0.024351175615566,0.0649298332464173,0.0007228531040414,0.0029653107438196,0.0499654840139287,0.0018568942396606,4.3511349248851584e-11,0.0,15.229678606063743,0.9932351583825187,0.19841619499924626,0.9794154794401086,0.9999999999999996,5.7139626363778007e-11
218.0,0.2979578300151039,157.995830058916,1468.9393271820968,0.17555812147321995,0.6353854796478849,-7.884358066722473,0.4002461826750751,0.0007172190368701071,5.7376957644746595e-11,0.8546916395636713,0.0243433568232096,0.0652221604600407,0.0007264268043715,0.0029791505691386,0.0501715444172831,0.0018657212613761,4.353180858040892e-11,0.0,15.156934308532508,0.9931927667170131,0.197494787573645,0.9792928847880645,0.9999999999999998,5.737721409104779e-11
217.0,0.2979449815431436,157.258534447181,1468.753624738454,0.17554704513935065,0.6352436316957996,-7.884628196115579,0.4000507232069603,0.0007184204272826809,5.7616722985833594e-11,0.8541702883500565,0.0243354495181843,0.0655171296403085,0.0007300343910906,0.0029931215615965,0.0503793401562008,0.0018746362813934,4.3552301455539735e-11,0.0,15.084176270916497,0.9931499384771453,0.19657316805897626,0.9791690831589693,0.9999999999999997,5.7617022264366824e-11
216.0,0.2979320000738925,156.52106680282998,1468.5660849653482,0.17553585736670999,0.6351003256136011,-7.884900041276023,0.3998535479715066,0.000719626631843412,5.785849112830806e-11,0.8536443351862252,0.0243274525191336,0.0658147767031308,0.0007336763478558,0.0030072255850599,0.050588892961121,0.0018836405960421,4.357282831199063e-11,0.0,15.01140453457805,0.993106666912975,0.19565133350353747,0.9790440566435654,0.9999999999999998,5.785882883913018e-11
215.0,0.2979188835406842,155.783424742649,1468.376680468302,0.17552455652587395,0.6349555396089334,-7.885173627410351,0.3996546317621696,0.000720837722544074,5.810228693771256e-11,0.8531137189039804,0.0243193646237014,0.0661151382165816,0.0007373531675689,0.0030214645386753,0.0508002249207708,0.0018927355270256,4.3593389596742705e-11,0.0,14.938619141804494,0.993062945135614,0.19472928092831127,0.9789177869788681,0.9999999999999997,5.8102522793035405e-11
214.0,0.2979056298340798,155.045605861306,1468.185383309252,0.17551314095572523,0.6348092514565375,-7.885448980218142,0.3994539488793691,0.0007220537727889421,5.834813568654156e-11,0.8525783772524886,0.024311184608063,0.0664182514157176,0.0007410653525979,0.0030358403577021,0.0510133584894275,0.0019019224220409,4.3613985766221394e-11,0.0,14.865820135829516,0.9930187661135994,0.1938070073266325,0.9787902555395014,0.9999999999999997,5.834843719298988e-11
213.0,0.2978922368007801,154.307607731087,1467.9921649929051,0.1755016089626781,0.6346614384874356,-7.885726125904116,0.3992514731183867,0.000723274857429759,5.85960630624318e-11,0.8520382468743799,0.0243029112264471,0.0667241542178139,0.0007448134150058,0.0030503550143695,0.0512283164943366,0.0019112026554163,4.3634617286562375e-11,0.0,14.793007560859186,0.992974122669267,0.19288450966385873,0.9786614433286034,0.9999999999999997,5.859634999438867e-11
212.0,0.2978787022424621,153.569427901617,1467.7969964530168,0.17548995881989138,0.6345120775779727,-7.8860050911904755,0.3990471777570166,0.000724501052801766,5.884609517656519e-11,0.851493263281225,0.0242945432106422,0.0670328852380015,0.0007485978767846,0.0030650105187575,0.05144512214332,0.0019205776287674,4.3655284633835125e-11,0.0,14.720181462095564,0.9929290074748737,0.19196178487702123,0.978531330968678,0.9999999999999996,5.884648324183672e-11
211.0,0.2978650239146371,152.831063899593,1467.599848038034,0.17547818876644797,0.6343611451383571,-7.886285903329726,0.398841035542758,0.000725732436760805,5.909825857225376e-11,0.8509433608283439,0.0242860792694925,0.0673444838053586,0.0007524192700978,0.0030798089197038,0.0516637990325555,0.0019300487716734,4.367598829432817e-11,0.0,14.647341885762582,0.9928834130487904,0.19103882987449125,0.9783998986920227,0.9999999999999998,5.909850386842663e-11
210.0,0.2978511995253893,152.09251322850102,1467.400689496338,0.17546629700652497,0.6342086171010631,-7.886568590117676,0.3986330186797975,0.000726969088721532,5.935258023375591e-11,0.8503884726889749,0.0242775180883752,0.0676589899794139,0.0007562781375282,0.0030947523057346,0.0518843711545516,0.001939617542372,4.369672876476327e-11,0.0,14.57448887913222,0.9928373317512977,0.19011564153562627,0.978267126330892,0.9999999999999998,5.935285596336826e-11
209.0,0.2978372267341757,151.353773368338,1467.199489961129,0.17545428170851918,0.6340544689086324,-7.88685317990713,0.3984230988153348,0.000728211089696805,5.960908759526512e-11,0.8498285308277157,0.0242688583286709,0.0679764445671485,0.000760175032335,0.0031098428060249,0.052106862906301,0.0019492854284771,4.3717506552620685e-11,0.0,14.501622490552112,0.9927907557805856,0.18919221671042252,0.9781329933074194,0.9999999999999996,5.960953952666159e-11
208.0,0.2978231031505069,150.61484177532202,1466.996217934845,0.1754421410041663,0.6338986755013519,-7.887139701621686,0.3982112470257686,0.00072945852233825,5.986780855015128e-11,0.8492634659732793,0.0242600986272129,0.0682968891404411,0.0007641105187169,0.0031250825913848,0.0523312990976428,0.0019590539477159,4.3738322176381696e-11,0.0,14.428742769472603,0.9927436771683564,0.18826855221915254,0.9779974786232299,0.9999999999999998,5.986799944679433e-11
207.0,0.2978088263326173,149.87571588161,1466.7908412728962,0.17542987298762072,0.6337412113043843,-7.8874281847701315,0.3979974338023151,0.000730711470978078,6.012877146040238e-11,0.8486932075905094,0.0242512375957247,0.0686203660540144,0.0007680851720836,0.0031404738752746,0.0525577049598155,0.0019689246486896,4.37591761658243e-11,0.0,14.355849766476695,0.992696087775391,0.18734464485201252,0.9778605608485974,0.9999999999999998,6.01290128798837e-11
206.0,0.2977943937860874,149.136393095004,1466.583327167233,0.17541747571451535,0.6335820502146076,-7.887718659461192,0.3977816290362446,0.000731970021672189,6.039200516630321e-11,0.848117683851634,0.0242422738202416,0.0689469184638852,0.0007720995793357,0.0031560189148498,0.0527861061542252,0.0019788991116561,4.3780069062312095e-11,0.0,14.28294353330889,0.992647979286958,0.186420491368755,0.9777222181114886,0.9999999999999997,6.039235778132479e-11
205.0,0.2977798029624496,148.39687079865598,1466.37364212918,0.17540494720098554,0.6334211655869539,-7.888011156418809,0.3975638020036172,0.0007332342622446019,6.065753899633834e-11,0.8475368216067296,0.0242332058605168,0.0692765903463483,0.0007761543391524,0.0031717200120375,0.0530165287814183,0.0019889789493381,4.38010014191221e-11,0.0,14.210024122905892,0.9925993432081653,0.18549608849831997,0.9775824280861201,0.9999999999999994,6.065814517342005e-11
204.0,0.2977650512576922,147.657146350769,1466.1617519717902,0.17539228542267424,0.6332585302204665,-7.8883057069977385,0.3973439213496794,0.000734504282333261,6.092540277735407e-11,0.8469505463534033,0.0242240322494087,0.0696094265174772,0.0007802500622887,0.0031875795146427,0.0532489993902785,0.0019991658077532,4.38219738017255e-11,0.0,14.137091589428563,0.992550170858974,0.18457143293846126,0.9774411679811934,0.9999999999999996,6.092593096695964e-11
203.0,0.2977501360107665,146.91721708429802,1465.947621791644,0.17537948831369726,0.6330941163437912,-7.888602343199772,0.3971219550726355,0.0007357801734372819,6.119562684494905e-11,0.8463587822056196,0.0242147514922536,0.069945472653203,0.0007843873718806,0.0032035998174885,0.0534835449874435,0.0020094613670724,4.384298678812959e-11,0.0,14.06414598829428,0.9925004533692217,0.18364652135537252,0.9772984145277627,0.9999999999999997,6.119582618424602e-11
202.0,0.2977350545020201,146.177080306644,1465.731215950199,0.17536655376558047,0.6329278956002671,-7.888901097690388,0.3968978705070114,0.00073706202896567,6.14682420541265e-11,0.8457614518616786,0.0242053620662205,0.0702847753099591,0.0007885669037605,0.0032197833635906,0.0537201930469551,0.002019867342503,4.3864040969208593e-11,0.0,13.99118737620991,0.9924501816734004,0.182721350383305,0.9771541439667993,0.9999999999999998,6.146849695909395e-11
201.0,0.2977198039515789,145.436733299347,1465.512498054322,0.17535347962616665,0.6327598390325889,-7.8892020038159085,0.3966716343064806,0.00073834994428757,6.174327979020998e-11,0.8451584765713167,0.0241958624196465,0.0706273819459217,0.0007927893067817,0.0032361326453655,0.0539589715201396,0.0020303854851996,4.3885136949039716e-11,0.0,13.918215811207713,0.992399346505263,0.18179591662418373,0.9770083320362146,0.9999999999999998,6.17434992022936e-11
200.0,0.2977043815176881,144.696173317772,1465.291430936411,0.17534026369848343,0.6325899170668997,-7.889505095621231,0.3964432124261501,0.0007396440167841251,6.202077198002125e-11,0.8445497761018762,0.0241862509713545,0.0709733409428708,0.0007970552431536,0.0032526502058761,0.0541999088457377,0.0020410175832039,4.3906275345263425e-11,0.0,13.84523135267987,0.9923479383922936,0.180870216647215,0.9768609539576073,0.9999999999999998,6.202094393614743e-11
199.0,0.2976887842949894,143.955397590799,1465.06797663381,0.17532690373958318,0.6324180994964905,-7.8898104078680475,0.396212570104324,0.000740944345901967,6.230075110334123e-11,0.8439352687035455,0.0241765261099506,0.0713227016286836,0.0008013653887861,0.0032693386401138,0.054443033960279,0.0020517654624129,4.3927456789442296e-11,0.0,13.77223406141606,0.9922959476499648,0.17994424698849876,0.97671198442254,0.9999999999999996,6.230105320526036e-11
198.0,0.297673009312743,143.214403320503,1464.842096367559,0.175313397459341,0.6322443554648964,-7.890117976053693,0.3959796718436692,0.0007422510332084329,6.258325020464829e-11,0.8433148710736186,0.0241666861931025,0.071675514300487,0.0008057204336459,0.0032862005963209,0.0546883763087145,0.0020626309875784,4.394868192743863e-11,0.0,13.699223999640763,0.99224336437581,0.17901800415062877,0.9765613975783727,0.9999999999999998,6.2583493942725e-11
197.0,0.2976570535329765,142.473187681832,1464.6137505204601,0.1752997425192173,0.632068653448475,-7.890427836430568,0.3957444813917838,0.00074356418244855,6.28683029051488e-11,0.8426884983197588,0.0241567295467967,0.0720318302484845,0.0008101210821233,0.0033032387773511,0.0549359658553094,0.0020736160633376,4.396995141979563e-11,0.0,13.62620123105353,0.9921901784432551,0.17809148460229,0.9764091670136401,0.9999999999999994,6.286882126005366e-11
196.0,0.2976409138486072,141.731747822286,1464.3828986145218,0.1752859365309795,0.6318909612384296,-7.890740026026196,0.3955069617211473,0.000744883899603868,6.315594341510394e-11,0.8420560639222057,0.024146654464575,0.0723917017805019,0.0008145680534107,0.0033204559420742,0.0551858330948079,0.0020847226352771,4.399126594215344e-11,0.0,13.553165820868497,0.9921363794953574,0.1771646847778575,0.9762552657430145,0.9999999999999998,6.315614697882665e-11
195.0,0.2976245870814604,140.990080861587,1464.149499287526,0.17527197705538877,0.6317112459222805,-7.89105458266385,0.3952670750084834,0.0007462102929532,6.344620654647375e-11,0.841417479694931,0.024136459206747,0.0727551822472443,0.0008190620818933,0.003337854906821,0.0554380090638747,0.0020959526910297,4.401262618564277e-11,0.0,13.480117835857126,0.9920819569382013,0.17623760107698375,0.976099666191684,0.9999999999999999,6.344635927746367e-11
194.0,0.2976080699802383,140.248183891353,1463.913510268957,0.17525786160083978,0.6315294738647064,-7.891371544983897,0.3950247826134285,0.00074754347313536,6.37391277258696e-11,0.8407726557456743,0.0241261419995816,0.0731223260683126,0.0008236039175515,0.0033554385468751,0.0556925253528239,0.0021073082614076,4.403403285731223e-11,0.0,13.407057344390392,0.9920268999341277,0.17531022986419123,0.9759423401793047,0.9999999999999998,6.373934713366225e-11
193.0,0.2975913592184095,139.506053974765,1463.6748883550679,0.17524358762196007,0.6313456106877722,-7.8916909524658125,0.3947800450565024,0.0007488835532139369,6.403474300783312e-11,0.8401215004348462,0.0241157010344744,0.0734931887589966,0.0008281943263769,0.0033732097980097,0.0559494141176345,0.0021187914215711,4.4055486680561646e-11,0.0,13.333984416484522,0.9919711973946984,0.17438256746845623,0.9757832589033786,0.9999999999999998,6.403499952511993e-11
192.0,0.2975744513920687,138.763688146225,1463.4335893831928,0.17522915251815935,0.631159621250455,-7.8920128454509575,0.3945328219963491,0.0007502306487442439,6.433308908844244e-11,0.8394639203332233,0.0241051344670914,0.073867826957892,0.0008328340908017,0.0033911716580729,0.0562087080922717,0.0021304042922368,4.4076988395619127e-11,0.0,13.260899123846135,0.9919148379735623,0.17345461018278127,0.9756223929221286,0.9999999999999998,6.433331645183671e-11
191.0,0.2975573430176476,138.021083411027,1463.189568205171,0.1752145536321413,0.6309714696276298,-7.892337265165967,0.3942830722063295,0.000751584877842462,6.463420331927841e-11,0.8387998201784603,0.0240944404164853,0.0742462984553202,0.0008375240101411,0.003409327188622,0.0564704406013154,0.0021421490409227,4.409853875997432e-11,0.0,13.187801539920564,0.9918578100588253,0.17252635426378377,0.9754597121367807,0.9999999999999997,6.463440893611505e-11
190.0,0.2975400305295996,137.278236745011,1462.942778659892,0.17519978824836038,0.630781119088238,-7.892664253747003,0.3940307535502834,0.0007529463612571009,6.493812372173028e-11,0.8381291028303137,0.0240836169641876,0.0746286622226358,0.0008422649010508,0.0034276795166094,0.0567346455729078,0.0021540278832363,4.412013854886967e-11,0.0,13.11469173994041,0.9918001017653321,0.17159779593126373,0.9752951857732612,0.9999999999999996,6.493861004486234e-11
189.0,0.2975225102780013,136.53514509421998,1462.693173544897,0.1751848535914277,0.6305885320727529,-7.8929938542648035,0.3937758229574744,0.000754315222442872,6.524488900166595e-11,0.8374516692245633,0.0240726621532732,0.0750149784424278,0.0008470575979996,0.0034462318361224,0.0570013575520225,0.0021660430842043,4.414178855580517e-11,0.0,13.041569800976646,0.991741700926671,0.17066893136777497,0.9751287823632647,0.9999999999999998,6.524514262196135e-11
188.0,0.2975047785260382,135.791805374556,1462.440704587066,0.1751697468244692,0.6303936701699321,-7.89332611075051,0.3935182363967575,0.0007556915876370291,6.555453856447823e-11,0.8367674183256004,0.024061573987398,0.0754053085396338,0.0008519029537565,0.0034649874101767,0.0572706117140703,0.0021781969596459,4.416348959303977e-11,0.0,12.968435801991909,0.991682595086794,0.169739756718195,0.9749604697247106,0.9999999999999997,6.555500586813423e-11
187.0,0.2974868314474407,135.048214471429,1462.185322412368,0.1751544650474268,0.6301964940927619,-7.8936610682223725,0.3932579488498868,0.000757075585938331,6.586711253051459e-11,0.8360762470776,0.0240503504298051,0.0757997152136318,0.0008568018398952,0.0034839495725694,0.0575424438788535,0.0021904918775924,4.418524249212755e-11,0.0,12.895289823893272,0.991622771491469,0.16881026808928623,0.9747902149415786,0.9999999999999997,6.586742262726375e-11
186.0,0.297468665123792,134.304369239411,1461.926976514446,0.17513900529530668,0.6299969636536227,-7.893998772713308,0.3929949142839408,0.000758467349388677,6.618265175090662e-11,0.8353780503542735,0.0240389894023027,0.0761982624713096,0.0008617551473139,0.0035031217297883,0.0578168905248681,0.002202930259754,4.4207048104448545e-11,0.0,12.82213194958957,0.9915622170793067,0.16788046154926373,0.9746179843429641,0.9999999999999997,6.618294801086222e-11
185.0,0.297450275541762,133.560266501882,1461.665615222215,0.17512336453636326,0.629795037738529,-7.89433927129948,0.3927290856227605,0.000759867013057546,6.650119782378964e-11,0.8346727209071185,0.0240274887842123,0.0766010156611754,0.0008667637867741,0.0035225073629859,0.0580939888039676,0.0022155145830358,4.4228907301787005e-11,0.0,12.748962264049506,0.9915009184725401,0.16695033312735252,0.9744437434814766,0.9999999999999999,6.650135997432471e-11
184.0,0.2974316585902322,132.815903050675,1461.401185666374,0.1751075396702292,0.6295906742805989,-7.894682612129708,0.3924604147175223,0.0007612747151293591,6.68227931109588e-11,0.8339601493121306,0.024015846411282,0.0770080415085308,0.0008718286894554,0.0035421100300151,0.058373776556407,0.0022282473811053,4.4250820976898336e-11,0.0,12.675780854361104,0.9914388619674407,0.16601987881334374,0.974267457110916,0.9999999999999997,6.682310260686108e-11
183.0,0.2974128100573289,132.071275645723,1461.133633744729,0.17509152752597867,0.6293838302325326,-7.8950288444559735,0.3921888523162486,0.000762690596993872,6.714748075494086e-11,0.8332402239149134,0.0240040600745689,0.0774194081517574,0.0008769508075311,0.0035619333675322,0.0586562923262633,0.0022411312460131,4.4272790044120374e-11,0.0,12.602587809794045,0.9913760335244297,0.16508909455715376,0.9740890891631526,0.9999999999999998,6.714773181926148e-11
182.0,0.2973937256273278,131.326381014699,1460.862904086292,0.17507532486012703,0.629174461538183,-7.895378018664907,0.391914348032305,0.0007641148033397149,6.74753046965138e-11,0.8325128307741526,0.0239921275192859,0.077835185179741,0.000882131114762,0.0035819810931679,0.0589415753772514,0.0022541688298687,4.429481543998355e-11,0.0,12.52938322186426,0.9913124187577593,0.16415797626837375,0.9739086027241947,0.9999999999999997,6.747569170073575e-11
181.0,0.2973744008774583,130.581215852664,1460.588940014158,0.1750589283545598,0.6289625231031046,-7.895730186310398,0.3916368503118059,0.000765547482251214,6.780630969267434e-11,0.8317778536033732,0.023980046443614,0.0782554436704911,0.0008873706071107,0.0036022570077702,0.0592296657089431,0.0022673628465742,4.4316898123856695e-11,0.0,12.456167184400515,0.991248002924861,0.16322651981583,0.9737259600094387,0.9999999999999997,6.780664918437651e-11
180.0,0.2973548312745891,129.835776821703,1460.311683507021,0.17504233461439656,0.6287479687641385,-7.896085400147244,0.3913563063999499,0.000766988785308648,6.814054133508477e-11,0.8310351737109298,0.0239678144974754,0.0786802562309945,0.0008926703033771,0.0036227649977211,0.0595206040734046,0.0022807160736176,4.433903907859825e-11,0.0,12.382939793612834,0.991182770915297,0.16229472102712875,0.9735411223380139,0.9999999999999998,6.814071529248622e-11
179.0,0.2973350121717876,129.090060550565,1460.0310751595541,0.17502554016577695,0.6285307512578829,-7.8964437141660495,0.3910726623061356,0.000768438867692044,6.847804606898586e-11,0.8302846699381705,0.0239554292812711,0.0791096970383465,0.0008980312458558,0.0036435090373301,0.0598144319922579,0.0022942313539284,4.436123931124371e-11,0.0,12.309701148163793,0.991116707239292,0.16136257568820625,0.9733540501063694,0.9999999999999996,6.847844513657719e-11
178.0,0.2973149388047485,128.344063634311,1459.7470541409948,0.17500854145356984,0.6283108221880298,-7.896805183629311,0.3907858627678635,0.0007698978882886801,6.881887121260805e-11,0.8295262185957116,0.0239428883445783,0.0795438418822085,0.0009034545010165,0.0036644931913077,0.0601111917741764,0.0023079115977983,4.4383499853710767e-11,0.0,12.236451349242964,0.9910497960158284,0.16043007954288874,0.9731647027606632,0.9999999999999996,6.881917258283465e-11
177.0,0.2972946062880944,127.59778263394399,1459.459558152612,0.17499133483900645,0.6280881319916054,-7.897169865108738,0.3904958512134282,0.000771366009804464,6.916306497709471e-11,0.8287596933977461,0.023930189184805,0.0799827682086466,0.0009089411602073,0.0036857216173217,0.0604109265328356,0.0023217597848684,4.440582176352389e-11,0.0,12.163190500642983,0.9909820209603147,0.15949722829243,0.972973038768408,0.9999999999999998,6.916334172046845e-11
176.0,0.2972740096115361,126.851214076058,1459.168523383506,0.17497391659722955,0.6278626299039798,-7.897537816523901,0.3902025697232556,0.0007728433988793169,6.951067648694363e-11,0.8279849653943234,0.0239173292458039,0.0804265551653983,0.0009144923403839,0.0037071985686396,0.0607136802053234,0.0023357789661882,4.442820612456986e-11,0.0,12.08991870883847,0.9909133653717871,0.1585640175950725,0.972779015589004,0.9999999999999997,6.951106357178105e-11
175.0,0.2972531436358706,126.104354452475,1458.873884464754,0.17495628291475804,0.6276342639226377,-7.897909097182217,0.3899059589899289,0.0007743302262067569,6.986175580099108e-11,0.827201902901537,0.0239043059164413,0.0808752836486168,0.0009201091848632,0.0037289283968596,0.0610194975710241,0.0023499722663452,4.4450654047861344e-11,0.0,12.016636083068676,0.9908438121195686,0.15763044306559373,0.9725825896431692,0.9999999999999996,6.986222711446999e-11
174.0,0.2972320030888563,125.35720021988999,1458.5755744220219,0.17493842988685762,0.6274029807695958,-7.898283767820432,0.3896059582767055,0.0007758266666578489,7.021635393393887e-11,0.8264103714295182,0.0238911165291207,0.0813290363511685,0.000925792864105,0.0037509155547368,0.0613284242709879,0.0023643428856731,4.4473166672356424e-11,0.0,11.9433427354218,0.990773343629521,0.15669650027486248,0.9723837162813479,0.9999999999999999,7.021649928162788e-11
173.0,0.2972105825608972,124.60974779951201,1458.2735246263271,0.17492035351482327,0.627168725852509,-7.898661890647503,0.3893025053746246,0.000777332899409711,7.057452287845774e-11,0.8256102336081932,0.023877758358259,0.0817878978125161,0.0009315445765202,0.0037731645991032,0.0616405068278002,0.0023788941025375,4.449574516577712e-11,0.0,11.870038780923837,0.9907019418696574,0.15576218474939002,0.9721823497508847,0.9999999999999997,7.057487927397688e-11
172.0,0.2971888765005821,123.86199357671299,1457.967664743136,0.1749020497031638,0.6269314432243558,-7.89904352938905,0.3889955365580695,0.0007788491080787741,7.093631562787368e-11,0.8248013491106891,0.0238642286187131,0.0822519544702728,0.0009373655493094,0.0037956801938902,0.0619557926659661,0.0023936292757043,4.4518390725468655e-11,0.0,11.796724337629252,0.9906295883352738,0.15482749197089124,0.9719784431620907,0.9999999999999998,7.093658993539975e-11
171.0,0.2971668792100391,123.113933900675,1457.6579226794108,0.17488351425668666,0.62669107554166,-7.899428749333376,0.3886849865387329,0.000780375480858993,7.130178619946177e-11,0.8239835745743274,0.023850524464154,0.082721294713477,0.0009432570393303,0.0038184671132539,0.0622743301328196,0.0024085518467947,4.4541104579276205e-11,0.0,11.72339952671576,0.9905562640334636,0.15389241737584375,0.9717719484529406,0.9999999999999998,7.130196433280389e-11
170.0,0.2971445848401127,122.365565084044,1457.344224528799,0.17486474287747014,0.6264475640210628,-7.8998176173793,0.3883707884178013,0.000781912210665224,7.167098965833457e-11,0.8231567635191055,0.0238366429853936,0.0831960089376632,0.000949220333998,0.0038415302448107,0.0625961685199644,0.0024236653428295,4.4563887986483346e-11,0.0,11.65006447258347,0.9904819494670424,0.152956956355055,0.9715628163525327,0.9999999999999998,7.167122451079422e-11
169.0,0.297121987385345,121.616883402579,1457.026494514852,0.17484573116173907,0.6262008483944818,-7.900210202085498,0.3880528736365924,0.000783459495282019,7.20439821420045e-11,0.8223207662635724,0.0238225812086478,0.083676189601792,0.0009552567522175,0.003864874592984,0.0629213580852893,0.0024389733788659,4.4586742238729596e-11,0.0,11.576719302954837,0.9904066246178167,0.15202110425322377,0.9713509963432346,0.9999999999999998,7.204425944706827e-11
168.0,0.2970990806787624,120.867885094821,1456.704654931855,0.1748264745966154,0.6259508668624255,-7.900606573721876,0.3877311719252061,0.000785017537518027,7.242082088556752e-11,0.8214754298380196,0.0238083360937499,0.0841619312871204,0.00096136764535,0.0038885052824692,0.0632499500755268,0.0024544796607333,4.460966866100577e-11,0.0,11.50336414898215,0.9903302689292081,0.15108485636852625,0.9711364366212366,0.9999999999999998,7.242118016392851e-11
167.0,0.2970758583864525,120.118566361748,1456.3786260836962,0.17480696855675515,0.6256975560456429,-7.901006804322713,0.3874056112493589,0.000786586545366294,7.280156424757681e-11,0.8206205978948623,0.0237939045323014,0.0846533307580837,0.0009675543982161,0.0039124275618208,0.0635819967494124,0.0024701879878687,4.463266861265984e-11,0.0,11.429999145356252,0.990252861288175,0.150148207952185,0.9709190840557974,0.9999999999999993,7.280220870597987e-11
166.0,0.297052314001917,119.36892336644999,1456.04832622032,0.17478720830086011,0.6254408509349441,-7.901410967741835,0.3870761177552282,0.0007881667321707039,7.318627173660146e-11,0.8197561106161315,0.0237792833457619,0.0851504870252689,0.0009738184301356,0.0039366468071669,0.0639175514014333,0.0024861022562596,4.465574348844208e-11,0.0,11.356624430420437,0.99017438000639,0.1492111542080625,0.97069888414688,0.9999999999999994,7.318667893940756e-11
165.0,0.2970284408402121,118.618952233806,1455.7136714716378,0.17476718896806157,0.6251806848391039,-7.901819139709803,0.3867426157122491,0.000789758316798842,7.357500403850406e-11,0.818881804617948,0.0237644692834743,0.0856535014105723,0.0009801611960057,0.003961168526055,0.0642566683861942,0.0025022264614964,4.467889471958594e-11,0.0,11.283240146288364,0.9900948028007072,0.1482736902922575,0.9704757809810919,1.0,7.35751459757239e-11
164.0,0.2970042320318188,117.868649050165,1455.374575779077,0.17474690557416542,0.6249169893307621,-7.9022313978933365,0.3864050274537085,0.0007913615238215441,7.396782304443628e-11,0.8179975128518947,0.0237494590206261,0.0861624776146071,0.0009865841874211,0.0039859983614366,0.0645994031434036,0.0025185647019404,4.47021237749261e-11,0.0,11.20984643896747,0.9900141067727294,0.14733581131270626,0.9702497171860514,0.9999999999999998,7.39681649264412e-11
163.0,0.2969796805163074,117.11800986303899,1455.030950824314,0.17472635300776365,0.6246496941903178,-7.902647821956839,0.3860632733151963,0.000792976583699493,7.436479187960715e-11,0.8171030645031242,0.023734249156138,0.0866775217864903,0.0009930889338358,0.0040111420957948,0.0649458122235143,0.0025351211820121,4.4725432162054036e-11,0.0,11.136443458485207,0.9899322683876914,0.14639751232879875,0.970020633882876,0.9999999999999996,7.436518068004716e-11
162.0,0.2969547790356875,116.367030680805,1454.6827059554148,0.17470552602619327,0.6243787273476007,-7.903068493626389,0.3857172715706376,0.000794603732977114,7.476597493280928e-11,0.816198284885137,0.0237188362104834,0.0871987425960541,0.0009996770037685,0.0040366056554207,0.0652959533140165,0.0025519002156047,4.474882142850372e-11,0.0,11.063031359021855,0.9898492634522917,0.14545878835100626,0.9697884706369432,0.9999999999999998,7.476619323654177e-11
161.0,0.296929520127527,115.615707472413,1454.329748109951,0.17468441925134262,0.6241040148212764,-7.903493496756159,0.3853669383658573,0.0007962432144841499,7.51714378867402e-11,0.8152829953310526,0.0237032166234338,0.0877262513086342,0.0010063500060558,0.0040623951148464,0.0656498852664033,0.0025689062296299,4.4772293163003394e-11,0.0,10.9896102990481,0.9897650670917567,0.14451963434051626,0.9695531654066339,0.9999999999999997,7.517175770743734e-11
160.0,0.2969038961177545,114.864036167112,1453.9719817350342,0.17466302716529852,0.6238254806558889,-7.903922917397359,0.3850121876496493,0.000797895277545244,7.558124774914685e-11,0.8143570130812747,0.0236873867517251,0.0882601618624996,0.0010131095911526,0.0040885167014395,0.0660076681238317,0.0025861437676994,4.479584899674757e-11,0.0,10.916180441467876,0.9896796537258483,0.14358004520889,0.9693146544900229,0.9999999999999998,7.558143000352402e-11
159.0,0.2968778991131685,114.11201265418299,1453.609308704403,0.17464134410583287,0.6235430468565418,-7.904356843869775,0.3846529311022229,0.0007995601781979369,7.599547288482213e-11,0.8134201511673909,0.0236713428666428,0.0888005909490558,0.0010199574524832,0.0041149768001655,0.0663693631494963,0.0026036174939504,4.481949060470381e-11,0.0,10.842741953766089,0.9895929970438949,0.14264001581772873,0.969072872469602,0.9999999999999998,7.599565421401167e-11
158.0,0.2968515209936313,113.359632782687,1453.241628231978,0.17461936426170072,0.6232566333207833,-7.9047953668363,0.3842890780606876,0.000801238179419416,7.641418304843237e-11,0.8124722182921794,0.023655081151527,0.0893476580959298,0.0010268953278457,0.0041417819585284,0.0667350328557115,0.0026213321970205,4.484321970700534e-11,0.0,10.769295008163944,0.9895050699787711,0.14169954097835874,0.968827752154652,0.9999999999999999,7.641431931659781e-11
157.0,0.296824753403928,112.606892361229,1452.868836782055,0.17459708166777324,0.6229661577680246,-7.905238579380124,0.3839205354418551,0.0008029295513624921,7.683744941827397e-11,0.8115130187055576,0.0236385976991851,0.0899014857530588,0.001033925000871,0.004168938891692,0.0671047410337517,0.0026392927941791,4.486703807034179e-11,0.0,10.695839781778451,0.9894158446797601,0.14075861545153626,0.96857922452137,0.9999999999999997,7.683775837818985e-11
156.0,0.2967975877452616,111.85378715774,1452.490827975884,0.17457449019996535,0.622671535665948,-7.90568657708519,0.3835472076617794,0.000804634571601171,7.726534463090576e-11,0.8105423520763354,0.0236218885092193,0.0904621993818985,0.00104104830254,0.0041964544877949,0.0674785527844334,0.002657504335622,4.4890947509433136e-11,0.0,10.622376456790052,0.9893252924842054,0.139817233947175,0.9683272186505893,0.9999999999999998,7.726552730957792e-11
155.0,0.2967700151664054,111.100312899271,1452.107492494385,0.17455158356997555,0.6223726801540821,-7.906139458119672,0.3831689965522891,0.0008063535253863479,7.769794281674459e-11,0.8095600133595838,0.0236049494852548,0.0910299275479063,0.0010482671127612,0.0042243358134631,0.0678565345494802,0.0026759720089374,4.4914949888536577e-11,0.0,10.54890522061572,0.989233383888018,0.13887539112408875,0.9680716616629234,0.9999999999999998,7.769818122227434e-11
154.0,0.2967420265544448,110.346465271815,1451.7187179769,0.1745283553198085,0.6220695019641833,-7.9065973233229245,0.3827858012740259,0.0008080867059120391,7.813531963660303e-11,0.8085657926594787,0.0235877764320747,0.0916048020164107,0.0010555833620114,0.0042525901195319,0.0682387541436671,0.0026947011437509,4.4939047123017746e-11,0.0,10.475426266090437,0.989140088514816,0.13793308158976875,0.9678124786512667,0.9999999999999998,7.813549807167419e-11
153.0,0.2967136125251366,109.592239920147,1451.324388915889,0.17450479881609132,0.6217619093375203,-7.907060276295751,0.3823975182261909,0.000809834414592729,7.857755231924119e-11,0.8075594750874057,0.023570365052647,0.0921869578520366,0.0010629990330429,0.0042812248469832,0.0686252807877861,0.0027136972165574,4.4963241180956366e-11,0.0,10.401939791654014,0.9890453750837888,0.13699029990018374,0.9675495926105926,0.9999999999999997,7.857792194698732e-11
152.0,0.2966847634128159,108.837632447685,1450.924386547029,0.17448090724414902,0.6214498079385772,-7.907528423494505,0.3820040409524265,0.000811596961352303,7.902471969990234e-11,0.8065408406151874,0.0235527109450513,0.0927765335218152,0.0010705161626596,0.0043102476331112,0.0690161851424136,0.0027329658557492,4.498753408483261e-11,0.0,10.328446001548121,0.9889492113760531,0.13604704055960626,0.967282924364686,0.9999999999999997,7.90248977367014e-11
151.0,0.2966554692598768,108.08263841638001,1450.518588735024,0.17445667360185518,0.6211331007654184,-7.908001874328837,0.3816052600430861,0.000813374664925185,7.947690225992318e-11,0.8055096639231913,0.0235348095992897,0.0933736710021603,0.0010781368435662,0.0043396663179221,0.0694115393425323,0.002752512846849,4.501192791324456e-11,0.0,10.254945106019445,0.9888515641995893,0.13510329802047502,0.967012392490016,0.9999999999999997,7.94772025969337e-11
150.0,0.2966257198057639,107.32725334663301,1450.1068698543802,0.1744320906932228,0.6208116880561483,-7.908480741263571,0.381201063033342,0.0008151678531702459,7.993418216738771e-11,0.8044657142431552,0.0235166563939854,0.0939785158898593,0.0010858632262934,0.0043694889507825,0.069811417032995,0.0027723441379583,4.503642480270585e-11,0.0,10.181437321532377,0.9887523993525464,0.13415906668329128,0.9667379132362535,0.9999999999999997,7.99345034607768e-11
149.0,0.29659550447548,106.571472717243,1449.6891006652652,0.17440715112174204,0.620485467191612,-7.908965139924668,0.3807913342972373,0.0008169768633981401,8.03966433189007e-11,0.8034087551954897,0.0234982465929589,0.0945912175172715,0.001093697521203,0.0043997237973235,0.0702158934048653,0.0027924658454301,4.5061026949487494e-11,0.0,10.107922870989807,0.9886516815849333,0.13321434089655373,0.9664594004435101,0.9999999999999998,8.039691135053317e-11
148.0,0.2965648123675689,105.815291965388,1449.265148184038,0.17438184728343853,0.6201543325939016,-7.90945518920967,0.3803759549372252,0.000818802042712706,8.086437138246584e-11,0.8023385446208645,0.0234795753416814,0.0952119290719072,0.0011016420005761,0.0044303793466148,0.0706250452326271,0.0028128842597784,4.5085736611546405e-11,0.0,10.034401983964733,0.988549374558563,0.132269114956735,0.9661767654560254,0.9999999999999998,8.086464831080775e-11
147.0,0.2965336322415354,105.058706486641,1448.8348755483548,0.1743561713596534,0.6198181756207026,-7.909951011402625,0.3799548026692614,0.000820643748367179,8.133745384154618e-11,0.801254834405825,0.0234606376635942,0.0958408077205788,0.00110969900079,0.0044614643186186,0.0710389509123113,0.0028336058518337,4.511055611048173e-11,0.0,9.96087489693927,0.988445440805118,0.13132338310830124,0.9658899170322366,0.9999999999999997,8.1337825363903e-11
146.0,0.2965019525047046,104.30171163502301,1448.398141876269,0.1743301153095176,0.6194768844550496,-7.91045273229391,0.379527751702966,0.000822502348135923,8.181598004029003e-11,0.8001573703022176,0.0234414284562945,0.0964780147383412,0.0011178709245862,0.004492987671937,0.0714576905005136,0.0028546372791581,4.513548783359108e-11,0.0,9.887341853556235,0.9883398416823488,0.13037713954377878,0.965598761250846,0.9999999999999994,8.18164425098189e-11
145.0,0.2964697611984559,103.544302723101,1447.954802119367,0.17430367086211124,0.6191303439903613,-7.910960481305127,0.3790946726167412,0.000824378220702484,8.230004122996984e-11,0.799045891740162,0.0234219424875794,0.0971237156424198,0.0011261602434355,0.0045249586118669,0.0718813457543423,0.0028759853927332,4.5160534235989336e-11,0.0,9.813803104880053,0.9882325373281864,0.12943037840387625,0.9653032014129114,0.9999999999999998,8.2300388726253e-11
144.0,0.2964370459838164,102.78647502213,1447.5047069094971,0.17427682950830092,0.6187784357106441,-7.911474391619204,0.3786554322276538,0.00082627175606481,8.278973061668113e-11,0.7979201316343196,0.0234021743913397,0.0977780803313573,0.0011345695000046,0.0045573865987729,0.0723100001722994,0.0028976572439308,4.518569784278341e-11,0.0,9.740258909669798,0.9881234866127214,0.1284830937776625,0.9650031379396647,0.9999999999999998,8.27899970801127e-11
143.0,0.2964037941263809,102.028223762248,1447.0477023987,0.17424958249222525,0.6184210375653916,-7.911994600316115,0.3782098934557325,0.000828183355958514,8.3285143410306e-11,0.7967798161831671,0.0233821186633011,0.0984412832296184,0.0011431013107287,0.0045902813567972,0.0727437390361068,0.0029196600917845,4.521098125133519e-11,0.0,9.666709534663065,0.9880126470879363,0.12753527970281,0.9646984682658001,0.9999999999999998,8.328537859370044e-11
142.0,0.2963699924805039,101.269544132711,1446.5836300920478,0.1742219208024227,0.6180580238391058,-7.91252124851441,0.3777579151824293,0.000830113434299101,8.378637687478632e-11,0.7956246646610148,0.0233617696566027,0.0991135034378893,0.0011517583684964,0.0046236528829167,0.0731826494534832,0.0029420014105739,4.5236387133586966e-11,0.0,9.593155254873352,0.987899974935013,0.12658693016588876,0.9643890867280318,0.9999999999999997,8.378675531162116e-11
141.0,0.2963356274727582,100.51043128220499,1446.112326673082,0.1741938351625768,0.617689265015055,-7.913054481518886,0.3772993521029431,0.0008320624176441729,8.429353037972619e-11,0.7944543892024479,0.0233411215772093,0.0997949248893522,0.001160543445452,0.0046575114563683,0.0736268204018749,0.0029646888977396,4.526191823848488e-11,0.0,9.519596353900335,0.9877854249091941,0.12563803910275623,0.9640748844487212,0.9999999999999996,8.429390518926994e-11
140.0,0.29630068508456,99.75088031919901,1445.633623821534,0.17416531602186686,0.6173146276330825,-7.913594448974632,0.3768340545721882,0.000834030745676652,8.480670545337456e-11,0.7932686945788959,0.0233201684791451,0.1004857365121752,0.0011694593959212,0.0046918676484552,0.0740763427731704,0.0029877304821424,4.528757739444669e-11,0.0,9.446033124252379,0.9876689502818666,0.12468860039899876,0.963755749214356,0.9999999999999997,8.480705027125168e-11
139.0,0.2962651508339819,98.990886312384,1445.147348022474,0.17413635354489285,0.616933974140976,-7.914141305027926,0.3763618684438841,0.0008360188717100999,8.532600583698117e-11,0.7920672779670058,0.0232989042595487,0.1011861323985448,0.0011785091594667,0.0047267323327536,0.0745313094193531,0.0030111343326877,4.531336751195299e-11,0.0,9.372465867686715,0.9875505027799397,0.12373860789048001,0.963431565348316,0.9999999999999999,8.532607953526394e-11
138.0,0.2962290097566676,98.230444291167,1444.653320367258,0.17410693760117105,0.616547162739359,-7.9146952084941,0.3758826349027018,0.000838027263217401,8.585153754060691e-11,0.7908498287084508,0.0232773226535313,0.1018963119805207,0.0011876957640809,0.0047621166957382,0.0749918151991563,0.0030349088673307,4.533929158618757e-11,0.0,9.298894895560855,0.9874300325222254,0.12278805536395876,0.9631022135781719,0.9999999999999999,8.585165911512149e-11
137.0,0.2961922463857978,97.469549246255,1444.1513563449148,0.17407705775416124,0.6161540472194773,-7.915256323032942,0.3753961902888498,0.0008400564023839439,8.638340890037455e-11,0.7896160280608672,0.0232554172288392,0.1026164802130334,0.0011970223295217,0.004798032247845,0.0754579570256614,0.003059062762483,4.5365352699777925e-11,0.0,9.225320529203227,0.9873074879526593,0.12183693655781874,0.9627675708966099,0.9999999999999997,8.638378901082433e-11
136.0,0.2961548447310592,96.708196130316,1443.641265624245,0.1740467032498154,0.6157544767937451,-7.915824817331845,0.3749023659149388,0.000842106786686727,8.692173063722175e-11,0.7883655489395086,0.0232331813803036,0.1033468477643624,0.0012064920707998,0.0048344908349922,0.0759298339148784,0.0030836049628414,4.5391554025604726e-11,0.0,9.151743100298297,0.9871828157701973,0.12088524516289499,0.9624275104161634,0.9999999999999998,8.692191411086014e-11
135.0,0.2961167882565854,95.94637985873099,1443.122851825638,0.17401586300460611,0.6153482959184172,-7.916400865297374,0.3744009878743997,0.000844178929500726,8.74666159171375e-11,0.7870980556492436,0.0232106083240779,0.1040876312144665,0.0012161083018262,0.0048715046505825,0.0764075470352575,0.003108544691661,4.541789882974752e-11,0.0,9.078162951291578,0.9870559608552847,0.11993297482341374,0.962081901217092,0.9999999999999998,8.746681157134617e-11
134.0,0.2960780598577412,95.184095310446,1442.595912282249,0.17398452559303632,0.6149353441083389,-7.916984646255236,0.3738918768415287,0.000846273360734072,8.801818041299662e-11,0.7858132036065025,0.0231876910916391,0.1048390532614969,0.0012258744392259,0.0049090862480044,0.0768911997581751,0.0031338914614932,4.544439047444271e-11,0.0,9.004580435810908,0.9869268661924707,0.11898011913805749,0.9617306081881659,0.9999999999999998,8.801848139228241e-11
133.0,0.2960386418367712,94.421337328923,1442.060237790022,0.17395267923456886,0.614515455742931,-7.917576345159617,0.3733748478621379,0.0008483906274935981,8.857654236791195e-11,0.7845106390507236,0.0231644225235584,0.1056013429369387,0.0012357940063299,0.0049472485536626,0.077380897709321,0.0031596550854178,4.547103242121168e-11,0.0,8.930995919109009,0.9867954727892374,0.11802667166115376,0.9613734918600146,0.9999999999999997,8.857692357366886e-11
132.0,0.2959985158771616,93.65810072321301,1441.515612345726,0.17392031177997755,0.6140884598633322,-7.91817615281195,0.3728497101347976,0.0008505312947824361,8.91418226602272e-11,0.7831899987448939,0.0231407952630165,0.1063747358297456,0.0012458706373531,0.0049860048805562,0.0778767488210055,0.0031858456887893,4.549782823402104e-11,0.0,8.85740977852633,0.9866617195905386,0.11707262590401626,0.9610104082304839,0.9999999999999999,8.91419160709006e-11
131.0,0.2959576630167182,92.894380269138,1440.961812872614,0.17388741069706617,0.6136541799599328,-7.918784266089863,0.3723162667818736,0.0008526959462315049,8.971414487011358e-11,0.7818509096646679,0.0231168017490616,0.1071594743199494,0.0012561080817686,0.0050253689424348,0.0783788633853489,0.0032124737215296,4.5524781582575423e-11,0.0,8.783822403974785,0.9865255433890607,0.1161179753364225,0.9606412085817427,0.9999999999999997,8.97144580846998e-11
130.0,0.2959160636191908,92.130170710616,1440.3986089327861,0.173853963055737,0.61321243374997,-7.919400888186758,0.3717743146099694,0.0008548851848667321,9.029363534781888e-11,0.7804929886756576,0.0230924342095936,0.1079558078221524,0.0012665102088896,0.0050653548685585,0.0788873541083094,0.003239549970993,4.555189624567655e-11,0.0,8.71023419844603,0.9863868787306361,0.11516271338827,0.9602657392885241,0.9999999999999997,9.029399450355413e-11
129.0,0.2958736973444624,91.365466761115,1439.825762425738,0.17381995551236887,0.6127630329445963,-7.920026228862555,0.3712236438591629,0.0008570996339141141,9.088042328360042e-11,0.7791158421982975,0.0230676846540609,0.1087639930394478,0.0012770810126701,0.0051059772190899,0.0794023361645381,0.0032670855754358,4.5579176114688264e-11,0.0,8.636645578541895,0.9862456578148747,0.11420683345139375,0.9598838416171587,0.9999999999999998,9.088063634976606e-11
128.0,0.2958305431171054,90.600263105273,1439.243027272053,0.17378537429346272,0.6123057830047423,-7.920660504706349,0.3706640379403598,0.0008593399376447031,9.147464077932503e-11,0.777719065859851,0.0230425448658627,0.1095842942282162,0.0012878246167367,0.0051472510011499,0.0799239272529798,0.0032950920381223,4.560662519709362e-11,0.0,8.563056975032554,0.9861018103903513,0.11325032888159126,0.959495351514702,0.9999999999999997,9.147493873484791e-11
127.0,0.2957865790933141,89.834554400665,1438.650149081726,0.1737502051785287,0.6118404828853778,-7.921303939411418,0.3700952731602811,0.0008616067622619069,9.20764229218018e-11,0.7763022441329157,0.0230170063944341,0.1104169834744042,0.0012987452796638,0.0051891916855677,0.0804522476532015,0.003323581242102,4.5634247620145736e-11,0.0,8.489468833439542,0.9859552636443802,0.11229319300083125,0.9591000993878174,0.9999999999999997,9.207679063649721e-11
126.0,0.2957417826260218,89.068335279758,1438.04686480593,0.17371443348215868,0.61136692476728,-7.921956764063475,0.3695171184332135,0.000863900796833478,9.26859078578152e-11,0.7748649499599294,0.0229910605470075,0.1112623409817998,0.0013098474005079,0.0052318152243597,0.0809874202823521,0.0033525654656954,4.566204763461568e-11,0.0,8.415881614648875,0.9858059420867393,0.1113354190996975,0.95869790987062,0.9999999999999996,9.268630307701642e-11
125.0,0.2956961302281299,88.301600352052,1437.432902371519,0.1736780440352574,0.610884893775902,-7.922619217442641,0.3689293349790397,0.0008662227542708719,9.330323687092621e-11,0.7734067443630244,0.0229646983800268,0.1121206553729312,0.0013211355246126,0.0052751380689699,0.081529570752717,0.0033820573987244,4.5690029618600665e-11,0.0,8.342295795552515,0.9856537674270998,0.110377000440065,0.9582886015810127,0.9999999999999997,9.330369810101047e-11
124.0,0.2956495975337316,87.53434420642,1436.8079802970929,0.1736410211653647,0.6103941676862974,-7.9232915463402085,0.3683316760064619,0.0008685733723587181,9.392855445997611e-11,0.7719271760386338,0.0229379106902079,0.1129922240032263,0.0013326143497034,0.0053191771893123,0.0820788274297365,0.0034120701595328,4.5718198081460984e-11,0.0,8.268711869723443,0.985498658445772,0.109417930258025,0.9578719868647285,0.9999999999999998,9.392875366387443e-11
123.0,0.2956021592572023,86.766561413676,1436.171807289742,0.17360334867604388,0.6098945166136491,-7.923974005890678,0.3677238863809844,0.000870953414837434,9.456200841937945e-11,0.7704257809361535,0.0229106880052173,0.1138773532891046,0.0013442887322856,0.0053639500936502,0.0826353214904436,0.0034426173128363,4.5746557667803207e-11,0.0,8.195130348122008,0.985340530857341,0.108458201767095,0.9574478715264947,0.9999999999999999,9.456213589942308e-11
122.0,0.2955537891500157,85.998246529372,1435.524081821058,0.17356500982525658,0.6093857026882519,-7.924666859920291,0.3671057022763611,0.000873363672542094,9.520374992111597e-11,0.7689020818200242,0.0228830205739618,0.1147763590507083,0.0013561636943665,0.0054094748493569,0.0831991869821501,0.0034737128884531,4.5775113161588756e-11,0.0,8.121551759840184,0.9851792971667189,0.107497808161715,0.9570160545473719,0.9999999999999999,9.520395582995889e-11
121.0,0.2955044599550956,85.229394096856,1434.864491681631,0.17352598730270277,0.6088674797144945,-7.925370381312539,0.3664768508091045,0.000875804964601023,9.585393359852476e-11,0.767355587814491,0.0228548983564594,0.1156895668699951,0.0013682444305169,0.0054557701045957,0.0837705608813262,0.0035053714009578,4.580386949023745e-11,0.0,8.047976652880642,0.9850148665169854,0.10653674262106999,0.956576327787754,0.9999999999999998,9.585410243317938e-11
120.0,0.29545414335866,84.45999865059599,1434.192713512205,0.1734862632060278,0.6083395928123909,-7.926084852392135,0.3658370496544982,0.000878278139697687,9.651271763176246e-11,0.7657857939302714,0.0228263110132822,0.1166173124650602,0.0013805363152964,0.0055028551109693,0.0843495831524553,0.0035376078703195,4.5832831728894635e-11,0.0,7.974405594977363,0.9848471445288667,0.10557499831324499,0.9561284756748034,0.9999999999999999,9.651279775368948e-11
119.0,0.2954028099392413,83.690054719809,1433.5084123107001,0.17344581901587014,0.6078017780412089,-7.9268105653280205,0.3651860066436043,0.000880784077399782,9.718026383502131e-11,0.7641921805724128,0.0227972478945412,0.1175599420814305,0.0013930449110599,0.0055507497471814,0.0849363968067597,0.0035704378435721,4.586200510467535e-11,0.0,7.900839174457102,0.9846760331308043,0.10461256839976124,0.9556722748738001,0.9999999999999998,9.718048588069905e-11
118.0,0.2953504291138241,82.91955683240299,1432.811240913014,0.17340463556965913,0.6072537620037444,-7.927547822556806,0.3645234193398083,0.00088332368955968,9.785673774541242e-11,0.7625742130284611,0.0227676980283956,0.1185178129012993,0.0014057759761717,0.0055994745437612,0.0855311479605828,0.0036038774175799,4.589139500099866e-11,0.0,7.8272780011454675,0.9845014303794136,0.10364944604050373,0.9552074939420093,0.9999999999999998,9.785694476960316e-11
117.0,0.2952969690808185,82.148499519263,1432.100839446613,0.17336269303410012,0.6066952614303076,-7.928296937227766,0.3638489745938402,0.000885897921790622,9.854230871348954e-11,0.7609313409361513,0.0227376501090649,0.119491293471582,0.0014187354736496,0.0056490507089041,0.0861339858932231,0.0036379432629615,4.592100696195058e-11,0.0,7.753722707320422,0.9843232302693949,0.10268562439907875,0.9547338929644087,0.9999999999999999,9.854239646500673e-11
116.0,0.2952423967597292,81.376877318908,1431.376834754819,0.17331997087627768,0.606125982741249,-7.929058233670506,0.3631623480760897,0.0008885077550234991,9.923714999540364e-11,0.7592629977296742,0.0227070924843118,0.1204807641518355,0.0014319295802661,0.0056995001554798,0.0867450631040068,0.0036726526492376,4.595084669666477e-11,0.0,7.680173948714265,0.9841413225324307,0.101721096648635,0.9542512231698793,0.9999999999999997,9.923750710072454e-11
115.0,0.2951866777272172,80.604684782542,1430.638839790286,0.17327644783328755,0.6055456215867056,-7.929832047886805,0.3624632037847828,0.0008911542071492071,9.994143884659622e-11,0.7575686000636707,0.0226760131423788,0.1214866175830393,0.0014453646961347,0.0057508455292667,0.087364535368314,0.0037080234712733,4.5980920083701786e-11,0.0,7.606632405569514,0.9839555924240573,0.10075585597817749,0.9537592265268574,0.9999999999999998,9.994161054294182e-11
114.0,0.295129776149383,79.831916479542,1429.886452975428,0.17323210188031252,0.6049538623621263,-7.930618728068037,0.3617511935285407,0.000893838334752096,1.0065535661696473e-10,0.7558475472139374,0.0226443996983475,0.1225092591784014,0.0014590474548119,0.0058031102384721,0.0879925617922688,0.003744074277094,4.601123317544663e-11,0.0,7.533098783750582,0.9837659204979434,0.0997898955994275,0.9532576353169521,0.9999999999999997,1.0065570599238072e-10
113.0,0.2950716547099523,79.058567003408,1429.119257528225,0.17318691019706733,0.6043503776984618,-7.9314186351394715,0.3610259563820976,0.000896561234940359,1.013790888474793e-10,0.754099220453873,0.0226122393798873,0.1235491076373298,0.0014729847339452,0.0058563184845985,0.0886293048657942,0.0037808242971508,4.6041792202418105e-11,0.0,7.45957381591341,0.9835721823665077,0.09882320875426,0.9527461716854834,0.9999999999999999,1.0137923833752893e-10
112.0,0.2950122745494418,78.28463097734601,1428.336820744614,0.17314084913103814,0.6037348279056404,-7.932232143355904,0.360287118090655,0.000899324047283671,1.0211282536278277e-10,0.7523229823959917,0.0225795190126681,0.1246065954952042,0.0014871836666785,0.0059104952949467,0.0892749305106808,0.0038182934756442,4.6072603590150385e-11,0.0,7.386058262789345,0.9833742484981394,0.09785578872168252,0.952224547163076,0.9999999999999998,1.0211320677910862e-10
111.0,0.2949515951220852,77.510103064747,1427.5386932718582,0.17309389416622234,0.6031068604854765,-7.933059640814072,0.3595342905574767,0.0009021279558400901,1.0285676039167148e-10,0.7505181763558046,0.0225462250036135,0.1256821696414886,0.0015016516527965,0.005965666555471,0.0899296081410095,0.0038565025008556,4.6103673912348655e-11,0.0,7.3125529142866235,0.983171983740284,0.09688762883093376,0.9516924621812388,0.9999999999999997,1.0285705620560748e-10
110.0,0.2948895742047744,76.734977971438,1426.724408279528,0.17304601987512033,0.6024661094163946,-7.933901530226244,0.3587670710702966,0.0009049741913420981,1.0361109263497476e-10,0.7486841255895731,0.022512343326448,0.1267762919810012,0.0015163963723011,0.0060218590474637,0.0905935106909707,0.0038954728424958,4.613500997249374e-11,0.0,7.23905859115668,0.9829652473492481,0.0959187224642975,0.9511496055196853,0.9999999999999996,1.0361156377314273e-10
109.0,0.294826167741726,75.959250457483,1425.893480646073,0.17299719988357867,0.6018121946052108,-7.934758229497162,0.3579850417243682,0.000907864033464932,1.0437602538841494e-10,0.7468201326032029,0.0224778595034946,0.1278894400066121,0.0015314257978989,0.0060791004835655,0.0912668146691391,0.003935226785544,4.6166618755353095e-11,0.0,7.165576146245302,0.98275389247242,0.09494906307185375,0.9505956537640486,0.9999999999999998,1.0437628539250454e-10
108.0,0.2947613297520693,75.182915345782,1425.045406073952,0.17294740682712664,0.6011447212203076,-7.9356301724349505,0.3571877687115714,0.0009107988132469539,1.0515176664355092e-10,0.7449254783882404,0.0224427585879539,0.1290221074523294,0.0015467482089959,0.0061374195464577,0.0919497001963743,0.0039757874682979,4.619850743395041e-11,0.0,7.092106466014723,0.9825377658402311,0.09397864418222751,0.950030270715968,0.9999999999999997,1.0515199821981014e-10
107.0,0.2946950122746007,74.405967529062,1424.179660129769,0.17289661230044104,0.6004632789274027,-7.936517809570987,0.3563748015005243,0.000913779915662681,1.0593852917207627e-10,0.7429994215992372,0.022407025146355,0.130174805012012,0.0015623722070202,0.0061968459300158,0.092642351029118,0.0040171789240724,4.623068341342514e-11,0.0,7.0186504723606635,0.9823167075820024,0.0930074594113275,0.9494531067531793,0.9999999999999997,1.0593892429966445e-10
106.0,0.2946271651850215,73.628401984275,1423.295697291155,0.17284478681659052,0.59976744125083,-7.937421608831036,0.3555456721654675,0.0009168087823175269,1.0673653065625748e-10,0.741041197775294,0.0223706432375547,0.1313480609991751,0.0015783067301466,0.0062574103804832,0.0933449546035793,0.0040594261207671,4.626315427249351e-11,0.0,6.945209124004758,0.9820905506167384,0.09203550248034376,0.9488637981941033,0.9999999999999996,1.0673695260976501e-10
105.0,0.2945577361286665,72.850213781131,1422.392949875457,0.17279189975130319,0.5990567647281022,-7.938342056441292,0.3546998944802011,0.0009198869143356669,1.0754599377334087e-10,0.7390500184502712,0.0223335963934509,0.1325424221360032,0.0015945610703865,0.0063191447414625,0.0940577020474728,0.0041025550071108,4.6295927807830285e-11,0.0,6.871783418496984,0.9818591204288883,0.09106276722641375,0.9482619665836379,0.9999999999999997,1.0754630519471675e-10
104.0,0.2944866703834339,72.07139809497001,1421.4708269374348,0.17273791929069499,0.5983307881044714,-7.939279657783995,0.3538369630624896,0.0009230158754057299,1.0836714630305021e-10,0.7370250702672779,0.0222958675974377,0.1337584543324654,0.0016111448909037,0.0063820820000059,0.0947807881980517,0.0041465925591613,4.6329012025706894e-11,0.0,6.798374394064665,0.9816222346114464,0.09008924761871251,0.9476472179582899,0.9999999999999998,1.0836731512142705e-10
103.0,0.2944139107270866,71.291950219927,1420.528713095532,0.1726828123748071,0.5975890314645045,-7.940234938321405,0.3529563524500698,0.000926197295015363,1.0920022122998944e-10,0.7349655140486925,0.0222574392621251,0.1349967435146351,0.0016280682445088,0.0064462563350276,0.0955144116095887,0.0041915668298594,4.6362415143585494e-11,0.0,6.7249831316191635,0.981379702423622,0.08911493777490875,0.9470191420636881,0.9999999999999999,1.0920031545680331e-10
102.0,0.2943393972957129,70.511865583196,1419.565967288179,0.17262654463799929,0.5968309953142226,-7.9412084445722115,0.3520575161242547,0.000929432871884394,1.1004545684517179e-10,0.7328704838282909,0.0222182932060216,0.1362578964948715,0.0016453415932543,0.0065117031679452,0.0962587745518195,0.0042375070013551,4.639614559110248e-11,0.0,6.651610756881266,0.981131324319043,0.088139831978995,0.9463773115254527,0.9999999999999997,1.1004575029005537e-10
101.0,0.2942630674326553,69.73113976044401,1418.581921455559,0.17256908034603233,0.5960561596110777,-7.942200745143247,0.3511398854782088,0.000932724377610766,1.1090309684640067e-10,0.7307390858439604,0.0221784106291121,0.13754254188623,0.0016629758292044,0.0065784592156457,0.0970140829982365,0.0042844434402772,4.6430212010213885e-11,0.0,6.578258442627683,0.9808768914421844,0.087163924700555,0.9457212809703727,0.9999999999999994,1.1090361962118322e-10
100.0,0.2941848555271588,68.94976849249801,1417.57587914172,0.1725103823296146,0.5952639827382187,-7.943212431820365,0.3502028687260825,0.0009360736605443711,1.117733904370002e-10,0.728570397489533,0.0221377720872838,0.1388513310636117,0.0016809822964624,0.0066465625458754,0.0977805466028659,0.0043324077561295,4.646462325442955e-11,0.0,6.5049274110700015,0.9806161850905293,0.08618721061562251,0.94505058609448,0.9999999999999998,1.117735903832795e-10
99.0,0.2941046928419425,68.167747703397,1416.5471140113818,0.17245041191418958,0.5944539004194604,-7.944244120722278,0.3492458497491597,0.000939482649905183,1.1265659242240552e-10,0.7263634662242066,0.0220963574655398,0.1401849391743282,0.0016993728145426,0.0067160526351566,0.0985583786640599,0.0043814328630102,4.6499388386986565e-11,0.0,6.431618936374479,0.9803489761398084,0.08520968462924625,0.9443647426742545,0.9999999999999998,1.1265677279936881e-10
98.0,0.2940225073288064,67.385073519931,1415.4948682756549,0.17238912884574878,0.5936253245714814,-7.945296453521112,0.348268186875317,0.000942953360163515,1.1355296330416952e-10,0.7241173084379764,0.0220541459499295,0.1415440662009078,0.0017181597031815,0.006786970429329,0.099347796073729,0.0044315530448591,4.653451667770522e-11,0.0,6.358334347329481,0.9800750244293548,0.08423134189991374,0.9436632455171032,0.9999999999999997,1.1355327789175362e-10
97.0,0.2939382234313171,66.601742292773,1414.418351020298,0.17232649121238416,0.5927776420887472,-7.946370098734577,0.3472692115868421,0.0009464878957014609,1.1446276937064808e-10,0.7218309082715721,0.0220111159981442,0.1429294380791442,0.0017373558086912,0.0068593584068237,0.1001490192501327,0.0044828040244587,4.657001759844895e-11,0.0,6.285075030174757,0.9797940781043903,0.08325217786596624,0.9429455673468653,0.9999999999999997,1.144632166827364e-10
96.0,0.2938517618735333,65.817750619362,1413.316736429487,0.17226245536133578,0.5919102135572037,-7.947465753093956,0.3462482271524525,0.0009500884557764119,1.1538628278382663e-10,0.719503216389285,0.0219672453086964,0.1443418078745738,0.0017569745319643,0.0069332606447685,0.1009622720522979,0.0045352230364216,4.6605900816856215e-11,0.0,6.211842431599466,0.9795058729117777,0.0822721882742025,0.942211157619658,0.9999999999999999,1.1538647815001468e-10
95.0,0.293763039433618,65.033095368664,1412.1891618980071,0.17219697581123422,0.5910223718919592,-7.94858414299316,0.3452045071782406,0.000953757339809089,1.1632378166149889e-10,0.7171331487031529,0.0219225107886162,0.1457819570207461,0.0017770298582498,0.0070087228880289,0.101787781673823,0.0045888489044168,4.664217618812945e-11,0.0,6.138638061921805,0.9792101314453933,0.08129136921083,0.9414594412653381,0.9999999999999996,1.1632428353891555e-10
94.0,0.2936719687011044,64.247773707981,1411.034726023457,0.1721300051592269,0.5901134208939983,-7.949726026024228,0.3441372940721621,0.000957496953020429,1.1727555015398847e-10,0.7147195850469849,0.0218768885195911,0.1472506966228714,0.0017975363888298,0.0070857926212814,0.1026257785135858,0.004643722122901,4.6678853744596494e-11,0.0,6.065463498464392,0.9789065623370147,0.08030971713497624,0.9406898173489714,0.9999999999999998,1.172757446710193e-10
93.0,0.2935784578164486,63.461783131969,1409.852486470289,0.17206149398266768,0.5891826337208202,-7.950892192604859,0.3430457974165231,0.000961309812443839,1.1824187851456785e-10,0.7122613677986761,0.0218303537224633,0.1487488688306291,0.0018185093747344,0.0071645191442167,0.1034764960206829,0.0046998849436394,4.671594368266619e-11,0.0,5.992320389135294,0.978594859388162,0.07932722891496125,0.9399016576468594,0.9999999999999997,1.182421938139555e-10
92.0,0.2934824101913736,62.675121494078,1408.6414576959241,0.1719913907350057,0.5882292512651848,-7.952083467704318,0.3419291922420537,0.0009651985533414149,1.1922306316255678e-10,0.7097573004494085,0.0217828807200073,0.1502773482841419,0.0018399647526475,0.0072449536499618,0.1043401705105393,0.0047573814673169,4.6753456346829695e-11,0.0,5.919210456231909,0.9782747006379121,0.0783439018675975,0.9390943051306161,0.9999999999999998,1.1922329790081676e-10
91.0,0.2933837242083849,61.887787040586005,1407.400608529509,0.17191964163550671,0.5872524804361542,-7.953300712674195,0.3407866171971685,0.0009691659360553009,1.2021940673805015e-10,0.7072061461183171,0.0217344428978985,0.151837043637372,0.0018619191831645,0.0073271493068051,0.1052170409488709,0.0048162577405609,4.6791402210255956e-11,0.0,5.846135500481114,0.9779457473612829,0.07735973380073251,0.9382670723530061,0.9999999999999998,1.2021961204311538e-10
90.0,0.293282292897663,61.099778447484,1406.128859591709,0.17184619055239816,0.5862514923359194,-7.95454482719114,0.3396171726052133,0.000973214853327959,1.212312181470997e-10,0.7046066260113697,0.0216850126637818,0.1534288991634228,0.0018843900915811,0.0074111613432952,0.1061073486997748,0.0048765618587134,4.6829791851481896e-11,0.0,5.773097405333793,0.97760764299221,0.076374723059355,0.9374192397278059,0.9999999999999999,1.2123135828545628e-10
89.0,0.2931780035893738,60.311094860436,1404.825080544609,0.17177097887901194,0.5852254203256707,-7.9558167513191425,0.3384199184022023,0.00097734833812816,1.2225881259606566e-10,0.7019574178232637,0.0216345614043469,0.1550538964464962,0.0019073957114018,0.0074970471367777,0.1070113372338722,0.0049383440747138,4.6868635926629865e-11,0.0,5.70009814152932,0.9772600119645793,0.075388868575545,0.936550053696406,0.9999999999999997,1.2225898071704933e-10
88.0,0.2930707375392486,59.521735938089,1403.488087158436,0.17169394540246344,0.5841733579732159,-7.957117467699493,0.3371938719468419,0.0009815695720225839,1.2330251161372186e-10,0.6992571540813732,0.0215830594403119,0.1567130561655249,0.0019309551307781,0.0075848663054101,0.1079292517919181,0.0050016569144729,4.690794513651776e-11,0.0,5.62713977195166,0.9769024584641621,0.07440216992261126,0.9356587247722906,0.9999999999999997,1.233028124048019e-10
87.0,0.2929603695250701,58.731701899032004,1402.116638181835,0.1716150261643823,0.5830943568746731,-7.958448003877062,0.3359380056942642,0.000985881894136611,1.2436264305961944e-10,0.696504420430896,0.021530475979213,0.1584074399747713,0.001955088342099,0.0076746808036834,0.108861338998888,0.0050665552991385,4.6947730187899645e-11,0.0,5.5542244567948105,0.9765345650835671,0.07341462737379001,0.9347444254545567,0.9999999999999996,1.2436296437101646e-10
86.0,0.2928467674114663,57.940993572706,1400.709432000645,0.171534154313163,0.5819874243419256,-7.959809434772358,0.3346512447239584,0.000990288810751588,1.2543954111700128e-10,0.6936977538606678,0.0214767790658955,0.1601381524869776,0.0019798162949801,0.0077665550214473,0.109807846422924,0.0051330966746798,4.6988001748030666e-11,0.0,5.481354459061908,0.9761558913715545,0.0724262419658825,0.93380628800043,0.9999999999999996,1.2543999172720532e-10
85.0,0.2927297916801578,57.149612454635005,1399.265103069388,0.17145125994719584,0.5808515209473103,-7.961202885309096,0.3333324641122113,0.00099479400559026,1.2653354626853198e-10,0.6908356408693278,0.0214219355305946,0.1619063433649461,0.0020051609529152,0.0078605558864092,0.1107690220730115,0.0052013411492331,4.702877039155104e-11,0.0,5.408532150419404,0.9757659722671926,0.07143701556829375,0.9328434020462587,1.0,1.265335614064611e-10
84.0,0.2926092949225105,56.357560766338,1397.782218097911,0.17136626994845816,0.5796855579159467,-7.9626295332083386,0.3319804861379589,0.0009994013508465211,1.2764500525280167e-10,0.6879165155719552,0.0213659109345009,0.1637132095277313,0.0020311453538777,0.007956752970042,0.1117451138284945,0.0052713516386831,4.7070046538665255e-11,0.0,5.335760017434112,0.9753643164083683,0.0704469509579225,0.931854812065274,0.9999999999999997,1.2764533874332074e-10
83.0,0.2924851212909212,55.564841520366,1396.259271974686,0.17127910780585973,0.5784883943562065,-7.96409061196027,0.3305940773110194,0.00100411491902096,1.2877427099959435e-10,0.6849387577476351,0.0213086695126884,0.16555999747793,0.0020577936751854,0.0080552185967846,0.1127363687929244,0.0053431940209656,4.7111840383294275e-11,0.0,5.263040668218029,0.9749504043030707,0.0694560519004575,0.9308395146497906,0.9999999999999997,1.2877465760396944e-10
82.0,0.2923571059052243,54.771458590883,1394.6946834064288,0.17118969342765505,0.5772588343177683,-7.965587413986083,0.329171945210196,0.001008938995629134,1.2992170254160278e-10,0.681900690828975,0.0212501741142919,0.1674480057568783,0.0020851313029683,0.0081560279563733,0.1137430325638297,0.0054169372996073,4.7154161809829496e-11,0.0,5.190376839511594,0.9745236863507477,0.06846432323860376,0.9297964556042858,0.9999999999999997,1.29922184122222e-10
81.0,0.2922250742098792,53.977416790337,1393.0867902518828,0.171097942942204,0.5759956236661942,-7.967121294003053,0.3277127351182178,0.0010138780928557211,1.310876649001666e-10,0.678800579835187,0.0211903861398176,0.1693785875348502,0.0021131849066074,0.0082592592190711,0.1147653484091466,0.0054926537770351,4.7197020296851665e-11,0.0,5.117771404237034,0.9740835806995973,0.06747177098792126,0.9287245268345885,0.9999999999999998,1.3108780727577596e-10
80.0,0.2920888412772853,53.182721952716996,1391.433844526402,0.17100376848632928,0.5746974467625886,-7.968693672606697,0.3262150264395638,0.001018936964234564,1.3227252894246998e-10,0.675636629251014,0.0211292654754641,0.1713531533436769,0.002141982518548,0.0083649936534919,0.1158035563400857,0.0055704192382063,4.724042480594589e-11,0.0,5.045227379554113,0.9736294709242843,0.06647840244089624,0.9276225630176014,0.9999999999999998,1.3227263728765593e-10
79.0,0.2919482110520604,52.387381024039,1389.7340070513071,0.17090707798045446,0.5733629229360071,-7.970306040085117,0.3246773288861329,0.001024120620441946,1.3347667120741278e-10,0.6724069808546794,0.0210667704243384,0.1733731739594854,0.0021715536199232,0.0084733157466172,0.116857892069068,0.005650313145127,4.7284383653515136e-11,0.0,4.972747935456566,0.9731607035068681,0.06548422628004875,0.9264893380342047,0.9999999999999997,1.334770072247693e-10
78.0,0.2918029755305659,51.591402160685,1387.985341720293,0.17080777488967275,0.5719906027358953,-7.971959960481322,0.3230980784149198,0.001029434346298831,1.3470047369728528e-10,0.6691097114989495,0.0210028576344479,0.1754401834435248,0.0022019292324627,0.008584313325502,0.1179285858402437,0.0057324188428398,4.7328904363137485e-11,0.0,4.900336403946022,0.9726765851018864,0.06448925270085624,0.925323561146862,0.9999999999999998,1.3470069504251114e-10
77.0,0.2916529138693601,50.794794836327,1386.185809352836,0.170705757969833,0.5705789639510797,-7.973657075920752,0.32147563290048,0.001034883719086651,1.3594432363213108e-10,0.6657428308506079,0.0209374820233579,0.1775557823493042,0.0022331420172055,0.0086980776800336,0.1190158611187046,0.0058168237774677,4.737399349573699e-11,0.0,4.8279962888273324,0.9721763795645337,0.06349349354540874,0.9241238729018907,0.9999999999999998,1.3594458891930117e-10
76.0,0.291497791415552,49.997569958213,1384.333261101926,0.17060092099768964,0.5691264073813793,-7.975399111221992,0.3198082675242313,0.001040474628291392,1.3720861316364815e-10,0.6623042790949185,0.020870596699405,0.17972164110446,0.0022652263805773,0.0088147036859578,0.1201199331231478,0.005903619726905,4.7419656454363135e-11,0.0,4.755731276168073,0.9716593047185067,0.06249696244776625,0.9228888407346173,0.9999999999999997,1.372089108997443e-10
75.0,0.2913373586512812,49.19973999368,1382.4254313808572,0.17049315248411118,0.5676312523474184,-7.977187878809953,0.3180941698612605,0.001046213296901593,1.3849373904533004e-10,0.6587919246132462,0.0208021528793627,0.1819395035759416,0.0022982185884479,0.0089342899272047,0.1212410071851002,0.0059929030447369,4.7465897259948935e-11,0.0,4.683545245470994,0.971124528837604,0.0614996749921,0.9216169542539048,0.9999999999999999,1.3849388302844545e-10
74.0,0.2911713500436669,48.401319107835995,1380.459930271068,0.1703823353692758,0.5660917319235892,-7.979025283952131,0.3163314346440735,0.001052106304397942,1.3980010225542566e-10,0.6552035616438239,0.0207320998024764,0.1842111908271791,0.0023321568888326,0.00905693881634,0.1223792769160798,0.0060847749179552,4.751271829392e-11,0.0,4.611442281611058,0.970571166812223,0.06050164888479499,0.9203066201807121,0.9999999999999998,1.3980039348382434e-10
73.0,0.2909994827906176,47.602323313431,1378.434235369724,0.17026834669874866,0.5645059878789078,-7.980913330339553,0.3145180581816413,0.001058160611585634,1.4112810756934982e-10,0.6515369079377142,0.0206603846407863,0.1865386050759126,0.0023670816439669,0.0091827567117184,0.1235349221622053,0.0061793416390077,4.7560120002864714e-11,0.0,4.539426687590698,0.9699982759687253,0.05950290414178875,0.9189561569131494,0.9999999999999997,1.4112844226588095e-10
72.0,0.290821455451805,46.80277063406199,1376.345683032518,0.17015105727927216,0.5628720653101329,-7.982854126035476,0.3126519324107102,0.001064383587435172,1.4247816307813138e-10,0.647789602424506,0.0205869524056837,0.1889237338612456,0.0024030354725408,0.0093118540296245,0.1247081067236413,0.0062767148926716,4.7608100559828626e-11,0.0,4.4675029981728045,0.9694048515060166,0.05850346329257749,0.9175637886883454,0.9999999999999999,1.4247836244152268e-10
71.0,0.2906369464528965,46.002681281926,1374.191458963676,0.17003033131305942,0.5611879069515069,-7.984849889816017,0.310730838555159,0.001070783038113676,1.4385067964965159e-10,0.6439592029050474,0.0205117458506658,0.1913686544282511,0.0024400634029553,0.0094443453493465,0.1258989758140497,0.0063770120581766,4.76566554759642e-11,0.0,4.395675994452842,0.9687898215096551,0.0575033516024075,0.9161276393091173,0.9999999999999999,1.438508201445643e-10
70.0,0.2904456124497753,45.202077851494,1371.968588101349,0.16990602600933474,0.5594513471454917,-7.986902957928346,0.3087524403678214,0.00107736723840647,1.4524607032958224e-10,0.6400431837918247,0.0204347053702861,0.1938755383380289,0.0024782130385333,0.0095803495087335,0.1271076532327284,0.0064803565269131,4.7705777155376787e-11,0.0,4.323950719436774,0.968152041499251,0.056502597314367506,0.9146457254008994,0.9999999999999999,1.452461484419132e-10
69.0,0.2902470865379515,44.400985530565,1369.6739237425759,0.16977799117182416,0.5576601054592166,-7.989015791293164,0.3067142769279938,0.001084144965748558,1.466647496793138e-10,0.6360389339213037,0.0203557688953308,0.1964466563104883,0.0025175347357028,0.0097199896873173,0.1283342382194983,0.0065868780359383,4.775545438492868e-11,0.0,4.252332494694455,0.9674902884598384,0.05550123191320625,0.9131159491617172,0.9999999999999998,1.4666501346738414e-10
68.0,0.2900409762906496,43.599432330327,1367.3041358474918,0.16964606876086658,0.5558117799319717,-7.991190983179604,0.3046137549665451,0.001091125537107079,1.4810713304860447e-10,0.6319437544669521,0.0202748717843057,0.1990843833062255,0.0025580817962539,0.0098633934735394,0.129578801959476,0.0066967130173344,4.7805671749590357e-11,0.0,4.180826938164473,0.9668032543021654,0.05449929041290875,0.9115360905649945,0.9999999999999997,1.4810741522097715e-10
67.0,0.2898268616071315,42.79744933618,1364.8556984586949,0.16951009242880535,0.55390383994031,-7.993431267381527,0.302448140689612,0.001098318848980074,1.4957363578149415e-10,0.6277548569865138,0.0201919467113599,0.2017912038526451,0.0025999106748698,0.010010692911994,0.1308413837019198,0.0068100049632673,4.7856408962462865e-11,0.0,4.109439983186282,0.9660895386904383,0.053496811670225,0.9099037989724632,0.9999999999999997,1.4957401983650698e-10
66.0,0.2896042923506419,41.995070981256006,1362.324876166065,0.16936988702729075,0.551933618668493,-7.995739526925612,0.3002145510705185,0.001105735420802823,1.5106467235484006e-10,0.6234693616429828,0.0201069235508583,0.2045697176178471,0.0026430812032288,0.0101620245258578,0.1321219864539198,0.0069269048063329,4.7907640097097026e-11,0.0,4.0381778988450945,0.9653476411688063,0.05249383872657001,0.90821658411071,0.9999999999999999,1.5106482731397364e-10
65.0,0.2893727857529249,41.192335344726,1359.7077095432899,0.1692252680851564,0.5498983051745628,-7.998118803342108,0.2979099445790121,0.0011133864420822788,1.5258065545026235e-10,0.6190842956451558,0.0200197292588847,0.2074226452336905,0.0026876568320848,0.0103175293088243,0.1334205722063725,0.0070475713144472,4.7959332707797244e-11,0.0,3.967047311714447,0.9645759525097497,0.05149041918090749,0.9064718063621933,0.9999999999999998,1.525808368540993e-10
64.0,0.2891318235595261,40.389284477183,1356.9999994767502,0.16907604125553707,0.5477949360447698,-8.000572306530064,0.2955311113160466,0.00112128382361181,1.5412199496183575e-10,0.6145965919612415,0.0199302877520673,0.210352834366749,0.0027337048928467,0.0104773526798723,0.1347370566459653,0.0071721714991241,4.801144682157319e-11,0.0,3.896055229087824,0.9637727451984204,0.050486605596478745,0.9046666663178334,0.9999999999999998,1.5412227050148886e-10
63.0,0.2888808488869991,39.585964755593004,1354.197290303176,0.1689220017309693,0.5456203866331693,-8.003103425249016,0.2930746625220859,0.001129440253153531,1.556890969440953e-10,0.6100030883675541,0.0198385197842357,0.2133632660324498,0.0027812968802991,0.0106416443930475,0.1360713033031909,0.0073008810354695,4.80639337829353e-11,0.0,3.8252090637924816,0.9629361629566637,0.04948245594449126,0.9027981935354507,0.9999999999999997,1.556895723453522e-10
62.0,0.288619262759682,38.7824272705,1351.294851666019,0.1687629336252983,0.5433713618878693,-8.00571573826905,0.2905370194270418,0.001137869256013834,1.572823625076961e-10,0.6053005269041798,0.0197443428215646,0.2164570611434115,0.0028305087582306,0.0108105583931039,0.1374231170825257,0.0074338846915844,4.8116734929951024e-11,0.0,3.7545166606829268,0.9620642091989401,0.048478034088125004,0.9008632344440126,0.9999999999999996,1.5728285340799175e-10
61.0,0.2883464202897995,37.978728248417,1348.287658997329,0.16859860932132226,0.541044386771382,-8.008413026211004,0.2879144014100792,0.001146585260979749,1.5890218667338018e-10,0.6004855538206939,0.0196476709170461,0.2196374872776685,0.0028814212898698,0.0109842526063398,0.1387922371170164,0.0075713767642932,4.816978007691056e-11,0.0,3.683986324913161,0.9611547342993317,0.04747341031052125,0.8988584393315526,0.9999999999999998,1.5890244675631493e-10
60.0,0.2880616264602833,37.174929512561995,1345.170372525606,0.16842878878331477,0.5386357962906091,-8.011199284106862,0.285202813439211,0.001155603672129841,1.6054895719951244e-10,0.5955547201077167,0.0195484145853261,0.2229079656459013,0.002934120395161,0.0111628886541799,0.1401783288857956,0.0077135615171471,4.822298577517977e-11,0.0,3.6136268520874744,0.9602054215342778,0.04646866189070249,0.8967802483504039,0.9999999999999997,1.6054924056874142e-10
59.0,0.2877641314647722,36.371098985332,1341.937314706945,0.1682532188337617,0.5361417251611131,-8.014078734709107,0.2823980327619573,0.001164940947083358,1.622230534036419e-10,0.5905044827246129,0.0194464806792104,0.2262720782287012,0.0029886975370475,0.0113466314750572,0.1415809755293763,0.007860653615495,4.827625331983545e-11,0.0,3.543447560390735,0.9592137715492407,0.045463873731664994,0.8946248764712966,0.9999999999999998,1.6222323484527124e-10
58.0,0.287453125553752,35.567311236178995,1338.582445972481,0.1680716323939712,0.533558097142363,-8.017055842574644,0.2794955948214106,0.001174614682306002,1.6392484500542262e-10,0.5853312066499898,0.0193417722694345,0.2297335750450316,0.0030452501390636,0.0115356488378274,0.1429996682944125,0.0080128785519859,4.8329466464901326e-11,0.0,3.4734583247967787,0.9581770851791734,0.04445913904522374,0.8923882973149874,0.9999999999999996,1.6392531776432406e-10
57.0,0.287127733329612,34.763648078793,1335.099338682816,0.16788374768858558,0.5308806140948017,-8.020135328945218,0.2764907783758286,0.001184643706149713,1.6565469102643146e-10,0.5800311679001987,0.0192341885296586,0.2332963815010166,0.0031038820366648,0.0117301107273254,0.1444337960369439,0.0081704730541545,4.838248880474179e-11,0.0,3.403669613450673,0.95709244443204,0.043454560098491246,0.8900662257885441,0.9999999999999999,1.656549342143876e-10
56.0,0.2867870074264927,33.960199221743004,1331.4811491789349,0.16768926741451673,0.5281047448273776,-8.0233221874408,0.2733785898052367,0.001195048180367853,1.6741293879268576e-10,0.5746005576818506,0.0191236246290665,0.2369646057536187,0.0031647039648409,0.011930188579686,0.1458826337114293,0.0083336854636596,4.843516077311611e-11,0.0,3.3340925263136545,0.9559566914216424,0.042450249027178755,0.8876540994526232,0.9999999999999997,1.6741330544078892e-10
55.0,0.2864299215030778,33.157062976976,1327.720587818996,0.16748787787539698,0.5252257138247833,-8.026621700575799,0.2701537465952288,0.001205849710915623,1.6919992309804534e-10,0.5690354878678117,0.0190099716354588,0.2407425460061312,0.0032278340846605,0.0121360543416897,0.1473453297723109,0.0085027760742498,4.848729620468176e-11,0.0,3.2647388361510705,0.9547664050102593,0.04144632872122,0.8851470585459973,0.9999999999999999,1.6920009837662064e-10
54.0,0.2860553624679184,32.354347030794,1323.8098868938841,0.16727924808338757,0.5222384899694519,-8.030039457098967,0.2668106599970503,0.001217071468918785,1.710159656018928e-10,0.5633319980122885,0.018893116432326,0.2446346976312385,0.0032933985514638,0.0123478793246079,0.148820892415989,0.0086780174125314,4.8538678396167247e-11,0.0,3.1956210319310188,0.9535178748930614,0.0404429337884925,0.8825399245959228,0.9999999999999998,1.7101609017800001e-10
53.0,0.2856621218473337,31.552169282094003,1319.740766319954,0.16706302883104612,0.5191377754032195,-8.033581370146933,0.2633434168740756,0.001228738322771457,1.7286137455293244e-10,0.5574860641496842,0.0187729416540918,0.2486457599919199,0.0033615321274649,0.0125658328188241,0.1503081745945365,0.0088596944420279,4.8589055596015815e-11,0.0,3.1267523646818836,0.9522070728244457,0.0394402116026175,0.879827177546636,0.9999999999999998,1.7286172493413687e-10
52.0,0.2852488861954195,30.750658752819,1315.504397017189,0.1668388517370215,0.5159179947095425,-8.037253696187618,0.2597457607583813,0.001240876982404938,1.7473644495322383e-10,0.5514936096541623,0.0186493256445496,0.2527806428000814,0.0034323788415081,0.0127900804308488,0.1518058577387254,0.0090481046667497,4.863813584207208e-11,0.0,3.0581468958356757,0.9508296206513983,0.03843832344102375,0.8770029313447926,0.9999999999999999,1.7473655855582138e-10
51.0,0.2848142264341118,29.949956575616,1311.091361896177,0.16660632827058275,0.5125732846392866,-8.041063054713225,0.2560110721577651,0.0012535161568538581,1.7664145930343582e-10,0.5453505184722105,0.0185221424444978,0.2570444718165393,0.0035060926986481,0.0130207820992805,0.1533124341380697,0.0092435581054267,4.868558105680854e-11,0.0,2.9898195480524787,0.9493807547803728,0.03743744571952,0.8740609079307846,0.9999999999999996,1.766418122883806e-10
50.0,0.2843565859986049,29.150217063657003,1306.4916143981432,0.16636504876148434,0.509097484652717,-8.045016448622151,0.2521323481738289,0.0012666867263319988,1.7857668910276994e-10,0.5390526510790439,0.0183912618157198,0.2614425936529834,0.0035828384420577,0.0132580897407791,0.1548261879405496,0.0094463771015585,4.873100029867415e-11,0.0,2.921786158482462,0.9478552866620165,0.03643777132957125,0.8709944095987621,0.9999999999999997,1.7857704204260472e-10
49.0,0.2838742676496984,28.351608867437,1301.6944345613272,0.16611458140337948,0.5054841286078051,-8.049121285205306,0.2481021815156658,0.0012804219301156131,1.8054239731572327e-10,0.532595863551338,0.0182565493098002,0.2659805793857028,0.0036627923694886,0.0135021444713291,0.1563451747556319,0.0096568959273926,4.877394205672042e-11,0.0,2.854063534373881,0.9462475588323281,0.03543951108429625,0.8677962897075514,0.9999999999999997,1.805425808854011e-10
48.0,0.2833654187999136,27.554316222994,1296.688382625811,0.16585447126098626,0.5017264379913516,-8.053385397624062,0.2439127390218995,0.001294757571614886,1.8253884206423116e-10,0.5259760301931352,0.0181178663918324,0.2706642266310609,0.003746143206096,0.0137530733420598,0.1578671998727678,0.009875460131695,4.881388546382497e-11,0.0,2.786669510874909,0.944551395999712,0.0344428952787425,0.8644589217505407,0.9999999999999999,1.8253898392828205e-10
47.0,0.2828280151846001,26.758540295455,1291.4612502389518,0.1655842392934954,0.4978173171657095,-8.057817066733929,0.2395557398370229,0.001309732242090521,1.8456628185907942e-10,0.5191890701982771,0.0179750706308773,0.2754995596627125,0.0038330930348382,0.0140109855228633,0.159389795145437,0.0101024255715779,4.8850230291981575e-11,0.0,2.7196230108024766,0.9427600506153337,0.033448175369318746,0.8609741668259678,0.9999999999999999,1.845664732158525e-10
46.0,0.282259842692954,25.964500620926,1286.000009388667,0.1653033814092626,0.49374935118980773,-8.062425043070377,0.2350224334255664,0.001325387564537469,1.86624982750009e-10,0.5122309788805076,0.0178280159711295,0.2804928270691435,0.003923858284848,0.0142759678612862,0.1609101946399943,0.0103381570575835,4.8882285582014397e-11,0.0,2.65294410606069,0.9408661423098468,0.0324556257761575,0.8573333395924446,0.9999999999999997,1.866252707927174e-10
45.0,0.2816584771572606,25.172436648556,1280.2907592736021,0.16501136756970028,0.4895148068700578,-8.067218568770144,0.2303035776507886,0.001341768459305542,1.8871522785174406e-10,0.5050978640500159,0.0176765531001302,0.2856504963560692,0.0040186707770904,0.0145480797390391,0.1624253092115012,0.0105830265285292,4.8909256750344974e-11,0.0,2.586654080281014,0.938861590524202,0.031465545810695,0.8535271728490681,0.9999999999999996,1.887157097257841e-10
44.0,0.2810212618816199,24.382609382758,1274.318671430459,0.16470764096410803,0.485105637813639,-8.072207399142219,0.2253894172037061,0.0013589234330613651,1.9083732979993288e-10,0.4977859881580546,0.0175205299327654,0.2909792447893753,0.0041177788251455,0.0148273471445256,0.163931700252299,0.0108374106580667,4.8930231005211894e-11,0.0,2.5207754920571257,0.9367375396053997,0.030478261728447503,0.8495457809536394,0.9999999999999996,1.9083779001505263e-10
43.0,0.2803452826805451,23.595303124108998,1268.0679335011691,0.16439161727534402,0.48051349429738593,-8.077401823634037,0.2202696626368769,0.001376904892593767,1.9299164676223102e-10,0.4902918168907868,0.017359792235188,0.2964859456605384,0.0042214483876847,0.0151137558777469,0.1654255529259581,0.0111016877801609,4.894416092556353e-11,0.0,2.45533223846534,0.934484275601817,0.02949412890513625,0.8453786223341128,0.9999999999999996,1.9299206677203529e-10
42.0,0.2796273401700061,22.810827302043997,1261.5216923758342,0.1640626840755082,0.4757297391183144,-8.082812685628793,0.2149334705671126,0.0013957694851740449,1.9517860286779068e-10,0.4826120748677626,0.0171941844090244,0.3021776489939228,0.0043299642654239,0.0154072438048017,0.1669026494160703,0.0113762339988656,4.8949845987937675e-11,0.0,2.3903496169043033,0.9320911339000204,0.028513534127554994,0.8410144615838895,0.9999999999999998,1.95178762041337e-10
41.0,0.2788639190681298,22.029518392688,1254.6619972913688,0.16372020036724022,0.47074547032667985,-8.088451400888333,0.2093694252325626,0.001415578466596946,1.973987138757711e-10,0.4747438092163004,0.0170235504721623,0.3080615556095443,0.0044436313352905,0.0157076920839389,0.1683583427008123,0.0116614183356063,4.8945911962625765e-11,0.0,2.325854385571731,0.9295463968937661,0.02753689799086,0.8364413315275793,0.9999999999999996,1.973992080905873e-10
40.0,0.2780511542321272,21.251741906051,1247.469744040625,0.16336349631692737,0.4655515522675458,-8.094329973959537,0.2035655220863503,0.001436398098286131,1.9965261926856478e-10,0.4666844616914912,0.0168477352639232,0.3141449832463398,0.0045627758085675,0.0160149152957916,0.1697875317053614,0.0119575967399414,4.893078800188715e-11,0.0,2.2618748200574497,0.9268371807737573,0.02656467738256375,0.8316464960270834,0.9999999999999994,1.9965329389748376e-10
39.0,0.27718479317675,20.477894423172998,1239.924621488645,0.1629918732117507,0.46013865622697603,-8.100461012088887,0.1975091538819899,0.001458300074248373,2.0194112203508527e-10,0.4584319500407482,0.0166665859141991,0.3204353233096849,0.0046877464976405,0.0163286504282618,0.1711846387848779,0.0122651047737435,4.8902681364919694e-11,0.0,2.198440764805326,0.9239493105891666,0.02559736802896625,0.8266164143257634,0.9999999999999997,2.019414635512362e-10
38.0,0.276260154827289,19.70840565522,1232.005061968489,0.16260460367975152,0.4544973121581636,-8.106857736066242,0.1911870998296265,0.001481361978311807,2.0426523767873294e-10,0.4499847592200579,0.01647995361765,0.3269399866257329,0.0048189160710597,0.0166485446942954,0.1725435907603554,0.0125842487577237,4.885954976709073e-11,0.0,2.135583677291165,0.92086718275763,0.024635507069025002,0.8213367079789926,0.9999999999999998,2.0426549340868405e-10
37.0,0.2752720842885469,18.943740487209002,1223.6881974581431,0.16220093221106804,0.4486179730113845,-8.11353398742666,0.1845855183941989,0.001505667771465235,2.0662625424184363e-10,0.4413420429471946,0.0162876957582688,0.3336663364247547,0.0049566822719182,0.0169741422008578,0.1738578049891998,0.0129152951523804,4.8799071445383583e-11,0.0,2.0733366624224656,0.9175736142951563,0.023679675609011252,0.8157921316387621,0.9999999999999997,2.0662660471515437e-10
36.0,0.2742149034574924,18.184400957589002,1214.9498238155509,0.16178007601574435,0.442491093197997,-8.120504231472106,0.1776899442737445,0.001531308308324527,2.090258054400151e-10,0.4325037358820359,0.0160896784327906,0.3406216066382991,0.0051014690694967,0.0173048695427732,0.175120182243708,0.0132584579331517,4.8718613172678685e-11,0.0,2.0117344941803164,0.9140496781916413,0.022730501196986254,0.8099665492103673,0.9999999999999997,2.0902624076057919e-10
35.0,0.2730823573773319,17.43092811124,1205.764375748964,0.16134122624718542,0.4361072226471116,-8.127783555664633,0.1704852900062068,0.001558381880749688,2.1146595934518539e-10,0.4234706764387738,0.0158857794233527,0.3478128035038016,0.0052537277091583,0.0176400204687353,0.1763231084810684,0.0136138837150284,4.861519664382318e-11,0.0,1.9508136209670102,0.9102745245911064,0.02178866013905,0.8038429171659761,0.9999999999999997,2.1146628892410035e-10
34.0,0.2718675563299766,16.683903647424998,1196.104915606309,0.1608835496088307,0.4294571177315222,-8.13538766311542,0.1629558524804117,0.001586994785404327,2.1394932545124862e-10,0.4142447398365778,0.0156758916698179,0.3552465884545449,0.0054139376211601,0.0179787398616749,0.1774584679046304,0.0139816343891589,4.848546390725751e-11,0.0,1.890612150495416,0.9062251877665888,0.020854879559281246,0.7974032770708728,0.9999999999999994,2.1394985783018683e-10
33.0,0.2705629137977561,15.943951265781,1185.943139449658,0.1604061903432561,0.42253187001199655,-8.143332861180394,0.155085324340428,0.0016172619105899169,2.1647918340925858e-10,0.404828980458477,0.0154599272892522,0.36292914037107,0.0055826071462292,0.0183200073941011,0.1785176700181089,0.0143616670579567,4.8325642837252345e-11,0.0,1.8311698093527362,0.9018763793258537,0.019929939082226247,0.7906287596331053,1.0,2.1647927894719032e-10
32.0,0.269160080598336,15.211737592746001,1175.249404193039,0.15990827257530849,0.41532305323264085,-8.151636045615104,0.146856809830707,0.001649307336029803,2.1905963724201587e-10,0.3952277818867041,0.015237822183022,0.3708659955310147,0.0057602740356956,0.0186626213621393,0.17949169363236,0.0147538111018728,4.8131514042628974e-11,0.0,1.772527871601733,0.8972002686611201,0.0190146719909325,0.7834996027953594,0.9999999999999996,2.1906010339023396e-10
31.0,0.2676498757115715,14.487972548272001,1163.992779756029,0.15938890294126792,0.40782288824833857,-8.160314681389904,0.138252843980899,0.0016832649375019629,2.21695799457328e-10,0.3854470120915184,0.015009541259402,0.3790618640769223,0.0059475056884322,0.0190051833687751,0.1803711509583321,0.0151577422870235,4.7898381093161824e-11,0.0,1.7147290499598686,0.892166252371905,0.018109965685340002,0.7759951865040193,0.9999999999999997,2.2169610591760147e-10
30.0,0.2660222145718168,13.773408989305,1152.141130129866,0.15884717338117496,0.40002442453189774,-8.169386782183555,0.1292554131122383,0.0017192789864773639,2.2439401020190071e-10,0.3754941801504853,0.0147750842798251,0.3875204225937727,0.0061448990982224,0.0193460847129376,0.1811463749574662,0.0155729539352752,4.762104651274198e-11,0.0,1.6578173422511562,0.8867407152393894,0.01721676123663125,0.768094086753244,0.9999999999999996,2.2439450297895291e-10
29.0,0.2642660358855002,13.068841443654,1139.661226842804,0.15828216389747984,0.39192173554970516,-8.178870891834341,0.1198459733864432,0.001757504733469168,2.2716209747433947e-10,0.3653785895593585,0.0145344923082927,0.3962440835225613,0.0063530805065963,0.0196834955375126,0.1818075329575278,0.0159987253336947,4.729379662589902e-11,0.0,1.6018378250081464,0.8808867862850006,0.0163360518045675,0.759774151228536,0.9999999999999999,2.2716228897934343e-10
28.0,0.2623692283324879,12.375103727928,1126.5188973887991,0.157692944986026,0.38351012358270864,-8.18878607271702,0.110005462428754,0.001798108963040365,2.3000968551161995e-10,0.3551114816774069,0.0142878547044394,0.4052337437025989,0.0065727047915924,0.0200153579807788,0.1823447691033746,0.0164340877628885,4.6910399021347735e-11,0.0,1.5468363853868201,0.8745640944416263,0.01546887965991,0.7510125982591994,0.9999999999999996,2.3001012205980942e-10
27.0,0.260318558786765,11.693065229394001,1112.679209556765,0.1570785793205799,0.3747863274982332,-8.199151908228826,0.09971429684194,0.001841270508940438,2.329485598794802e-10,0.344706161175006,0.0140353165503734,0.4144885163865329,0.0068044546771347,0.0203393847390963,0.1827483774182827,0.0168777887741611,4.6464117061099566e-11,0.0,1.492859382062535,0.8677285292892167,0.014616331536742501,0.74178613970451,1.0,2.329485493390848e-10
26.0,0.2580996038928174,11.023625628186,1098.106690043652,0.1564381221154442,0.36574872458309426,-8.209988529409788,0.0889523455859677,0.001887180720466025,2.3599309969323457e-10,0.3341780936093252,0.0137770863397617,0.4240054536256154,0.0070490399263238,0.0206530645522197,0.1830090060276969,0.0173282556371162,4.5947746435564215e-11,0.0,1.439953225649363,0.860332012976058,0.0137795320352325,0.732071126695768,0.9999999999999998,2.359933359841193e-10
25.0,0.2556966868790508,10.367707848654,1082.765572016729,0.1557706193981583,0.3563975149197825,-8.221316679298825,0.0776988656219224,0.001936043876946827,2.3916079001704724e-10,0.3235449635928129,0.0135134436866232,0.4337792689346109,0.0073071967910688,0.0209536761262826,0.1831178913884985,0.0177835591955886,4.535367913208883e-11,0.0,1.3881638696252012,0.852322289596836,0.0129596348108175,0.7218437146778194,1.0,2.391606912510724e-10
24.0,0.2530928212694799,9.726249062778,1066.620061178574,0.1550751031925801,0.3467348740868452,-8.233157833045315,0.0659323818004224,0.001988077557608145,2.424728312137371e-10,0.3128266806527551,0.0132447467354606,0.4438020734805068,0.0075796881365211,0.0212383118670673,0.1830671191605732,0.0182413796799688,4.4674000203456027e-11,0.0,1.3375362039699819,0.843642737564933,0.0121578113284725,0.711080040785716,0.9999999999999997,2.4247315266734404e-10
23.0,0.2502696625300252,9.100189630777,1049.634603192915,0.15435058233898202,0.33676505743561597,-8.245534397169102,0.0536304876016267,0.002043512990572983,2.4595486741571266e-10,0.3020453190899483,0.0129714388817275,0.454063142440446,0.0078673048479748,0.0215039124600673,0.1828499057096654,0.0186989762803151,4.390062222924544e-11,0.0,1.288113345962572,0.8342322084334174,0.01137523703847125,0.69975640212861,1.0,2.4595481207256853e-10
22.0,0.247207467488657,8.49045995937,1031.774126941848,0.15359602735899827,0.326494437158708,-8.258470017826857,0.0407695368688614,0.002102595429258514,2.4963786422193104e-10,0.291224978263386,0.0126940543543594,0.4645487312432237,0.0081708693662739,0.0217473127635874,0.1824608912956953,0.0191531624208106,4.302546119061171e-11,0.0,1.2399358260121929,0.8240248916288566,0.0106130749492125,0.687849417961232,0.9999999999999997,2.496381990013674e-10
21.0,0.2438850594129945,7.897965389233001,1013.004228006878,0.1528103474037231,0.3159314521969429,-8.271990035700052,0.0273241889206588,0.002165584638827915,2.5355917749049627e-10,0.2803915511011298,0.0124132221865736,0.4752419636050242,0.0084912424914282,0.021965298654506,0.1818964330571,0.019600288608638,4.204065549443827e-11,0.0,1.1930406710748787,0.812950198043315,0.009872456736541252,0.6753361520045853,0.9999999999999997,2.5355950672434346e-10
20.0,0.2402797937229184,7.323569387935,993.291245120832,0.15199235688992113,0.30508645110172977,-8.28612213452842,0.0132667600172808,0.002232755621652511,2.5776387263847e-10,0.2695723915548649,0.0121296681272724,0.4861228139484242,0.0088293349511638,0.0221546733928734,0.1811548833621215,0.0200362343645768,4.0938827033524407e-11,0.0,1.1474603939447774,0.8009326457430614,0.00915446173491875,0.6621941634138879,0.9999999999999996,2.577642543855063e-10
19.0,0.2363675152758853,6.768075514256,972.602169303482,0.15114072890351787,0.2939714095575865,-8.300897242049214,-0.0014336775785217,0.002304399770964772,2.623063801372242e-10,0.2587958763151834,0.0118442141447885,0.4971682052889943,0.009186125665748,0.0223123308038497,0.1802368374962425,0.0204564099831735,3.971337953855491e-11,0.0,1.1032219029862091,0.7878917175862843,0.00846009439282,0.6484014462023213,0.9999999999999998,2.623066208684577e-10
18.0,0.2321224928183614,6.23220881766,950.9043110454669,0.1502539317726737,0.28259950742790574,-8.31635075744212,-0.0168125230464379,0.002380826718466643,2.6725261246919764e-10,0.2480908622589582,0.0115577753679704,0.5083522394375043,0.0095626891813065,0.0224353312150095,0.1791453345986586,0.0208557676349808,3.8358825334411826e-11,0.0,1.0603453526866427,0.7737416427278714,0.007790261022075,0.6339362073636446,0.9999999999999998,2.672528864877677e-10
17.0,0.2275173093675793,5.7165975178820005,928.164634880331,0.1493301442742666,0.2709845546014673,-8.332524200646438,-0.0329112963257642,0.002462367238256683,2.7268272791387686e-10,0.2374860483095412,0.0112713546132972,0.5196465691388056,0.00996023544877,0.0225209747765647,0.1778859978482155,0.0212288195552515,3.6871127439122505e-11,0.0,1.018842959220258,0.7583910312252644,0.007145746897352501,0.6187764232535541,0.9999999999999996,2.7268320934581425e-10
16.0,0.2225226787056655,5.221755943352,904.348651624434,0.14836714354026934,0.2591402597545236,-8.349467410208137,-0.0497798359624734,0.0025493776927429167,2.786948189339797e-10,0.2270092577141546,0.0109860350718328,0.5310209117497825,0.0103801661056935,0.0225668656908453,0.1764671046204685,0.0215696587332796,3.5248040411565323e-11,0.0,0.9787178048889783,0.7417422623522184,0.00652719492919,0.602899101082956,0.9999999999999996,2.7869506702415947e-10
15.0,0.2171071473081145,4.748069761562999,879.418733238343,0.14736215753491863,0.24707933993549167,-8.36724146469089,-0.0674792205202372,0.002642246669227061,2.854099474896532e-10,0.2166866628039491,0.0107029722843716,0.5424436920076322,0.010824152878392,0.0225709601149858,0.1748995849902951,0.0218719746014747,3.3489431250625386e-11,0.0,0.939962648172258,0.7236904910270484,0.005935087201953749,0.5862791554922286,1.0,2.8540991792169734e-10
14.0,0.2112366267918401,4.29578448282,853.331677215592,0.14631167040439072,0.23481246943478612,-8.385922580217649,-0.0860856661220044,0.002741404683676745,2.9297918098289387e-10,0.2065419773725019,0.0104233872327979,0.5538827886385842,0.01129424602905,0.0225315901109922,0.1731969576460087,0.0221290526454882,3.1597561738350475e-11,0.0,0.9025587389077285,0.7041220893061337,0.0053697306035250005,0.5688877848103947,1.0,2.9297919645898673e-10
13.0,0.2048736821294528,3.864998047165,826.0352847613079,0.14521116307523188,0.2223470606942444,-8.405607364234156,-0.1056957802135212,0.002847338168022688,3.015936634591329e-10,0.1965956399339449,0.0101485632682171,0.565306347583224,0.0117930245790902,0.0224474558550379,0.1713752260903735,0.0223337423589413,2.957731648710526e-11,0.0,0.866474606756736,0.6829122737648428,0.00483124755895625,0.5506901898408719,0.9999999999999998,3.015938609962632e-10
12.0,0.1979764711029033,3.455658016222,797.463608626983,0.14405476147957177,0.20968585395573378,-8.426420019897503,-0.1264337659518766,0.00296060949668619,3.1149940512380143e-10,0.1868640021774167,0.0098798508083068,0.5766836148307543,0.0123238065188305,0.0223175779582736,0.1694527754864929,0.0224783718809895,2.7436366853595643e-11,0.0,0.8316647395759592,0.659921570343011,0.0043195725202775,0.531642405751322,1.0,3.114993818442713e-10
11.0,0.1904971825471314,3.0675635104650003,767.530334024871,0.14283474756765577,0.1968252598296796,-8.448522464555406,-0.1484615406847904,0.003081885707845189,3.230196199307226e-10,0.1773585184614093,0.0096186855716098,0.5879857347840015,0.0128909485489102,0.0221412003227389,0.1674503334702321,0.0225545784928931,2.5185269794677008e-11,0.0,0.7980679874482395,0.6349906084904381,0.0038344543880812505,0.511686889349914,0.9999999999999998,3.2301983310389915e-10
10.0,0.1823797391896709,2.7003715891380002,736.119408436283,0.14154085780852088,0.18375334005305227,-8.472128980592798,-0.1719933867971903,0.003211980145544408,3.36589559347941e-10,0.1680849001857529,0.0093666292231917,0.599186454331479,0.0135002853404263,0.0219176298708652,0.1653910918902815,0.0225530087985762,2.283751240375988e-11,0.0,0.7656053977460354,0.6079324639655697,0.0033754644864225003,0.4907462722908554,0.9999999999999999,3.365895340223801e-10
9.0,0.1735563844296788,2.35360730041,703.071391845962,0.1401592379575081,0.17044720783571626,-8.497528224647557,-0.1973179609269593,0.00335191410007183,3.5281290503915585e-10,0.1590421459970918,0.0091254471194492,0.6102626627387117,0.014159796578062,0.0216459896882627,0.1633011431412368,0.0224628143639633,2.040952728990107e-11,0.0,0.7341769675404002,0.5785212814322627,0.0029420091255125003,0.46871426123064136,0.9999999999999999,3.528130010366226e-10
8.0,0.1639424976565727,2.026676131424,668.162758327284,0.1386708149235246,0.15686944040570597,-8.52511776472982,-0.2248328310842318,0.003503010943537612,3.7255725525860155e-10,0.1502212675563894,0.0088972495616067,0.6211946708084283,0.0148806654016355,0.0213248401668659,0.1612104921703953,0.0222708139442007,1.79207225147974e-11,0.0,0.7036564056747538,0.5464749921885758,0.00253334516428,0.445441838884856,0.9999999999999998,3.725575403734638e-10
7.0,0.153428438032308,1.718876997696,631.0728627101821,0.13704862535136456,0.14296273705581944,-8.555461146503042,-0.2551015429324632,0.0036670461630378746,3.9712495350236036e-10,0.1416033601582488,0.0086847482279891,0.6319660529298468,0.0156790494805888,0.0209515740619597,0.1591551346120475,0.0219600801168002,1.539359579120182e-11,0.0,0.6738822152543964,0.51142812677436,0.0021485962471200003,0.4207152418067881,0.9999999999999993,3.9712566568539387e-10
6.0,0.141866063628794,1.429412971805,591.327788755949,0.13525315003882532,0.12864130754573253,-8.589388269441391,-0.2889539959458211,0.003846500225160665,4.2858052816754055e-10,0.1331563115523518,0.0084917382891511,0.6425626572420526,0.0165792430492271,0.0205213770146321,0.1571812159303126,0.0215074564808379,1.2854047772593343e-11,0.0,0.6446417435549125,0.4728868787626467,0.0017867662147562499,0.3942185258372993,0.9999999999999998,4.2858072646367873e-10
5.0,0.1290449063213857,1.157394953212,548.197133638211,0.13322350680327139,0.113775771483971,-8.628186334996983,-0.3276773915764224,0.004045016926899789,4.704367206097052e-10,0.1248286072708142,0.0083240673599459,0.652969743963549,0.0176198007894829,0.0200252530321914,0.1553536280009951,0.0208788991022524,1.0332099259251148e-11,0.0,0.6156408697019343,0.43014968773795237,0.0014467436915150001,0.3654647557588073,0.9999999999999996,4.704371336927693e-10
4.0,0.1146460641956779,0.9018282065426215,500.484135224723,0.13085904132294826,0.09816394700250848,-8.674002541477208,-0.373418928131656,0.0042683186927890285,5.292740772531792e-10,0.1165364455147871,0.0081917914535298,0.6631641423606431,0.0188667361503396,0.019445762098565,0.153775268581203,0.0200198533037944,7.863430511308942e-12,0.0,0.5864413176557283,0.3821535473189263,0.001127285258178277,0.33365609014981534,0.9999999999999996,5.292746241281066e-10
3.0,0.0981408127983413,0.6615551153284964,446.035298367473,0.12797494907433968,0.08146654370347443,-8.730825353885828,-0.4301670706152869,0.004526299973037984,6.192730162054105e-10,0.1081331867830627,0.0081147482886782,0.6730904618722071,0.0204465622059616,0.0187461284145991,0.1526365121654951,0.0188323996452301,5.492748760476679e-12,0.0,0.5563135765073614,0.3271360426611377,0.0008269438941606206,0.2973568655783153,0.9999999999999997,6.192732993071104e-10
2.0,0.0785196268539053,0.43506239797724827,380.324931612034,0.12416903671185314,0.06303527564284307,-8.807472012395298,-0.5067390591997647,0.004838921502803134,7.787756640807967e-10,0.0993205004577914,0.0081407752970114,0.6825714489636373,0.0226505127944963,0.0178345412368811,0.1523743273329389,0.0171078931351857,3.2819901824178338e-12,0.0,0.5238147368165891,0.2617320895130177,0.0005438279974715603,0.25354995440802264,0.9999999999999998,7.787759326305377e-10
1.0,0.0532618463492192,0.2196818005832104,290.44890694914596,0.11822203268894775,0.04126012164572974,-8.9313168912357,-0.6305092681151763,0.005260483320036024,1.1713403628588503e-09,0.0892684754397208,0.0084379096065544,0.6907874187272247,0.026439699936559,0.0163798592772161,0.1544547589345893,0.0142318769054589,1.336061124897317e-12,0.0,0.4850243398114749,0.17753948783073067,0.000274602250729013,0.19363260463276397,0.9999999999999996,1.1713408021307714e-09
