P_bars,H2OT_m_wtpc,CO2T_m_ppmw,ST_m_ppmw,Fe3Fet_m,S6St_m,logfO2,dFMQ,vapor_wt,O2_v_mf,CO2_v_mf,CO_v_mf,H2O_v_mf,H2_v_mf,S2_v_mf,SO2_v_mf,H2S_v_mf,CH4_v_mf,OCS_v_mf,CS_v_mf,H2OT_m_wtpc_norm,CO2T_m_ppmw_norm,ST_m_ppmw_norm,SUM_v_mf,XO2_BYDIFF_v_mf
4306.781853456036,2.11,11520.0,4690.0,0.2956611957976674,0.9942869956543404,-6.479295215096789,1.5,0.0,,0.9444767748927547,,0.055523225107245236,,,0.0,0.0,,,,1.0,1.0,1.0,1.0,0.0
4299.608594936075,2.1099767311802338,11426.210054088528,4690.054139968644,0.3114004166093459,0.9968430926444253,-6.314983998463788,1.6648468433086254,9.801879648968512e-05,,0.9388879747404644,,0.05560448197819967,,,0.005483119644672946,2.3514344094047698e-05,,,170.50124933956133,0.9999889721233336,0.9918585116396291,1.0000115437033357,0.9999990907074311,9.092925689069276e-07
4292.435336416115,2.1099695551315265,11399.116584076039,4690.068934200883,0.31138637822508336,0.9968414439954778,-6.315816479838175,1.6645499886098616,0.00012633900046887033,,0.9387855453867102,,0.05568698535524516,,,0.005491709653592006,2.360632843405296e-05,,,170.21428118463777,0.9999855711523823,0.9895066479232673,1.0000146981238556,0.9999878467239814,1.2153276018556092e-05
4285.2620778961555,2.1099622455302227,11372.307069283499,4690.083229162269,0.3113724714017218,0.9968398099104625,-6.3166476648541865,1.6642544302694748,0.00015436201275474128,,0.9386945196171508,,0.05576964164260375,,,0.0054999612737161975,2.369701668245992e-05,,,169.9407295431019,0.9999821068863616,0.987179433097526,1.0000177460900361,0.9999878195501533,1.2180449846743713e-05
4278.088819376196,2.109954738457967,11345.525396890927,4690.097144346176,0.31135859074623784,0.996838178019996,-6.3174786425584,1.6639590792408852,0.00018235725036340407,,0.9386032061080205,,0.055852568241260794,,,0.005508236812322048,2.3788101731237753e-05,,,169.66720517176972,0.9999785490322118,0.9848546351467818,1.0000207130802081,0.9999877992633346,1.2200736665413103e-05
4270.915560856236,2.109947033010574,11318.770990170438,4690.110678658773,0.31134473602192486,0.9968365483007062,-6.3183094153776524,1.663663933097257,0.00021032533277783548,,0.9385115942598458,,0.05593576694529098,,,0.0055165381333184575,2.3879593650605416e-05,,,169.3936523398692,0.9999748971614094,0.9825322040078506,1.0000235988611457,0.9999877789321058,1.2221067894224724e-05
4263.742302336275,2.10993912841962,11292.04382605663,4690.123830834772,0.3113309072535389,0.9968349207599378,-6.319139983036924,1.6633689921136092,0.00023826629912605937,,0.938419682575077,,0.05601923910065617,,,0.0055248653685158865,2.3971494655545133e-05,,,169.12007069509056,0.9999711509097726,0.9802121376785269,1.0000264031630643,0.9999877585389046,1.2241461095352513e-05
4256.569043816316,2.1099310239109594,11265.343882732788,4690.136599598817,0.3113171044667066,0.9968332954051402,-6.319970345252205,1.6630742565739522,0.0002661801872963084,,0.9383274695683009,,0.05610298606116846,,,0.005533218646913335,2.406380696705469e-05,,,168.84646000188653,0.9999673099104074,0.977894434264999,1.0000291257140335,0.9999877380833498,1.2261916650158078e-05
4249.395785296355,2.1099227187053127,11238.671138362162,4690.148983665706,0.31130332768735086,0.9968316722438002,-6.320800501736433,1.6627797267653488,0.0002940670352614103,,0.9382349537446812,,0.05618700918928027,,,0.005541598098351961,2.4156532815618907e-05,,,168.57282002528,0.9999633737939871,0.9755790918717154,1.0000317662400224,0.999987717565129,1.2282434870947156e-05
4242.222526776395,2.1099142120169194,11212.02557123267,4690.160981740215,0.3112895769417799,0.9968300512834526,-6.321630452198567,1.662485402978838,0.0003219268809049572,,0.9381421335990444,,0.05627130985693605,,,0.005550003853521061,2.4249674447589e-05,,,168.29915053054984,0.9999593421881136,0.9732661086139471,1.0000343244648646,0.9999876969839492,1.2303016050818627e-05
4235.049268256435,2.1099055030549936,11185.40715950056,4690.172592517217,0.3112758522564903,0.9968284325316566,-6.322460196345626,1.6621912855074035,0.0003497597624251614,,0.9380490076169794,,0.056355889444455826,,,0.005558436043977274,2.434323412407008e-05,,,168.02545128311107,0.9999552147180065,0.9709554825955348,1.0000368001102808,0.9999876763395366,1.2323660463442465e-05
4227.876009736476,2.1098965910222813,11158.815881453844,4690.183814681327,0.31126215365843174,0.9968268159960281,-6.3232897338799505,1.661897374648703,0.00037756571780712614,,0.9379555742733097,,0.05644074934186199,,,0.00556689480213785,2.4437214119646435e-05,,,167.75172204871518,0.9999509910058206,0.9686472119317573,1.0000391928958052,0.9999876556314291,1.2344368570893494e-05
4220.702751216515,2.109887475115886,11132.25171536007,4690.194646907028,0.3112484811748037,0.9968252016842143,-6.324119064501308,1.66160367070297,0.00040534478523793606,,0.9378618320331603,,0.05652589094822332,,,0.0055753802612961605,2.4531616726896138e-05,,,167.47796259327114,0.999946670671036,0.9663412947361171,1.0000415025388119,0.9999876348594067,1.2365140593328938e-05
4213.529492696555,2.109878154526911,11105.71463950743,4690.205087858479,0.31123483483315467,0.996823589603907,-6.324948187905857,1.6613101739740443,0.0004330970029138462,,0.9377677793514386,,0.056611315671825306,,,0.005583892555627027,2.462644425164948e-05,,,167.20417268297112,0.9999422533302896,0.964037729123909,1.000043728754473,0.9999876140231426,1.2385976857376413e-05
4206.3562341765955,2.1098686284403625,11079.204632186362,4690.215136189449,0.3112212146613663,0.9968219797628396,-6.325777103786325,1.661016884769201,0.0004608224090775299,,0.9376734146726792,,0.05669702493035816,,,0.0055924318201971,2.4721699009870354e-05,,,166.93035208428128,0.9999377385973283,0.9617365132106217,1.000045871255746,0.9999875931222443,1.2406877755721801e-05
4199.182975656636,2.1098588960353486,11052.721671729138,4690.224790543253,0.31120762068762636,0.9968203721687847,-6.326605811832278,1.6607238033988727,0.0004885210420802136,,0.9375787364311293,,0.05678302015097562,,,0.005600998190962047,2.481738334606489e-05,,,166.6565005637315,0.9999331260831037,0.9594376451153765,1.0000479297533589,0.999987572156413,1.2427843587015097e-05
4192.009717136676,2.109848956484608,11026.265736511312,4690.23404955258,0.3111940529405212,0.9968187668295646,-6.3274343117291645,1.6604309301776095,0.0005161929402008579,,0.9374837430503534,,0.05686930277055251,,,0.0056095918047848956,2.4913499608195662e-05,,,166.3826178882855,0.9999284153955488,0.9571411229610514,1.000049903955774,0.999987551125299,1.2448874700976553e-05
4184.836458616715,2.1098388089548608,10999.836804832406,4690.242911839531,0.31118051144889153,0.9968171637530346,-6.328262603159809,1.6601382654225896,0.0005438381419421144,,0.9373884329438614,,0.05695587423513856,,,0.005618212799443316,2.5010050162115018e-05,,,166.10870382504967,0.9999236061397445,0.9548469448639242,1.0000517935691964,0.9999875300286054,1.2469971394590829e-05
4177.663200096756,2.1098284526065747,10973.434855113785,4690.251376015397,0.3111669962419836,0.996815562947101,-6.329090685802852,1.6598458094551702,0.0005714566857344691,,0.9372928045140547,,0.05704273600088459,,,0.005626861313628327,2.5107037391930324e-05,,,165.83475814135807,0.999918697917808,0.9525551089508494,1.000053598297526,0.9999875088659596,1.249113404044877e-05
4170.489941576796,2.1098178865937918,10947.059865735093,4690.259440680637,0.31115350734936736,0.9968139644197113,-6.329918559333586,1.6595535626000606,0.0005990486101059418,,0.9371968561528679,,0.05712988953349582,,,0.005635537486956386,2.5204463699997133e-05,,,165.56078060477506,0.9999136903288113,0.9502656133450601,1.0000553178423535,0.9999874876370201,1.2512362979943958e-05
4163.316683056835,2.1098071100644664,10920.711815114726,4690.267104424783,0.31114004480094065,0.9968123681788545,-6.33074622342392,1.6592615251853502,0.0006266139536816138,,0.9371005862413586,,0.057217336308591486,,,0.005644241459982683,2.530233149969449e-05,,,165.28677098309194,0.9999085829689415,0.9479784561731533,1.0000569519029388,0.9999874663414324,1.2533658567570605e-05
4156.1434245368755,2.1097961221598918,10894.390681689934,4690.274365826285,0.3111266086269996,0.9968107742325703,-6.331573677741654,1.6589696975432409,0.0006541527550473648,,0.9370039931497307,,0.05730507781173341,,,0.005652973374202633,2.540064321825112e-05,,,165.01272904445236,0.9999033754312284,0.9456936355633624,1.0000585001761801,0.999987444978885,1.2555021114968312e-05
4148.970166016916,2.1097849220150717,10868.096443894505,4690.2812234525145,0.3111131988581263,0.9968091825889348,-6.33240092195163,1.6586780800088876,0.000681665052982828,,0.9369070752371891,,0.057393115538408396,,,0.0056617333720610195,2.5499401306088408e-05,,,164.738654557038,0.9998980673057213,0.9434111496436202,1.0000599623566129,0.9999874235489646,1.257645103536209e-05
4141.796907496956,2.109773508758503,10841.82908021337,4690.28767585956,0.31109981552531246,0.9968075932560763,-6.33322795571446,1.658386672921682,0.0007091508862218405,,0.93680983085182,,0.057481450994382156,,,0.005670521596957738,2.559860822889546e-05,,,164.46454728936422,0.9998926581793853,0.9411309965462995,1.0000613381363668,0.9999874020513888,1.2597948611192678e-05
4134.623648976995,2.1097618815119095,10815.588569138885,4690.29372159219,0.3110864586598946,0.9968060062421668,-6.334054778687194,1.658095476624573,0.0007366102935851954,,0.9367122583305919,,0.057570085695454576,,,0.005679338193262576,2.5698266463838587e-05,,,164.19040701021427,0.9998871476359761,0.9388531744044171,1.0000626272051578,0.9999873804857728,1.261951422715235e-05
4127.450390457036,2.1097500393905295,10789.374889156066,4690.299359183743,0.31107312829356465,0.9968044215554237,-6.334881390523211,1.6578044914641792,0.0007640433139702763,,0.936614355999145,,0.05765902116777797,,,0.005688183306318045,2.579837850735827e-05,,,163.91623348855103,0.9998815352561752,0.936577681350353,1.000063829250265,0.9999873588517484,1.264114825161311e-05
4120.277131937075,2.1097379815029815,10763.188018800372,4690.304587156017,0.31105982445838154,0.9968028392041113,-6.335707790872102,1.6575137177909127,0.0007914499863330287,,0.9365161221718254,,0.05774825894782535,,,0.005697057082446944,2.5898946875282027e-05,,,163.64202649355977,0.9998758206175269,0.9343045155208657,1.0000649439565068,0.999987337148973,1.2662851026967736e-05
4113.103873417116,2.109725706950903,10737.027936615383,4690.309404019175,0.3110465471867753,0.9968012591965413,-6.336533979379615,1.6572231559590236,0.0008188303496875963,,0.9364175551514993,,0.05783780058254958,,,0.00570595966896581,2.59999740951964e-05,,,163.36778579470763,0.9998700032942668,0.9320336750534186,1.0000659710062207,0.9999873153771099,1.2684622890057895e-05
4105.9306148971555,2.109713214829309,10710.894621156353,4690.3138082716305,0.31103329651155104,0.9967996815410731,-6.337359955687632,1.6569328063266306,0.0008461844431054827,,0.9363186532294195,,0.057927647629419446,,,0.005714891214186674,2.6101462716350058e-05,,,163.09351116164743,0.9998640828574925,0.929765158086489,1.000066910079239,0.999987293535742,1.2706464257994377e-05
4098.757356377196,2.1097005042263235,10684.78805099764,4690.317798399963,0.3110200724658742,0.9967981062461125,-6.338185719434304,1.6566426692555831,0.0008735123057508646,,0.9362194146852947,,0.05801780165651344,,,0.00572385186743163,2.620341530257886e-05,,,162.81920236427936,0.9998580588750349,0.9274989627602118,1.0000677608528705,0.9999872716245424,1.272837545762684e-05
4091.5840978572355,2.109687574223023,10658.708204746565,4690.321372878787,0.3110068750833034,0.9967965333201154,-6.3390112702537245,1.6563527451117865,0.0009008139768246191,,0.9361198377869373,,0.05810826424270122,,,0.005732841779038282,2.6305834434308606e-05,,,162.54485917274232,0.9998519309113854,0.9252350872175837,1.0000685230018735,0.9999872496431111,1.2750356888857617e-05
4084.4108393372753,2.1096744238936234,10632.655061008276,4690.324530170665,0.3109937043977686,0.9967949627715853,-6.339836607776145,1.6560630342649905,0.0009280894956141203,,0.9360199207904348,,0.058199036977566725,,,0.0057418611003677445,2.6408722711741193e-05,,,162.27048135739344,0.9998456985277836,0.9229735296014129,1.000069196198436,0.999987227591081,1.2772408918948486e-05
4077.2375808173156,2.1096610523051975,10606.628598420577,4690.327268725987,0.31098056044359107,0.9967933946090757,-6.340661731627776,1.655773537088983,0.0009553389014605784,,0.9359196619398573,,0.0582901214616534,,,0.005750909983813919,2.6512082753089306e-05,,,161.99606868881375,0.9998393612820842,0.9207142880573418,1.0000697801121508,0.9999872054680776,1.2794531922377672e-05
4070.0643222973554,2.1096474585175513,10580.62879562905,4690.329586982869,0.31096744325547876,0.99679182884119,-6.3414866414308255,1.655484253961558,0.0009825622337750984,,0.935819059467176,,0.05838151930654495,,,0.005759988582817794,2.661591718704527e-05,,,161.72162093787358,0.9998329187286974,0.9184573607316884,1.0000702744099934,0.9999871832737257,1.2816726274289536e-05
4062.891063777396,2.109633641583617,10554.655631307638,4690.331483367041,0.3109543528685225,0.9967902654765805,-6.342311336803548,1.6551951852644589,0.0010097595320584566,,0.9357181115923677,,0.05847323213478694,,,0.005769097051864285,2.6720228671651647e-05,,,161.44713787558226,0.9998263704187759,0.9162027457732325,1.0000706787562987,0.9999871610076906,1.283899230941632e-05
4055.717805257436,2.1096196005487857,10528.709084146978,4690.3329562917215,0.31094128931823106,0.996788704523953,-6.343135817359878,1.6549063313837538,0.0010369308358310991,,0.9356168165228578,,0.05856526158028,,,0.0057782355465029345,2.6825019873971848e-05,,,161.17261927325615,0.9998197158998985,0.9139504413322029,1.0000709928127338,0.9999871386695146,1.2861330485391953e-05
4048.5445467374757,2.1096053344513206,10502.789132844555,4690.334004157538,0.3109282526404755,0.9967871459920604,-6.343960082709999,1.6546176927092562,0.001064076184760115,,0.9355151724540004,,0.05865760928802411,,,0.005787404223352352,2.6930293483050082e-05,,,160.89806490239198,0.9998129547162657,0.9117004455594232,1.0000712162382812,0.9999871162588598,1.2883741140168326e-05
4041.3712882175155,2.1095908423219005,10476.895756131908,4690.334625352374,0.310915242871562,0.9967855898897109,-6.344784132459603,1.6543292696352765,0.001091195618515717,,0.935413177568476,,0.05875027691454404,,,0.005796603240108474,2.7036052204784336e-05,,,160.6234745347548,0.9998060864084837,0.9094527566086725,1.0000713486892057,0.9999870937753332,1.2906224666764388e-05
4034.1980296975553,2.109576123183923,10451.028932753294,4690.334818251277,0.3109022600481832,0.996784036225763,-6.345607966210378,1.6540410625601263,0.00111828917687896,,0.9353108300363889,,0.05884326612777384,,,0.005805832755555494,2.7142298764356542e-05,,,160.34884794230445,0.9997991105137077,0.9072073726348345,1.0000713898190356,0.9999870712184825,1.2928781517485e-05
4027.024771177596,2.1095611760532043,10425.188641464594,4690.334581216341,0.3108893042074436,0.9967824850091278,-6.346431583559758,1.6537530718863707,0.0011453568997009931,,0.935208128015301,,0.05893657860724002,,,0.0058150929295751,2.7249035904824743e-05,,,160.07418489726788,0.9997920265654997,0.9049642917938016,1.0000713392785374,0.9999870485880208,1.2951411979211791e-05
4019.851512657636,2.1095459999377972,10399.374861048238,4690.333912596571,0.31087637538686774,0.9967809362487706,-6.34725498410083,1.6534652980209215,0.0011723988268895794,,0.9351050696498376,,0.059030216044105494,,,0.0058243839231548215,2.7356266388745945e-05,,,159.79948517208098,0.9997848340937429,0.9027235122437707,1.0000711967156868,0.9999870258834868,1.2974116513242429e-05
4012.678254137676,2.1095305938384388,10373.587570299856,4690.332810727793,0.3108634736243801,0.9967793899537086,-6.348078167422546,1.6531777413748294,0.001199414998463185,,0.9350016530716407,,0.059124180141445826,,,0.0058337058983993165,2.7463992997486983e-05,,,159.52474853937665,0.9997775326248526,0.9004850321440847,1.000070961775649,0.9999870031044833,1.2996895516703688e-05
4005.504995617716,2.1095149567477804,10347.826748040845,4690.3312739325,0.31085059895834655,0.9967778461330156,-6.348901133109294,1.652890402363706,0.001226405454472069,,0.9348978763994825,,0.05921847261406079,,,0.005843059018540861,2.7572218527034938e-05,,,159.24997477212008,0.9997701216814125,0.8982488496563233,1.0000706341007464,0.9999869802506112,1.301974938883177e-05
3998.3317370977556,2.109499087650854,10322.092373103562,4690.329300519754,0.3108377514275443,0.9967763047958182,-6.349723880741204,1.65260328140742,0.0012533702350710052,,0.9347937377389037,,0.059313095188857676,,,0.005852443447942764,2.7680945800818017e-05,,,158.9751636433948,0.9997626007823954,0.8960149629430175,1.000070213330438,0.999986957321505,1.304267849500107e-05
3991.1584785777954,2.109482985524771,10296.384424343805,4690.326888785058,0.310824931071171,0.9967747659512982,-6.35054640989406,1.6523163789301876,0.0012803093805050117,,0.9346892351821477,,0.059408049604730506,,,0.005861859352118516,2.7790177655452645e-05,,,158.700314926552,0.9997549694430194,0.8937833701687331,1.0000696991012916,0.9999869343166522,1.306568334780156e-05
3983.9852200578352,2.1094666493386955,10270.702880627588,4690.324037010223,0.3108121379288694,0.9967732296086941,-6.3513687201390345,1.652029695360837,0.0013072229310733571,,0.9345843668082222,,0.05950333761283278,,,0.0058713068977348905,2.7899916949345892e-05,,,158.4254283951981,0.9997472271747373,0.8915540694989226,1.0000690910469558,0.9999869112357391,1.3088764260871244e-05
3976.811961537876,2.1094500780536243,10245.047720849258,4690.32074346325,0.3107993720407083,0.9967716957772997,-6.352190811042903,1.6517432311325928,0.0013341109271720125,,0.9344791306825849,,0.05959896097659905,,,0.005880786252624936,2.8010166560733143e-05,,,158.15050382314098,0.9997393734851301,0.889327059101498,1.0000683887981343,0.9999868880783696,1.311192163044872e-05
3969.6387030179158,2.1094332706227066,10219.418923923771,4690.3170063982,0.31078663344720175,0.9967701644664667,-6.353012682167824,1.6514569866832964,0.0013609734092679237,,0.9343735248568829,,0.05969492147193891,,,0.005890297585800077,2.8120929383356093e-05,,,157.8755409844353,0.99973140787806,0.8871023371461607,1.0000675919825586,0.9999868648440051,1.3135155994881131e-05
3962.465444497956,2.1094162259907363,10193.816468777153,4690.312824055058,0.31077392218930994,0.9967686356856041,-6.353834333071345,1.6511709624554003,0.0013878104179036622,,0.93426754736931,,0.05979122088723633,,,0.005899841067451428,2.823220834038857e-05,,,157.60053965333603,0.9997233298534296,0.8848799018035723,1.000066700224959,0.9999868415323381,1.3158467661922302e-05
3955.292185977996,2.1093989430943374,10168.2403343437,4690.308194659627,0.31076123830841207,0.9967671094441757,-6.354655763306675,1.6508851588956928,0.0014146219937611823,,0.93416119624413,,0.059887861023408456,,,0.005909416868977825,2.8344006361764954e-05,,,157.32549960437802,0.9997151389072689,0.8826597512451129,1.0000657131470418,0.999986818142878,1.318185712195774e-05
3948.1189274580356,2.1093814208615997,10142.690499604298,4690.303116423357,0.31074858184638227,0.9967655857517089,-6.3554769724219025,1.6505995764560897,0.0014414081775194227,,0.9340544694916031,,0.059984843694287485,,,0.005919025162975914,2.845632640754207e-05,,,157.05042061231057,0.999706834531564,0.8804418836462063,1.0000646303674536,0.9999867946752741,1.3205324725928946e-05
3940.945668938076,2.1093636582125344,10117.166943530397,4690.2975875432485,0.31073595284551014,0.9967640646177854,-6.356297959960818,1.6503142155927986,0.001468169010024218,,0.9339473651078108,,0.06008217072645767,,,0.005928666123262583,2.856917145844942e-05,,,156.77530245203218,0.9996984162144713,0.8782262971814581,1.0000634515017588,0.9999867711289896,1.3228871010406706e-05
3933.772410418116,2.1093456540584854,10091.669645134936,4690.291606201693,0.31072335134857415,0.9967625460520502,-6.357118725462147,1.650029076767094,0.0014949045321478794,,0.9338398810747761,,0.060179843959521105,,,0.005938339924883494,2.8682544512908433e-05,,,156.5001448987738,0.9996898834400405,0.8760129900290743,1.0000621761624078,0.9999867475036937,1.3252496306348505e-05
3926.599151898156,2.109327407302132,10066.198583436606,4690.285170566352,0.31071077739880126,0.9967610300642064,-6.357939268459978,1.6497441604448877,0.001521614784879616,,0.9337320153600004,,0.06027786524615762,,,0.005948046744125988,2.8796448588558203e-05,,,156.2249477279528,0.9996812356882142,0.8738019603677609,1.0000608039587104,0.9999867237988725,1.3276201127454534e-05
3919.4258933781957,2.109308916837592,10040.753737467345,4690.278278790013,0.31069823103987754,0.9967595166640167,-6.358759588483642,1.6494594670968459,0.0015482998093161672,,0.9336237659167248,,0.06037623645215919,,,0.005957786758530732,2.8910886720828504e-05,,,155.94971071526263,0.9996724724348778,0.8715932063773737,1.0000593344968045,0.9999867000141356,1.3299985864412278e-05
3912.252634858236,2.1092901815503455,10015.335086293324,4690.270929010446,0.3106857123159827,0.9967580058613085,-6.3595796850573665,1.6491749971987462,0.0015749596466024425,,0.9335151306833886,,0.060474959456783085,,,0.005967560146888764,2.902586198087474e-05,,,155.67443363650793,0.9996635931518226,0.8693867262407399,1.000057767379626,0.9999866761490414,1.332385095864641e-05
3905.079376338276,2.109271200316869,9989.94260898692,4690.263119350268,0.31067322127175506,0.996756497665968,-6.360399557700626,1.6488907512311108,0.0016015943380073112,,0.9334061075837722,,0.06057403615258263,,,0.005977367089277205,2.914137744333909e-05,,,155.39911626785678,0.999654597306573,0.8671825181412256,1.0000561022068803,0.9999866522030754,1.3347796924634281e-05
3897.9061178183156,2.109251972004928,9964.5762846478,4690.2548479168,0.31066075795232195,0.9967549920879455,-6.361219205927834,1.6486067296795275,0.001628203924877842,,0.9332966945267538,,0.060673468445846514,,,0.005987207767048355,2.9257436217150388e-05,,,155.12375838560428,0.9996454843625252,0.8649805802645659,1.0000543385750107,0.9999866281758658,1.337182413418958e-05
3890.732859298356,2.109232495473118,9939.236092390396,4690.246112801919,0.31064832240329693,0.9967534891372547,-6.36203862924837,1.6483229330346143,0.0016547884486514865,,0.9331868894063048,,0.06077325825634218,,,0.005997082362852509,2.9374041429295074e-05,,,154.84835976632542,0.999636253778729,0.8627809107977774,1.000052476077168,0.9999866040669287,1.3395933071258526e-05
3883.559600778396,2.109212769571106,9913.922011348612,4690.236912081918,0.31063591467077584,0.9967519888239718,-6.362857827166619,1.64803936179199,0.0016813479508737386,,0.9330766901011607,,0.06087340751778011,,,0.0060069910606544985,2.949119621886792e-05,,,154.5729201868728,0.9996269050100028,0.860583507929567,1.0000505143031808,0.9999865798758142,1.3420124185814508e-05
3876.386342258436,2.109192793139439,9888.634020672496,4690.227243817352,0.3106235348013518,0.9967504911582378,-6.363676799181819,1.6477560164524139,0.0017078824731832677,,0.9329660944748857,,0.0609739181777283,,,0.0060169340457263696,2.9608903763959522e-05,,,154.29743942421288,0.9996174375068433,0.8583883698500431,1.0000484528395208,0.9999865556021043,1.3444397895745475e-05
3869.2130837384757,2.1091725650091893,9863.37209953988,4690.217106052891,0.3106111828421241,0.9967489961502599,-6.364495544787963,1.6474728975218946,0.001734392057298059,,0.9328551003754774,,0.06107479219785673,,,0.006026911504678486,2.9727167253472755e-05,,,154.02191725561752,0.9996078507152556,0.8561954947517256,1.0000462912692731,0.999986531245266,1.3468754733958477e-05
3862.039825218516,2.109152084002324,9838.136227135463,4690.20649681717,0.31059885884068167,0.9967475038103091,-6.365314063473976,1.647190005511506,0.001760876745062773,,0.9327437056355038,,0.061176031553946957,,,0.006036923625462949,2.984598990157368e-05,,,153.74635345856294,0.9995981440769309,0.8540048808277312,1.0000440291721044,0.9999865068048152,1.349319518484382e-05
3854.866566698556,2.1091313489312884,9812.92638266619,4690.195414122638,0.31058656284513053,0.9967460141487237,-6.366132354723427,1.6469073409376778,0.0017873365784040437,,0.9326319080718766,,0.06127763823618199,,,0.0060469705973863605,2.996537494489291e-05,,,153.470747810775,0.9995883170290467,0.8518165262731068,1.0000416661242297,0.9999864822803899,1.3517719610112167e-05
3847.693308178596,2.109110358599,9787.742545365581,4690.183855965398,0.31057429490408356,0.9967445271759082,-6.3669504180146355,1.6466249043220937,0.001813771599360004,,0.932519705485614,,0.06137961424907732,,,0.0060570526111232365,3.0085325642534247e-05,,,153.1951000901882,0.9995783690042656,0.8496304292852067,1.000039201698379,0.9999864576714571,1.3542328542892612e-05
3840.520049658636,2.1090891117987733,9762.584694478719,4690.171820325051,0.31056205506668033,0.9967430429023361,-6.367768252820464,1.6463426961918897,0.0018401818500551343,,0.932407095661725,,0.061481961611761865,,,0.006067169858724053,3.0205845280763817e-05,,,152.91941007494597,0.9995682994306984,0.8474465880623888,1.0000366354637635,0.9999864329774917,1.3567022508320647e-05
3833.346791138676,2.109067607314419,9737.452809270058,4690.1593051645505,0.31054984338257147,0.9967415613385474,-6.368585858608487,1.6460607170794912,0.0018665673727355156,,0.932294076369174,,0.0615846823580855,,,0.006077322533641705,3.0326937155032332e-05,,,152.64367754352432,0.9995581077319521,0.8452650008046926,1.000033966986045,0.9999864081980562,1.3591801943824144e-05
3826.173532618716,2.1090458439196924,9712.346869031539,4690.146308430019,0.31053765990194776,0.9967400824951528,-6.369403234840678,1.645778967522923,0.0018929282097304586,,0.9321806453606123,,0.06168777853673422,,,0.006087510830719794,3.044860460345392e-05,,,152.36790227448765,0.9995477933268685,0.8430856657145432,1.0000311958272963,0.9999863833326698,1.3616667330240695e-05
3819.0002740987557,2.109023820378452,9687.266853059275,4690.13282805061,0.31052550467551787,0.9967386063828307,-6.370220380973647,1.6454974480655782,0.0019192644035023274,,0.9320668003724439,,0.06179125221128329,,,0.0060977349462288544,3.0570850975510416e-05,,,152.09208404672592,0.9995373556295981,0.8409085809947286,1.0000283215459724,0.9999863583809316,1.364161906836081e-05
3811.827015578796,2.109001535444862,9662.2127406836,4690.1188619383265,0.31051337775454063,0.9967371330123316,-6.371037296458307,1.6452161592565426,0.0019455759965948966,,0.9319525391241374,,0.06189510546054234,,,0.006107995077867033,3.069367964699736e-05,,,151.8162226393032,0.9995267940496977,0.838733744851007,1.0000253436968713,0.9999863333421939,1.366665780611065e-05
3804.653757058836,2.108978987862662,9637.184511240754,4690.104407987867,0.31050127919080406,0.9967356623944751,-6.371853980740084,1.6449351016503906,0.0019718630316886815,,0.9318378593187913,,0.061999340378424805,,,0.006118291424775273,3.08170940201103e-05,,,151.54031783152516,0.9995161079917829,0.8365611554896487,1.0000222618311017,0.9999863082160114,1.369178398857862e-05
3797.480498538876,2.108956176365666,9612.182144097522,4690.089464076453,0.3104892090366568,0.9967341945401542,-6.3726704332586,1.6446542758074987,0.001998125551543579,,0.9317227586424737,,0.06210395907434468,,,0.006128624187556384,3.0941097512336395e-05,,,151.26436940299087,0.999505296855766,0.8343908111195766,1.0000190754960454,0.999986283001887,1.3716998113033618e-05
3790.3072400189158,2.108933099677356,9587.205618631999,4690.074028063655,0.31047716734499425,0.9967327294603335,-6.373486653447811,1.6443736822939101,0.0020243635990478733,,0.931607234764353,,0.06220896367317506,,,0.006138993568273236,3.1065693580496945e-05,,,150.98837713342493,0.9994943600366617,0.8322227099506944,1.0000157842353208,0.9999862576993818,1.3742300618235781e-05
3783.133981498956,2.108909756510777,9562.254914251007,4690.058097791235,0.31046515416926956,0.9967312671660509,-6.374302640735894,1.644093321681452,0.002050577217198506,,0.9314912853362673,,0.06231435631550065,,,0.006149399770484418,3.1190885688295875e-05,,,150.71234080289125,0.9994832969245389,0.8300568501953999,1.0000123875887494,0.9999862323079407,1.3767692059296621e-05
3775.960722978996,2.1088861455684,9537.33001036215,4690.04167108295,0.31045316956349567,0.9967298076684173,-6.375118394545223,1.6438131945477474,0.0020767664491192985,,0.9313749079928311,,0.06242013915762503,,,0.006159842999232696,3.1316677343687286e-05,,,150.43626019154252,0.9994721069044551,0.8278932300661588,1.0000088850923134,0.9999862068270324,1.3793172967568879e-05
3768.7874644590365,2.108862265542287,9512.430886411832,4690.0247457444075,0.3104412135822618,0.9967283509786196,-6.375933914292203,1.643533301476392,0.002102931338025419,,0.9312581003511486,,0.06252631437191901,,,0.006170323461086851,3.144307205662695e-05,,,150.16013507995174,0.9994607893565343,0.8257318477788048,1.0000052762781253,0.9999861812562111,1.381874378891812e-05
3761.6142059390763,2.108838115113826,9487.557521854635,4690.007319562851,0.31042928628072275,0.9967268971079185,-6.376749199387376,1.6432536430568412,0.002129071927275596,,0.9311408600105185,,0.06263288414681487,,,0.006180841364125248,3.157007338549106e-05,,,149.88396524870524,0.9994493436558418,0.8235727015498815,1.000001560674382,0.9999861555948442,1.3844405155838402e-05
3754.440947419116,2.108813692953458,9462.709896171278,4689.989390307012,0.3104173877146245,0.9967254460676525,-6.377564249235158,1.6429742198846835,0.0021551882603185603,,0.93102318455262,,0.06273985068700022,,,0.0061913969179739564,3.169768490026272e-05,,,149.6077504787754,0.9994377691722551,0.8214157895982013,0.9999977378053332,0.9999861298424946,1.387015750542453e-05
3747.267688899156,2.108788997720814,9437.887988857074,4689.970955726915,0.31040551794028914,0.9967239978692356,-6.378379063233998,1.642695032561468,0.002181280380739705,,0.9309050715410717,,0.06284721621355971,,,0.006201990333814834,3.182591019369252e-05,,,149.33149055135968,0.999426065270528,0.8192611101438432,0.9999938071912399,0.99998610399864,1.3896001360036436e-05
3740.0944303791957,2.108764028064479,9413.091779426653,4689.952013553687,0.31039367701463066,0.9967225525241596,-6.379193640776203,1.642416081694888,0.0022073483322487407,,0.9307865185212684,,0.06295498296416355,,,0.006212621824388561,3.1954752897258663e-05,,,149.05518524777722,0.9994142313101797,0.8171086614085636,0.9999897683483341,0.9999860780627178,1.3921937282224128e-05
3732.921171859236,2.10873878262198,9388.321247416166,4689.9325614993795,0.3103818649951614,0.9967211100439949,-6.380007981247886,1.6421373678988296,0.0022333921586711078,,0.9306675230203234,,0.06306315319315055,,,0.006223291604025134,3.2084216657965955e-05,,,148.77883434966702,0.9994022666454881,0.8149584416159866,0.9999856207887803,0.9999860520341571,1.3947965842864285e-05
3725.747913339276,2.108713260019607,9363.576372384008,4689.912597256783,0.31037008193999926,0.9967196704403914,-6.380822084028876,1.6418588917934622,0.0022594119039506355,,0.930548082546895,,0.0631717291718072,,,0.00623399988864773,3.221430515417131e-05,,,148.50243763887417,0.9993901706254062,0.8128104489916674,0.999981364020636,0.9999860259125042,1.3974087495816079e-05
3718.5746548193165,2.108687458872181,9338.857133900769,4689.892118499228,0.3103583279078649,0.9967182337250785,-6.381635948492758,1.641580654005204,0.002285407612167057,,0.9304281945909672,,0.06328071318833808,,,0.0062447468957946995,3.234502208673528e-05,,,148.22599489748964,0.9993779425934507,0.8106646817622195,0.9999769975478098,0.9999859996971866,1.4000302813399479e-05
3711.4013962993563,2.1086613777831436,9314.163511557872,4689.871122880393,0.31034660295809025,0.9967167999098656,-6.382449574006782,1.6413026551668048,0.002311379327535865,,0.9303078566235851,,0.06339010754819864,,,0.006255532844630097,3.247637118531116e-05,,,147.94950590780041,0.9993655818877458,0.8085211381560653,0.9999725208700199,0.9999859733875991,1.4026612400908078e-05
3704.228137779396,2.1086350153446274,9289.495484978053,4689.849608034119,0.31033490715064066,0.9967153690066455,-6.38326295993163,1.6410248959175808,0.0023373270943704847,,0.9301870660968891,,0.06349991457422084,,,0.0062663579559607075,3.2608356204115076e-05,,,147.67297045238575,0.9993530878410557,0.8063798164043449,0.9999679334827546,0.9999859469832748,1.4053016725190659e-05
3697.054879259436,2.1086083701365204,9264.853033785805,4689.827571574194,0.3103232405460942,0.9967139410273919,-6.38407610562163,1.6407473769032057,0.0023632509571471904,,0.9300658204437607,,0.06361013660668964,,,0.0062772224522473176,3.2740980931488647e-05,,,147.3963883139678,0.9993404597803415,0.8042407147383511,0.9999632348772268,0.9999859204836292,1.4079516370779643e-05
3689.8816207394757,2.108581440727475,9240.236137639022,4689.80501109417,0.31031160320567025,0.9967125159841624,-6.384889010424464,1.6404700987759941,0.00238915096045166,,0.9299441170776652,,0.0637207760035904,,,0.006288126557629237,3.287424917434456e-05,,,147.1197592755761,0.9993276970272394,0.8021038313922761,0.9999584245403348,0.9999858938880591,1.41061119408592e-05
3682.7083622195164,2.1085542256738874,9215.644776210847,4689.781924167152,0.3102999951912225,0.9967110938890987,-6.385701673681236,1.6401930621948466,0.0024150271490153466,,0.9298219533925628,,0.06383183514076633,,,0.006299070497930255,3.300816477412719e-05,,,146.843083120424,0.999314798897577,0.799969164601636,0.9999535019546167,0.9999858671960334,1.4132803966560026e-05
3675.535103699556,2.108526723520149,9191.07892918987,4689.758308345593,0.31028841656525014,0.9967096747544272,-6.38651409472636,1.6399162678253472,0.0024408795677002765,,0.9296993267626933,,0.06394331641201581,,,0.006310054500682513,3.3142731595329946e-05,,,146.5663596319924,0.9993017647014925,0.7978367126032874,0.9999484665982075,0.999985840406987,1.4159593012985638e-05
3668.3618451795965,2.1084989327985184,9166.53857628905,4689.734161161084,0.310276867390904,0.9967082585924599,-6.387326272887493,1.6396397163398388,0.0024667082615089904,,0.9295762345423068,,0.06405522222937479,,,0.00632107879513516,3.3277953536171266e-05,,,146.2895885939481,0.9992885937433738,0.7957064736362022,0.999943317944794,0.9999858135203528,1.418647964723796e-05
3661.1885866596363,2.1084708520290683,9142.023697240666,4689.709480124156,0.31026534773199055,0.9967068454155957,-6.38813820748549,1.6393634084174646,0.0024925132755802457,,0.9294526740654927,,0.0641675550232265,,,0.006332143612281696,3.34138345131422e-05,,,146.01276979025417,0.9992752853218334,0.79357844594103,0.9999380554635726,0.9999857865355141,1.4213464485934857e-05
3654.015328139676,2.108442479719375,9117.534271799874,4689.684262724055,0.31025385765298724,0.9967054352363215,-6.388949897834252,1.6390873447443273,0.002518294655184219,,0.929328642646075,,0.06428031724248283,,,0.006343249184864672,3.3550378477559774e-05,,,145.73590300507922,0.9992618387295616,0.7914526277604057,0.9999326786192014,0.9999857594518999,1.4240548100064032e-05
3646.842069619716,2.108413814364408,9093.070279732994,4689.65850642853,0.31024239721903335,0.9967040280672118,-6.389761343240815,1.638811526013388,0.0025440524457504,,0.9292041375774002,,0.06439351135473777,,,0.006354395747396757,3.368758941117766e-05,,,145.458988022801,0.999248253253274,0.7893290173379335,0.9999271868717547,0.9999857322689458,1.4267731054173893e-05
3639.6688110997557,2.1083848544467,9068.631700837183,4689.632208683614,0.3102309664959542,0.9967026239209312,-6.390572543005105,1.6385359529247232,0.0025697866928358175,,0.9290791561320538,,0.06450713984651285,,,0.0063655835361760135,3.382547132663306e-05,,,145.18202462802492,0.9992345281737915,0.7872076129198943,0.9999215796766768,0.9999857049860693,1.4295013930687439e-05
3632.4955525797964,2.1083555984354794,9044.21851492081,4689.605366913413,0.3102195655502574,0.9967012228102345,-6.391383496419968,1.6382606261854846,0.002595497442144946,,0.9289536955617732,,0.06462120522333592,,,0.006376812789309257,3.3964028260107743e-05,,,144.9050126056306,0.99922066276563,0.7850884127535426,0.9999158564847361,0.9999856776026784,1.4322397321575586e-05
3625.322294059836,2.108326044787757,9019.830701811601,4689.577978519865,0.31020819444913156,0.9966998247479665,-6.392194202771189,1.6379855465098858,0.0026211847395486917,,0.9288277530970207,,0.0647357100100264,,,0.0063880837467267405,3.410326427546043e-05,,,144.62795174070686,0.9992066562975153,0.7829714150878126,0.9999100167419754,0.9999856501180493,1.4349881950703747e-05
3618.1490355398764,2.108296191946909,8995.468241371409,4689.550040882535,0.3101968532604809,0.9966984297470661,-6.393004661337134,1.6377107146195655,0.0026468486310333456,,0.9287013259472023,,0.06485065675086561,,,0.0063993966501925586,3.4243183472466505e-05,,,144.35084181859662,0.9991925080317106,0.7808566181746015,0.9999040598896662,0.999985622531733,1.4377468267046112e-05
3610.975777019916,2.1082660383433796,8971.131113461895,4689.5215513583635,0.3101855420529004,0.9966970378205637,-6.393814871389,1.6374361312433239,0.0026724891627673683,,0.9285744113000721,,0.06496604800965879,,,0.006410751743328313,3.438378998138951e-05,,,144.07368262482933,0.9991782172243505,0.7787440202657895,0.9998979853642566,0.9999855948430406,1.4405156959385046e-05
3603.802518499956,2.108235582394199,8946.819297981621,4689.492507281458,0.3101742608957073,0.9966956489815847,-6.394624832190497,1.637161797117451,0.0026981063810469948,,0.9284470063216901,,0.06508188637012038,,,0.006422149271631978,3.452508795932012e-05,,,143.79647394521226,0.9991637831252129,0.7766336196164602,0.9998917925973257,0.9999855670514017,1.4432948598264161e-05
3596.6292599799963,2.108204822503052,8922.532774839421,4689.462905962841,0.3101630098589298,0.9966942632433488,-6.395434542997958,1.6368877129856143,0.0027237003323412083,,0.9283191081560632,,0.065198174435926,,,0.0064335894824959095,3.46670815921781e-05,,,143.5192155657697,0.9991492049777498,0.7745254144825886,0.9998854810155312,0.9999855391560774,1.4460843922647904e-05
3589.4560014600356,2.108173757059863,8898.27152397105,4689.4327446902225,0.31015178901332985,0.9966928806191722,-6.396244003060108,1.6366138795990874,0.002749271063263629,,0.9281907139253691,,0.06531491483088372,,,0.006445072625219001,3.480977510282398e-05,,,143.24190727277247,0.9991344820188925,0.772419403122487,0.9998790500405592,0.9999855111565746,1.4488843425364273e-05
3582.2827429400763,2.108142384440732,8874.035525320405,4689.402020727753,0.3101405984303988,0.9966915011224676,-6.3970532116181085,1.6363402977167114,0.0027748186205917603,,0.9280618207291089,,0.06543211019934639,,,0.006456598951033413,3.4953172740028826e-05,,,142.96454885270805,0.99911961347902,0.7703155837951741,0.999872499089073,0.9999854830522288,1.4516947771214816e-05
3575.109484420116,2.1081107030082262,8849.824758869709,4689.37073131579,0.31012943818237115,0.9966901247667462,-6.397862167905405,1.6360669681050393,0.0028003430512611865,,0.9279324256444162,,0.06554976320608565,,,0.006468168713120961,3.5097278781741296e-05,,,142.6871400923469,0.9991045985820978,0.7682139547629956,0.9998658275726632,0.9999854548424045,1.454515759546915e-05
3567.9362259001564,2.1080787111104464,8825.639204611181,4689.3388736706365,0.31011830834223425,0.9966887515656183,-6.398670871147638,1.6357938915384311,0.002825844402363728,,0.927802525725441,,0.0656678765367752,,,0.00647978216662411,3.524209754643659e-05,,,142.40968077861228,0.9990894365452353,0.7661145142891651,0.9998590348977903,0.9999854265263868,1.4573473613221921e-05
3560.762967380196,2.1080464070816225,8801.478842553095,4689.306444984303,0.31010720898372496,0.9966873815327935,-6.399479320562674,1.6355210687990178,0.002851322721169158,,0.9276721180035584,,0.06578645289800505,,,0.006491439568675689,3.538763337930286e-05,,,142.13217069872448,0.9990741265789681,0.7640172606382895,0.9998521204657362,0.9999853981036185,1.4601896381472024e-05
3553.589708860236,2.1080137892416184,8777.343652734824,4689.273442424254,0.31009614018135306,0.9966860146820834,-6.40028751536036,1.6352485006769557,0.0028767780550959443,,0.927541199486609,,0.06590549501764291,,,0.006503141178412946,3.553389065858107e-05,,,141.85460964010207,0.999058667887023,0.7619221920776756,0.9998450836725489,0.9999853695733234,1.4630426676598418e-05
3546.4164503402762,2.1079808558955886,8753.233615211879,4689.239863133156,0.31008510201039663,0.9966846510274012,-6.401095454742573,1.6349761879703673,0.0029022104517365524,,0.9274097671593513,,0.0660250056448873,,,0.006514887257001094,3.568087379145307e-05,,,141.57699739047595,0.9990430596661558,0.7598293068760311,0.9998379239089885,0.9999853409350312,1.4659064968780555e-05
3539.2431918203165,2.10794760533427,8729.148710055219,4689.205704228599,0.3100740945469097,0.9966832905827632,-6.401903137903137,1.634704131485428,0.0029276199588672475,,0.9272778179824863,,0.06614498755059474,,,0.006526678067646237,3.582858722435821e-05,,,141.29933373770743,0.9990273011062892,0.7577386033034044,0.9998306405604688,0.9999853121879517,1.4687812048275184e-05
3532.0699333003563,2.107914035833495,8705.088917362928,4689.170962802861,0.3100631178677419,0.9966819333622902,-6.402710564027627,1.6344323320365621,0.002953006624415162,,0.927145348892941,,0.06626544352740563,,,0.006538513875625408,3.597703542745773e-05,,,141.02161846999408,0.999011391390282,0.7556500796321985,0.9998232330070066,0.9999852833313995,1.4716668600534e-05
3524.896674780396,2.1078801456543506,8681.054217252986,4689.135635922624,0.3100521720505399,0.9966805793802088,-6.403517732293347,1.6341607904464652,0.0029783704964893853,,0.9270123568035427,,0.06638637639006881,,,0.0065503949482913874,3.61262229180619e-05,,,140.74385137569067,0.9989953296940051,0.7535637341365439,0.9998157006231607,0.9999852543648209,1.4745635179114203e-05
3517.7234162604364,2.1078459330424377,8657.044589858233,4689.099720628713,0.31004125717374503,0.996679228650851,-6.404324641869352,1.6338895075460842,0.0030037116233838585,,0.926878838602525,,0.06650778897549527,,,0.006562321555117463,3.627615422718564e-05,,,140.4660322434749,0.9989791151859895,0.7514795650918605,0.9998080427779772,0.9999852252873649,1.4774712635112763e-05
3510.5501577404766,2.1078113962284903,8633.060015343885,4689.063213935817,0.31003037331662897,0.9966778811886582,-6.40513129191609,1.6336184841749706,0.0030290300535522397,,0.9267447911536703,,0.06662968414318292,,,0.006574293967681935,3.6426833949133836e-05,,,140.18816086212775,0.9989627470277206,0.7493975707763789,0.999800258834929,0.9999851960984842,1.480390151575861e-05
3503.376899220516,2.1077765334276957,8609.100473883911,4689.026112832228,0.310019520559267,0.9966765370081785,-6.4059376815856615,1.633347721181024,0.0030543258356476874,,0.9266102112957681,,0.06675206477525468,,,0.006586312459735776,3.6578266678004896e-05,,,139.91023702085403,0.9989462243733156,0.7473177494690895,0.999792348151861,0.9999851667974365,1.4833202563457881e-05
3496.203640700556,2.1077413428395126,8585.16594568125,4688.988414279537,0.3100086989825776,0.9966751961240715,-6.406743810021429,1.633077219420879,0.003079599018494616,,0.9264750958424619,,0.06687493377674808,,,0.006598377307178319,3.6730457071149344e-05,,,139.63226050892337,0.9989295463694373,0.7452400994514974,0.9997843100809248,0.9999851373834594,1.4862616540600726e-05
3489.0303821805965,2.107705822647741,8561.256410950109,4688.950115212379,0.3099979086683098,0.9966738585511067,-6.407549676358126,1.6328069797598062,0.0031048496511096764,,0.9263394415821071,,0.06699829407595222,,,0.006610488788112574,3.688340980238129e-05,,,139.35423111596896,0.9989127121553276,0.7431646190060859,0.9997761439685244,0.9999851078559743,1.4892144025724363e-05
3481.8571236606363,2.107669971020355,8537.371849939014,4688.911212538129,0.3099871496990684,0.996672524304167,-6.408355279721611,1.6325370030719464,0.0031300777826849943,,0.9262032452773612,,0.06712214862446096,,,0.006622647182845846,3.703712959107662e-05,,,139.07614863180254,0.9988957208627275,0.7410913064183172,0.9997678491552514,0.9999850782142591,1.4921785740917848e-05
3474.683865140676,2.1076337861090972,8513.51224291204,4688.871703136614,0.3099764221583108,0.9966711933982481,-6.409160619228899,1.6322672902402822,0.003155283462609856,,0.9260665036648957,,0.06724650039747773,,,0.006634852773923815,3.719162118666785e-05,,,138.7980128464899,0.9988785716156859,0.7390201599750035,0.9997594249758239,0.9999850484574839,1.4951542516072891e-05
3467.5106066207163,2.1075972660494435,8489.677570148539,4688.83158385982,0.30996572613035844,0.9966698658484602,-6.409965693988032,1.6319978421567738,0.003180466740467942,,0.9259292134553424,,0.06737135239410301,,,0.006647105846145878,3.73468893786632e-05,,,138.51982355032436,0.998861263530542,0.7369511779642829,0.9997508707590235,0.9999850185849699,1.4981415030090872e-05
3460.3373481007566,2.107560408960525,8465.867811954342,4688.790851531598,0.30995506170040954,0.9966685416700297,-6.410770503097959,1.6317286597224694,0.003205627666034829,,0.9257913713329846,,0.06749670763751581,,,0.006659406686591288,3.750293899133515e-05,,,138.24158053386333,0.9988437957158887,0.7348843586765922,0.9997421858276327,0.999984988596083,1.501140391702016e-05
3453.1640895807964,2.1075232129448724,8442.08294865911,4688.749502947364,0.30994442895454455,0.9966672208782997,-6.41157504564847,1.631459743847583,0.0032307662892796627,,0.9256529739552253,,0.06762256917524564,,,0.006671755584647502,3.765977487633553e-05,,,137.9632835879337,0.9988261672724514,0.7328197004044367,0.9997333694983719,0.9999849584899948,1.5041510005198155e-05
3445.990831060836,2.1074856760880056,8418.32296060664,4688.707534873782,0.309933827979743,0.9966659034887324,-6.412379320720028,1.6311910954516495,0.0032558826603709227,,0.9255140179526836,,0.06774894007934552,,,0.006684152832014042,3.781740194045227e-05,,,137.6849325035183,0.9988083772928937,0.7307572014415485,0.9997244210818298,0.9999849282659836,1.5071734016380844e-05
3438.8175725408764,2.1074477964586404,8394.587828170464,4688.664944048471,0.30992325886388244,0.9966645895169091,-6.413183327383773,1.6309227154635293,0.003280976829675907,,0.9253744999286294,,0.06787582344680866,,,0.00669659872275194,3.797582510910692e-05,,,137.40652707193442,0.9987904248619149,0.7286968600842417,0.9997153398824031,0.9999848979232991,1.5102076700856948e-05
3431.644314020916,2.1074095721083905,8370.877531737122,4688.621727179678,0.30991272169575174,0.9966632789785318,-6.413987064701391,1.630654604821534,0.0033060488477756494,,0.9252344164590673,,0.06800322239955497,,,0.0067090935532885115,3.8135049353561406e-05,,,137.1280670847235,0.9987723090561094,0.7266386746299585,0.9997061251982255,0.9999848674612645,1.5132538735529444e-05
3424.471055500957,2.1073710010712787,8347.192051722448,4688.577880945958,0.30990221656506883,0.9966619718894255,-6.414790531724922,1.6303867644736272,0.0033310987654457747,,0.9250937640918966,,0.06813114008496174,,,0.006721637622440648,3.829507969156599e-05,,,136.84955233357636,0.9987540289437341,0.7245826433786847,0.9996967763210998,0.9999848368789905,1.516312100946493e-05
3417.2977969809963,2.107332081364055,8323.531368559348,4688.533401995883,0.30989174356247673,0.9966606682655379,-6.41559372749681,1.6301191953773637,0.0033561266336744368,,0.9249525393472502,,0.06825957967594684,,,0.006734231231462104,3.8455921155699736e-05,,,136.5709826106074,0.9987355835848603,0.7225287646318879,0.9996872925364355,0.9999848061758149,1.5193824185133487e-05
3410.1245384610365,2.107292810985675,8299.89546269722,4688.488286947661,0.30988130277956366,0.996659368122942,-6.416396651049683,1.6298518985001147,0.0033811325036686925,,0.9248107387166666,,0.06838854437134187,,,0.006746874684033774,3.861757884210901e-05,,,136.29235770798826,0.9987169720311255,0.7204770366924671,0.9996776731231688,0.9999847753508845,1.5224649115519462e-05
3402.9512799410763,2.107253187916987,8276.284314621558,4688.442532388864,0.3098708943088742,0.9966580714778372,-6.4171993014062485,1.629584874819174,0.0034061164268340744,,0.9246683586633176,,0.06851803739596755,,,0.006759568286313265,3.878005787541148e-05,,,136.0136774182419,0.9986981933255863,0.7184274578664547,0.9996679173537023,0.9999847444034738,1.5255596526153603e-05
3395.778021421116,2.107213210120829,8252.697904824112,4688.396134876062,0.30986051824390504,0.9966567783465498,-6.41800167757933,1.6293181253217153,0.0034310784548078886,,0.9245253956213519,,0.06864806200108621,,,0.006772312346964043,3.894336340434074e-05,,,135.73494153420197,0.9986792465027626,0.7163800264604264,0.9996580244938299,0.9999847133328066,1.528666719341487e-05
3388.6047629011564,2.1071728755418193,8229.136213831904,4688.349090934482,0.30985017467913956,0.9966554887455358,-6.41880377857151,1.6290516510051596,0.0034560186394341835,,0.9243818459956058,,0.06877862146465666,,,0.006785107177147587,3.910750064775086e-05,,,135.45614984876778,0.99866013058854,0.7143347407840194,0.9996479938026613,0.9999846821380577,1.5317861942309996e-05
3381.431504381196,2.1071321821058784,8205.599222182156,4688.301397057675,0.309839863710033,0.996654202691381,-6.419605603375283,1.6287854528770112,0.003480937032790821,,0.9242377061615071,,0.06890971909149753,,,0.006797953090588791,3.927247484055507e-05,,,135.17730215523017,0.9986408445999424,0.7122915991477566,0.9996378245325532,0.9999846508184341,1.5349181565871284e-05
3374.258245861237,2.107091127720396,8182.086910441892,4688.253049707176,0.30982958543304456,0.9966529202008039,-6.420407150972722,1.6285195319551962,0.0035058336871647325,,0.9240929724646955,,0.06904135821365064,,,0.006810850403577309,3.9438291267303554e-05,,,134.89839824709125,0.9986213875452115,0.7102505998647476,0.9996275159290353,0.9999846193731907,1.538062680928043e-05
3367.0849873412767,2.1070497102736003,8158.599259198279,4688.204045312127,0.30981933994563154,0.9966516412906552,-6.421208420335544,1.6282538892679987,0.003530708655084149,,0.9239476412205141,,0.06917354219066155,,,0.006823799435003932,3.9604955250243566e-05,,,134.61943791808207,0.9986017584235073,0.7082117412498505,0.9996170672307307,0.9999845878014297,1.541219857026377e-05
3359.9117288213165,2.107007927634832,8135.1362490623005,4688.154380268944,0.30980912734627136,0.9966503659779208,-6.422009410424875,1.627988525854291,0.0035555619892992576,,0.9238017087140376,,0.06930627440975595,,,0.00683680050638232,3.9772472155199315e-05,,,134.3404209622026,0.9985819562250389,0.7061750216199913,0.9996064776692845,0.9999845561023311,1.5443897668943052e-05
3352.7384703013563,2.1069657776536146,8111.697860651618,4688.104050940939,0.3097989477344598,0.9966490942797218,-6.422810120191268,1.6277234427635223,0.0035803937428079183,,0.9236551711995792,,0.0694395582862735,,,0.006849853941884571,3.9940847381956854e-05,,,134.06134717372467,0.9985619799306231,0.7041404392926751,0.9995957464692833,0.9999845242751191,1.5475724880920083e-05
3345.565211781396,2.1069232581606263,8088.284074632956,4688.053053657967,0.3097888012107457,0.9966478262133188,-6.423610548574349,1.6274586410560659,0.0036052039688193164,,0.9235080249002815,,0.06957339726391808,,,0.006862960068353993,4.011008638192712e-05,,,133.78221634712776,0.9985418285121452,0.7021079925896663,0.9995848728481806,0.9999844923189355,1.5507681064508283e-05
3338.391953261437,2.1068803669660348,8064.894871679723,4688.001384716043,0.3097786878767207,0.9966465617961106,-6.424410694502917,1.6271941218031216,0.0036299927207953083,,0.9233602660079755,,0.06970779481496235,,,0.006876119215344047,4.028019464558971e-05,,,133.50302827715944,0.9985215009317701,0.7000776798333093,0.9995738560162137,0.9999844602329275,1.5539767072469957e-05
3331.218694741476,2.106837101860516,8041.5302324862705,4687.949040376968,0.30976860783503546,0.9966453010456362,-6.425210556894779,1.6269298860868826,0.0036547600524404187,,0.9232118906827839,,0.06984275444064561,,,0.0068893317151460945,4.0451177702613966e-05,,,133.22378275883736,0.9985009961424247,0.6980494993477665,0.9995626951763258,0.9999844280162781,1.557198372192925e-05
3324.045436221517,2.106793460614136,8018.190137774209,4687.896016867954,0.309758561189415,0.9966440439795774,-6.426010134656587,1.6266659350006991,0.0036795060177023985,,0.9230628950527783,,0.06997827967137701,,,0.006902597902815849,4.0623041124809206e-05,,,132.94447958743618,0.9984803130872683,0.6960234494595667,0.9995513895240841,0.999984395668096,1.5604331903951163e-05
3316.8721777015567,2.1067494409767025,7994.874568286424,4687.842310381222,0.3097485480446732,0.9966427906157601,-6.426809426683696,1.6264022696492146,0.003704230670775858,,0.9229132752135982,,0.07011437406722304,,,0.006915918116193983,4.0795790537788685e-05,,,132.66511855842268,0.9984594506998591,0.6939995284970853,0.9995399382475953,0.999984363187553,1.5636812446984116e-05
3309.6989191815965,2.1067050406773173,7971.58350478953,4687.787917073642,0.3097385685067165,0.9966415409721548,-6.4276084318601105,1.6261388911484245,0.0037289340661011594,,0.9227630272282105,,0.07025104121797594,,,0.006929292695957604,4.096943159009568e-05,,,132.3856994676411,0.9984384079039419,0.6919777347907577,0.9995283405274291,0.9999843305737341,1.5669426265851882e-05
3302.5256606616363,2.1066602574241124,7948.316928070636,4687.732833066286,0.30972862268256224,0.9966402950668799,-6.428407149058311,1.625875800625849,0.0037536162583847836,,0.9226121471264426,,0.07038828474366832,,,0.006942721985618813,4.114396999765687e-05,,,132.1062221110461,0.9984171836133235,0.6899580666727982,0.9995165955365215,0.9999842978257274,1.5702174272602676e-05
3295.352402141676,2.106615088903873,7925.0748189398055,4687.6770544440715,0.3097187106803525,0.9966390529182021,-6.429205577139094,1.6256129992206878,0.0037782773025771058,,0.9224606309049274,,0.07052610829473288,,,0.0069562063315789105,4.1319411509082623e-05,,,131.82668628495068,0.9983957767316933,0.6879405224774137,0.9995047024401005,0.9999842649427483,1.5735057251720086e-05
3288.179143621717,2.106569532782472,7901.857158237213,4687.620577255342,0.3097088326093583,0.9966378145445381,-6.430003714951548,1.6253504880838587,0.003802917253892206,,0.9223084745263351,,0.07066451555244854,,,0.006969746083156666,4.1495761909294934e-05,,,131.54709178594283,0.9983741861528304,0.6859251005414247,0.9994926603955954,0.9999842319238497,1.5768076150335375e-05
3281.0058851017566,2.1065235867035965,7878.663926807295,4687.563397511417,0.3096989885799968,0.9966365799644568,-6.430801561332847,1.6250882683781844,0.0038275361678240176,,0.9221556739192547,,0.07080351022922331,,,0.006983341592599627,4.167302704783078e-05,,,131.26743841075907,0.9983524107599984,0.6839117992020222,0.9994804685525409,0.9999841987681254,1.5801231874612576e-05
3273.832626581797,2.106477248289366,7855.495105540868,4687.505511186232,0.3096891787038548,0.9966353491966814,-6.431599115108036,1.6248263412786192,0.003852134100104496,,0.922002224977768,,0.07094309606889825,,,0.006996993215135124,4.1851212809123814e-05,,,130.9877259564673,0.9983304494262398,0.6819006168004226,0.9994681260525015,0.9999841654746104,1.583452538955754e-05
3266.6593680618366,2.106430515139499,7832.35067533919,4687.446914215878,0.30967940309368264,0.9966341222600898,-6.432396375090074,1.6245647079722056,0.0038767111067530033,,0.9218481235613176,,0.07108327684703394,,,0.007010701308998161,4.2030325120148654e-05,,,130.70795422043045,0.9983083010139807,0.6798915516787492,0.9994556320289718,0.9999841320424699,1.5867957530057986e-05
3259.4861095418764,2.106383384831647,7809.230617128582,4687.387602498165,0.30966966186342204,0.9966328991737178,-6.433193340079554,1.6243033696583487,0.003901267244058738,,0.9216933654939464,,0.07122405637140024,,,0.007024466235450603,4.2210369967022435e-05,,,130.42812300018593,0.9982859643751882,0.6778846021813005,0.9994429856072846,0.9999840984707643,1.5901529235695655e-05
3252.3128510219167,2.1063358549206077,7786.134911857331,4687.327571892211,0.30965995512820477,0.9966316799567585,-6.433990008864712,1.624042327548815,0.003925802568593216,,0.9215379465640757,,0.07136543848220929,,,0.007038288358839921,4.239135335942367e-05,,,130.14823209364388,0.998263438350999,0.6758797666542822,0.9994301859045227,0.9999840647584843,1.593524151566328e-05
3245.139592501956,2.106287922938013,7763.063540500002,4687.266818217976,0.3096502830043866,0.9966304646285675,-6.4347863802210785,1.623781582868073,0.003950317137202199,,0.9213818625244179,,0.07150742705241848,,,0.007052168046597089,4.257328137871667e-05,,,129.86828129888937,0.9982407217715703,0.6738770434461807,0.9994172320294191,0.9999840309048122,1.5969095187751137e-05
3237.9663339819967,2.1062395863930696,7740.016484054179,4687.2053372558175,0.30964064560954874,0.9966292532086627,-6.435582452911459,1.6235211368533173,0.003974811007013347,,0.9212251090909578,,0.07165002598824192,,,0.007066105669289196,4.2756160150505564e-05,,,129.588270414248,0.9982178134564311,0.6718764309074808,0.9994041230822639,0.9999839969086394,1.600309136062794e-05
3230.7930754620365,2.1061908427704563,7716.9937235379275,4687.143124746055,0.3096310430625077,0.9966280457167255,-6.4363782256858375,1.6232609907545612,0.003999284235447326,,0.9210676819433347,,0.0717932392292431,,,0.007080101600661653,4.2939995834909736e-05,,,129.30819923842054,0.9981947122134864,0.669877927390445,0.9993908581548092,0.9999839627690743,1.603723092569176e-05
3223.619816942077,2.1061416895322225,7693.995239997425,4687.080176388488,0.30962147548333724,0.9966268421726039,-6.4371736972811435,1.6230011458348796,0.004023736880213805,,0.9209095767238182,,0.07193707074904211,,,0.007094156217655797,4.312479464777363e-05,,,129.02806757031317,0.998171416839916,0.6678815312497766,0.9993774363301681,0.9999839284851638,1.607151483618008e-05
3216.4465584221166,2.106092124115518,7671.021014501966,4687.0164878419255,0.30961194299338685,0.9966256425963149,-6.437968866421061,1.6227416033705868,0.004048168999312753,,0.920750789037239,,0.07208152455535977,,,0.00710826990043971,4.3310562866545016e-05,,,128.74787520905073,0.9981479261210987,0.6658872408421845,0.9993638566827133,0.9999838940559049,1.610594409506838e-05
3209.2732999021564,2.106042143933805,7648.071028140639,4686.952054723739,0.3096024457152773,0.996624447008044,-6.438763731816075,1.622482364651197,0.004072580651050683,,0.9205913144505006,,0.07222660469059064,,,0.007122443032472074,4.349730679102781e-05,,,128.4676219541577,0.9981242388311872,0.6638950545260971,0.9993501182779827,0.9999838594803543,1.614051964571317e-05
3202.1000413821967,2.105991746375929,7625.145262030916,4686.886872609338,0.309592983772939,0.9966232554281498,-6.439558292163075,1.6222234309798216,0.0040969718940315905,,0.920431148492014,,0.07237231523208153,,,0.007136676000498528,4.36850327965055e-05,,,128.187307605288,0.9981003537326678,0.6619049706624058,0.9993362201725667,0.9999838247573906,1.61752426094397e-05
3194.926782862237,2.105940928805456,7602.243697313468,4686.820937031732,0.3095835572916107,0.9966220678771645,-6.440352546145366,1.621964803673153,0.004121342787164335,,0.9202702866517336,,0.07251866029251129,,,0.007150969194617562,4.3873747293596786e-05,,,127.90693196247634,0.9980762695760456,0.6599169876140163,0.9993221614140153,0.9999837898861561,1.6210113843895257e-05
3187.7535243422767,2.1058896885613323,7579.366315152503,4686.754243480996,0.3095741663978651,0.9966208843757964,-6.4411464924324004,1.6217064840617432,0.004145693389667448,,0.920108724380179,,0.07266564402031012,,,0.0071653230082960526,4.4063456755963436e-05,,,127.62649482594222,0.9980519851001576,0.657931103745877,0.9993079410407241,0.9999837548655411,1.624513445885878e-05
3180.5802658223165,2.1058380229567537,7556.513096735936,4686.686787403785,0.3095648112196125,0.9966197049449315,-6.441940129679749,1.6214484734900187,0.0041700237610796075,,0.9199464570884124,,0.07281327060005031,,,0.007179737838422209,4.4254167699535885e-05,,,127.34599599623486,0.9980274990316369,0.6559473174249945,0.9992935580818305,0.9999837196945843,1.628030541567238e-05
3173.4070073023568,2.105785929279412,7533.684023277201,4686.618564202828,0.3095554918861293,0.9966185296056362,-6.442733456528794,1.6211907733165987,0.0041943339612490905,,0.9197834801472836,,0.07296154425279067,,,0.00719421408533047,4.4445886698460376e-05,,,127.06543527413082,0.9980028100850294,0.6539656270205904,0.9992790115571061,0.9999836843721033,1.6315627896723583e-05
3166.233748782397,2.1057334047907674,7510.879076015112,4686.549569236418,0.30954620852806064,0.9966173583791581,-6.443526471606708,1.6209333849143075,0.004218624050351523,,0.9196197888874522,,0.07311046923650169,,,0.007208752152854023,4.463862036617412e-05,,,126.78481246077689,0.9979779169624491,0.6519860309040896,0.9992643004768482,0.9999836488971741,1.635110282593999e-05
3159.0604902624364,2.105680446725871,7488.098236211976,4686.4797978178685,0.309536961277453,0.9966161912869304,-6.444319173526115,1.6206763096705243,0.00424289408888281,,0.919455378598548,,0.07326004984653584,,,0.007223352448337875,4.483237538933131e-05,,,126.50412735748799,0.9979528183534934,0.6500085274489562,0.999249423841763,0.999983613268811,1.63867311889776e-05
3151.8872317424766,2.1056270522935407,7465.341485154095,4686.409245215008,0.30952775026774954,0.9966150283505709,-6.445111560885135,1.6204195489871296,0.004267144137673284,,0.9192902445286699,,0.07341029041587692,,,0.007238015382711153,4.502715848235842e-05,,,126.22337976595436,0.9979275129353274,0.6480331150307374,0.9992343806428589,0.9999835774857403,1.642251425970631e-05
3144.713973222517,2.1055732186751963,7442.60880415491,4686.337906649605,0.30951857563383045,0.9966138695918876,-6.445903632266969,1.6201631042809197,0.004291374257887463,,0.9191243818843055,,0.07356119531578277,,,0.007252741370483266,4.522297644685072e-05,,,125.94256948801545,0.997901999372131,0.646059792027336,0.9992191698613231,0.9999835415470183,1.6458452981704674e-05
3137.5407147025567,2.1055189430251664,7419.900174551058,4686.265777296879,0.3095094375120074,0.9966127150328777,-6.446695386239957,1.6199069769835557,0.004315584511025614,,0.918957785829761,,0.07371276895590546,,,0.007267530829829545,4.541983610867535e-05,,,125.66169632594706,0.9978762763152448,0.6440885568186682,0.9992037904684177,0.9999835054516047,1.6494548395251662e-05
3130.3674561825965,2.1054642224700997,7397.21557770817,4686.192852284893,0.30950033604005683,0.9966115646957325,-6.447486821357228,1.6196511685419077,0.004339774958929882,,0.9187904514863735,,0.07386501578499047,,,0.0072823841825974105,4.5617744365073e-05,,,125.38076008219879,0.9978503424028909,0.6421194077871675,0.9991882414253503,0.9999834691983265,1.6530801673519946e-05
3123.1941976626367,2.1054090541086175,7374.554995002973,4686.11912669401,0.3094912713572224,0.9966104186028368,-6.448277936156678,1.6193956804180818,0.004363945663803431,,0.9186223739323376,,0.07401794029120004,,,0.007297301854364371,4.5816708162212996e-05,,,125.09976055953298,0.9978241962600083,0.6401523433162303,0.9991725216831578,0.9999834327860642,1.6567213935836378e-05
3116.020939142677,2.1053534350111676,7351.918407859728,4686.044595556354,0.3094822436042539,0.9966092767767749,-6.449068729160565,1.6191405140898194,0.004388096688175225,,0.9184535482022321,,0.07417154700249212,,,0.007312284274469796,4.601673450627267e-05,,,124.81869756100639,0.9977978364981838,0.6381873617933792,0.9991566301825914,0.9999833962137004,1.6603786299640433e-05
3108.847680622717,2.105297362219802,7329.305797711095,4685.969253855173,0.30947325292340067,0.9966081392403291,-6.449859198875577,1.6188856710504318,0.004412228094956969,,0.9182839692864887,,0.07432584048715553,,,0.007327331876059156,4.621783046296469e-05,,,124.53757088993916,0.997771261715546,0.6362244616068659,0.9991405658539814,0.9999833594801664,1.6640519833632794e-05
3101.6744221027566,2.105240832747024,7306.717146030179,4685.893096524336,0.3094642994584461,0.9966070060164846,-6.450649343792477,1.6186311528091553,0.004436339947393921,,0.9181136321307509,,0.07448082535421156,,,0.007342445096143095,4.642000313335306e-05,,,124.25638035002925,0.99774447049622,0.634263641148453,0.9991243276171292,0.9999833225842389,1.667741576105719e-05
3094.501163582797,2.1051838435764454,7284.1524342901885,4685.816118447624,0.3094553833547172,0.9966058771284303,-6.451439162385995,1.6183769608912613,0.0044604323091292555,,0.9179425316356141,,0.07463650625393932,,,0.007357624375601117,4.662325970984364e-05,,,123.97512574511059,0.9977174614106377,0.6323048988099121,0.9991079143811565,0.9999832855248645,1.6714475135515272e-05
3087.3279050628366,2.105126391662187,7261.611644019778,4685.73831445825,0.30944650475910834,0.9966047525995626,-6.452228653114589,1.6181230968382918,0.004484505244149745,,0.917770662655938,,0.07479288787818938,,,0.0073728701592704156,4.682760741183979e-05,,,123.69380687945764,0.9976902330152545,0.6303482329878279,0.999091325044403,0.9999832483008096,1.6751699190353797e-05
3080.1546465428773,2.1050684739277465,7239.094756758204,4685.659679338158,0.3094376638201044,0.9966036324534876,-6.453017814420208,1.6178695622082975,0.004508558816823762,,0.9175980200004803,,0.07494997496092562,,,0.007388182895948635,4.703305354479011e-05,,,123.4124235575159,0.9976627838520127,0.6283936420797053,0.9990745584942767,0.9999832109108994,1.6789089100632815e-05
3072.9813880229167,2.1050100872666677,7216.601754074132,4685.580207817448,0.3094288606877847,0.996602516714022,-6.45380664472824,1.6176163585758898,0.004532593091902883,,0.9174245984312733,,0.07510777227878938,,,0.007403563038473374,4.723960545248102e-05,,,123.13097558411224,0.9976351124486578,0.6264411244856017,0.9990576136071319,0.9999831733539886,1.6826646011436353e-05
3065.808129502957,2.104951228541589,7194.132617556373,4685.499894573721,0.3094200955138558,0.9966014054051977,-6.45459514244718,1.6173634875325726,0.004556608134527286,,0.9172503926631785,,0.0752662846514396,,,0.0074190110437395386,4.744727055536927e-05,,,122.8494627643011,0.9976072173182887,0.624490678607324,0.999040489248128,0.9999831356289131,1.6864371086944274e-05
3058.6348709829967,2.104891894584038,7171.687328832567,4685.418734231476,0.3094113684516635,0.9966002985512624,-6.4553833059685015,1.6171109506868753,0.004580604010213424,,0.9170753973631479,,0.0754255169421178,,,0.007434527372775644,4.765605630918131e-05,,,122.56788490352727,0.9975790969592597,0.6225423028500492,0.9990231842711037,0.9999830977343505,1.6902265649543224e-05
3051.4616124630365,2.104832082194003,7149.265869546298,4685.336721361416,0.3094026796562186,0.9965991961766842,-6.456171133666394,1.6168587496646074,0.004604580784886241,,0.9168996071500545,,0.07558547405810565,,,0.007450112490754806,4.7865970254511917e-05,,,122.2862418074523,0.9975507498549778,0.6205959956203384,0.9990056975184255,0.9999830596691694,1.6940330830550465e-05
3044.288353943077,2.1047717881394723,7126.868221371112,4685.25385047981,0.3093940292842188,0.9965980983061532,-6.456958623897527,1.616606886109099,0.0046285385248629385,,0.9167230165939045,,0.07574616095120845,,,0.007465766867056695,4.8077019996327924e-05,,,122.00453328202552,0.9975221744736836,0.6186517553273535,0.998988027820855,0.999983021432166,1.6978567834002867e-05
3037.1150954231166,2.104711009156173,7104.494366007868,4685.170116047861,0.30938541749405,0.9965970049645827,-6.457745775001044,1.6163553616812063,0.004652477296867459,,0.9165456202151311,,0.07590758261834088,,,0.007481490975344096,4.828921316597553e-05,,,121.7227591336221,0.9974933692683285,0.6167095803826275,0.9989701739974116,0.9999829830219821,1.7016978017925233e-05
3029.9418369031573,2.104649741947441,7082.144285184951,4685.085512470955,0.3093768444458398,0.9965959161771153,-6.458532585298004,1.616104178059869,0.0046763971680353665,,0.9163674124844543,,0.07606974410194202,,,0.0074972852935503535,4.8502557503163627e-05,,,121.44091916876701,0.9974643326765124,0.6147694692000825,0.9989521348552143,0.9999829444374498,1.7055562550161163e-05
3022.7685783831967,2.1045879831829635,7059.817960658848,4685.00003409804,0.30936831030145434,0.996594831969123,-6.459319053091419,1.6158533369420782,0.004700298205912695,,0.9161883878219645,,0.07623265049059376,,,0.007513150303978425,4.871706078985459e-05,,,121.15901319436058,0.9974350631198879,0.6128314201960806,0.9989339091893474,0.9999829056773267,1.7094322673272266e-05
3015.595319863237,2.104525729499097,7037.515374206591,4684.913675220898,0.3093598152245161,0.9965937523662096,-6.460105176666058,1.6156028400430635,0.004724180478477735,,0.9160085405967123,,0.0763963069193432,,,0.007529086493344334,4.893273085936186e-05,,,120.87704101766346,0.9974055590043114,0.6108954317887666,0.9989154957827074,0.9999828667402593,1.7133259740731432e-05
3008.4220613432767,2.104462977498515,7015.236507642484,4684.826430073443,0.3093513593804484,0.9965926773942158,-6.460890954287999,1.6153526890967473,0.004748044054123963,,0.9158278651259147,,0.07656071857059207,,,0.007545094352803011,4.914957562853892e-05,,,120.59500244615687,0.9973758187196754,0.6089615023995212,0.9988968934058513,0.9999828276249384,1.717237506160263e-05
3001.2488028233165,2.104399723749203,6992.981342803235,4684.738292831007,0.309342942936484,0.9965916070792208,-6.4616763842045275,1.6151028858558414,0.0047718890016789795,,0.9156463556749038,,0.07672589067424557,,,0.007561174378014667,4.936760307859675e-05,,,120.31289728768701,0.9973458406394329,0.6070296304516697,0.9988781008168459,0.9999827883302426,1.7211669757433157e-05
2994.075544303357,2.1043359647846436,6970.749861556362,4684.649257609596,0.3093345660616827,0.9965905414475447,-6.462461464643964,1.614853432092029,0.0047957153904116916,,0.9154640064555482,,0.07689182850859205,,,0.0075773270692020105,4.958682124852463e-05,,,120.03072535036449,0.9973156231206842,0.605099814371212,0.998859116761108,0.9999827488545907,1.7251145409291624e-05
2986.9022857833966,2.104271697102851,6948.542045782853,4684.559318465159,0.3093262289269557,0.9965894805257514,-6.4632461938154036,1.6146043295962142,0.004819523290045208,,0.9152808116266934,,0.07705853740060409,,,0.007593552931196458,4.980723824422691e-05,,,119.74848644266758,0.9972851645037208,0.6031720525853171,0.9988399399712492,0.9999827091967382,1.7290803261849064e-05
2979.7290272634373,2.104206917166261,6926.357877417099,4684.468469392869,0.3093179317051057,0.9965884243406536,-6.464030569908304,1.6143555801789384,0.004843312770725378,,0.9150967652931724,,0.07722602272658387,,,0.007609852473487374,5.002886224272278e-05,,,119.46618037340006,0.9972544631119722,0.6012463435257899,0.9988205691669231,0.9999826693554863,1.7330644513702254e-05
2972.555768743477,2.1041416214011925,6904.197338401707,4684.376704326289,0.30930967457082564,0.996587372919313,-6.464814591092495,1.6141071856703721,0.004867083903080314,,0.9149118615046586,,0.0773942899128827,,,0.00762622621028025,5.025170148912526e-05,,,119.18380695161511,0.9972235172517501,0.5993226856251482,0.9988010030546458,0.9999826293293106,1.737067068940945e-05
2965.382510223517,2.104075806197354,6882.060410716294,4684.284017136675,0.30930145770073864,0.9965863262890452,-6.46559825551777,1.6138591479207198,0.004890836758182437,,0.9147260942558341,,0.07756334443624344,,,0.007642674660556472,5.047576428874454e-05,,,118.90136598677492,0.9971923252120163,0.5974010773191227,0.9987812403276493,0.9999825891169227,1.7410883077273454e-05
2958.2092517035567,2.1040094679075447,6859.947076366232,4684.190401632127,0.30929328127341854,0.9965852844774223,-6.466381561313666,1.613611468800448,0.004914571407581889,,0.9145394574852027,,0.07773319182455145,,,0.007659198348112584,5.0701059030400523e-05,,,118.6188572885802,0.9971608852642393,0.5954815170456799,0.9987612796656987,0.9999825487168971,1.7451283102931647e-05
2951.0359931835965,2.1039426028469066,6837.857317388682,4684.095851556845,0.3092851454694091,0.9965842475122759,-6.467164506589269,1.6133641502004696,0.004938287923294595,,0.9143519450746461,,0.07790383765735444,,,0.007675797801640316,5.092759415427678e-05,,,118.33628066713726,0.9971291956620411,0.5935640032455453,0.9987411197349351,0.9999825081277951,1.7491872204900005e-05
2943.862734663637,2.103875207292645,6815.791115844984,4684.000360590276,0.30927705047125786,0.9965832154217006,-6.467947089432861,1.613117194032502,0.004961986377825351,,0.9141635508489067,,0.0780752875665005,,,0.007692473554756289,5.1155378189738865e-05,,,118.0536359328258,0.9970972546410641,0.5916485343615437,0.9987207591876921,0.9999824673483533,1.7532651646723352e-05
2936.6894761436765,2.1038072774834964,6793.7484538276285,4683.903922346302,0.3092689964635338,0.9965821882340568,-6.468729307911736,1.6128706022292514,0.004985666844164139,,0.9139742685744109,,0.07824754723675342,,,0.007709226146078806,5.1384419730214684e-05,,,117.77092289633939,0.9970650604187187,0.5897351088392039,0.9987001966623246,0.9999824263769733,1.7573623026678753e-05
2929.5162176237172,2.10373880961928,6771.729313462311,4683.806530372444,0.3092609836328578,0.9965811659779745,-6.4695111600718835,1.6126243767447264,0.005009329395784899,,0.9137840919591965,,0.0784206224063826,,,0.007726056119284833,5.16147274351147e-05,,,117.48814136877029,0.9970326111939716,0.5878237251269367,0.9986794307830371,0.999982385212299,1.7614787701014656e-05
2922.342959103757,2.1036697998602336,6749.733676901855,4683.708178148976,0.3092530121679202,0.9965801486823558,-6.470292643937812,1.6123785195544222,0.005032974106670095,,0.9135930146518909,,0.07859451886774176,,,0.007742964023170047,5.1846310031217514e-05,,,117.2052911615472,0.9969999051470302,0.5859143816755082,0.9986584601596964,0.9999823438528339,1.7656147166089653e-05
2915.169700583797,2.103600244326947,6727.761526316599,4683.608859088042,0.30924508225951713,0.996579136376379,-6.471073757512164,1.612133032655695,0.00505660105131662,,0.913401030240958,,0.07876924246814775,,,0.007759950411693392,5.207917633311714e-05,,,116.92237208636881,0.9969669404393113,0.5840070769372048,0.9986372833876421,0.9999823022971323,1.769770286774719e-05
2907.996442063837,2.1035301390990937,6705.812843930118,4683.508566532849,0.30923719410058426,0.9965781290895034,-6.471854498775368,1.6118879180681152,0.005080210304714246,,0.9132081322543165,,0.07894479911013166,,,0.007777015844045305,5.231333523408795e-05,,,116.63938395528896,0.9969337152128407,0.5821018093689339,0.9986158990475157,0.9999822605437275,1.7739456272480858e-05
2900.8231835438764,2.1034594802155597,6683.887611980266,4683.40729375673,0.30922934788619805,0.9965771268514692,-6.472634865685632,1.611643177833474,0.005103801942387226,,0.9130143141581228,,0.07912119475247245,,,0.007794160884730137,5.254879568040241e-05,,,116.35632658074258,0.9969002275903127,0.5801985774288425,0.9985943057050597,0.9999822185910059,1.7781408994110848e-05
2893.649925023917,2.103388263673828,6661.985812737591,4683.30503396226,0.30922154381362865,0.9965761296923044,-6.473414856178383,1.611398814016347,0.005127376040384575,,0.9128195693566427,,0.07929843541066348,,,0.007811386103598339,5.278556671198343e-05,,,116.07319977548539,0.9968664756748,0.5782973795779159,0.9985725019109295,0.9999821764376164,1.7823562383556535e-05
2886.476666503957,2.1033164854290383,6640.107428504494,4683.201780280324,0.3092137820823592,0.9965751376423272,-6.474194468166078,1.6111548287042767,0.0051509326752901975,,0.912623891190858,,0.07947652715761147,,,0.007828692075922461,5.302365744723951e-05,,,115.79000335256703,0.9968324575493073,0.576398214279904,0.9985504862004955,0.9999821340818391,1.786591816088645e-05
2879.303407983997,2.1032441413938776,6618.252441619539,4683.09752576927,0.30920606289409625,0.9965741507321474,-6.474973699538093,1.6109112240078867,0.005174471924221372,,0.9124272729382861,,0.07965547612440842,,,0.007846079382498698,5.326307703407324e-05,,,115.50673712559288,0.9967981712767193,0.5745010800016961,0.998528257093661,0.9999820915222273,1.79084777727212e-05
2872.130149464037,2.1031712274376893,6596.42083443212,4682.992263413779,0.3091983864528445,0.9965731689926758,-6.47575254815994,1.6106680020616642,0.005197993864866603,,0.9122297078120579,,0.07983528850084302,,,0.007863548609612104,5.350383478529906e-05,,,115.2234009082014,0.9967636148993788,0.5726059752111214,0.9985058130946225,0.9999820487572983,1.7951242701652603e-05
2864.956890944077,2.103097739386468,6574.612589348855,4682.885986124152,0.30919075296487736,0.9965721924551206,-6.476531011873579,1.6104251650236474,0.005221498575445902,,0.9120311889597611,,0.08001597053630549,,,0.007881100349238036,5.374593999750789e-05,,,114.93999451470505,0.9967287864390845,0.570712898380977,0.9984831526917168,0.9999820057853022,1.799421469783624e-05
2857.783632424117,2.1030236730214984,6552.827688794809,4682.778686735122,0.3091831626388271,0.9965712211509989,-6.477309088496488,1.6101827150763626,0.0052449861347534845,,0.9118317094631235,,0.08019752854043065,,,0.007898735198981367,5.398940212412093e-05,,,114.6565177595075,0.9966936838964447,0.5688218479856605,0.998460274357169,0.9999819626046595,1.8037395340453344e-05
2850.6103739041564,2.1029490240792423,6531.066115224267,4682.67035800499,0.3091756156856686,0.9965702551121344,-6.47808677582182,1.609940654426655,0.005268456622160091,,0.9116312623372717,,0.08037996888369132,,,0.00791645376222803,5.4234230665387896e-05,,,114.37297045751541,0.9966583052508258,0.5669328225021065,0.9984371765469061,0.9999819192138565,1.808078614351505e-05
2843.437115384197,2.1028737882506996,6509.327851127669,4682.560992614603,0.30916811231876035,0.9965692943706627,-6.478864071617988,1.609698985306112,0.0052919101176103975,,0.9114298405294432,,0.080563297998379,,,0.0079342566482043,5.448043518221534e-05,,,114.0893524240352,0.9966226484600472,0.565045820410388,0.9984138577003417,0.9999818756112088,1.8124388791229684e-05
2836.263856864237,2.1027979611807943,6487.612879026391,4682.450583166287,0.30916065275389454,0.9965683389590378,-6.4796409736281335,1.609457709971589,0.005315346701638943,,0.9112274369184171,,0.08074752237918915,,,0.007952144472010645,5.4728025345091106e-05,,,113.80566347463999,0.9965867114600921,0.5631608401932631,0.9983903162401465,0.999981831794962,1.8168205037971674e-05
2829.090598344277,2.1027215384679137,6465.921181473401,4682.3391221828715,0.30915323720930954,0.9965673889100339,-6.480417479570011,1.6092168307053356,0.005338766455375135,,0.911024044314056,,0.08093264858401157,,,0.007970117854726079,5.497701089137428e-05,,,113.52190342536987,0.996550492164888,0.5612778803362327,0.9983665505720408,0.9999817877636852,1.8212236314818497e-05
2821.9173398243174,2.1026445156628655,6444.252741055991,4682.226602106556,0.30914586590574344,0.9965664442567516,-6.481193587135423,1.6089763498155483,0.005362169460552051,,0.9108196554556558,,0.08111868323463466,,,0.007988177423445873,5.5227401672080496e-05,,,113.23807209247347,0.9965139884658131,0.559396939327777,0.9983425590845535,0.9999817435154084,1.8256484591638866e-05
2814.7440813043568,2.1025668882684747,6422.607540389599,4682.1130152979395,0.30913853906643435,0.9965655050326182,-6.481969293990224,1.6087362696363723,0.005385555799520769,,0.9106142630120274,,0.08130563301766905,,,0.008006323811405312,5.5479207586712694e-05,,,112.95416929274991,0.9964771982315047,0.5575180156588194,0.9983183401488144,0.9999816990486885,1.830095131150067e-05
2807.570822784397,2.102488651739516,6400.985562129458,4681.998354034877,0.3091312569171796,0.9965645712713954,-6.482744597773695,1.6084965925285255,0.005408925555242784,,0.9104078595796561,,0.08149350468523339,,,0.008024557658021948,5.573243862489621e-05,,,112.67019484330852,0.9964401193078275,0.5556411078237377,0.9982938921183105,0.9999816543615363,1.834563846370152e-05
2800.3975642644373,2.1024098014804458,6379.386788957285,4681.882610511358,0.309124019686371,0.9965636430071838,-6.483519496098191,1.6082573208796518,0.005432278811317264,,0.910200437682857,,0.08168230505570404,,,0.008042879608955457,5.598710489062729e-05,,,112.38614856159428,0.996402749516799,0.5537662143192088,0.9982692133286477,0.9999816094524071,1.8390547592894713e-05
2793.224305744477,2.102330332847015,6357.811203591486,4681.765776836465,0.3091168276049959,0.9965627202744225,-6.484293986549123,1.608018457104344,0.005455615651980315,,0.9099919897719626,,0.08187204101477064,,,0.00806129031624731,5.624321651785771e-05,,,112.10203026558753,0.9963650866573532,0.5518933336450943,0.9982443020973273,0.9999815643194985,1.843568050152733e-05
2786.051047224517,2.1022502411434716,6336.258788782881,4681.647845033118,0.3091096809067273,0.9965618031079011,-6.485068066684026,1.6077800036450656,0.005478936162114157,,0.9097825082230183,,0.08206271951587313,,,0.008079790438306363,5.650078379421588e-05,,,111.8178397734559,0.9963271285040151,0.5500224643040695,0.9982191567234793,0.999981518960992,1.8481039008033662e-05
2778.877788704557,2.1021695216234937,6314.729527322941,4681.528807037037,0.3091025798279122,0.996560891542758,-6.485841734032676,1.6075419629720402,0.005502240427248912,,0.9095719853365433,,0.0822543475814538,,,0.008098380640071333,5.675981705040389e-05,,,111.5335769039061,0.996288872807343,0.5481536048023387,0.9981937754876412,0.9999814733751188,1.8526624881221032e-05
2771.7045301845974,2.1020881694884284,6293.223402017026,4681.408654695431,0.30909552460762696,0.996559985614487,-6.486614986096521,1.6073043375838179,0.005525528533606374,,0.909360413336639,,0.08244693230358573,,,0.008117061593035494,5.702032673672976e-05,,,111.24924147591354,0.9962503172930941,0.5462867536473113,0.9981681566514778,0.9999814275599969,1.8572440003139512e-05
2764.5312716646367,2.102006179886859,6271.740395732689,4681.2873797660095,0.30908851548769856,0.9965590853589409,-6.487387820348456,1.6070671300075077,0.005548800568047177,,0.9091477843704716,,0.08264048084471996,,,0.008135833975394448,5.728232333358222e-05,,,110.96483330910553,0.9962114596620185,0.5444219093517959,0.9981422984575713,0.9999813815139196,1.8618486080423935e-05
2757.358013144677,2.101923547914284,6250.280491353928,4681.1649739155,0.3090815527127849,0.9965581908123409,-6.488160234231992,1.6068303427995962,0.005572056618140779,,0.90893409050655,,0.08283500043881499,,,0.008154698472020005,5.754581749721921e-05,,,110.6803522231782,0.996172297589708,0.5425590704300285,0.9981161991291044,0.9999813352348822,1.8664765117804016e-05
2750.1847546247172,2.101840268611845,6228.843671804243,4681.041428718629,0.3090746365303583,0.9965573020112746,-6.488932225161433,1.6065939785457797,0.00559529677214284,,0.9087193237343575,,0.08303049839213866,,,0.008173655774652734,5.7810819917006736e-05,,,110.39579803844862,0.996132828725993,0.5406982353996739,0.9980898568696436,0.999981288721066,1.8711278934047115e-05
2743.011496104757,2.101756336966008,6207.429920042483,4680.91673565675,0.30906776719078216,0.9965564189927056,-6.48970379052107,1.6063580398617665,0.0056185211190147265,,0.9085034759632137,,0.08322698208404876,,,0.008192706581917685,5.807734140733055e-05,,,110.11117057554601,0.9960930506947906,0.5388394027814656,0.9980632698628464,0.9999812419705875,1.875802941253557e-05
2735.8382375847978,2.101671747907707,6186.039219062727,4680.790886116672,0.3090609449473108,0.9965555417939742,-6.4904749276651925,1.606122529393267,0.0056417297484279766,,0.9082865390210622,,0.08342445896815386,,,0.008211851599479899,5.834539281763302e-05,,,109.82646965568016,0.9960529610937,0.5369825710991951,0.9980364362722114,0.9999811949815136,1.8805018486389713e-05
2728.664979064837,2.101586496311438,6164.671551894393,4680.6638713892,0.3090541700561922,0.9965546704528092,-6.491245633917014,1.6058874498170699,0.005664922750783384,,0.9080685046536522,,0.08362293657296987,,,0.0082310915400234,5.861498517594532e-05,,,109.54169510021534,0.9960125574935725,0.5351277388797216,0.9980093542407675,0.9999811477518213,1.8852248178657938e-05
2721.4917205448774,2.1015005769942827,6143.326901605876,4680.535682668,0.30904744277664786,0.9965538050073264,-6.492015906568893,1.6056528038408153,0.0056881002172058095,,0.907849364523726,,0.08382242250297747,,,0.008250427123447375,5.888612954904602e-05,,,109.2568467311479,0.9959718374380487,0.5332749046532879,0.9979820218908315,0.9999811002796999,1.8899720300113998e-05
2714.318462024917,2.10141398471593,6122.00525129839,4680.40631104812,0.3090407633709399,0.996552945496036,-6.492785742881626,1.605418594203707,0.005711262239577252,,0.9076291102093231,,0.08402292443967695,,,0.00826985907690186,5.915883711512537e-05,,,108.97192437080308,0.9959307984435688,0.5314240669529853,0.997954437323693,0.9999810525630171,1.8947436982941213e-05
2707.145203504957,2.101326714176603,6100.706584111609,4680.275747524711,0.3090341321044155,0.9965520919578492,-6.493555140083991,1.6051848236769661,0.0057344089105239695,,0.907407733203379,,0.08422445014241443,,,0.008289388134888878,5.9433119151940605e-05,,,108.6869278419627,0.9958894379983901,0.5295752243152438,0.9979265986193413,0.9999810045998342,1.8995400165811027e-05
2699.971944984997,2.1012387600178517,6079.430883220177,4680.143982991605,0.3090275492455368,0.9965512444320814,-6.494324095372441,1.6049514950641388,0.0057575403234459005,,0.9071852249122326,,0.08442700744945499,,,0.008309015039363266,5.970898702760447e-05,,,108.40185696784998,0.995847753562963,0.5277283752795292,0.9978985038361632,0.9999809563880784,1.904361192162085e-05
2692.798686465037,2.1011501164877338,6058.1780628503675,4680.011008087665,0.3090210150343985,0.9965504029543972,-6.4950926062377965,1.604718610874408,0.005780656648236512,,0.906961576375352,,0.08463060455838767,,,0.008328740543029041,5.998645251505393e-05,,,108.11671149354481,0.9958057424112483,0.5258835124002055,0.9978701509781801,0.9999809079292837,1.909207071626451e-05
2685.6254279450777,2.101060778763961,6036.948242670343,4679.8768137962115,0.30901452980885113,0.9965495675730535,-6.495860669156455,1.6044861746313739,0.005803757830132906,,0.9067367793715192,,0.08483524891554933,,,0.00834856539710705,6.026552660115995e-05,,,107.83149139258198,0.9957634022578014,0.5240406460651339,0.9978415381228596,0.9999808592107768,1.914078922315987e-05
2678.452169425117,2.10097074098111,6015.74133979579,4679.741390560393,0.3090080938154938,0.9965487383245588,-6.496628281551732,1.604254188911721,0.005826844037533352,,0.9065108247793195,,0.08504094887176694,,,0.008368490368657984,6.054622124150657e-05,,,107.54619642600568,0.9957207303228011,0.5221997690794956,0.9978126632324931,0.999980810240986,1.9189759014048846e-05
2671.2789109051573,2.100879997530691,5994.557336307958,4679.604728848638,0.3090017073357538,0.9965479152499092,-6.497395440485529,1.6040226566535472,0.005849915368365976,,0.906283703640799,,0.08524771259439481,,,0.00838851623086744,6.082854822536235e-05,,,107.2608264114541,0.9956777239481948,0.5203608798878436,0.9977835242747629,0.9999807610142866,1.92389857134323e-05
2664.105652385197,2.1007885427432798,5973.396215561814,4679.466819026556,0.3089953706543659,0.9965470983905286,-6.498162142985424,1.6037915808292764,0.005872971920036998,,0.9060554069132509,,0.08545554833147764,,,0.008408643764369643,6.111251943020354e-05,,,106.9753811743401,0.9956343804470521,0.5185239770452963,0.9977541191954277,0.9999807115285284,1.9288471471590185e-05
2656.932393865237,2.100696370884733,5952.257960962257,4679.327651349708,0.3089890840594674,0.9965462877882814,-6.498928386043684,1.6035609644466406,0.005896013790775583,,0.9058259254607064,,0.08566446441615735,,,0.008428873757823419,6.139814684758182e-05,,,106.6898605405509,0.9955906971017692,0.516689059111307,0.997724445916782,0.9999806617815348,1.9338218465225765e-05
2649.7591353452776,2.1006034761552397,5931.142555953565,4679.187215962019,0.3089828478426173,0.9965454834854742,-6.499694166617075,1.6033308105488748,0.005919041079657622,,0.9055952500527139,,0.08587446926780105,,,0.008449207008054467,6.168544253778836e-05,,,106.40426433654386,0.9955466711636207,0.514856124648747,0.9976945023373175,0.9999806117711073,1.938822889269165e-05
2642.585876825317,2.1005098526883885,5910.049984019706,4679.045502894091,0.3089766622988969,0.9965446855248694,-6.500459481625806,1.6031011222157678,0.005942053886617986,,0.9053633713630876,,0.08608557139311428,,,0.008469644320081312,6.197441873312714e-05,,,106.11859238905672,0.9955022998523169,0.5130251722239328,0.9976642863313627,0.9999805614950164,1.943850498364874e-05
2635.4126183053577,2.100415494550218,5888.9802286846125,4678.902502061737,0.30897052772688904,0.9965438939496815,-6.501224327953758,1.6028719025634386,0.005965052312463342,,0.9051302799687139,,0.08629777938727093,,,0.008490186507328516,6.226508770094948e-05,,,105.83284452551122,0.9954575803555537,0.5111962004066504,0.9976337957487713,0.9999805109510141,1.9489048985854573e-05
2628.2393597853975,2.100320395738251,5867.933273512534,4678.758203264178,0.3089644444288075,0.9965431088035936,-6.5019887024471315,1.6026431547456896,0.005988036458884763,,0.9048959663482408,,0.08651110193506278,,,0.00851083439161501,6.255746190004926e-05,,,105.5470205735711,0.995412509828555,0.5093692077701852,0.9976030284145369,0.9999804601368187,1.9539863181261552e-05
2621.0661012654373,2.1002245501805117,5846.909102108654,4678.612596182565,0.30895841271046154,0.9965423301307536,-6.502752601914821,1.6024148819536244,0.006011006428470658,,0.9046604208808595,,0.0867255478120636,,,0.00853158880339588,6.285155381081682e-05,,,105.26112036163872,0.9953670853936075,0.5075441928913762,0.9975719821284786,0.9999804090501299,1.959094987014076e-05
2613.892842745477,2.1001279517345255,5825.907698119119,4678.465670378139,0.308952432881373,0.9965415579757874,-6.5035160231272,1.60218708741687,0.006033962324720221,,0.9044236338449576,,0.0869411258858154,,,0.0085524505817734,6.314737606724424e-05,,,104.9751437184792,0.9953213041395856,0.505721154350618,0.9975406546648484,0.9999803576886137,1.9642311386292022e-05
2606.719584225517,2.100030594186304,5804.929045231616,4678.317415290521,0.3089465052548321,0.9965407923838073,-6.5042789628155395,1.601959774404155,0.006056904252056608,,0.904185595416813,,0.08715784511702887,,,0.008573420574608814,6.34449414589766e-05,,,104.68909047323832,0.9952751631214711,0.5039000907319111,0.9975090437719661,0.9999803060499096,1.969395009038255e-05
2599.5463257055576,2.0999324712493093,5783.973127175782,4678.167820236095,0.30894063014787543,0.9965400334004082,-6.505041417672244,1.6017329462230734,0.00607983231584083,,0.9039462956692904,,0.08737571456080695,,,0.00859449963874924,6.374426278920067e-05,,,104.40296045583477,0.9952286593598623,0.5020810006228977,0.9974771471718753,0.9999802541316358,1.9745868364173802e-05
2592.373067185597,2.0998335765634017,5763.039927723422,4678.016874406037,0.30893480788144084,0.9965392810716872,-6.505803384349239,1.6015066062217027,0.006102746622385603,,0.903705724570426,,0.08759474336788381,,,0.00861568863999658,6.4045353066215e-05,,,104.11675349644415,0.9951817898404748,0.5002638826148804,0.9974449625599225,0.9999802019313726,1.979806862739686e-05
2585.1998086656376,2.099733903693771,5742.129430689198,4677.864566864666,0.3089290387803373,0.99653853544424,-6.506564859458285,1.601280757788281,0.006125647278969387,,0.9034638719821001,,0.0878149407858858,,,0.008636988453352075,6.434822534279717e-05,,,103.83046942594711,0.9951345515136356,0.49844873530288175,0.9974124876044064,0.9999801494466808,1.9850553319211706e-05
2578.0265501456774,2.0996334461298423,5721.24161993074,4677.710886547447,0.30892332317337823,0.996537796565177,-6.5073258395696,1.6010554043525902,0.006148534393850922,,0.9032207276585857,,0.0880363161606109,,,0.008658399963024659,6.465289286183346e-05,,,103.5441080755431,0.9950869412937642,0.4966355572856545,0.9973797199461508,0.9999800966750831,1.9903324916858978e-05
2570.8532916257172,2.0995321972841756,5700.376479349299,4677.555822259258,0.3089176613933695,0.9965370644821223,-6.508086321211979,1.600830549385834,0.006171408076283808,,0.9029762812451698,,0.08825887893732964,,,0.008679924062656634,6.495936892486058e-05,,,103.25766927711561,0.9950389560588511,0.49482434716573775,0.9973466571981361,0.9999800436140809,1.9956385919117636e-05
2563.6800331057575,2.099430150491331,5679.53399289002,4677.399362672371,0.30891205377721886,0.9965363392432266,-6.508846300871664,1.600606196401774,0.0061942684365314605,,0.9027305222766712,,0.08848263866210589,,,0.008701561655372616,6.526766699063488e-05,,,102.97115286297424,0.9949905926499198,0.4930151035494809,0.9973132969450685,0.9999799902611404,2.0009738859627646e-05
2556.5067745857973,2.099327299006724,5658.7141445424995,4677.241496324619,0.3089065006659439,0.9965356208971687,-6.509605774992259,1.6003823489568028,0.006217115585882269,,0.9024834401760036,,0.08870760498313793,,,0.00872331365398308,6.557780057724969e-05,,,102.68455866612487,0.9949418478704853,0.491207825047092,0.9972796367429891,0.9999799366137018,2.0063386298230235e-05
2549.333516065837,2.0992236360054566,5637.916918341095,4677.082211617258,0.3089010024048079,0.9965349094931722,-6.510364739973325,1.6001590106513612,0.006239949636665001,,0.902235024252637,,0.0889337876521223,,,0.008745180981001013,6.588978340715437e-05,,,102.39788651989556,0.9948927184859985,0.4894025102726645,0.9972456741188183,0.9999798826691675,2.0117330832514213e-05
2542.1602575458774,2.09911915458113,5617.14229836549,4676.921496813104,0.3088955593433132,0.9965342050810043,-6.511123192170447,1.599936185129864,0.006262770702264515,,0.9019852637011236,,0.08916119652563927,,,0.008767164568874199,6.620362927749403e-05,,,102.1111362582912,0.9948432012232844,0.4875991578442266,0.9972114065699581,0.9999798284249145,2.01715750854925e-05
2534.9869990259176,2.0990138477446347,5596.390268741068,4676.759340034436,0.30889017183528167,0.9965335077109859,-6.511881127894404,1.5997138760815295,0.006285578897137851,,0.9017341475995421,,0.0893898415665591,,,0.00878926536009224,6.651935209480454e-05,,,101.82430771590515,0.9947932927699691,0.48579776638377326,0.9971768315638456,0.9999797738782883,2.0226121711708345e-05
2527.8137405059574,2.098907708422917,5575.6608136394425,4676.595729260864,0.30888484023894885,0.9965328174340035,-6.512638543410188,1.5994920872413703,0.006308374336830342,,0.9014816649079136,,0.08961973284547241,,,0.00881148430727666,6.683696593325883e-05,,,101.53740072778271,0.9947429897738943,0.4839983345173127,0.9971419465374975,0.9999797190265959,2.028097340411872e-05
2520.6404819859977,2.0988007294577278,5554.953917278901,4676.430652327272,0.30887956491698926,0.9965321343015117,-6.513395434936744,1.5992708223904382,0.00633115713799227,,0.9012278044666381,,0.08985088054214234,,,0.008833822373375865,6.715648496157222e-05,,,101.25041512962018,0.994692288842525,0.4822008608749046,0.9971067488970728,0.9999796638671178,2.033613288221492e-05
2513.4672234660375,2.098692903604347,5534.26956392483,4676.264096921613,0.30887434623661136,0.9965314583655452,-6.514151798645994,1.5990500853568133,0.006353927418395789,,0.9009725549948546,,0.09008329494698233,,,0.00885628053176339,6.747792349705651e-05,,,100.96335075763311,0.9946411865423447,0.4804053440906971,0.9970712360174014,0.9999796083970973,2.0391602902680717e-05
2506.2939649460773,2.0985842235302843,5513.607737890372,4676.096050582751,0.3088691845696024,0.9965307896787245,-6.514907630662361,1.5988298800160692,0.006376685296951904,,0.9007159050888152,,0.09031698646255475,,,0.008878859766411814,6.780129596503489e-05,,,100.67620744867283,0.9945896793982391,0.47861178280298367,0.9970354052415247,0.9999795526137467,2.0447386253286126e-05
2499.1207064261175,2.0984746818139564,5492.968423536746,4675.926500698193,0.30886408029240936,0.9965301282942652,-6.515662927061937,1.598610210292117,0.00639943089372814,,0.900457843220204,,0.09055196560509549,,,0.008901561072019273,6.812661692252669e-05,,,100.38898504017318,0.9945377638928704,0.4768201756542314,0.9969992538802118,0.9999794965142412,2.050348575877159e-05
2491.9474479061573,2.098364270943341,5472.3516052737705,4675.755434501773,0.30885903378623436,0.9965294742659904,-6.516417683871497,1.5983910801581818,0.006422164329966215,,0.9001983577344306,,0.0907882430060642,,,0.008924385454118236,6.845390110675488e-05,,,100.1016833700471,0.9944854364660386,0.4750305212911259,0.9969627792114656,0.9999794400957198,2.055990428018184e-05
2484.7741893861976,2.0982529833146106,5451.757267560676,4675.58283907146,0.30885404543703304,0.9965288276483297,-6.517171897068512,1.598172493636791,0.006444885728100041,,0.8999374368489428,,0.09102582941371808,,,0.008947333929328881,6.878316330303205e-05,,,99.81430227701715,0.9944326935140335,0.47324281836464205,0.9969259784800554,0.9999793833552928,2.0616644707205367e-05
2477.6009308662374,2.098140811230731,5431.185394906092,4675.408701326876,0.30884911563565376,0.996528188496337,-6.517925562579707,1.5979544548012203,0.006467595211774627,,0.8996750686514318,,0.091264735694713,,,0.008970407525414817,6.911441846762817e-05,,,99.52684160032297,0.9943795313889721,0.47145706553004274,0.9968888488969886,0.9999793262900272,2.0673709972829357e-05
2470.4276723462776,2.0980277469000423,5410.635971869051,4675.233008026859,0.308844244777926,0.9965275568657006,-6.51867867628015,1.5977369677764006,0.006490292905864173,,0.8994112410980533,,0.09150497283572834,,,0.008993607281415204,6.944768175540033e-05,,,99.2393011796769,0.9943259463981244,0.46967326144696625,0.9968513876389892,0.9999792688969522,2.073110304778858e-05
2463.2544138263174,2.097913782434817,5390.108983059436,4675.05574576719,0.30883943326464564,0.996526932812742,-6.5194312339934015,1.5975200367387732,0.0065129789364916325,,0.8991459420116595,,0.09174655194512225,,,0.009016934247928807,6.978296835870865e-05,,,98.95168085565408,0.994271934803231,0.4678914047794649,0.996813591848015,0.9999792111730693,2.07888269306844e-05
2456.0811553063577,2.09779890984978,5369.604413138322,4674.876900977922,0.3088346815017406,0.9965263163944355,-6.520183231489799,1.597303665918,0.006535653431048176,,0.8988791590799055,,0.09198948425461097,,,0.009040389487146293,7.012029366927373e-05,,,98.66398046931664,0.994217492819801,0.4661114941960349,0.996775458630687,0.9999791531153319,2.0846884668079824e-05
2448.9078967863975,2.097683121060613,5349.122246818841,4674.696459920941,0.30882998990030075,0.9965257076684122,-6.520934664486151,1.5970878595972726,0.006558316518212792,,0.8986108798534116,,0.09223378112097708,,,0.009063974073079252,7.045967319290687e-05,,,98.37619986243182,0.9941626166164044,0.46433352836969105,0.99673698505777,0.9999790947206607,2.090527933928943e-05
2441.7346382664373,2.097566407882424,5328.662468866555,4674.514408687327,0.30882535887668217,0.9965251066929727,-6.521685528644655,1.5968726221143914,0.006580968327972605,,0.8983410917438424,,0.09247945402780715,,,0.009087689091688314,7.080112259648829e-05,,,98.08833887736974,0.9941073023139451,0.4625575059779996,0.9966981681636091,0.9999790359859343,2.096401406570525e-05
2434.5613797464775,2.097448762028193,5308.225064100068,4674.330733194764,0.30882078885256503,0.9965245135270938,-6.522435819572296,1.5966579578623747,0.0066036089916435385,,0.8980697820219884,,0.09272651458725559,,,0.00911153564108296,7.114465766682865e-05,,,97.80039735721382,0.9940515459849256,0.4607834257031309,0.9966590049455788,0.9999789769079936,2.102309200635588e-05
2427.3881212265173,2.097330175107184,5287.810017391818,4674.145419184819,0.3088162802550573,0.9965239282304416,-6.523185532819781,1.5964438712905142,0.006626238641890944,,0.8977969378157853,,0.09297497454184074,,,0.009135514831659912,7.149029435164617e-05,,,97.5123751456743,0.9939953436526938,0.45901128623192866,0.9966194923635008,0.9999789174836375,2.1082516362458392e-05
2420.2148627065576,2.097210638623332,5267.41731366842,4673.958452220246,0.3088118335167576,0.9965233508633782,-6.523934663880879,1.5962303669050408,0.0066488574127512995,,0.8975225461083286,,0.09322484576626913,,,0.009159627786305545,7.183804872218794e-05,,,97.22427208718932,0.9939386912906787,0.4572410862559393,0.9965796273390716,0.9999788577096255,2.1142290374531747e-05
2413.0416041865974,2.0970901439736003,5247.046937911371,4673.76981768213,0.3088074490758789,0.9965227814869778,-6.5246832081911466,1.5960174492703976,0.006671465439653731,,0.8972465937358196,,0.09347614026929082,,,0.009183875640516257,7.218793704405839e-05,,,96.93608802677575,0.9938815848216116,0.4554728244714732,0.9965394067552517,0.9999787975826708,2.1202417329169165e-05
2405.8683456666377,2.0969686824463,5226.698875157837,4673.579500767177,0.3088031273762726,0.9965222201630289,-6.525431161127677,1.59580512300949,0.006694062859442162,,0.8969690673855343,,0.09372887019558614,,,0.009208259542665593,7.253997566578906e-05,,,96.64782281029194,0.9938240201167299,0.4537064995796734,0.996498827455688,0.9999787370994518,2.1262900548157937e-05
2398.6950871466775,2.096846245219387,5206.3731105011775,4673.3874864847,0.3087988688675771,0.9965216669540524,-6.526178518007565,1.5955933928052266,0.006716649810397878,,0.8966899535936858,,0.09398304782768287,,,0.009232780654100799,7.289418112705392e-05,,,96.35947628420759,0.9937659929949701,0.45194211028656056,0.9964578862440725,0.9999786762565965,2.1323743403467432e-05
2391.5218286267177,2.0967228233587183,5186.069629091508,4673.1937596537255,0.30879467400528837,0.9965211219233102,-6.52692527408717,1.5953822634012456,0.006739226432262562,,0.8964092387433031,,0.09423868558790917,,,0.009257440149354878,7.325057012455013e-05,,,96.07104829569519,0.9937074992221414,0.45017965530308235,0.9964165798835235,0.9999786150506917,2.1384949308256296e-05
2384.3485701067575,2.0965984078162867,5165.788416136565,4672.998304900018,0.30879054325083566,0.996520585134814,-6.527671424561343,1.595171739602697,0.0067617928662616214,,0.8961269090620642,,0.09449579604037486,,,0.009282239216355272,7.360915948630449e-05,,,95.78253869269828,0.9936485345100885,0.4484191333451879,0.9963749050959527,0.9999785534782806,2.144652171942596e-05
2377.1753115867973,2.0964729894284058,5145.529456902318,4672.801106652986,0.30878647707169643,0.9965200566533396,-6.528416964562226,1.594961826277439,0.006784349255128034,,0.8958429506200754,,0.09475439189298945,,,0.009307179056587178,7.396996620720117e-05,,,95.49394732386727,0.9935890945158322,0.44666054313388176,0.9963328585614043,0.9999784915358592,2.150846414084029e-05
2370.0020530668376,2.096346558913878,5125.292736713602,4672.6021491426045,0.30878247594147373,0.9965195365444361,-6.529161889158458,1.5947525283568291,0.006806895743126786,,0.8955573493276328,,0.09501448599951436,,,0.00933226088530944,7.433300742241947e-05,,,95.20527403862923,0.9935291748407005,0.4449038833952779,0.9962904369173997,0.999978429219879,2.1570780120994115e-05
2362.8287945468774,2.0962191068721143,5105.078240954904,4672.401416396207,0.3087785403400097,0.9965190248744393,-6.529906193354005,1.5945438508369065,0.006829432476079501,,0.8952700909329288,,0.0952760913616488,,,0.009357485931730884,7.469830043485562e-05,,,94.91651868714234,0.9934687710294381,0.44314915286066875,0.9962476367582532,0.9999783665267433,2.163347325667697e-05
2355.6555360269176,2.0960906237812247,5084.885955071056,4672.198892235262,0.3087746707534862,0.9965185217104838,-6.530649872087105,1.594335798779431,0.006851959601389708,,0.8949811610197268,,0.09553922113115232,,,0.009382855439208769,7.506586271833624e-05,,,94.62768112030804,0.9934078785693009,0.4413963502665847,0.9962044546343842,0.9999783034528062,2.169654719375025e-05
2348.482277506958,2.0959610999960687,5064.71586456795,4671.994560272093,0.308770867674508,0.9965180271205133,-6.531392920229421,1.5941283773127397,0.006874477268068647,,0.8946905450050068,,0.09580388861200347,,,0.00940837066547511,7.543571189136236e-05,,,94.33876118983468,0.9933464928891321,0.4396454743548568,0.9961608870516189,0.9999782399943767,2.1760005623261414e-05
2341.3090189869977,2.095830525746274,5044.567955013383,4671.788403906504,0.3087671316022209,0.9965175411732945,-6.532135332584812,1.593921591632971,0.0068969856267613655,,0.8943982281365497,,0.09607010726259542,,,0.009434032882825794,7.580786574094187e-05,,,94.0497587482049,0.9932846093584238,0.43789652387268946,0.9961169304704699,0.9999781761477119,2.182385228810535e-05
2334.1357604670375,2.095698891134206,5024.4422120377185,4671.580406322375,0.3087634630424068,0.9965170639384283,-6.532877103888353,1.5937154470050547,0.006919484829773574,,0.894104195490497,,0.09633789069797033,,,0.009459843378343992,7.618234220821123e-05,,,93.7606736487202,0.9932222232863537,0.4361494975727186,0.9960725813054104,0.9999781119090195,2.1888090980470842e-05
2326.9625019470777,2.095566186132912,5004.338621334695,4671.370550484138,0.30875986250760523,0.996516595486365,-6.533618228805075,1.5935099487639572,0.006941975031098831,,0.8938084319688536,,0.0966072526920909,,,0.009485803454093498,7.655915941680964e-05,,,93.47150574545508,0.9931593299208115,0.43440439421308114,0.9960278359241233,0.9999780472744548,2.1952725545171248e-05
2319.7892434271175,2.095432400584011,4984.257168662335,4671.158819133263,0.3087563305172031,0.9965161358884139,-6.534358701929034,1.5933051023156226,0.006964456386446218,,0.8935109222969683,,0.09687820718015175,,,0.009511914427365329,7.693833563827161e-05,,,93.18225489334618,0.9930959244473987,0.43266121255749435,0.9959826906467512,0.9999779822401236,2.2017759876424847e-05
2312.6159849071573,2.0952975241955563,4964.197839843509,4670.945194784563,0.30875286759757986,0.9965156852167621,-6.535098517781821,1.5931009131384606,0.006986929053268874,,0.8932116510209358,,0.09715076826093313,,,0.009538177630853135,7.731988935209457e-05,,,92.89292094808542,0.9930320019884153,0.43091995137530464,0.9959371417451093,0.9999779168020743,2.208319792573743e-05
2305.4427263871976,2.095161546539844,4944.160620767135,4670.7296597226405,0.30874947428214444,0.9965152435444772,-6.535837670812168,1.5928973867837355,0.007009393190792666,,0.8929106025050174,,0.09742495019919176,,,0.009564594412981258,7.770383911974045e-05,,,92.60350376638242,0.9929675576018219,0.4291806094415916,0.9958911854419276,0.9999778509563102,2.2149043689800862e-05
2298.269467867238,2.095024457051186,4924.145497388502,4670.512195997872,0.30874615111158493,0.9965148109455386,-6.53657615539337,1.592694528878158,0.007031848960045791,,0.8926077609289031,,0.09770076742809672,,,0.009591166137955645,7.809020380906455e-05,,,92.31400320554494,0.9929025862801829,0.42744318553719635,0.9958448179099941,0.9999777846987646,2.2215301235362084e-05
2291.0962093472776,2.0948862450236367,4904.152455730775,4670.292785422884,0.30874289863380927,0.9965143874948292,-6.537313965823898,1.5924923451232544,0.007054296523888592,,0.8923031102850937,,0.09797823455170626,,,0.009617894186233824,7.847900230171012e-05,,,92.02441912406017,0.9928370829495909,0.425707678448852,0.9957980352714038,0.9999777180253355,2.2281974664473125e-05
2283.922950827318,2.0947468996086758,4884.181481885256,4670.071409568288,0.3087397174042591,0.9965139732681737,-6.538051096324158,1.5922908412986194,0.007076736047044348,,0.8919966343760312,,0.0982573663474897,,,0.009644779954506851,7.88702538137157e-05,,,91.73475138099332,0.9927710424685667,0.4239740869692063,0.9957508335966498,0.9999776509318414,2.2349068158566965e-05
2276.7496923073577,2.094606409812844,4864.232562012733,4669.848049758958,0.3087366079858764,0.9965135683423337,-6.538787541036825,1.5920900232615764,0.007099167696130307,,0.8916883168113817,,0.09853817776889183,,,0.009671824856144871,7.926397764332325e-05,,,91.44499983649213,0.9927044596269403,0.4222424098969386,0.995703208903829,0.9999775834140617,2.2416585938267453e-05
2269.5764337873975,2.09446476449533,4844.305682344122,4669.622687069838,0.30873357094929527,0.9965131727950313,-6.539523294024874,1.5918898969491506,0.007121591639689761,,0.8913781410051262,,0.09882068394794467,,,0.009699030321359273,7.966019327825479e-05,,,91.15516435159083,0.9926373291447063,0.42051264603681615,0.995655157157748,0.9999775154677084,2.2484532291588977e-05
2262.4031752674377,2.094321952365518,4824.400829181596,4669.395302321788,0.3087306068729672,0.9965127867049629,-6.540258349270273,1.591690468379376,0.007144008048224255,,0.8910660901726614,,0.09910490019792316,,,0.009726397797454442,8.005892039565231e-05,,,90.86524478823306,0.9925696456708616,0.41878479419979137,0.995606674269038,0.9999774470884346,2.2552911565387745e-05
2255.2299167474775,2.09417796198047,4804.51798889936,4669.165876077331,0.30872771634329726,0.9965124101518165,-6.54099270067258,1.5914917436526936,0.00716641709422684,,0.890752147327832,,0.09939084201605101,,,0.009753928749075444,8.046017887308079e-05,,,90.57524100926979,0.9925014037822134,0.4170588532030694,0.9955577560932475,0.9999773782718315,2.2621728168470412e-05
2248.056658227518,2.094032781742375,4784.657147944661,4668.934388636353,0.30872489995475944,0.9965120432162844,-6.541726342047753,1.5912937289531444,0.007188818952215885,,0.8904362952799244,,0.09967852508625225,,,0.009781624658489413,8.086398876383982e-05,,,90.28515287851964,0.9924325979821684,0.41533482187019627,0.995508398429926,0.99997730901343,2.2690986570039762e-05
2240.883399707558,2.093886399895938,4764.818292838948,4668.700820031739,0.30872215831001476,0.9965116859800774,-6.5424592671269215,1.591096430549599,0.007211213798769407,,0.890118516630605,,0.09996796528195283,,,0.009809487025875033,8.127037026712666e-05,,,89.99498026084345,0.9923632226994967,0.41361269903115866,0.9954585970216927,0.9999772393087001,2.2760691299916758e-05
2233.710141187598,2.0937388045257115,4745.001410178629,4668.465150024712,0.30871949202012444,0.9965113385259502,-6.543191469554191,1.5908998547979536,0.007233601812560293,,0.88979879377076,,0.10025917866893329,,,0.009837517369492557,8.167934385311975e-05,,,89.70472302193481,0.9922932722870671,0.41189248352245045,0.9954083475532435,0.999977169153039,2.2830846960975038e-05
2226.5368826676377,2.0935899835533864,4725.206486636307,4668.2273581004765,0.30871690170456745,0.9965110009377027,-6.543922942886457,1.5907040081413122,0.007255983174392262,,0.8894771088773755,,0.10055218150823184,,,0.009865717226117126,8.209093006729528e-05,,,89.41438102868915,0.9922227410205624,0.41017417418717944,0.9953576456504214,0.9999770985417918,2.29014582081577e-05
2219.363624147678,2.093439924735016,4705.433508961643,4667.98742346328,0.30871438799152645,0.9965106733002147,-6.544653680590449,1.5905088971129446,0.007278358067236302,,0.8891534439102302,,0.10084699025909856,,,0.009894088151136671,8.250514975612372e-05,,,89.1239541488236,0.9921516230971641,0.40845776987514265,0.9953064868791641,0.9999770274702217,2.29725297783423e-05
2212.1903656277177,2.0932886156581842,4685.682463982594,4667.745325031783,0.3087119515179418,0.9965103556994516,-6.545383676042174,1.5903145283368438,0.007300726676268023,,0.8888277806086491,,0.10114362158200668,,,0.009922631718951698,8.292202392576645e-05,,,88.83344225114661,0.9920799126342106,0.4067432694429335,0.9952548667445167,0.9999769559335333,2.3044066466693103e-05
2205.0171071077575,2.0931360437391278,4665.953338606488,4667.501041434214,0.30870959292964933,0.9965100482224799,-6.546112922525494,1.5901209085291468,0.007323089188905896,,0.8885001004881466,,0.10144209234171388,,,0.009951349523283182,8.334157372094385e-05,,,88.54284520560974,0.9920076036678331,0.4050306717540354,0.9952027806895979,0.9999768839268646,2.3116073135431847e-05
2197.8438485877978,2.092982196219781,4646.246119820938,4667.254551003194,0.30870731288164033,0.9965097509574994,-6.5468414132294335,1.589928044500832,0.007345445794850007,,0.8881703848369616,,0.10174241961038247,,,0.009980243177328253,8.376382059782071e-05,,,88.25216288303358,0.991934690151555,0.4033199756789008,0.9951502240944977,0.9999768114452702,2.318855472982495e-05
2190.670590067838,2.092827060164776,4626.560794695348,4667.005831770956,0.308705112038045,0.9965094639938389,-6.54756914124836,1.58973594315753,0.0073677966861218636,,0.8878386147126612,,0.10204462067075663,,,0.010009314314279994,8.418878605490543e-05,,,87.96139515558309,0.9918611659548702,0.4016111800950823,0.9950971922752572,0.9999767384837527,2.3261516247319314e-05
2183.497331547878,2.09267062245837,4606.897350381635,4666.754861463798,0.30870299107250176,0.9965091874220022,-6.5482960995781525,1.5895446115033618,0.007390142057104797,,0.8875047709384947,,0.10234871301939377,,,0.010038564587366601,8.461649196227341e-05,,,87.67054189623688,0.9917870248617869,0.3999042838872947,0.9950436804826862,0.9999766650372173,2.3334962782728397e-05
2176.324073027918,2.092512869801316,4587.255774115842,4666.501617497111,0.3087009506681292,0.9965089213336621,-6.54902228111651,1.5893540566406266,0.007412482104585285,,0.8871688340998852,,0.10265471436996108,,,0.010067995670401956,8.504696026872692e-05,,,87.37960297929737,0.9917122605693441,0.3981992859475557,0.9949896839013029,0.999976591100517,2.340889948304614e-05
2169.150814507958,2.0923537887076606,4567.636053219032,4666.246076969771,0.3086989915178129,0.9965086658216953,-6.5497476786599735,1.589164285772788,0.007434817027795311,,0.8868307845406864,,0.10296264265658724,,,0.010097609257951619,8.548021318909051e-05,,,87.08857828009869,0.9916368666860952,0.3964961851752632,0.9949351976481388,0.9999765166684145,2.3483331585527623e-05
2161.9775559879977,2.0921933655014833,4548.038175098653,4665.988216658675,0.3086971143243422,0.9965084209801985,-6.550472284902518,1.5889753062058682,0.007457147028455285,,0.8864906023594671,,0.10327251603727966,,,0.010127407065694923,8.591627315697567e-05,,,86.79746767511223,0.9915608367305608,0.3947949804773136,0.9948802167715725,0.9999764417355987,2.3558264401257745e-05
2154.804297468038,2.0920315863135657,4528.462127249979,4665.728013013276,0.30869531980048637,0.9965081869044954,-6.551196092434767,1.588787125349243,0.0074794723108182,,0.8861482674057354,,0.1035843528974034,,,0.01015739083087612,8.635516267700794e-05,,,86.50627104219787,0.991484164129652,0.3930956707682273,0.9948247362501654,0.9999763662966918,2.363370330815684e-05
2147.6310389480777,2.091868437077982,4508.907897256857,4665.46544214944,0.3086936086694018,0.9965079636911871,-6.551919093739783,1.588599750719852,0.007501793081714505,,0.8858037592759538,,0.10389817185322384,,,0.010187562312348354,8.679690468213215e-05,,,86.21498826006304,0.9914068422170532,0.39139825497021324,0.9947687509913518,0.9999762903462082,2.370965379183687e-05
2140.457780428118,2.09170390352863,4489.375472793692,4665.200479843975,0.3086919816645702,0.996507751438142,-6.552641281193709,1.5884131899415488,0.00752410955059769,,0.8854570573097079,,0.10421399175551774,,,0.010217923291217117,8.724152216511194e-05,,,85.92361920887072,0.9913288642315783,0.3897027320133413,0.9947122558302718,0.9999762138786078,2.378612139219971e-05
2133.284521908158,2.091537971195678,4469.864841626306,4664.933101528428,0.30869043953011344,0.9965075502445335,-6.553362647062509,1.5882274507483727,0.007546421929591611,,0.8851081405856002,,0.10453183169324891,,,0.010248475571025826,8.768903837857172e-05,,,85.63216376994241,0.9912502233154872,0.38800910083561685,0.9946552455284494,0.9999761368882534,2.386311174662481e-05
2126.111263388198,2.0913706254019453,4450.375991613536,4664.663282282966,0.30868898302097136,0.9965073602108612,-6.554083183500142,1.5880425409863648,0.007568730433537868,,0.884756987917165,,0.10485171099731444,,,0.010279220978121095,8.813947682224468e-05,,,85.34062182580884,0.9911709125127703,0.3863173603831194,0.9945977147724875,0.9999760593694228,2.3940630577201638e-05
2118.938004868238,2.0912018512592008,4430.9089107086675,4664.390996830297,0.30868761290299507,0.9965071814389592,-6.554802882547594,1.5878584686145372,0.007591035280044995,,0.8844035778487266,,0.1051736492443607,,,0.010310161362136163,8.859286109529825e-05,,,85.04899326045367,0.9910909247673938,0.38462750961012737,0.9945396581727712,0.9999759813163187,2.4018683681292785e-05
2111.764746348278,2.0910316336643775,4411.463586960501,4664.116219528909,0.3086863299533624,0.9965070140320486,-6.555521736128576,1.587675241709178,0.007613336689538125,,0.8840478886510431,,0.10549766626067043,,,0.01034129859608468,8.904921523120865e-05,,,84.75727795883654,0.991010252921506,0.38293954747921016,0.9944810702620275,0.9999759027230295,2.409727697050279e-05
2104.591487828318,2.0908599572957187,4392.040008515518,4663.838924367081,0.30868513496045763,0.9965068580947172,-6.556239736050791,1.5874928684625873,0.007635634885309976,,0.8836898983171187,,0.10582378212612593,,,0.010372634577133454,8.950856321410162e-05,,,84.46547580764243,0.9909288897136108,0.3812534729614165,0.994421945494047,0.9999758235835923,2.4176416407728496e-05
2097.4182293083577,2.090686806608827,4372.63816361849,4663.559084955619,0.3086840287244397,0.9965067137329918,-6.556956874000039,1.5873113571889634,0.00765793009357307,,0.8833295845576019,,0.10615201717824214,,,0.01040417122653287,8.997092952983301e-05,,,84.17358669448578,0.9908468277766954,0.37956928503632725,0.9943622782421363,0.9999757438919068,2.4256108093201334e-05
2090.244970788398,2.0905121658326395,4353.258040614785,4663.2766745215695,0.30868301205713056,0.9965065810543199,-6.557673141541387,1.58713071632324,0.007680222543512657,,0.8829669247964494,,0.10648239201628225,,,0.010435910490399863,9.043633868756287e-05,,,83.88161050864763,0.9907640596363221,0.3778869826922557,0.994302062797776,0.9999756636418191,2.433635818088753e-05
2083.0717122684378,2.090336018965307,4333.899627951488,4662.991665900968,0.3086820857824139,0.9965064601676179,-6.558388530115049,1.5869509544252027,0.007702512467341358,,0.8826018961662253,,0.10681492750544767,,,0.010467854339889912,9.090481549438562e-05,,,83.58954714069355,0.9906805777086763,0.3762065649263444,0.9942412933690763,0.9999755828270572,2.4417172942770016e-05
2075.898453748478,2.090158349769987,4314.56291417899,4662.704031531713,0.30868125073645764,0.9965063511832974,-6.55910303103408,1.5867720801817944,0.007724800100354358,,0.8822344755034415,,0.10714964478114879,,,0.010500004771589466,9.13763850702561e-05,,,83.2973964824884,0.9905963742985721,0.374528030744704,0.9941799640792565,0.9999755014412499,2.4498558750085664e-05
2068.725195228518,2.089979141770549,4295.247887953025,4662.413743446641,0.3086805077677376,0.9965062542132644,-6.559816635484148,1.5865941024073509,0.007747085680986441,,0.8818646393438689,,0.10748656525335933,,,0.010532363808176572,9.185107254778257e-05,,,83.00515842764503,0.9905114415974167,0.37285137916258904,0.9941180689651686,0.9999754194779527,2.4580522047346065e-05
2061.551936708558,2.0897983782471763,4275.954538035657,4662.120773265547,0.3086798577376049,0.9965061693709893,-6.560529334517655,1.5864170300494678,0.007769369450869753,,0.8814923639175216,,0.10782571061105081,,,0.010564933498421445,9.232890358146867e-05,,,82.71283287083698,0.9904257716811262,0.3711766092044841,0.9940556019755963,0.9999753369305754,2.466306942461305e-05
2054.378678188598,2.0896160422318806,4256.6828532976715,4661.825092188172,0.3086793015201618,0.9965060967714874,-6.561241119055041,1.5862408721877062,0.0077916516548930505,,0.8811176251438816,,0.10816710282671735,,,0.010597715918049207,9.280990382210318e-05,,,82.42041970856467,0.9903393565080003,0.36950371990431174,0.9939925569697594,0.9999752537924703,2.4746207529680042e-05
2047.2054196686381,2.089432116503909,4237.432822719845,4661.52667098607,0.3086788400027459,0.9965060365313775,-6.561951979879767,1.5860656380386047,0.00781393254126244,,0.880740398626713,,0.10851076416098236,,,0.01063071316987799,9.329409927901076e-05,,,82.12791883867743,0.9902521879165447,0.3678327103055421,0.99392892771558,0.9999751700568524,2.4829943147564038e-05
2040.032161148678,2.0892465835850573,4218.204435394823,4661.225479994795,0.3086784740860942,0.9965059887689002,-6.562661907636635,1.58589133695736,0.007836212361563078,,0.8803606596489729,,0.10885671716730101,,,0.010663927384356316,9.378151620875612e-05,,,81.83533016056329,0.99016425762325,0.3661635794613562,0.993864707888016,0.999975085716839,2.4914283160981654e-05
2032.858902628718,2.0890594257348725,4198.99768052909,4660.921489105857,0.30867820468456286,0.9965059536039412,-6.563370892829509,1.58571797844011,0.007858491370822437,,0.8799783831675697,,0.10920498469674558,,,0.010697360720051993,9.427218107365293e-05,,,81.54265357523248,0.9900755572203188,0.36449632643481683,0.993799891067347,0.9999750007654409,2.49992345591199e-05
2025.685644108758,2.088870624945753,4179.812547444719,4660.614667758479,0.308678032726359,0.9965059311580582,-6.564078925818934,1.5855455721263096,0.007880769827575304,,0.8795935438080149,,0.10955558990289326,,,0.010731015364142137,9.476612050947393e-05,,,81.24988898538825,0.9899860781733427,0.36283095029902074,0.9937344707374156,0.9999749151955598,2.508480444018968e-05
2018.512385588798,2.0886801629379352,4160.649025581079,4660.3049849308645,0.3086779591539673,0.9965059215545314,-6.56478599681772,1.5853741278031483,0.007903047993929484,,0.8792061158589046,,0.10990855624680368,,,0.010764893532679396,9.526336157349025e-05,,,80.9570362951362,0.9898958118189267,0.3611674501372464,0.9936684402837664,0.9999748289999612,2.5171000038848312e-05
2011.339127068838,2.0884880211543697,4141.507104497117,4659.99240913187,0.30867798492420734,0.996505924918367,-6.56549209589036,1.5852036554061302,0.007925326135633546,,0.8788160732664567,,0.11026390750209568,,,0.010798997471322569,9.576393144446089e-05,,,80.66409541041044,0.9898047493622606,0.35950582504315254,0.9936017929918699,0.9999747421713194,2.525782868056936e-05
2004.165868548878,2.088294180755482,4122.386773873108,4659.676908391963,0.3086781110086312,0.9965059413763432,-6.5661972129489286,1.5850341650231865,0.007947604522146115,,0.8784233896287704,,0.110621667760124,,,0.010833329455677877,9.626785760285798e-05,,,80.37106623877018,0.9897128818746361,0.3578460741209295,0.9935345220451945,0.9999746547021752,2.5345297824830304e-05
1996.992610028918,2.0880986226138156,4103.2880235127295,4659.358450254295,0.3086783383937173,0.996505971057032,-6.566901337751076,1.5848656668966639,0.007969883426706582,,0.8780280381900861,,0.11098186143525865,,,0.010867891791897231,9.677516771365707e-05,,,80.07794868958294,0.9896202002909079,0.35618819648548,0.9934666205233039,0.9999745665849556,2.543341504435137e-05
1989.8193515089579,2.0879013273085447,4084.210843345126,4659.037001765261,0.30867866808128075,0.9965060140908464,-6.567604459895789,1.5846981714275747,0.00799216312640712,,0.8776299918348348,,0.11134451327026762,,,0.010902686817033626,9.728588981248598e-05,,,79.78474267382677,0.9895266954068933,0.3545321912625977,0.9933980813998425,0.9999744778119486,2.5522188051407824e-05
1982.6460929889981,2.087702275119881,4065.1552234271267,4658.7125294652915,0.30867910108858976,0.9965060706100511,-6.568306568822211,1.5845316891767771,0.008014443902266938,,0.8772292230817036,,0.11170964834180769,,,0.0109377168997713,9.78000520543738e-05,,,79.49144810443866,0.9894323578767208,0.3528780575891603,0.9933288975405739,0.9999743883753369,2.561162466307998e-05
1975.472834469038,2.087501446023325,4046.1211539451306,4658.38499937887,0.30867963844886476,0.9965061407488222,-6.569007653804465,1.5843662308701463,0.00803672603930782,,0.8768257040774055,,0.11207729206602257,,,0.010972984440712062,9.831768300711112e-05,,,79.19806489598841,0.9893371782101067,0.35122579461329256,0.9932590617012516,0.9999742982671472,2.5701732852767556e-05
1968.299575949078,2.0872988196838183,4027.108625217723,4658.054377004914,0.3086802812113878,0.9965062246432548,-6.569707703950545,1.5842018073996904,0.008059009826631413,,0.8764194065905193,,0.11244747020425724,,,0.011008491873148112,9.883881137434518e-05,,,78.90459296505583,0.9892411467695822,0.349575401494594,0.9931885665255681,0.999974207479299,2.5792520701006794e-05
1961.1263174291182,2.0870943754497246,4008.1176276975857,4657.720627306433,0.30868103044195927,0.9965063224314182,-6.5704067081976,1.5840384298282597,0.008081295557498595,,0.8760103020050313,,0.11282020886888092,,,0.011044241663440181,9.936346620435706e-05,,,78.61103223001356,0.989144253767642,0.34792687740430434,0.9931174045429495,0.9999741160035567,2.5883996443321067e-05
1953.953058909158,2.0868880923467064,3989.148151974071,4657.383714700372,0.3086818872230716,0.9965064342533719,-6.571104655310144,1.5838761093913405,0.008103583529410483,,0.8755983613138959,,0.11319553452923178,,,0.011080236311750672,9.989167668766761e-05,,,78.31738261130596,0.989046489263842,0.346280221525527,0.9930455681663907,0.9999740238315661,2.597616843391659e-05
1946.779800389198,2.0866799490714287,3970.2001887752194,4657.043603046639,0.3086828526544784,0.9965065602512339,-6.571801533874173,1.583714857502934,0.00812587404419104,,0.8751835551122884,,0.11357347401767842,,,0.011116478352327703,0.000100423472504111,,,78.0236440310835,0.9889478431618146,0.34463543305340444,0.9929730496901149,0.9999739309547986,2.606904520141562e-05
1939.6065418692383,2.086469923985145,3951.2737289707543,4656.700255637745,0.30868392785319937,0.9965067005691741,-6.572497332297138,1.583554685755594,0.008148167408072055,,0.8747658535909781,,0.11395405453580706,,,0.011152970354478311,0.00010095888336159624,,,77.72981641378098,0.9888483052062299,0.342992511195378,0.9928998412873656,0.9999738373646251,2.6162635374915588e-05
1932.433283349278,2.0862579951071045,3932.3687635738793,4656.35363518726,0.30868511395415,0.9965068553534914,-6.573192038801427,1.5833956059269294,0.00817046393178021,,0.8743452265292708,,0.11433730366073044,,,0.011189714922826829,0.00010149793940219982,,,77.4358996856839,0.9887478649796705,0.3413514551713437,0.9928259350079446,0.9999737430522303,2.6256947769698336e-05
1925.260024829318,2.0860441401078287,3913.485283744453,4656.0037038186965,0.30868641211032527,0.9965070247526296,-6.573885641422488,1.5832376299814923,0.008192763930625298,,0.8739216432880516,,0.11472324935152775,,,0.011226714698115904,0.00010204067097474939,,,77.14189377523829,0.988646511899445,0.33971226421392825,0.9927513227758414,0.99997364800867,2.6351991330053615e-05
1918.0867663093582,2.085828336302212,3894.623280791065,4655.650423053763,0.3086878234932261,0.9965072089172264,-6.5745781280044255,1.5830807700751794,0.008215067724591782,,0.8734950728025407,,0.11511191995581542,,,0.011263972357747848,0.00010258710873268534,,,76.84779861297854,0.9885442352143186,0.33807493756866885,0.9926759963867299,0.9999735522248366,2.644777516336294e-05
1910.9135077893982,2.085610560642474,3875.78274617418,4655.293753800592,0.308689349293133,0.996507408000142,-6.575269486197182,1.582925038558046,0.008237375638431578,,0.8730654835749906,,0.11550334421645278,,,0.011301490616528801,0.00010313728350542217,,,76.5536141317132,0.9884410240011726,0.33643947449428646,0.9925999475054567,0.9999734556914777,2.6544308522336024e-05
1903.740249269438,2.0853907897109263,3856.963671508238,4654.93365634121,0.30869099071970696,0.9965076221565298,-6.575959703450332,1.5827704479805202,0.008259688001759316,,0.8726328436670976,,0.11589755127838351,,,0.011339272227047798,0.00010369122661875499,,,76.25934026622174,0.9883368671615765,0.3348058742628679,0.992523167663371,0.9999733583991477,2.664160085230627e-05
1896.5669907494782,2.085168999712585,3838.1660485651614,4654.570090319521,0.3086927490020543,0.9965078515438368,-6.576648767012432,1.5826170110940447,0.008282005149149903,,0.8721971206924946,,0.11629457069562107,,,0.011377319980709913,0.00010424896945492572,,,75.96497695377883,0.9882317534182868,0.3331741361601703,0.9924456482557614,0.9999732603382805,2.6739661719510366e-05
1889.3937322295183,2.084945166467595,3819.3898692766084,4654.203014728107,0.3086946253894034,0.9965080963218849,-6.577336663924027,1.5824647408580743,0.00830432742023859,,0.8717582818088025,,0.1166944324383743,,,0.01141563670808243,0.00010481054384390918,,,75.67052413377749,0.9881256713116565,0.3315442594858167,0.9923673805390419,0.9999731614991032,2.6838500896797512e-05
1882.220473709558,2.0847192654034776,3800.635125737303,4653.832387895473,0.30869662115127156,0.996508356652883,-6.5780233810159485,1.582313650441777,0.008326655159823235,,0.8713162937097759,,0.11709716690032719,,,0.01145422527985538,0.00010537598174309,,,75.37598174811868,0.9880186091959611,0.32991624355358534,0.9922883556280327,0.9999730618717017,2.6938128298348296e-05
1875.0472151895983,2.0844912715471855,3781.9018102077052,4653.458167472359,0.3086987375780811,0.9965086327014997,-6.578708904902947,1.5821637532304011,0.008348988717968985,,0.8708711226170703,,0.11750280490606091,,,0.011493088607306932,0.00010594531552023395,,,75.08134974096212,0.987910555235633,0.3282900876916411,0.9922085644930402,0.9999729614459584,2.703855404162514e-05
1867.8739566696381,2.08426115951697,3763.1899151173307,4653.080310418167,0.3087009759814587,0.9965089246348933,-6.57939322198062,1.5820150628283525,0.008371328450115473,,0.8704227342720016,,0.11791137771863971,,,0.011532229643161421,0.00010651857778922982,,,74.78662805894993,0.9878014974014077,0.32666579124282386,0.9921279979569652,0.9999728602115919,2.713978840807041e-05
1860.7006981496781,2.0840289035140516,3744.4994330676277,4652.6987729868115,0.308703337694735,0.9965092326227678,-6.58007631842025,1.5818675930643469,0.008393674717186923,,0.8699710939270291,,0.1183229170473502,,,0.011571651382244575,0.0001070958015031685,,,74.4918166511635,0.9876914234663752,0.3250433535648982,0.9920466466922839,0.999972758158127,2.7241841872971406e-05
1853.5274396297182,2.0837944773140853,3725.830356835596,4652.313510712537,0.30870582407322594,0.9965095568374,-6.580758180165932,1.5817213579942893,0.008416027885704804,,0.8695161663371641,,0.11873745505560443,,,0.011611356862420222,0.00010767701973444667,,,74.19691546939143,0.9875803210019363,0.3234227740308677,0.991964501218025,0.9999726552749232,2.7344725076816623e-05
1846.3541811097582,2.0835578542584083,3707.1826793764503,4651.924478394722,0.3087084364949971,0.9965098974537296,-6.581438792926662,1.5815763719091827,0.008438388327902993,,0.8690579157509997,,0.11915502436900825,,,0.011651349164993613,0.0001082622661005357,,,73.9019244677662,0.9874681773736533,0.32180405202920576,0.9918815518965293,0.9999725515511021,2.744844889790432e-05
1839.1809225897982,2.083319007245094,3688.556393827642,4651.531630083235,0.30871117636098244,0.9965102546493647,-6.5821181421751405,1.5814326493363282,0.00846075642184594,,0.8685963059018453,,0.11957565808360394,,,0.011691631415886717,0.00010885157430148563,,,73.60684360327123,0.9873549797370114,0.320187186964205,0.9917977889303272,0.9999724469756375,2.755302436252549e-05
1832.0076640698383,2.083077908719758,3669.9514935118455,4651.134919062589,0.3087140450957143,0.9965106286046661,-6.582796213140245,1.581290205046848,0.00848313255155001,,0.8681312999983789,,0.11999938977427978,,,0.011732206786149306,0.00010944497845690743,,,73.31167283547019,0.9872407150330607,0.31857217825623657,0.9917132023587609,0.9999723415372649,2.7658462735113964e-05
1824.8344055498783,2.082834530666159,3651.367971940711,4650.734297836213,0.3087170441476985,0.9965110195027858,-6.583472990803162,1.5811490540595559,0.008505517107107263,,0.8676628607153017,,0.12042625350336847,,,0.01177307849289558,0.00011004251296365373,,,73.0164121267032,0.9871253699839617,0.3169590253420756,0.9916277820546296,0.9999722352245294,2.7764775470617842e-05
1817.661147029918,2.082588844596555,3632.805822818476,4650.329718110258,0.30872017498986,0.9965114275297138,-6.584148459892803,1.5810092116455392,0.008527910484813115,,0.8671909501837295,,0.12085628382941999,,,0.011814249800203397,0.00011064421241772254,,,72.72106144221561,0.9870089310884147,0.3153477276752149,0.9915415177207373,0.9999721280257705,2.7871974229487506e-05
1810.4878885099583,2.082340821541816,3614.2650400455536,4649.921130776666,0.3087234391202338,0.9965118528743568,-6.584822604878682,1.5808706933352825,0.008550313087296223,,0.866715529981307,,0.1212895158161666,,,0.011855724019756113,0.00011125011185854662,,,72.42562074999357,0.9868913846169746,0.31373828472617654,0.9914543988862828,0.9999720199290882,2.798007091175947e-05
1803.3146299899981,2.082090432041295,3595.74561772243,4649.508485896279,0.30872683806233553,0.9965122957285745,-6.585495409967104,1.5807335149224855,0.008572725323652337,,0.8662365611222483,,0.12172598504168032,,,0.011897504511884255,0.00011186024656661748,,,72.13009002101349,0.986772716607249,0.3121306959828498,0.9913664149032578,0.9999719109223795,2.8089077620530034e-05
1796.1413714700382,2.081837646132447,3577.2475501536846,4649.091732681381,0.3087303733656521,0.996512756287231,-6.586166859096115,1.580597692469099,0.008595147609581591,,0.8657540040470938,,0.12216572760772369,,,0.011939594686513287,0.0001124746519930903,,,71.83446922936368,0.9866529128589796,0.3105249609508407,0.9912775549427251,0.9999718009933238,2.819900667616615e-05
1788.9681129500784,2.081582433340164,3558.7708318515206,4648.670819477273,0.30873404660652237,0.996513234748297,-6.5868369359264145,1.5804632423144236,0.008617580367528362,,0.8652678186121183,,0.12260878014930734,,,0.01198199800368854,0.00011309336420525592,,,71.53875835191756,0.9865319589289876,0.3089210791537778,0.9911878079908897,0.9999716901293194,2.8309870680587323e-05
1781.7948544301182,2.0813247626658766,3540.315457540588,4648.2456937445195,0.30873785938819964,0.996513731312845,-6.587505623840748,1.5803301810757127,0.008640024026825795,,0.8647779640788532,,0.12305517984445212,,,0.012024717975073396,0.00011371641921964159,,,71.24295736898608,0.986409840126008,0.30731905013373156,0.9910971628453134,0.9999715783175984,2.8421682401580384e-05
1774.6215959101582,2.081064602576337,3521.8814221614057,4647.816302039385,0.3087418133419429,0.9965142461851777,-6.58817290593263,1.5801985256594548,0.008662479023843362,,0.8642843991029227,,0.12350496442416128,,,0.012067758164321029,0.00011434385367143664,,,70.94706626380324,0.986286541505373,0.3057188734515109,0.991005608110743,0.9999714655450764,2.8534454923567765e-05
1767.4483373901985,2.08080192099215,3503.4687208753903,4647.382589995047,0.3087459101271418,0.9965147795728297,-6.5888387650051,1.5800682932626096,0.008684945802138399,,0.8637870817230997,,0.12395817218261489,,,0.012111122188566078,0.00011497570420439855,,,70.65108502311874,0.9861620478635782,0.30412054868709987,0.990913132195106,0.999971351798485,2.8648201515046878e-05
1760.2750788702383,2.0805366852759777,3485.077349068513,4646.944502301135,0.3087501514323881,0.9965153316866933,-6.589503183559653,1.5799395013836808,0.00870742481261149,,0.8632859693496857,,0.12441484198758225,,,0.012154813718898408,0.00011561200806851194,,,70.3550136367663,0.9860363437326909,0.30252407543997506,0.990819723305146,0.9999712370642349,2.8762935765147546e-05
1753.101820350278,2.0802688622204717,3466.707302356701,4646.501982683938,0.3087545389756263,0.9965159027410224,-6.5901661437947245,1.579812167824234,0.00872991651366576,,0.8627810187530659,,0.1248750132910674,,,0.01219883648190163,0.00011625280250689249,,,70.0588520982456,0.9859094133746312,0.3009294533295747,0.9907253694422042,0.9999711213285419,2.8878671458065774e-05
1745.9285618303181,2.0799984180358586,3448.3585765895077,4646.054973884836,0.3087590745053089,0.9965164929535678,-6.590827627593767,1.5796863107008141,0.008752421371370526,,0.8622721860515637,,0.12533872614018313,,,0.012243194260115449,0.00011689812541638384,,,69.76260040425755,0.9857812407752885,0.29933668199561697,0.9906300583976195,0.9999710045772787,2.899542272127853e-05
1738.7553033103582,2.0797253183372404,3430.031167855903,4645.603417639579,0.30876375980046683,0.9965171025455699,-6.591487616524566,1.5795619484456394,0.008774939859629086,,0.8617594266995223,,0.12580602118827086,,,0.012287890893745754,0.00011754801458912745,,,69.46625855539294,0.9856518096385026,0.2977457610986027,0.9905337777483111,0.999970886796128,2.9113203871999893e-05
1731.5820447903984,2.07944952813152,3411.725072488036,4645.147254655412,0.3087685966720564,0.9965177317419175,-6.59214609182533,1.5794390998205001,0.008797472460350841,,0.861242695474556,,0.12627693970626228,,,0.012332930280997266,0.00011820250857547934,,,69.16982655552492,0.9855211033798674,0.296156690320142,0.9904365148519003,0.9999707679703911,2.9232029608916577e-05
1724.4087862704384,2.07917101180403,3393.4402870674294,4644.686424589315,0.3087735869629852,0.996518380771134,-6.592803034404476,1.579317783916979,0.008820019663627743,,0.8607219464651351,,0.12675152359429864,,,0.012378316379915204,0.00011886164583007597,,,68.87330441256199,0.9853891051203933,0.29456946936349215,0.9903382568420714,0.999970648085179,2.935191482100752e-05
1717.2355277504785,2.0788897331047633,3375.176808429047,4644.2208660240885,0.308778732549396,0.9965190498655261,-6.593458424827373,1.5791980201697058,0.008842581967916138,,0.8601971330573006,,0.12722981539359868,,,0.01242405320888565,0.0001195254654351833,,,68.5766921379696,0.9852557976799827,0.29298409795391034,0.990238990623473,0.99997052712522,2.9472874779945535e-05
1710.0622692305183,2.07860565513428,3356.9346336673716,4643.750516445085,0.30878403534095666,0.9965197392612037,-6.594112243313397,1.5790798283593048,0.008865159880222392,,0.8596682079215805,,0.12771185829860834,,,0.012470144848269603,0.00012019400654568805,,,68.27998974728091,0.985121163570749,0.29140057583918155,0.9901387028667559,0.9999704050750041,2.9594924995879346e-05
1702.889010710558,2.078318740329212,3338.7137601412833,4643.2753122154,0.3087894972819138,0.9965204491981978,-6.594764469725067,1.5789632286232589,0.008887753916294422,,0.8591351229992372,,0.12819769616940543,,,0.012516595441254543,0.00012086730876536471,,,67.98319725989964,0.984985184990148,0.28981890279004197,0.9900373800032836,0.9999702819186626,2.9718081337448687e-05
1695.715752190598,2.0780289504473886,3320.5141854798994,4642.7951885509,0.30879512035175183,0.9965211799205257,-6.59541508356128,1.578848241462671,0.008910364600817282,,0.8585978294884384,,0.1286873735443961,,,0.012563409195174725,0.00012154541201432374,,,67.68631469929251,0.9848478438139283,0.2882390786006857,0.9899350082198082,0.9999701576400236,2.984235997638418e-05
1688.5424936706386,2.0777362465525795,3302.3359075883823,4642.310079494683,0.30880090656580317,0.9965219316762505,-6.59606406395104,1.578734887748535,0.008932992467615428,,0.8580562778300792,,0.12918093565329286,,,0.012610590382953802,0.00012222835628754046,,,67.38934209325002,0.9847091215889003,0.2866611030892693,0.9898315734530241,0.9999700322226133,2.9967777386730177e-05
1681.3692351506784,2.0774405889987935,3284.178924653299,4641.8199178901505,0.30880685797645024,0.9965227047176158,-6.596711389641077,1.578623188734121,0.008955638059859041,,0.8575104176930948,,0.1296784284303843,,,0.0126581433439336,0.0001229161821499591,,,67.09227947362966,0.9845689995254946,0.28508497609837663,0.9897270613838274,0.9999699056495626,3.0094350437437356e-05
1674.1959766307184,2.077141937414187,3266.04323514904,4641.324635354048,0.30881297667375646,0.9965234993011062,-6.597357038989364,1.578513166061458,0.008978301930275899,,0.8569601979597044,,0.13017989852811285,,,0.012706072485378398,0.0001236089304900025,,,66.79512687663254,0.984427458490136,0.2835106974955764,0.9896214574315667,0.9999697779036856,3.0222096314425073e-05
1667.0227181107584,2.076840250684521,3247.9288378442448,4640.824162248938,0.30881926478602645,0.9965243156874967,-6.598000989959396,1.5784048417670506,0.00900098464137091,,0.8564055667102689,,0.13068539333095588,,,0.012754382284138813,0.00012430664212355734,,,66.49788434317074,0.9842844789974033,0.2819382671739796,0.9895147467481743,0.9999696489674872,3.0351032512809795e-05
1659.8494595907982,2.076535486936157,3229.835731807114,4640.318427653672,0.30882572448139284,0.9965251541420358,-6.5986432201037974,1.5782982382982738,0.009023686765649382,,0.8558464712074647,,0.1311949609696265,,,0.012803077287217591,0.00012500935868999246,,,66.20055191836023,0.9841400412019702,0.2803676850527009,0.9894069142118704,0.9999695188229988,3.0481177001218107e-05
1652.676201070838,2.076227603518614,3211.763916413289,4639.8073593348,0.30883235796797814,0.9965260149344422,-6.5992837065627405,1.5781933785149551,0.009046408885846968,,0.855282857880704,,0.1317086503356029,,,0.012852162113960211,0.00012571712172572476,,,65.90312965225391,0.9839941248903384,0.27879895107754243,0.9892979444210661,0.9999693874519928,3.061254800718061e-05
1645.5029425508787,2.0759165569866194,3193.713391351386,4639.290883715805,0.3088391674952616,0.9965268983390564,-6.59992242604985,1.5780902857034684,0.009069151595167683,,0.8547146723096062,,0.1322265110959864,,,0.012901641457005864,0.00012642997318998984,,,65.60561759959256,0.9838467094723315,0.2772320652214745,0.9891878216878048,0.9999692548357885,3.074516421153195e-05
1638.3296840309185,2.075602303081675,3175.6841566303765,4638.768925845942,0.30884615535506865,0.996527804634944,-6.600559354842023,1.5779889835869199,0.009091915497525213,,0.8541418592073948,,0.13274859370870704,,,0.012951520083680173,0.00012714795552354387,,,65.30801581988914,0.9836977739723578,0.2756670274852757,0.9890765300311177,0.9999691209553057,3.0879044694342994e-05
1631.1564255109583,2.0752847967131283,3157.67621258695,4638.241409368891,0.3088533238820256,0.9965287341059265,-6.601194468774823,1.5778894963297443,0.009114701207794517,,0.8535643624040192,,0.13327494943808027,,,0.013001802838063447,0.00012787111097736125,,,65.01032437796192,0.98354729702044,0.2741038378981727,0.9889640531703393,0.9999689857911402,3.1014208859758696e-05
1623.9831669909984,2.0749639919386733,3139.689559891757,4637.708256488912,0.30886067545542834,0.9965296870407965,-6.601827743223175,1.577791848557017,0.009137509352067686,,0.852982124828371,,0.1338056303707236,,,0.013052494641566506,0.00012859948267688695,,,64.71254334338751,0.9833952568429732,0.2725424965183817,0.9888503745178918,0.999968849323338,3.115067666203952e-05
1616.8099084710384,2.074639841944364,3121.7241995580384,4637.169387937979,0.3088682124994666,0.9965306637333176,-6.602459153099157,1.5776960653566574,0.009160340567917718,,0.852395088490813,,0.13434068943184782,,,0.013103600495356232,0.00012933311362629368,,,64.41467279124008,0.9832416312532531,0.2709830034338575,0.9887354771722769,0.9999687115316434,3.1288468356649446e-05
1609.6366499510782,2.0743122990240104,3103.7801329483946,4636.624722940464,0.3088759374848324,0.9965316644824025,-6.603088672835414,1.5776021722960252,0.00918319550467086,,0.8518031944646296,,0.1348801804019248,,,0.013155125481371923,0.00013007204735129263,,,64.11671280182259,0.9830863976417111,0.2694253587628815,0.9886193439105467,0.9999685723952776,3.142760472241157e-05
1602.4633914311187,2.073981314558041,3085.857361783307,4636.0741791779465,0.3088838529293415,0.9965326895921629,-6.60371627637882,1.5775101954282436,0.009206074823685486,,0.8512063828675536,,0.1354241579337504,,,0.013207074764456223,0.00013081632732368605,,,63.81866346113358,0.9829295329658961,0.267869562654801,0.9885019571807988,0.9999684318930839,3.156810691606893e-05
1595.2901329111587,2.0736468389917206,3067.955888148433,4635.5176727518,0.308891961399699,0.9965337393721054,-6.604341937172284,1.5774201613104042,0.009228979198638741,,0.8506045928423703,,0.1359726775699053,,,0.013259453593332228,0.00013156599773304402,,,63.52052486054975,0.982771013740152,0.2663156152906626,0.9883832990942004,0.9999682900033409,3.170999665913499e-05
1588.1168743911985,2.0733088218127924,3050.0757145037783,4634.95511814608,0.3089002655120459,0.9965348141371694,-6.604965628149193,1.5773320970091191,0.009251909315821493,,0.8499977625376092,,0.1365257957606327,,,0.013312267302961566,0.00013232110274300897,,,63.22229709739219,0.9826108160250202,0.2647635168840085,0.9882633514170747,0.9999681467039464,3.185329605359666e-05
1580.9436158712383,2.072967211528449,3032.216843691721,4634.386428188351,0.30890876793348504,0.9965359142078891,-6.605587321717713,1.577246030116222,0.009274865874442866,,0.8493858290873016,,0.13708356988213613,,,0.013365521315945528,0.00013308168687261397,,,62.92398027484569,0.9824489154163267,0.263213267681573,0.9881420955625482,0.9999680019722559,3.199802774411786e-05
1573.7703573512783,2.0726219556416554,3014.379278945897,4633.811514009797,0.30891747138321723,0.9965370399105057,-6.6062069897491265,1.577161988760433,0.009297849586941959,,0.8487687285905312,,0.13764605825531098,,,0.013419221144399154,0.00013384779489266835,,,62.62557450216004,0.98228528703396,0.2616648679640536,0.9880195125820462,0.999967855785134,3.214421486597008e-05
1566.5970988313184,2.0722730006267858,2996.563023900259,4633.230285004132,0.30892637863379047,0.9965381915770909,-6.606824603565012,1.577080001620172,0.009320861179309555,,0.8481463960904019,,0.13821332016492963,,,0.013473372391800482,0.00013461947179744423,,,62.3270798948107,0.982119905510325,0.2601183180468975,0.9878955831565315,0.9999677081189294,3.229188107056746e-05
1559.4238403113586,2.0719202919045596,2978.7680825985876,4632.642648785364,0.3089354925123386,0.9965393695456688,-6.607440133924532,1.577000097936276,0.009343901391418724,,0.8475187655525374,,0.13878541587927576,,,0.013527980754932398,0.00013539676272131008,,,62.02849657469424,0.9819527449784643,0.2585736182811274,0.9877702875874976,0.9999675589494669,3.24410505331274e-05
1552.2505817913986,2.0715637738162282,2960.9944595033526,4632.048511143826,0.30894481590232153,0.996540574160401,-6.608053551006529,1.5769223075299035,0.009366970977364626,,0.8468857698429119,,0.13936240667025712,,,0.013583052025362807,0.00013617971342520853,,,61.72982467003123,0.9817837790598238,0.2570307690541105,0.9876436057875961,0.999967408251957,3.2591748043042656e-05
1545.0773232714387,2.0712033895970405,2943.242159506457,4631.447776001925,0.30895435174435515,0.9965418057716515,-6.608664824401064,1.5768466608109915,0.009390070705814792,,0.8462473407055028,,0.1399443548340013,,,0.01363859209199581,0.00013696836963287374,,,61.43106431587256,0.981612980851678,0.25548977079049107,0.9875155172711995,0.9999672560011327,3.274399886732393e-05
1537.9040647514785,2.070839081348908,2925.5111879390124,4630.840345368035,0.30896410303763217,0.9965430647361282,-6.609273923094832,1.5767731887928482,0.009413201360371512,,0.8456034087390937,,0.1405313237119482,,,0.0136946069431025,0.00013776277700385946,,,61.132215654266915,0.9814403229141744,0.25395062395303925,0.9873860011445703,0.9999671021711483,3.2897828851741195e-05
1530.7308062315183,2.070470790012242,2907.8015505811723,4630.226119288173,0.3089740728421767,0.9965443514171287,-6.609880815447948,1.5767019231153565,0.00943636373994057,,0.844953903373368,,0.1411233777124469,,,0.013751102667517648,0.0001385629820950741,,,60.83327883396008,0.9812657772569868,0.25241332904350455,0.9872550360955593,0.9999669467354275,3.3053264572480145e-05
1523.5575477115583,2.070098455337015,2890.113253673899,4629.60499579815,0.3089842642792966,0.9965456661845522,-6.610485469189411,1.5766328960495182,0.009459558659114303,,0.84429875284508,,0.14172058233289467,,,0.013808085457868272,0.00013936903110789512,,,60.53425401118172,0.9810893153255996,0.2508778866036371,0.9871226003834009,0.9999667896669509,3.3210333049149554e-05
1516.3842891915988,2.069722015852892,2872.4463039290695,4628.976870872496,0.3089946805338761,0.9965470094151477,-6.611087851393507,1.5765661405210443,0.009482786948566147,,0.8436378841728415,,0.14232300418239546,,,0.013865561611971573,0.0001401809707341851,,,60.235141349417816,0.9809109079871526,0.24934429721606505,0.9869886718278243,0.9999666309379427,3.336906205730905e-05
1509.2110306716386,2.0693414088385236,2854.8007085414333,4628.341638372926,0.30900532485560467,0.9965483814926223,-6.611687928467243,1.5765016901229325,0.00950604945545474,,0.8429712231318849,,0.14293071100498894,,,0.01392353753542356,0.00014099884773752594,,,59.93594101979366,0.980730525515888,0.24781256150533276,0.9868532277980653,0.9999664705200348,3.352947996515532e-05
1502.0377721516786,2.068956570289876,2837.1764751999767,4627.699189994772,0.3090162005607832,0.9965497828078218,-6.612285666131801,1.5764395791339991,0.009529347043842262,,0.8422986942278861,,0.1435437717034382,,,0.0139820197437112,0.00014182270912308179,,,59.6366532011874,0.9805481375781402,0.24628268013888688,0.9867162452014439,0.9999663083841586,3.369161584143576e-05
1494.8645136317186,2.0685674348876355,2819.5736121001637,4627.049415212046,0.3090273110338836,0.9965512137588786,-6.612881029406562,1.5763798425348625,0.009552680595124433,,0.8416202206703085,,0.14416225636361066,,,0.014041014864683066,0.00014265260197329343,,,59.33727808049853,0.980363713216889,0.2447546538281392,0.9865777004716517,0.9999661445005755,3.38554994244733e-05
1487.6912551117584,2.068173935963595,2801.9921279560626,4626.392201220538,0.3090386597295124,0.9965526747514083,-6.613473982588939,1.5763225160281102,0.009576051008473654,,0.840935724344938,,0.1447862362794581,,,0.014100529640707817,0.0001434885736924369,,,59.03781585274712,0.980177220835827,0.24322848332951932,0.9864375695566178,0.9999659788387963,3.4021161203656725e-05
1480.5179965917982,2.067776005466043,2784.432032013482,4625.727432879582,0.30905025017395404,0.9965541661986507,-6.614064489238588,1.5762676360540837,0.009599459201295648,,0.840245125785934,,0.14541578397861357,,,0.014160570931390469,0.00014433067170078318,,,58.738266721412415,0.9799886281829588,0.24170416944561476,0.9862958279060943,0.9999658113676388,3.418863236115399e-05
1473.344738071839,2.0673735739240766,2766.8933340629037,4625.05499265177,0.30906208596710427,0.9965556885216581,-6.614652512157577,1.5762152398107192,0.009622906109700962,,0.8395483441470085,,0.14605097324862845,,,0.014221145716009534,0.00014517894350324516,,,58.4386308986199,0.9797979023336857,0.24018171302629374,0.9861524504587995,0.9999656420551498,3.435794485018295e-05
1466.1714795518787,2.066966570410813,2749.376044453038,4624.374760540773,0.3090741707844378,0.9965572421494859,-6.615238013370208,1.576165365273713,0.009646392688989801,,0.8388452971719444,,0.14669187916386375,,,0.014282261096025987,0.00014603343675056792,,,58.138908605334564,0.9796050096733712,0.23866111496988177,0.9860074116291627,0.9999654708685848,3.452913141521741e-05
1458.9982210319185,2.0665549225054667,2731.8801741045954,4623.686614027127,0.3090865083792146,0.9965588275194117,-6.615820954100368,1.5761180512191775,0.009669919914151278,,0.838135901164334,,0.14733857811304396,,,0.014343924297470128,0.00014689419950431764,,,57.839100071492126,0.9794099158793682,0.23714237622435724,0.9858606852936305,0.9999652977743524,3.4702225647609275e-05
1451.8249625119586,2.066138556254276,2714.405734525387,4622.990428002842,0.3090991025838026,0.9965604450770372,-6.616401294758081,1.5760733372370872,0.009693488780380743,,0.8374200709568342,,0.147991147827523,,,0.014406142674400114,0.000147761279395547,,,57.539205536562235,0.9792125859025005,0.23562549778866204,0.9857122447767255,0.9999651227381529,3.487726184714379e-05
1444.6517039919986,2.0657173961301494,2696.952737824073,4622.2860747025725,0.3091119573126486,0.9965620952766002,-6.616978994908929,1.5760312637618634,0.009717100303611389,,0.8366977198790683,,0.14864966741023278,,,0.014468923710769728,0.00014863472460783776,,,57.23922524941538,0.9790129839479381,0.23411048071389523,0.9855620628363694,0.9999649457246785,3.5054275321466655e-05
1437.4784454720384,2.065291364991114,2679.521196726615,4621.573423634036,0.30912507656368793,0.9965637785810821,-6.6175540132597295,1.5759918720866875,0.00974075552106206,,0.8359687597254125,,0.14931421736539163,,,0.01453227502404673,0.00014951458301690126,,,56.93915946889848,0.9788110734555043,0.23259732610474088,0.9854101116490481,0.9999647666978678,3.5233302132176014e-05
1430.3051869520789,2.064860384037395,2662.1111245909797,4620.852341505126,0.3091384644211242,0.9965654954624897,-6.618126307629968,1.5759552043920735,0.009764455491804418,,0.8352331007213476,,0.14998487962894402,,,0.014596204367575853,0.0001504009027836951,,,56.639008463877,0.9786068170793343,0.23108603512074477,0.9852563627942699,0.9999645856206512,3.541437934884151e-05
1423.131928432119,2.0644243727671854,2644.7225354242605,4620.122692149551,0.30915212505728346,0.9965672464020136,-6.618695834932882,1.5759213037647841,0.00978820129734594,,0.8344906514894433,,0.15066173759978274,,,0.01466071963403323,0.00015129373183660324,,,56.33877251368778,0.9784001766669126,0.22957660897780038,0.9851007872387102,0.999964402455096,3.5597544904009126e-05
1415.9586699121587,2.0639832489309673,2627.3554438986766,4619.384336449258,0.3091660627355455,0.996569031890322,-6.619262551145352,1.575890214227937,0.00981199404223238,,0.833741319014033,,0.15134487617176268,,,0.014725828857923727,0.00015219311848208418,,,56.03845190820493,0.9781911132374254,0.2280690489495379,0.9849433553196711,0.9999642171622015,3.578283779848146e-05
1408.7854113921985,2.0635369284844054,2610.0098653697146,4618.637132255579,0.30918028181191654,0.9965708524276777,-6.619826411291923,1.57586198075699,0.009835834854670383,,0.8329850086055437,,0.15203438176653755,,,0.01479154021964937,0.00015309911038700479,,,55.73804694847167,0.9779795869594339,0.22656335636889885,0.9847840367282684,0.9999640297021175,3.597029788249273e-05
1401.6121528722385,2.0630853255396864,2592.6858158928385,4617.880934306104,0.3091947867387648,0.9965727085243278,-6.620387369406392,1.5758366493181457,0.009859724887168358,,0.8322216238631007,,0.15273034236723187,,,0.014857862047501022,0.00015401175591341182,,,55.43755794655114,0.9777655571278135,0.22505953262958667,0.9846228004917066,0.999963840033747,3.6159966252946596e-05
1394.4388943522786,2.062628352315346,2575.383312243155,4617.115594140863,0.309209582066181,0.9965746007005849,-6.6209453785180505,1.5758142668821113,0.00988366531719881,,0.8314510666371949,,0.1534328475529837,,,0.01492480282225929,0.0001549311027054205,,,55.13698522629209,0.9775489821399744,0.22355757918777389,0.984459614955408,0.9999636481151433,3.635188485673346e-05
1387.2656358323188,2.062165919084407,2558.1023719334576,4616.340960014194,0.30922467244545127,0.9965765294871769,-6.621500390616027,1.5757948814597595,0.009907657347884175,,0.8306732369904171,,0.15414198853437122,,,0.014992371179834534,0.00015585719849712702,,,54.83632912338642,0.9773298194712831,0.2220574975636682,0.9842944477642205,0.9999634539031199,3.65460968800857e-05
1380.0923773123588,2.0616979341208403,2540.843013233776,4615.556876804123,0.3092400626320128,0.9965784954255238,-6.622052356619017,1.575778542132392,0.009931702208700146,,0.8298880331576779,,0.15485785818976366,,,0.015060575914552838,0.00015679009132206598,,,54.53558998563132,0.9771080256496875,0.22055928934320973,0.9841272658430966,0.9999632573533165,3.6742646683518565e-05
1372.9191187923989,2.0612243036443325,2523.6052551927455,4614.763185919847,0.3092557574872614,0.996580499067866,-6.622601226356938,1.5757652990700954,0.009955801156207578,,0.8290953515056381,,0.1555805511026114,,,0.015129425983874498,0.00015772982826257832,,,54.2347681736446,0.9768835562295415,0.21906295617992583,0.9839580353773661,0.9999630584203865,3.694157961353639e-05
1365.7458602724387,2.060744931763112,2506.389117656743,4613.959725204118,0.309271761982997,0.9965825409777235,-6.623146948525235,1.5757552035774234,0.009979955474805529,,0.828295086490174,,0.1563101635997011,,,0.01519893051057093,0.0001586764570539917,,,53.93386406074117,0.9766563657645082,0.2175684997965923,0.9837867217919227,0.9999628570575001,3.7142942499901466e-05
1358.5726017524785,2.060259720415022,2489.1946212931944,4613.146328834665,0.3092880812030014,0.9965846217299845,-6.6236894706689515,1.5757483081093309,0.01000416647750908,,0.8274871306139733,,0.15704679379041728,,,0.015269098788022668,0.00015963002442399412,,,53.63287803376406,0.9764264077796314,0.21607592198725645,0.9836132897302058,0.9999626532168372,3.734678316280604e-05
1351.3993432325185,2.0597685693065015,2472.0217876112324,4612.322827220169,0.309304720347643,0.9965867419113765,-6.624228739135427,1.575744666318478,0.01002843550675468,,0.8266713743817184,,0.15779054160702233,,,0.01533994028266712,0.0001605905776074552,,,53.331810493042354,0.9761936347424178,0.2145852246190306,0.9834377030320189,0.9999624468490154,3.7553150984637185e-05
1344.226084712559,2.0592713758496437,2454.870638986154,4611.489046894839,0.30932168473566773,0.996588902120572,-6.624764699056195,1.5757443330733345,0.010052763935231235,,0.8258477062553838,,0.15854150884600213,,,0.015411464639493394,0.00016155816269809966,,,53.030661853212436,0.9759579980330065,0.21309640963421475,0.9832599247110531,0.9999622379035775,3.776209642247785e-05
1337.0528261925988,2.0587680350970308,2437.741198681774,4610.644810407394,0.3093389798090123,0.9965911029686753,-6.625297294297559,1.5757473645075946,0.01007715316674016,,0.8250160126070702,,0.15929979921048634,,,0.015483681684714841,0.00016253282614093808,,,52.72943254322962,0.9757194479132848,0.21160947905223734,0.9830799169312141,0.9999620263284124,3.797367158764331e-05
1329.8795676726388,2.0582584396744497,2420.6334908759777,4609.789936207833,0.30935661113547036,0.9965933450794288,-6.62582646743347,1.5757538180473087,0.010101604637081431,,0.8241761776716999,,0.1600655183538051,,,0.015556601430800732,0.00016351461381720954,,,52.42812300700994,0.9754779334949999,0.21012443497187305,0.9828976409824804,0.999961812070123,3.818792987697606e-05
1322.7063091526788,2.0577424797112767,2403.5475406854434,4608.924238529615,0.30937458441261256,0.9965956290895746,-6.626352159705382,1.5757637524510208,0.01012611981497445,,0.8233280834977665,,0.16083877392417875,,,0.01563023408052933,0.00016450357128878836,,,52.126733703803815,0.9752334027067663,0.20864127957338918,0.9827130572557814,0.9999615950737635,3.8404926236523806e-05
1315.5330506327186,2.0572200427685248,2386.483374192624,4608.047527268396,0.3093929054709183,0.996597955649109,-6.626874310990372,1.5757772278416535,0.010150700203008702,,0.8224716098972096,,0.16161967561061175,,,0.015704590032066756,0.00016549974307549203,,,51.8252651088004,0.9749858022599645,0.2071600151208875,0.982526125217142,0.9999613752829636,3.8624717036417344e-05
1308.3597921127584,2.0566910137643397,2369.44101847126,4607.15960785523,0.3094115802790507,0.9966003254218031,-6.6273928597469975,1.5757943057606525,0.010175347338624727,,0.8216066343932676,,0.16240833518998643,,,0.0157796798821007,0.0001665031741361492,,,51.523717713244366,0.9747350776134313,0.2056806439645191,0.9823368033806461,0.9999611526394909,3.884736050907556e-05
1301.1865335927992,2.056155274897061,2352.420501616458,4606.260281127489,0.30943061494610347,0.9966027390853316,-6.62790774299263,1.5758150491906449,0.010200062795130598,,0.8207330321681257,,0.1632048665754326,,,0.015855514432313537,0.00016751390792044889,,,51.22209202534185,0.9744811729369959,0.2042031685430953,0.9821450492809145,0.9999609270837924,3.907291620763864e-05
1294.013275072839,2.055612705565459,2335.4218527714434,4605.349343193026,0.3094500157275118,0.9966051973318603,-6.628418896242782,1.5758395226161168,0.01022484818275533,,0.8198506760076719,,0.16400938586597097,,,0.015932104692450596,0.0001685319881736126,,,50.920388570365965,0.9742240310736773,0.20272759138641,0.9819508194441419,0.999960698554267,3.9301445733053164e-05
1286.8400165528788,2.055063182286344,2318.4451021593504,4604.426585291577,0.3094697890279221,0.9966077008682402,-6.628926253482034,1.5758677920524873,0.010249705149734934,,0.8189594362462338,,0.16482201139750627,,,0.016009461886680985,0.00016955745739017102,,,50.61860789148161,0.973963593500637,0.20125391511799917,0.9817540693585451,0.9999604669878113,3.953301218873051e-05
1279.6667580329188,2.0545065786091645,2301.490281112954,4603.491793649983,0.30948994140638114,0.9966102504164887,-6.629429747110923,1.5758999250992227,0.010274635383442683,,0.8180591807086879,,0.16564286379517515,,,0.016087597457985502,0.0001705903574926903,,,50.31675055013668,0.9736998002887036,0.19978214245772172,0.9815547534434932,0.9999602323193412,3.976768065883096e-05
1272.4934995129588,2.0539427650276765,2284.5574221071065,4602.544749332794,0.3095104795808106,0.9966128467141702,-6.629929307900273,1.5759359909854975,0.010299640611552892,,0.8171497746516291,,0.16647206602710707,,,0.01616652307349339,0.00017163072966121286,,,50.01481712663595,0.9734325900605102,0.19831227622457523,0.9813528250176533,0.9999599944818908,4.000551810923181e-05
1265.3202409929986,2.053371608888451,2267.646558791902,4601.5852280875515,0.3095314104326875,0.9966154905147964,-6.630424864943425,1.57597606061797,0.010324722603249615,,0.8162310807027763,,0.16730974345964147,,,0.016246250629962013,0.0001726786141573243,,,49.712808220738296,0.9731618999471332,0.19684431933957483,0.9811482362660024,0.9999597534065371,4.0246593462911484e-05
1258.146982473039,2.052792974296126,2250.757726026525,4600.613000184307,0.30955274101231384,0.996618182588291,-6.630916345602422,1.5760202066345972,0.010349883170477013,,0.815302958798633,,0.16815602391403214,,,0.016326792258970844,0.00017373405060626035,,,49.41072445219043,0.9728876655431878,0.19537827482869138,0.9809409382056091,0.9999595090222423,4.0490977757712265e-05
1250.9737239530791,2.052206722015309,2233.8909599155054,4599.627830249914,0.30957447854332903,0.9966209237213505,-6.631403675462026,1.5760685034506166,0.010375124169235351,,0.8143652661207718,,0.16901103772469847,,,0.016408160333219766,0.00017479707727386938,,,49.10856646145906,0.972609820860336,0.19391414582599872,0.9807308806503015,0.9999592612559639,4.073874403609512e-05
1243.800465433119,2.051612709368882,2217.046297844583,4598.629477095747,0.3095966304284541,0.9966237147179487,-6.631886778271068,1.5761210273171988,0.010400447500924809,,0.8134178570299387,,0.1698749177990498,,,0.01649036747194779,0.00017586773143272736,,,48.80633491029505,0.972328298279091,0.19245193557678672,0.9805180121739332,0.9999590100323691,4.098996763091112e-05
1236.6272069131587,2.0510107901326715,2200.22377851891,4597.61769353923,0.30961920425528294,0.9966265563998397,-6.632365575883303,1.5761778563805882,0.010425855113733363,,0.812460582998597,,0.1707477996789419,,,0.016573426546622687,0.0001769460496163894,,,48.50403048234384,0.9720430284988965,0.1909916474408776,0.9803022800723304,0.999958755273778,4.12447262220228e-05
1229.4539483931987,2.05040081442631,2183.423442002997,4596.592226219422,0.30964220780127133,0.996629449606946,-6.632839988206644,1.5762390707328713,0.01045134900407954,,0.8114932925418393,,0.1716298216038229,,,0.016657350687836636,0.00017803206677945957,,,48.201653883950804,0.971753940486403,0.1895332848960935,0.9800836303239705,0.9999584969002784,4.150309972161814e-05
1222.2806898732388,2.0497826286000596,2166.6453297605913,4595.55281540516,0.30966564904019783,0.9966323951979237,-6.633309933137208,1.576304752477932,0.010476931218108127,,0.8105158311459167,,0.1725211245755808,,,0.01674215329113142,0.00017912581675471652,,,47.899205844797926,0.9714609614218292,0.188076851541718,0.9798620075490746,0.9999582348293836,4.17651706163813e-05
1215.107431353279,2.0491560751175104,2149.8894846976455,4594.499194796519,0.30968953614805056,0.9966353940506408,-6.633775326499306,1.5763749857914569,0.010502603853237586,,0.8095280411952192,,0.17342185242519728,,,0.016827848023755313,0.0001802273319272297,,,47.596687118672065,0.9711640166433699,0.18662235110222616,0.9796373549672749,0.999957968976099,4.203102390099023e-05
1207.934172833319,2.048520992433936,2133.1559512054805,4593.431091318728,0.309713877509493,0.996638447062718,-6.634236081979544,1.5764498569868435,0.010528369059767916,,0.8085297618970192,,0.1743321518812083,,,0.01691444883128764,0.0001813366432310662,,,47.29409848422197,0.9708630295895431,0.1851697874310313,0.9794096143536734,0.9999576992527462,4.230074725375399e-05
1200.760914313359,2.047877214870121,2116.4447752065917,4592.348224908538,0.30973868172431807,0.9966415551520534,-6.634692111061051,1.5765294545809603,0.01055422904254664,,0.8075208292042627,,0.17525217264006498,,,0.017001969944693,0.00018245377989589148,,,46.99144074577231,0.9705579217393939,0.18371916451446108,0.9791787259932917,0.9999574255689166,4.2574431083353126e-05
1193.5876557933989,2.047224572481489,2099.756004201055,4591.250308292341,0.30976395761458003,0.9966447192574197,-6.635143322950781,1.576613869366855,0.010580186062697705,,0.8065010757360749,,0.17618206743841908,,,0.017090425887148267,0.0001835787696299875,,,46.68871473411389,0.9702486125504687,0.18227048647578603,0.9789446286337614,0.9999571478312722,4.285216872779163e-05
1186.4143972734387,2.0465628909223215,2083.08968731569,4590.137046756119,0.30978971423160456,0.9966479403390306,-6.6355896245080945,1.5767031944851642,0.010606242439413806,,0.8054703306962462,,0.1771219921274089,,,0.017179831481443503,0.00018471163841536487,,,46.38592130737228,0.9699350193944652,0.18082375757948696,0.9787072594362728,0.999956865943514,4.31340564860383e-05
1179.2411387534787,2.0458919913048232,2066.4458753544636,4589.008137906652,0.3098159608632906,0.9966512193791294,-6.636030920170398,1.5767975254984847,0.01063240055181903,,0.8044284197893597,,0.1780721057490049,,,0.017270201857591448,0.00018585241029596717,,,46.08306135191192,0.9696170574904376,0.17937898223563054,0.9784665539246593,0.9999565798062521,4.342019374792283e-05
1172.0678802335192,2.0452116900528856,2049.8246208509363,4587.863271423758,0.30984270704130334,0.9966545573825476,-6.63646711188001,1.5768969604644978,0.010658662840903187,,0.8033751651347064,,0.17903257061446035,,,0.01736155246105174,0.00018700110675312469,,,45.7801357833049,0.9692946398354909,0.17793616500442155,0.978222445932571,0.9999562893169716,4.371068302844172e-05
1164.894621713559,2.044521798750167,2033.2259781215514,4586.702128802147,0.3098699625507775,0.9966579553775601,-6.636898098985023,1.5770016000351088,0.010685031811524151,,0.8023103851771884,,0.1800035523849287,,,0.017453899058945677,0.00018815774837622234,,,45.4771455471229,0.9689676771327806,0.17649531060082913,0.9779748675484322,0.999955994369439,4.4005630560950415e-05
1157.721363193599,2.0438221239825376,2016.6500033243374,4585.524383085129,0.3098977374355815,0.9966614144161696,-6.637323778186285,1.577111547509472,0.010711510034493735,,0.8012338945973058,,0.18098522015434992,,,0.017547257751222012,0.00018932235167653686,,,45.1740916201972,0.9686360777168426,0.17505642389968207,0.9777237490586628,0.9999556948545543,4.4305145445733274e-05
1150.548104673639,2.0431124671741445,2000.0967545139815,4584.329698585558,0.3099260420106112,0.9966649355752478,-6.637744043411588,1.5772269089597915,0.010738100148742644,,0.8001455042161121,,0.18197774653458174,,,0.017641644975483695,0.0001904949326297387,,,44.870975011364415,0.968299747475898,0.17361950994044978,0.9774690188881786,0.9999553906588073,4.460934119265847e-05
1143.3748461536788,2.0423926244174355,1983.566291705644,4583.117730598172,0.30995488686767114,0.9966685199568586,-6.638158785756432,1.5773477932905715,0.01076480486356249,,0.7990450209004232,,0.18298130774297547,,,0.01773707751857799,0.00019167550356771952,,,44.567796762744045,0.9679585897712966,0.1721845739327816,0.9772106035390559,0.9999550816655444,4.4918334455634756e-05
1136.2015876337186,2.0416623862963372,1967.0586769363567,4581.888125099408,0.3099842828857674,0.99667216868911,-6.638567893379099,1.5774743123435293,0.010791626960951775,,0.7979322474631022,,0.18399608369231485,,,0.017833572524660595,0.00019286407388255361,,,44.2645579508259,0.9676125053537143,0.17075162126183652,0.9769484275265262,0.9999547677539601,4.5232246039916824e-05
1129.0283291137594,2.0409215377025247,1950.5739743301162,4580.640518435249,0.310014241241686,0.9966758829270203,-6.638971251392881,1.5776065810053712,0.01081856929803642,,0.7968069825613641,,0.18502225808329434,,,0.01793114750340804,0.00019406065087865912,,,43.9612596875427,0.9672613922760781,0.1693206574939337,0.9766824133124198,0.9999544487989451,4.555120105487198e-05
1121.8550705937992,2.0401698576445235,1934.112250166684,4579.374536997434,0.31004477341862346,0.9966796638531169,-6.639368741778663,1.5777447172952126,0.010845634809594478,,0.7956690205927653,,0.18606001849958603,,,0.018029820340860692,0.00019526523820014407,,,43.65790312155929,0.9669051458030917,0.16789168838252463,0.9764124812361267,0.9999541246714122,4.587532858779664e-05
1114.681812073839,2.0394071190491436,1917.6735729515071,4578.089796886165,0.31007589121744006,0.9966835126783405,-6.639760243270303,1.5778888424791964,0.010872826510683721,,0.7945181515873044,,0.18710955650552624,,,0.018129609308424284,0.00019647783639047502,,,43.354489439504164,0.9665436583171297,0.16646471987426278,0.976138549442679,0.9999537952376454,4.620476235461801e-05
1107.508553553879,2.038633088555021,1901.2580134889672,4576.785903559348,0.31010760676762394,0.9966874306428839,-6.640145631243228,1.5780390811818963,0.010900147499367161,,0.7933541610970999,,0.18817106774654296,,,0.018230533072764826,0.00019769844284994238,,,43.05101986725466,0.9661768192203891,0.16503975811536173,0.9758605338079633,0.9999534603592576,4.653964074241568e-05
1100.335295033919,2.0378475262978912,1884.8656449586342,4575.462451467882,0.31013993253810374,0.9966914190169878,-6.640524777604619,1.5781955614961296,0.010927600959553491,,0.7921768300829779,,0.18924475205237748,,,0.01833261070663312,0.00019892705113100007,,,42.747495671322866,0.9658045148331239,0.16361680945821477,0.9755783478609555,0.9999531198931195,4.6880106880475836e-05
1093.1620365139588,2.0370501856871654,1868.4965429942813,4574.119023675945,0.3101728813490855,0.9966954791018341,-6.6408975506732455,1.5783584151031276,0.010955190163953165,,0.7909859347976148,,0.19033081354319678,,,0.018435861699465473,0.00020016365075891258,,,42.4439181602686,0.9654266282877562,0.1621958804682536,0.9752919027027601,0.999952773691036,4.722630896403235e-05
1085.9887779939993,2.0362408131734493,1852.1507857660636,4572.755191465776,0.3102064663844287,0.9966996122304767,-6.64126381505364,1.5785277773983557,0.010982918477151682,,0.7897812466655338,,0.19142946073862832,,,0.018540305968209818,0.00020140822713741397,,,42.14028868616526,0.9650430394186964,0.1607769779310819,0.9750011069223403,0.9999524215995094,4.757840049063322e-05
1078.8155194740393,2.0354191480065187,1835.828454065399,4571.37051392599,0.3102407012052621,0.9967038197688919,-6.641623431497804,1.5787037876298164,0.011010789358806512,,0.788562532159554,,0.1925409066698599,,,0.018645963867751515,0.00020266076217706754,,,41.83660864609949,0.9646536246476393,0.15936010885984367,0.9747058665087399,0.9999520634593425,4.7936540657489424e-05
1071.6422609540791,2.034584921983472,1819.5296313947347,4569.964537523358,0.3102755997620016,0.9967081031168006,-6.641976256783366,1.5788865890198789,0.011038806366979053,,0.7873295526744354,,0.19366536899486628,,,0.018752856203764,0.00020392123281047796,,,41.53287948379833,0.9642582568642047,0.15794528050301515,0.9744060847597777,0.9999516991058761,4.830089412388716e-05
1064.469002434119,2.03373785918641,1803.2544040599887,4568.53679565653,0.3103111764077544,0.9967124637086247,-6.642322143577772,1.5790763289010972,0.01106697316161182,,0.7860820643963545,,0.1948030701168014,,,0.0188610042451943,0.0002051896101987815,,,41.2291026913063,0.9638568053016161,0.15653250035242958,0.9741016621868933,0.999951328368549,4.867163145094722e-05
1057.295743914159,2.0328776757090767,1787.0028612645854,4567.086808190597,0.3103474459157126,0.9967169030148977,-6.642660940261103,1.5792731588933906,0.011095293508135567,,0.7848198181681214,,0.19595423730569594,,,0.018970429733653288,0.0002064658623889355,,,40.9252798106746,0.9634491354071454,0.1551217761514397,0.9737924964159056,0.9999509510698595,4.9048930140460634e-05
1050.122485394199,2.032004079372452,1770.7750952128608,4565.614080972948,0.31038442349009304,0.9967214225428433,-6.64299249081604,1.5794772350140764,0.011123771281233727,,0.7835425593529638,,0.1971191028235496,,,0.019081154900057486,0.00020774995011199938,,,40.621412435765066,0.9630351087073232,0.15371311590389417,0.9734784820837842,0.9999505670266828,4.943297331716501e-05
1042.9492268742392,2.0311167694279293,1754.5712012105962,4564.118105327786,0.3104221247857421,0.9967260238379749,-6.643316634628236,1.579688717877505,0.011152410468774234,,0.7822500276912107,,0.19829790405281883,,,0.019193202474024347,0.0002090418300972746,,,40.31750221416587,0.9626145826672651,0.15230652788286425,0.9731595107308713,0.9999501760481512,4.9823951848826376e-05
1035.7759683542793,2.0302154362483487,1738.3912777760245,4562.598357529609,0.31046056592196003,0.9967307084849428,-6.64363320634673,1.579907772834635,0.011181215175888989,,0.7809419571561331,,0.1994908836285289,,,0.019306595699663812,0.00021034145248748036,,,40.01355084909172,0.9621874105442412,0.1509020206402799,0.9728354706886159,0.9999497779368134,5.0222063186611265e-05
1028.6027098343193,2.029299761005687,1722.2354267517635,4561.054298253986,0.3104997634995638,0.9967354781087331,-6.643942035711034,1.5801345701459555,0.0112101896292521,,0.779618075803841,,0.20069828957396904,,,0.019421358349599932,0.0002116487603212906,,,39.70956010146167,0.9617534412349228,0.14949960301664614,0.9725062469624705,0.9999493724877313,5.062751226869722e-05
1021.4294513143591,2.0283694153349026,1706.1037534207494,4559.485372004445,0.3105397346212828,0.9967403343762221,-6.644242947343937,1.5803692851886755,0.011239338181519083,,0.7782781056190159,,0.20192037544008992,,,0.019537514736704665,0.00021296369171327955,,,39.40553179203961,0.9613125191160676,0.1480992841511067,0.9721717211096897,0.9999489594875237,5.1040512476285826e-05
1014.256192794399,2.0274240609836185,1689.9963666313995,4557.89100651471,0.310580496907118,0.9967452789970662,-6.644535760596667,1.58061209861157,0.011268665315964068,,0.7769217623581977,,0.2031574004487961,,,0.01965508973189214,0.00021428617647418965,,,39.10146780357917,0.9608644838784922,0.146701073492309,0.9718317711118785,0.9999485387153602,5.146128463984212e-05
1007.0829342744389,2.026463349446313,1673.9133789224554,4556.270612124796,0.31062206851567364,0.9967503137252639,-6.644820289332478,1.580863196551383,0.011298175651332006,,0.7755487553863885,,0.204409629640046,,,0.019774108777566746,0.00021561613736789044,,,38.7973700832153,0.9604091703537029,0.14530498080924092,0.9714862712419607,0.999948109941369,5.1890058631043345e-05
999.9096757544794,2.0254869215827864,1657.8549066569126,4554.6235811295965,0.31066446816481064,0.9967554403605762,-6.645096341717513,1.581122770841973,0.011327873946878711,,0.7741587875106308,,0.205677334022997,,,0.01989459790277018,0.0002169534901917408,,,38.49324064485395,0.9599464083330742,0.14391101620285698,0.9711350919252871,0.9999476729265898,5.23270734101855e-05
992.7364172345193,2.0244944072199984,1641.821070161029,4552.949287098692,0.31070771515043927,0.9967606607496607,-6.645363720031187,1.5813910192039229,0.011357765107652155,,0.7727515548093236,,0.20696079073121454,,,0.020016583741619624,0.00021829814104478971,,,38.18908157162774,0.9594760223791462,0.14251919011814487,0.9707780995946039,0.9999472274232025,5.277257679747738e-05
985.5631587145592,2.0234854247360836,1625.8119938665548,4551.247084166119,0.3107518293720648,0.9967659767879586,-6.645622220406992,1.5816681455037411,0.01138785419000026,,0.7713267464550069,,0.20826028318203166,,,0.020140093546651198,0.00021964998900246156,,,37.88489501865639,0.9589978316284757,0.14112951335647178,0.9704151565386181,0.9999467731726923,5.322682730768413e-05
978.3899001945991,2.0224595806263523,1609.8278064634553,4549.516306287943,0.31079683135305053,0.9967713904208724,-6.645871632628256,1.5819543599581012,0.011418146407314015,,0.7698840445350437,,0.2095761012401852,,,0.020265155208543516,0.00022100892310081296,,,37.58068321564544,0.958511649585949,0.1397419970888416,0.9700461207436978,0.9999463099068733,5.369009312672368e-05
971.216641674639,2.021416469049619,1593.8686410551652,4547.756266466841,0.31084274226632086,0.996776903645528,-6.6461117398679495,1.5822498793940323,0.011448647136047046,,0.7684231238651065,,0.21090854138576529,,,0.020391797272378383,0.0002223748230816879,,,37.276448469853364,0.9580172839097721,0.138356652869372,0.9696708457285376,0.9999458373463319,5.416265366808837e-05
964.043383154679,2.020355671354409,1577.9346353225565,4545.966255941333,0.3108895839596551,0.9967825185124103,-6.646342318433074,1.5825549275045319,0.011479361921985967,,0.7669436517990279,,0.21225790688658464,,,0.020520048955680034,0.00022374755896258756,,,36.97219316905939,0.9575145361869237,0.13697349264952746,0.9692891803712863,0.9999453552002552,5.4644799744818506e-05
956.8701246347194,2.0192767555838196,1562.025931695726,4544.145543337881,0.3109373789806649,0.9967882371268777,-6.6465631375126835,1.5828697351005454,0.011510296486818061,,0.765445288033563,,0.21362450797507024,,,0.020649940168539254,0.00022512698906242978,,,36.66791978462331,0.9570032016984927,0.13559252879303177,0.9689009687287592,0.999944863166235,5.513683376501266e-05
949.6968661147594,2.01817927595776,1546.1426775298555,4542.293373784711,0.3109861506069192,0.9967940616512068,-6.646773958873065,1.5831945404157883,0.011541456734993181,,0.7639276844068872,,0.21500866202966976,,,0.020781501530530343,0.00022651296161850398,,,36.36363087489222,0.9564830691742939,0.1342137740911333,0.9685060498474862,0.9999443609287058,5.56390712942445e-05
942.5236075947993,2.017062772331863,1530.2850252933351,4540.408967984072,0.31103592287351584,0.9967999943062386,-6.646974536579731,1.5835295893847467,0.011572848760889145,,0.7623904846935347,,0.21641069376096686,,,0.020914764391756074,0.00022790531300362517,,,36.059329088506885,0.955953920536428,0.13283724177893536,0.9681042575659001,0.9999438481592613,5.615184073870516e-05
935.3503490748392,2.015926769631447,1514.4531327613759,4538.491521241598,0.31108672060273257,0.996806037373175,-6.647164616698377,1.5838751359417254,0.011604478856328065,,0.7608333243930316,,0.21783093540246587,,,0.02104976085399914,0.0002293038663183012,,,35.75501716795763,0.9554155306310176,0.13146294555220275,0.967695420307377,0.9999433245158149,5.6675484185086944e-05
928.1770905548791,2.014770777259303,1498.647163217459,4536.5402024508185,0.3111385694376754,0.9968121931957483,-6.647343936954941,1.5842314423607853,0.011636353518427216,,0.7592558305127646,,0.21926972690614807,,,0.02118652378992846,0.0002307084324122843,,,35.450697953434414,0.9548676669475371,0.13009089958484887,0.9672793608637139,0.9999427896412534,5.721035874661773e-05
921.003832034919,2.0135942884761753,1482.8672856663648,4534.554153029338,0.3111914958747668,0.9968184641821393,-6.6475122264082005,1.5845987795831489,0.01166847945780927,,0.7576576213465336,,0.22072741614287406,,,0.021325086865398152,0.000232118808545478,,,35.146374386654415,0.9543100893252016,0.1287211185474275,0.9668558961683023,0.9999422431633512,5.775683664877018e-05
913.8305735149595,2.0123967797523576,1467.113675055448,4532.532485804687,0.3112455272976577,0.9968248528069482,-6.647669205108165,1.584977427558809,0.011700863607213766,,0.7560383062470326,,0.22220435910763528,,,0.02146548456270704,0.0002335347766609634,,,34.8420495149,0.9537425496456672,0.12735361762634098,0.9664248370585686,0.9999416846940359,5.831530596411838e-05
906.6573149949994,2.0111777100886803,1451.386512504695,4530.474283847656,0.31130069201490745,0.9968313616134873,-6.647814583716092,1.5853676756265065,0.011733513130509075,,0.7543974853922576,,0.2237009201297172,,,0.021607752202486227,0.00023495610355247611,,,34.537726495376695,0.9531647915112229,0.12598841254381032,0.9659859880272187,0.9999411138280135,5.8886171986460845e-05
899.4840564750393,2.0099365203055997,1435.6859855486455,4528.378599249747,0.31135701929910703,0.9968379932161083,-6.647948063110217,1.5857698229080057,0.011766435432118558,,0.7527347495468775,,0.2252174720877936,,,0.02175192596646301,0.00023638254082512954,,,34.233408599728335,0.9525765499078672,0.12462551957887548,0.9655391469615665,0.9999405301419593,5.946985804072824e-05
892.3107979550792,2.0086726322986155,1420.0122883895474,4526.244451840871,0.31141453942534886,0.9968447503023116,-6.648069333998872,1.5861841786949755,0.011799638166908776,,0.7510496798183864,,0.22675439662998767,,,0.021898042923393164,0.00023781382246118504,,,33.92909921858094,0.9519775508524244,0.12326495558937044,0.9650841048701218,0.9999399331942284,6.006680577164136e-05
885.1375394351192,2.007385448258032,1404.3656221607584,4524.070827845894,0.3114732837144636,0.9968516356352662,-6.6481780764850456,1.5866110628844243,0.011833129250555843,,0.749341847406442,,0.22831208439884695,,,0.022046141053132545,0.0002392496647166919,,,33.62480186655489,0.951367511022764,0.12190673803478806,0.9646206455961395,0.9999393225231382,6.0677476861781265e-05
877.9642809151591,2.006074349851275,1388.7461952025242,4521.856678475133,0.31153328457721796,0.9968586520562811,-6.648273959621766,1.5870508064233286,0.01186691687040118,,0.7476108133474088,,0.22989093526127588,,,0.022196259272359537,0.00024068976514990962,,,33.32052018737371,0.9507461373702726,0.12055088500021911,0.964148545517086,0.9999386976461941,6.13023538058588e-05
870.7910223951995,2.0047386973658483,1373.154223351424,4519.600918445857,0.3115945755608434,0.9968658024873771,-6.648356640944197,1.5875037517765218,0.011901009496837318,,0.7458561282529687,,0.23149135854336053,,,0.0223484374609804,0.0002421338016234134,,,33.01625795925094,0.9501131267136722,0.11919741522147778,0.9636675732293939,0.999938058058933,6.19419410670119e-05
863.6177638752395,2.0033778288106054,1357.5899302421315,4517.302424430383,0.31165719139728515,0.996873089933879,-6.648425765984817,1.5879702534115259,0.01193541589525424,,0.7440773320432574,,0.23311377327004815,,,0.02250271648987129,0.00024358143071297913,,,32.712019100475445,0.9494681653130832,0.11784634811129613,0.9631774892175657,0.9999374032338898,6.259676611020115e-05
856.4445053552794,2.0019910589731222,1342.0535476231746,4514.960033428149,0.3117211680560075,0.9968805174873423,-6.648480967742445,1.5884506783295214,0.011970145138565506,,0.7422739536738887,,0.23475860840958016,,,0.022659138247394964,0.0002450322879009372,,,32.40780767546355,0.9488109284232807,0.11649770378673391,0.9626780455070679,0.9999367326187648,6.326738123518805e-05
849.2712468353193,2.0005776784309046,1326.545315688518,4512.572541055235,0.3117865427970674,0.9968880883283031,-6.648521866149489,1.5889454065981017,0.012005206620350135,,0.7404455108584569,,0.2364263031226408,,,0.022817745668840275,0.00024648598576080795,,,32.103627900855976,0.9481410798250733,0.11515150309796164,0.9621689852996237,0.9999360456356988,6.395436430117751e-05
842.0979883153592,1.9991369525137817,1311.0654834238821,4510.138699747702,0.3118533542266875,0.9968958057290974,-6.648548067514422,1.5894548319087924,0.012040610068662087,,0.7385915097851613,,0.23811730701602757,,,0.022978582767039006,0.0002479421116830433,,,31.79948415192275,0.9474582713335459,0.11380776765832311,0.9616500425901283,0.9999353416799108,6.46583200891726e-05
834.9247297953991,1.9976681202146278,1295.614308968281,4507.657216876038,0.31192164235943537,0.9969036730572085,-6.648559163897166,1.5899793622016736,0.012076365560517433,,0.7367114448274364,,0.2398320804006833,,,0.023141694660243652,0.0002494002288002766,,,31.49538096963995,0.9467621422818142,0.11246651987571883,0.9611209417646136,0.9999346201171636,6.537988283639162e-05
827.7514712754396,1.9961703930460932,1280.1920599958817,4505.126752759739,0.31199144867687056,0.9969116937779527,-6.64855473252216,1.5905194202523036,0.012112483537110239,,0.7348047982516533,,0.24157109455404863,,,0.023307127606986333,0.00025085987126449054,,,31.191323067390154,0.9460523189791912,0.11112778298575361,0.9605813971769167,0.9999338802839528,6.611971604719713e-05
820.5782127554795,1.9946429538393855,1264.7990141106043,4502.545918586396,0.31206281619955817,0.9969198714584352,-6.648534335054729,1.5910754443953579,0.012148974819802167,,0.7328710399165324,,0.2433348319861707,,,0.02347492903243028,0.0002523205478512527,,,30.88731533913576,0.945328414141889,0.10979158108598995,0.9600311127049884,0.9999331214829846,6.68785170153674e-05
813.4049542355194,1.9930849554833103,1249.4354592667603,4499.913274215723,0.3121357895501567,0.9969282097701893,-6.648497516970985,1.5916478891547259,0.012185850626902636,,0.730909626972739,,0.24512378670977297,,,0.023645147566875163,0.00025378173538517096,,,30.583362866536884,0.9445900262954078,0.10845793917246183,0.95946978128267,0.9999323429847723,6.765701522770673e-05
806.2316957155593,1.991495519598497,1234.1016942022775,4497.227325877051,0.3122104150312845,0.9969367124932046,-6.648443806776683,1.5922372260246522,0.012223122591349323,,0.728920003553123,,0.2469384645134335,,,0.023817833075174825,0.0002552428808401507,,,30.279470927810237,0.9438367391462071,0.10712688317728103,0.9588970844087529,0.9999315440225715,6.845597742854981e-05
799.0584371955993,1.9898737351447449,1218.798028898513,4494.486523741139,0.31228674069914814,0.9969453835191365,-6.6483727152714325,1.5928439442055273,0.012260802779250256,,0.7269016004632904,,0.24877938323798404,,,0.023993036694124673,0.0002567033971683715,,,29.97564500595563,0.9430681209216801,0.10579844000855147,0.9583126916292406,0.9999307237925675,6.92762074324671e-05
791.8851786756392,1.9882186569565536,1203.524785058476,4491.68925936879,0.3123648164470866,0.9969542268552957,-6.648283734712292,1.5934685514402904,0.01229890370941677,,0.7248538348656409,,0.2506470730553045,,,0.02417081086563912,0.00025816266341710417,,,29.67189079817405,0.9422837236760918,0.1044726375918816,0.9577162599933454,0.9999298814500015,7.011854999849909e-05
784.7119201556796,1.9865293042035779,1188.282296610528,4488.8338630222825,0.3124446940899915,0.9969632466283554,-6.648176337970229,1.594111574857978,0.012337438373883541,,0.7227761099625402,,0.2525420767492693,,,0.024351209373770628,0.0002596200222061075,,,29.368214225266875,0.9414830825609375,0.10314950491410833,0.9571074334802308,0.9999290161077863,7.098389221371626e-05
777.5386616357196,1.9848046587712407,1173.0709102350302,4485.918600834806,0.31252642745433074,0.996972447088292,-6.648049977630729,1.5947735618731027,0.012376420259520585,,0.7206678146759756,,0.2544649499981783,,,0.024534287381866006,0.0002610747776626484,,,29.0646214416767,0.9406657150574601,0.10182907206901304,0.9564858423954811,0.9999281268336826,7.187316631740437e-05
770.3654031157595,1.983043663557202,1157.8909859174353,4482.941671828099,0.31261007247231,0.9969818326123574,-6.64790408505391,1.5954550811255457,0.012415863370773973,,0.7185283233258731,,0.25641626165801645,,,0.02472010147125218,0.00026252619267964195,,,28.761118845926454,0.93983112016929,0.10051137030533293,0.9558511027352024,0.9999272126478214,7.278735217863819e-05
763.1921445957994,1.9812452206786562,1142.742897527098,4479.901204774634,0.3126956872865318,0.9969914077097681,-6.647738069328685,1.596156723526395,0.012455782253589906,,0.7163569953062986,,0.25839659404570947,,,0.024908709675748774,0.0002639734904934514,,,28.457713092220843,0.9389787775728229,0.09919643207700503,0.9552028155169795,0.9999262725182503,7.37274817497191e-05
756.0188860758393,1.9794081895861404,1127.6270334274047,4476.79525487924,0.31278333234770367,0.9970011770251166,-6.647551316301108,1.596879103229595,0.012496192020617278,,0.7141531747649786,,0.26040654322192214,,,0.025100171528609858,0.0002654158460113571,,,28.15441110106141,0.9381081467232893,0.09788429109612888,0.9545405660723326,0.999925305361522,7.469463847797897e-05
748.8456275558792,1.9775313850767158,1112.5437971103495,4473.621800297016,0.3128730705362756,0.9970111453439263,-6.647343187358693,1.5976228588476342,0.012537108377773594,,0.7119161902772767,,0.2624467192717282,,,0.025294548093830135,0.00026685239120243095,,,27.851220072786624,0.9372186659131355,0.09657498238805116,0.9538639233042678,0.9999243100340375,7.568996596252209e-05
741.6723690359197,1.9756135752034563,1097.4936078704038,4470.378738442926,0.31296496727088235,0.9970213175961589,-6.647113018353695,1.5983886545282573,0.012578547652169899,,0.7096453545300941,,0.26451774658301375,,,0.025491902015618424,0.00026828220557657573,,,27.548147499124298,0.9363097512812589,0.09526854234986144,0.9531724389004107,0.999923285334303,7.671466569703078e-05
734.4991105159596,1.9736534790721822,1082.476901501276,4467.063882113932,0.31305909063929377,0.9970316988616129,-6.646860118297501,1.5991771812600755,0.012620526821629022,,0.7073399640010041,,0.2666202641204908,,,0.025692297554756664,0.00026970431814228607,,,27.245201177624814,0.9353807957688068,0.09396500881087465,0.9524656465061688,0.9999222299943938,7.777000560615921e-05
727.3258519959995,1.9716497645216389,1067.494131036153,4463.67495538981,0.31315551152872273,0.9970422943745845,-6.646583768065095,1.599989158168106,0.012663063545696707,,0.7049992986473546,,0.2687549256946928,,,0.025895800631966805,0.000271117704197516,,,26.942389225597164,0.9344311680197341,0.09266442109688829,0.9517430608507057,0.9999211426782117,7.885732178825045e-05
720.1525934760394,1.969601045678888,1052.5457675211433,4460.209589305023,0.31325430376248964,0.9970531095285234,-6.6462832190376595,1.600825333871164,0.01270617619840324,,0.7026226215995188,,0.27092240022408487,,,0.02610247887355156,0.0002725212803661855,,,26.63972009475614,0.9334602112222218,0.09136682009732146,0.9510041768240987,0.9999200219775214,7.997802247861063e-05
712.9793349560794,1.9675058803827874,1037.632300822879,4456.6653172855085,0.3133555442505798,0.9970641498814551,-6.645957691606032,1.6016864879784158,0.01274988390279885,,0.7002091788604452,,0.2731233719886488,,,0.026312401652103513,0.00027391390427484254,,,26.33720258738361,0.932467241887577,0.09007224833531935,0.9502484685043728,0.9999188664054723,8.113359452766034e-05
705.8060764361193,1.9653627674688074,1022.7542404836424,4453.03957032505,0.3134593131441877,0.9970754211610151,-6.6456063736374125,1.60257343262266,0.012794206567339322,,0.6977581990172748,,0.275358540873186,,,0.026525640131659197,0.00027529437090793006,,,26.03484587264821,0.9314515485634159,0.08878075004198285,0.9494753881290084,0.9999176743930278,8.232560697218894e-05
698.6328179161598,1.9631701439066294,1007.9121166157677,4449.329671883819,0.3135656939946275,0.997086929269088,-6.645228418901718,1.6034870140339788,0.012839164924328069,,0.6952688929641396,,0.2776286225982487,,,0.02674226731807508,0.00027666140464617815,,,25.732659503241564,0.9304123904770756,0.0874923712340076,0.9486843650072109,0.9999164442851096,8.355571489038205e-05
691.4595593961997,1.9609263817806488,993.1064808303245,4445.532832523576,0.3136747739427476,0.9970986802888048,-6.644822945188923,1.6044281144223964,0.012884780570443111,,0.6927404536343164,,0.27993434893601205,,,0.026962358090304776,0.00027801366762464537,,,25.430653435655334,0.929348996104573,0.086207159794299,0.947874804376029,0.9999151743282579,8.482567174206146e-05
684.2863008762396,1.958629785108816,978.3379072359659,4441.646144194563,0.31378664388334726,0.9971106804878151,-6.64438903268922,1.6053976535977244,0.012931076009446034,,0.6901720557607559,,0.28227646790953614,,,0.027185989263986663,0.0002793497414353441,,,25.128838046546853,0.928260561662946,0.08492516555867759,0.9470460861822096,0.999913862675714,8.61373242859731e-05
677.1130423562795,1.9562785864835257,963.6069934579351,4437.666574243507,0.31390139867871986,0.9971229363257671,-6.643925721873385,1.606396591089183,0.012978074697433811,,0.6875628556401607,,0.2846557439709302,,,0.027413239621417795,0.000280668136114489,,,24.827224155578225,0.9271462495182586,0.08364644040433465,0.9461975638045858,0.9999125073686232,8.7492631376751e-05
669.9397838363194,1.9538709435317516,948.9143617271319,4433.590959041274,0.3140191373550048,0.9971354544587452,-6.643432011556586,1.6074259280816072,0.01302580109038341,,0.6849119909352372,,0.287072958157194,,,0.0276441899662736,0.0002819672794948504,,,24.525823044952578,0.9260051865079392,0.08237103834436908,0.9453285626953676,0.9999111063381997,8.889366180031555e-05
662.7665253163593,1.951404935178531,934.2606600187717,4429.415997259198,0.3141399633235392,0.9971482417451202,-6.642906856711853,1.608486709601964,0.013074280694546567,,0.682218580493435,,0.28952890821862115,,,0.027878923168303364,0.0002832455137583956,,,24.22464648214335,0.92483646216992,0.08109901562662948,0.944438378946524,0.9999096573941177,9.034260588225429e-05
655.5932667963998,1.948878557705288,919.6465632397357,4425.138242756927,0.31426398461563315,0.9971613052514517,-6.642349166153092,1.6095800268363485,0.013123540119566781,,0.6794817241994081,,0.2920244087168937,,,0.02811752420672692,0.00028450109319736545,,,23.923706743589847,0.9236391268745442,0.07983043083678261,0.943526277773332,0.9999081582162261,9.184178377386054e-05
648.4200082764397,1.9462897205908614,905.0727744822997,4420.754097055326,0.3143913141298735,0.9971746522582338,-6.641757800097481,1.6107070195675837,0.013173607134569722,,0.6767005028626986,,0.29456029108832094,,,0.028360080214671388,0.00028573218060749995,,,23.62301663939632,0.9224121898534888,0.07856534500714407,0.9425914919094512,0.9999066063462984,9.339365370164554e-05
641.2467497564796,1.9436362421229765,890.5400263341968,4416.259801364812,0.31452206989085824,0.9971882902652536,-6.6411315676193015,1.6118688787213875,0.013224510727440823,,0.6738739781450523,,0.29713740366765623,,,0.028606680526495672,0.0002869368406039488,,,23.32258953883616,0.9211546171198941,0.07730382173039903,0.9416332199072094,0.9999049991798082,9.50008201917596e-05
634.0734912365195,1.9409158447668433,876.0490822550487,4411.651428153395,0.31465637532811147,0.9972022269973535,-6.6404692239060354,1.613066849110278,0.01327628116745285,,0.6710011925309091,,0.2997566116671856,,,0.028857416720599615,0.0002881130357143196,,,23.022439397779237,0.9198653292733855,0.07604592727908409,0.940650624339743,0.9999033339544086,9.666604559144254e-05
626.9002327165595,1.9381261502778298,861.6007380128649,4406.9248722185375,0.3147943595712375,0.997216470410029,-6.639769467358168,1.6143022323337677,0.013328950071399026,,0.668081169349816,,0.3024187971057079,,,0.029112382661656482,0.00028925862209588953,,,22.722580787318293,0.9185431991838057,0.07479173073028342,0.9396428298973427,0.9999016077392763,9.839226072372309e-05
619.7269741965994,1.935264674544107,847.195823195224,4402.0758412340165,0.3149361577635309,0.9972310286949412,-6.639030936510935,1.615576389856626,0.013382550473457051,,0.6651129128556842,,0.30512485868108036,,,0.029371674541328937,0.00029037134522546246,,,22.423028923880644,0.9171870495469703,0.07354130409680763,0.9386089213718585,0.9998998174233189,0.00010018257668109598
612.5537156766393,1.9323288221445154,832.8352027924083,4397.099845733803,0.3150819113922046,0.997245910284988,-6.638252206797933,1.616890746245252,0.01343711689900838,,0.6620954083704536,,0.30787571157969085,,,0.02963539091997167,0.0002914488333674536,,,22.12379970045382,0.9157956503054576,0.07229472246461878,0.9375479415210667,0.9998979597034835,0.00010204029651650348
605.3804571566798,1.9293158806056268,818.5197788467054,4391.992188510253,0.3152317686436394,0.9972611238596142,-6.637431787071488,1.6182467926473212,0.013492685442646181,,0.6590276224979832,,0.31067228721526546,,,0.029903632762520505,0.00029248859391393527,,,21.824909719988,0.9143677159268374,0.07105206413599874,0.9364588888081563,0.9998960310696831,0.00010396893031694443
598.2071986367197,1.9262230143431671,804.250492186325,4386.747953375453,0.31538588477600155,0.9972766783493788,-6.636568115959683,1.6196460904347507,0.013549293850556213,,0.6559085034199122,,0.31351553288919826,,,0.030176503476198147,0.00029348800650618573,,,21.526376329715262,0.9129019025323067,0.06981341078006294,0.9353407150054271,0.9998940277918148,0.00010597220818520103
591.0339401167596,1.9230472582698042,790.0283242313367,4381.361993264086,0.31554442252076803,0.9972925829407394,-6.635659557943,1.6210902751270568,0.013606981607578146,,0.6527369812783353,,0.3164064113632976,,,0.03045410894084346,0.00029444431956748623,,,21.228217657926056,0.9113968048672059,0.06857884758952576,0.9341923226575876,0.9998919459020439,0.00010805409795611176
583.8606815967995,1.9197855110535187,775.8542988877795,4375.828917620327,0.3157075525048436,0.9973088470799755,-6.634704399237542,1.6225810605081392,0.01366579002912979,,0.6495119686599446,,0.31934590033563115,,,0.030736557539996812,0.00029535464392038056,,,20.93045265178873,0.9098509531059331,0.06734846344511974,0.9330125623923938,0.999889781179493,0.00011021882050699094
576.6874230768394,1.9164345280078106,761.7294845192748,4370.14307902839,0.31587545369748116,0.9973254804764385,-6.633700843443273,1.6241202429780328,0.013725762358359723,,0.6462323611887069,,0.32233499180886,,,0.031023960190616765,0.0002962159444297193,,,20.63310111674593,0.9082628094823747,0.06612235108674261,0.9318002300700192,0.9998875291326135,0.00011247086738652712
569.5141645568793,1.9129909135951153,747.6549959996833,4364.298559072863,0.31604831389919075,0.9973424931065532,-6.6326470067829675,1.6257097063139625,0.013786943868720815,,0.6428970382376499,,0.32537469133944774,,,0.03131643035632338,0.0002970250411437661,,,20.33618375956329,0.9066307647370215,0.06490060729163917,0.930554063768201,0.9998851849745648,0.00011481502543519984
562.3409060369198,1.9094511135275292,733.6319968718149,4358.289153314882,0.31622633024045904,0.997359895215084,-6.631540913263993,1.6273514265085618,0.01384938197219443,,0.6395048637818703,,0.3284660171564426,,,0.03161408407442846,0.0002977785967788692,,,20.03972223028108,0.9049531343732367,0.06368333306178948,0.9292727405788661,0.9998827436095202,0.00011725639047976966
555.1676475169597,1.9058114064413452,719.6617015687475,4352.10835540575,0.3164097097302669,0.9973776973173148,-6.630380489355103,1.6290474770930743,0.013913126333717702,,0.636054687390687,,0.3316099991350112,,,0.03191703996315444,0.0002984731145002894,,,19.74373916868846,0.9032281547115381,0.062470633816731555,0.9279548732208424,0.999880199603353,0.00011980039664705178
547.9943889969996,1.9020678951304617,705.7453777366565,4345.7493402387945,0.31659866983135215,0.9973959101995088,-6.6291635584172575,1.630800034706544,0.013978228991777884,,0.6325453453888883,,0.3348076776118186,,,0.032225419229209566,0.0002991049318631698,,,19.448258251413737,0.901453978734816,0.06126261959519587,0.9265990064475041,0.9998775471617796,0.00012245283822043262
540.8211304770396,1.898216497316887,691.8843486512684,4339.204946101795,0.31679343907437807,0.9974145449184737,-6.62788783476654,1.6326113850328863,0.01404474448571465,,0.6289756621939085,,0.33806010202602305,,,0.03253934566772841,0.00029967021531633966,,,19.153304241332563,0.8996286717141645,0.06005940526486705,0.9252036132413209,0.9998747801029764,0.0001252198970236318
533.6478719570795,1.894252935939891,678.0799957113577,4332.467655764976,0.3169942577100913,0.997433612799742,-6.626550917381684,1.6344839290933662,0.014112729989978432,,0.6253444518495355,,0.34136832936945466,,,0.03285894565629549,0.00030016495400722907,,,18.858903038709293,0.8977502066065834,0.058861110738833135,0.9237670907814448,0.9998718918292929,0.00012810817070707525
526.4746134371194,1.8901727289443728,664.3337610213389,4325.5295764622015,0.31720137840967466,0.9974531254349018,-6.625150283155128,1.6364201899955448,0.01418224545565314,,0.6216505197721287,,0.34473342242827343,,,0.033184348135479214,0.0003005849578568153,,,18.565081735099714,0.8958164592153426,0.057667861199769,0.9222877561753094,0.9998688752937381,0.0001311247062618648
519.3013549171599,1.8859711785515525,650.6471500722469,4318.382418652158,0.3174150669947145,0.9974730946758519,-6.623683279881482,1.6384228199448154,0.014253353759551184,,0.6178926647343806,,0.3481564477975905,,,0.033515684594471046,0.0003009258460174165,,,18.271868667079087,0.8938252031050012,0.05647978733266032,0.9207638419300976,0.9998657229724596,0.00013427702754043036
512.1280963971998,1.8816433617179278,637.0217784127392,4311.017475144337,0.3176356032090066,0.9974935326266944,-6.622147118862148,1.6404946076397744,0.014326120794838719,,0.6140696810954545,,0.3516384736470831,,,0.03385308903147006,0.00030118305026479976,,,17.9792934724511,0.8917741050795867,0.05529702937610583,0.9191934915019909,0.9998624268242725,0.00013757317572749006
504.9548378772397,1.8771841097499748,623.4591555241524,4303.425589633039,0.31786328170622874,0.9975144516486832,-6.620538865352025,1.6426384878255211,0.014400615967472457,,0.610180361356024,,0.35518056716618657,,,0.034196697893533363,0.00030135180914566393,,,17.6873871599947,0.8896607155213151,0.05411971836147156,0.9175747525870018,0.9998589782248898,0.00014102177511021718
497.7815793572796,1.8725880128282986,609.961123595529,4295.597146501695,0.31809841262154903,0.9975358643194201,-6.618855433313144,1.6448575465400266,0.014476911710997886,,0.606223498764129,,0.35878379204135025,,,0.0345466500469928,0.00030142716355129794,,,17.39618215092516,0.8874824705347387,0.05294801420100078,0.9159055749470564,0.9998553680160233,0.0001446319839767396
490.6083208373195,1.8678493904745348,596.529427951403,4287.522029806703,0.31834132286423816,0.9975577834505132,-6.617093572856844,1.6471550336719494,0.014555084322763085,,0.6021978908471933,,0.36244920480748255,,,0.034903086717239545,0.00030140394875867785,,,17.10571235245332,0.8852366779500166,0.05178206839855929,0.9141838016645423,0.9998515863206741,0.00014841367932594274
483.43506231735944,1.8629622859222101,583.1659330924922,4279.189601743926,0.31859235694751625,0.997580222053864,-6.615249862482004,1.6495343707224137,0.014635213834191868,,0.5981023425039046,,0.36617785193169944,,,0.035266151370826206,0.00030127680571882484,,,16.81601322241015,0.8829205146550759,0.050622042803167726,0.9124071645509436,0.9998476226121491,0.00015237738785089938
476.2618037973999,1.8579204505542646,569.8725850012542,4270.588671842208,0.31885187810601684,0.9976031933250505,-6.613320698445142,1.651999161434901,0.014717384273474524,,0.5939356700407884,,0.36997076574471754,,,0.03563598965441121,0.00030104016659122647,,,16.527121829464004,0.8805310192200306,0.049468106336914425,0.910573277578296,0.9998434656065084,0.00015653439349161413
469.08854527743983,1.852717329065774,556.6514136650545,4261.707465456122,0.31912026946336514,0.9976267106210139,-6.611302283698298,1.654553202857369,0.014801683877220771,,0.5896967053921054,,0.37382896028175167,,,0.03601274926284777,0.0003006882709289402,,,16.239076921417944,0.8780650848652958,0.048320435213980426,0.90867963016122,0.9998391032076339,0.00016089679236608312
461.91528675747975,1.8473460440770848,543.5045361633221,4252.53359044401,0.3193979352287416,0.9976507874295211,-6.609190616617768,1.6572004966135214,0.014888205311081332,,0.5853843008078994,,0.3777534266644799,,,0.03639657983955364,0.0003002151521883293,,,15.951918987465548,0.8755194521692345,0.04717921320862171,0.9067235800520277,0.9998345224641214,0.0001654775358785887
454.74202823751966,1.8417993801355328,530.4341597283998,4243.054002134109,0.31968530202301454,0.9976754373384036,-6.606981478506436,1.6599452614004786,0.014977045900809085,,0.5809973339753155,,0.38174512803396604,,,0.036787632818786366,0.000299614652754262,,,15.665690327144153,0.8728907014860345,0.04604463192086804,0.9047023458708122,0.9998297094808222,0.00017029051917782922
447.5687697175596,1.8360697671261523,517.4425848176068,4233.254966258595,0.3199828202533639,0.997700673996482,-6.604670420706981,1.6627919458755578,0.015068307872917849,,0.5765347136400468,,0.3858049940159724,,,0.03718606128158261,0.0002988804239504115,,,15.380435113627149,0.8701752450834845,0.04491689104319503,0.9026129992022591,0.9998246493615522,0.00017535063844775767
440.3955111975995,1.830149263093973,504.53220808264854,4223.122019942113,0.32029096560419906,0.9977265110710781,-6.602252750645704,1.6657452426124593,0.015162098605993856,,0.5719953857172084,,0.38993391468750377,,,0.037592019774034986,0.00029800594046878147,,,15.096199459644511,0.8673693190018831,0.043796198618285466,0.900452456277636,0.9998193261192161,0.00018067388078391033
433.22225267764,1.824029536508307,491.70552527529446,4212.639930513576,0.32061024059919496,0.9977529621971749,-6.599723517279604,1.6688101026541835,0.015258530891978912,,0.5673783399414924,,0.3941327340245768,,,0.03800566413053507,0.0002969845051628567,,,14.81303147826435,0.8644689746484868,0.0426827712912582,0.89821746919266,0.9998137226017673,0.00018627739823273703
426.0489941576799,1.8177018479909073,478.9651340005547,4201.792652180047,0.32094117628355967,0.9977800409212869,-6.597077495459927,1.6719917511494833,0.015357723207965553,,0.562682617055871,,0.39840224280481007,,,0.03842715126671871,0.00029580926498180024,,,14.53098134361993,0.8614700701378708,0.041576834548659264,0.8959046166695197,0.9998078203923816,0.00019217960761841457
418.8757356377198,1.8111570315516574,466.31373629797883,4190.563280398012,0.32128433400587836,0.9978077606370956,-6.594309169437643,1.6752957038473921,0.015459799997868562,,0.5579073165740187,,0.4027431709482363,,,0.03885663896514867,0.0002944732268135196,,,14.250101346764762,0.8583682613988898,0.040478622942532884,0.8935102943279343,0.9998015997142172,0.0001984002857827738
411.7024771177597,1.8043854753752793,453.75414101087966,4178.934003931084,0.32164030733074617,0.9978361345141715,-6.591412715209901,1.678727784750758,0.015564891964074856,,0.5530516051182273,,0.4071561792779804,,,0.03929428563521964,0.0002929692846800752,,,13.97044594875962,0.8551589930688528,0.039388380296083304,0.8910307044629177,0.9997950393161074,0.000204960683892641
404.5292185977996,1.7973771022211507,441.289265872462,4166.88605436184,0.32200972404895173,0.9978651754158006,-6.588381982063613,1.682294144572671,0.01567313636860753,,0.5481147253531556,,0.41164185069196385,,,0.03974025008573824,0.0002912902371288603,,,13.692071824677145,0.8518374892043369,0.038306359884762324,0.8884618452797101,0.9997881163679865,0.0002118836320135209
397.35596007783954,1.7901213494962291,428.92213924089657,4154.39965311933,0.3223932483411502,0.997894895809097,-6.5852104727677085,1.6860012805441995,0.01578467734392125,,0.5430960054975271,,0.4162006807365611,,,0.04019469127245653,0.00028942881837162323,,,13.415037903233763,0.8483987438370755,0.03723282458688338,0.8857994995990042,0.9997808063249163,0.00021919367508371757
390.18270155788,1.782607149088613,416.65590145934465,4141.453955811595,0.3227915830695067,0.9979253076639263,-6.581891322695812,1.6898560572917187,0.015899666212256695,,0.5379948694259732,,0.42083306758797323,,,0.04065776805327208,0.00028737772906919283,,,13.139405395840559,0.8448375114164044,0.03616804700167922,0.8830392229875469,0.9997730827962876,0.00022691720371237345
383.00944303791994,1.7748229070432926,404.49380570763014,4128.026993942462,0.3232054722582202,0.9979564223438727,-6.578417277286249,1.6938657293769062,0.016018261813496342,,0.532810847326671,,0.4255393014484396,,,0.041129638912344044,0.00028512969166220756,,,12.865237819417146,0.841148297176916,0.035112309523231786,0.8801763313310152,0.9997649173791169,0.00023508262088312026
375.83618451795985,1.766756483195475,392.4392183247138,4114.0956134351,0.3236357036555291,0.9979882504795953,-6.5747806689554364,1.6980379643833432,0.01614063084049647,,0.5275435869142376,,0.43031955338530486,,,0.041610461765966854,0.00028267746941626297,,,12.592600997269551,0.8373253474860072,0.03406590436846474,0.8772058877260341,0.9997562795349256,0.00024372046507437073
368.66292599799976,1.758395170842178,380.49561845553325,4099.635410618998,0.3240831115967249,0.9980208018396046,-6.5709733912700825,1.7023808687443216,0.01626694818265615,,0.5221928650931329,,0.43517386363247235,,,0.04210039367628786,0.00028001395081899804,,,12.321563060170616,0.8333626402095631,0.03302913354648726,0.8741226888313429,0.9997471363527121,0.00025286364728793753
361.4896674780397,1.7497256766159945,368.66659699266626,4084.6206645035036,0.32454857991570984,0.9980540851779626,-6.566986872969606,1.7069030137204209,0.016397397274565118,,0.5167586001082817,,0.4401021294243094,,,0.042599590714795674,0.00027713217704956135,,,12.052194413546575,0.8292538751734572,0.032002308766724503,0.8709212504271863,0.9997374524244363,0.00026254757556365416
354.3164089580796,1.7407341006302017,356.9558546491213,4069.024266206664,0.32503304520025017,0.998088108079131,-6.562812048887265,1.7116134644783862,0.016532170452864398,,0.5112408639863071,,0.44510409239805426,,,0.043108207750699234,0.00027402543137319715,,,11.784567701728543,0.8249924647536502,0.030985751271625114,0.8675957923681586,0.9997271895664338,0.00027281043356619517
347.1431504381201,1.7315870595844252,345.5741768242969,4052.0545835244066,0.3252812407953044,0.9981052976244493,-6.561025979997933,1.7139351600433423,0.016654182710180362,,0.5059885996564105,,0.45026819419285125,,,0.04375274426856087,0.00027396147576886536,,,11.492765381874557,0.8206573742106281,0.029997758404886884,0.8639775231395324,1.0002834995935916,-0.0002834995935916407
339.96989191816,1.7219445825596906,334.1694941514721,4035.077453642291,0.32577021843906834,0.9981386938297744,-6.55681146576088,1.71868530095602,0.016795630949046226,,0.5003506170477346,,0.45542524048394484,,,0.04429166623088687,0.0002707476148472197,,,11.228086045335102,0.8160874798861093,0.029007768589537512,0.8603576660218104,1.0003382713774134,-0.0003382713774133794
332.7966333981999,1.7119151233372942,322.84802522039774,4017.4684946958514,0.32629681841957264,0.9981739745858232,-6.552221605344211,1.723810788048314,0.0169431975667903,,0.4946038459632417,,0.46065363824134015,,,0.0448401599931169,0.00026712857877770913,,,10.965053800006476,0.8113341816764428,0.028025002189270638,0.8566030905534865,1.0003647727764764,-0.0003647727764763964
325.6233748782398,1.7015006465611597,311.6551773207636,3999.147337956041,0.32684638334710736,0.9982100518985748,-6.547404938931631,1.729163081136516,0.017095948787451336,,0.4887741966467073,,0.46595396784503457,,,0.04539960431972506,0.0002632580922085652,,,10.703976291222823,0.8063984106924929,0.02705340080909406,0.8526966605449982,1.0003910269036755,-0.00039102690367553983
318.45011635827973,1.6906860506138015,300.60017454560983,3980.0742579078274,0.32741872202085415,0.9982468359155824,-6.542363968432186,1.7347396783115858,0.01725401516800418,,0.482864974493313,,0.4713249730138312,,,0.04597035093439176,0.00025914465351969994,,,10.444954424715316,0.8012730097695743,0.02609376515152863,0.8486299057372766,1.0004194430950557,-0.0004194430950557049
311.27685783831964,1.679453739615549,289.68777622044837,3960.210331086257,0.32801484898741634,0.9982843127421744,-6.53708908683117,1.7405501865882265,0.017417627959259746,,0.4768777024316846,,0.47676528510295,,,0.04655269428826287,0.00025478621990352915,,,10.188066036762752,0.7959496396282223,0.025146508352469475,0.8443945268840634,1.000450468042801,-0.00045046804280102215
304.1035993183601,1.6676636059983962,278.82181192096556,3940.1107024528696,0.32880534112477494,0.9983327265426443,-6.529868086585418,1.7483068135096023,0.01759832937567053,,0.47061541795816103,,0.4822069723763251,,,0.04705708105374977,0.00024820690025087954,,,9.94847380309331,0.790361898577439,0.02420328228480604,0.8401088917809957,1.0001276782884867,-0.00012767828848669893
296.93034079840004,1.6555229267588905,268.18500187887,3918.6021688529304,0.32946492814693457,0.9983720338415983,-6.523969714921959,1.7547408118486842,0.01777470200104015,,0.4644652163536955,,0.4877783552603316,,,0.047663302268948465,0.0002432927734278335,,,9.695224967310821,0.7846080221606117,0.023279948079763024,0.835522850501691,1.0001501666564034,-0.00015016665640343874
289.75708227843995,1.6429084955338096,257.72012342984465,3896.2014020537013,0.33015912133284814,0.9984123629148494,-6.517731404198802,1.7615147492474659,0.01795778291807281,,0.4582382647416895,,0.4934073462599625,,,0.04827148865311246,0.00023802272208288804,,,9.446359110844458,0.7786296187364027,0.022371538492174013,0.8307465676020686,1.0001551223768474,-0.00015512237684744967
282.58382375847987,1.6297965416357938,247.41579901455898,3872.845207413708,0.3308844039403211,0.9984533888376953,-6.5111894162934485,1.7685923638284438,0.018147613568739077,,0.45194005388046044,,0.4990965989127424,,,0.04889147559682775,0.00023249479727678363,,,9.19999035612762,0.7724154225762057,0.02147706588668047,0.825766568744927,1.0001606231873073,-0.00016062318730725167
275.4105652385198,1.6161650445348135,237.275838386302,3848.484610374102,0.3316427296039317,0.9984951056617605,-6.504325206652649,1.7759922001448674,0.01834452221301394,,0.4455728007769526,,0.504843362764476,,,0.04952316903855602,0.00022670754660472604,,,8.956259419342095,0.7659549974098643,0.02059686097103316,0.8205724115936252,1.0001660401265893,-0.00016604012658927303
268.2373067185597,1.6019914855185513,227.3045988104808,3823.06770735819,0.3324359762494769,0.9985374923995547,-6.497121110705683,1.7837319227674584,0.0185488359940285,,0.4391392791026085,,0.5106446026366094,,,0.05016678369165855,0.0002206641616811673,,,8.71525147256495,0.7592376708618727,0.019731301980076457,0.8151530292874606,1.0001713295925576,-0.00017132959255761193
261.0640481986002,1.587252541806878,217.50644968318696,3796.5397243196117,0.3332661589029399,0.9985805246417825,-6.48955822393359,1.7918304362151742,0.018760897030150166,,0.4326425269260988,,0.516496981154148,,,0.050822539244921486,0.00021436934948490264,,,8.477051977507825,0.7522523894819327,0.018880768201665534,0.8094967429252903,1.0001764166746532,-0.00017641667465317923
253.8907896786401,1.5719240535158467,207.88570512591727,3768.8427644003596,0.33413543406214063,0.9986241739020851,-6.481616373885738,1.8003079129386501,0.018981062941425368,,0.42608584264375426,,0.5223968699059891,,,0.05149067170116084,0.00020782957755456356,,,8.24174457875777,0.744987703088079,0.018045634125513653,0.8035912077612707,1.0001812138284587,-0.00018121382845870393
246.71753115868,1.5559809986101893,198.44659803053986,3739.915575161951,0.3350461137398763,0.9986684074297895,-6.473273997425941,1.809185916074072,0.019209707808889174,,0.41947277577822,,0.5283403519848908,,,0.05217143676483212,0.0002010531625678671,,,8.009410596282576,0.7374317528958244,0.01722626719015103,0.7974233635739768,1.0001856176905108,-0.00018561769051084198
239.54427263871992,1.5393974628952956,189.1932551390751,3709.693284744643,0.3360006813748266,0.9987131880303867,-6.464508001738995,1.8184875384366421,0.019447223269108426,,0.41280711442553397,,0.5343232273176329,,,0.052865114627725106,0.00019405042456928864,,,7.780128353295361,0.7295722572963487,0.01642302561971138,0.7909793784103716,1.0001895067954614,-0.0001895067954613694
232.37101411875983,1.5221466018444958,180.12967136731638,3678.107097718133,0.33700181010978625,0.9987584739044093,-6.455293604522338,1.8282375623289235,0.019694019827422006,,0.4060928683007937,,0.540341021124733,,,0.05357201583628152,0.0001868337489754495,,,7.553972442374627,0.7213964937651639,0.015636256195079547,0.7842445837352096,1.0001927390107836,-0.00019273901078364908
225.19775559879974,1.5042005915354453,171.2596835377592,3645.083943491813,0.3380523841428422,0.9988042185191462,-6.445604146844934,1.8384626466819505,0.019950528441693736,,0.3993342470876279,,0.5463889956655779,,,0.05429248816520212,0.00017941766228290028,,,7.331012951012535,0.7128912756092158,0.01486629197376382,0.7772033994652053,1.0001951485806908,-0.0001951485806908071
218.02449707884023,1.4855305654412385,162.58694387761398,3610.5460676261196,0.33915552382492203,0.9988503705187225,-6.435410872610356,1.8491915475921532,0.020217202442877898,,0.39253563383421763,,0.5524621653103974,,,0.05502692465079332,0.0001718189370752798,,,7.1113146481197775,0.7040429220100657,0.014113449989376213,0.769839246828597,1.0001965427324835,-0.00019654273248348453
210.85123855888014,1.4662734700515192,154.1768570979954,3573.1402317708194,0.3400649274430306,0.9988870239852531,-6.427147488475458,1.8579905584026752,0.020478296621482185,,0.38588952437988205,,0.558675319746317,,,0.0559314507364865,0.00016595666055464704,,,6.878919049657111,0.6949163365173077,0.01338340773420099,0.7618635888637142,1.0006622515232404,-0.000662251523240398
203.67798003892005,1.4461059476885094,145.93080733866807,3535.003595021201,0.341235148982608,0.9989324115087289,-6.416324450188821,1.869349223364937,0.020763531986140848,,0.3790553195771778,,0.5648039904796655,,,0.05670729964010613,0.00015825240553325406,,,6.665816226895222,0.685358269046687,0.012667604803703826,0.7537321098126228,1.0007248621024827,-0.0007248621024826818
196.50472151895997,1.4251093139044835,137.87669406875906,3495.096671660504,0.34247078487198734,0.9989782544933175,-6.404876839955197,1.8813324602741837,0.02106069281535438,,0.3721882259162341,,0.5709442189733485,,,0.057513208538620776,0.00015042631896011082,,,6.454470427254092,0.6754072577746367,0.011968463026802002,0.745223170929745,1.0007960797471633,-0.0007960797471633363
189.33146299899988,1.4032635270642393,130.03085027282145,3453.2476642985207,0.3437668928170951,0.9990241497127098,-6.392856319242485,1.8938886076625199,0.021369654995679544,,0.36530178543457137,,0.5770920209348495,,,0.05834100764774091,0.0001425218988124317,,,6.246233568098662,0.665053804295848,0.011287400197293528,0.7363001416414756,1.0008773359159742,-0.0008773359159741645
182.1582044790398,1.3803772433121286,122.35271625530626,3410.7555569378956,0.34537737573986044,0.9990782121189823,-6.377777052369066,1.9095035012115638,0.021706998452476707,,0.35824285572946307,,0.583116775014651,,,0.05902685894306954,0.00013302847344928825,,,6.0555026619173935,0.6542072243185444,0.010620895508273113,0.7272399908183146,1.000519518160633,-0.0005195181606330035
174.98494595908028,1.3566931537509528,114.91823413580983,3364.965509067867,0.34684716977321023,0.9991248398730144,-6.36410853499342,1.9237076452628337,0.022043915495416427,,0.3513121848860154,,0.5892447491184511,,,0.059896985121374105,0.00012495302133598004,,,5.8530629925798845,0.6429825373227265,0.009975541157622381,0.7174766543854727,1.000578872147177,-0.0005788721471768898
167.8116874391202,1.332049743541896,107.70828008702355,3316.9062424558942,0.3484041744041462,0.9991715732383196,-6.349617388325208,1.9387344186066704,0.02239517538011291,,0.34437268883855016,,0.5953538804797192,,,0.06076404275347687,0.00011678765267992746,,,5.6565044619319815,0.63130319599142,0.009349677090887461,0.7072294760033889,1.000607399724426,-0.0006073997244260276
160.6384289191601,1.3063990755972228,100.71551525287651,3266.428357091053,0.3500486690510639,0.9992181308788511,-6.334305779293436,1.9545816543140653,0.02276124718444148,,0.337430117243839,,0.6014438983859088,,,0.061653715513362545,0.00010864728980893052,,,5.463361534907341,0.619146481325698,0.008742666254589975,0.6964666006590731,1.0006363784329193,-0.0006363784329193045
153.46517039920002,1.2796943566389731,93.94047643185024,3213.3723428171443,0.35178817556666875,0.9992644357327449,-6.3181056655824746,1.9713173947006508,0.023142993411862173,,0.3304880163302186,,0.6075087939256428,,,0.0625675125361913,0.00010056337644635069,,,5.273626348301088,0.606490216416575,0.008154555245820334,0.6851540176582397,1.0006648861684992,-0.0006648861684992458
146.29191187923993,1.252062865142372,87.41834941568182,3155.50196473912,0.3533110388153145,0.9993026393065848,-6.304044515091509,1.9859141718672406,0.023521247624899048,,0.3237077251129303,,0.6137067772392418,,,0.06373203686034745,9.392301899305579e-05,,,5.0717251369957,0.59339472281629,0.007588398386777936,0.6728149178548231,1.0012404622315125,-0.001240462231512529
139.11865335927985,1.2231495842711773,81.09454649707946,3096.0191615204635,0.3551777147975127,0.9993466809614439,-6.286685255693628,2.003809057940746,0.023931658238031683,,0.3168120489958944,,0.6197466018104021,,,0.06472424742399593,8.62258322381035e-05,,,4.88828476446005,0.579691746100084,0.007039457161204814,0.660132017381762,1.0013691240625304,-0.0013691240625304246
131.94539483932033,1.1928441550844302,74.9534985213435,3035.4539368406336,0.3574752659653296,0.9993969638484365,-6.265210924182919,2.0258190161270777,0.024380179187300198,,0.30978301496628163,,0.625587420844125,,,0.0655536520911975,7.75878635061528e-05,,,4.720054278725845,0.5653289834523366,0.0065063800799777345,0.6472183234201777,1.0010016757651103,-0.0010016757651103436
124.77213631936024,1.1613771692349237,69.04690510360183,2969.8430960389883,0.35964931299016223,0.9994408597440765,-6.244988026343437,2.0465775406421844,0.024832781667964297,,0.30288197013428425,,0.6315157920280973,,,0.06664877944436164,7.01787527195871e-05,,,4.539668758609821,0.5504157200165516,0.005993654956909881,0.6332288051255839,1.0011167203594626,-0.0011167203594626418
117.59887779940016,1.1285533136304284,63.36300623009258,2900.4411860548753,0.3619743802440679,0.9994841627530053,-6.22337155492949,2.0687296387317557,0.02530703230087374,,0.29599196293558466,,0.6373874084929284,,,0.0677486990083476,6.293597466721261e-05,,,4.36491411849491,0.5348593903461747,0.005500260957473314,0.6184309565148988,1.0011910064115277,-0.0011910064115276953
110.42561927944007,1.0944678321319572,57.91993990713005,2824.0690594884063,0.3640561924750396,0.9995199919197687,-6.204144914343037,2.088491905993833,0.025779576260385257,,0.2892646480282606,,0.6434098850197825,,,0.06920172047640186,5.6977040355415095e-05,,,4.1765822690828465,0.5187051337118281,0.005027772561382817,0.6021469209996602,1.0019332305648003,-0.0019332305648003256
103.25236075947998,1.0585470306561038,52.658142585019874,2747.5397480962893,0.36695458656514335,0.9995656436322674,-6.177174409379917,2.115998037632578,0.02631614565503826,,0.2823085709066953,,0.6490409024709813,,,0.07016101713833972,4.9599483976665734e-05,,,4.020881520316456,0.5016810571829876,0.004571019321616308,0.5858293705962238,1.001560089999993,-0.0015600899999930196
96.0791022395199,1.0210657387841215,47.61560374005091,2664.3792940844783,0.3697829031051035,0.9996058784987202,-6.150962028721107,2.1427460449670104,0.026863646584233757,,0.27545731982927135,,0.6547493252187064,,,0.07149998180287527,4.3387493790466764e-05,,,3.8502145277369397,0.4839174117460292,0.004133298935768308,0.5680979305084175,1.0017500143446434,-0.0017500143446433913
88.90584371956038,0.9819697543557464,42.80633874128029,2572.2058870675205,0.37237857921541234,0.9996394193538259,-6.127040050416628,2.1672036499471137,0.027413516006419537,,0.26875180196857773,,0.6606194657962629,,,0.07324277176261426,3.8160232584635634e-05,,,3.6674179032846546,0.46538850917333957,0.0037158280157361364,0.548444752039983,1.0026521997600395,-0.0026521997600394975
81.7325851996003,0.9406090142060192,38.17982520546842,2479.134372760538,0.3759878499498434,0.9996812355199668,-6.093610242951658,2.2011690840877085,0.028042275718831507,,0.2618071572030643,,0.6660306833528012,,,0.07438786838695616,3.196318824261233e-05,,,3.517975674783903,0.44578626265688115,0.003314220937974689,0.5286000794798589,1.0022576721310643,-0.0022576721310643144
74.55932667964021,0.8973641432990621,33.781131484881556,2373.2833807187585,0.3790635623992997,0.9997129149000011,-6.06533204222646,2.2299829114885306,0.028659049740437485,,0.25508384140880397,,0.6717860502378941,,,0.07648301364909009,2.73850510279646e-05,,,3.3339761096867786,0.425291063174911,0.002932389885840413,0.5060305715818249,1.003380290346816,-0.003380290346816084
67.38606815968012,0.8514284156259617,29.57002176259102,2264.6932730502763,0.383262065118977,0.9997510082440456,-6.026614359353146,2.2692362210374695,0.02936463688849876,,0.24812172865194532,,0.6770699427999699,,,0.07792179185723035,2.2197229301923408e-05,,,3.1833337189925475,0.40352057612604825,0.0025668421668915815,0.482877030501125,1.0031356605384476,-0.0031356605384476044
60.212809639720035,0.802988990805111,25.576549387433175,2141.2552887190104,0.38705993250896154,0.9997809830452358,-5.991801060211807,2.304585146854431,0.030071770774321355,,0.24131414937102624,,0.6826739727824698,,,0.08042730346754495,1.826940232091532e-05,,,2.999719447102355,0.38056350275123746,0.002220186578770241,0.45655763085693185,1.0044336950233619,-0.004433695023361883
53.03955111975995,0.7511501838233858,21.77204090413141,2011.427431295617,0.3920662186997493,0.9998149245111044,-5.945876029289284,2.3510458044525784,0.03088245247770807,,0.23425405665231816,,0.6878136349001268,,,0.08242565075359537,0.0,,,2.8420043337310275,0.3559953477835952,0.001889934106261407,0.4288757849244386,1.0044933423060403,-0.00449334230604026
45.86629259980043,0.6957016568102314,18.173669547799506,1865.8942397623075,0.39723884700210055,0.9998443549827574,-5.89862265197228,2.3988348084452067,0.03173273638547734,,0.22720024066747826,,0.6931146908921445,,,0.08537861111331355,0.0,,,2.661090848221232,0.3297164250285457,0.0015775754815798182,0.3978452536806626,1.0056935426729363,-0.005693542672936314
38.693034079840345,0.6357088865729061,14.775723701052332,1703.8731761897398,0.4031651456158857,0.9998722477432626,-5.844639568655356,2.4533535184377557,0.03266859958479504,,0.21998855542212387,,0.6983323541979443,,,0.08888060294165302,0.0,,,2.475101969847556,0.30128383249900764,0.0012826149046052371,0.36329918468864386,1.0072015125617213,-0.007201512561721302
31.51977555988026,0.5699660572597305,11.5765409286411,1521.2051684255966,0.410088910147567,1.0,-5.781777371328918,2.5167513424398162,0.033716386789807706,,0.21253718029597427,,0.7034569484128178,,,0.09343276052756441,0.0,,,2.27476079156702,0.27012609348802397,0.0010049080667223177,0.3243507821802978,1.0094268892363565,-0.009426889236356484
24.346517039920172,0.5012858325434817,8.739092958877274,1689.6969020252398,0.45485943700205284,1.0,-5.378024500192128,2.921039840252231,0.033338807050596705,,0.20910158098537948,,0.7212865781666753,,,0.06840837960592698,0.0,,,3.056666188995108,0.23757622395425673,0.0007586018193469856,0.3602765249520767,0.9987965387579817,0.001203461242018311
17.173258519960086,0.41478523737274614,5.875172934525951,1383.2758942141709,0.45855943392733367,1.0,-5.345705949180535,2.953894017939448,0.035242961916355356,,0.19905730338542257,,0.7221213347383816,,,0.10282799330862429,0.0,,,1.9358279489903012,0.19658068121931097,0.0005099976505664888,0.294941555269546,1.0240066314324285,-0.024006631432428538
10.0,0.31477960414766293,3.335416162169545,1614.1469662628874,0.5415262457384638,1.0,-4.609387159771716,3.6907484340238916,0.03469832258064086,,0.19466819041401132,,0.7458183733830176,,,0.06276876612898483,0.0,,,3.101354422261283,0.14918464651548008,0.0002895326529661063,0.3441677966445389,1.0032553299260136,-0.003255329926013628
