P_bars,H2OT_m_wtpc,CO2T_m_ppmw,ST_m_ppmw,Fe3Fet_m,S6St_m,logfO2,dFMQ,vapor_wt,O2_v_mf,CO2_v_mf,CO_v_mf,H2O_v_mf,H2_v_mf,S2_v_mf,SO2_v_mf,H2S_v_mf,CH4_v_mf,OCS_v_mf,CS_v_mf,H2OT_m_wtpc_norm,CO2T_m_ppmw_norm,ST_m_ppmw_norm,SUM_v_mf,XO2_BYDIFF_v_mf
4863.356746780031,4.5,3300.0,2650.0,0.2360307997033352,0.7363327329919842,-8.942746428158074,1.1700000000000017,0.0,,0.4878895345185723,,0.5121104654814277,,,0.0,0.0,,,,1.0,1.0,1.0,1.0,0.0
4847.124784416218,4.480068317912062,2832.545336161629,2587.2194532037092,0.23334105940442498,0.8192194923820852,-8.977603718562445,1.136512863346173,0.0007905378890504068,,0.41715433391931045,,0.5093003106610975,,,0.029963984381714073,0.05179564831788689,,,5.102204109111004,0.9955707373137916,0.85834707156413,0.9763092276240413,1.008214277280009,-0.008214277280008897
4830.892822052405,4.477661061818775,2780.9615569766443,2580.236279178201,0.23349944791152577,0.8199192561992958,-8.977317004610544,1.1381697310486167,0.0008772378259436804,,0.41577105560767535,,0.5116163099394828,,,0.029287965501632717,0.050587091407828945,,,5.20526772305091,0.9950357915152834,0.8427156233262558,0.9736740676144156,1.0072624224566198,-0.007262422456619788
4814.660859688593,4.476457793943247,2756.5610147465413,2576.7686888871544,0.2336666893305777,0.8201580479640774,-8.97692201225539,1.1399348771543139,0.000920245775664053,,0.4144764158429501,,0.5130050677809775,,,0.029285639430559812,0.05043167571561375,,,5.199327336638795,0.9947683986540549,0.835321519620164,0.9723655429762847,1.0071987987701012,-0.007198798770101211
4798.42889732478,4.47532511680213,2734.0443183686016,2573.5369644720117,0.2338318572598215,0.8203766028725492,-8.97655403929851,1.1416730038617366,0.0009603323363247282,,0.41317447796461465,,0.5143357911396148,,,0.02932128317290033,0.0503402230641798,,,5.186626483498424,0.9945166926226956,0.8284982782935156,0.971146024329061,1.0071717753413094,-0.0071717753413094165
4782.196934960967,4.47418629043659,2711.712855506784,2570.311220320472,0.2339970898341286,0.8205949656934611,-8.97618661472004,1.1434105821907465,0.0010002918114871845,,0.41186399202180485,,0.5156695982702814,,,0.02935985709211121,0.05025358051676594,,,5.173297428069866,0.99426362009702,0.8217311683353891,0.9699287623850837,1.0071470279009633,-0.007147027900963332
4765.964972597154,4.473036104340003,2689.456037107598,2567.0760965884533,0.2341625607364861,0.8208141913797935,-8.975817592081034,1.1451497585802954,0.0010403092916943136,,0.4105453244615514,,0.5170107090687149,,,0.029398898952901067,0.05016753660732354,,,5.159780271303037,0.9940080231866673,0.8149866779113933,0.9687079609767748,1.007122469090491,-0.007122469090490968
4749.733010233342,4.471874021952973,2667.2667986364413,2563.8302512555247,0.2343282876311613,0.821034390318126,-8.975446755958142,1.14689074845373,0.0010803992637207734,,0.4092184595956236,,0.5183594456053952,,,0.029438251170312492,0.05008180482776646,,,5.146103765388564,0.9937497826562163,0.8082626662534671,0.9674831136813301,1.0070979611990976,-0.007097961199097558
4733.5010478695285,4.4706998078902105,2645.144789241408,2560.573249228278,0.23449427805609394,0.8212556167076713,-8.975074016349176,1.1486336418132392,0.0011205651882740051,,0.4078833560940286,,0.5197158743483028,,,0.029477907362321778,0.049996355217366055,,,5.132269779603795,0.9934888461978245,0.8015590270428509,0.9662540563125578,1.0070734930220193,-0.007073493022019317
4717.269085505715,4.469513242109766,2623.0900972196764,2557.3047095198467,0.2346605390153328,0.8214779218221868,-8.974699290017346,1.150378521895611,0.0011608098610332842,,0.4065399711856127,,0.5210800450385862,,,0.029517871051118107,0.049911174298994415,,,5.118278450831673,0.9932251649132814,0.7948757870362656,0.9650206451018289,1.0070490615743115,-0.00704906157431151
4701.037123141903,4.468314101087799,2601.102842879369,2554.0242495955717,0.23482707758750054,0.8217013573109454,-8.974322492971702,1.1521254726917984,0.0012011360871270465,,0.40518826216235887,,0.5224520063157777,,,0.029558146443138204,0.04982624948457954,,,5.10412981578013,0.992958689130622,0.7882129826907178,0.9637827356964421,1.0070246644058545,-0.007024664405854475
4684.80516077809,4.467102156466651,2579.1831521176628,2550.7314816133344,0.23499390096672584,0.8219259754183401,-8.973943539964864,1.1538745794491785,0.001241546726427047,,0.4038281864865474,,0.5238318067263155,,,0.029598737820162473,0.04974156806485461,,,5.089823917137276,0.9926893681037002,0.7815706521568675,0.9625401817408809,1.00700029909788,-0.007000299097879914
4668.573198414278,4.465877174849417,2557.3311548013517,2547.4260120591025,0.23516101646738918,0.8221518290060248,-8.973562344438077,1.1556259287265078,0.0012820446978418036,,0.4024597018209156,,0.525219494773238,,,0.029639649504934126,0.04965711713168843,,,5.075360810929244,0.9924171499665371,0.7749488347882884,0.961292834739284,1.0069759632307762,-0.006975963230776205
4652.341236050464,4.464638917665033,2535.546984749456,2544.107441596431,0.23532843152707827,0.8223789715664155,-8.973178818488503,1.1573796084266252,0.001322632981007168,,0.40108276605202753,,0.526615118901568,,,0.029680885856253586,0.04957288357137762,,,5.060740567276957,0.9921419817033406,0.7683475711361988,0.9600405439986531,1.0069516543812267,-0.006951654381226691
4636.109273686651,4.463387141035778,2513.830779835073,2540.7753649319816,0.23549615370916357,0.8226074572329791,-8.97279287284128,1.1591357078243902,0.001363314617820244,,0.3996973373165017,,0.5280187274789433,,,0.02972245127170992,0.04948885405525064,,,5.045963270857243,0.9918638091190617,0.7617669029803251,0.9587831565781063,1.0069273701224055,-0.006927370122405518
4619.877311322839,4.462121595640254,2492.1826820780975,2537.4293706735043,0.23566419070591849,0.8228373407946367,-8.972404416815044,1.1608943176011692,0.0014040927140350015,,0.3983033740249529,,0.5294303687746986,,,0.029764350182142192,0.049405015040863344,,,5.031029021175117,0.9915825768089453,0.7552068733569992,0.9575205172352846,1.006903108022657,-0.006903108022656923
4603.645348959026,4.4608420265743,2470.602837766455,2534.0690411939127,0.23583255034101278,0.8230686777044809,-8.972013358295245,1.1626555298715093,0.0014449704408548475,,0.3969008348916603,,0.5308500909384252,,,0.029806587057569143,0.049321352758824204,,,5.01593793308179,0.9912982281276221,0.7486675265958955,0.9562524683750614,1.0068788656464787,-0.00687886564647866
4587.4133865952135,4.459548173207276,2449.0913975672543,2530.6939524889845,0.23600124057238664,0.823301524091296,-8.971619603702916,1.1644194382143809,0.0014859510365898925,,0.39548967896291026,,0.5322779419772233,,,0.029849166407292415,0.04923785320691273,,,5.000690137169801,0.9910107051571724,0.7421489083537134,0.9549788499958431,1.0068546405543386,-0.006854640554338598
4571.1814242314,4.45823976903356,2427.648516626907,2527.303674027761,0.2361702694955729,0.8235359367742249,-8.971223057958058,1.166186137709781,0.0015270378083821169,,0.3940698656443488,,0.5337139697317855,,,0.0298920927741716,0.04915450215105861,,,4.985285780078162,0.9907199486741245,0.7356510656445173,0.9536994996331174,1.0068304303013644,-0.006830430301364432
4554.949461867587,4.45691654152179,2406.2743547008326,2523.897768610208,0.2363396453462961,0.8237719732709128,-8.970823624452049,1.1679557249663333,0.0015682341339284809,,0.3926413547344106,,0.5351582218518536,,,0.029935370740874667,0.04907128511134041,,,4.969725025051827,0.9904258981159533,0.7291740468790402,0.9524142523057388,1.0068062324384792,-0.0068062324384792205
4538.717499503775,4.455578211958836,2384.9690762682985,2520.475792216122,0.23650937650363218,0.8240096918099243,-8.970421205013288,1.1697282981556363,0.0016095434632809361,,0.3912041064556374,,0.5366107457701736,,,0.029979004928163775,0.04898818735792847,,,4.954008052335635,0.990128491546408,0.7227179018994844,0.951122940458914,1.0067820445119033,-0.00678204451190334
4522.485537139963,4.4542244952892505,2363.7328506195367,2517.0372938487094,0.23667947149331167,0.8242491513436873,-8.970015699871212,1.1715039570482553,0.001650969320731842,,0.3897580814875323,,0.5380715886752023,,,0.03002299999289703,0.04890519390699073,,,4.938135059594802,0.9898276656198335,0.7162826820059203,0.9498253939051734,1.0067578640626225,-0.006757864062622465
4506.2535747761485,4.452855099936144,2342.5658520822917,2513.581815374755,0.23684993899091336,0.8244904115599757,-8.969607007621821,1.1732828030481883,0.0016925153067772936,,0.38830324100116087,,0.5395407974837123,,,0.030067360629322866,0.04882228951254774,,,4.922106262391311,0.9895233555413654,0.7098684400249369,0.9485214397640584,1.0067336886267437,-0.006733688626743728
4490.021612412336,4.4514697276935085,2321.468260029546,2510.108891420645,0.23702078782381564,0.8247335328827473,-8.969195025208542,1.1750649392120103,0.0017341850994096295,,0.38683954669832277,,0.541018418810366,,,0.03011209157300513,0.048739458654091974,,,4.905921894803616,0.9892154950430019,0.7034752303119837,0.9472109024228849,1.006709515735786,-0.006709515735785931
4473.789650048524,4.45006807346369,2300.4402590909617,2506.6180491271916,0.23719202697669767,0.824978576501622,-8.96877964785973,1.176850470311365,0.0017759824571548493,,0.38536696084546396,,0.5425044989353137,,,0.030157197592114486,0.048656685542825075,,,4.889582209592007,0.9889040163252645,0.6971031088154429,0.9458936034442232,1.0066853429157172,-0.006685342915717207
4457.557687684711,4.448649825135156,2279.4820392126985,2503.1088080408767,0.23736366559328997,0.8252256043694679,-8.968360769072321,1.1786395028493164,0.0018179112204844423,,0.3838854463144662,,0.543999083775934,,,0.030202683494721775,0.048573954102457205,,,4.873087479024533,0.9885888500300347,0.6907521330947571,0.9445693615248592,1.0066611676875792,-0.006661167687579184
4441.325725320898,4.447214663312404,2258.5937953153752,2499.580679822789,0.23753571298231663,0.8254746792342254,-8.967938280544269,1.1804321451279112,0.0018599753155725343,,0.38239496662608813,,0.5455022188482495,,,0.030248554128029622,0.04849124796506446,,,4.856437995284551,0.9882699251805342,0.6844223622167803,0.9432379923859582,1.0066369875674317,-0.006636987567431696
4425.093762957085,4.44576226142346,2237.7757294409785,2496.0331685421893,0.23770817861232446,0.8257258645790598,-8.967512072243153,1.1822285071795697,0.001902178750369377,,0.3808954859816851,,0.5470139492450793,,,0.030294814368838463,0.048408550469802324,,,4.839634071079485,0.9879471692052133,0.6781138574063571,0.941899308883845,1.0066128000654053,-0.006612800065405322
4408.861800593272,4.444292285101269,2217.0280481137497,2492.4657698571646,0.2378810721276377,0.8259792247355203,-8.967082032216402,1.184028700956862,0.0019445256254549425,,0.3793869693257994,,0.5485343195710587,,,0.030341469139838123,0.04832584465216584,,,4.822676039617889,0.987620507800282,0.6718266812465908,0.9405531207008169,1.0065886026888622,-0.0065886026888621885
4392.62983822946,4.442804392250641,2196.350964028242,2488.8779712326586,0.2380544033437557,0.8262348248251096,-8.9666480466533,1.185832840270507,0.0019870201311209604,,0.37786938237651924,,0.550063373936107,,,0.030388523398536,0.048243113227947894,,,4.8055642561717855,0.9872898649445868,0.6655608981903763,0.9391992344274184,1.0065643929391102,-0.006564392939110153
4376.397875865647,4.4412982327903165,2175.7446960013185,2485.2692516940415,0.23822818225352274,0.8264927307914708,-8.966209999815286,1.187641040859063,0.002029666550625852,,0.3763426916760756,,0.5516011558987567,,,0.03043598213120305,0.04816033860525683,,,4.7882990978418,0.9869551628422926,0.6593165745458541,0.9378374534694496,1.0065401683112922,-0.006540168311292227
4360.1659135018335,4.439773448444012,2155.2094690889994,2481.6390816596468,0.23840241902916487,0.8267530093963888,-8.965767774017,1.189453420407892,0.0020724692626313953,,0.3748068646465589,,0.553147708428639,,,0.030483850370274245,0.04807750285295351,,,4.770880964608207,0.9866163218764472,0.653093778511818,0.9364675779847723,1.0065159262984256,-0.006515926298425567
4343.933951138021,4.438229672523083,2134.7455146918587,2477.986922744694,0.23857712402781767,0.8270157282440043,-8.965321249564829,1.1912700986106053,0.002115432743725322,,0.373261869632575,,0.5547030738625707,,,0.030532133173618525,0.0479945877180455,,,4.753310279535669,0.9862732605606852,0.6468925802096541,0.9350894048093185,1.0064916643868096,-0.0064916643868095925
4327.701988774208,4.436666529710315,2114.353070742183,2474.3122275980613,0.23875230779376397,0.8272809557770996,-8.964870304735829,1.1930911971901477,0.002158561570857935,,0.3717076759611469,,0.5562672938606275,,,0.03058083563894384,0.04791157459912037,,,4.735587489717452,0.9859258954911811,0.6407130517400554,0.9337027273954949,1.0064673800598385,-0.00646738005983849
4311.470026410396,4.435083635834741,2094.0323818556326,2470.614439719448,0.23892798106248306,0.8275487612878265,-8.964414815734697,1.194916839941822,0.0022018604239128774,,0.37014425399502193,,0.5578404093591063,,,0.030629962899511077,0.04782844454361474,,,4.717713066803427,0.9855741412966091,0.6345552672289796,0.9323073357431879,1.006443070797254,-0.006443070797254036
4295.238064046583,4.433480597640107,2073.7836994787485,2466.8929932714423,0.2391041547650873,0.8278192149303683,-8.963954656646207,1.1967471527808549,0.002245334088353535,,0.3685715751873618,,0.5594224605216704,,,0.03067952011653059,0.04774517824835212,,,4.699687507531455,0.9852179105866904,0.628419302872348,0.9309030163288461,1.006418734073915,-0.006418734073915022
4279.006101682769,4.431857012550352,2053.6072820707363,2463.1473129052533,0.239280840031278,0.8280923877208469,-8.963489699405889,1.1985822637717156,0.002288987457873967,,0.3669896121446371,,0.5610134866892449,,,0.030729512486245267,0.04766175604191458,,,4.681511334553879,0.9848571139000781,0.6223052369911323,0.9294895520397183,1.006394367362042,-0.006394367362041908
4262.774139318957,4.430212468427121,2033.503395265943,2459.3768135741184,0.2394580481934316,0.8283683515457194,-8.96301981375713,1.2004223031710168,0.0023328255371565278,,0.3653983386868837,,0.5626135263271727,,,0.03077994523618141,0.0475781578805923,,,4.663185097045372,0.9844916596504714,0.6162131500805887,0.9280667221034409,1.00636996813083,-0.006369968130830017
4246.542176955144,4.4285465433218665,2013.4723120448891,2455.580900348632,0.239635790790403,0.8286471791668166,-8.96254486721188,1.2022674034668093,0.0023768534446839016,,0.3637977299117218,,0.5642226169705785,,,0.03083082362410758,0.047494363340502416,,,4.644709371406903,0.9841214540715258,0.6101431248620877,0.9266343020183517,1.0063455338469103,-0.0063455338469102784
4230.310214591331,4.426858805222088,1993.5143129112062,2451.7589682325283,0.2398140795712053,0.8289289442245574,-8.962064725013104,1.2041176994161287,0.0024210764156113278,,0.3621877622611292,,0.5658407951675578,,,0.030882152938129428,0.04741035160830405,,,4.626084762000735,0.9837464011604641,0.6040952463367292,0.925192063483973,1.0063210619751206,-0.006321061975120612
4214.0782522275185,4.425148811790668,1973.6296860635957,2447.910401973555,0.2399929264991262,0.8292137212437471,-8.961579250092074,1.2059733280876994,0.002465499804720781,,0.36056841358902686,,0.5674680964199372,,,0.030933938492906765,0.04732610147653253,,,4.60731190183176,0.9833664026201484,0.5980696018374533,0.9237397743296434,1.0062965499784033,-0.006296549978403343
4197.846289863705,4.423416110099648,1953.818727577453,2444.034575877409,0.2401723437554827,0.829501585635448,-8.961088303030298,1.2078344289000178,0.0025101290894292525,,0.3589396632327761,,0.5691045551219572,,,0.030986185628997853,0.04724159133486276,,,4.588391453314565,0.9829813577999218,0.5920662810840767,0.9222771984443053,1.006271995318594,-0.006271995318593904
4181.614327499893,4.421660236357777,1934.0817415907368,2440.1308536220963,0.24035234374329253,0.8297926136973045,-8.960591742022649,1.2097011436582097,0.002554969872861993,,0.3573014920873446,,0.5707502044965423,,,0.031038899712692733,0.047156799160782206,,,4.56932410905974,0.9825911636350616,0.5860853762396172,0.9208040957064514,1.0062473954573619,-0.0062473954573618595
4165.38236513608,4.4198807156319155,1914.4190404942308,2436.1985880733173,0.24053293909081067,0.8300868826118241,-8.960089422842328,1.2115736165890727,0.0026000278869904004,,0.35565388268238596,,0.5724050765291676,,,0.031092086136547212,0.047071702509329946,,,4.550110592689974,0.9821957145848701,0.5801269819679488,0.9193202219144594,1.0062227478574308,-0.0062227478574308215
4149.150402772267,4.418077061560041,1894.8309451058167,2432.237121089697,0.2407141426562082,0.8303844704526762,-8.959581198792177,1.2134519943897661,0.002645308995876024,,0.3539968192581507,,0.5740692018987078,,,0.031145750310512917,0.046986278514165425,,,4.530751659508159,0.981794902568898,0.5741911954866111,0.9178253287130933,1.0061980499815368,-0.006198049981536835
4132.918440408454,4.416248776060873,1875.3177848766893,2428.2457833449484,0.24089596753039855,0.8306854561751124,-8.959066920678698,1.2153364262537885,0.0026908191989238796,,0.35233028785042336,,0.5757426099066076,,,0.031199897667364866,0.04690050387084371,,,4.51124809746407,0.9813886169024162,0.5682781166292998,0.9163191635263956,1.0061732992952395,-0.006173299295239465
4116.686478044641,4.414395349034152,1855.8798980739832,2424.2238941359683,0.24107842704150997,0.8309899196186266,-8.958546436766278,1.2172270639167504,0.0027365646342579946,,0.3506542763723174,,0.5774253284024404,,,0.03125453365497545,0.04681435483650749,,,4.491600727869625,0.9809767442298115,0.562387847901207,0.9148014694852711,1.0061484932662408,-0.006148493266240784
4100.454515680829,4.412516258057421,1836.517631992987,2420.1707612082673,0.24126153475748432,0.8312979414935024,-8.958019592754388,1.2191240616791834,0.0027825515821092517,,0.34896877470506654,,0.5791173837076884,,,0.03130966374201635,0.046727807212743076,,,4.471810406405582,0.9805591684572046,0.5565204945433294,0.9132719853616104,1.0061236293675144,-0.006123629367514427
4084.222553317016,4.410610968071888,1817.2313431331875,2416.085680560027,0.24144530449125878,0.8316096033868257,-8.957486231723655,1.2210275764604592,0.002828786468351499,,0.3472737747831784,,0.5808188005354135,,,0.03136529340409392,0.046640836352575446,,,4.451878023771422,0.9801357706826417,0.5506761645858144,0.9117304454943498,1.0060987050752612,-0.006098705075261224
4067.9905909532035,4.408678931066314,1798.0213974159667,2411.967936271823,0.24162975030314143,0.8319249877448901,-8.95694619411619,1.2229377678184665,0.0028752758680228975,,0.345569270691602,,0.5825296019084806,,,0.03142142812954972,0.04655341714284929,,,4.431804506753208,0.9797064291258475,0.5448549689139293,0.9101765797252163,1.0060737178724815,-0.0060737178724814544
4051.7586285893904,4.406719585752745,1778.8881703909813,2407.81680033108,0.24181488650402153,0.8322441778615384,-8.956399317705952,1.2248547979792477,0.0029220265089428803,,0.3438552587622915,,0.5842498090740802,,,0.03147807341843313,0.04646552399566371,,,4.411590819133811,0.9792710190561655,0.5390570213306004,0.908610113332483,1.0060486652504685,-0.006048665250468543
4035.5266662255776,4.4047323572328985,1759.8320474197633,2403.6315324439356,0.24200072766030392,0.8325672578785449,-8.955845437548543,1.2267788318871986,0.0029690452754472423,,0.3421317376690047,,0.5859794414146242,,,0.03153523476861952,0.04637713085499707,,,4.391237962428119,0.9788294127184218,0.5332824386120495,0.9070307669599758,1.0060235447072456,-0.006023544707245643
4019.294703861765,4.402716656663506,1740.8534239057572,2399.411379878875,0.24218728859538075,0.8328943127575422,-8.955284385973048,1.2287100372132347,0.003016339212092489,,0.34039870853525145,,0.5877185163570948,,,0.031592917684536384,0.04628821117555039,,,4.370746977060088,0.9783814792585568,0.5275313405775022,0.905438256558066,1.005998353752433,-0.005998353752433072
4003.0627414979517,4.400671880910622,1721.952705488064,2395.155577290317,0.24237458439386161,0.8332254282727909,-8.95471599254076,1.2306485843960662,0.0030639155275062635,,0.3386561750364405,,0.5894670492776466,,,0.03165112766651441,0.04619873792592599,,,4.350118943163927,0.9779270846468049,0.5218038501478982,0.9038322933171008,1.0059730899065276,-0.005973089906527562
3986.830779134139,4.398597412200286,1703.130308257014,2390.8633465603425,0.24256263040402412,0.8335606909884099,-8.954140084025614,1.2325946466617541,0.003111781598253951,,0.3369041435105744,,0.5912250534039584,,,0.0317098702103007,0.0461086835787814,,,4.329354981637321,0.9774660916000636,0.5161000934112163,0.9022125836076764,1.005947750703615,-0.0059477507036149735
3970.5988167703263,4.39649261776159,1684.3866589595716,2386.533896638143,0.24275144224101497,0.8339001882404526,-8.953556484385778,1.234548400052132,0.0031599449727905916,,0.33514262306937537,,0.5929925397137336,,,0.03176915080071441,0.046018020108552916,,,4.3084562550847,0.9769983595025755,0.5104201996847186,0.9005788289200539,1.0059223336923762,-0.005922333692376158
3954.366854406513,4.394356849465643,1665.7221952193815,2382.1664233951988,0.24294103578865767,0.8342440081068637,-8.952965014752241,1.236510023436212,0.003208413375439304,,0.33337162571610746,,0.5947695168303907,,,0.03182897491238215,0.04592671898051043,,,4.287423968916314,0.9765237443256984,0.5047643015816308,0.898930725809509,1.0058968364393908,-0.005896836439390762
3938.134892042701,4.392189443455178,1647.137365731702,2377.7601094693428,0.24313142720328101,0.8345922393919235,-8.95236549339327,1.238479698545726,0.0032571947104821993,,0.331591166460849,,0.5965559909142876,,,0.03188934799670725,0.04583475115677278,,,4.266259372219463,0.976042098545595,0.4991325350702127,0.8972679658374878,1.0058712565286165,-0.005871256528616531
3921.902929678888,4.389989719772894,1628.6326304888864,2373.3141241377352,0.24332263291459905,0.8349449715863891,-8.951757735714573,1.2404576099749658,0.0033062970662340843,,0.3298012634465981,,0.5983519655518259,,,0.031950275484786426,0.04574208708273476,,,4.244963758953438,0.975553271060643,0.4935250395420868,0.8955902355236737,1.0058455915659452,-0.0058455915659452184
3905.670967315075,4.3877569819814815,1610.2084609860492,2368.827623184327,0.24351466962808782,0.8353022948383692,-8.951141554241644,1.2424439451984366,0.0033557287192100774,,0.32800193807375866,,0.600157441639926,,,0.03201176277984574,0.045648696686979795,,,4.223538468940842,0.9750571071069959,0.48794195787456035,0.8938972162959724,1.0058198391805102,-0.005819839180510211
3889.439004951262,4.385490516778951,1591.8653404268134,2364.299748777224,0.24370755432697586,0.8356642999196738,-8.950516758606936,1.2444388945836877,0.0034054981383353287,,0.32619321512880445,,0.6019724172672342,,,0.032073815249769565,0.045554549380799454,,,4.201984888914611,0.9745534481731002,0.48238343649297377,0.8921885844442355,1.0057939970266077,-0.005793997026607656
3873.20704258745,4.3831895936102265,1573.6037639370384,2359.7296293626605,0.24390130427306447,0.836031078181982,-8.949883155551301,1.2464426513898648,0.0034556139891740597,,0.3243751229185301,,0.6037968875919328,,,0.03213643822429456,0.045459614052417024,,,4.180304453656888,0.9740421319133836,0.47684962543546616,0.8904640110802492,1.0057680627871746,-0.005768062787174566
3856.9750802236367,4.38085346427294,1555.424238766023,2355.1163795621014,0.2440959370082427,0.836402721517256,-8.949240548917238,1.2484554117744704,0.0035060851382198643,,0.32254769340506856,,0.6056308447154363,,,0.03219963698616764,0.04536385906892869,,,4.158498647043328,0.9735229920606534,0.4713406784139464,0.8887231620989062,1.0057420341756012,-0.005742034175601152
3840.743117859824,4.3784813625210335,1537.3272844983733,2350.4591000912374,0.244291470354298,0.8367793223038033,-8.94858873966279,1.250477374779459,0.0035569206571854396,,0.3207109623477245,,0.6074742775529661,,,0.03226341676904882,0.04526725227026852,,,4.136569003230007,0.9729958583380074,0.4658567528782949,0.8869656981476367,1.005715908940008,-0.005715908940008063
3824.5111554960113,4.376072503661434,1519.3134332413529,2345.7568776755083,0.2444879224145735,0.8371609733653869,-8.947927525853414,1.2525087423393781,0.003608129827368772,,0.31886496944292864,,0.6093271716993829,,,0.03232778274320202,0.04516976097840903,,,4.1145171076436275,0.9724605563692076,0.46039801007313724,0.8851912745945315,1.0056896848639225,-0.005689684863922517
3808.279193132198,4.373626084151577,1501.3832298334514,2341.00878499884,0.2446853115725776,0.837547767905682,-8.947256702690579,1.254549719252756,0.003659722143976516,,0.31700975847394663,,0.611189509292567,,,0.03239274001429939,0.04507135199081606,,,4.092344598230267,0.9719169075892393,0.4549646151010459,0.8833995415089962,1.0056633597716291,-0.005663359771629128
3792.0472307683854,4.371141281192902,1483.537232039552,2336.2138806610724,0.24488365649101942,0.8379397994454014,-8.946576062535355,1.2566005131585225,0.003711707320482116,,0.3151453774612438,,0.6130612688723488,,,0.03245829361733214,0.04497199158087687,,,4.070053166593957,0.9713647291539781,0.4495567369816824,0.8815901436456877,1.0056369315318017,-0.00563693153180167
3775.8152684045726,4.368617252318813,1465.7760107197178,2331.3712091346983,0.24508297611279478,0.8383371617727534,-8.945885394908736,1.2586613345356845,0.003764095293038185,,0.31327187881138524,,0.6149424252348679,,,0.03252444849757819,0.044871645513910235,,,4.047644558973276,0.9708038338486252,0.44417454870294476,0.879762720428188,1.0056103980577416,-0.00561039805774155
3759.5833060407595,4.366053134988236,1448.1001500318896,2326.4798007715444,0.2452832896568553,0.8387399488540375,-8.945184486553396,1.2607323966415667,0.003816896224783686,,0.31138931947920784,,0.6168329492853015,,,0.032591209513552745,0.04477027903715313,,,4.025120577599933,0.9702340299973857,0.4388182272823908,0.8779169059515262,1.0055837573152153,-0.005583757315215321
3743.351343676947,4.363448046173564,1430.510247600332,2321.538671806387,0.2454846166166922,0.8391482547637592,-8.944473121464153,1.2628139154813525,0.0038701205102079383,,0.3094977611254435,,0.6187328078849941,,,0.03265858142427723,0.044667856890057304,,,4.002483081754327,0.969655121371903,0.4334879538182824,0.8760523289835422,1.0055570073247722,-0.005557007324772156
3727.1193813131345,4.360801081948813,1413.0069146741187,2316.5468243795426,0.2456869767584319,0.8395621736102993,-8.943751080923139,1.2649061097729088,0.003923778779492707,,0.3075972702777663,,0.6206419636953432,,,0.032726568874400515,0.044564343317005435,,,3.9797339888552683,0.9690669070997363,0.4281839135376117,0.8741686129734123,1.0055301461645154,-0.005530146164515415
3710.8874189493213,4.35811131708355,1395.5907763039852,2311.5032466040216,0.24589039011495237,0.8399817994311316,-8.943018143582636,1.2670092008639546,0.003977881902748998,,0.305687918501243,,0.6225603750193027,,,0.03279517639418054,0.04445970206326261,,,3.956875275774787,0.9684691815741222,0.42290629584969247,0.8722653760769893,1.0055031719779888,-0.0055031719779887744
3694.6554565855085,4.3553778046313125,1378.2624714681199,2306.406912621333,0.2460948769845189,0.8404072261214793,-8.942274085493805,1.269123412703328,0.004032440994315101,,0.30376978256075404,,0.6244879956369782,,,0.03286440837526343,0.044353896400970594,,,3.9339089797558886,0.9678617343625139,0.41765529438427873,0.8703422311778616,1.0054760829739662,-0.005476082973966179
3678.4234942216954,4.352599575530154,1361.0226532344288,2301.256782723458,0.2463004579224601,0.8408385473098481,-8.941518680218625,1.271248971729051,0.004087467416865412,,0.30184294459889505,,0.6264247746408047,,,0.03293426907286452,0.04424688912386497,,,3.910837199793219,0.967244350117812,0.412431107040736,0.8683987859333804,1.0054488774364292,-0.005448877436429189
3662.191531857883,4.3497756381987545,1343.871988867132,2296.0518034636343,0.24650715373789975,0.8412758562715714,-8.940751698881318,1.2733861068169006,0.004142972785564799,,0.29990749230398867,,0.628370656264346,,,0.03300476258221409,0.04413864257453892,,,3.887662097551773,0.9666168084886121,0.407233936020343,0.8664346428164658,1.0054215537250877,-0.00542155372508768
3645.9595694940704,4.346904978145272,1326.8111599552574,2290.790907827214,0.24671498548468507,0.8417192457981566,-8.939972910288997,1.2755350491597621,0.004198968972033498,,0.29796351909054064,,0.6303255797105861,,,0.03307589283465695,0.04402911864847023,,,3.8643858986486728,0.9659788840322826,0.4020639878652295,0.8644493991800808,1.0053941102842539,-0.00539411028425385
3629.727607130257,4.34398655757765,1309.8408625019051,2285.4730154109093,0.246923974454953,0.8421688080867308,-8.939182081020665,1.2776960321786373,0.004255468108276507,,0.296011124274223,,0.6322894789751393,,,0.033147663578571976,0.043918278818003476,,,3.841010893644463,0.9653303461283667,0.3969214734854258,0.8624426473248714,1.0053665456459377,-0.005366545645937748
3613.4956447664445,4.341019315026271,1292.9618070167023,2280.097032651995,0.24713414216881105,0.8426246346003522,-8.938378975562381,1.2798692913874632,0.004312482590433467,,0.2940504132542775,,0.634262282668209,,,0.03322007837088291,0.04380608414448355,,,3.8175394392212576,0.9646709588947269,0.3918066081868795,0.8604139745856585,1.005338858437853,-0.005338858437853089
3597.2636824026313,4.338002164971605,1276.174718569428,2274.6618530722167,0.24734551036621963,0.8430868159450574,-8.93756335641596,1.2820550642844264,0.0043700250824484435,,0.29208149769124137,,0.6362439138322473,,,0.033293140554925604,0.04369249530815745,,,3.7939739591253194,0.9640004811048011,0.38671961168770547,0.858362963423478,1.0053110473865718,-0.005311047386571843
3581.0317200388185,4.334933997488444,1259.4803368484847,2269.166357579978,0.24755810099412887,0.8435554417120924,-8.93673498426393,1.2842535901869994,0.004428108519507344,,0.2901044956924325,,0.6382342897590567,,,0.03336685325151087,0.043577472623527944,,,3.770316945314146,0.9633186661085431,0.38166070813590447,0.8562891915396144,1.0052831113265281,-0.005283111326528145
3564.799757675006,4.331813677899311,1242.87941618231,2263.6094147960002,0.24777193619493257,0.8440306003310104,-8.935893618118456,1.2864651100830162,0.004486746111342999,,0.28811953199320917,,0.6402333218032498,,,0.033441219339789795,0.04346097606879867,,,3.7465709588966023,0.9626252617554025,0.3766301261158515,0.8541922319984907,1.0052550492050474,-0.00525504920504738
3548.5677953111926,4.328640046446159,1226.372725552537,2257.989881432736,0.24798703829137153,0.8445123788974683,-8.935039015512126,1.2886898664398885,0.004545951345291064,,0.28612673814263534,,0.6422409151951098,,,0.033516241445471585,0.04334296530797117,,,3.7227386311766595,0.9619200103213686,0.37162809865228397,0.8520716533708439,1.005226860091188,-0.0052268600911880014
3532.3358329473804,4.325411917972584,1209.9610485569335,2252.3066026905103,0.24820342977460783,0.8450008630253503,-8.934170932650602,1.2909281030519555,0.004605737989196155,,0.28412625268165276,,0.6442569688498927,,,0.033591921911539716,0.04322339973523326,,,3.6988226644181337,0.961202648438352,0.36665486319907076,0.8499270198832114,1.0051985431783184,-0.00519854317831836
3516.1038705835676,4.322128081634187,1193.6451833841877,2246.5584127361267,0.24842113328433868,0.8454961366422032,-8.933289124659359,1.2931800647937415,0.004666120093946644,,0.28211822133160497,,0.6462813751790611,,,0.03366826279177668,0.04310223849410822,,,3.674825832920222,0.9604729070298192,0.361710661631572,0.8477578915985384,1.0051700977965512,-0.0051700977965511985
3499.8719082197545,4.318787300623719,1177.4259427364718,2240.7441352040137,0.24864017159174237,0.845998281808016,-8.932393345796166,1.2954459974074766,0.0047271119958098,,0.28010279717356157,,0.648314019898223,,,0.03374526582851402,0.04297944051796564,,,3.6507509837659153,0.9597305112497154,0.3567957402231733,0.8455638246052882,1.0051415234182641,-0.005141523418264127
3483.6399458559417,4.315388311920829,1161.3041537252027,2234.862583749765,0.2488605675802707,0.8465073785198467,-8.931483349688492,1.2977261472656938,0.004788728318442695,,0.2780801408278734,,0.6503547818355768,,,0.03382293243064144,0.04285496457144858,,,3.626601037588365,0.9589751804268509,0.35191034961369777,0.8433443712263263,1.0051128196655403,-0.005112819665540336
3467.4079834921295,4.311929826067563,1145.280657735113,2228.9125626545765,0.24908234422495526,0.8470235045083522,-8.930558889587797,1.3000207611169312,0.004850983974566837,,0.27605042063118124,,0.6524035327403952,,,0.03390126365044239,0.04272876929548026,,,3.6023789892663673,0.958206628015014,0.3470547447682161,0.84109908024701,1.0050839863174992,-0.005083986317499178
3451.1760211283163,4.308410527655857,1129.3563140483548,2222.89286836965,0.2493055245475162,0.8475467348664691,-8.929619718909592,1.3023300855456768,0.004913894154324129,,0.2740138126683074,,0.6544601372390347,,,0.03398026015006601,0.04260081326635541,,,3.5780879066334697,0.9574245617013015,0.34222918607525904,0.8388274974979811,1.0050550233237636,-0.005055023323763619
3434.9440587645036,4.304829072790795,1113.5319861978187,2216.802287196921,0.2495301316662303,0.8480771423534226,-8.928665590650402,1.3046543675554094,0.00497747437162699,,0.2719705014772499,,0.6565244520831548,,,0.03405992225366513,0.04247105498739389,,,3.553730937220245,0.956628682842399,0.3374339352114602,0.8365291649799702,1.0050259308014637,-0.0050259308014637405
3418.712096400691,4.301184091710528,1097.808558092616,2210.6395995722664,0.24975618867237998,0.8486147964623584,-8.927696258857708,1.3069938530986462,0.005041740410745967,,0.2699206795328349,,0.6585963267389294,,,0.03414024980235512,0.04233945298590206,,,3.52931130342048,0.9558186870467841,0.33266926002806546,0.8342036224801005,1.0049967090600214,-0.004996709060021365
3402.4801340368776,4.297474187845877,1082.1869272838248,2204.4035798004325,0.2499837186466968,0.8491597635103727,-8.926711478440176,1.309348787266721,0.005106708344852391,,0.2678645476969638,,0.6606756028013919,,,0.03422124220659295,0.04220596588989159,,,3.504832302114211,0.9549942639657504,0.32793543251025,0.8318504074718613,1.0049673585948402,-0.00496735859484021
3386.248171673065,4.293697937326306,1066.6680034699677,2198.0929964523716,0.25021274463251686,0.8497121064025722,-8.925711005489923,1.3117194139675163,0.005172394542315495,,0.2658023154431044,,0.6627621137863791,,,0.03430289841699968,0.0420705524598894,,,3.4802973073924206,0.9541550971836236,0.32323272832423267,0.8294690552650459,1.0049378801063726,-0.0049378801063726385
3370.016209309252,4.289853889162908,1051.252708838839,2191.7066135301384,0.25044328959473217,0.8502718843092377,-8.924694597771314,1.314105975436668,0.005238815662318593,,0.26373420094235456,,0.6648556850293964,,,0.03438521688941495,0.041933171646860674,,,3.4557097706144115,0.953300864258424,0.3185614269208603,0.8270590994453353,1.0049082745080267,-0.0049082745080266665
3353.784246945439,4.285940565379227,1035.9419780444252,2185.2431916113223,0.2506753763839224,0.8508391523876955,-8.923662015146892,1.3165087118116325,0.005305988651598708,,0.2616604311915404,,0.6669561335175335,,,0.0344681955556525,0.041793782668651074,,,3.431073220025035,0.9524312367509393,0.3139218115286137,0.8246200723061594,1.0048785429333773,-0.004878542933377306
3337.5522845816267,4.281956460995124,1020.7367573791339,2178.7014888378003,0.25090902770181295,0.851413961518639,-8.922613019986086,1.3189278607229813,0.0053739307439359014,,0.25958124217457573,,0.6690632676911618,,,0.03455183180061147,0.04165234508002005,,,3.40639126095662,0.9515458802211386,0.30931416890276786,0.8221515052218115,1.004848686746369,-0.004848686746369069
3321.320322217814,4.27790004423397,1005.6380044747369,2172.080262150047,0.2511442660592641,0.8519963579974211,-8.921547377660401,1.3213636567992086,0.005442659456124434,,0.2574968789656294,,0.6711768873064676,,,0.03463612243031927,0.0415088188487675,,,3.3816675755497756,0.9506444542742156,0.30473878923476877,0.8196529291132253,1.0048187075511839,-0.004818707551183854
3305.088359854001,4.273769756733434,990.6466875925674,2165.3782685333485,0.2513811137332406,0.8525863832273703,-8.920464857048698,1.3238163311614546,0.0055121925843535785,,0.2554075958435665,,0.6732967832797186,,,0.034721063647074564,0.04136316443250219,,,3.356905922426325,0.9497266126074297,0.30019596593714165,0.8171238749182448,1.004788607202862,-0.004788607202862005
3288.856397490188,4.269564013773867,975.7637851696871,2158.594266316374,0.2516195927224809,0.8531840734127283,-8.919365231055798,1.3262861109048973,0.005582548200034901,,0.2533136563998927,,0.6754227375345848,,,0.03480665101967641,0.04121534286287419,,,3.332110136327745,0.9487920030608594,0.2956859955059658,0.8145638740816507,1.004758387817028,-0.004758387817028087
3272.624435126376,4.265281204443089,960.990286066214,2151.7270164931338,0.25185972470088336,0.8537894592451932,-8.918248277155856,1.32877321855538,0.005653744645655376,,0.2512153336617679,,0.6775545228324403,,,0.03489287945677126,0.04106531583051181,,,3.3072841279553993,0.9478402676540197,0.29120917759582243,0.8119724590540127,1.0047280517814912,-0.0047280517814911605
3256.3924727625626,4.260919692505748,946.3271854706293,2144.7752843228045,0.25210153096579657,0.8544025655661289,-8.91711377799342,1.3312778714683589,0.0057258005263587835,,0.24911291004232541,,0.6796919027705389,,,0.03497974316598206,0.040913045780216685,,,3.282431881887018,0.9468710427790552,0.2867658137789786,0.8093491638953979,1.004697601759063,-0.004697601759062975
3240.16051039875,4.256477817033647,931.7754819612785,2137.7378408661875,0.2523450323857159,0.855023411036434,-8.915961521988958,1.333800281223363,0.005798734703390323,,0.24700667739776397,,0.6818346316715328,,,0.035067235625260595,0.04075849600445612,,,3.2575574556139206,0.9458839593408105,0.2823562066549329,0.8066935248551651,1.0046670406990135,-0.004667040699013469
3223.928548034937,4.251953890841432,917.3361991838418,2130.6134645491056,0.2525902493369595,0.8556520077442863,-8.914791304071185,1.3363406528916784,0.005872566287949346,,0.24489693757689737,,0.6839824539809799,,,0.03515534958108373,0.04060163074386244,,,3.2326649838266426,0.9448786424092072,0.277980666419346,0.8040050809619267,1.0046363718828233,-0.004636371882823287
3207.696585671124,4.247346204385197,903.0103364563116,2123.40094183015,0.2528372016929525,0.8562883611779942,-8.91360292578922,1.3388991849241858,0.005947314645362278,,0.24278400149463764,,0.6861351050999844,,,0.03524407698034341,0.040442415262942184,,,3.2077586673489393,0.9438547120855993,0.273639495895852,0.8012833742755282,1.0046055988379077,-0.004605598837907676
3191.4646233073113,4.242653023805749,888.7989398189446,2116.099072313153,0.25308590864290975,0.8569324690665875,-8.91239619742373,1.3414760670402188,0.006022999336628907,,0.24066819006413614,,0.6882923104801375,,,0.03533340891723069,0.040280816037013265,,,3.1828427813651525,0.9428117830679442,0.26933301206634686,0.7985279518162842,1.0045747254985176,-0.004574725498517562
3175.2326609434986,4.237872593140068,874.703024365716,2108.70666591949,0.25333638879966913,0.8575843221873615,-8.91117093670233,1.3440714815121613,0.006099640178580242,,0.23854983352757025,,0.6904537860403567,,,0.03542333570449292,0.04011680076460586,,,3.1579216649304556,0.9417494651422373,0.2650615225350655,0.7957383644979208,1.0045437560370258,-0.004543756037025837
3159.0006985796854,4.233003134817196,860.7236194338624,2101.2225479875665,0.25358865999542646,0.8582439030662973,-8.909926971173123,1.3466856007919112,0.006177257182106004,,0.23642927179437997,,0.6926192379861098,,,0.03551384672372417,0.03995033851697005,,,3.1329997274903985,0.9406673632927102,0.26082533922238255,0.7929141690519119,1.004512695021184,-0.00451269502118401
3142.768736215872,4.228042850580501,846.8617557973148,2093.6455603276695,0.25384273927692586,0.858911186069829,-8.90866413823505,1.3493185874805267,0.006255870554215374,,0.2343068542196596,,0.694788362790808,,,0.03560493045085852,0.039781399878269355,,,3.1080814412467537,0.9395650779067781,0.2566247744840348,0.7900549284255357,1.0044815473395956,-0.004481547339595604
3126.5367738520604,4.222989922603701,833.1184644898028,2085.9745633250714,0.25409864281682026,0.8595861369264396,-8.907382286147644,1.351970593318475,0.00633550068300976,,0.23218293955999067,,0.6969608472195536,,,0.03569657442358488,0.039609957038643846,,,3.0831713405423007,0.9384422050230447,0.2524601407544857,0.7871602125754986,1.004450318241773,-0.004450318241772999
3110.304811488247,4.21784251465951,819.4947754182343,2078.2084380423735,0.2543563858469563,0.8602687124242115,-8.90608127477997,1.354641758436692,0.0064161681224274075,,0.23005789585414765,,0.6991363683511143,,,0.03578876519973503,0.039435983928634975,,,3.0582740191204496,0.9372983365910021,0.24833175012673767,0.784229599261273,1.004419013333632,-0.004419013333631927
3094.072849124434,4.212598773401931,805.9917159293403,2070.3460884133847,0.2546159825784752,0.8609588600377713,-8.904760976509868,1.3573322104573364,0.006497893575692872,,0.2279321002901133,,0.7013145936313264,,,0.0358814883366875,0.03925945633290863,,,3.0333941274275755,0.9361330607559846,0.24423991391798192,0.7812626748729754,1.0043876385910357,-0.004387638591035747
3077.840886760622,4.207256824835361,792.61034470445,2062.3864421734615,0.2548774461465961,0.8616565177359566,-8.90342127683088,1.3600420638868655,0.006580697900928378,,0.2258059403053809,,0.7034951796752192,,,0.03597472842555255,0.03908035200755934,,,3.0085363842440516,0.9349459610745247,0.2401849529407424,0.7782590347824383,1.004356200413712,-0.004356200413712097
3061.608924396809,4.201814791834628,779.3515903741372,2054.3284540006216,0.2551407885696136,0.862361613892735,-8.902062074790177,1.3627714196781113,0.0066646020659843755,,0.22367980883745125,,0.7056777769206022,,,0.03606846884988611,0.03889865074984743,,,2.9837055235912557,0.9337366204076951,0.2361671485982234,0.7752182845285365,1.0043247053577868,-0.00432470535778684
3045.376962032996,4.196270779909742,766.2165336947503,2046.1711165303539,0.25540602031656834,0.8630740647286853,-8.90068328798343,1.3655203602354007,0.006749627010428009,,0.22155410966022113,,0.7078620243632535,,,0.03616269183413249,0.038714334859051576,,,2.958906348779857,0.9325046177577205,0.23218682839234858,0.7721400439737184,1.0042931607166588,-0.00429316071665875
3029.1449996691836,4.19062287964018,753.2061599101436,2037.9134452107153,0.25567315087319403,0.8637937781990245,-8.899284845904916,1.3682889560644576,0.006835793897312228,,0.21942925511322775,,0.7100475511432053,,,0.03625737883973112,0.03852738879114454,,,2.9341437041870826,0.9312495288089289,0.22824429088186168,0.7690239415889492,1.0042615738873086,-0.004261573887308634
3012.9130373053704,4.184869174689713,740.3214580595389,2029.5544924253668,0.25594218815249437,0.8645206503780595,-8.897866696767148,1.3710772589527682,0.006923123889805974,,0.21730566498365936,,0.7122339783653422,,,0.03635250992011935,0.038337799512006124,,,2.909422475764879,0.9299709277088252,0.22433983577561786,0.7658696197831573,1.0042299527811271,-0.004229952781127144
2996.681074941557,4.17900774174376,727.5634054336304,2021.0933479992125,0.2562131385719752,0.8652545663010877,-8.896428806539989,1.3738853029304696,0.007011638171841088,,0.21518376678415177,,0.7144209182307231,,,0.036448064019231244,0.03814555662418331,,,2.8847475820058497,0.9286683870541689,0.22047375922231222,0.7626767350940424,1.0041983056582895,-0.004198305658289492
2980.4491125777445,4.173036652342262,714.9329647151316,2012.5291412999172,0.2564860069604989,0.865995399640709,-8.894971159972245,1.3767131032487558,0.0071013579261905305,,0.21306399536990253,,0.7166079744111675,,,0.036544018900656124,0.03795065249066499,,,2.86012397115863,0.9273414782982804,0.21664635294397927,0.7594449589811009,1.0041666411723913,-0.004166641172391294
2964.2171502139317,4.16695397500448,702.4310818923641,2003.8610437087934,0.25676079646597144,0.8667430124400664,-8.893493761598192,1.3795606553733517,0.007192304308286761,,0.21094679254829293,,0.7187947423442408,,,0.036640351134084675,0.03775308234195765,,,2.8355566169187,0.9259897722232178,0.2128579036037467,0.7561739787580353,1.004134968368576,-0.004134968368576075
2947.9851878501186,4.160757777469238,690.0586841868878,1995.08827111354,0.25703750847454127,0.8674972549430172,-8.89199663660509,1.382427934116997,0.007284498418724409,,0.20883260665126327,,0.7209808095465914,,,0.03673703607018138,0.03755284440509903,,,2.8110505134107906,0.9246128394376084,0.2091086921778448,0.7528634985334113,1.0041032966731351,-0.004103296673135137
2931.7532254863063,4.154446129050615,677.816677951537,1986.2100864187328,0.257316142523315,0.8682579654072752,-8.890479831770962,1.3853148927016665,0.007377961274506301,,0.20672189208030498,,0.7231657559638996,,,0.03683404782998944,0.03734994001811804,,,2.786610669994855,0.9232102509001366,0.20539899331864758,0.7495132401580124,1.004071635892312,-0.0040716358923120755
2915.5212631224936,4.148017103091987,665.705946527017,1977.2258020449017,0.2575966962151532,0.8690249699569158,-8.888943416372983,1.388221461850188,0.007472713779207514,,0.20461510881551925,,0.725349154353063,,,0.036931359296277444,0.03714437374143871,,,2.7622421058099835,0.921781578464886,0.20172907470515666,0.7461229441678874,1.0040399962062985,-0.0040399962062984685
2899.2893007586804,4.141468779516361,653.7273480582213,1968.134782407342,0.2578791651340309,0.8697980824634325,-8.88738748308413,1.3911475488895846,0.007568776692101951,,0.2025127218912968,,0.7275305706990607,,,0.03702894210883296,0.036936153463366185,,,2.7379498441074706,0.9203263954480803,0.19809919638127918,0.7426923707197517,1.0040083881625566,-0.004008388162556553
2883.0573383948677,4.1347992474655175,641.8817132761833,1958.936446360936,0.2581635427638974,0.870577104473109,-8.885812148824098,1.3940930369001574,0.007666170596333822,,0.20041520083752487,,0.729709564665334,,,0.037126766659754604,0.036725290502735375,,,2.713738906372906,0.9188442772145594,0.19450961008369191,0.7392213005135608,1.0039768226653487,-0.0039768226653487115
2866.8253760310554,4.1280066080246005,630.16984325736,1949.630269604545,0.25844982040932574,0.8713618251691849,-8.884217555584492,1.3970577838903058,0.0077649158661855415,,0.1983230190887561,,0.7318856900788072,,,0.037224802092555305,0.03651179970437098,,,2.6896143062701214,0.9173348017832446,0.19096055856283636,0.7357095356998283,1.0039453109644896,-0.003945310964489579
2850.593413667242,4.121088977025992,618.5925071675799,1940.2157870350488,0.25873798711738927,0.8721520213651609,-8.882603871234815,1.4000416219905247,0.007865032633532285,,0.19623665336244067,,0.7340584954490277,,,0.03732301630758441,0.036295699524426565,,,2.6655810434160387,0.9157975504502205,0.18745227489926664,0.7321569007679429,1.0039138646434793,-0.0039138646434793145
2834.3614513034295,4.114044487924779,607.150440000867,1930.69259503905,0.2590280296010596,0.8729474575305516,-8.880971290305968,1.4030443566699144,0.007966540753581176,,0.1941565830072018,,0.7362275245209013,,,0.03742137597425078,0.036077012104602436,,,2.641644096995701,0.9142321084277286,0.18398498181844453,0.7285632434109622,1.0038824956069563,-0.0038824956069563044
2818.1294889396167,4.10687129473001,595.8443403116592,1921.0603537024467,0.25931993217118754,0.8737478858897585,-8.879320034669853,1.4060657660565727,0.008069459770059755,,0.19208328931944177,,0.7383923168576889,,,0.03751984653922023,0.035855763344469306,,,2.617808419227047,0.9126380654955578,0.1805588910035331,0.7249284353594139,1.0038512160608202,-0.003851216060820173
2801.8975265758036,4.099567574992575,584.6748679618771,1911.3187889381254,0.2596136766697363,0.874553046547812,-8.877650354200142,1.4091056002768259,0.00817380887987475,,0.19001725483495596,,0.7405524084574278,,,0.03761839224274006,0.03563198295996401,,,2.5940789287307484,0.9110150166650166,0.17717420241269002,0.7212523731841982,1.0038200384950877,-0.0038200384950877186
2785.665564211991,4.092131532841452,573.6426418996323,1901.4676945213018,0.259909242400015,0.8753626676186246,-8.875962527463246,1.4121635807642647,0.008279606897383284,,0.1879589625981264,,0.7427073324012089,,,0.03771697615227007,0.035405704519381825,,,2.570460503795426,0.909362562853656,0.17383110360594917,0.7175349790646423,1.0037889756709872,-0.003788975670987238
2769.433601848178,4.084561402029292,562.748237938854,1891.5069339971305,0.2602066060820203,0.8761764655181481,-8.874256862115846,1.415239399862207,0.008386872218601632,,0.1859088953980755,,0.7448566195219793,,,0.03781556017007935,0.0351769654947969,,,2.546957975555218,0.907680311562065,0.17052976907238,0.7137762015083512,1.0037580405849311,-0.0037580405849311216
2753.201639484365,4.076855449025551,551.992186617514,1881.4364424893208,0.2605057417883978,0.8769941451572473,-8.872533695522181,1.4183327202064149,0.00849562278511196,,0.18386753499809588,,0.7469997991120306,,,0.03791410508110534,0.03494580726965422,,,2.523576121158744,0.9059678775612335,0.16727035958106484,0.709976016033706,1.0037272464608862,-0.00372724646088618
2736.9696771205527,4.0690119760940835,541.3749710831445,1871.2562283627785,0.26080662090368895,0.8778154002868479,-8.870793395099689,1.4214431743794496,0.008605876048233017,,0.18183536133600176,,0.7491363996447853,,,0.03801257058357208,0.03471227515212571,,,2.500319656872725,0.904224883576463,0.16405302154034682,0.7061344257972749,1.0036966067164848,-0.0036966067164847516
2720.73771475674,4.061029324371933,530.8970250474816,1860.966374748074,0.261109212084673,0.8786399138574683,-8.869036358649227,1.424570364580454,0.008717648933352163,,0.17981285171432426,,0.7512659495239972,,,0.03811091532926688,0.034476418370834615,,,2.477193231221728,0.9024509609715408,0.16087788637802475,0.7022514621690845,1.003666134938423,-0.003666134938423049
2704.5057523929268,4.052905876925206,520.5587308188831,1850.5670409149393,0.26141348122905683,0.87946735843556,-8.867263014586891,1.4277138623933325,0.00883095780466508,,0.17780047997752474,,0.7533879778512462,,,0.038209096967714226,0.03423829005679388,,,2.4542014181598697,0.9006457504278236,0.15774506994511608,0.6983271852509205,1.0036358448532792,-0.0036358448532791687
2688.273790029114,4.04464006178006,510.36041742420434,1840.0584634856657,0.2617193914409805,0.8802973966083167,-8.865473822210173,1.430873208520591,0.008945818430445396,,0.1757987156843812,,0.7555020152143342,,,0.038307072210161344,0.03399794719804715,,,2.431348710272575,0.8988089026177912,0.15465467194672858,0.6943616843342135,1.003605750306924,-0.003605750306924005
2672.0418276653018,4.036230354875127,500.302358808396,1829.4409574750794,0.2620269030321781,0.8811296815928763,-8.863669271553391,1.434047912927916,0.00906224594921202,,0.17380802326412811,,0.7576075944787445,,,0.03840479685979855,0.03375545061098514,,,2.408639512142744,0.8969400788611394,0.15160677539648362,0.6903550782924828,1.0035758652136564,-0.0035758652136563818
2655.8098653014886,4.027675282997932,490.3847721737958,1818.7149171571384,0.2623359734847117,0.8819638576275174,-8.861849883682877,1.4372374545489723,0.009180254836530097,,0.17182886119125065,,0.7597042516101863,,,0.038502225907563505,0.033510864847056114,,,2.386078133720818,0.8950389517773183,0.14860144611327145,0.6863075159083541,1.0035462035560565,-0.003546203556056504
2639.577902937676,4.018973426576552,480.60781639565727,1807.880816747899,0.26264655748259175,0.8827995607486939,-8.860016210201913,1.4404412817804797,0.00929985887330154,,0.16986168113568162,,0.7617915264769022,,,0.03859931355590918,0.03326425814440704,,,2.363668784012501,0.8931052059059004,0.14563873224110827,0.6822191761312826,1.0035167793129,-0.0035167793129000646
2623.345940573863,4.010123422450756,470.97159061223766,1796.939210892806,0.26295860688317024,0.8836364192211728,-8.858168833445854,1.4436588122870813,0.00942107111485664,,0.16790692715000904,,0.7638689636892819,,,0.0386960133306063,0.03301570229954908,,,2.3414155647309984,0.8911385383223903,0.1427186638218902,0.6780902682614361,1.0034876064694465,-0.003487606469446458
2607.11397821005,4.001123966456884,461.4761329081057,1785.8907349724118,0.2632720707662925,0.8844740543948001,-8.856308365787578,1.4468894336958993,0.00954390386197004,,0.16596503483581387,,0.7659361134052921,,,0.038792278115087,0.03276527258480722,,,2.3193224644014987,0.8891386592126409,0.13984125239639567,0.673921032065061,1.0034586989410001,-0.003458698941000149
2590.882015846237,3.9919738159530667,452.12141917646915,1774.7361051958162,0.26358689543428593,0.8853120812703422,-8.854435449506987,1.4501325037270334,0.009668368633062432,,0.16403643055111763,,0.7679925321639707,,,0.038888060253824894,0.03251304760345723,,,2.297393352481263,0.8871052924340148,0.1370064906595361,0.6697117378097419,1.0034300705723704,-0.003430070572370436
2574.6500534824245,3.9826717921650348,442.9073621212883,1763.4761185028265,0.263903024453245,0.8861501092821609,-8.852550756189894,1.453387350794669,0.009794476138467494,,0.1621215306183256,,0.7700377836909419,,,0.03898331162629257,0.03225910915185542,,,2.2756319738653903,0.8850381760366743,0.13421435215796615,0.6654626862274817,1.0034017350874154,-0.0034017350874153696
2558.4180911186113,3.973216782386282,433.8338104189738,1752.1116522683055,0.26422039870086683,0.8869877430908574,-8.850654986055002,1.4566532746801037,0.00992223625652033,,0.16022074055932414,,0.7720714397001378,,,0.039077983721274356,0.032003542071852395,,,2.2540419436918833,0.882937062752507,0.1314647910360527,0.6611742084031341,1.0033737060525887,-0.0033737060525886875
2542.1861287547986,3.963607742026803,424.9005480606785,1740.6436637940571,0.26453895640561853,0.8878245833079197,-8.848748867382884,1.4599295471027638,0.010051658011670012,,0.15833445436067162,,0.7740930806857413,,,0.03917202773651142,0.03174643407210169,,,2.2326267423561315,0.8808017204504007,0.12875774183656924,0.656846665582663,1.003345996855026,-0.003345996855026012
2525.954166390986,3.9538436964571537,416.1072938537043,1729.0731896202126,0.2648586332195031,0.8886602273745666,-8.846833155565575,1.4632154126706158,0.010182749554938721,,0.156463053759621,,0.7761022966849491,,,0.03926539465208387,0.031487875556447706,,,2.2113897110123166,0.8786319325460341,0.12609311934960735,0.6524804489132877,1.0033186206531017,-0.0033186206531017337
2509.722204027173,3.943923742690823,407.45370111633963,1717.4013446161355,0.2651793622703155,0.8894942703008321,-8.844908632394283,1.4665100895924503,0.0103155181465663,,0.15460690757338935,,0.7780986880320503,,,0.039358035336956365,0.03122795941935003,,,2.190334047244921,0.8764274983757384,0.12347081852010292,0.6480759791004285,1.003291590361746,-0.0032915903617460884
2493.4902416633604,3.9338470508346273,398.9393575413305,1705.629320906168,0.26550107425125125,0.8903263055717401,-8.842976104926697,1.4698127708105773,0.010449970141267332,,0.1527663710543465,,0.7800818660725627,,,0.039449900625824125,0.030966780850187812,,,2.1694628013163006,0.874188233518806,0.12089071440646378,0.6436337060023275,1.0032649186029212,-0.0032649186029212185
2477.2582792995477,3.9236128653526556,390.563785252391,1693.7583865880085,0.26582369749584106,0.8911559259385878,-8.841036404526966,1.4731226249608511,0.010586110975892626,,0.15094178529341923,,0.7820514538604669,,,0.03954094141896546,0.030704437114460196,,,2.148778872642773,0.8719139700783679,0.11835266219769425,0.6391541081464183,1.0032386176873118,-0.0032386176873118178
2461.026316935735,3.913220506094684,382.326441041883,1681.7898842855868,0.2661471580741192,0.8919827242856109,-8.83909038567033,1.4764387975680293,0.010723945159824902,,0.1491334766603863,,0.7840070868143055,,,0.03963110876952971,0.030441027332933156,,,2.128285006786665,0.8696045569099298,0.1158564972854191,0.6346376921832403,1.0032126995771546,-0.003212699577154643
2444.7943545719218,3.9026693691168943,374.22671679998075,1669.7252295004123,0.26647137987504643,0.8928062943864762,-8.83713892491026,1.479760412078642,0.010863476268012446,,0.14734175629487614,,0.7859484133463227,,,0.039720353991892776,0.03017665223999535,,,2.107983792697211,0.8672598598037543,0.11340203539393356,0.6300849922643065,1.003187175873087,-0.0031871758730870337
2428.562392208109,3.891958927230348,366.2639401096146,1657.565908868245,0.26679628474179473,0.8936262318881608,-8.835182919253004,1.4830865714864405,0.011004706936861293,,0.145566919633401,,0.7878750954357456,,,0.03980862871931309,0.029911413967603707,,,2.087877660762206,0.864879761606744,0.11098907276048928,0.6254965693842435,1.0031620577560634,-0.0031620577560633745
2412.3304298442963,3.8810887303804273,358.4373750532706,1645.3134781525398,0.2671217925389524,0.8944421349046225,-8.833223285311746,1.486416359178241,0.011147638862681303,,0.1438092460052626,,0.7897868091905215,,,0.039895885036708004,0.029645415777973513,,,2.0679688806583507,0.8624641623067616,0.10861738637977897,0.6208730106235999,1.0031373560104655,-0.0031373560104654974
2396.0984674804836,3.870058405708496,350.7462231643513,1632.9695602176093,0.26744782130682077,0.8952536050102944,-8.831260957481348,1.489748840759182,0.011292272803262062,,0.14206899825613037,,0.791683245328108,,,0.03998207553085096,0.029378761837759258,,,2.048259560378733,0.8600129790463324,0.10628673429222767,0.6162149283840035,1.0031130809528486,-0.003113080952848568
2379.8665051166704,3.858867657442232,343.1896245767819,1620.5358427689823,0.2677742873534897,0.8960602478680277,-8.829296886826526,1.4930830651645461,0.011438608581902128,,0.14034642244493992,,0.7935641096450923,,,0.040067153399900315,0.029111556959758006,,,2.028751645054996,0.8575261460982737,0.10399685593235815,0.611522959535465,1.0030892424496904,-0.0030892424496904436
2363.6345427528577,3.8475162665039844,335.7666593290766,1608.014076029601,0.26810110538800835,0.8968616740226725,-8.827332039513012,1.4964180662286033,0.01158664509447726,,0.13864174758075076,,0.7954291234156005,,,0.04015107252894554,0.02884390635549795,,,2.0094469166075903,0.8550036147786632,0.10174747252396261,0.6067977645394721,1.0030658498807947,-0.0030658498807947243
2347.402580389045,3.8360040898983745,328.47634883118087,1595.4060702913146,0.2684281886441104,0.8976574995961049,-8.825367395354583,1.4997528641375748,0.011736380319105486,,0.13695518541947388,,0.7972780237516827,,,0.04023378757025998,0.028575915388467328,,,1.9903469936735647,0.8524453533107499,0.09953828752460027,0.6020400265250244,1.0030429121298838,-0.0030429121298838346
2331.170618025232,3.824331059868491,321.3176574878867,1582.713693353797,0.26875544899902426,0.8984473469140112,-8.823403946424321,1.5030864668183792,0.01188781132854588,,0.13528693031462372,,0.7991105639128272,,,0.040315254029032764,0.028307689322029945,,,1.9714533319056275,0.8498513466374424,0.09736898711754143,0.5972504503221876,1.0030204375785137,-0.0030204375785136683
2314.9386556614195,3.81249718279802,314.2894944526231,1569.9388679560307,0.2690827971270829,0.8992308452522582,-8.821442695282423,1.506417871710818,0.012040934305198394,,0.13363715911678883,,0.8009265135544998,,,0.040395428311559636,0.02803933309024885,,,1.9527672250093837,0.8472215961773377,0.09523924074321913,0.5924297614928418,1.002998434073097,-0.002998434073097078
2298.7066932976063,3.8005025379430895,307.3907155395852,1557.0835689963658,0.2694101425881411,0.900007631223625,-8.81948465394831,1.5097460667954739,0.01219574455856999,,0.132006031139124,,0.8027256589488037,,,0.040474267832339386,0.027770951040004068,,,1.9342898055034268,0.8445561195429088,0.09314870167866218,0.5875787052816475,1.0029769089602711,-0.0029769089602711407
2282.4747309337936,3.7883472758732784,300.620125228631,1544.149820890695,0.2697373940040188,0.9007773495429354,-8.817530841889587,1.5130700326047393,0.01235223654531762,,0.13039368815755265,,0.804507803118182,,,0.04055173103517152,0.0275026467176946,,,1.9160220468265337,0.8418549501940619,0.09109700764503971,0.5826980456191302,1.002955869028601,-0.0029558690286008993
2266.2427685699813,3.776031616782067,293.97647881128523,1531.1396947133596,0.2700644591518233,0.9015396533455659,-8.815582284956834,1.5163887432880347,0.012510403891341705,,0.12880025448150567,,0.80627276595634,,,0.040627777481457496,0.027234522634044727,,,1.8979647648589353,0.8391181370626816,0.08908378145796522,0.5777885640427772,1.002935320553348,-0.0029353205533479976
2250.010806206168,3.7635558485478966,287.45848462274444,1518.0553054124898,0.2703912451050319,0.9022942046973735,-8.81364001378921,1.5197011682062023,0.01267023941633336,,0.12722583706135643,,0.8080203842693643,,,0.04070236789402836,0.0269666800470579,,,1.8801186204381248,0.8363457441217548,0.08710863170386195,0.5728510586462225,1.0029152692718069,-0.002915269271806853
2233.7788438423554,3.7509203246297127,281.0648063669314,1504.8988089865052,0.270717658357897,0.9030406749788431,-8.811705062416797,1.5230062733291572,0.012831735160174544,,0.12567052565016137,,0.8097505117810191,,,0.0407754642038085,0.02669921875730507,,,1.8624841219718917,0.833537849917714,0.08517115344452467,0.5678863430137755,1.002895720392294,-0.00289572039229391
2217.5468814785427,3.738125461794582,274.7940655251612,1491.6723996104229,0.27104360493072166,0.9037787451451166,-8.809778467086216,1.5263030224102803,0.01299488241134392,,0.12413439301267465,,0.8114630190898923,,,0.04084702960818901,0.026432236901514188,,,1.8450616282324013,0.8306945470654626,0.08327092894701855,0.5628952451360086,1.00287667861227,-0.002876678612270034
2201.3149191147295,3.7251717376454176,268.6448438173959,1478.3783069329281,0.27136899052890145,0.9045081061928942,-8.807861264491315,1.5295903787557243,0.01315967173694442,,0.12261749517075961,,0.8131577935631906,,,0.04091702857113679,0.026165830782933292,,,1.8278513520655422,0.8278159416989816,0.0814075284295139,0.5578786063897841,1.0028581480880203,-0.002858148088020318
2185.0829567509168,3.712059688069127,262.61568573785536,1465.0187931441867,0.2716937206045536,0.9052284591460656,-8.805954491104895,1.5328673058926867,0.013326093014357427,,0.12111987170536458,,0.8148347392176614,,,0.04098542690001995,0.025900094678679462,,,1.8108533632776038,0.8249021529042504,0.07958051082965314,0.5528372804317686,1.0028401325017253,-0.002840132501725323
2168.850994387104,3.698789904471153,256.7051011131404,1451.596150324316,0.2720177005069305,0.9059395154185761,-8.804059181522234,1.5361327692258904,0.013494135464407404,,0.1196415460803799,,0.8164937765172691,,,0.04105219173826387,0.025635120684842267,,,1.7940675929672933,0.8219533121047007,0.07778942457973952,0.5477721321978551,1.0028226350207552,-0.002822635020755193
2152.619032023291,3.6853630309463243,250.91156770249358,1438.1126976838877,0.27234083556730754,0.9066409968423026,-8.802176367546787,1.5393857369518802,0.013663787685568075,,0.11818252601612836,,0.8181348421619337,,,0.04111729159941098,0.02537099856585727,,,1.7774938372210365,0.8189695624325165,0.07603380839469502,0.5426840368618444,1.0028056583433302,-0.0028056583433302418
2136.3870696594786,3.671779761325783,245.2335338125565,1424.570778843858,0.2726630311804082,0.9073326356619948,-8.80030707732071,1.5426251809284999,0.013835037689518992,,0.11674280389148936,,0.8197578888240928,,,0.041180696398878135,0.025107815604885488,,,1.761131761184519,0.8159510580723963,0.07431319206441106,0.5375738788090031,1.0027892047193459,-0.0027892047193458502
2120.155107295666,3.658040836092574,239.66942091297187,1410.9727594135704,0.2729841929520413,0.9080141747917108,-8.798452333722,1.5458500782777502,0.014007872937256255,,0.11532235717000236,,0.8213628848344117,,,0.04124237741501085,0.024845656500089262,,,1.744980904079414,0.8128979635761275,0.07262709724635512,0.532442550722102,1.002773275919514,-0.00277327591951404
2103.9231449318527,3.6441470393018784,234.21762626301017,1397.3210242697965,0.27330422671887344,0.9086853674848698,-8.79661315419711,1.5490594115531824,0.014182280376175145,,0.11392114886926161,,0.8229498138730116,,,0.04130230734815004,0.024584603236615845,,,1.7290406828636766,0.8098104531781952,0.07097503826151823,0.5272909525546402,1.002757873327039,-0.0027578733270390288
2087.69118256804,3.6300991953469097,228.87652550638802,1383.617975238037,0.2736230386718804,0.9093459774481404,-8.794790549440215,1.5522521700606209,0.014358246477747654,,0.11253912803687535,,0.8245186745823642,,,0.0413604602858328,0.02432473499271937,,,1.7133103975656772,0.8066887100770911,0.06935652288072364,0.522119990655863,1.0027429978977918,-0.0027429978977917546
2071.4592202042277,3.615898165734785,223.6444752553741,1369.8660286774843,0.27394053540800717,0.9099957786159245,-8.792985522879734,1.5554273503716445,0.014535757275427146,,0.11117623026003219,,0.8260694801876028,,,0.041416811711556714,0.024066128056468003,,,1.6977892356982953,0.8035329257188412,0.06777105310768912,0.516930576859428,1.0027286502156598,-0.0027286502156598225
2055.2272578404145,3.6015448457933523,218.5198156307995,1356.067613249742,0.2742566240070719,0.9106345550257487,-8.791199069887623,1.5585839571142976,0.014714798402925309,,0.10983237818688647,,0.827602258070978,,,0.04147133848631493,0.023808855754053462,,,1.6824762772989363,0.8003432990651894,0.06621812594872713,0.5117236276414121,1.002714830498233,-0.0027148304982329563
2038.9952954766018,3.587040161378004,213.50087276943916,1342.2251676625656,0.27457121206478796,0.9112621004938308,-8.789432177481721,1.5617210032707423,0.014895355132654447,,0.10850748206740468,,0.8291170493376852,,,0.04152401885416285,0.023552988384222564,,,1.6673704995364627,0.7971200358617786,0.06469723417255732,0.5065000632688926,1.0027015386434752,-0.002701538643475221
2022.7633331127886,3.572385065525725,208.5859612696407,1328.3411387470228,0.274884207786417,0.9118782185381754,-8.787685823356727,1.5648375111462798,0.015077412413883362,,0.10720144029949072,,0.8306139083413848,,,0.04157483238876443,0.02329859318278245,,,1.6524707822197795,0.7938633478946056,0.06320786705140627,0.5012608070743483,1.0026887742124224,-0.002688774212422418
2006.5313707489759,3.5575805351653664,203.77338658949543,1314.4179793545047,0.2751955199880016,0.91248272190198,-8.785960975947244,1.5679325123063048,0.015260954910940115,,0.10591413999429758,,0.8320929022218378,,,0.04162376000422986,0.023045734282309494,,,1.6377759121636288,0.7905734522589704,0.06174951108772589,0.49600678466207726,1.0026765365026749,-0.0026765365026748533
1990.2994083851631,3.5426275677892076,199.06144737377946,1300.4581465536078,0.2755050581515516,0.91307543230652,-8.784258593892776,1.5710050481113154,0.015445967041096919,,0.10464545753890295,,0.8335541104002263,,,0.04167078391547287,0.02279447268766535,,,1.623284588520644,0.787250570619824,0.06032165071932711,0.4907389232277765,1.0026648245422676,-0.0026648245422675743
1974.06744602135,3.527527178170974,194.4484377132862,1286.464099865908,0.27581273244867743,0.9136561800640112,-8.782579625856057,1.5740541698985773,0.015632433011926582,,0.10339525916788213,,0.8349976240795165,,,0.041715887612075224,0.022544866267447627,,,1.6089954276249125,0.7838949284824387,0.05892376900402613,0.48545815089279554,1.0026536371269215,-0.00265363712692146
1957.8354836575375,3.5122803951074557,189.93264932749312,1272.4382996236188,0.27611845376223054,0.91422480368453,-8.780925010365204,1.577078939139973,0.015820336858201244,,0.10216340153458732,,0.8364235457297898,,,0.04175905582677778,0.022296969752496894,,,1.5949069679346808,0.7805067544683235,0.05755534828105852,0.48016539608438447,1.002642972843652,-0.0026429728436518918
1941.603521293725,3.496888258200017,185.51237366430527,1258.3832054409377,0.27642213370163043,0.9147811494577834,-8.779295675727328,1.5800784275283917,0.016009662478144292,,0.10094973228170358,,0.8378319885680436,,,0.04180027450041727,0.0220508347458803,,,1.5810176749209284,0.7770862796000038,0.05621587080736523,0.4748615869588444,1.0026328300960448,-0.002632830096044758
1925.3715589299118,3.481351814687725,181.18590392272495,1244.3012747626483,0.27672368460287927,0.9153250709763499,-8.777692540112842,1.5830517168934186,0.016200393669011923,,0.09975409060876055,,0.8392230760357112,,,0.04183953075126165,0.021806509739914912,,,1.5673259457921778,0.7736337365972722,0.05490481937052271,0.46954765085382955,1.0026232071356482,-0.002623207135648231
1909.139596566099,3.46567211632632,176.95153697901233,1230.1949615770384,0.277023019537045,0.9158564286978157,-8.776116511546434,1.5859978992103692,0.016392514161827552,,0.09857630783342612,,0.8405969412699551,,,0.041876812830579695,0.021564040145024464,,,1.5538301143481332,0.7701493591836267,0.05362167787242798,0.464224513802656,1.0026141020789854,-0.002614102078985381
1892.9076342022863,3.449850216338062,172.80757523051966,1216.0667151875136,0.2773200522983012,0.9163750894294709,-8.774568488124768,1.5889160763825778,0.01658600765528509,,0.09741620794668834,,0.8419537265808327,,,0.0419121100872493,0.021323468325672577,,,1.5405284555249965,0.7666333814084583,0.05236593188803626,0.45889310007075984,1.002605512940443,-0.0026055129404429778
1876.6756718384731,3.433887166423498,168.75232834429883,1201.9189790903504,0.27761469738735967,0.9168809258035633,-8.773049358284823,1.5918053599730655,0.016780857848792734,,0.09627360815847881,,0.8432935829277369,,,0.041945412929932334,0.02108483364157849,,,1.5274191899162541,0.7630860369829996,0.05113706919524207,0.4535543317322077,1.0025974376577267,-0.0025974376577266867
1860.4437094746606,3.4177840138426525,164.78411491281287,1187.7541899748453,0.2779068699936448,0.9173738157552488,-8.77156000108561,1.59466487092282,0.01697704847450477,,0.09514831943251424,,0.8446166693998952,,,0.04197671278407656,0.020848172497717928,,,1.514500488233864,0.7595075586317006,0.04993458027660996,0.44820912829239445,1.0025898741142039,-0.0025898741142038606
1844.2117471108481,3.401541798566483,160.90126401577584,1173.574776901082,0.27819648598969215,0.9178536420547071,-8.77010128635443,1.597493739404543,0.017174563328179793,,0.0940401470086137,,0.8459231527009696,,,0.042006002034828224,0.02061351840620426,,,1.5017704758242179,0.7558981774592185,0.048757958792659345,0.4428584063777668,1.0025828201506157,-0.002582820150615728
1827.979784747035,3.3851615505361927,157.10211669158195,1159.383160271962,0.27848346184478867,0.9183202915359493,-8.768674075723588,1.6002911037859278,0.017373386299595825,,0.09294889091567372,,0.847213206655908,,,0.04203327402617677,0.020380902037293105,,,1.48922723615149,0.7522581223413761,0.04760670202775211,0.43750307934791016,1.0025762736350516,-0.00257627363505164
1811.7478223832222,3.3686442869376583,153.38502730765245,1145.1817514407558,0.2787677146714732,0.9187736548524921,-8.767279222199438,1.6030561110606207,0.017573501400967643,,0.091874346461575,,0.8484870116929422,,,0.042058522955305155,0.020150351296951315,,,1.47686881599923,0.7485876193194796,0.04648031130534923,0.432144057147455,1.0025702324067738,-0.002570232406773787
1795.5158600194095,3.3519910096485055,149.7483648470689,1130.9729517317785,0.2790491620909056,0.9192136255362265,-8.765917571728437,1.6057879152821641,0.01777489279539625,,0.09081630472029657,,0.8497447543864947,,,0.04208174389958494,0.019921891390473536,,,1.464693227993002,0.7448868910330012,0.045378292377899664,0.4267822459365202,1.0025646943968498,-0.0025646943968498093
1779.2838976555963,3.335202702669869,146.19051409520543,1116.7591522119735,0.2793277222689395,0.9196400997338662,-8.76458996287888,1.608485677882264,0.0179775448232608,,0.08977455298940568,,0.8509866269548376,,,0.042102932711905995,0.01969554489968708,,,1.4526984556746498,0.7411561561488598,0.04430015578642589,0.42141854800451833,1.0025596575558364,-0.0025596575558364254
1763.0519352917838,3.3182803297285575,142.7098767420178,1102.5427329681052,0.2796033137941563,0.92005297533713,-8.76329722826276,1.6111485662489269,0.018181442028374788,,0.08874887524304494,,0.8522128268236517,,,0.0421220860308508,0.019471331859887944,,,1.4408824559870597,0.7373956288285684,0.04324541719455085,0.41605386149739815,1.0025551199574354,-0.0025551199574354033
1746.8199729279706,3.3012248318901083,139.30487239217868,1088.3260629115348,0.27987585567204215,0.9204521515757553,-8.762040194676095,1.6137757535861343,0.018386569182467286,,0.08773905255778046,,0.8534235561588109,,,0.042139201201599676,0.019249269838615496,,,1.4292431635950535,0.7336055181978018,0.0422135976945996,0.4106890803439754,1.0025510797568065,-0.0025510797568064625
1730.5880105641581,3.2840371252979055,135.97393948951535,1074.1114994375694,0.28014526725217603,0.9208375283552419,-8.760819683975331,1.6163664180374386,0.018592911308834253,,0.08674486352733804,,0.8546190214435038,,,0.042154276245158044,0.019029374024704285,,,1.4177784938416231,0.729786027843979,0.041204224087731924,0.40532509412738466,1.002547535240704,-0.0025475352407040575
1714.3560482003454,3.2667180989906033,132.71553616193586,1059.9013879421714,0.2804114681074449,0.9212090054345029,-8.759636514477975,1.618919741285337,0.018800453705641203,,0.08576608465820076,,0.8557994330647843,,,0.04216730985886416,0.018811657297474235,,,1.4064863453379417,0.7259373553312451,0.040216829139980564,0.3999627879027062,1.0025444848793235,-0.002544484879323461
1698.1240858365322,3.2492686127363863,129.52814097546133,1045.6980621305222,0.28067437808426066,0.9215664822461205,-8.758491500482295,1.62143490903156,0.01900918196656203,,0.08480249074089086,,0.856965004886014,,,0.04217830129036163,0.01859613032762014,,,1.3953646045420147,0.7220596917191969,0.03925095181074586,0.3946030423134046,1.0025419272448866,-0.002541927244886555
1681.8921234727195,3.2316894950507917,126.41025362094628,1031.5038433735194,0.2809339170956266,0.9219098567602889,-8.757385454609954,1.6239111086544433,0.019219082002621995,,0.0838538552155303,,0.8581159538962038,,,0.04218725040093777,0.018382801655646538,,,1.384411146571153,0.7181532211223982,0.038306137460892814,0.3892467333484979,1.0025398611683183,-0.0025398611683182803
1665.660161108907,3.2139815411679,123.36039551566304,1017.3210410156979,0.2811900051435636,0.9222390252225358,-8.756319187627085,1.6263475293878553,0.01943014006139017,,0.0829199505050829,,0.8592524998042775,,,0.04219415755484529,0.018171677774006932,,,1.3736238396000593,0.7142181202595332,0.037381938035049404,0.38389473245875394,1.0025382856382126,-0.0025382856382125674
1649.4281987450938,3.1961455111660007,120.37711033817922,1003.1519522015512,0.28144256219266817,0.9225538813291108,-8.755293509897957,1.6287433608675261,0.01964234274617752,,0.08200054834141834,,0.8603748647068299,,,0.04219902362102517,0.017962763221321867,,,1.363000546448187,0.7102545580368891,0.03647791222369067,0.3785479064911514,1.0025371998905952,-0.0025371998905951987
1633.1962363812813,3.1781821281221245,117.45896449210088,988.9988617844405,0.28169150806154947,0.9228543154887913,-8.754309232639015,1.6310977918770106,0.019855677034637528,,0.08109542006844794,,0.8614832727448011,,,0.042201849956381,0.017756060654326056,,,1.352539126904903,0.7062626951382499,0.03559362560366693,0.3732071176545058,1.002536603423956,-0.0025366034239560076
1616.9642740174686,3.1600920763009257,114.60454750058896,974.8640427830452,0.2819367624273882,0.9231402144924568,-8.753367167931879,1.6334100103346891,0.02007013029517512,,0.0802043369257189,,0.8625779497678486,,,0.04220263830923615,0.017551570945999857,,,1.3422374411002842,0.7022426836224279,0.034728650757754234,0.36787322369171516,1.0025364959488037,-0.0025364959488036742
1600.7323116536554,3.1418759994686445,111.81247234283329,960.749756113086,0.28217824463842556,0.9234114604820767,-8.752468130838594,1.635679201178517,0.02028569030456603,,0.07932707032187504,,0.8636591230540611,,,0.04220139086362932,0.017349293265826505,,,1.332093350085245,0.6981946665485876,0.03388256737661615,0.362547077778523,1.002536877505392,-0.002536877505391999
1584.5003492898427,3.1235344991845495,109.08137572722369,946.6582509084136,0.28241587367014365,0.9236679304553318,-8.751612939940545,1.6379045458271086,0.02050234526362163,,0.07846339208293879,,0.8647270210005489,,,0.04219811017207634,0.01714922515442303,,,1.3221047187927213,0.6941187775965666,0.033054962341582936,0.3572295286446844,1.0025377484099869,-0.002537748409986884
1568.2683869260302,3.1050681331792935,106.40991830834942,932.5917646733934,0.2826495680189685,0.923909495530855,-8.750802418559982,1.6400852209582144,0.020720083812565997,,0.07761307468909887,,0.8657818728604516,,,0.04219279913834618,0.016951362611176413,,,1.3122694175258196,0.6900151407065097,0.03224542979040892,0.3519214206314692,1.002539109299073,-0.0025391092990729724
1552.036424562217,3.086477413760827,103.79678485137721,918.5525234761371,0.28287924560128713,0.9241360202355737,-8.750037395921499,1.6422203973472378,0.020938895045973405,,0.07677589149349513,,0.8668239084847024,,,0.042185460994894404,0.01675570017096365,,,1.3025853236493061,0.6858838697246282,0.031453571167084006,0.3466235937645801,1.0025409611440557,-0.0025409611440556645
1535.8044621984045,3.0677628062571896,101.2406843458141,904.5427421343246,0.2831048236416702,0.9243473617488633,-8.749318708429758,1.6443092385895213,0.021158768527232006,,0.07595161692572391,,0.8678533580824863,,,0.042176099286250684,0.016562230979566297,,,1.2930503230515606,0.6817250680571533,0.030678995256307302,0.34133688382427346,1.0025433052740271,-0.00254330527402713
1519.5724998345918,3.0489247274780396,98.74035007231883,890.5646245929905,0.28332621859951035,0.9245433692761007,-8.74864720052633,1.6463509002434922,0.02137969430210599,,0.07514002667917434,,0.8688704519916871,,,0.04216471782650408,0.016370946872741987,,,1.2836623119467565,0.6775388283284532,0.02992131820373298,0.33606212248792094,1.0025461433701075,-0.002546143370107501
1503.3405374707786,3.0299635442232975,96.29453962453861,876.6203639793281,0.2835433460086522,0.9247238831038511,-8.748023726495376,1.6483445280249889,0.021601662912910616,,0.07434089788597853,,0.8698754204788289,,,0.04215132071775601,0.016181838445752838,,,1.2744191974516537,0.6733252320496217,0.029180163522587458,0.33080013735068986,1.0025494775283164,-0.0025494775283163573
1487.1085751069659,3.0108795717688825,93.90203489191852,862.7121431650454,0.2837561204387604,0.9248887340792362,-8.747449150939495,1.650289257331412,0.02182466541093357,,0.07355400927392049,,0.8708684935297933,,,0.04213591228094729,0.015994895127827,,,1.265318899782187,0.6690843492819739,0.02845516208846016,0.325551752137753,1.0025533102124882,-0.002553310212488169
1470.8766127431534,2.99167307242201,91.56164200241521,848.8421345524619,0.2839644552547938,0.9250377423587947,-8.74692435145713,1.6521842105643199,0.022048693370949102,,0.07277914131541292,,0.8718499006919493,,,0.04211849712859704,0.015810105242417778,,,1.256359351625385,0.6648162383160022,0.027745952121944004,0.3203177866235705,1.0025576443783772,-0.002557644378377244
1454.6446503793402,2.9723442539911806,89.27219123003047,835.0125010450295,0.28416826267251744,0.925170717193205,-8.74645021809107,1.6540284976809225,0.02227373890196354,,0.07201607635495115,,0.8728198708746961,,,0.0420990800265838,0.015627456081399607,,,1.247538501534852,0.6605209453313735,0.027052179160615294,0.31509905699812435,1.0025624833376308,-0.002562483337630761
1438.4126880155277,2.9528932683667226,87.03253687219147,821.2253956613501,0.2843674534572452,0.9252874554230806,-8.746027656666215,1.6558212128563206,0.02249979466216926,,0.0712645987347678,,0.8737786322367341,,,0.04207766601569816,0.015446933967790524,,,1.238854311985184,0.6561985040814939,0.026373496021876202,0.3098963757212642,1.0025678309549906,-0.00256783095499058
1422.1807256517145,2.9333202099782203,84.84155709344866,807.4829623441767,0.2845619369375377,0.9253877410818203,-8.745657588694396,1.6575614345786818,0.022726853869978282,,0.07052449489750005,,0.8747264120104751,,,0.0420542602948372,0.015268524311095816,,,1.2303047624486938,0.6518489355507157,0.0257095627555905,0.3047105518279912,1.002573691513908,-0.002573691513908072
1405.9487632879018,2.9136251143253937,82.69815374394584,793.7873359169477,0.28475162078087285,0.9254713441186372,-8.745340953872867,1.6592482231507528,0.022954910317900767,,0.06979555348640605,,0.875663436403211,,,0.042028868286425526,0.015092211673457326,,,1.2218878483289306,0.6474722476278653,0.025060046589074497,0.2995423909120557,1.0025800698495,-0.0025800698494999885
1389.716800924089,2.8938079564248844,80.60125215328786,780.1406425498427,0.28493641091007926,0.9255380196035193,-8.745078711050027,1.6608806197241357,0.023183958384825412,,0.06907756542843733,,0.8765899304663639,,,0.04200149558947164,0.01491797981930014,,,1.2136015824522495,0.6430684347610854,0.024424621864632685,0.29439269530182743,1.002586971303573,-0.0025869713035731046
1373.4848385602759,2.8738686492606917,78.54980089987866,766.544999925622,0.2851162113304369,0.9255875065790118,-8.74487184016448,1.6624576443602255,0.02341399304945891,,0.06837032401066788,,0.8775061180040215,,,0.04197214800092834,0.014745811772256954,,,1.2054439948841655,0.6386374776134871,0.0238029699696602,0.28926226412287626,1.0025944017878745,-0.002594401787874512
1357.2528761964634,2.853807042172894,76.54277156066219,753.002517627574,0.2852909240160891,0.9256195270897136,-8.744721343539998,1.663978294735248,0.0236450099032459,,0.06767362494453963,,0.8784122214762037,,,0.04194083149106923,0.014575689865964761,,,1.1974131337104497,0.6341793427050875,0.023194779260806722,0.28415189344436753,1.0026023677777773,-0.002602367777777337
1341.0209138326509,2.8336229192225533,74.57915844281887,739.5152971579936,0.2854604486949116,0.9256337848170862,-8.744628248285874,1.6654415437399148,0.02387700516487578,,0.06698726642283362,,0.8793084619298398,,,0.04190755224658027,0.014407595788692813,,,1.1895070644380803,0.6296939820494563,0.022599744982672382,0.2790623762860353,1.0026108763879464,-0.002610876387946437
1324.7889514688377,2.8133159974618778,72.65797829743082,726.0854326062043,0.285624682803566,0.9256299642658332,-8.744593606849735,1.6668463389265966,0.024109975692762256,,0.0663110491645396,,0.8801950589151764,,,0.04187231659530772,0.014241510635955797,,,1.1817238715735783,0.6251813327693062,0.022017569181039642,0.2739945028702658,1.0026199353109795,-0.002619935310979482
1308.556989105025,2.7928859251960856,70.77827001996476,712.7150104581231,0.2857835212062337,0.9256077290726029,-8.744618500140708,1.6681915993861658,0.024343919001379197,,0.06564477645593822,,0.8810722304504133,,,0.041835131098039276,0.014077414953513749,,,1.174061656849105,0.6206413167102413,0.021447960612110534,0.2689490605502351,1.0026295529579046,-0.0026295529579045684
1292.3250267412122,2.7723322801189783,68.93909433744028,699.4061099577774,0.2859368560698465,0.9255667208206312,-8.744704038954579,1.669476214322838,0.024578833275596283,,0.06498825417913447,,0.8819401929588818,,,0.041796002510366456,0.01391528876935266,,,1.1665185402513276,0.6160738400264396,0.020890634647709176,0.2639268339463311,1.0026397384177352,-0.002639738417735238
1276.093064377399,2.7516545673903146,67.13953348336857,686.1608034036151,0.2860845767067882,0.9255065576688276,-8.74485136575625,1.6706990412717087,0.024814717386122148,,0.06434129083553204,,0.8827991612372307,,,0.04175493778194535,0.013755111642125629,,,1.1590926598532543,0.6114787927534032,0.020345313176778353,0.25892860505796794,1.0026505014968339,-0.002650501496833879
1259.8611020135866,2.730852217619609,65.37869086393235,672.9811563114397,0.28622656938207774,0.9254268327956303,-8.745061656851819,1.6718589039266831,0.025051570906302792,,0.06370369756187774,,0.8836493484299838,,,0.041711944075656905,0.013596862699108168,,,1.1517821713511072,0.6068560483599131,0.019811724504221924,0.25395515332507157,1.0026618527666267,-0.002661852766626671
1243.629139649774,2.709924584747066,63.65569071609699,659.8692274358878,0.2863627170805251,0.9253271126352371,-8.745336124999012,1.6729545895300326,0.025289394130029806,,0.06307528813956857,,0.8844909660141399,,,0.04166702880122471,0.013440520665183264,,,1.1445852473991338,0.6022054632771258,0.01928960324730212,0.24900725563618406,1.0026738036201164,-0.0026738036201163773
1227.3971772859609,2.6888709438035963,61.969677758101525,646.8270688693308,0.28649289929116584,0.9252069350960361,-8.745676021834877,1.6739848464447107,0.025528188090001975,,0.062455878997180074,,0.885324223789157,,,0.04162019962752849,0.01328606389005953,,,1.137500077330407,0.5975268764007992,0.018778690229727734,0.2440856863657852,1.0026863663039252,-0.0026863663039251584
1211.1652149221482,2.6676904885336623,60.3198168340543,633.8567265439964,0.28661699189686557,0.9250658080522665,-8.746082639169476,1.674948382860654,0.02576795457550318,,0.06184528920647141,,0.886149329869958,,,0.04157146443414413,0.013133470390194418,,,1.1305248677301425,0.592820108563036,0.018278732373955848,0.23919121756377223,1.002699553900768,-0.002699553900767926
1194.9332525583354,2.646382328918818,58.70529255530699,620.9602398377194,0.2867348668022479,0.9249032068254153,-8.74655731312311,1.6758438626575618,0.02600869615541936,,0.06124334047537828,,0.8869664907148626,,,0.041520831433266694,0.01298271787165693,,,1.1236578398362362,0.5880849619819596,0.01778948259251727,0.23432461880668656,1.0027133804951645,-0.0027133804951644525
1178.7012901945222,2.6249454884948182,57.12530893694695,608.1396420216115,0.28684639180896904,0.9247185724349809,-8.747101425589465,1.6766699039417503,0.026250416197849426,,0.06064985713170185,,0.8877759111236417,,,0.04146830909928999,0.012833783753067091,,,1.1168972307679526,0.5833212196655152,0.017310699677862713,0.22948665736664586,1.0027278611077006,-0.0027278611077006243
1162.4693278307097,2.6033789015490636,55.57908903350584,595.3969600615986,0.2869514302817437,0.9245113089851962,-8.747716407975032,1.677425075306724,0.026493118894711582,,0.06006466610544847,,0.888577794280473,,,0.04141390625544983,0.012686645194104675,,,1.110241291374916,0.5785286447886808,0.016842148191971468,0.22467809813645231,1.002743011835476,-0.0027430118354760946
1146.2373654668966,2.581681410104132,54.065874571567505,582.7342147507131,0.28704984091531327,0.924280781288064,-8.748403743853844,1.6781078931784545,0.026736809285659215,,0.05948759690375179,,0.8893723417795838,,,0.04135763206648252,0.012541279112582134,,,1.103688286134765,0.5737069800231405,0.016383598355020457,0.2198997036795144,1.0027588498624003,-0.00275884986240027
1130.005403103084,2.5598517607204876,52.58492558318583,570.1534206225765,0.2871414774193632,0.9240263120478149,-8.749164972521491,1.6787168182613499,0.02698149328484362,,0.05891848158282058,,0.8901597536748591,,,0.0412994960878312,0.01239766220599524,,,1.0972364917417694,0.568855946826775,0.015934825934298735,0.21515223419719867,1.002775393551506,-0.0027753935515060224
1113.7734407392713,2.5378886010647315,51.13552003898323,557.656586199447,0.28722618829916513,0.9237471792275812,-8.750001691524501,1.6792502530088829,0.027227177707711724,,0.0583571547141797,,0.8909402285242659,,,0.04123950824478573,0.012255770975848753,,,1.09088419696798,0.5639752446810514,0.015495612133025222,0.21043644762243283,1.0027926624590802,-0.002792662459080164
1097.5414783754582,2.515790476276505,49.716953481914295,545.2457133424167,0.28730381634250973,0.9234426122026842,-8.75091556238212,1.679706535901806,0.027473870304279727,,0.05780345334917702,,0.8917139634680555,,,0.041177678988459955,0.012115581732455891,,,1.0846296992762363,0.5590645502836677,0.015065743479367968,0.20575309937449687,1.0028106775381485,-0.002810677538148454
1081.3095160116454,2.4935558250157355,48.328538663431,532.9227980086491,0.28737419854496027,0.9231117892816029,-8.751908311578228,1.6800839404562407,0.027721579786250786,,0.057257216975322094,,0.8924811542700832,,,0.04111401914577959,0.01197707062012456,,,1.0784713071023357,0.5541235166701635,0.014645011716191212,0.20110294264477324,1.0028294610113095,-0.002829461011309542
1065.077553647833,2.471182975312423,46.96960518147952,520.6898292722044,0.28743716544641745,0.9227538329034771,-8.752981737940821,1.6803806678441902,0.02797031586737884,,0.05671828747448392,,0.8932419954310329,,,0.0410485401743253,0.011840213625781285,,,1.0724073342482427,0.5491517722916496,0.014233213691357431,0.19648672802724695,1.0028490367056235,-0.002849036705623531
1048.8455912840197,2.448670140028764,45.639499121170125,508.54878977602976,0.28749254093904714,0.922367806305993,-8.754137714938281,1.6805948445972732,0.028220089295816046,,0.05618650907161308,,0.8939966802452451,,,0.04098125403971171,0.011704986583286161,,,1.0664361018593405,0.544148920006392,0.013830151248839432,0.19190520368906783,1.0028694299398562,-0.002869429939856172
1032.6136289202072,2.426015412041341,44.33758269901835,496.5016555667288,0.28754014182757814,0.9219527090171513,-8.755378195675947,1.68072451761015,0.028470911895099506,,0.05566172828385529,,0.8947454009128234,,,0.04091217330869812,0.011571365201611153,,,1.060555935513413,0.5391145360091869,0.013435631120914652,0.18735911530819954,1.002890667706988,-0.0028906677069879816
1016.3816665563945,2.403216759054869,43.063233911276654,484.55039540016776,0.2875797772028226,0.92150747140211,-8.756705219935052,1.6807676471015878,0.028722796609738834,,0.05514379386522035,,0.8954883486514461,,,0.04084131129729445,0.01143932505257941,,,1.0547651619269818,0.5340481686788598,0.013049464821598987,0.18284920581138406,1.0029127788665404,-0.0029127788665403997
1000.1497041925813,2.380272017983016,41.81584618590969,472.6969712528812,0.28761124820388506,0.9210309502895164,-8.758120917032498,1.6807221037546842,0.028975757545904132,,0.05463255674574474,,0.8962257137932571,,,0.0407686819540553,0.011308841588992312,,,1.0490621102707605,0.5289493373295592,0.012671468541184755,0.178376215567125,1.0029357940820494,-0.002935794082049359
983.9177418287687,2.3571788889611818,40.59482803964416,460.94333720169897,0.2876343471619628,0.9205219219753867,-8.759627515397302,1.680585659140423,0.029229810027690612,,0.05412786997116518,,0.8969576859422375,,,0.04069430014932158,0.011179890138775093,,,1.0434451057559089,0.5238175308802626,0.012301463042316413,0.17394088196290527,1.0029597462014994,-0.0029597462014994136
967.6857794649561,2.333934928802407,39.39960273960632,449.2914403341754,0.287648857461641,0.9199790774677499,-8.761227344418696,1.6803559838695694,0.02948497064153945,,0.05362958863381721,,0.8976844540750373,,,0.040618181448699615,0.011052445923328874,,,1.0379124729352367,0.5186522064005349,0.011939273557456461,0.16954393974874543,1.0029846700808829,-0.0029846700808828786
951.4538171011429,2.3105375440358427,38.22960797051667,437.7432191923344,0.28765455243354554,0.9194010136968283,-8.76292284680462,1.6800306352341874,0.029741257304657317,,0.05313756980610142,,0.898406206735585,,,0.04054034253641119,0.010926484046291764,,,1.032462526530827,0.5134527875635206,0.011584729688035355,0.1651861204499375,1.0030106031243893,-0.0030106031243892772
935.2218547373303,2.2869839832763565,37.084295507610626,426.30060461540853,0.2876511951340619,0.9187862275363536,-8.764716581386674,1.6796070544026769,0.02999868931646526,,0.05265167246403718,,0.8991231321559365,,,0.04046080096203151,0.010801979497927487,,,1.0270935753311905,0.5082186629503015,0.011237665305336554,0.16086815268505983,1.0030375850799327,-0.003037585079932681
918.9898923735177,2.263271329066531,35.96313089421645,414.9655184834439,0.2876385372359252,0.9181331059161658,-8.766611235583976,1.6790825539559169,0.030257287435197375,,0.052171757412824184,,0.8998354184717644,,,0.04037957552127948,0.01067890715202871,,,1.0218039134973742,0.5029491842370069,0.010897918452792863,0.15659076169186562,1.0030656585578968,-0.0030656585578967555
902.7579300097045,2.2393964889612468,34.86559312770702,403.7398740907979,0.28761631853358255,0.9174399176415511,-8.768609631268628,1.6784543120218078,0.03051707394303763,,0.05169768720370216,,0.9005432538852921,,,0.04029668612596827,0.010557241760909235,,,1.0165918219473935,0.4976436642136104,0.01056533125082031,0.15235466946822562,1.0030948689758719,-0.003094868975871856
886.5259676458919,2.2153561859134503,33.79117434840326,392.6255754924082,0.2875842659493579,0.9167048025938489,-8.770714736084845,1.677719360956134,0.03077807272949035,,0.051229326050063376,,0.9012468268915211,,,0.040212154042801325,0.010436957959332324,,,1.0114555621015682,0.4923013746474334,0.010239749802546442,0.14816059452543706,1.0031252649437181,-0.00312526494371812
870.2940052820793,2.1911469478095436,32.73937953806321,381.6245171320159,0.2875420926026089,0.9159257603955533,-8.772929674149681,1.6768745766418398,0.031040309375936388,,0.050766539737296,,0.9019463264969919,,,0.04012600198743752,0.01031803024662186,,,1.0063933727926464,0.48692154395767634,0.009921024102443398,0.14400925174793053,1.0031568984683472,-0.0031568984683472134
854.0620429182661,2.1667650961075022,31.709726222550547,370.738583310018,0.28748949671572316,0.9151006375361629,-8.775257738589158,1.6759166659529061,0.031303811249280916,,0.050309195529038425,,0.9026419424710234,,,0.040038254289849584,0.010200432972379459,,,1.0014034655491963,0.48150335469055605,0.009609007946227438,0.1399013521924596,1.0031898252622908,-0.003189825262290835
837.8300805544535,2.1422067334470185,30.701744182549458,359.9696484016443,0.2874261607613344,0.9142271144212919,-8.77770240154496,1.674842156747646,0.03156860759803428,,0.04985716206706361,,0.9033338655990943,,,0.03994893689287242,0.01008414034525116,,,0.9964840225552641,0.4760459407660041,0.009303558843196806,0.1358376031704318,1.0032241049042814,-0.0032241049042813774
821.5981181906403,2.117467730181741,29.71497517100116,349.3195756236678,0.28735174985211376,0.9133026883156967,-8.780267332464302,1.6736473795788473,0.03183472967158176,,0.049410309267477165,,0.9040222879900084,,,0.03985807776978447,0.0099691263985137,,,0.9916331869752739,0.4705483844848313,0.009004537930606413,0.13181870778251614,1.0032598014257836,-0.003259801425783637
805.3661558268277,2.0925437096323254,28.748972636826558,338.7902174665762,0.28726591079052644,0.9123246575973716,-8.782956409353252,1.6723284564404395,0.032102210829536126,,0.04896850820873082,,0.9047074033687924,,,0.039765706823556485,0.009855364987239752,,,0.9868490627418605,0.4650097132516279,0.008711809889947441,0.12784536508172686,1.0032969833883194,-0.0032969833883194077
789.1341934630151,2.0674300320085064,27.803301456499096,328.38341465981233,0.28716827027298336,0.9112901011507948,-8.785773739294626,1.6708812802496062,0.03237108668238988,,0.04853163101506212,,0.9053894074359569,,,0.039671856332271015,0.009742829762400875,,,0.982129703750056,0.4594288960018903,0.008425242865605786,0.12391826968294804,1.0033357245456909,-0.0033357245456908657
772.9022310992019,2.0421217767704825,26.877537671651492,318.1009962205082,0.287058433488761,0.9101958576859248,-8.788723674827386,1.669301498467389,0.032641395227886415,,0.048099550730999786,,0.906068498225769,,,0.03957656099576463,0.009631494150380449,,,0.9774731106146525,0.45380483928232945,0.008144708385348937,0.12003811178132384,1.003376104102914,-0.0033761041029138905
756.6702687353893,2.016613723305621,25.97126823586597,307.94477885212234,0.28693598220588445,0.9090385010387769,-8.791810836028988,1.6675844910163296,0.032913177012869194,,0.04767214118864391,,0.9067448765190771,,,0.03947985829412496,0.009521331328134378,,,0.9728772210662473,0.4481363829568047,0.007870081283595749,0.11620557692532918,1.0034182073299804,-0.0034182073299804383
740.4383063715767,1.9909003296867491,25.084090767240035,297.91656667770116,0.2868004728452479,0.9078143132444042,-8.795040132898404,1.6657253478974567,0.033186475304018366,,0.047249276865395345,,0.9074187462813774,,,0.03938178871908366,0.009412314190676075,,,0.9683399027292006,0.44242229548594425,0.007601239626436374,0.11242134591611365,1.0034621260565326,-0.0034621260565326217
724.2063440077635,1.9649757092977669,24.215613308728713,288.0181508775598,0.28665143427511514,0.9065192539295589,-8.79841679096442,1.6637188435819823,0.03346133627900894,,0.04683083273158143,,0.9080903151477936,,,0.03928239610883444,0.00930441531747756,,,0.963858943544922,0.43666126873283706,0.007338064639008701,0.10868609467077728,1.003507959305687,-0.003507959305687036
707.9743816439509,1.9388336050548964,23.365454097313137,278.2513093802674,0.2864883653847587,0.9051489258972868,-8.801946379513446,1.6615594087835,0.03373780923643632,,0.046416684086514365,,0.9087597949512604,,,0.039181728002325826,0.009197606930744538,,,0.9594320416088563,0.43085191223442143,0.0070804406355494355,0.10500049410576129,1.003555813970845,-0.0035558139708449232
691.7424192801383,1.9124673609215614,22.533241339011056,268.61780661025585,0.286310732402073,0.9036985363033888,-8.805634842852482,1.6592410991950057,0.03401594682796441,,0.046006706381472355,,0.909427402301574,,,0.03907983603737937,0.009091860849246776,,,0.9550567938212935,0.4249927468714581,0.006828254951215472,0.10136521004160598,1.0036058055696726,-0.0036058055696726043
675.5104569163251,1.885869890364421,21.71861299359802,259.11939330676574,0.2861179659290973,0.9021628527947576,-8.809488534930475,1.6567575608675558,0.034295805315757426,,0.04560077502773118,,0.9100933592189295,,,0.03897677639774797,0.008987148436233517,,,0.9507306832284905,0.4190821978587602,0.006581397876847884,0.09778090313462859,1.0036580590806423,-0.0036580590806423174
659.2784945525125,1.8590336413562165,20.92121656638877,249.75780597478263,0.2859094573605445,0.900536152508425,-8.813514260999817,1.6541019885487565,0.034577444863383905,,0.045198765188241494,,0.9107578938387942,,,0.03887261044964836,0.008883440514444585,,,0.9464510627611518,0.4131185869680481,0.006339762595875385,0.09424822866972929,1.0037127099911287,-0.0037127099911287154
643.0465321886999,1.8319505574320125,20.14070890865266,240.53476737814978,0.285684555552428,0.8988121670549922,-8.8177193169693,1.651267086329817,0.03486092984477281,,0.044800551549527744,,0.9114212411734157,,,0.03876740509820297,0.008780707319541458,,,0.9422151431779798,0.4071001238737806,0.006103245123834139,0.09076783674647161,1.0037699051406879,-0.003769905140687868
626.8145698248867,1.8046120342658,19.376756026378402,231.45198592968094,0.2854425622617799,0.8969840160119309,-8.822111542559878,1.6482450144897811,0.035146329215056414,,0.0444060080710025,,0.91208364395441,,,0.03866123373888808,0.008678918386284382,,,0.9380199698891595,0.40102489650351114,0.005871744250417698,0.0873403720489362,1.0038298041505849,-0.00382980415058487
610.5826074610741,1.777008871127353,18.629032897225017,222.51115603032224,0.2851827276873921,0.8950441339341242,-8.826699373916382,1.6450273368838193,0.03543371690194638,,0.044015007709768524,,0.9127453535646088,,,0.038554176853482315,0.008578042450803066,,,0.9338624057909909,0.3948908602505229,0.005645161484007581,0.0839664739737065,1.0038925805786627,-0.0038925805786627077
594.3506450972615,1.7491312164566923,17.89722329807316,213.71395795871192,0.2849042450277022,0.8929841846635886,-8.831491907534115,1.641604957016627,0.03572317226471617,,0.043627422114959576,,0.9134066310595311,,,0.03844632304497461,0.008478047312164097,,,0.9297391053500292,0.388695825879265,0.00542340099941611,0.08064677658819318,1.0039584235316295,-0.003958423531629451
578.1186827334483,1.7209685066833142,17.181019639632137,205.0620578851322,0.28460624436706716,0.8907949629211737,-8.83649897224361,1.637968046057674,0.03601478060558078,,0.04324312128890963,,0.9140677483044412,,,0.03833777012304823,0.008378899657058826,,,0.9256464874840771,0.38243744592962536,0.005206369587767314,0.07738190863589894,1.004027539373458,-0.0040275393734579
561.8867203696357,1.692509397214964,16.48012281336448,196.55710873168653,0.28428778640219565,0.8884662839600138,-8.841731203817984,1.6341059682338432,0.036308633740132976,,0.04286197320750604,,0.9147289892124378,,,0.03822862610606124,0.008280564908055534,,,0.9215807085205222,0.3761131993811031,0.004993976610110449,0.07417249386101378,1.0041001534340608,-0.004100153434060783
545.6547580058225,1.6637416843446327,15.794242045729165,188.20075006912768,0.2839478543875197,0.8859868513541888,-8.847200140002942,1.6300071857994283,0.03660483067748785,,0.04248384339249535,,0.9153906510952321,,,0.03811901096372732,0.00818300695242451,,,0.9175376215660664,0.3697203742988073,0.004786133953251262,0.07101915096948214,1.0041765124038793,-0.0041765124038792845
529.4227956420099,1.6346522166297512,15.12309476546346,179.9946086293354,0.2835853454376669,0.8833441059461842,-8.85291832380175,1.625659155751162,0.0369034783726481,,0.04210859443137543,,0.9160530461865363,,,0.03800905822930484,0.0080861878421087,,,0.9135127376506084,0.3632560481399447,0.0045827559895343815,0.06792249382239071,1.0042568866893253,-0.004256886689325334
513.1908332781973,1.6052267938950302,14.466406481160845,171.94029920619812,0.2831990608785392,0.8805240514705246,-8.858899418603666,1.6210482146997887,0.03720469259814361,,0.04173608543071602,,0.9167165032879728,,,0.03789891691824392,0.007990067452051032,,,0.9095011799331255,0.3567170653100067,0.004383759539745711,0.06488313177592382,1.0043415730889838,-0.004341573088983752
496.9588709143841,1.575450051687631,13.823910671114746,164.039425493026,0.28278769507269536,0.8775110504001409,-8.865158341707383,1.6161594453466144,0.037508598964342436,,0.041366171390449076,,0.9173813695455636,,,0.03778875396207013,0.007894603030121934,,,0.9054976278892801,0.35010001148614023,0.004189063839731741,0.0619016699973683,1.0044308979282048,-0.0044308979282048355
480.72690855057147,1.5453053285961806,13.195348686026085,156.2935804448016,0.28234982193280905,0.8742875813169687,-8.871711425202964,1.6109765156015765,0.03781533411677741,,0.04099870248672763,,0.9180480124062851,,,0.037678757344763315,0.007799748561833299,,,0.9014962490397207,0.3434011841324846,0.003998590510916995,0.058978709601811924,1.0045252207996094,-0.004525220799609375
464.49494618675885,1.5147745132201367,12.580469666012723,148.70434792199205,0.28188388083219224,0.8708339617191224,-8.878576585998006,1.6054815085570766,0.038125047101309824,,0.04063352324539767,,0.9187168217509436,,,0.03756913916843163,0.007705454104748055,,,0.8974906301249679,0.3366165584933637,0.0038122635351553707,0.05611484827244983,1.004624938269521,-0.0046249382695209285
448.26298382294567,1.4838378667347167,11.979030472537874,141.27330377378377,0.28138815967132674,0.8671280178135343,-8.885773529992989,1.599654718312637,0.03843790102579118,,0.04027047157421371,,0.9193882120745804,,,0.03746014004060158,0.007611664843571944,,,0.8934736844397871,0.3297417481632704,0.003630009234102386,0.053310680669352364,1.0047304885329678,-0.004730488532967758
432.03102145913306,1.4524738162913304,11.390795636814412,134.0020162175062,0.2808607742437566,0.8631446881781879,-8.893324000522478,1.5934744015336904,0.0387540750393891,,0.03990937763450651,,0.9200626248435472,,,0.037352034644943084,0.007518319766638566,,,0.8894375397267947,0.3227719591758512,0.0034517562535801246,0.050566798572643845,1.0048423568896354,-0.004842356889635413
415.79905909532044,1.420658713132431,10.81553732841976,126.89204837736717,0.28029964768387533,0.8588555739437731,-8.901252030457155,1.5869165253495563,0.039073766625350004,,0.039550062513554536,,0.9207405309391049,,,0.03724513715942357,0.007425350297176407,,,0.8853734258436236,0.3157019362516513,0.003277435554066594,0.047883791840515916,1.0049610809092595,-0.004961080909259508
399.56709673150726,1.3883665475272113,10.253035341567953,119.94495830148306,0.27970248309403184,0.8542283835102961,-8.909584274638338,1.579954434918914,0.03939719453290378,,0.03919233663157843,,0.9214224328161553,,,0.037139810172362446,0.007332678042414436,,,0.8812715052574006,0.3085258994504914,0.0031069804065357435,0.04526224841565398,1.0050872576625105,-0.005087257662510503
383.33513436769465,1.3555686112025738,9.703077106731929,113.16230023189225,0.27906673444631164,0.849226288227412,-8.918350368151888,1.5725584951559064,0.03972460221890999,,0.03883599785163739,,0.9221088667079633,,,0.03703647404954233,0.0072402121784911795,,,0.8771206962423629,0.3012374691561275,0.002940326395979372,0.04270275480448764,1.0052215507876343,-0.00522155078763431
367.10317200388204,1.3222330944899472,9.165457728878042,106.54562439829809,0.27838957129405495,0.8438071447116782,-8.927583361090653,1.5646956559676841,0.04005626220657926,,0.03848082918184101,,0.9228004041353042,,,0.0369356200866106,0.007147845717334584,,,0.8729084358516389,0.2938295765533216,0.002777411432993346,0.04020589599935777,1.0053646991210903,-0.005364699121090277
350.87120964006886,1.2883246023482433,8.639980053165536,100.09647709297874,0.2776678408547446,0.8379225872970497,-8.937320192686368,1.5563289781225116,0.04039248144232515,,0.03812659597979674,,0.9234976525922424,,,0.03683782615813668,0.007055450837852044,,,0.8686204036048851,0.2862943560773874,0.002618175773686526,0.03777225550678443,1.0055175255680278,-0.005517525568027759
334.63924727625624,1.2538035680651685,8.12645476684779,93.8163975827778,0.2768980211339393,0.8315169257792504,-8.947602277119325,1.5474170474400974,0.04073360822614221,,0.03777304249158657,,0.9242012543659264,,,0.03674377896071878,0.006962872063188707,,,0.8642401466752683,0.278623015125593,0.002462562050559936,0.0354024141821803,1.0056809478814204,-0.005680947881420373
318.40728491244363,1.2186255374113415,7.624700541059496,87.7069137119611,0.27607617042820004,0.82452585788087,-8.95847614545466,1.5379133328553038,0.04108004093901473,,0.03741988756036268,,0.9249118830074828,,,0.036654301710216296,0.00686991742436474,,,0.8597486251196562,0.2708056749802981,0.0023105153154725742,0.033096948570551364,1.0058559897024266,-0.005855989702426623
302.17532254863045,1.1827402858750988,7.134544217824371,81.76953265793811,0.27519786826422266,0.8168749335601262,-8.969994202283601,1.527765429776906,0.04143223954323731,,0.03706681919636955,,0.9256302351444794,,,0.03657039297571058,0.00677634584321794,,,0.8551235965226368,0.26283117463891087,0.0021619830963104155,0.030856427418089853,1.0060437931597774,-0.006043793159777433
285.94336018481783,1.146090719303123,6.655821053708021,76.00572636598812,0.27425815337903875,0.8084777839635409,-8.98221553998311,1.5169142458279392,0.04179074064360403,,0.036713487655953905,,0.9263570155362602,,,0.036493278630824494,0.006681850039107487,,,0.8503388128064089,0.2546868265118051,0.0020169154708206123,0.028681406175844575,1.0062456318621462,-0.006245631862146217
269.7113978210052,1.108611488775313,6.18837502581394,70.41690636727435,0.27325145497817177,0.7992340648441205,-8.995206858172857,1.5052930813887357,0.04215617789187248,,0.03635949645404882,,0.9270929105595164,,,0.036424486447016624,0.006586031859471639,,,0.8453628992553638,0.2463581086167362,0.0018752651593375576,0.02657241749708466,1.0064629253200534,-0.0064629253200534365
253.47943545719204,1.070227224111247,5.732059214509121,65.00438382797536,0.2721715239344795,0.7890271574156255,-9.009043421451802,1.4928266718603336,0.04252930976247142,,0.036004390565304835,,0.927838544211176,,,0.03636595237040441,0.006488367348999075,,,0.8401577904176332,0.23782827202472154,0.0017369876407603397,0.024529956161500135,1.006697254495884,-0.006697254495884097
237.24747309337943,1.0308502489314364,5.286736281306729,59.76930695516865,0.2710113788861822,0.7777217810416672,-9.023809895714464,1.4794303513482134,0.04291105816604166,,0.035647640632371844,,0.9285944052778802,,,0.036320175987456634,0.006388157113926798,,,0.8346764681203895,0.22907783309587476,0.0016020412973656755,0.022554455454780624,1.0069503790116354,-0.006950379011635421
221.01551072956624,0.9903775780784171,4.852279042277076,54.71256030538861,0.269763270417016,0.7651616484291723,-9.039601033755797,1.465009367057423,0.04330256381052078,,0.035288621390841615,,0.9293607268744312,,,0.03629045940612269,0.006284452028611266,,,0.8288595372638179,0.22008390623964824,0.001470387588568811,0.020646249171844756,1.0072242597000067,-0.00722425970000673
204.78354836575363,0.9486869032994272,4.428571172697559,49.834607753315254,0.2684187183243845,0.75116789127488,-9.056521596296667,1.449458958267094,0.043705266118385565,,0.03492658170625938,,0.9301372902485318,,,0.036281275404911016,0.006175945940581992,,,0.8226299460825872,0.21081931184431715,0.001341991264453806,0.018805512359741604,1.007521093300284,-0.007521093300284054
188.55158600194102,0.905631114545551,4.015508022209638,45.13524234951783,0.2669686638850744,0.7355391540335244,-9.074685026669252,1.4326656816450516,0.044121023383491074,,0.03456060174002899,,0.9309230970950102,,,0.03629886688926361,0.006060811106114727,,,0.815884430089382,0.20125135878790024,0.0012168206127907994,0.01703216692434635,1.0078433768304174,-0.007843376830417359
172.31962363812784,0.8610306504633949,3.6129975326330395,40.61318965132889,0.2654038932330114,0.7180558337861752,-9.094209080489499,1.4145117815753476,0.04455229631827861,,0.03418953032537972,,0.9317158216937392,,,0.03635224441447029,0.005936450680130817,,,0.8084791987290384,0.1913401445474211,0.001094847737161527,0.015325731943897693,1.00819404711372,-0.008194047113720071
156.08766127431522,0.8146625215622966,3.2209611133600813,36.26547053416633,0.26371597433857796,0.698492748957893,-9.11520555636646,1.394885459448929,0.045002440286176906,,0.033811890127516536,,0.9325108662391367,,,0.03645492949952129,0.005799110161335921,,,0.8002049129243088,0.18103611590273258,0.0009760488222303276,0.013685083220440125,1.0085767960275105,-0.008576796027510492
139.8556989105026,0.7662440506623496,2.8393340801241025,32.086371572172396,0.26189925360227606,0.6766492648779402,-9.13775766091364,1.3737035086522909,0.045476187006945015,,0.03342572885025921,,0.9332996918018991,,,0.036628133967940346,0.005643257787392388,,,0.7907411481440613,0.17027645570274436,0.0008604042667042735,0.012108064744215998,1.008996812407491,-0.008996812407491062
123.62373654668943,0.7154078433311308,2.468064448516889,28.06576110544184,0.2599551473054173,0.652416246206874,-9.161870284438224,1.3509610388782498,0.04598047706329531,,0.03302837472814803,,0.9340667452215361,,,0.036906885546661196,0.0054605691901060665,,,0.7795694816541667,0.1589795207402513,0.0007478983177323906,0.010590853247336544,1.0094625746864512,-0.009462574686451175
107.39177418287682,0.6616613920252665,2.107106289977861,24.186310902524454,0.25790160635896986,0.6259227501945559,-9.187358691557433,1.3268427855095837,0.04652599003628938,,0.03261601047711623,,0.934783474295332,,,0.0373526416808415,0.005238178280712914,,,0.7657990737571576,0.14703586489450368,0.0006385170575690488,0.00912690977453753,1.0099903047340026,-0.009990304734002642
91.1598118190642,0.6034140460041821,1.7531301616243504,22.918975195415907,0.26455574207287186,0.7009189903584436,-9.11273163635133,1.4028399944662286,0.047605727899200624,,0.03208276554561838,,0.9327578752465733,,,0.033315446988253845,0.0038956749964983283,,,0.8621821604509744,0.1340920102231516,0.000531251564128591,0.008648669885062606,1.0020517627769439,-0.002051762776943855
74.92784945525102,0.5416847180695908,1.414226398354238,22.252023761185676,0.2582684900120074,0.6265088422969449,-9.186664166754747,1.3302776178133549,0.04819533677253303,,0.03164189782168153,,0.9337017987524379,,,0.032576521521410766,0.003176282472629373,,,0.885018635935691,0.1203743817932424,0.0004285534540467388,0.008396990098560632,1.0010965005681596,-0.0010965005681595752
58.69588709143841,0.4736326957427575,1.0854428366127538,21.52891374029751,0.25707053929446094,0.6101673474072613,-9.202317604182626,1.3159943341360183,0.049038922622012995,,0.031134272390937513,,0.9336609705422041,,,0.032585053879469396,0.0026135132836812756,,,0.884532380156995,0.10525171016505723,0.0003289220717008345,0.008124118392565098,0.9999938100962923,6.189903707709554e-06
42.463924727625795,0.39729267806831176,0.7715110898251579,20.959445664844964,0.2506086578492522,0.5246883297513847,-9.279692623431277,1.2399894686379103,0.04962548996842978,,0.030654614725359675,,0.9357247152819133,,,0.03211638665138539,0.0024227907007589177,,,0.8875316980720311,0.08828726179295816,0.00023379123934095695,0.007909224779186779,1.0009185073594173,-0.0009185073594173421
26.231962363812613,0.305942558937967,0.4670593329292265,20.182360309633992,0.24744813465160256,0.4802037529653262,-9.318916573311327,1.2021356725084011,0.050734120134705976,,0.030026756493836022,,0.9358551149776283,,,0.03240399032391445,0.001710885158629312,,,0.8801660879342915,0.06798723531954823,0.0001415331311906747,0.007615985022503394,0.9999967469540081,3.253045991913339e-06
10.0,0.18232853878966615,0.6004362364927792,19.41834393561241,0.2350845653019715,0.31845523159033656,-9.470372523470505,1.0520498760997654,0.051993329161904765,,0.03039027815759965,,0.9373897794967359,,,0.032331558952269863,0.0010189850675364435,,,0.911237853857838,0.040517453064370254,0.00018195037469478158,0.007327676956834872,1.0011306016741417,-0.0011306016741416958
