P_bars,H2OT_m_wtpc,CO2T_m_ppmw,ST_m_ppmw,Fe3Fet_m,S6St_m,logfO2,dFMQ,vapor_wt,O2_v_mf,CO2_v_mf,CO_v_mf,H2O_v_mf,H2_v_mf,S2_v_mf,SO2_v_mf,H2S_v_mf,CH4_v_mf,OCS_v_mf,CS_v_mf,H2OT_m_wtpc_norm,CO2T_m_ppmw_norm,ST_m_ppmw_norm,SUM_v_mf,XO2_BYDIFF_v_mf
1593.2432068099706,0.3,800.0,1500.0,0.18322036558823668,0.18761169929333527,-7.631914942301124,0.5500000000000007,0.0,,0.9924690263248,,0.007530973675199901,,,0.0,0.0,,,,1.0,1.0,1.0,1.0,0.0
1590.600062892091,0.29999985002024626,778.8664975017035,1499.6447169749274,0.18430891481249817,0.19662139354507827,-7.616095996436936,0.5660163092222756,2.1986623862483533e-05,,0.9680650661971757,,0.00754297026338858,,,0.02396318580727505,0.0004331289704938797,,,39.68079093155996,0.9999995000674876,0.9735831218771294,0.9997631446499516,1.0000043512383332,-4.351238333200058e-06
1587.956918974211,0.29999982788694146,777.3647417551638,1499.6188171882045,0.18430767904583437,0.19661100635928935,-7.616375789184148,0.5659338798331524,2.3550409051770873e-05,,0.9680152249098648,,0.007555013055993319,,,0.0239938310100353,0.00043407930134005927,,,39.62742668410276,0.9999994262898049,0.9717059271939548,0.9997458781254697,0.9999981482772334,1.8517227665659775e-06
1585.3137750563315,0.29999980419617456,775.8649659986472,1499.5928806397565,0.18430644671522273,0.1966006484141397,-7.616655539473981,0.5658514929014062,2.5112254173809102e-05,,0.9679668415324587,,0.007567095832958911,,,0.024029096206985356,0.0004351146575393747,,,39.56664888529457,0.9999993473205819,0.969831207498309,0.9997285870931709,0.9999981482299424,1.8517700576259344e-06
1582.6706311384514,0.29999977893876884,774.3657983238139,1499.56686740956,0.18430521231806674,0.19659027345878902,-7.616935328407471,0.5657690673260047,2.6673650102367382e-05,,0.9679182946860629,,0.007579218929627526,,,0.024064477358144768,0.0004361537678446196,,,39.50585149046753,0.9999992631292295,0.9679572479047674,0.9997112449397066,0.9999981447416799,1.8552583200825978e-06
1580.0274872205719,0.29999975210755475,772.867241775829,1499.5407771618784,0.18430397584690025,0.19657988143229854,-7.617215156095136,0.5656866029964265,2.8234594377838005e-05,,0.9678695876099724,,0.007591382548017097,,,0.024099974441178305,0.00043719664034411095,,,39.445035631626716,0.9999991736918492,0.9660840522197863,0.9996938514412522,0.9999981412395119,1.8587604880826447e-06
1577.384343302692,0.29999972369530076,771.3692961694481,1499.51460950114,0.18430273728998944,0.19656947223787527,-7.617495022710396,0.5656040997392546,2.9795088047321382e-05,,0.967820719509755,,0.007603586891512225,,,0.024135588025320384,0.0004382432941309077,,,39.38420130456749,0.9999990789843359,0.9642116202118102,0.9996764063340934,0.9999981377207184,1.862279281561463e-06
1574.7411993848123,0.2999996936947243,769.8719613227286,1499.4883640291484,0.1843014966355236,0.1965590457780971,-7.617774928427814,0.5655215573799239,3.13551321613645e-05,,0.9677716895892644,,0.007615832164832164,,,0.024171318682814108,0.00043929374825513206,,,39.323348506659585,0.9999989789824143,0.9623399516534107,0.9996589093527656,0.9999981341851658,1.865814834189905e-06
1572.0980554669327,0.2999996620984766,768.3752370533891,1499.4620403450506,0.18430025387161478,0.19654860195490945,-7.618054873423089,0.5654389757427367,3.291472777293606e-05,,0.9677224970469125,,0.007628118574099749,,,0.024207166989310244,0.00044034802244659213,,,39.26247723493869,0.9999988736615888,0.9604690463167365,0.9996413602300337,0.9999981306327691,1.869367230900032e-06
1569.454911549053,0.2999996288991899,766.8791231795185,1499.4356380452366,0.1842990089862904,0.19653814066956402,-7.618334857873179,0.5653563546507341,3.44738759444007e-05,,0.9676731410760316,,0.007640446326830169,,,0.024243133524879765,0.0004414061355649439,,,39.20158748703189,0.9999987629972997,0.9585989039743982,0.9996237586968244,0.9999981270633065,1.8729366935144043e-06
1566.811767631173,0.29999959408942806,765.3836195189771,1499.4091567233627,0.18429776196749834,0.19652766182266046,-7.618614881956216,0.5652736939257856,3.603257774287821e-05,,0.9676236208643811,,0.007652815631897002,,,0.024279218872546082,0.0004424681079620932,,,39.1406792597651,0.9999986469647603,0.9567295243987214,0.9996061044822417,0.9999981234767864,1.876523213595327e-06
1564.1686237132933,0.29999955766170355,763.8887258905629,1499.3825959703242,0.18429651280310344,0.19651716531411992,-7.618894945851555,0.5651909933885326,3.759083424154148e-05,,0.9675739355944231,,0.00766522669961844,,,0.024315423619690697,0.0004435339593210551,,,39.07975255043203,0.9999985255390119,0.9548609073632036,0.9995883973135495,0.9999981198730533,1.8801269466850457e-06
1561.5254797954137,0.29999951960846766,762.3944421122809,1499.3559553742577,0.1842952614808878,0.1965066510431843,-7.619175049739786,0.5651082528583906,3.914864651836095e-05,,0.9675240844433302,,0.007677679741713152,,,0.02435174835791225,0.0004446037089285671,,,39.01880735663379,0.9999983986948923,0.9529930526403512,0.9995706369161719,0.9999981162518841,1.8837481159383884e-06
1558.8823358775337,0.29999947992213616,760.9007680026306,1499.3292345204718,0.18429400798855117,0.1964961189084218,-7.619455193802708,0.5650254721535548,4.0706015657045565e-05,,0.9674740665824847,,0.007690174971364182,,,0.02438819368186624,0.00044567737755414025,,,38.95784367518036,0.9999982664071205,0.9511259600032882,0.9995528230136479,0.9999981126132693,1.8873867306812286e-06
1556.2391919596541,0.29999943859505324,759.4077033799639,1499.3024329914276,0.1842927523137063,0.19648556880768808,-7.619735378223413,0.5649426510909388,4.226294274948134e-05,,0.9674238811779596,,0.0077027126031559475,,,0.02442476019074553,0.0004467549851682714,,,38.89686150342932,0.9999981286501775,0.9492596292249549,0.9995349553276184,0.9999981089570293,1.891042970658674e-06
1553.5960480417743,0.299999395619527,757.9152480638809,1499.2755503667472,0.18429149444388138,0.19647500063814607,-7.62001560318624,0.5648597894861984,4.381942889230423e-05,,0.967373527390487,,0.007715292853166584,,,0.024461448488127202,0.00044783655123992736,,,38.835860839106005,0.9999979853984233,0.947394060079851,0.9995170335778315,0.9999981052830207,1.8947169793115393e-06
1550.9529041238945,0.2999993509877944,756.4234018725479,1499.2485862231695,0.18429023436652087,0.19646441429627348,-7.620295868876769,0.5647768871537577,4.537547518731748e-05,,0.9673230043745896,,0.0077279159389319636,,,0.024498259180377693,0.00044892209729842256,,,38.77484167881502,0.9999978366259814,0.9455292523406849,0.999499057482113,0.9999981015911977,1.8984088022699908e-06
1548.309760206015,0.2999993046920618,754.9321646252364,1499.2215401345084,0.18428897206897987,0.1964538096778157,-7.6205761754819035,0.5646939439067102,4.69310827448921e-05,,0.9672723112794733,,0.007740582079465534,,,0.024535192878858542,0.0004500116435149762,,,38.7138040200275,0.9999976823068728,0.9436652057815454,0.9994810267563389,0.9999980978813123,1.9021186876688745e-06
1545.6666162881352,0.29999925672444766,753.4415361409092,1499.1944116716625,0.18428770753852758,0.19644318667781538,-7.620856523189814,0.5646109595568882,4.848625267949315e-05,,0.9672214472486452,,0.007753291495281824,,,0.024572250198756907,0.00045110521059891313,,,38.652747859985915,0.9999975224148255,0.9418019201761365,0.9994629411144417,0.9999980941532828,1.905846717220605e-06
1543.0234723702554,0.29999920707703126,751.9515162389854,1499.1672004025913,0.18428644076234507,0.19643254519059344,-7.6211369121899795,0.5645279339148095,5.004098611168722e-05,,0.9671704114198229,,0.007766044408412483,,,0.024609431759342,0.0004522028194486609,,,38.591673195902665,0.9999973569234376,0.9399393952987317,0.9994448002683942,0.999998090407026,1.9095929739698647e-06
1540.3803284523756,0.29999915574184355,750.4621047388301,1499.1399058922207,0.1842851717275234,0.1964218851097334,-7.621417342673208,0.5644448667896693,5.159528417075721e-05,,0.9671192029247575,,0.007778841042393136,,,0.024646738183990727,0.0004533044911651684,,,38.530580024950126,0.9999971858061452,0.9380776309235377,0.9994266039281471,0.9999980866423066,1.913357693394957e-06
1537.737184534496,0.29999910271085034,748.973301459806,1499.1125277025137,0.18428390042106443,0.196411206328089,-7.621697814831626,0.5643617579893379,5.314914799029818e-05,,0.9670678208897305,,0.007791681622303091,,,0.02468417010064062,0.00045441024639736956,,,38.4694683446465,0.9999970090361678,0.9362166268247575,0.9994083518016759,0.9999980828590715,1.91714092845352e-06
1535.094040616616,0.29999904797594373,747.4851062215735,1499.0850653923803,0.18428262682988072,0.19640050873778298,-7.6219783288586855,0.5642786073203672,5.47025787101883e-05,,0.9670162644345646,,0.007804566374770641,,,0.024721728140720062,0.0004555201070803847,,,38.408338151848895,0.9999968265864791,0.9343563827769669,0.9993900435949202,0.9999980790571357,1.9209428643307547e-06
1532.4508966987364,0.29999899152899945,745.9975188439653,1499.057518517663,0.18428135094079093,0.19638979223016917,-7.6222588849492245,0.5641954145879149,5.62555774788898e-05,,0.9669645326736077,,0.007817495527980207,,,0.024759412940637476,0.00045663409414954496,,,38.347189444071994,0.9999966384299982,0.9324968985549567,0.9993716790117754,0.9999980752363749,1.9247636251495948e-06
1529.8077527808568,0.29999893336180217,744.5105391472197,1499.0298866311377,0.18428007274052463,0.19637905669587258,-7.6225394832994,0.5641121795958277,5.7808145448919225e-05,,0.9669126247148844,,0.007830469311697173,,,0.024797225140518776,0.00045775222958479764,,,38.286022218317235,0.9999964445393406,0.9306381739340246,0.9993532577540918,0.9999980713966851,1.928603314937938e-06
1527.1646088629768,0.2999988734660681,743.024166950531,1499.002169282443,0.18427879221571639,0.19636830202474012,-7.6228201241067755,0.5640289021465392,5.936028378088346e-05,,0.9668605396604635,,0.007843487957268684,,,0.024835165385172702,0.0004588745349511086,,,38.2248364719008,0.9999962448868936,0.9287802086881638,0.9993347795216286,0.9999980675378559,1.932462144083047e-06
1524.5214649450973,0.2999988118334972,741.5384020747831,1498.9743660180789,0.18427750935290724,0.19635752810585314,-7.623100807570298,0.5639455820411055,6.091199364221822e-05,,0.9668082766063553,,0.007856551697643772,,,0.024873234323681867,0.0004600010320977756,,,38.16363220206625,0.9999960394449907,0.9269230025934789,0.9993162440120525,0.9999980636597786,1.9363402213867786e-06
1521.8783210272172,0.2999987484556867,740.0532443402595,1498.946476381399,0.18427622413854433,0.19634673482752496,-7.623381533890302,0.563862219079188,6.246327620594045e-05,,0.9667558346424384,,0.007869660767392013,,,0.02491143260965648,0.00046113174282273837,,,38.1024094061653,0.9999958281856224,0.9250665554253245,0.9992976509209326,0.9999980597623096,1.94023769040097e-06
1519.2351771093377,0.2999986833241907,738.568693566932,1498.918499912528,0.1842749365589794,0.19633592207728834,-7.623662303268537,0.5637788130590415,6.401413265299529e-05,,0.966703212852183,,0.007882815402703315,,,0.024949760900730606,0.0004622666897209395,,,38.041168081189134,0.9999956110806357,0.9232108669586649,0.9992789999416853,0.9999980558453379,1.9441546621479233e-06
1516.5920331914576,0.29999861643051057,737.0847495755698,1498.8904361483883,0.1842736466004672,0.19632508974188165,-7.623943115908186,0.5636953637774793,6.556456417046762e-05,,0.966650410312937,,0.007896015841424988,,,0.024988219859476864,0.0004634058948087287,,,37.97990822453338,0.999995388101702,0.9213559369694623,0.9992602907655922,0.9999980519086475,1.9480913524549948e-06
1513.948889273578,0.29999854776607776,735.6014121869364,1498.8622846226374,0.18427235424916655,0.1963142377072582,-7.624223972013852,0.5636118710299014,6.711457195255308e-05,,0.9665974260956368,,0.00790926232304792,,,0.025026810152621138,0.00046454938081879764,,,37.91862983328293,0.9999951592202593,0.9195017652336704,0.9992415230817583,0.9999980479521245,1.952047875453111e-06
1511.3057453556985,0.299998477322253,734.1186812218579,1498.8340448656509,0.18427105949113748,0.19630336585856437,-7.624504871791597,0.5635283346102433,6.866415720037173e-05,,0.9665442592648924,,0.007922555088743235,,,0.025065532451542052,0.00046569717047707684,,,37.8573329046129,0.99999492440751,0.9176483515273223,0.9992226965771006,0.9999980439756548,1.9560243451621773e-06
1508.6626014378185,0.2999984050903519,732.6365565010705,1498.8057164045047,0.18426976231234082,0.1962924740801332,-7.624785815448955,0.5634447543109742,7.021332112248002e-05,,0.9664909088789234,,0.007935894381374332,,,0.025104387432539788,0.0004668492861437499,,,37.79601743597955,0.9999946836345064,0.9157956956263381,0.9992038109363365,0.9999980399789812,1.9600210188208678e-06
1506.019457519939,0.29999833106160895,731.155037845777,1498.7772987629073,0.1842684626986393,0.19628156225549553,-7.62506680319491,0.5633611299231056,7.176206493400065e-05,,0.9664373739891892,,0.007949280445494986,,,0.02514337577570372,0.00046800575165206,,,37.734683424122494,0.9999944368720298,0.9139437973072212,0.9991848658419382,0.99999803596204,1.964037960044962e-06
1503.376313602059,0.29999825522721285,729.6741250775144,1498.7487914612464,0.18426716063579263,0.19627063026734,-7.625347835239968,0.5632774612361358,7.331038985717352e-05,,0.9663836536413,,0.007962713527381277,,,0.025182498167153986,0.0004691665888568958,,,37.67333086695085,0.9999941840907095,0.9120926563468931,0.9991658609741643,0.9999980319246922,1.9680753078343827e-06
1500.7331696841793,0.2999981775782787,728.193818017285,1498.7201940164534,0.1842658561094609,0.19625967799753954,-7.625628911796116,0.5631937480380751,7.48582971220792e-05,,0.9663297468733998,,0.007976193875044325,,,0.02522175529638205,0.00047033182186915996,,,37.61195976121909,0.999993925260929,0.9102422725216063,0.999146796010969,0.9999980278666953,1.9721333046618383e-06
1498.0900257662995,0.2999980981058483,726.7141164866871,1498.6915059420596,0.18426454910520162,0.1962487053271284,-7.625910033076851,0.5631099901154286,7.640578796562019e-05,,0.9662756527174742,,0.007989721738236243,,,0.025261147858188265,0.0004715014740820666,,,37.55057010417131,0.9999936603528278,0.9083926456083589,0.9991276706280398,0.9999980237879806,1.9762120193611565e-06
1495.44688184842,0.29999801680090654,725.235020307344,1498.662726748121,0.18426323960846797,0.1962377121362875,-7.626191199297216,0.5630261872531506,7.795286363266965e-05,,0.9662213701985743,,0.008003297368473581,,,0.025300676552124927,0.0004726755691097404,,,37.489161893012145,0.9999933893363552,0.9065437753841801,0.9991084844987473,0.9999980196882827,1.98031171727564e-06
1492.80373793054,0.2999979336543902,723.7565293011214,1498.6338559412297,0.18426192760461033,0.19622669830435677,-7.626472410673779,0.5629423392346755,7.94995253739319e-05,,0.9661668983351913,,0.008016921019063856,,,0.025340342082537787,0.000473854130789936,,,37.427735124921874,0.9999931121813007,0.9046956616264018,0.9990892372941531,0.9999980155675828,1.9844324171680583e-06
1490.1605940126603,0.29999784865712414,722.2786432899712,1498.6048930244465,0.18426061307887134,0.1962156637097944,-7.6267536674246985,0.5628584458418429,8.104577444918255e-05,,0.9661122361390635,,0.008030592945079764,,,0.02538014515917979,0.0004750371822878263,,,37.366289797522434,0.9999928288570805,0.9028483041124641,0.9990699286829643,0.9999980114256108,1.988574389155673e-06
1487.5174500947808,0.2999977617999201,720.8013620957045,1498.575837497232,0.18425929601639096,0.19620460823021973,-7.627034969769654,0.5627745068549759,8.259161212549546e-05,,0.9660573826143861,,0.008044313403435381,,,0.025420086495428783,0.00047622474895597273,,,37.304825907352416,0.9999925393330671,0.9010017026196305,0.999050558331488,0.9999980072622062,1.9927377937767332e-06
1484.8743061769007,0.29999767307346803,719.3246855409021,1498.5466888555222,0.1842579764021988,0.1961935317423488,-7.627316317929959,0.5626905220527574,8.413703967737969e-05,,0.9660023367592232,,0.008058082652845681,,,0.025460166810975626,0.0004774168541910101,,,37.24334345209396,0.9999922435782268,0.8991558569261277,0.9990311259036815,0.9999980030772355,1.996922764480047e-06
1482.2311622590212,0.2999975824684339,717.8486134474873,1498.517446591593,0.18425665422121953,0.1961824341220403,-7.627597712128477,0.5626064912123283,8.568205838652527e-05,,0.965947097563923,,0.00807190095388991,,,0.025500386829364164,0.00047861352335796224,,,37.18184242846393,0.9999919415614463,0.8973107668093592,0.9990116310610619,0.9999979988705351,2.0011294649124878e-06
1479.5880183411414,0.29999748997539694,716.3731456383754,1498.4881101941137,0.18425532945826484,0.19617131524422818,-7.627879152589746,0.5625224141091456,8.722666954289006e-05,,0.9658916640125806,,0.008085768568987068,,,0.025540747280613278,0.00047981477975150995,,,37.12032283437307,0.9999916332513231,0.8954664320479693,0.9989920734627424,0.9999979946419325,2.0053580674916915e-06
1476.9448744232616,0.299997395584857,714.898281935798,1498.4586791480147,0.18425400209803966,0.19616017498297408,-7.628160639539883,0.5624382905170977,8.877087444459402e-05,,0.9658360350812417,,0.008099685762441678,,,0.025581248898288552,0.0004810206492521686,,,37.05878466644819,0.9999913186161901,0.8936228524197475,0.9989724527653431,0.9999979903912241,2.0096087759435832e-06
1474.3017305053818,0.29999729928726165,713.4240221628677,1498.429152934536,0.1842526721251363,0.19614901321141853,-7.628442173206672,0.5623541202083953,9.031467439738013e-05,,0.9657802097393235,,0.00811365280044393,,,0.025621892421967232,0.0004822311565380386,,,36.99722792205017,0.9999909976242055,0.8917800277035846,0.998952768623024,0.9999979861182727,2.013881727269684e-06
1471.6585865875022,0.29999720107297895,711.9503661423379,1498.3995310311825,0.18425133952403594,0.1961378298017935,-7.628723753819541,0.5622699029536147,9.185807071425048e-05,,0.9657241869487804,,0.00812766995110762,,,0.02566267859617137,0.0004834463268275861,,,36.93565259834351,0.9999906702432632,0.8899379576779224,0.998933020687455,0.9999979818228869,2.018177113094488e-06
1469.0154426696222,0.2999971009322856,710.477313697391,1498.3698129116572,0.18425000427910485,0.19612662462539177,-7.629005381609617,0.5621856385216253,9.340106471717047e-05,,0.96566796566448,,0.008141737484444477,,,0.025703608170963878,0.0004846661850186495,,,36.87405869275537,0.999990336440952,0.8880966421217387,0.9989132086077714,0.9999979775049069,2.0224950930680663e-06
1466.3722987517426,0.29999699885542347,709.0048646510368,1498.3399980458157,0.18424866637459814,0.1961153975525972,-7.629287056809677,0.5621013266796542,9.494365773654255e-05,,0.9656115448332919,,0.008155855672436933,,,0.025744681900705356,0.0004858907577068966,,,36.81244620191761,0.9999899961847449,0.8862560808137959,0.9988933320305439,0.9999979731641411,2.026835858925935e-06
1463.729154833863,0.2999968948325522,707.5330188268418,1498.3100858997288,0.18424732579465236,0.19610414845282445,-7.629568779654247,0.5620169671931707,9.64858511094222e-05,,0.9655549233954328,,0.008170024789024016,,,0.02578590054643845,0.00048712006952890055,,,36.75081512358041,0.9999896494418408,0.8844162735335523,0.9988733905998193,0.9999979688004242,2.031199575758258e-06
1461.086010915983,0.29999678885371983,706.061776048284,1498.2800759355218,0.18424598252328891,0.19609287719454613,-7.629850550379562,0.5619325598259444,9.802764618289769e-05,,0.9654981002831535,,0.008184245110104973,,,0.02582726487384402,0.0004883541464367385,,,36.68916545489846,0.9999892961790662,0.8825772200603549,0.9988533839570145,0.9999979644135393,2.0355864607246588e-06
1458.4428669981035,0.29999668090894677,704.5911361389823,1498.2499676114076,0.18424463654441356,0.19608158364529135,-7.630132369223564,0.5618481043400285,9.956904431125313e-05,,0.96544107442095,,0.008198516913593114,,,0.02586877565368527,0.0004895930150764822,,,36.62749719276553,0.9999889363631559,0.8807389201737279,0.9988333117409384,0.9999979600033048,2.0399966952355797e-06
1455.7997230802234,0.2999965709881599,703.1210989227712,1498.2197603816537,0.18424328784181276,0.19607026767161342,-7.630414236425964,0.5617636004957172,0.00010111004685718877,,0.9653838447259485,,0.008212840479415649,,,0.025910433662632543,0.0004908367015753826,,,36.56581033444189,0.9999885699605331,0.8789013736534641,0.9988131735877691,0.999997955569572,2.0444304279498837e-06
1453.1565791623439,0.29999645908120015,701.6516642235106,1498.1894536965015,0.18424193639915168,0.19605892913907383,-7.630696152228266,0.5616790480515021,0.00010265065519307737,,0.9653264101074949,,0.008227216089525377,,,0.025952239682817586,0.0004920852323153114,,,36.504104877151995,0.9999881969373339,0.8770645802793883,0.998792969131001,0.9999979511121532,2.048887846828329e-06
1450.5134352444638,0.29999634517784163,700.1828318653419,1498.1590470021947,0.18424058219997705,0.19604756791226663,-7.630978116873728,0.5615944467641283,0.00010419087069843625,,0.965268769467116,,0.008241644027926254,,,0.025994194501882985,0.0004933386339356111,,,36.442380818083855,0.9999878172594722,0.8752285398316774,0.9987726980014632,0.999997946630861,2.0533691390545172e-06
1447.8702913265843,0.29999622926779035,698.7146016727464,1498.1285397408794,0.184239225227713,0.19603618385478389,-7.631260130607423,0.5615097963885205,0.00010573069476246221,,0.9652109216983629,,0.008256124580699341,,,0.026036298913029873,0.0004945969333361004,,,36.38063815438675,0.9999874308926345,0.873393252090933,0.998752359827253,0.9999979421254281,2.0578745718591307e-06
1445.2271474087047,0.29999611134065557,697.246973469889,1498.0979313506007,0.1842378654656609,0.19602477682921468,-7.631542193676237,0.5614250966777945,0.00010727012878270802,,0.9651528656870199,,0.008270658036010584,,,0.026078553715067232,0.0004958601576789393,,,36.31887688318305,0.9999870378021852,0.8715587168373612,0.9987319542337337,0.9999979375957765,2.0624042235128925e-06
1442.5840034908247,0.29999599138598687,695.779947081557,1498.0672212652903,0.1842365028969972,0.19601334669712678,-7.631824306328912,0.5613403473832062,0.00010880917416502662,,0.9650946003109049,,0.008285244684137742,,,0.026120959712998073,0.00049712833355516,,,36.25709700197174,0.9999866379532896,0.8697249338519463,0.9987114808435269,0.9999979330415959,2.0669584041010935e-06
1439.940859572945,0.29999586939324385,694.3135223323211,1498.0364089146235,0.18423513750477483,0.19600189331908038,-7.63210646881601,0.5612555482541968,0.00011034783232555362,,0.9650361244394703,,0.008299884817475654,,,0.02616351771664093,0.0004984014892181998,,,36.19529850752069,0.9999862313108129,0.8678919029154014,0.9986909392764157,0.9999979284628051,2.071537194892059e-06
1437.2977156550653,0.29999574535179724,692.8476990472035,1498.0054937241152,0.1842337692719192,0.19599041655459218,-7.632388681389987,0.561170699038307,0.00011188610468811559,,0.9649774369342504,,0.008314578730575757,,,0.026206228542396588,0.0004996796519059359,,,36.13348139720334,0.9999858178393242,0.8660596238090044,0.9986703291494101,0.9999979238591287,2.0761408713321217e-06
1434.6545717371855,0.299995619250946,691.3824770509996,1497.9744751149863,0.18423239818122913,0.19597891626214536,-7.632670944305169,0.5610857994812131,0.00011342399268633416,,0.9649185366483156,,0.00832932672015632,,,0.02624909301203412,0.0005009628498215721,,,36.071645668009374,0.9999853975031533,0.8642280963137494,0.9986496500766575,0.9999979192303277,2.080769672341276e-06
1432.0114278193057,0.2999954910799168,689.9178561692949,1497.9433525042054,0.18423102421537194,0.19596739229914834,-7.632953257817831,0.5610008493266383,0.00011496149776212546,,0.9648594224270579,,0.008344129085116482,,,0.026292111954131052,0.0005022511099674841,,,36.00979131763211,0.9999849702663893,0.8623973202116185,0.9986289016694703,0.999997914576273,2.08542372703846e-06
1429.3682839014261,0.2999953608278341,688.4538362270939,1497.9121253043,0.18422964735688996,0.19595584452198989,-7.633235622186092,0.5609158483164656,0.0001164986213682133,,0.9648000931064987,,0.00835898612656602,,,0.026335286201623346,0.0005035444620568323,,,35.947918342512615,0.9999845360927805,0.8605672952838674,0.9986080835362,0.999997909896745,2.090103255025788e-06
1426.7251399835463,0.2999952284837685,686.9904170501468,1497.880792923521,0.18422826758818894,0.19594427278594181,-7.6335180376700995,0.5608307961905448,0.00011803536496519929,,0.9647405475151937,,0.008373898147840364,,,0.02637861659516304,0.0005048429333537732,,,35.88602674041406,0.9999840949458949,0.8587380213126835,0.9985871952823474,0.9999979051915509,2.0948084491489993e-06
1424.0819960656665,0.2999950940366579,685.5275984641426,1497.8493547656396,0.18422688489154593,0.19593267694522498,-7.633800504531905,0.5607456926868277,0.00011957173002364932,,0.9646807844725607,,0.008388865454524021,,,0.026422103980451733,0.0005061465529286513,,,35.82411650830186,0.9999836467888598,0.8569094980801782,0.9985662365104264,0.9999979004604651,2.09953953489439e-06
1421.438852147787,0.29999495747540333,684.0653802947459,1497.8178102299498,0.18422549924910392,0.19592105685296723,-7.634083023035537,0.5606605375412821,0.00012110771802377495,,0.9646208027892843,,0.008403888354469187,,,0.02646574920923219,0.0005074553501918432,,,35.762187643079294,0.9999831915846779,0.8550817253684323,0.9985452068199665,0.9999978957031774,2.104296822569296e-06
1418.795708229907,0.2999948187887909,682.6037623682107,1497.7861587112957,0.1842241106428679,0.19590941236116594,-7.634365593447078,0.56057533048783,0.00012264333045504129,,0.9645606012681711,,0.008418967157815097,,,0.026509553140416104,0.0005087693532257523,,,35.70024014241292,0.9999827292959698,0.8532547029602634,0.9985241058075305,0.9999978909196281,2.1090803719037154e-06
1416.1525643120274,0.29999467796553997,681.1427445103803,1497.7543995998963,0.18422271905471213,0.19589774332075477,-7.6346482160345355,0.5604900712584593,0.0001241785688171452,,0.964500178702219,,0.008434102177019703,,,0.026553516637712566,0.0005100885925756452,,,35.638274002859,0.9999822598851332,0.8514284306379755,0.9985029330665975,0.9999978861095269,2.1138904731099473e-06
1413.5094203941476,0.2999945349942625,679.6823265479617,1497.7225322814636,0.18422132446636685,0.19588604958148823,-7.634930891068053,0.5604047595830304,0.00012571343461885244,,0.9644395338765823,,0.008449293726868383,,,0.02659764057270765,0.0005114130965315007,,,35.576289222184805,0.9999817833142083,0.8496029081849521,0.9984816881876424,0.9999978812726898,2.1187273101519466e-06
1410.8662764762678,0.29999438986350196,678.222508307215,1497.6905561370031,0.1842199268594283,0.19587433099202858,-7.63521361881976,0.5603193951894099,0.0001272479293794386,,0.9643786655667306,,0.008464542124500207,,,0.026641925822114214,0.0005127428955147461,,,35.514285797220964,0.9999812995450066,0.8477781353840187,0.9984603707580021,0.9999978764088597,2.1235911402683882e-06
1408.2231325583882,0.29999424256168256,676.763289614889,1497.6584705428686,0.18421852621535126,0.1958625873998823,-7.635496399563874,0.5602339778033842,0.00012878205462787265,,0.9643175725393595,,0.008479847689429987,,,0.02668637326947903,0.0005140780195038736,,,35.45226372512211,0.9999808085389419,0.8459541120186113,0.9984389803619124,0.9999978715177723,2.128482227692352e-06
1405.5799886405084,0.2999940930771989,675.304670297672,1497.6262748706977,0.18421712251544803,0.1958508186513931,-7.635779233576725,0.5601485071486199,0.00013031581190305587,,0.9642562535522611,,0.008495210743580128,,,0.0267309838049545,0.0005154184984852621,,,35.390223003149565,0.9999803102573296,0.8441308378720901,0.9984175165804651,0.999997866599281,2.1334007189732773e-06
1402.9368447226286,0.29999394139826385,673.8466501830733,1497.593968487363,0.1842157157408872,0.19583902459173128,-7.63606212113677,0.5600629829466639,0.00013184920275453947,,0.9641947073540393,,0.008510631611278323,,,0.02677575832538574,0.000516764362413717,,,35.32816362867996,0.9999798046608795,0.8423083127288415,0.9983959789915754,0.9999978616531171,2.1383468828961583e-06
1400.2937008047488,0.2999937875130795,672.3892290977764,1497.561550754888,0.18421430587269735,0.19582720506492457,-7.636345062524539,0.5599774049169817,0.00013338222874157202,,0.9641329326836142,,0.008526110619315073,,,0.02682069773340491,0.0005181156427186414,,,35.26608559849357,0.999979291710265,0.8404865363722205,0.9983743671699253,0.9999978566790528,2.1433209471677372e-06
1397.6505568868693,0.29999363140973484,670.9324068691077,1497.5290210304408,0.18421289289175907,0.19581535991379223,-7.636628058022752,0.5598917727768571,0.00013491489143425988,,0.9640709282707336,,0.00854164809693429,,,0.026865802938581537,0.0005194723706043271,,,35.20398890959312,0.9999787713657828,0.8386655085863847,0.9983526806869606,0.9999978516768537,2.148323146267117e-06
1395.0074129689892,0.2999934730761744,669.4761833249664,1497.4963786663586,0.18421147677880229,0.19580348897992378,-7.636911107916356,0.5598060862413394,0.00013644719241257835,,0.9640086928363429,,0.008557244375874348,,,0.026911074858265494,0.0005208345758387524,,,35.14187355976962,0.9999782435872481,0.8368452291562081,0.9983309191109058,0.9999978466463215,2.15335367848013e-06
1392.3642690511097,0.29999331250033984,668.0205582928793,1497.4636230099197,0.18421005751441516,0.19579159210375224,-7.637194212492404,0.5597203450233801,0.00013797913326753152,,0.9639462250908353,,0.008572899790392873,,,0.02695651441494482,0.0005222022909689083,,,35.07973954560197,0.9999777083344662,0.8350256978660991,0.9983090820066132,0.9999978415871419,2.158412858110914e-06
1389.72112513323,0.299993149669986,666.5655316005424,1497.4307534034751,0.18420863507903004,0.19577966912443887,-7.637477372040247,0.5596345488336238,0.0001395107156009117,,0.9638835237358149,,0.008588614677279456,,,0.02700212253919344,0.0005235755468231955,,,35.01758686459903,0.9999771655666201,0.833206914500678,0.9982871689356501,0.9999978364991109,2.163500889107439e-06
1387.07798121535,0.29999298457282153,665.1111030762897,1497.3977691842895,0.18420720945293176,0.1957677198799407,-7.637760586851426,0.5595486973805333,0.00014104194102497027,,0.9638205874627818,,0.008604389375881427,,,0.027047900167742216,0.000524954375622787,,,34.95541551372347,0.9999766152427385,0.8313888788453622,0.998265179456193,0.9999978313820282,2.168617971753939e-06
1384.4348372974705,0.2999928171964689,663.6572725480992,1497.3646696845394,0.1842057806162514,0.1957557442069608,-7.638043857219755,0.5594627903702909,0.00014257281116266565,,0.9637574149534341,,0.008620224228148931,,,0.02709384824451454,0.0005263388094673428,,,34.893225490103745,0.9999760573215631,0.829571590685124,0.9982431131230263,0.999997826235565,2.1737644350094953e-06
1381.7916933795905,0.29999264752840055,662.2040398445852,1497.3314542312796,0.18420434854896464,0.1957437419409338,-7.6383271834413495,0.5593768275067852,0.00014410332764817213,,0.9636940048798819,,0.008636119578627605,,,0.027139967720663655,0.0005277288803810373,,,34.83101679102171,0.9999754917613352,0.8277550498057314,0.9982209694875197,0.9999978210595541,2.1789404458516515e-06
1379.148549461711,0.29999247555603054,660.7514047941124,1497.2981221463194,0.18420291323089255,0.19573171291603303,-7.638610565814612,0.5592908084916095,0.00014563349212698786,,0.9636303559038666,,0.008652075774507136,,,0.02718625955403409,0.0005291246212552538,,,34.76878941346323,0.9999749185201018,0.8259392559926405,0.9981987480975463,0.999997815853663,2.1841463370142478e-06
1376.5054055438309,0.2999923012666835,659.2993672256625,1497.2646727462661,0.18420147464169817,0.19571965696514262,-7.638894004640288,0.5592047330240222,0.00014716330625554223,,0.9635664666773789,,0.008668093165636262,,,0.027232724709974086,0.0005305260646880359,,,34.706543354669726,0.9999743375556118,0.8241242090320782,0.9981764484975107,0.9999978106176772,2.189382322770328e-06
1373.8622616259513,0.2999921246475416,657.8479269680676,1497.2311053424162,0.1842000327608855,0.19570757391984875,-7.639177500221472,0.5591186008009243,0.00014869277170124814,,0.9635023358421736,,0.008684172104551142,,,0.027279364160999818,0.0005319332436158612,,,34.644278611837315,0.9999737488251387,0.8223099087100845,0.9981540702282775,0.9999978053513405,2.1946486594703885e-06
1371.2191177080715,0.2999919456857051,656.3970838505402,1497.197419240721,0.18419858756779867,0.19569546361043447,-7.639461052863631,0.5590324115168546,0.0001502218901433913,,0.9634379620297119,,0.008700312946501854,,,0.027326178886861275,0.0005333461913171274,,,34.581995182119826,0.9999731522856836,0.8204963548131752,0.9981316128271474,0.9999978000543922,2.1999456077947954e-06
1368.5759737901917,0.29999176436818087,654.9468377023902,1497.1636137417108,0.18419713904161927,0.1956833258658559,-7.639744662874635,0.5589461648639373,0.000151750663272924,,0.963373343861073,,0.008716516049471245,,,0.027373169874609526,0.0005347649414152802,,,34.5196930626304,0.9999725478939363,0.8186835471279877,0.9981090758278072,0.9999977947265689,2.2052734310884503e-06
1365.932829872312,0.2999915806818413,653.4971883528226,1497.1296881404724,0.18419568716136625,0.19567116051374345,-7.6400283305647605,0.5588598605319,0.00015327909279196607,,0.9633084799468397,,0.008732781774219055,,,0.027420338118665896,0.0005361895278834446,,,34.457372250438986,0.9999719356061376,0.8168714854410283,0.9980864587603149,0.9999977893676081,2.2106323919190984e-06
1363.2896859544323,0.2999913946135054,652.0481356318962,1497.0956417265834,0.1841942319058936,0.19565896738038202,-7.640312056246731,0.5587734982080166,0.00015480718041464335,,0.9632433688869696,,0.008749110484289249,,,0.027467684620891,0.0005376199850468896,,,34.39503274257319,0.9999713153783513,0.8150601695398703,0.9980637611510556,0.9999977839771967,2.2160228032586105e-06
1360.6465420365525,0.299991206149833,650.5996793693167,1497.0614737840892,0.1841927732538859,0.19564674629067474,-7.640595840235771,0.5586870775770647,0.0001563349278666749,,0.9631780092711798,,0.00876550254604795,,,0.027515210391235632,0.0005390563466838971,,,34.33267453642982,0.99997068716611,0.813249599211646,0.9980409825227261,0.9999977785551473,2.2214448527346775e-06
1358.0033981186727,0.29999101527739763,649.1518193952402,1497.027183591399,0.18419131118385992,0.19563449706815536,-7.640879682849597,0.5586005983213251,0.00015786233688629294,,0.9631123996780726,,0.008781958328704922,,,0.027562916447024164,0.000540498647254763,,,34.270297629206475,0.9999700509246588,0.8114397742440502,0.998018122394266,0.9999977731010564,2.226898943580302e-06
1355.3602542007932,0.2999908219826751,647.7045555396644,1496.9927704212062,0.18418984567416746,0.19562221953501524,-7.641163584408361,0.5585140601206495,0.00015938940922333901,,0.9630465386751651,,0.0087984782043489,,,0.02761080381246165,0.000541946922782635,,,34.20790201752939,0.9999694066089171,0.8096306944245805,0.9979951802808041,0.9999977676147582,2.2323852417738266e-06
1352.7171102829132,0.29999062625199885,646.257887633441,1496.958233540591,0.1841883767029779,0.1956099135119549,-7.64144754523492,0.5584274626521779,0.00016091614664008952,,0.9629804248198757,,0.008815062547963043,,,0.027658873521373348,0.0005434012067077451,,,34.14548769929658,0.9999687541733295,0.8078223595418013,0.9979721556937273,0.9999977620959197,2.237904080271136e-06
1350.0739663650336,0.2999904280716358,644.811815506845,1496.9235722107194,0.18418690424829812,0.19559757881835207,-7.641731565654537,0.5583408055906496,0.00016244255091110452,,0.9629140566575183,,0.008831711737474822,,,0.027707126613458068,0.0005448615358370962,,,34.0830546710229,0.9999680935721194,0.8060147693835563,0.9979490481404796,0.9999977565442882,2.2434557117589904e-06
1347.4308224471538,0.2999902274277187,643.3663389908646,1496.8887856869817,0.184185428287955,0.19558521527211745,-7.642015645995134,0.5582540886081393,0.00016396862382366217,,0.9628474327227304,,0.00884842615376058,,,0.027755564137245937,0.0005463279458571527,,,34.020602929850526,0.9999674247590623,0.8042079237385807,0.9979258571246544,0.9999977509595941,2.249040405910563e-06
1344.787678529274,0.29999002430625626,641.9214579166209,1496.8538732189281,0.18418394879959338,0.19557282268967494,-7.642299786587337,0.5581673113740244,0.00016549436717693168,,0.9627805515392263,,0.008865206180683715,,,0.02780418715012046,0.0005478004714254253,,,33.95813247349079,0.9999667476875209,0.8024018223957761,0.9979025821459521,0.9999977453414559,2.2546585440874622e-06
1342.1445346113944,0.29998981869315405,640.4771721151936,1496.8188340500394,0.18418246576068706,0.19556040088605747,-7.6425839877643,0.5580804735551483,0.00016701978278390052,,0.9627134116187119,,0.00888205220513073,,,0.027852996716079107,0.0005492791497736401,,,33.89564329864689,0.9999660623105135,0.8005964651439921,0.9978792227000263,0.9999977396896954,2.2603103045915063e-06
1339.5013906935146,0.299989610574214,639.0334814180549,1496.7836674178463,0.18418097914852638,0.1955479496748015,-7.6428682498618885,0.5579935748156482,0.0001685448724692397,,0.962646011461489,,0.008898964617042357,,,0.027901993907914792,0.0005507640174351277,,,33.83313540244975,0.9999653685807135,0.7987918517725686,0.9978557782785642,0.9999977340038813,2.26599611874434e-06
1336.8582467756348,0.29998939993509816,637.5903856567853,1496.748372553777,0.18417948894021824,0.19553546886794745,-7.643152573218691,0.5579066148169325,0.00017006963807166307,,0.962578349556508,,0.008915943809416451,,,0.0279511798066995,0.000552255111176215,,,33.770608782060656,0.9999646664503272,0.7969879820709816,0.9978322483691847,0.9999977282838001,2.271716199930829e-06
1334.215102857755,0.2999891867613632,636.1478846631762,1496.7129486831398,0.18417799511268607,0.1955229582760414,-7.643436958176012,0.5578195932177001,0.0001715940814422562,,0.9625104243808087,,0.0089329901783778,,,0.02800055550176161,0.0005537524681569385,,,33.70806343458914,0.9999639558712108,0.7951848558289702,0.9978086324554265,0.999997722529105,2.2774708949846456e-06
1331.5719589398755,0.29998897103845784,634.7059782693648,1496.677395025044,0.18417649764266752,0.19551041770811534,-7.643721405077901,0.5577325096738974,0.0001731182044454646,,0.9624422343996464,,0.008950104123186389,,,0.028050122090806057,0.0005552561258712521,,,33.645499357128934,0.9999632367948595,0.7933824728367059,0.997784930016696,0.9999977167395101,2.2832604898992415e-06
1328.9288150219954,0.2999887527516879,633.2646663076771,1496.6417107923937,0.18417499650670713,0.1954978469716268,-7.644005914271274,0.5576453638386134,0.00017464200895892784,,0.9623737780668086,,0.008967286046265958,,,0.028099880680814128,0.0005567661208793669,,,33.58291654730295,0.999962509172293,0.7915808328845964,0.9977611405282625,0.9999977109147681,2.289085231921284e-06
1326.2856711041159,0.29998853188626035,631.8239486103014,1496.6058951916314,0.1841734916811683,0.19548524587255905,-7.644290486105722,0.5575581553622522,0.00017616549687468917,,0.9623050538228995,,0.008984536353243268,,,0.028149832385709464,0.000558282492561979,,,33.520315001639055,0.9999617729542012,0.7897799357628768,0.9977372634610876,0.9999977050544142,2.2949455857901313e-06
1323.6425271862363,0.2999883084272378,630.3838250099833,1496.5699474229064,0.18417198314221875,0.19547261421530004,-7.644575120933738,0.5574708838923224,0.00017768867009749625,,0.9622360600971016,,0.009001855452986126,,,0.028199978328908783,0.0005598052792885957,,,33.45769471724524,0.9999610280907927,0.7879797812624791,0.9977132982819376,0.9999976991582851,2.3008417149306126e-06
1320.9993832683563,0.2999880823595695,628.9442953397222,1496.5338666799744,0.184170470865826,0.19545995180260628,-7.644859819110778,0.5573835490733714,0.00017921153054588885,,0.962166795306598,,0.009019243757616554,,,0.028250319643556194,0.0005613345181925728,,,33.395055691873466,0.9999602745318983,0.7861803691746527,0.9976892444533163,0.9999976932259633,2.306774036675563e-06
1318.3562393504767,0.29998785366807945,627.5053594322874,1496.497652149916,0.18416895482777298,0.1954472584357317,-7.64514458099503,0.5572961505472058,0.00018073408015330518,,0.9620972578550716,,0.009036701682565575,,,0.028300857469585224,0.0005628702498654095,,,33.332397921933534,0.9999595122269316,0.7843816992903592,0.9976651014332772,0.9999976872570878,2.312742912180532e-06
1315.7130954325967,0.2999876223374774,626.0670171212417,1496.4613030133771,0.1841674350036358,0.19543453391424456,-7.645429406947747,0.5572086879525777,0.00018225632086602122,,0.9620274461347471,,0.009054229646588618,,,0.0283515929574951,0.0005644125126265735,,,33.2697214049427,0.9999587411249247,0.7825837714015522,0.9976408686755848,0.9999976812514575,2.31874854250691e-06
1313.069951514717,0.29998738835233363,624.6292682400214,1496.4248184443031,0.18416591136879285,0.19542177803610192,-7.645714297333106,0.5571211609253055,0.0001837782546452152,,0.9619573585247191,,0.009071828071809944,,,0.028402527266359123,0.0005659613457608068,,,33.20702613812763,0.9999579611744455,0.7807865853000266,0.9976165456295354,0.999997675208649,2.3247913509827356e-06
1310.426807596837,0.29998715169706586,623.1921126221438,1496.3881976098812,0.18416438389842413,0.19540899059764755,-7.645999252518224,0.5570335690982757,0.00018529988346642232,,0.9618869933910515,,0.009089497383743473,,,0.02845366156372067,0.0005675167898141738,,,33.14431211832209,0.9999571723235529,0.7789901407776797,0.9975921317399208,0.9999976691283298,2.3308716702308274e-06
1307.7836636789575,0.29998691235600833,621.7555501016847,1496.3514396705652,0.18416285256750217,0.19539617139353319,-7.646284272873292,0.5569459121012947,0.00018682120931937733,,0.9618163490871835,,0.009107238011352131,,,0.02850499702687577,0.0005690788847444999,,,33.081579342742465,0.9999563745200278,0.7771944376271058,0.9975676264470434,0.9999976630101559,2.336989844087256e-06
1305.140519761078,0.29998667031331677,620.3195805127726,1496.3145437799462,0.1841613173507936,0.19538332021673516,-7.6465693587715435,0.5568581895611313,0.00018834223420844822,,0.9617454239534757,,0.009125050387052566,,,0.02855653484230611,0.0005706476709470392,,,33.01882780855554,0.999955567711056,0.7753994756409658,0.9975430291866308,0.9999976568537815,2.343146218497516e-06
1302.497375843198,0.2999864255530713,618.8842036897455,1496.277509084673,0.184159778222857,0.1953704368585345,-7.6468545105893,0.5567704011014616,0.00018986296015353636,,0.9616742163171048,,0.009142934946771932,,,0.028608276205767606,0.0005722231892605769,,,32.95605751287986,0.9999547518435711,0.7736052546121819,0.9975183393897821,0.9999976506589049,2.349341095109203e-06
1299.8542319253183,0.2999861780591605,617.4494194672058,1496.240334724417,0.18415823515804194,0.19535752110851143,-7.647139728705974,0.5566825463428762,0.0001913833891883597,,0.9616027244918461,,0.009160892129974067,,,0.02866022232238196,0.0005738054809716135,,,32.89326845278351,0.9999539268638684,0.7718117743340072,0.9974935564829446,0.9999976444251738,2.355574826196083e-06
1297.2110880074385,0.2999859278153476,616.0152276799053,1496.203019831757,0.18415668813048505,0.19534457275451256,-7.647425013504129,0.5565946249028082,0.00019290352336237462,,0.9615309467778503,,0.009178922379692624,,,0.028712374406728976,0.0005753945878191282,,,32.83046062528145,0.9999530927178254,0.7700190345998815,0.997468679887838,0.9999976381520911,2.361847908916026e-06
1294.5679440895588,0.29998567480530564,614.581628162919,1496.1655635322115,0.18415513711410128,0.19533159158257726,-7.647710365369618,0.5565066363954072,0.00019442336474058275,,0.9614588814625166,,0.009197026142581619,,,0.02876473368404386,0.000576990550287214,,,32.76763402804967,0.9999522493510188,0.7682270352036487,0.9974437090214744,0.9999976318394294,2.368160570642708e-06
1291.924800171679,0.29998541901251,613.1486207515427,1496.1279649439514,0.184153582082601,0.1953185773770835,-7.647995784691318,0.556418580431794,0.00019594291540302416,,0.9613865268183543,,0.009215203868928181,,,0.02881730138744534,0.0005785934120581174,,,32.70478865758472,0.9999513967083667,0.7664357759394284,0.9974186432959676,0.999997625486786,2.3745132140540193e-06
1289.2816562537994,0.2999851604203078,611.7162052812793,1496.0902231779708,0.18415202300946584,0.19530552992054492,-7.648281271861493,0.5563304566197074,0.00019746217744494323,,0.9613138811048232,,0.009233456012719845,,,0.028870078761302338,0.0005802032149392046,,,32.64192451129483,0.9999505347343595,0.7646452566015991,0.9973934821186472,0.9999976190937846,2.3809062154045435e-06
1286.6385123359196,0.2999848990119513,610.2843815876222,1496.0523373378373,0.18415045986796041,0.19529244899370918,-7.6485668272756255,0.5562422645636618,0.00019898115297816945,,0.9612409425669864,,0.009251783031657475,,,0.028923067059143152,0.0005818200022655114,,,32.57904158610575,0.999949663373171,0.7628554769845277,0.9973682248918916,0.9999976126600526,2.38733994739615e-06
1283.9953684180398,0.2999846347704786,608.8531495069628,1496.0143065197578,0.18414889263111942,0.19527933437545134,-7.648852451332598,0.5561540038647781,0.00020049984412941633,,0.9611677094363631,,0.009270185387204886,,,0.028976267545515473,0.0005834438161714042,,,32.516139879571284,0.999948782568262,0.7610664368837036,0.9973428710131719,0.9999976061852549,2.393814745094147e-06
1281.3522245001602,0.29998436767884146,607.4225088750683,1495.9761298122974,0.1841473212717591,0.1952661858428721,-7.649138144434528,0.5560656741209344,0.0002020182530430154,,0.9610941799292915,,0.009288663544622353,,,0.02902968149368078,0.0005850747013232567,,,32.453219388361084,0.9999478922628049,0.7592781360938353,0.9973174198748649,0.9999975996689179,2.4003310821196777e-06
1278.7090805822802,0.29998409771979834,605.9924595283059,1495.9378062965195,0.18414574576246226,0.19525300317116917,-7.649423906986994,0.5559772749265575,0.000203536381878136,,0.9610203522482731,,0.009307217973015362,,,0.02908331018803161,0.0005867127013311036,,,32.390280109720365,0.9999469923993278,0.7574905744103824,0.9972918708643463,0.9999975931106512,2.406889348827157e-06
1276.0659366644006,0.29998382487600805,604.5630013036732,1495.8993350457945,0.18414416607558104,0.19523978613366477,-7.649709739398988,0.5558888058726499,0.00020505423281061704,,0.9609462245812909,,0.009325849145367724,,,0.029137154923202187,0.0005883578602957834,,,32.32732204084154,0.9999460829200268,0.7557037516295915,0.997266223363863,0.9999975865101566,2.4134898434224894e-06
1273.4227927465208,0.29998354912996766,603.1341340379809,1495.8607151257343,0.18414258218323382,0.195226534501779,-7.649995642082963,0.555800266546763,0.0002065718080332492,,0.9608717951014036,,0.009344557538579476,,,0.029191217004167703,0.0005900102228141949,,,32.26434517885987,0.999945163766559,0.753917667547476,0.9972404767504895,0.999997579866965,2.420133034974903e-06
1270.779648828641,0.2999832704639614,601.7058575682474,1495.8219455941012,0.18414099405730394,0.19521324804501985,-7.650281615454854,0.5557116565329592,0.00020808910975555204,,0.9607970619668643,,0.00936334363349976,,,0.02924549774635071,0.0005916698339843077,,,32.201349520860795,0.9999442348798714,0.7521323219603093,0.9972146303960675,0.999997573180699,2.4268193009602257e-06
1268.1365049107612,0.29998298886020713,600.2781717319907,1495.7830255007345,0.18413940166943663,0.19519992653095797,-7.650567659934123,0.5556229754117785,0.0002096061402036942,,0.9607220233207979,,0.009382207914994129,,,0.02929999847572337,0.0005933367394123946,,,32.13833506387603,0.9999432962006904,0.7503477146649884,0.9971886836671564,0.9999975664509279,2.4335490721449915e-06
1265.4933609928817,0.29998270430071844,598.851076366494,1495.7439538874708,0.18413780499103463,0.19518656972519202,-7.650853775943822,0.5555342227601665,0.00021112290162171016,,0.9606466772913276,,0.009401150871961004,,,0.029354720529117494,0.0005950109849052537,,,32.075301805010966,0.9999423476690615,0.7485638454581175,0.9971626359249806,0.9999975596773113,2.440322688701535e-06
1262.8502170750019,0.29998241676736614,597.4245713101701,1495.704729788157,0.18413620399325337,0.19517317739130718,-7.651139963910665,0.555445398151412,0.00021263939626941627,,0.9605710219915058,,0.009420172997393441,,,0.029409665255023424,0.0005966926154088452,,,32.01224974184672,0.9999413892245539,0.7467807141377126,0.997136486525438,0.9999975528593315,2.4471406685488972e-06
1260.207073157122,0.29998212624187454,595.9986564005562,1495.665352228243,0.1841345986470143,0.19515974929098984,-7.651426224264833,0.5553565011553303,0.00021415562642584547,,0.9604950555178247,,0.009439274788394167,,,0.029464834010737368,0.0005983816795949378,,,31.949178870665506,0.9999404208062485,0.7449983205006953,0.9971102348188287,0.9999975459965511,2.4540034488929052e-06
1257.5639292392425,0.29998183270578493,594.5733314767467,1495.6258202252188,0.1841329889229706,0.19514628518373842,-7.651712557440479,0.5552675313377726,0.00021567159438622222,,0.9604187759529265,,0.009458456746254732,,,0.029520228167707562,0.000600078221761311,,,31.886089189608075,0.9999394423526164,0.7432166643459334,0.9970838801501459,0.9999975390886502,2.460911349810857e-06
1254.9207853213625,0.29998153614050055,593.1485963766979,1495.5861327879393,0.18413137479154348,0.19513278482717114,-7.651998963875194,0.555178488261145,0.0002171873024649959,,0.9603421813618511,,0.009477719376465613,,,0.029575849105568607,0.0006017822912534522,,,31.82298069499857,0.9999384538016686,0.7414357454708724,0.9970574218586262,0.9999975321351388,2.4678648612441734e-06
1252.277641403483,0.29998123652721276,591.7244509396904,1495.54628891698,0.18412975622288946,0.19511924797675065,-7.652285444010484,0.5550893714839429,0.0002187027529937526,,0.9602652697945755,,0.009497063188780217,,,0.029631698216860514,0.0006034939353282788,,,31.759853384132033,0.9999374550907092,0.739655563674613,0.9970308592779867,0.9999975251355445,2.474864455481729e-06
1249.634497485603,0.2999809338470359,590.3008950044483,1495.5062876043744,0.18412813318690777,0.19510567438584747,-7.652571998291671,0.5550001805608433,0.00022021794832269152,,0.9601880392849147,,0.009516488697269081,,,0.02968777690545212,0.0006052132017886955,,,31.69670725424377,0.9999364461567863,0.7378761187555604,0.9970041917362495,0.9999975180894246,2.4819105753914883e-06
1246.9913535677233,0.2999806280808417,588.8779284108437,1495.4661278335386,0.18412650565323926,0.19509206380573282,-7.652858627167901,0.5549109150427016,0.00022173289082014105,,0.9601104878504586,,0.009535996420328683,,,0.029744086586656993,0.0006069401389873494,,,31.63354230251582,0.999935426936139,0.7360974105135546,0.9969774185556924,0.9999975109964315,2.489003568473258e-06
1244.3482096498435,0.2999803192093591,587.4555509984409,1495.4258085791707,0.1841248735912626,0.19507841598554523,-7.653145331092204,0.5548215744764855,0.00022324758287312575,,0.9600326134920595,,0.009555586880768213,,,0.029800628687348122,0.0006086747958354256,,,31.57035852606624,0.9999343973645303,0.7343194387480512,0.9969505390527805,0.9999975038560112,2.49614398883935e-06
1241.7050657319637,0.29998000721314727,586.0337626069,1495.3853288071432,0.1841232369700911,0.1950647306722673,-7.653432110521541,0.5547321584052369,0.00022476202688799524,,0.9599544141940367,,0.009575260605832388,,,0.029857404646077407,0.0006104172218074966,,,31.50715592196277,0.9999333573771576,0.7325422032586251,0.9969235525380955,0.9999974966677541,2.5033322459400154e-06
1239.0619218140841,0.2999796920725913,584.6125630766351,1495.344687474431,0.18412159575857065,0.1950510076107081,-7.653718965916831,0.554642666368033,0.00022627622528979078,,0.9598758879236984,,0.009595018127250879,,,0.029914415913196192,0.0006121674669480636,,,31.44393448721291,0.9999323069086377,0.7307657038457939,0.9968964583162874,0.9999974894310935,2.5105689065441084e-06
1236.4187778962041,0.2999793737679172,583.1919522479579,1495.3038835290142,0.18411994992527705,0.19503724654348106,-7.654005897743,0.5545530978999533,0.00022779018052260014,,0.9597970326315057,,0.009614859981298969,,,0.029971663950977168,0.000613925581878893,,,31.38069421877449,0.9999312458930575,0.7289899403099475,0.9968692556860095,0.9999974821456608,2.517854339245673e-06
1233.7756339783245,0.29997905227913585,581.7719299619688,1495.2629159099365,0.18411829943849797,0.19502344721085577,-7.654292906469233,0.5544634525318068,0.00022930389505003274,,0.9597178462515578,,0.009634786708830301,,,0.030029150235596977,0.0006156916149310735,,,31.31743511461524,0.9999301742637862,0.727214912452461,0.9968419439399576,0.999997474810916,2.5251890839461666e-06
1231.1324900604448,0.29997872758613053,580.3524960590075,1495.2217835467452,0.18411664426626723,0.195009609351044,-7.65457999256848,0.5543737297906484,0.00023081737135632953,,0.9596383266989984,,0.009654798855336943,,,0.030086876252321412,0.0006174656197904433,,,31.254157170866407,0.9999290919537684,0.7254406200737594,0.9968145223644967,0.9999974674264472,2.5325735527603754e-06
1228.489346142565,0.29997839966856765,578.9336503809766,1495.1804853599767,0.18411498437631962,0.19499573269982307,-7.654867156518122,0.5542839291990926,0.0002323306119438392,,0.959558471872845,,0.009674896970992483,,,0.030144843501521017,0.0006192476463919445,,,31.190860385223555,0.9999279988952255,0.7236670629762207,0.9967869902399845,0.9999974599917505,2.5400082495075083e-06
1225.8462022246854,0.2999780685059428,577.5153927692292,1495.1390202606572,0.18411331973611295,0.19498181699072215,-7.655154398799639,0.5541940502756644,0.00023384361933655444,,0.9594782796537134,,0.00969508161070432,,,0.030203053494997332,0.0006210377468146097,,,31.127544754740743,0.9999268950198092,0.7218942409615364,0.9967593468404381,0.9999974525062296,2.5474937703773293e-06
1223.2030583068056,0.2999777340775826,576.09772306555,1495.0973871503093,0.18411165031282029,0.1949678619549568,-7.655441719898729,0.5541040925346614,0.00023535639607798596,,0.9593977479043648,,0.009715353334174759,,,0.03026150775706735,0.0006228359738046008,,,31.064210276398136,0.9999257802586087,0.7201221538319375,0.9967315914335395,0.9999974449694116,2.5550305884358693e-06
1220.5599143889258,0.2999773963625867,574.6806411120608,1495.0555849208913,0.1841099760733223,0.1949538673213671,-7.655729120305424,0.5540140554860544,0.00023686894473257998,,0.9593168744697687,,0.009735712705924058,,,0.030320207825210704,0.0006246423799874489,,,31.00085694739028,0.9999246545419557,0.718350801390076,0.9967037232805942,0.999997437380891,2.5626191090255546e-06
1217.916770471046,0.29997705533992,573.2641467512902,1495.013612454666,0.18410829698420705,0.19493983281641672,-7.6560166005140875,0.553923938635478,0.00023838126788543721,,0.9592356571763794,,0.00975616029538376,,,0.0303791552497264,0.0006264570186110673,,,30.937484764844925,0.9999235177997333,0.7165801834391128,0.9966757416364439,0.9999974297401006,2.5702598993593284e-06
1215.2736265531664,0.2999767109883173,571.8482398256704,1494.971468624053,0.18410661301176737,0.19492575816417035,-7.656304161023459,0.553833741484195,0.00023989336814274153,,0.9591540938320772,,0.009776696676918366,,,0.030438351593868575,0.0006282799435509475,,,30.874093725828732,0.9999223699610577,0.714810299782088,0.9966476457493686,0.9999974220464151,2.577953584936843e-06
1212.6304826352864,0.29997636328633487,570.4329201784334,1494.9291522916253,0.18410492412199378,0.19491164308623823,-7.656591802336753,0.5537434635289875,0.0002414052481314577,,0.9590721822265501,,0.009797322429884256,,,0.03049779843453182,0.0006301112084703581,,,30.81068382766132,0.9999212109544496,0.7130411502230417,0.9966194348610835,0.9999974142994366,2.5857005634399854e-06
1209.9873387174068,0.2999760122123204,569.0181876528189,1494.8866623098845,0.18410323028057554,0.19489748730178352,-7.656879524961649,0.55365310426218,0.0002429169105005859,,0.9589899201302406,,0.009818038138695495,,,0.030557497361607615,0.0006319508680344055,,,30.747255067463165,0.9999200407077347,0.7112727345660237,0.9965911082065897,0.9999974064985782,2.593501421843669e-06
1207.344194799527,0.2999756577444643,567.604042092275,1494.843997521133,0.18410153145290098,0.19488329052752773,-7.657167329410284,0.5535626631716317,0.00024442835792080284,,0.9589073052942735,,0.009838844392867793,,,0.030617449977896852,0.0006337989782662645,,,30.68380744204355,0.9999188591482143,0.7095050526153437,0.9965626650140886,0.9999973986433044,2.601356695608459e-06
1204.7010508816472,0.2999752998607198,566.1904833409114,1494.8011567575834,0.1840998276040369,0.19486905247757846,-7.657455216199557,0.5534721397404478,0.000245939593084256,,0.9588243354511875,,0.009859741787088018,,,0.03067765790123611,0.0006356555934904974,,,30.62034094899157,0.9999176662023994,0.7077381041761392,0.9965341045050556,0.9999973907330022,2.6092669977995087e-06
1202.0579069637674,0.2999749385388642,564.7775112428004,1494.7581388409549,0.18409811869874815,0.1948547728635944,-7.657743185850841,0.5533815334472498,0.00024745061870552943,,0.9587410083135341,,0.009880730921253097,,,0.030738122761962243,0.0006375207704833111,,,30.556855585196207,0.9999164617962141,0.7059718890535005,0.99650542589397,0.9999973827672327,2.6172327672879803e-06
1199.4147630458879,0.2999745737564309,563.3651256420735,1494.714942582507,0.1840964047014785,0.19484045139462766,-7.658031238890267,0.5532908437659128,0.0002489614375223454,,0.9586573215741796,,0.009901812400532407,,,0.030798846204689916,0.0006393945659496576,,,30.493351347747087,0.9999152458547697,0.7042064070525919,0.9964766283883381,0.9999973747453516,2.625254648447317e-06
1196.771619128008,0.29997420549081644,561.9533263840162,1494.6715667829676,0.18409468557635078,0.19482608777712304,-7.658319375848715,0.5532000701655511,0.0002504720522938074,,0.958573272906319,,0.009922986835440701,,,0.030859829888353174,0.000641277036700132,,,30.42982823387553,0.9999140183027215,0.7024416579800203,0.9964477111886451,0.9999973666668129,2.6333331870631582e-06
1194.1284752101283,0.29997383371909764,560.5421133134505,1494.6280102323146,0.18409296128716435,0.19481168171490207,-7.658607597261866,0.5531092121104892,0.00025198246580286545,,0.9584888599628723,,0.009944254841871463,,,0.030921075485986025,0.0006431682402300526,,,30.36628624074358,0.9999127790636588,0.7006776416418131,0.9964186734882098,0.9999973585309597,2.6414690402765117e-06
1191.4853312922487,0.29997345841829415,559.1314862758902,1494.5842717096841,0.18409123179739165,0.1947972329091314,-7.658895903670236,0.5530182690602059,0.0002534926808555454,,0.9584040803766105,,0.009965617041191985,,,0.030982584684866796,0.000645068234729694,,,30.30272536545965,0.9999115280609805,0.6989143578448628,0.9963895144731227,0.999997350337399,2.649662600995306e-06
1188.8421873743687,0.2999730795650586,557.7214451168411,1494.5403499832585,0.18408949707017544,0.19478274105830404,-7.659184295619227,0.5529272404693035,0.00025500270028127947,,0.9583189317592657,,0.009987074060260885,,,0.031044359186677153,0.000646977079089838,,,30.239145605054297,0.999910265216862,0.6971518063960513,0.9963602333221723,0.9999973420852936,2.6579147064387243e-06
1186.199043456489,0.29997269713594094,556.3119896826237,1494.4962438102043,0.18408775706831765,0.19476820585814472,-7.659472773659294,0.5528361257873229,0.0002565125269332009,,0.9582334117025786,,0.010008626531520957,,,0.03110640070845312,0.0006488948316771718,,,30.175546956935897,0.9999089904531365,0.6953899871032796,0.9963308292068028,0.9999973337742298,2.666225770164843e-06
1183.5558995386093,0.2999723111072158,554.9031198194346,1494.4519519364098,0.18408601175428813,0.19475362700168578,-7.659761338345809,0.5527449244588967,0.0002580221636883904,,0.9581475177765194,,0.010030275093051723,,,0.031168710981253525,0.0006508215526432336,,,30.111929418064914,0.9999077036907194,0.6936288997742932,0.9963013012909399,0.999997325403468,2.6745965320262854e-06
1180.9127556207295,0.2999719214549527,553.4948353740044,1494.4074730964905,0.1840842610902096,0.19473900417914294,-7.660049990239286,0.5526536359235061,0.00025953161344835474,,0.9580612475303686,,0.01005202038863267,,,0.031231291751641944,0.0006527573018864507,,,30.04829298568484,0.9999064048498424,0.6918685442175055,0.9962716487309937,0.9999973169725296,2.6830274704181534e-06
1178.2696117028497,0.29997152815499756,552.0871361932643,1494.3628060135393,0.18408250503786325,0.19472433707796138,-7.660338729905304,0.552562259615577,0.00026104087913891665,,0.9579745984913407,,0.010073863067802289,,,0.03129414478079883,0.0006547021406826036,,,29.984637656742084,0.9999050938499919,0.6901089202415804,0.9962418706756928,0.9999973084806245,2.6915193754861733e-06
1175.62646778497,0.2999711311829695,550.6800221245269,1494.317949399142,0.18408074355867285,0.19470962538268555,-7.66062755791473,0.5524707949642371,0.0002625499637112466,,0.9578875681656508,,0.010095803785933086,,,0.03135727184592272,0.0006566561297801234,,,29.920963428562878,0.9999037706098983,0.6883500276556586,0.9962119662660947,0.9999972999272868,2.7000727131909485e-06
1172.9833238670903,0.2999707305142614,549.2734930155689,1494.2729019531478,0.18407897661371012,0.19469486877500614,-7.660916474843653,0.5523792413934032,0.00026405887014088465,,0.9578001540371236,,0.010117843204282164,,,0.03142067473948968,0.0006586193308105428,,,29.857270298347302,0.999902435047538,0.6865918662694611,0.9961819346354318,0.9999972913117061,2.708688293884265e-06
1170.3401799492103,0.29997032612404717,547.8675487145567,1494.227662363537,0.18407720416368986,0.194680066933718,-7.661205481273446,0.5522875983216968,0.00026556760142920275,,0.9577123535676169,,0.010139981990080009,,,0.03148435526942982,0.0006605918062803982,,,29.793558263198882,0.9999010870801572,0.6848344358931959,0.9961517749090247,0.9999972826334071,2.717366592852599e-06
1167.6970360313308,0.299969917987226,546.462189069485,1494.1822293063487,0.1840754261689575,0.1946652195346198,-7.661494577790958,0.5521958651622727,0.00026707616060357454,,0.9576241641964953,,0.010162220816564638,,,0.03154831526010661,0.000662573618330081,,,29.72982732052355,0.9998997266240867,0.6830777363368563,0.9961214862042325,0.9999972738914966,2.726108503381397e-06
1165.053892113451,0.29996950607850204,545.0574139291474,1494.1366014453804,0.18407364258950484,0.19465032625064616,-7.661783764988278,0.55210404132304,0.00026858455071686294,,0.9575355833401777,,0.010184560363085215,,,0.031612556550543756,0.0006645648317444609,,,29.666077467045024,0.9998983535950068,0.6813217674114342,0.9960910676302536,0.9999972650855512,2.7349144487986976e-06
1162.4107481955712,0.2999690903723418,543.6532231424467,1494.0907774322195,0.1840718533849449,0.19463538675165848,-7.662073043463104,0.5520121262063027,0.00027009277484838813,,0.9574466083921656,,0.010207001315153391,,,0.031677080996627915,0.0006665655108280004,,,29.60230869983857,0.9998969679078061,0.6795665289280584,0.9960605182881463,0.9999972562147749,2.7437852251344097e-06
1159.7676042776916,0.29996867084292583,542.2496165592088,1494.0447559062543,0.1840700585145012,0.19462040070435696,-7.662362413818905,0.5519201192085879,0.0002716008361036824,,0.9573572367237637,,0.01022954436450784,,,0.03174189047228409,0.0006685757178850079,,,29.53852101683604,0.9998955694764194,0.677812020699011,0.9960298372708362,0.9999972472784406,2.75272155936257e-06
1157.1244603598118,0.2999682474642172,540.8465940286798,1493.9985354939802,0.18406825793704262,0.1946053677725736,-7.662651876664409,0.5518280197211727,0.0002731087376161093,,0.9572674656813835,,0.010252190209196684,,,0.03180698686502462,0.0006705955203609757,,,29.474714414461438,0.9998941582140574,0.6760582425358497,0.9959990236626535,0.9999972382759658,2.7617240342392435e-06
1154.481316441932,0.2999678202099769,539.444155401176,1493.9521148094163,0.18406645161103763,0.19459028761688982,-7.662941432614273,0.5517358271293951,0.00027461648254538526,,0.9571772925885088,,0.01027493955365393,,,0.03187237208091096,0.0006726249834728094,,,29.410888890078095,0.9998927340332564,0.67430519425147,0.995968076539611,0.9999972292065464,2.7707934535659007e-06
1151.8381725240522,0.29996738905364195,538.0423005270928,1493.9054924537268,0.1840646394945665,0.19457515989474158,-7.6632310822889105,0.5516435408128464,0.00027612407407922413,,0.9570867147447231,,0.010297793108743004,,,0.03193804804277561,0.0006746641732572969,,,29.34704444097736,0.9998912968454732,0.672552875658866,0.9959369949691512,0.9999972200694991,2.7799305009068576e-06
1149.1950286061726,0.2999669539683944,536.6410292570762,1493.858667015071,0.1840628215453176,0.19455998426038926,-7.663520826314537,0.5515511601453067,0.000277631515432984,,0.9569957294253046,,0.010320751591873937,,,0.03200401669040222,0.000676713156583812,,,29.283181064377708,0.9998898465613147,0.6708012865713452,0.9959057780100473,0.9999972108641646,2.789135835401524e-06
1146.5518846882928,0.299966514927248,535.2403414426777,1493.8116370684613,0.18406099772058226,0.19454476036487575,-7.663810665323254,0.551458684494678,0.00027913880985013786,,0.9569043338807444,,0.0103438157270418,,,0.03207027998071368,0.0006787720011620957,,,29.219298757421182,0.9998883830908267,0.6690504268033471,0.9958744247123076,0.9999972015896619,2.798410338122892e-06
1143.908740770413,0.29996607190283936,533.8402369351005,1493.7644011755897,0.18405916797725022,0.1945294878559906,-7.664100599953114,0.5513661132229046,0.0002806459606027654,,0.9568125253369618,,0.010366986244923689,,,0.03213683988796324,0.0006808407755540156,,,29.155397517187456,0.9998869063427979,0.6673002961688757,0.9958429341170598,0.9999971922454027,2.8077545972671203e-06
1141.2655968525332,0.2999656248676606,532.4407155862285,1493.7169578846845,0.1840573322718043,0.19451416637822655,-7.664390630848199,0.5512734456859087,0.00028215297099213254,,0.9567203009945442,,0.01039026388295077,,,0.03220369840392594,0.0006829195491836881,,,29.091477340681685,0.9998854162255354,0.6655508944827857,0.9958113052564563,0.9999971828306045,2.817169395541441e-06
1138.6224529346534,0.2999651737938168,531.0417772488591,1493.6693057305856,0.18405549056029985,0.19449879557260988,-7.664680758658923,0.5511806812332711,0.0002836598443477628,,0.9566276580295422,,0.010413649385374018,,,0.032270857539988776,0.0006850083894381775,,,29.02753822576242,0.9998839126460561,0.6638022215610739,0.9957795371537237,0.9999971733443432,2.8266556567624335e-06
1135.9793090167739,0.29996471865326607,529.643421774878,1493.621443234029,0.18405364279839864,0.19448337507698416,-7.664970984041537,0.5510878192087452,0.0002851665840300526,,0.956534593591235,,0.01043714350337178,,,0.03233831932287227,0.0006871073685684886,,,28.963580168947264,0.999882395510887,0.6620542772185974,0.995747628822686,0.9999971637860475,2.83621395247291e-06
1133.336165098894,0.2999642594175864,528.2456490177888,1493.573368902022,0.1840517889413279,0.19446790452567025,-7.66526130765873,0.5509948589496396,0.00028667319342802445,,0.9564411048034611,,0.010460746995098866,,,0.032406085799058106,0.0006892165571854032,,,28.899603167487793,0.9998808647252881,0.6603070612722359,0.9957155792680146,0.9999971541548036,2.8458451963864206e-06
1130.6930211810143,0.29996379605814183,526.8484588311762,1493.525081227578,0.18404992894387665,0.19445238354943808,-7.665551730179683,0.5509017997867751,0.0002881796759613797,,0.956347188764532,,0.010484460625788169,,,0.03247415903448856,0.0006913360250600468,,,28.83560721911166,0.9998793201938061,0.6585605735389702,0.995683387485052,0.9999971444498686,2.8555501313531906e-06
1128.0498772631345,0.299963328546001,525.4518510686166,1493.4765786892008,0.18404806276042296,0.19443681177573413,-7.665842252279669,0.5508086410448758,0.0002896860350806799,,0.9562528425449597,,0.01050828516781977,,,0.03254254111159653,0.0006934658460205787,,,28.77159232047288,0.9998777618200033,0.6568148138357708,0.9956510524594672,0.9999971346703965,2.865329603474187e-06
1125.406733345255,0.2999628568519344,524.0558255844686,1493.4278597512503,0.1840461903448844,0.19442118882827136,-7.66613287464078,0.5507153820418527,0.0002911922742670507,,0.9561580631898356,,0.010532221400823154,,,0.03261123413406913,0.0006956060909465923,,,28.707558469376973,0.9998761895064481,0.6550697819805857,0.9956185731675001,0.9999971248156744,2.8751843256236143e-06
1122.763589427375,0.29996238094647326,522.6603822331925,1493.3789228631808,0.18404431165075946,0.19440551432737474,-7.66642359795133,0.5506220220893896,0.0002926983970333005,,0.9560628477154897,,0.010556270111745203,,,0.03268024022219112,0.0006977568352855367,,,28.643505662402593,0.999874603154911,0.6533254777914906,0.9955859485754539,0.9999971148847114,2.8851152885644993e-06
1120.1204455094953,0.2999619007997971,521.2655208698029,1493.3297664598265,0.18404242663108653,0.1943897878896418,-7.666714422906441,0.5505285604923671,0.00029420440692355844,,0.9559671931118036,,0.010580432094946439,,,0.032749561516795936,0.0006999181533005801,,,28.579433896737957,0.9998730026659904,0.6515819010872537,0.9955531776398844,0.9999971048768466,2.8951231534346533e-06
1117.4773015916155,0.2999614163818379,519.8712413501495,1493.2803889612915,0.18404053523843295,0.19437400912785294,-7.667005350208222,0.550434996548673,0.00029571030751420244,,0.9558710963414955,,0.010604708152272397,,,0.032819200180093745,0.0007020901171619421,,,28.51534317041938,0.9998713879394596,0.6498390516876869,0.9955202593075276,0.9999970947910236,2.9052089763892397e-06
1114.8341576737357,0.29996092766223287,518.4775435296953,1493.2307887721563,0.18403863742493806,0.19435817765133231,-7.667296380565119,0.5503413295498643,0.00029721610241414877,,0.9557745543377613,,0.01062909909317353,,,0.032889158390769814,0.000704272804833174,,,28.451233479920973,0.9998697588741096,0.648096929412119,0.9954871925147709,0.9999970846265378,2.9153734621978344e-06
1112.1910137558561,0.2999604346102533,517.0844272647477,1493.1809642819237,0.18403673314225832,0.19434229306549047,-7.667587514692744,0.5502475587803266,0.00029872179526521496,,0.9556775640062759,,0.01065360573474976,,,0.032959438349427155,0.0007064662920441152,,,28.387104822634907,0.999868115367511,0.6463555340809346,0.9954539761879492,0.9999970743824969,2.9256175031466825e-06
1109.5478698379761,0.2999599371949638,515.6918924120414,1493.130913864582,0.18403482234158078,0.1943263549719406,-7.667878753313658,0.5501536835175012,0.00030022738974226155,,0.95558012222374,,0.010678228901897496,,,0.033030042276734804,0.0007086706555178217,,,28.32295719586417,0.999866457316546,0.6446148655150518,0.9954206092430546,0.9999970640578901,2.935942109871803e-06
1106.9047259200966,0.29995943538505576,514.299938828909,1493.0806358784293,0.18403290497361832,0.19431036296845858,-7.668170097157452,0.5500597030317937,0.00030173288955357677,,0.9554822258378979,,0.010702969427349813,,,0.03310097241365523,0.0007108859729795679,,,28.258790596839315,0.9998647846168526,0.6428749235361363,0.9953870905856196,0.9999970536518824,2.9463481175939776e-06
1104.2615820022168,0.2999589291489251,512.9085663723561,1493.030128665855,0.1840309809886026,0.19429431664892818,-7.6684615469608515,0.5499656165864826,0.00030323829844247966,,0.9553838716669775,,0.0107278281518026,,,0.0331722310216772,0.0007131123231717619,,,28.19460502271136,0.9998630971630836,0.6411357079654451,0.9953534191105701,0.999997043163629,2.9568363709708834e-06
1101.618438084337,0.2999584184546354,511.5177749006838,1492.9793905531833,0.18402905033627961,0.19427821560330427,-7.668753103467779,0.5498714234376418,0.00030474362018570586,,0.9552850564992259,,0.010752805923999286,,,0.033243820383051514,0.0007153497858661911,,,28.130400470550466,0.9998613948487847,0.6393972186258547,0.9953195937021222,0.9999970325921429,2.9674078571018114e-06
1098.9752941664572,0.29995790326998156,510.1275642725399,1492.928419850706,0.18402711296588334,0.194262059417395,-7.6690447674297415,0.5497771228337678,0.0003062488585951597,,0.9551857770938016,,0.010777903600825641,,,0.033315742803026946,0.0007175984388149349,,,28.06617693826253,0.9998596775666052,0.6376594553406749,0.9952856132338039,0.9999970219364691,2.9780635308895853e-06
1096.3321502485774,0.2999573835623505,508.7379343466942,1492.877214852044,0.18402516882616396,0.19424584767309966,-7.669336539605426,0.5496827140161704,0.0003077540175183386,,0.9550860301784744,,0.01080312204740358,,,0.033388000606611345,0.0007198583631182128,,,28.00193442297581,0.9998579452078351,0.6359224179333678,0.9952514765680294,0.9999970111956075,2.988804392534128e-06
1093.6890063306978,0.29995685929890126,507.3488849823077,1492.8257738340471,0.18402321786537593,0.1942295799483123,-7.6696284207608585,0.549588196218826,0.0003092591008382247,,0.9549858124497927,,0.01082846213721704,,,0.03346059613940916,0.0007221296423143617,,,27.937672921344237,0.9998561976630043,0.6341861062278846,0.9952171825560314,0.9999970003687333,2.999631266709102e-06
1091.045862412818,0.29995633044637793,505.960416038952,1492.7740950569382,0.18402126003123984,0.19421325581660212,-7.669920411669985,0.5494935686677866,0.0003107641124746058,,0.9548851205739947,,0.010853924752169017,,,0.03353353177107486,0.0007244123574800203,,,27.87339243098576,0.9998544348212598,0.6324505200486901,0.9951827300379588,0.9999969894547186,3.0105452814011002e-06
1088.4027184949382,0.29995579697125635,504.572527376994,1492.7221767638173,0.18401929527096522,0.1941968748474102,-7.670212513114319,0.5493988305815405,0.00031226905638315455,,0.9547839511856211,,0.010879510782727008,,,0.033606809892691956,0.0007267065916700764,,,27.80909294917399,0.9998526565708545,0.6307156592212425,0.9951481178425449,0.9999969784527101,3.0215472899275397e-06
1085.7595745770586,0.2999552588396212,503.1852188571964,1492.670017180471,0.18401732353123806,0.19418043660594392,-7.670504725883144,0.5493039811708025,0.000313773936556747,,0.9546823008868328,,0.010905221127992307,,,0.03368043291760132,0.0007290124290447795,,,27.7447744730906,0.9998508627987374,0.6289815235714955,0.9951133447869807,0.9999969673614713,3.032638528743803e-06
1083.1164306591788,0.2999547160171961,501.798490340801,1492.617614515281,0.18401534475820555,0.19416394065305326,-7.670797050773722,0.5492090196383126,0.0003152787570260691,,0.9545801662483631,,0.010931056695823366,,,0.03375440328252514,0.000731329953560686,,,27.680437000234395,0.9998490533906537,0.6272481129260012,0.995078409676854,0.9999969561802723,3.043819727710506e-06
1080.473286741299,0.29995416846943923,500.41234168909915,1492.5649669587563,0.1840133588974899,0.19414738654534885,-7.671089488591101,0.5491139451790206,0.00031678352185983394,,0.95447754380704,,0.010957018402947948,,,0.033828723445800256,0.0007336592521045579,,,27.616080527483447,0.9998472282314641,0.625515427111374,0.9950433113058375,0.9999969449078927,3.0550921072958204e-06
1077.8301428234192,0.29995361616137217,499.02677276468035,1492.5120726838356,0.18401136589414002,0.19413077383480062,-7.671382040148825,0.5490187569793852,0.0003182882351649085,,0.9543744300682289,,0.010983107175055042,,,0.03390339589172655,0.0007360004082414575,,,27.55170505292872,0.9998453872045739,0.6237834659558504,0.9950080484558904,0.9999969335432519,3.0664567480798155e-06
1075.1869989055397,0.29995305905772535,497.6417834296892,1492.4589298448477,0.18400936569268891,0.19411410206921753,-7.671674706268089,0.5489234542182082,0.00031979290108763566,,0.9542708215020264,,0.011009323946918729,,,0.03397842312461875,0.0007383535117904733,,,27.487310573103,0.9998435301924179,0.6220522292871116,0.9949726198965652,0.9999969220853544,3.0779146455994777e-06
1072.5438549876596,0.2999524971227995,496.2573735473516,1492.405536578065,0.18400735823708647,0.19409737079169143,-7.671967487778728,0.5488280360656574,0.00032129752381330356,,0.9541667145458477,,0.011035669662493953,,,0.03405380767489723,0.0007407186498904719,,,27.42289708557111,0.9998416570759983,0.6203217169341895,0.9949370243853767,0.9999969105331292,3.0894668707759365e-06
1069.90071106978,0.2999519303205789,494.873542980933,1492.3518910009543,0.18400534347073078,0.19408057954085858,-7.672260385518762,0.5487325016837099,0.0003228021075678156,,0.9540621056019448,,0.011062145275045095,,,0.034129552095640905,0.0007430959127594012,,,27.358464587264073,0.999839767735263,0.6185919287261662,0.9949012606673029,0.9999968988853903,3.101114609660449e-06
1067.2575671519003,0.2999513586146248,493.49029159518403,1492.297991212614,0.18400332133641256,0.19406372785044093,-7.672553400335209,0.5486368502253516,0.00032430665661640644,,0.953956991039812,,0.011088751747251654,,,0.03420565896762615,0.000745485386402788,,,27.294013076566007,0.9998378620487494,0.6168628644939801,0.9948653274750761,0.9999968871410926,3.112858907416971e-06
1064.6144232340205,0.2999507819682251,492.10761925417495,1492.2438352924783,0.1840012917763865,0.19404681524984044,-7.672846533083037,0.5485410808356104,0.00032581117526640503,,0.9538513671913544,,0.011115490051343898,,,0.034282130891955094,0.0007478871643938864,,,27.229542549963792,0.9998359398940837,0.6151345240677187,0.9948292235283188,0.9999968752990473,3.1247009526502723e-06
1061.9712793161407,0.29995020034416564,490.7255258227557,1492.189421300839,0.18399925473230616,0.19402984126360173,-7.673139784626127,0.5484451926506093,0.00032731566786634497,,0.9537452303537683,,0.011142361169183325,,,0.034358970495888555,0.0007503013393594849,,,27.165053004495906,0.9998340011472189,0.6134069072784446,0.9947929475338927,0.9999968633581997,3.136641800294271e-06
1059.328135398261,0.2999496137048978,489.3440111672746,1492.1347472788857,0.18399721014519627,0.19401280541118135,-7.673433155837679,0.5483491847971438,0.0003288201388060023,,0.953638576789805,,0.011169366092415558,,,0.03443618043521174,0.000752727999852409,,,27.100544438586436,0.9998320456829928,0.6116800139590932,0.9947564981859238,0.9999968513172847,3.148682715337081e-06
1056.6849914803813,0.29994902201249785,487.96307515310986,1492.0798112473553,0.1839951579555261,0.19399570720756318,-7.67372664759913,0.5482530563937811,0.00033032459251883397,,0.953531402723371,,0.011196505822588531,,,0.03451376338660205,0.0007551672425344597,,,27.03601684865477,0.9998300733749929,0.6099538439413873,0.9947198741649036,0.9999968391750961,3.160824903924997e-06
1054.0418475625015,0.29994842522864745,486.5827176471111,1492.024611207415,0.18399309810311895,0.19397854616250565,-7.674020260801493,0.548156806549505,0.0003318290334807661,,0.9534237043434739,,0.011223781371260821,,,0.034591722055975535,0.00075761915983111,,,26.9714702325809,0.9998280840954915,0.6082283970588889,0.9946830741382767,0.9999968269305413,3.173069458739519e-06
1051.398703644622,0.2999478233145544,485.20293851660847,1491.969145139682,0.18399103052719823,0.1939613217809302,-7.674313996344675,0.5480604343644115,0.0003333334662111008,,0.9533154778006279,,0.011251193760126555,,,0.03467005917364488,0.0007600838478856399,,,26.9069045874669,0.9998260777151813,0.6065036731457606,0.994646096759788,0.9999968145822848,3.185417715156902e-06
1048.755559726742,0.2999472162311084,483.82373762905803,1491.9134110042457,0.1839889551663572,0.19394403356266843,-7.674607855137929,0.5479639389292439,0.0003348378952739478,,0.9532067192079491,,0.011278744021182105,,,0.03474877749673228,0.0007625614033294248,,,26.842319910565035,0.9998240541036948,0.6047796720363225,0.9946089406694971,0.999996802129193,3.19787080704792e-06
1046.1124158088624,0.2999466039387517,482.44511485317673,1491.8574067405727,0.18398687195853988,0.19392668100231036,-7.674901838100127,0.5478673193251344,0.0003363423252774486,,0.9530974246409255,,0.01130643319679262,,,0.03482787981053365,0.0007650519217114304,,,26.777716199687923,0.9998220131291724,0.6030563935664709,0.9945716044937152,0.9999967895699632,3.210430036815204e-06
1043.4692718909826,0.2999459863974909,481.06707005708574,1491.8011302667464,0.18398478084106637,0.19390926358941332,-7.675195946159398,0.5477705746239501,0.00033784676087591326,,0.9529875901353402,,0.011334262339873993,,,0.034907368925585,0.0007675555025082696,,,26.713093451849954,0.9998199546583031,0.6013338375713572,0.9945340868444976,0.9999967769033075,3.2230966925395066e-06
1040.8261279731028,0.29994536356694557,479.6896031106455,1491.7445794796954,0.18398268175059318,0.1938917808081775,-7.675490180253707,0.54767370388773,0.0003393512067686562,,0.9528772116884223,,0.0113622325140159,,,0.0349872476811261,0.0007700722443239321,,,26.648451664584023,0.9998178785564853,0.5996120038883069,0.994496386319797,0.9999967641278883,3.235872111706506e-06
1038.182984055223,0.2999447354062861,478.31271388363865,1491.6877522546497,0.18398057462311856,0.19387423213749233,-7.6757845413307795,0.5475767061687442,0.00034085566770231324,,0.9527662852578255,,0.01139034479358551,,,0.03506751894398299,0.000772602247144885,,,26.583790835330106,0.9998157846876203,0.5978908923545483,0.9944585015030998,0.9999967512425388,3.2487574611606007e-06
1035.5398401373432,0.2999441018742326,476.9364022466671,1491.630646444915,0.18397845939397484,0.19385661705087454,-7.676079030348214,0.5474795805093979,0.0003423601484700972,,0.9526548067604771,,0.011418600263904965,,,0.03514818560889876,0.0007751456123613317,,,26.519110961421035,0.9998136729141087,0.596170502808334,0.9944204309632767,0.9999967382456422,3.261754357830604e-06
1032.8966962194636,0.29994346292910096,475.56066807024587,1491.5732598815418,0.1839763359978196,0.1938389350163993,-7.676373648273616,0.5473823259420829,0.0003438646539135181,,0.952542772073094,,0.01144700002138626,,,0.03522925059887635,0.000777702442785906,,,26.454412040111908,0.9998115430970033,0.5944508350878074,0.9943821732543612,0.9999967251361425,3.2748638575386124e-06
1030.2535523015836,0.2999428185287051,474.1855112268427,1491.5155903733578,0.1839742043686062,0.19382118549645655,-7.676668396085031,0.5472849414887566,0.0003453691889211199,,0.9524301770317454,,0.011475545173636864,,,0.035310716867414146,0.0007802728397818771,,,26.38969406931627,0.9998093950956837,0.5927318890335534,0.9943437269155718,0.9999967119125783,3.288087421671193e-06
1027.610408383704,0.2999421686305175,472.81093158845755,1491.4576357062326,0.1839720644396039,0.19380336794792183,-7.676963274770649,0.5471874261612255,0.0003468737584317959,,0.952317017430208,,0.011504236839650439,,,0.0353925873961358,0.000782856907461868,,,26.324957046498515,0.9998072287683917,0.5910136644855719,0.9943050904708217,0.9999966985734561,3.3014265439224033e-06
1024.9672644658242,0.2999415131914038,471.436929027684,1491.3993936427676,0.1839699161433935,0.19378548182212282,-7.677258285328869,0.5470897789610936,0.0003483783674334661,,0.9522032890194035,,0.011533076149919606,,,0.03547486519481007,0.0007854547532098734,,,26.26020096856316,0.999805043971346,0.589296161284605,0.9942662624285117,0.9999966851173431,3.314882656924034e-06
1022.3241205479445,0.2999408521678781,470.06350341805614,1491.3408619224783,0.18396775941182025,0.19376752656445098,-7.677553428768998,0.5469919988790517,0.0003498830209644746,,0.9520889875088382,,0.011562064246595768,,,0.03555755330511931,0.0007880664824882224,,,26.195425833224178,0.9998028405595937,0.5875793792725702,0.9942272412816522,0.9999966715430415,3.328456958495707e-06
1019.6809766300647,0.299940185515926,468.6906546336195,1491.2820382611114,0.1839655941760113,0.19374950161450957,-7.677848706110989,0.5468940848951487,0.00035138772411387996,,0.9519741085638663,,0.011591202283651413,,,0.03564065479849277,0.0007906922027548743,,,26.130631637948074,0.99980061838642,0.5858633182920243,0.9941880255074076,0.9999966578487653,3.342151234653201e-06
1017.037832712185,0.2999395131910948,467.3183825492023,1491.2229203504899,0.18396342036635624,0.19373140640595532,-7.678144118385736,0.5467960359784882,0.0003528924820223725,,0.9518586478067886,,0.011620491427009055,,,0.035724172777565046,0.0007933320218147591,,,26.065818380421067,0.9997983773036494,0.5841479781865029,0.9941486135669932,0.9999966440331775,3.355966822549128e-06
1014.3946887943052,0.2999388351484289,465.9466870397599,1491.1635058578522,0.18396123791252406,0.1937132403666423,-7.678439666634818,0.5466978510874956,0.0003543972998831729,,0.9517426008144144,,0.011649932854714887,,,0.03580811037401672,0.0007959860517281063,,,26.00098605753381,0.9997961171614297,0.5824333587996999,0.9941090039052348,0.9999966300948743,3.369905125727435e-06
1011.7515448764254,0.29993815134244545,464.57556798179127,1491.1037924263514,0.18395904674338678,0.19369500291799027,-7.6787353519116275,0.5465995291687724,0.00035590218294182657,,0.9516259631203906,,0.01167952775708949,,,0.035892470754858324,0.0007986543997964567,,,25.936134667695345,0.9997938378081516,0.5807194599772391,0.994069194950901,0.9999966160321349,3.3839678651448324e-06
1009.1084009585459,0.2999374617272584,463.2050252514152,1491.0437776736424,0.1839568467870976,0.19367669347563743,-7.679031175280225,0.5465010691582632,0.0003574071364983334,,0.951508730211127,,0.011709277336893663,,,0.03597725711514163,0.0008013371803637056,,,25.871264207816928,0.9997915390908613,0.5790062815642689,0.9940291851157615,0.999996601843526,3.398156473988223e-06
1006.4652570406658,0.29993676625636495,461.83505872625085,1490.9834591925012,0.18395463797100478,0.19365831144872936,-7.6793271378166015,0.5464024699799737,0.0003589121659063476,,0.9513908975282137,,0.011739182809479814,,,0.036062472684930395,0.00080403450474313,,,25.80637467589288,0.9997892208545499,0.5772938234078135,0.9939889727950008,0.999996587527367,3.412472633024244e-06
1003.8221131227863,0.2999360648828657,460.46566828354065,1490.922834549578,0.18395242022171104,0.1936398562404138,-7.679623240607812,0.5463037305468514,0.00036041727657553453,,0.9512724604650886,,0.011769245402979297,,,0.03614812072364781,0.0008067464905345082,,,25.741466068643188,0.9997868829428858,0.5755820853544258,0.9939485563663853,0.9999965730822502,3.4269177497936454e-06
1001.1789692049065,0.2999353575592295,459.09685380258844,1490.8619012862757,0.1839501934649711,0.1936213272469949,-7.679919484753482,0.5462048497592686,0.0003619224739701986,,0.951153414370044,,0.01179946635843945,,,0.036234204528498556,0.0008094732493637898,,,25.6765383846002,0.9997845251974318,0.5738710672532356,0.9939079341908504,0.9999965585063457,3.441493654277039e-06
998.5358252870267,0.29993464423751515,457.72861516199583,1490.8006569169013,0.18394795762579408,0.1936027238587859,-7.680215871364296,0.546105826506543,0.00036342776361223344,,0.9510337545409084,,0.011829846930019275,,,0.03632072742501041,0.0008122149020451823,,,25.611591620305607,0.9997821474583839,0.5721607689524948,0.9938671046112675,0.9999965437979833,3.4562020166939433e-06
995.892681369147,0.2999339248691346,456.36095224207133,1490.739098929947,0.18394571262830708,0.1935840454589806,-7.68051240156402,0.546006659664906,0.00036493315108049535,,0.9509134762302485,,0.011860388385148905,,,0.036407692778329455,0.0008149715619281075,,,25.54662577449631,0.9997797495637821,0.5704511903025892,0.993826065953298,0.9999965289556549,3.4710443450602924e-06
993.2495374512672,0.2999331994050549,454.99386492280354,1490.6772247859371,0.18394345839588577,0.1935652914247413,-7.680809076487568,0.5459073480994459,0.00036643864201241753,,0.9507925746377537,,0.011891092004724045,,,0.036495103981560154,0.0008177433534610067,,,25.481640843457075,0.9997773313501831,0.5687423311535045,0.9937848165239581,0.9999965139774989,3.486022501109076e-06
990.6063935333875,0.29993246779564253,453.6273530865339,1490.6150319191465,0.18394119485097846,0.19354646112574114,-7.681105897283603,0.5458078906614983,0.00036794424210292434,,0.9506710449175347,,0.011921959083252297,,,0.03658296447012319,0.0008205303908645451,,,25.41663682633826,0.9997748926521418,0.5670341913581673,0.9937433546127643,0.9999964988617748,3.5011382252259082e-06
987.9632496155077,0.2999317299907251,452.2614166144222,1490.55251773498,0.18393892191527006,0.1935275539255299,-7.681402865112115,0.5457082861910747,0.00036944995710830715,,0.9505488821695214,,0.01195299092907464,,,0.03667127770739792,0.00082333280085677,,,25.35161371953048,0.999772433302417,0.5653267707680277,0.9937016784899867,0.9999964836068508,3.51639314921659e-06
985.320105697628,0.29993098593958856,450.8960553892892,1490.4896796113126,0.18393663950953607,0.1935085691803254,-7.681699981146583,0.5456085335146934,0.0003709557928447719,,0.9504260814446279,,0.011984188864513237,,,0.03676004719646287,0.0008261507053322302,,,25.286571520958123,0.9997699531319619,0.5636200692366115,0.9936597864075417,0.9999964682109362,3.531789063759838e-06
982.6769617797482,0.2999302355909314,449.5312692946393,1490.4265148974707,0.1839343475536824,0.19348950623934769,-7.6819972465733795,0.5455086314459852,0.0003724617551897325,,0.9503026377415686,,0.012015554226100674,,,0.0368492764762616,0.0008289842280091321,,,25.22151022841281,0.9997674519697713,0.5619140866182991,0.9936176765983138,0.99999645267194,3.5473280599607193e-06
980.0338178618686,0.2999294788928309,448.1670582147777,1490.3630209138307,0.1839320459667334,0.19347036444472349,-7.682294662591957,0.5454085787854943,0.00037396785008283833,,0.9501785460071718,,0.012047088364707395,,,0.03693896912205367,0.0008318334944505181,,,25.156429839592164,0.9997649296427696,0.5602088227684721,0.9935753472758871,0.9999964369883833,3.5630116167473247e-06
977.3906739439888,0.2999287157928806,446.80342203447054,1490.2991949514167,0.1839297346668195,0.19345114313138917,-7.682592230415027,0.5453083743205127,0.00037547408352693807,,0.9500538011343336,,0.012078792645808923,,,0.03702912874587811,0.0008346986320956705,,,25.0913303520658,0.9997623859762688,0.5585042775430882,0.9935327966342777,0.9999964211581163,3.5788418837334746e-06
974.747530026109,0.29992794623793734,445.44036063921016,1490.2350342715156,0.18392741357116438,0.19343184162698634,-7.682889951268753,0.5452080168248736,0.0003769804615886984,,0.9499283979624141,,0.012110668449629105,,,0.037119758997033715,0.0008375797702833396,,,25.02621176330582,0.9997598207931245,0.5568004507990127,0.9934900228476771,0.9999964051793603,3.594820639718499e-06
972.1043861082294,0.2999271701744178,444.0778739157615,1490.1705361055876,0.18392508259604698,0.19341245925155195,-7.683187826393307,0.5451075050584082,0.00037848699039936385,,0.949802331277066,,0.012142717171373673,,,0.03721086356477074,0.0008404770369072815,,,24.96107407146598,0.9997572339147259,0.5550973423947019,0.9934470240703918,0.9999963890501178,3.610949882215664e-06
969.4612421903494,0.2999263875480053,442.71596175118833,1490.1056976543496,0.18392274165682615,0.19339299531772755,-7.683485857042512,0.5450068377672901,0.0003799936761562618,,0.9496755958080239,,0.01217494022140386,,,0.03730244617549702,0.0008433905634737988,,,24.89591727418603,0.9997546251600178,0.5533949521889854,0.993403798436233,0.9999963727683986,3.627231601410763e-06
966.8180982724698,0.2999255983037816,441.35462403340966,1490.040516087498,0.18392039066792124,0.19337344913060067,-7.683784044484134,0.5449060136837565,0.00038150052512293516,,0.9495481862288551,,0.012207339025462411,,,0.03739451059405755,0.0008463204839223798,,,24.830741368893253,0.9997519943459388,0.5516932800417621,0.993360344058332,0.9999963563322974,3.6436677025575293e-06
964.1749543545899,0.29992480238628433,439.99386065074884,1489.974988543441,0.1839180295427793,0.19335381998744008,-7.684082390000353,0.5448050315256241,0.0003830075436312303,,0.949420097156617,,0.012239915024897002,,,0.03748706062560338,0.0008492669325746195,,,24.7655463532809,0.9997493412876145,0.549992325813436,0.9933166590289606,0.9999963397396919,3.6602603080693186e-06
961.5318104367102,0.29992399973930856,438.63367149372084,1489.9091121292097,0.1839156581938402,0.19333410717740723,-7.684380894888296,0.5447038899957697,0.00038451473807998425,,0.9492913231522688,,0.012272669676832342,,,0.037580100117973865,0.0008522300413251055,,,24.70033222595485,0.9997466657976952,0.548292089367151,0.9932727414194731,0.9999963229884001,3.6770115998674413e-06
958.8886665188305,0.29992319030602177,437.2740564520085,1489.8428839188525,0.18391327653261186,0.19331430998218926,-7.684679560458913,0.5446025877832392,0.00038602211493880275,,0.949161858716458,,0.012305604454418273,,,0.03767363295506142,0.0008552099506135238,,,24.635098983900587,0.9997439676867392,0.5465925705650106,0.993228589279235,0.9999963060765512,3.6939234487887163e-06
956.2455226009507,0.29992237402900007,435.915015416921,1489.7763009541359,0.18391088446956408,0.19329442767511956,-7.684978388038558,0.544501123561683,0.000387529680747111,,0.9490316982918856,,0.012338720847061129,,,0.03776766306455878,0.0008582067983877722,,,24.569846625053824,0.9997412467633336,0.5448937692711513,0.9931842006360906,0.9999962890018933,3.7109981066985043e-06
953.6023786830709,0.2999215508500868,434.55654828040616,1489.7093602436016,0.18390848191415413,0.19327445952139627,-7.685277378968604,0.5443994959897234,0.00038903744211604756,,0.9489008362614154,,0.01237202036060634,,,0.03786219441553317,0.0008612207247134012,,,24.504575147226365,0.9997385028336228,0.5431956853505077,0.9931395734957345,0.9999962717622684,3.7282377316483206e-06
950.9592347651912,0.2999207207104734,433.1986549352267,1489.642058762128,0.1839060687748115,0.1932544047779609,-7.685576534605675,0.5442977037107415,0.00039054540572889455,,0.9487692669470219,,0.012405504517599194,,,0.03795723101896059,0.0008642518718066386,,,24.439284548109423,0.9997357357015779,0.5414983186690334,0.9930947058414187,0.9999962543553883,3.7456446116967967e-06
948.3160908473114,0.2999198835506665,431.8413352758566,1489.574393451046,0.1839036449588746,0.1932342626929761,-7.685875856322576,0.544195745351927,0.0003920535783418194,,0.9486369846111289,,0.012439174857519261,,,0.03805277693214765,0.000867300378168329,,,24.373974826604147,0.9997329451688884,0.5398016690948207,0.9930495956340307,0.9999962367789641,3.763221035901765e-06
945.6729469294318,0.29991903931049724,430.48458919590485,1489.5063612160034,0.18390121037270696,0.1932140325067995,-7.686175345506585,0.5440936195260067,0.00039356196678664554,,0.948503983450574,,0.012473032936993896,,,0.03814883624888399,0.0008703663945331731,,,24.308645979227713,0.9997301310349909,0.538105736494881,0.993004240810669,0.999996219030985,3.7809690149881447e-06
943.0298030115521,0.29991818792904745,429.1284165912997,1489.4379589285638,0.18389876492151483,0.19319371345047007,-7.686475003562143,0.5439913248285349,0.00039507057796983093,,0.9483702576019212,,0.012507080330050088,,,0.038245413113221924,0.0008734500636859439,,,24.24329800467593,0.9997272930968248,0.5364105207391247,0.9929586392857093,0.9999962011088792,3.798891120787573e-06
940.3866590936723,0.2999173293446823,427.7728173579205,1489.3691834240103,0.18389630850947097,0.1931733047467447,-7.686774831909032,0.5438888598397345,0.0003965794188749377,,0.9482358011356214,,0.012541318628354578,,,0.038342511709155536,0.0008765515372195414,,,24.17793090005189,0.999724431148941,0.5347160216974006,0.9929127889493402,0.9999961830103512,3.8169896487971755e-06
937.7435151757925,0.2999164634951095,426.4177913939438,1489.3000315025815,0.1838938410395561,0.19315280560878673,-7.68707483198471,0.5437862231221429,0.0003980884965621839,,0.9481006080606285,,0.012575749441483703,,,0.038440136272373145,0.0008796709584776467,,,24.112544664683337,0.9997215449836983,0.5330222392424298,0.9928666876683877,0.9999961647329629,3.835267037066714e-06
935.1003712579127,0.29991559031722914,425.0633385967049,1489.230499926785,0.18389136241371798,0.19313221524148974,-7.687375005241976,0.5436834132229658,0.00039959781817200293,,0.9479646723164331,,0.01261037439713082,,,0.03853829107724236,0.0008828084834357577,,,24.04713929547546,0.9997186343907638,0.5313291732458811,0.9928203332845232,0.9999961462742422,3.85372575784082e-06
932.4572273400329,0.2999147097471966,423.7094588656177,1489.1605854225854,0.18388887253271702,0.1931115328402067,-7.687675353151235,0.5435804286717936,0.00040110739092367277,,0.9478279877779922,,0.012645195141397383,,,0.038636980448026624,0.0008859642644711925,,,23.981714790554893,0.999715699157322,0.5296368235820221,0.992773723615057,0.9999961276318874,3.872368112611824e-06
929.8140834221532,0.2999138217204718,422.35615210015175,1489.0902846782176,0.1838863712961608,0.19309075759103747,-7.687975877200006,0.5434772679811113,0.0004026172221187054,,0.9476905482520961,,0.01268021333905509,,,0.038736208755641995,0.0008891384563671263,,,23.916271147900066,0.9997127390682394,0.5279451901251897,0.9927268564521451,0.9999961088031604,3.891196839633793e-06
927.1709395042734,0.2999129261716782,421.00341820191903,1489.0195943438641,0.18388385860247505,0.19306988867059674,-7.6882765788933405,0.5433739296458633,0.00040412731913929296,,0.9475523474777806,,0.012715430673787895,,,0.03883598041935386,0.0008923312147058982,,,23.85080836572546,0.999709753905594,0.5262542727523988,0.9926797295625761,0.9999960897856283,3.910214371738441e-06
924.5277955863937,0.2999120230346801,419.6512570727852,1488.9485110310195,0.18388133434888693,0.19304892524588077,-7.688577459754076,0.5432704121432161,0.00040563768945216694,,0.9474133791246098,,0.01275084884847149,,,0.03893629990718062,0.0008955426962762197,,,23.78532644237723,0.9997067434489337,0.5245640713409815,0.9926323406873463,0.999996070576538,3.929423461945802e-06
921.884651668514,0.29991111224254835,418.29966861496575,1488.8770313112302,0.18387879843146665,0.19302786647461917,-7.688878521322224,0.5431667139331546,0.0004071483406087674,,0.9472736367898935,,0.012786469585470977,,,0.039037171732118875,0.0008987730658629859,,,23.719825374902946,0.9997037074751612,0.5228745857687072,0.9925846875408202,0.9999960511733463,3.9488266536658045e-06
919.2415077506342,0.29991019372752314,416.9486527333252,1488.8051517173728,0.1838762507449602,0.1930067115038921,-7.689179765157439,0.5430628334560286,0.0004086592802456343,,0.947133114003348,,0.012822294626865613,,,0.039138600464217285,0.0009020224788632726,,,23.65430516277776,0.9997006457584106,0.5211858159166565,0.9925367678115818,0.9999960315732941,3.968426705913686e-06
916.5983638327544,0.2999092674210971,415.5982093318739,1488.732868740604,0.183873691182969,0.1929854594716307,-7.689481192836365,0.5429587691351889,0.00041017051608734176,,0.9469918042182088,,0.012858325734796477,,,0.03924059071617737,0.0009052911043820952,,,23.588765802953077,0.9996975580703237,0.5194977616648423,0.9924885791604027,0.9999960117735648,3.988226435214237e-06
913.9552199148748,0.2999083332538389,414.24833831671725,1488.6601788318196,0.18387111963776925,0.19296410950511997,-7.689782805955315,0.5428545193743277,0.00041168205594675777,,0.9468497008170581,,0.012894564691704816,,,0.03934314715641924,0.0009085791063046952,,,23.523207293941844,0.9996944441794631,0.5178104228958965,0.9924401192212131,0.9999959917714869,4.008228513097123e-06
911.312075996995,0.29990739115557047,412.8990395950496,1488.5870784001916,0.1838685360003599,0.19294266072140823,-7.690084606129552,0.5427500825581779,0.00041319390772561463,,0.9467067971076983,,0.012931013300660491,,,0.039446274504691806,0.0009118866511746821,,,23.45762963410151,0.9996913038519016,0.516123799493812,0.9923913856001277,0.9999959715642254,4.028435774627859e-06
908.6689320791152,0.2999064410551609,411.5503130746294,1488.513563812554,0.18386594016044316,0.192921112227149,-7.690386594993586,0.5426454570522319,0.0004147060794176978,,0.9465630863219929,,0.012967673385631307,,,0.03954997753276312,0.0009152139082320554,,,23.392032821647113,0.9996881368505364,0.5144378913432868,0.9923423758750359,0.9999959511486194,4.048851380611396e-06
906.0257881612356,0.29990548288070606,410.2021586645526,1488.4396313927996,0.18386333200640692,0.19289946311846506,-7.690688774201435,0.5425406412024696,0.000416218579108722,,0.9464185616156063,,0.01300454679181067,,,0.03965426106514142,0.0009185610494562001,,,23.32641685467317,0.9996849429356869,0.5127526983306907,0.9922930875951997,0.9999959305220146,4.069477985368941e-06
903.3826442433558,0.2999045165593266,408.8545762745462,1488.365277421199,0.183860711425303,0.19287771248077246,-7.690991145426946,0.5424356333350469,0.00041773141497858466,,0.9462732160659513,,0.013041635385920057,,,0.03975912997981002,0.0009219282496077945,,,23.260781731131807,0.9996817218644221,0.5110682203431828,0.9922435182807993,0.9999959096812892,4.09031871084764e-06
900.739500325476,0.2999035420173166,407.50756581619385,1488.2904981343013,0.18385807830278864,0.1928558593883053,-7.691293710364662,0.5423304317554178,0.0004192445953018266,,0.946127042673085,,0.013078941056508794,,,0.039864589211887125,0.000925315681830426,,,23.195127449753066,0.9996784733910554,0.5093844572702423,0.9921936654228676,0.9999958886233112,4.111376688764601e-06
898.0963564075962,0.2999025591800149,406.1611272014437,1488.2152897233964,0.18385543252317604,0.19283390290453178,-7.691596470729092,0.5422250347490767,0.0004207581284498087,,0.9459800343560734,,0.013116465714301315,,,0.03997064374933936,0.0009287235254094651,,,23.1294540084516,0.9996751972667164,0.5077014090018046,0.9921435264822642,0.9999958673451236,4.132654876420894e-06
895.4532124897164,0.2999015679718836,404.81526034407096,1488.139648334784,0.1838527739693303,0.192811842081317,-7.691899428256219,0.542119440580036,0.0004222720228918516,,0.945832183954535,,0.01315421129250652,,,0.04007729863948127,0.0009321519570487947,,,23.063761406122442,0.999671893239612,0.5060190754300887,0.992093098889856,0.9999958458435716,4.154156428404221e-06
892.8100685718367,0.299900568316448,403.469965158173,1488.0635700680125,0.18385010252274048,0.19278967595951937,-7.69220258470246,0.542013647491884,0.00042378628719738176,,0.9456834842237795,,0.013192179747135345,,,0.04018455898311067,0.000935601161086081,,,22.9980496405543,0.9996685610548267,0.5043374564477162,0.9920423800453416,0.9999958241151116,4.175884888435455e-06
890.1669246539569,0.2998995601362087,402.12524155956174,1487.9870509761975,0.18384741806341873,0.19276740356816238,-7.692505941846143,0.5419076537062875,0.00042530093003585056,,0.9455339278378672,,0.013230373057379355,,,0.040292429941276055,0.000939071320408207,,,22.93231871031909,0.9996652004540291,0.5026565519494521,0.991991367317465,0.9999958021569307,4.1978430692646285e-06
887.5237807360771,0.2998985433527461,400.78108946517017,1487.9100870647871,0.18384472046991338,0.1927450239245519,-7.692809501487333,0.541801457423186,0.00042681596017984485,,0.9453835073853257,,0.013268793225909478,,,0.04040091673319708,0.0009425626209361018,,,22.866568613819727,0.9996618111758204,0.5009763618314627,0.9919400580431914,0.9999957799653684,4.220034631630121e-06
884.8806368181976,0.2998975178866865,399.437508792457,1487.8326742908348,0.18384200961928981,0.19272253603412548,-7.693113265448104,0.5416950568205019,0.00042833138650641656,,0.9452322153690844,,0.013307442279264732,,,0.0405100246370765,0.000946075251674685,,,22.80079934932727,0.9996583929556218,0.4992968859905712,0.9918884495272232,0.9999957575371003,4.24246289965069e-06
882.2374929003178,0.29989648365765637,398.0944994614691,1487.754808562918,0.18383928538706135,0.1926999388898862,-7.693417235573568,0.5415884500531263,0.0004298472179971273,,0.9450800442064502,,0.013346322268176315,,,0.040619758994283314,0.0009496093996726076,,,22.735010915967212,0.9996549455255213,0.4976181243268364,0.9918365390419454,0.9999957348685824,4.265131417602319e-06
879.594348982438,0.2998954405841702,396.7520613920004,1487.6764857390003,0.1838365476472693,0.19267723147307933,-7.693721413730693,0.5414816352540877,0.0004313634637418489,,0.9449269862244033,,0.013385435267940136,,,0.040730125202680406,0.000953165261559349,,,22.66920331145785,0.9996514686139008,0.4959400767400005,0.9917843238260002,0.9999957119565831,4.288043416900145e-06
876.9512050645583,0.29989438858383605,395.4101945060488,1487.597701627416,0.1838337962723228,0.19265441275186837,-7.694025801810672,0.5413746105321975,0.0004328801329392886,,0.9447730336624346,,0.013424783378804386,,,0.04084112872727816,0.0009567430286344308,,,22.603376535045474,0.9996479619461202,0.494262743132561,0.991731801084944,0.9999956887971516,4.311202848383822e-06
874.3080611466785,0.2998933275731708,394.0688987261428,1487.5184519844922,0.18383103113310575,0.19263148168223504,-7.694330401727344,0.5412673739736125,0.00043439723489821876,,0.9446181786677104,,0.013464368726312204,,,0.04095277509187348,0.0009603429010735541,,,22.537530584736427,0.9996444252439026,0.4925861234076785,0.9916789679896615,0.9999956653869696,4.334613030398948e-06
871.6649172287987,0.29989225746762577,392.72817397667626,1487.4387325149503,0.18382825209885295,0.19260843720695858,-7.694635215419029,0.5411599236400155,0.0004359147790400796,,0.9444624132960979,,0.013504193461726165,,,0.04106506988692796,0.0009639650772857347,,,22.471665459372925,0.9996408582254193,0.49091021747084534,0.9916258216766335,0.9999956417220377,4.358277962301926e-06
869.0217733109189,0.2998911781815491,391.38802018309207,1487.3585388705467,0.18382545903717135,0.19258527825580365,-7.694940244848214,0.5410522575689178,0.00043743277490033316,,0.9443057295102053,,0.013544259762368576,,,0.041178018767175986,0.0009676097590501551,,,22.40578115764932,0.9996372606051637,0.4892350252288651,0.9915723592470311,0.9999956177988001,4.382201199915059e-06
866.3786293930391,0.29989008962821645,390.04843727204707,1487.277866649251,0.18382265181401602,0.1925620037453293,-7.695245492001908,0.5409443737733115,0.0004389512321301976,,0.9441481191770654,,0.013584569832041817,,,0.04129162745254018,0.0009712771515715343,,,22.33987767810001,0.9996336320940549,0.4875605465900588,0.9915185777661674,0.999995593613219,4.4063867810084645e-06
863.7354854751595,0.29988899171984507,388.70942517125326,1487.1967113943979,0.18381983029366306,0.19253861257867588,-7.695550958892057,0.5408362702412495,0.0004404701604988344,,0.9439895740674116,,0.013625125901475724,,,0.04140590172907382,0.0009749674635384192,,,22.27395501911901,0.9996299723994836,0.48588678146406655,0.9914644742629319,0.9999955691614995,4.430838500546486e-06
861.0923415572797,0.29988788436738867,387.37098381124594,1487.1150685950606,0.1838169943385877,0.1925151036445637,-7.695856647557328,0.5407279449340674,0.00044198956989369517,,0.9438300858572318,,0.013665930228625275,,,0.04152084745666283,0.0009786808969301762,,,22.208013180867177,0.9996262812246289,0.4842137297640574,0.9914100457300404,0.9999955444394502,4.455560549843085e-06
858.4491976393999,0.2998867674807533,386.0331131217978,1487.0329336822954,0.1838141438096693,0.1924914758190026,-7.696162560060099,0.540619395789383,0.00044350947032475166,,0.9436696461185092,,0.013706985099214747,,,0.04163647055383891,0.0009824176717246132,,,22.142052160630517,0.9996225582691778,0.4825413914022472,0.9913552891215303,0.9999955194432875,4.4805567125383305e-06
855.8060537215202,0.2998856409687065,384.69581303519385,1486.95030203123,0.18381127856592078,0.19246772796306136,-7.696468698490453,0.5405106207171171,0.00044502987192499417,,0.9435082463256999,,0.013748292827099192,,,0.041752777015536015,0.000986178000327807,,,22.076071957666937,0.9996188032290217,0.4808697662939923,0.9913002013541533,0.999995494168663,4.505831337042743e-06
853.1629098036404,0.2998845047387218,383.35908348521554,1486.8671689589075,0.18380839846456826,0.19244385892353677,-7.696775064965004,0.5404016176006534,0.0004465507849520685,,0.9433458778510185,,0.01378985575469368,,,0.04186977290682796,0.0009899620988402624,,,22.010072571056742,0.9996150157957394,0.47919885435651943,0.9912447793059384,0.9999954686113804,4.5313886195552655e-06
850.5197658857606,0.29988335869711635,382.0229244068868,1486.7835297233476,0.183805503361022,0.19241986753272558,-7.6970816616273305,0.5402923842964151,0.00044807221979094704,,0.9431825319625697,,0.013831676253437234,,,0.04198746436392435,0.0009937701871177958,,,21.94405399971697,0.9996111956570546,0.47752865550860846,0.9911890198155651,0.9999954427670491,4.557232950896939e-06
847.876621967881,0.29988220274901084,380.68733573641373,1486.6993795226058,0.18380259310884692,0.19239575260819078,-7.697388490648413,0.5401829186334197,0.00044959418695592735,,0.943018199823224,,0.013873756724251134,,,0.042105857595220016,0.0009976024888335008,,,21.878016242415338,0.9996073424967028,0.47585916967051717,0.9911329196817372,0.9999954166315287,4.583368471311466e-06
845.2334780500012,0.29988103679822403,379.352317411551,1486.6147134938446,0.1837996675597335,0.19237151295253274,-7.697695554227066,0.5400732184128545,0.0004511166970922339,,0.9428528724882502,,0.013916099597958533,,,0.04222495888236678,0.0010014592315378225,,,21.81195929775555,0.9996034559940802,0.47419039676443875,0.9910764756625631,0.9999953902001134,4.60979988659016e-06
842.5903341321215,0.2998798607473361,378.01786937256657,1486.5295267136114,0.18379672656336576,0.19234714735230563,-7.698002854591894,0.5399632814061137,0.0004526397609778839,,0.9426865409081647,,0.013958707335792317,,,0.0423447745883089,0.001005340636159201,,,21.745883166097887,0.9995995358244536,0.4725223367157082,0.991019684475741,0.9999953634684251,4.636531574897518e-06
839.9471902142418,0.2998786744976628,376.68399155946537,1486.4438141940682,0.18379376996761593,0.19232265457964434,-7.698310393998418,0.539853105357678,0.00045416338952753365,,0.942519195918236,,0.014001582429876648,,,0.04246531114304479,0.0010092469404649617,,,21.679787845290164,0.9995955816588761,0.4708549894493317,0.9909625427960455,0.9999953364316224,4.663568377583083e-06
837.304046296362,0.2998774779491327,375.35068391495264,1486.3575708846774,0.18379079761829567,0.19229803339021642,-7.69861817473275,0.5397426879814331,0.00045568759379225753,,0.9423508282454254,,0.014044727403645567,,,0.04258657505946255,0.0010131783766370174,,,21.613673334794164,0.9995915931637758,0.4691883548936908,0.9909050472564517,0.9999953090851705,4.6909148294638214e-06
834.6609023784822,0.29987627100045183,374.01794638318256,1486.2707916700265,0.1837878093592172,0.19227328252373804,-7.698926199110699,0.5396320269615726,0.0004572123849632269,,0.9421814285025459,,0.014088144812417908,,,0.04270857292822372,0.0010171351809844398,,,21.547539633878056,0.9995875700015061,0.4675224329789782,0.9908471944466843,0.999995281424172,4.71857582795554e-06
832.0177584606024,0.29987505354888816,372.6857789091703,1486.1834713687574,0.18378480503216138,0.19224840070372515,-7.699234469478243,0.5395211199521155,0.000458737774374405,,0.9420109871868438,,0.014131837243880018,,,0.042831311418902854,0.0010211175940098738,,,21.481386741643448,0.9995835118296272,0.4658572236364629,0.9907889809125049,0.9999952534436366,4.746556363399712e-06
829.3746145427226,0.29987382549039154,371.35418144049606,1486.0956047325744,0.18378178447684476,0.19222338663723423,-7.699542988212018,0.5394099645764285,0.0004602637735025727,,0.9418394946783832,,0.014175807318555052,,,0.04295479728117957,0.0010251258604765771,,,21.415214657033083,0.9995794183013051,0.46419272680062007,0.9907304031550496,0.9999952251385944,4.774861405598685e-06
826.7314706248429,0.29987258671945866,370.0231539266002,1486.0071864463848,0.18377874753077755,0.1921982390136979,-7.699851757721424,0.5392985584251093,0.00046179039397203816,,0.9416669412417402,,0.014220057690370371,,,0.043079037353132905,0.0010291602187113493,,,21.349023380697783,0.9995752890648623,0.4625289424082502,0.9906714576309232,0.9999951965039549,4.803496045147071e-06
824.0883267069632,0.2998713371291869,368.6926963171314,1485.918211124239,0.18377569402947674,0.1921729565067051,-7.700160780445476,0.5391868990591462,0.00046331764755638035,,0.941493317015848,,0.014264591047193118,,,0.043204038546213686,0.0010332209254630528,,,21.282812910656155,0.9995711237639564,0.46086587039641425,0.9906121407494927,0.999995167534718,4.832465282045284e-06
821.4451827890834,0.29987007661117515,367.3628085643491,1485.8286733112138,0.1837726238061803,0.19214753777164736,-7.70047005885703,0.539074984005679,0.0004648455461803837,,0.9413186120202196,,0.014309410111321648,,,0.04332980786283607,0.0010373082310023778,,,21.21658324668406,0.9995669220372505,0.4592035107054364,0.9905524488741425,0.9999951382253797,4.861774620334991e-06
818.8020388712038,0.2998688050557461,366.03349062238806,1485.7385674809516,0.18376953669192214,0.19212198144635595,-7.700779595461682,0.5389628107591156,0.0004663741019226086,,0.9411428161496102,,0.014354517640149335,,,0.04345635239054805,0.0010414223901445642,,,21.150334388360648,0.9995626835191537,0.4575418632779851,0.9904923783206344,0.9999951085704522,4.8914295478486025e-06
816.158894953324,0.29986752235147546,364.70474244638604,1485.6478880344707,0.18376643251549493,0.19209628615080687,-7.70108939279832,0.5388503767805641,0.0004679033270184995,,0.9409659191723604,,0.01439991642659263,,,0.04358367930330512,0.001045563662315754,,,21.08406633509809,0.9995584078382516,0.4558809280579825,0.9904319253563139,0.9999950785645739,4.921435426075149e-06
813.5157510354442,0.2998662283796545,363.37655935651634,1485.5566291457535,0.1837633110974472,0.1920704504374548,-7.701399453527806,0.5387376794091665,0.0004694332389016719,,0.9407879106194301,,0.014445609408187279,,,0.043711795850606625,0.001049732319544431,,,21.017779085719166,0.9995540945988484,0.45422069919564545,0.990371086097169,0.9999950481977684,4.9518022315897525e-06
810.8726071175645,0.29986492303761936,362.0489505594304,1485.4647853736217,0.18376017227376407,0.19204447298724592,-7.701709780083156,0.5386247162119027,0.00047096384007232065,,0.9406087802274845,,0.01449159923533764,,,0.043840709410607415,0.0010539286036824274,,,20.9514726441962,0.9995497434587313,0.45256118819928803,0.9903098569157478,0.9999950174771121,4.982522887941876e-06
808.2294631996847,0.29986360620359315,360.72191140365885,1485.3723507414052,0.18375701586035167,0.1920183523156758,-7.702020375194197,0.5385114844589509,0.0004724951482781948,,0.940428517247419,,0.014537888918287932,,,0.043970427419146536,0.001058152799187561,,,20.88514700413558,0.9995453540119772,0.45090238925457354,0.9902482338276034,0.999994986384041,5.0136159589486695e-06
805.5863192818049,0.2998622777600182,359.395441854086,1485.2793193487446,0.183753841676598,0.1919920869678195,-7.702331241539519,0.5383979814717152,0.00047402717639624903,,0.9402471109315759,,0.014584481398220968,,,0.044100957410412596,0.001062405176609792,,,20.81880216779417,0.9995409258667275,0.44924430231760754,0.9901862128991631,0.9999949549168193,5.045083180665877e-06
802.9431753639253,0.2998609375877074,358.0695418754343,1485.1856852162123,0.1837506495394304,0.19196567546916243,-7.702642381834271,0.538284204535052,0.00047555993748396146,,0.9400645503867394,,0.014631379654891048,,,0.04423230701611908,0.0010666860116060987,,,20.75243813502376,0.9995364586256913,0.4475869273442929,0.9901237901441415,0.9999949230693556,5.076930644443145e-06
800.3000314460455,0.29985958556581627,356.74421143406926,1485.0914422841593,0.18374743926330506,0.19193911632552974,-7.702953798830309,0.5381701508971002,0.0004770934447716708,,0.9398808245803153,,0.014678586707270824,,,0.04436448396227611,0.0010709955856144542,,,20.68605490538839,0.9995319518860543,0.4459302642925866,0.9900609615227728,0.9999948908354767,5.109164523342535e-06
797.6568875281657,0.29985822157181574,355.41945049931354,1484.9965844126716,0.18374421066005978,0.191912408021885,-7.70326549531839,0.5380558177671082,0.0004786277116649984,,0.9396959223414879,,0.014726105614198686,,,0.04449749607752501,0.001075334175540908,,,20.619652479851627,0.9995274052393859,0.44427431312414195,0.9899977229417811,0.9999948582087526,5.14179124744274e-06
795.0137436102859,0.29985684548145847,354.0952590404667,1484.9011053771421,0.18374096353911823,0.19188554902403934,-7.703577474125144,0.5379412023184411,0.00048016275174895715,,0.9395098323510449,,0.01477393947503854,,,0.04463135127867279,0.0010797020781778935,,,20.55323085680416,0.9995228182715282,0.4426190738005834,0.9899340702514281,0.9999948251829341,5.1748170658560966e-06
792.3705996924061,0.2998554571687552,352.77163703121914,1484.804998871397,0.18373769770707948,0.19185853777527292,-7.703889738119154,0.5378263016825198,0.00048169857878939897,,0.9393225431506269,,0.01482209143035351,,,0.0447660575956866,0.0010840995745235718,,,20.486790037895982,0.9995181905625175,0.44096454628902393,0.989869999247598,0.9999947917511907,5.2082488093407875e-06
789.7274557745264,0.29985405650593777,351.4485844454027,1484.7082585017852,0.18373441296803744,0.19183137269899653,-7.704202290206242,0.5377111129535184,0.0004832352067375302,,0.9391340431290721,,0.014870564662592092,,,0.044901623150162995,0.0010885269651774348,,,20.420330022271777,0.9995135216864592,0.43931073055675335,0.9898055056678567,0.9999947579070046,5.242092995350056e-06
787.0843118566467,0.2998526433634323,350.12610126021895,1484.6108777891295,0.18373110912325608,0.191804052196084,-7.7045151333342625,0.537595633183586,0.0004847726497320919,,0.9389443205285223,,0.014919362396789135,,,0.04503805617442028,0.0010929845436488373,,,20.353850810930137,0.9995088112114411,0.4376576265752737,0.989740585192753,0.9999947236433805,5.276356619510203e-06
784.4411679387669,0.2998512176098231,348.80418745326773,1484.51285016404,0.18372778597138756,0.19177657464669767,-7.704828270489894,0.5374798593860417,0.00048631092210350715,,0.9387533634339351,,0.0149684879012799,,,0.04517536499664307,0.0010974726216557464,,,20.28735240266961,0.9995040586994103,0.43600523431658467,0.9896752334426933,0.9999946889535138,5.311046486156101e-06
781.7980240208873,0.2998497791118259,347.48284300684696,1484.4141689699231,0.1837244433080491,0.19174893840680693,-7.705141704704892,0.53736378852913,0.0004878500383757514,,0.9385611597820543,,0.015017944488429745,,,0.04531355806587755,0.0011019914936241753,,,20.220834799744853,0.9994992637060864,0.4343535537585587,0.9896094459799487,0.9999946538299859,5.346170014131069e-06
779.1548801030075,0.29984832773424713,346.1620679028241,1484.3148274559437,0.1837210809262306,0.19172114181158076,-7.705455439050074,0.5372474175420363,0.0004893900132713566,,0.9383676973450183,,0.01506773551537715,,,0.045452643925444576,0.0011065414799615654,,,20.154298001014023,0.9994944257808238,0.43270258487853014,0.9895432183039625,0.9999946182658016,5.3817341983952716e-06
776.5117361851277,0.29984686333995575,344.84186212682977,1484.2148187799462,0.18371769861586987,0.19169318317189718,-7.705769476641598,0.537130743308599,0.0004909308617136344,,0.9381729637389533,,0.015117864384793251,,,0.04559263123769495,0.0011111228919103158,,,20.08774200753704,0.9994895444665192,0.4310523276585372,0.9894765458532975,0.9999945822533518,5.417746648195276e-06
773.868592267248,0.2998453857898455,343.5222256662824,1484.1141360045895,0.18371429616398988,0.19166506077549872,-7.706083820638943,0.5370137626693428,0.0004924725988306081,,0.9379769464159284,,0.015168334545655863,,,0.04573352877443551,0.0011157360490856132,,,20.021166819783435,0.999484619299485,0.429402782082853,0.9894094240030596,0.9999945457851055,5.454214894506926e-06
771.2254483493682,0.2998438949427998,342.20315851065317,1484.012772096039,0.18371087335461925,0.19163677288635755,-7.70639847424609,0.5368964724202829,0.0004940152399586445,,0.9377796326618777,,0.015219149494039911,,,0.04587534542019516,0.0011203812772291085,,,19.954572438035633,0.9994796498093327,0.42775394813831646,0.989341848064026,0.9999945088533418,5.4911466581542e-06
768.5823044314884,0.2998423906556571,340.8846606528508,1483.9107199237294,0.18370742996862038,0.19160831774327752,-7.706713440714063,0.5367788693103979,0.0004955588006455945,,0.9375810095975565,,0.015270312773923957,,,0.046018090181466416,0.0011250588970774815,,,19.887958864086038,0.9994746355188571,0.4261058258160635,0.9892738132824863,0.9999944714500244,5.528549975597485e-06
765.9391605136086,0.2998408727831698,339.5667320865386,1483.8079722556452,0.18370396578388204,0.1915796935615094,-7.707028723338095,0.5366609500444524,0.000497103296655363,,0.9373810641683041,,0.015321827978013031,,,0.046161772173447496,0.0011297692475035397,,,19.82132609771579,0.9994695759438993,0.4244584151081732,0.9892053148370967,0.9999944335672682,5.566432731751725e-06
763.2960165957288,0.29983934117797006,338.24937280865106,1483.7045217593693,0.18370048057503263,0.19155089853040558,-7.707344325461871,0.5365427112787655,0.0004986487439710363,,0.9371797831479681,,0.015373698748579068,,,0.04630640063590587,0.0011345126642745484,,,19.754674139977066,0.9994644705932336,0.4228117160108138,0.9891363478395795,0.9999943951967276,5.604803272385439e-06
760.6528726778492,0.29983779569052954,336.93258281836086,1483.6003609990516,0.1836969741134895,0.1915219308138504,-7.707660250476797,0.5364241496219257,0.0005001951587989318,,0.9369771531330636,,0.01542592877831833,,,0.04645198492891615,0.0011392894897181251,,,19.68800299170371,0.9994593189684319,0.4211657285229511,0.9890669073327011,0.9999943563300161,5.643669983901312e-06
758.0097287599694,0.2998362361691204,335.616362117967,1483.495482434555,0.18369344616731834,0.19149278854912455,-7.707976501824097,0.5363052616327142,0.0005017425575723695,,0.9367731605421843,,0.015478521811227068,,,0.04659853453978375,0.0011441000652655765,,,19.621312654645788,0.9994541205637347,0.41952045264745874,0.9889969882897034,0.9999943169584607,5.683041539250588e-06
755.3665848420897,0.29983466245977264,334.3007107110502,1483.3898784174885,0.18368989650135004,0.19146346984789653,-7.708293082993085,0.5361860438218136,0.0005032909569562475,,0.9365677916077094,,0.015531481643494825,,,0.04674605907433542,0.0011489447478955194,,,19.554603129042704,0.9994488748659088,0.4178758883888128,0.988926585611659,0.9999942770734351,5.722926564866171e-06
752.72344092421,0.2998330744062353,332.98562860439154,1483.2835411914193,0.18368632487694211,0.1914339727942771,-7.708609997524696,0.536066492648291,0.0005048403738507053,,0.93636103237794,,0.01558481212441733,,,0.046894568269742976,0.001153823893800984,,,19.487874416084846,0.9994435813541177,0.4162320357554894,0.9888556941276129,0.9999942366659013,5.763334098740636e-06
750.0802970063302,0.2998314718499343,331.67111580845244,1483.1764628904375,0.18368273105188057,0.19140429544403628,-7.708927249012947,0.5359466045181263,0.0005063908253950637,,0.9361528687152363,,0.015638517157328207,,,0.047044071998998356,0.0011587378550092238,,,19.42112651836218,0.9994382394997811,0.41458889476056554,0.988784308593625,0.9999941957265721,5.8042734278895836e-06
747.4371530884504,0.29982985462992445,330.35717233378347,1483.0686355329822,0.1836791147806594,0.1913744358269387,-7.709244841100821,0.535826375788341,0.0005079423289732153,,0.9359432862825341,,0.015692600700549755,,,0.047194580252283055,0.0011636870110503684,,,19.354359435293336,0.9994328487664149,0.41294646541722935,0.9887124236886548,0.9999941542464174,5.845753582645052e-06
744.7940091705707,0.2998282225828535,329.04379819683743,1482.960051026552,0.18367547581385857,0.19134439194163672,-7.709562777489447,0.5357058027578017,0.000509494902216561,,0.9357322705563815,,0.01574706676836549,,,0.04734610317254794,0.0011686717181818877,,,19.287573170522545,0.9994274086095117,0.4113047477460468,0.9886400340177014,0.9999941122154768,5.887784523150863e-06
742.150865252691,0.29982657554290654,327.7309934134753,1482.8507011579054,0.1836718138987217,0.1913141617604667,-7.70988106192959,0.5355848816757476,0.0005110485630099698,,0.9355198068050493,,0.015801919432011095,,,0.04749865101955409,0.0011736923678101845,,,19.220767723460746,0.9994219184763552,0.4096637417668441,0.9885671341052703,0.9999940696244247,5.930375575280422e-06
739.5077213348112,0.2998249133417699,326.41875800511207,1482.740577598258,0.1836681287784794,0.19128374322389596,-7.710199698231646,0.5354636087317779,0.000512603329495142,,0.9353058801024663,,0.015857162820689077,,,0.04765223420806626,0.0011787493317084025,,,19.15394309722688,0.9994163778058998,0.4080234475063901,0.9884937183988386,0.99999402646293,5.973537069992041e-06
736.8645774169315,0.299823235808578,325.10709199522216,1482.6296718967799,0.1836644201926437,0.1912531342429794,-7.71051869026131,0.5353419800602026,0.000514159220075795,,0.9350904753146657,,0.015912801122603053,,,0.04780686328901774,0.0011838429946224983,,,19.087099293910896,0.9994107860285933,0.4063838649940277,0.9884197812645199,0.999993982720909,6.017279090997363e-06
734.2214334990517,0.29982154276986356,323.7959954087271,1482.51797547772,0.18366068787699039,0.19122233269924918,-7.710838041939833,0.5352199917397664,0.0005157162534229471,,0.9348735770942855,,0.01596883858601502,,,0.04796254894843052,0.0011889737594076757,,,19.020236313964716,0.9994051425662119,0.4047449942609089,0.9883453169851467,0.9999939383881388,6.0616118612299985e-06
731.5782895811719,0.29981983404951357,322.48546827524683,1482.4054796419543,0.18365693156316995,0.191191336441532,-7.711157757249791,0.5350976397878968,0.0005172744484789804,,0.9346551698861698,,0.01602527952032619,,,0.04811930202858065,0.0011941420186717714,,,18.953354160187594,0.9993994468317119,0.40310683534405856,0.9882703197613029,0.9999938934537483,6.106546251660738e-06
728.9351456632921,0.2998181094687145,321.17551062668576,1482.2921755616771,0.1836531509788904,0.1911601432874938,-7.711477840232384,0.5349749201633909,0.0005188338244630306,,0.9344352379165555,,0.01608212829717991,,,0.04827713351566493,0.0011993481775642212,,,18.88645283450769,0.9993936982290484,0.4014693882833572,0.9881947837077848,0.9999938479069644,6.152093035560746e-06
726.2920017454123,0.2998163688459023,319.86612249811714,1482.1780542790973,0.18364934584774747,0.19112875102227042,-7.711798294989957,0.5348518287639061,0.0005203944008761214,,0.9342137651917082,,0.016139389351589584,,,0.04843605454756375,0.0012045926457913323,,,18.819532339150534,0.9993878961530077,0.39983265312264643,0.9881187028527315,0.9999938017366528,6.198263347245714e-06
723.6488578275327,0.29981461199670933,318.55730392826945,1482.063106704561,0.1836455158891092,0.19109715739755076,-7.712119125687718,0.5347283614242313,0.0005219561975061939,,0.9339907354953298,,0.016197067183090556,,,0.04859607641885772,0.0012098758340995416,,,18.752592677110666,0.9993820399890312,0.39819662991033683,0.988042071136374,0.9999937549313778,6.2450686222348395e-06
721.005713909653,0.2998128387339077,317.24905495767285,1481.9473236117144,0.18364166081822902,0.191065360132545,-7.712440336552074,0.534604513917964,0.0005235192344339007,,0.93376613237904,,0.016255166356917507,,,0.04875721057210435,0.0012151981716487467,,,18.685633849814522,0.9993761291130256,0.39656131869709105,0.9879648824078096,0.9999937074797106,6.292520289385983e-06
718.3625699917732,0.2998110488673572,315.9413756311294,1481.8306956380427,0.18363778034591588,0.19103335691130005,-7.7127619318755105,0.5344802819526144,0.000525083532037644,,0.9335399391654093,,0.016313691505207714,,,0.04891946861508226,0.0012205600839325554,,,18.618655860158135,0.9993701628911907,0.39492671953891173,0.9878871304253618,0.9999936593696318,6.340630368195654e-06
715.7194260738935,0.2998092422039472,314.63426599645464,1481.713213280581,0.18363387417859264,0.19100114538321875,-7.713083916015749,0.5343556611704647,0.0005266491109992628,,0.9333121389400285,,0.016372647328230946,,,0.04908286231545072,0.0012259620053299142,,,18.551658710786317,0.9993641406798242,0.3932928324955683,0.9878088088537206,0.99999361058904,6.389410959983799e-06
713.0762821560137,0.29980741854753723,313.3277261045108,1481.594866893302,0.18362994201821295,0.19096872316241156,-7.713406293396975,0.534230647147325,0.0005282159923098715,,0.933082714547178,,0.016432038595646053,,,0.04924740360346504,0.001231404379275439,,,18.484642404119647,0.9993580618251241,0.39165965763063854,0.9877299112622013,0.9999935611255645,6.438874435521491e-06
710.4331382381339,0.2998055776989018,312.0217560110043,1481.4756466866368,0.18362598356198767,0.19093608782548255,-7.7137290685139,0.5341052353884885,0.0005297841972753333,,0.9328516485907763,,0.016491870147786396,,,0.049413104585461776,0.0012368876422694888,,,18.417606944469238,0.9993519256630061,0.3900271950137554,0.9876504311244245,0.999993510966294,6.489033706036373e-06
707.7899943202542,0.2998037194556618,310.7163557726707,1481.3555427197432,0.1836219985027159,0.19090323691429636,-7.714052245926876,0.5339794213335995,0.0005313537475229061,,0.9326189234184239,,0.016552146896972753,,,0.049579977523000404,0.0012424122602064374,,,18.350552333266855,0.9993457315188727,0.38839544471583837,0.9875703618131622,0.9999934600986033,6.539901396651615e-06
705.1468504023744,0.29980184361223117,309.4115254520499,1481.2345449038355,0.183617986528177,0.19087016793100903,-7.7143758302708925,0.5338532003476715,0.0005329246650067376,,0.932384521131004,,0.01661287382885679,,,0.049748034865011365,0.0012479786839974913,,,18.283478574946876,0.9993394787074372,0.38676440681506236,0.987489696602557,0.9999934085088696,6.59149113035884e-06
702.5037064844946,0.29979994995974485,308.10726511337765,1481.1126429937874,0.18361394732150504,0.19083687834119764,-7.714699826250055,0.5337265677265961,0.000534496972014502,,0.9321484235656357,,0.016674056003793816,,,0.049917289224750035,0.0012535873896189669,,,18.216385671686623,0.9993331665324828,0.38513408139172206,0.987408428662525,0.9999933561837985,6.643816201523656e-06
699.860562566615,0.2997980382860003,306.80357482591546,1480.9898265895608,0.18360988056072405,0.19080336557007155,-7.715024238644461,0.533599518690278,0.0005360706911735735,,0.9319106123007894,,0.016735698558247088,,,0.050087753403443507,0.0012592388468021657,,,18.149273627538147,0.9993267942866678,0.38350446853239434,0.9873265510597072,0.9999933031092821,6.696890717861059e-06
697.2174186487352,0.29979610837538684,305.5004546623642,1480.8660851309594,0.1836057859188455,0.190769627003323,-7.715349072308781,0.5334720483840449,0.0005376458454575586,,0.9316710686465967,,0.016797806706223585,,,0.050259440382932404,0.001264933535397983,,,18.08214244627908,0.9993203612512895,0.3818755683279552,0.987244056753973,0.9999932492711506,6.750728849369558e-06
694.5742747308554,0.29979416000881737,304.197904698884,1480.7414078945246,0.1836016630637647,0.19073565998631858,-7.715674332173793,0.5333441518771211,0.0005392224581931834,,0.931429773639788,,0.016860385740742268,,,0.05043236332879724,0.0012706719455755962,,,18.01499213144767,0.9993138666960579,0.380247380873605,0.9871609385963498,0.999993194654903,6.805345097005144e-06
691.9311308129757,0.2997921929636582,302.89592501516245,1480.6157839903633,0.18359751165816154,0.19070146182332867,-7.716000023247864,0.5332158241611369,0.0005408005530671314,,0.9311867080387094,,0.016923441035336332,,,0.05060653559363494,0.0012764545780281492,,,17.947822686351167,0.9993073098788607,0.37861990626895303,0.9870771893269089,0.9999931392457089,6.86075429112698e-06
689.2879868950959,0.29979020701366055,301.5945156962598,1480.489202361346,0.18359333135920058,0.19066702977510544,-7.7163261506213985,0.5330870601456912,0.0005423801541327577,,0.9309418523236834,,0.01698697804558947,,,0.05078197073154401,0.0012822819272923427,,,17.880634116154624,0.9993006900455352,0.37699314462032474,0.9869928015742307,0.9999930830281092,6.916971890813528e-06
686.6448429772162,0.2997882019288799,300.29367682915097,1480.3616517749654,0.18358912181882497,0.19063236106135437,-7.716652719462508,0.5329578546626683,0.0005439612858176672,,0.930695186680964,,0.017051002310707223,,,0.050958682479199886,0.0012881545159806314,,,17.81342642362858,0.9992940064295996,0.3753670960364387,0.9869077678499769,0.9999930259868517,6.9740131483087e-06
684.0016990593364,0.2997861774756102,298.9934085075918,1480.2331208265946,0.1835848826830926,0.1905974528553175,-7.716979735026833,0.5328282024564315,0.0005455439729306849,,0.9304466910122022,,0.01711551945512553,,,0.0511366847900762,0.0012940728481313098,,,17.74619961497875,0.999287258252034,0.3737417606344898,0.986822080551063,0.9999929681055353,7.031894464715194e-06
681.3585551414566,0.29978413341629606,297.6937108268017,1480.1035979285111,0.18358061359269953,0.1905623022881384,-7.717307202649826,0.5326980981915259,0.0005471282406696552,,0.930196344912326,,0.0171805351901549,,,0.05131599180321401,0.0013000374625805988,,,17.678953693243468,0.9992804447209869,0.3721171385335021,0.9867357319523408,0.9999929093682755,7.090631724548935e-06
678.715411223577,0.29978206950946107,296.3945838875529,1479.9730713120368,0.18357631418237977,0.19052690644397174,-7.7176351277556305,0.5325675364438096,0.0005487141146291807,,0.9299441276764244,,0.01724605531566459,,,0.051496617873195254,0.0013060488928392502,,,17.611688663319825,0.999273565031537,0.37049322985944116,0.9866487142080246,0.9999928497581235,7.150241876474617e-06
676.0722673056972,0.2997799855096238,295.0960277946358,1479.841529021562,0.1835719840809986,0.19049126236080904,-7.7179635158557245,0.5324365117018024,0.0005503016208082296,,0.9296900182890528,,0.017312085721804846,,,0.05167857756294217,0.0013121076842237305,,,17.54440452982773,0.9992666183654128,0.3688700347432948,0.9865610193477081,0.9999927892580236,7.210741976404478e-06
673.4291233878174,0.29977788116721826,293.7980426587252,1479.7089589134193,0.18356762291121212,0.19045536702773347,-7.718292372553966,0.5323050183616491,0.0005518907856182026,,0.9294339954240497,,0.017378632390770365,,,0.05186188565936305,0.0013182143760060658,,,17.477101299281124,0.9992596038907275,0.3672475533234065,0.9864726392756129,0.9999927278501892,7.272149810777506e-06
670.7859794699377,0.2997757562284991,292.5006285919512,1479.5753486456501,0.18356323028988242,0.190419217388396,-7.718621703540466,0.5321730507332365,0.0005534816358915359,,0.9291760374243929,,0.017445701398603786,,,0.052046557147922466,0.0013243695462704973,,,17.409778974767026,0.9992525207616637,0.36562578573993904,0.9863835657637667,0.9999926655171897,7.334482810317233e-06
668.1428355520579,0.29977361043546785,291.20378571426323,1479.4406856831686,0.18355880582719145,0.19038281033378202,-7.718951514604714,0.5320406030270766,0.0005550741988899526,,0.9289161223159271,,0.01751329891704404,,,0.05223260725789036,0.0013305737492132856,,,17.34243756345861,0.9992453681182262,0.364004732142829,0.9862937904554457,0.9999926022400748,7.397759925198422e-06
665.4996916341781,0.2997714435257705,289.907514147793,1479.3049572854266,0.18355434912722324,0.19034614270706696,-7.71928181162698,0.531907669362897,0.0005566685023129942,,0.9286542277830672,,0.017581431215415937,,,0.05242005142834442,0.0013368275736346431,,,17.27507706965054,0.9992381450859017,0.36238439268474126,0.9862033048569511,0.9999925380004621,7.4619995379388016e-06
662.8565477162983,0.29976925523261494,288.61181402079075,1479.1681505080446,0.18354985978733948,0.19030921129854114,-7.719612600587566,0.5317742437603998,0.0005582645743072345,,0.9283903311746422,,0.017650104662567147,,,0.052608905338351754,0.0013431316032518192,,,17.207697499531115,0.9992308507753832,0.3607647675259884,0.9861121003386965,0.9999924727788129,7.527221187131339e-06
660.2134037984188,0.29976704528467174,287.3166854660231,1479.0302521960543,0.18354533739827386,0.19027201284645273,-7.719943887565427,0.5316403201406255,0.0005598624434750111,,0.9281244094920219,,0.017719325728849503,,,0.0527991848995049,0.0013494864350636715,,,17.140298858995386,0.9992234842822392,0.35914585683252886,0.9860201681307029,0.99999240655544,7.593444560027862e-06
657.570259880539,0.2997648134059787,286.02212862079614,1478.8912489796126,0.18354078154398926,0.1902345440359001,-7.720275678740306,0.5315058923238354,0.0005614621388839996,,0.927856439382236,,0.017789100988148964,,,0.05299090626016221,0.0013558926796261965,,,17.07288115368527,0.9992160446865958,0.3575276607759952,0.9859274993197417,0.9999923393101735,7.66068982649415e-06
654.9271159626592,0.2997625593158461,284.72814362930654,1478.751127272916,0.183536191801258,0.190196801495451,-7.720607980398948,0.5313709540232798,0.0005630636900765772,,0.9275863971385031,,0.017859437119964447,,,0.053184085824917494,0.0013623509385442248,,,17.005444391554697,0.9992085310528204,0.3559101795366332,0.9858340848486106,0.9999922710219292,7.72897807077566e-06
652.2839720447794,0.2997602827287442,283.4347306377478,1478.6098732622474,0.18353156774014798,0.19015878180121062,-7.720940798927944,0.5312354988523724,0.0005646671270796586,,0.9273142586770419,,0.017930340911535607,,,0.05337874022549463,0.0013688618559721977,,,16.937988577055076,0.9992009424291475,0.3542934132971848,0.985739915508165,0.9999922016700442,7.798329955788219e-06
649.6408281268997,0.2997579833542121,282.14188980011573,1478.467472910073,0.1835269089231346,0.19012048146959343,-7.721274140826873,0.5310995203115301,0.0005662724804150242,,0.9270399995485261,,0.018001819260024476,,,0.053574886364438364,0.0013754260592616881,,,16.870513717929185,0.9991932778473738,0.3526773622501447,0.9856449819400487,0.9999921312322506,7.868767749386052e-06
646.9976842090199,0.29975566089674377,280.84962127556577,1478.3239119460022,0.18352221490532541,0.1900818969592484,-7.721608012705003,0.5309630117914885,0.0005678797811089534,,0.926763594921906,,0.018073879174748692,,,0.053772541400530005,0.0013820441890881423,,,16.803019821734505,0.9991855363224793,0.35106202659445723,0.9855492746306681,0.9999920596862728,7.940313727194948e-06
644.3545402911401,0.2997533150556776,279.5579252277486,1478.1791758609193,0.1835174852343804,0.1900430246704799,-7.721942421282489,0.5308259665720891,0.0005694890607032178,,0.9264850195743922,,0.018146527779469398,,,0.053971722749009805,0.0013887169065324718,,,16.735506895159556,0.9991777168522586,0.34944740653468576,0.9854527839072795,0.9999919870094038,8.01299059616234e-06
641.7113963732604,0.29975094552508624,278.26680182621516,1478.033249904007,0.18351271945018544,0.19000386094264443,-7.722277373395229,0.5306883778174383,0.0005711003512658868,,0.926204247888093,,0.01821977231473611,,,0.05417244809543483,0.0013954448798534707,,,16.66797494553171,0.9991698184169542,0.34783350228276894,0.9853554999360047,0.9999919131781174,8.086821882580253e-06
639.0682524553807,0.2997485519936584,276.9762512452673,1477.8861190756747,0.18350791708485778,0.18996440205428056,-7.7226128759947965,0.5305502385759571,0.0005727136854022305,,0.9259212538380036,,0.01829362014028872,,,0.05437473539189799,0.0014022287983673993,,,16.600423979324468,0.9991618399788614,0.3462203140565841,0.9852574127171165,0.9999918381685576,8.16183144236593e-06
636.4251085375009,0.2997461341445903,275.6862736684285,1477.7377681292219,0.1835030776620037,0.1899246442170933,-7.722948936159445,0.5304115417693973,0.0005743290962661688,,0.9256360109986097,,0.018368078737520898,,,0.05457860289251347,0.00140906932673775,,,16.532854007106447,0.9991537804819677,0.34460784208553563,0.9851585120861479,0.9999917619553819,8.238044618136264e-06
633.7819646196212,0.2997436916554463,274.3968692811181,1477.5881815536889,0.18349820069754022,0.18988458358279403,-7.723285561081983,0.5302722802049455,0.0005759466175713964,,0.9253484925108243,,0.01844315571200069,,,0.05478406910676772,0.0014159671845234672,,,16.46526503496613,0.9991456388514877,0.34299608660139763,0.9850587877024592,0.9999916845141161,8.315485883869655e-06
631.1388207017415,0.29974122419804855,273.1080382766956,1477.4373435780117,0.18349328569869144,0.18984421623494635,-7.723622758084634,0.5301324465603834,0.000577566283604368,,0.9250586710934321,,0.018518858796058933,,,0.05499115284727614,0.0014229230816518925,,,16.39765707159408,0.9991374139934952,0.3413850478458695,0.9849582290520078,0.9999916058184192,8.394181580828608e-06
628.4956767838617,0.2997387314383427,271.8197808543108,1477.2852381615435,0.1834883321641519,0.1898035381903998,-7.72396053461665,0.5299920333864536,0.0005791881292355679,,0.9247665190269009,,0.018595195851439168,,,0.05519987321842684,0.0014299377450239074,,,16.33003012536544,0.9991291047944756,0.3397747260678885,0.984856825441029,0.9999915258417907,8.474158209259564e-06
625.8525328659819,0.2997362130362721,270.5320972214066,1477.13184899226,0.1834833395835571,0.18976254539504117,-7.724298898262169,0.5298510330990238,0.0005808121899325138,,0.9244720081527028,,0.018672174872016584,,,0.05541024963935523,0.0014370118924408428,,,16.262384207120036,0.9991207101209071,0.33816512152675826,0.98475456599484,0.9999914445565155,8.555443484548064e-06
623.2093889481021,0.29973366864562884,269.24498758795676,1476.977159471269,0.1834783074381044,0.18972123372899044,-7.724637856731049,0.5297094379882301,0.0005824385017721299,,0.9241751098442499,,0.018749803986582863,,,0.05562230180797069,0.0014441462966219972,,,16.194719323522655,0.9991122288187628,0.3365562344849459,0.9846514396475127,0.9999913619354255,8.638064574517657e-06
620.5662450302224,0.2997310979139295,267.9584521732345,1476.8211527177475,0.18347323519941303,0.18967959899734285,-7.724977417875769,0.5295672402015992,0.0005840671014550471,,0.9238757950203135,,0.0188280914617052,,,0.055836049754829226,0.0014513417123472067,,,16.12703548475689,0.9991036597130983,0.33494806521654313,0.984547435145165,0.9999912779491951,8.72205080493238e-06
617.9231011123427,0.29972850048226907,266.6724912039363,1476.6638115591788,0.18346812232964843,0.18963763693129565,-7.725317589689605,0.5294244317458494,0.0005856980263179697,,0.9235740341287919,,0.01890704570465666,,,0.056051513833774005,0.001458598900997515,,,16.0593327018534,0.9990950016075636,0.3333406140049204,0.9844425410394526,0.9999911925682201,8.807431779889185e-06
615.2799571944629,0.2997258759851665,265.3871049114694,1476.5051185204193,0.18346296828168215,0.18959534318957144,-7.725658380304307,0.5292810044892358,0.0005873313143478953,,0.9232697971271944,,0.01898667526642039,,,0.056268714708500485,0.0014659186605881255,,,15.991610983737836,0.9990862532838883,0.3317338811393368,0.9843367456802795,0.9999911057627033,8.894237296663832e-06
612.6368132765832,0.2997232240504208,264.10229353473767,1476.3450558216427,0.18345777249849796,0.1895527133536535,-7.725999797998899,0.529136950152731,0.0005889670041969102,,0.9229630534818358,,0.019066988844772963,,,0.056487673378309296,0.0014733017965598704,,,15.923870340297794,0.9990774135014027,0.3301278669184221,0.9842300372144285,0.999991017501478,8.982498521992177e-06
609.9936693587034,0.29972054429895834,262.81805732118704,1476.1836053730121,0.18345253441286544,0.18950974292522482,-7.726341851204546,0.5289922603051727,0.0005906051351964308,,0.9226537721608801,,0.019147995287447615,,,0.05670841119065913,0.0014807491133846766,,,15.856110783175557,0.9990684809965278,0.3285225716514838,0.9841224035820081,0.9999909277523715,9.072247628472141e-06
607.3505254408236,0.29971783634466653,261.5343965239787,1476.0207487627886,0.18344725344753923,0.18946642732792107,-7.726684548501639,0.5288469263661657,0.0005922457473719288,,0.9223419216135694,,0.01922970359537725,,,0.0569309498263733,0.001488261447709231,,,15.788332322500272,0.9990594544822218,0.3269179956549734,0.9840138325085257,0.9999908364830291,9.16351697088924e-06
604.7073815229439,0.29971509979423683,260.2513114047623,1475.856467254818,0.18344192901463194,0.18942276190231092,-7.7270278986291006,0.528700939596793,0.0005938888814590648,,0.9220274697687093,,0.019312122926024793,,,0.05715531132609991,0.0014958396387761573,,,15.720534969908371,0.9990503326474561,0.32531413925595287,0.983904311503212,0.9999907436596102,9.256340389840467e-06
602.0642376050641,0.29971233424699245,258.9688022322934,1475.6907417785687,0.18343656051561866,0.1893787419060594,-7.727371910484346,0.5285542910996339,0.0005955345789189255,,0.9217103840184024,,0.01939526259679854,,,0.05738151808570679,0.001503484546837746,,,15.65271873672282,0.9990411141566415,0.32371100279036674,0.9837938278523791,0.9999906492477456,9.350752254388972e-06
599.4210936871843,0.2997095392947188,257.6868692836199,1475.5235529234822,0.1834311473409319,0.1893343625107368,-7.727716593129325,0.5284069718127435,0.0005971828819546879,,0.9213906312104367,,0.019479132088558948,,,0.05760959287133568,0.0015111970415562742,,,15.58488363514773,0.9990317976490626,0.32210858660452485,0.9836823686156547,0.9999905532118877,9.446788112321691e-06
596.7779497693048,0.29970671452148184,256.4055128429742,1475.3548809291053,0.1834256888699038,0.1892896188014796,-7.7280619557913965,0.528258972508759,0.0005988338335279863,,0.9210681776323019,,0.019563741049216595,,,0.05783955881724509,0.0015189780170725218,,,15.517029676846658,0.9990223817382728,0.3205068910537177,0.9835699206194035,0.9999904555158361,9.544484163903633e-06
594.134805851425,0.2997038595034521,255.12473320424152,1475.1847056813297,0.1834201844701607,0.18924450577216886,-7.728408007872329,0.5281102837859146,0.0006004874773765991,,0.9207429890076886,,0.019649099297426927,,,0.05807143945082579,0.0015268283659024742,,,15.449156875483066,0.999012865011507,0.3189059165053019,0.9834564704542198,0.9999903561218438,9.643878156162522e-06
591.4916619335452,0.299700973808708,253.84453066812216,1475.0130066988986,0.18341463349782205,0.18919901832720284,-7.728754758945399,0.5279608960709314,0.000602143858031252,,0.9204150304735903,,0.019735216826382133,,,0.05830525867740971,0.0015347490145003495,,,15.381265243353635,0.9990032460290268,0.3173056633351527,0.9833420044659325,0.9999902549918824,9.745008117567622e-06
588.8485180156654,0.2996980569970498,252.5649055446011,1474.8397631293585,0.18340903529686128,0.1891531512764069,-7.72910221876488,0.5278107996095391,0.00060380302083463,,0.9200842665761926,,0.01982210380770586,,,0.058541040806120055,0.0015427408962721035,,,15.313354794036883,0.9989935233234994,0.31570613193075137,0.9832265087529056,0.9999901520862907,9.847913709282174e-06
586.2053740977856,0.2996951086197925,251.28585815082013,1474.6649537362482,0.18340338919919566,0.1891068993359252,-7.729450397264754,0.5276599844677516,0.0006054650119591589,,0.9197506612497889,,0.019909770595450585,,,0.0587788105400403,0.0015508049796428042,,,15.245425539794988,0.9989836953993083,0.31410732268852515,0.9831099691574988,0.9999900473649226,9.95263507741484e-06
583.5622301799059,0.29969212821957836,250.007388816512,1474.488556900021,0.1833976945235806,0.18906025711931915,-7.729799304575116,0.5275084405154784,0.0006071298784274237,,0.9194141778229599,,0.019998227730207176,,,0.05901859302495103,0.0015589422070492061,,,15.177477497256723,0.9989737607319279,0.31250923602064,0.9829923712666806,0.9999899407851673,1.005921483265837e-05
580.9190862620261,0.2996891153301431,248.72949787654227,1474.310550594829,0.1833919505765282,0.18901321914525687,-7.730148951008622,0.5273561574400594,0.0006087976681295204,,0.9190747789772427,,0.020087485943319407,,,0.059260413798594425,0.0015671535860710003,,,15.109510679017234,0.9989637177671437,0.31091187234567785,0.9828737003965526,0.9999898323052275,1.016769477246715e-05
578.2759423441464,0.29968606947612025,247.45218567831668,1474.1309123929916,0.18338615665082203,0.1889657798255159,-7.7304993470825165,0.5272031247242532,0.0006104684298460939,,0.9187324267599053,,0.02017755616121967,,,0.05950429885638132,0.0015754401026872645,,,15.041525101729334,0.9989535649204009,0.30931523209789585,0.9827539415953277,0.9999897218801935,1.0278119806472752e-05
575.6327984262667,0.2996829901727982,246.17545257505503,1473.9496194422109,0.18338031202635272,0.18891793347200284,-7.730850503506302,0.5270493316585547,0.00061214221326624,,0.9183870825443171,,0.02026844950987853,,,0.05975027460534419,0.001583802806263426,,,14.973520778361136,0.998943300575994,0.3077193157188188,0.9826330796281406,0.9999896094658033,1.0390534196713652e-05
572.9896545083869,0.2996798769259114,244.8992989331971,1473.7666484696472,0.1833744159685999,0.18886967428450216,-7.731202431204261,0.5268947673186837,0.0006138190690117719,,0.9180387070422088,,0.02036017731938046,,,0.059998367930684894,0.0015922427222822256,,,14.905497726186002,0.9989329230863714,0.3061241236664964,0.9825110989797647,0.9999894950145564,1.0504985443637871e-05
570.3465105905071,0.29967672923138977,243.62372512762246,1473.58197576213,0.18336846772916301,0.18882099635520974,-7.7315551413076475,0.5267394205733842,0.000615499048656542,,0.9176872602703744,,0.0204527511286236,,,0.06024860616477828,0.0016007609152571308,,,14.837455961074792,0.9989224307712993,0.30452965640952806,0.98238798384142,0.9999893784790334,1.0621520966647147e-05
567.7033666726275,0.2996735465751215,242.34873154407012,1473.3955771603348,0.18336246654501195,0.1887718936627933,-7.73190864516582,0.5265832800733001,0.0006171822047506878,,0.9173327015436917,,0.02054618269015013,,,0.06050101711545846,0.001609358460485271,,,14.769395500145523,0.9989118219170717,0.30293591443008766,0.9822637181068898,0.9999892598097856,1.0740190214408862e-05
565.0602227547477,0.2996703284326955,241.0743185770463,1473.207428043573,0.18335641163853905,0.1887223600730151,-7.732262954345535,0.5264263342516724,0.0006188685908427283,,0.9169749894508034,,0.020640483975111753,,,0.060755629057091816,0.0016180364736295496,,,14.701316359211868,0.9989010947756516,0.3013428982213079,0.9821382853623819,0.9999891389566365,1.0861043363452616e-05
562.4170788368679,0.29966707426915623,239.800486634336,1473.017503327277,0.18335030221648146,0.1886723893301223,-7.732618080646935,0.5262685713083606,0.0006205582615049774,,0.9166140818543054,,0.020735667178375324,,,0.061012470775115596,0.0016267960589495844,,,14.633218557338257,0.9988902475638541,0.29975060829292,0.9820116688848513,0.9999890158667458,1.098413325417713e-05
559.7739349189881,0.29966378353872264,238.52723613232916,1472.8257774420417,0.18334413747039333,0.1886219750609217,-7.732974036096633,0.5261099792167494,0.0006222512723559458,,0.9162499358557464,,0.020831744723769193,,,0.061271571536667964,0.001635638370995845,,,14.565102111516827,0.9988792784624089,0.2981590451654115,0.9818838516280278,0.9999888904871794,1.1109512820572931e-05
557.1307910011085,0.2996604556845275,237.25456750054462,1472.6322243307259,0.18333791657550752,0.18857111076569236,-7.7333308329646036,0.5259505457068672,0.000623947680087862,,0.9158825077950288,,0.020928729269481413,,,0.06153296113663506,0.0016445645610367187,,,14.496967041379097,0.9988681856150916,0.2965682093756808,0.9817548162204839,0.999988762762182,1.1237237818040313e-05
554.4876470832287,0.29965709013832215,235.98248117769083,1472.4368174280646,0.1833316386910862,0.18851978982127854,-7.7336884837590585,0.525790258270499,0.0006256475424904951,,0.9155117532170698,,0.021026633713608474,,,0.06179666987400402,0.001653575830966025,,,14.42881336463222,0.9988569671277405,0.29497810147211356,0.9816245449520431,0.9999886326356483,1.1367364351699827e-05
551.8445031653489,0.2996536863201987,234.7109776163496,1472.2395296575132,0.18332530295922783,0.18846800547157183,-7.734047001244166,0.52562910414348,0.0006273509184801841,,0.915137626871038,,0.02112547119986413,,,0.06206272859990781,0.0016626733776632296,,,14.360641101850282,0.998845621067329,0.293388722020437,0.9814930197716755,0.9999885000484731,1.1499951526938723e-05
549.2013592474691,0.29965024363828263,233.44005728060887,1472.0403334131265,0.18331890850494656,0.18841575082840528,-7.7344063984389395,0.5254670703067932,0.0006290578681254978,,0.9147600826819821,,0.02122525512345138,,,0.062331168706765694,0.0016718584284607092,,,14.292450273473245,0.9988341454609422,0.2918000716007611,0.9813602222754176,0.9999883649406599,1.163505934009823e-05
546.5582153295894,0.29964676148841807,232.1697206448279,1471.8392005437872,0.1833124544359618,0.18836301887008527,-7.734766688620419,0.5253041434834023,0.0006307684526758931,,0.9143790737261295,,0.02132599913710206,,,0.06260202212877548,0.0016811322588302184,,,14.224240898521135,0.9988225382947269,0.29021215080603485,0.9812261336958582,0.9999882272508374,1.1772749162641816e-05
543.9150714117096,0.2996432392538705,230.8999682005018,1471.6361023533298,0.18330593984111868,0.1883098024287473,-7.735127885347114,0.5251403101147938,0.0006324827345931914,,0.9139945522374143,,0.021427717157295956,,,0.06287532140819158,0.0016904961109026006,,,14.156013001262112,0.9988107975129017,0.2886249602506272,0.9810907349022199,0.9999880869138045,1.1913086195525224e-05
541.2719274938298,0.29963967630496546,229.63080044657033,1471.4310095659848,0.1832993637917266,0.1882560942015611,-7.735490002439271,0.524975556380725,0.0006342007775768528,,0.9136064695484951,,0.02153042337065364,,,0.06315109962423904,0.0016999513221795297,,,14.087766600780887,0.9987989210165515,0.2870385005582129,0.9809540063773232,0.9999879438655673,1.205613443266973e-05
538.6287835759501,0.29963607199877773,228.36221789839067,1471.2238923308157,0.1832927253394635,0.1882018867338925,-7.735853054009963,0.5248098681681199,0.0006359226466003959,,0.9132147761044932,,0.021634132240522873,,,0.06342939048030755,0.0017094992120415173,,,14.019501720364072,0.9987869066625925,0.28545277237298833,0.9808159282205439,0.9999877980373651,1.2201962634850183e-05
535.9856396580705,0.2996324256787713,227.09422108492626,1471.0147202001117,0.18328602351654924,0.18814717242101023,-7.736217054462598,0.5246432310735738,0.000637648407939792,,0.9128194214299387,,0.02173885851375571,,,0.06371022828878915,0.0017191411270148606,,,13.951218383734773,0.9987747522625711,0.28386777635615784,0.9806764801334078,0.9999876493594984,1.2350640501646026e-05
533.3424957401907,0.29962873667443163,225.82681054700134,1470.803462110312,0.18327925733556152,0.1880919435068842,-7.736582018493725,0.5244756304005334,0.0006393781292066143,,0.9124203540989146,,0.021844617227684406,,,0.06399364796854479,0.0017288784655882003,,,13.882916613276286,0.9987624555814388,0.28228351318375167,0.9805356414068747,0.999987497760732,1.2502239267964121e-05
530.699351822311,0.2996250043009111,224.55998684280618,1470.590086377746,0.18327242578797817,0.18803619207259584,-7.736947961114698,0.5243070511376491,0.0006411118793842191,,0.9120175217338302,,0.021951423717307662,,,0.06427968510287287,0.0017387126119543586,,,13.814596435275163,0.9987500143363703,0.2806999835535077,0.9803933909184973,0.999987343165965,1.2656834034951991e-05
528.0562079044312,0.29962122785862416,223.293750542605,1470.374560670316,0.1832655278447214,0.187979910041105,-7.7373148976436985,0.5241374779667352,0.0006428497288590882,,0.9116108709600741,,0.022059293622686157,,,0.06456837590486397,0.0017486450120955178,,,13.746257874001463,0.998737426195414,0.27911718817825626,0.980249707113544,0.9999871854997197,1.281450028034481e-05
525.4130639865514,0.2996174066328601,222.02810223149353,1470.1568519967423,0.18325856245510172,0.18792308916896552,-7.737682843721463,0.5239668952470593,0.0006445917494593316,,0.9112003473922627,,0.022168242896564622,,,0.06485975725419406,0.0017586771402778108,,,13.677900954512312,0.9987246887762002,0.2775351277893669,0.9801045679978282,0.9999870246832991,1.2975316700858386e-05
522.7699200686716,0.29961353989337663,220.76304251072796,1469.93692669159,0.1832515285461131,0.18786572104091992,-7.738051815321803,0.5237952870048055,0.0006463380144913138,,0.9107858956143106,,0.022278287812220993,,,0.06515386671972369,0.0017688104890557553,,,13.60952570341622,0.9987117996445888,0.27595380313840995,0.9799579511277268,0.999986860635311,1.313936468905208e-05
520.1267761507918,0.29960962689397713,219.4985719981232,1469.714750397939,0.1832444250218501,0.1878077970655086,-7.738421828760337,0.5236226369243608,0.0006480885987776668,,0.9103674591549148,,0.022389444971553735,,,0.06545074257517147,0.0017790465701705328,,,13.541132148827948,0.9986987563132571,0.274373214997654,0.9798098335986261,0.9999866932718106,1.3306728189443895e-05
517.4836322329121,0.2996056668720633,218.23469132569073,1469.4902880433874,0.18323725076342004,0.18774930847472351,-7.738792900695882,0.5234489283469017,0.0006498435786954981,,0.9099449804508152,,0.02250173131341309,,,0.06575042379137035,0.0017893869515843233,,,13.47272031770884,0.998685556240211,0.2727933641571134,0.979660192028925,0.9999865225071829,1.347749281710442e-05
514.8404883150324,0.2996016590481938,216.971401142395,1469.2635038270455,0.18323000462783998,0.1876902463154022,-7.7391650481468925,0.5232741442539801,0.0006516030322188577,,0.9095184008304513,,0.022615164122190477,,,0.06605295007410053,0.001799833225498089,,,13.404290238390729,0.9986721968273127,0.27121425142799377,0.9795090025513636,0.9999863482522403,1.3651747759690913e-05
512.1973443971526,0.29959760262562496,215.70870211675145,1469.0343612052852,0.1832226854470188,0.18763060144133312,-7.7395382885066315,0.5230982672523279,0.0006533670389607799,,0.9090876604963035,,0.022729761036670352,,,0.06635836189920864,0.0018103869820764046,,,13.335841942463508,0.9986586754187499,0.2696358776459393,0.9793562408035235,0.9999861704142589,1.3829585741143013e-05
509.55420047927294,0.29959349678980507,214.44659493040777,1468.8028228563728,0.18321529202842457,0.1875703645191089,-7.739912639533408,0.52292127958364,0.0006551356802128098,,0.9086526984686621,,0.02284554005915224,,,0.0666667004695434,0.0018210499026819513,,,13.267375458095918,0.9986449892993503,0.26805824366300973,0.9792018819042485,0.9999859889000398,1.4011099960242746e-05
506.91105656139314,0.2995893407078986,213.18508028469356,1468.5688506747754,0.18320782315313164,0.18750952601264628,-7.740288119379597,0.5227431630955373,0.0006569090389945592,,0.9082134525827125,,0.022962519564861193,,,0.06697800778872763,0.0018318236747668028,,,13.198890816416915,0.9986311356929954,0.26648135035586695,0.9790459004498503,0.999985803611068,1.4196388931964066e-05
504.26791264351334,0.2995851335282758,211.9241589017396,1468.332405751285,0.18320027757507543,0.18744807617756512,-7.740664746602802,0.5225638992304216,0.0006586872000979593,,0.9077698594624029,,0.023080718311650743,,,0.06729232668353485,0.0018427099879550395,,,13.130388051659944,0.9986171117609194,0.2649051986271745,0.9788882705008567,0.9999856144455435,1.4385554456541882e-05
501.6247687256336,0.29958087437995157,210.66383151784007,1468.0934483349697,0.18319265402171905,0.18738600506708353,-7.741042540156097,0.5223834690352129,0.0006604702501311565,,0.9073218544600009,,0.0232001554500041,,,0.06760970075932171,0.001853710631699208,,,13.061867194407393,0.9986029145998386,0.26332978939730006,0.9787289655566465,0.999985421301026,1.4578698974032633e-05
498.98162480775386,0.2995765623720647,209.40409889106076,1467.8519378281958,0.18318495119178532,0.18732330251403093,-7.7414215194217535,0.5222018531276449,0.0006622582775734598,,0.9068693716554457,,0.02332085053335942,,,0.06793017448574719,0.0018648273943528547,,,12.993328278912367,0.9985885412402157,0.26175512361382597,0.9785679585521305,0.9999852240689052,1.477593109477926e-05
496.33848088987406,0.29957219659330214,208.14496179986003,1467.607832758599,0.18317716775497045,0.18725995812902363,-7.741801704215597,0.5220190316918885,0.0006640513728223702,,0.9064123438165974,,0.02344282352875821,,,0.0682537931972674,0.0018760620952997594,,,12.924771340754,0.9985739886443405,0.26018120224982505,0.978405221839066,0.9999850226379229,1.497736207711764e-05
493.69533697199444,0.2995677761112993,206.88642104105355,1467.3610907495377,0.18316930235161455,0.1871959612983018,-7.742183114792037,0.5218349844735366,0.0006658496282452999,,0.9059507023552068,,0.02356609482782992,,,0.06858060309139907,0.0018874166196568645,,,12.856196414627917,0.9985592537043311,0.25860802630131696,0.9782407271663585,0.9999848168940927,1.5183105907312644e-05
491.0521930541147,0.29956329997204484,205.62847743326776,1467.1116685029056,0.18316135359123578,0.1871313011723449,-7.742565771865915,0.5216496907577453,0.0006676531382359662,,0.905484377305834,,0.023690685258135277,,,0.06891065127756156,0.0018988928769224098,,,12.787603537319125,0.9985443332401495,0.2570355967915847,0.9780744456686037,0.9999846067184532,1.5393281546760562e-05
488.4090491362349,0.29955876719925395,204.37113181851578,1466.8595217761115,0.18315332005150958,0.1870659666581333,-7.742949696627768,0.5214631293539806,0.0006694619992695551,,0.905013297295564,,0.02381661609486998,,,0.06924398580711129,0.0019104927902107046,,,12.718992748400598,0.9985292239975132,0.25546391477314473,0.9779063478507409,0.999984391987756,1.5608012243983893e-05
485.7659052183551,0.2995541767936884,203.11438505593853,1466.6046053391397,0.18314520027880843,0.18699994642412227,-7.743334910735994,0.5212752786038415,0.0006712763099560775,,0.9045373894780129,,0.023943909072945024,,,0.069580655632435,0.0019222183940391822,,,12.65036408387032,0.998513922645628,0.25389298131992316,0.9777364035594265,0.999984172577432,1.58274225680044e-05
483.12276130047536,0.29954952773251986,201.8582380310875,1466.3468729697993,0.18313699278535464,0.1869332288776961,-7.743721436359186,0.5210861163387381,0.0006730961711074755,,0.9040565795346381,,0.024072586399469943,,,0.06992071071327413,0.0019340717076048771,,,12.581717584770592,0.9984984257750662,0.2523227975388594,0.9775645819798662,0.999983948354987,1.6051645012948867e-05
480.4796173825956,0.29954481896861174,200.60269165229548,1466.0862774144014,0.183128696049315,0.18686580216657656,-7.744109296174887,0.5208956198811237,0.0006749216857930889,,0.9035707916180662,,0.02420267076663362,,,0.07026420199750932,0.001946054803254911,,,12.513053292569142,0.9984827298953725,0.25075336456536934,0.9773908516096009,0.999983719185464,1.6280814535973853e-05
477.8364734647158,0.29954004942979195,199.34774685021836,1465.8227703568384,0.1831203085139598,0.1867976541726452,-7.744498513382233,0.5207037660318665,0.0006767529594044451,,0.9030799483077931,,0.0243341853650154,,,0.07061118143742035,0.0019581698193959387,,,12.44437124857126,0.9984668314326399,0.24918468356277296,0.9772151802378923,0.9999834849296249,1.651507037514488e-05
475.1933295468362,0.29953521801811134,198.09340458041657,1465.5563023937864,0.18311182858622183,0.1867287725009195,-7.7448891117234755,0.5205105310487106,0.0006785900997223755,,0.9025839705783762,,0.024467153897333435,,,0.07096170203331217,0.00197041893363139,,,12.375671495793627,0.9984507267270378,0.24761675572552072,0.9770375349291909,0.9999832454426533,1.6754557346732035e-05
472.55018562895646,0.29953032360907056,196.83966582428346,1465.2868230044432,0.18310325463562524,0.1866591444715632,-7.745281115500034,0.5203158906302408,0.0006804332169842954,,0.9020827777588443,,0.02460160059265455,,,0.07131581786099836,0.0019828043622136535,,,12.306954079051913,0.9984344120302352,0.2460495822803543,0.9768578820029622,0.9999830005747109,1.6999425289099257e-05
469.90704171107666,0.2995253650508117,195.5865315894856,1465.0142805181683,0.18309458499324624,0.18658875711219378,-7.745674549588094,0.520119819900267,0.0006822824239543073,,0.9015762874886276,,0.024737550221074666,,,0.07167358409636496,0.001995328364809284,,,12.23821904475359,0.9984178835027057,0.24448316448685697,0.9766761870121122,0.9999827501708766,1.7249829123433535e-05
467.26389779319686,0.299520341163282,194.33400290932522,1464.7386220781348,0.1830858179508736,0.18651759715183705,-7.746069439451247,0.5199222933952026,0.0006841378359950116,,0.9010644156669285,,0.02487502810889511,,,0.0720350570298664,0.0020079932657500006,,,12.169466439718983,0.9984011372109401,0.24291750363665654,0.9764924147187565,0.9999824940714399,1.7505928560090922e-05
464.6207538753171,0.2995152507373704,193.0820808441375,1464.4597936092387,0.18307695175967845,0.18644565101093555,-7.74646581116041,0.5197232850441269,0.000685999571143636,,0.9005470764098594,,0.025014060154313126,,,0.0724002941016345,0.0020208014449871513,,,12.100696311917433,0.9983841691245681,0.24135260105517187,0.9763065290728258,0.9999822321107943,1.776788920571093e-05
461.9776099574374,0.2995100925340109,191.83076648211704,1464.177739782932,0.18306798462900709,0.18637290479238852,-7.746863691411931,0.5195227681506944,0.0006878677501895154,,0.9000241820034741,,0.0251546728436435,,,0.072769353930849,0.002033755339562635,,,12.031908710504345,0.9983669751133697,0.2397884581026463,0.9761184931886213,0.9999819641175293,1.8035882470734954e-05
459.3344660395576,0.29950486528326375,190.58006094151457,1463.8924039847354,0.18305891472480315,0.18629934426962727,-7.747263107551203,0.519320715369509,0.0006897424967556294,,0.8994956428616068,,0.025296893268101008,,,0.07314229635964278,0.0020468574241559842,,,11.963103687109507,0.9983495509442125,0.23822507617689323,0.9759282693231569,0.9999816899135066,1.83100864934449e-05
456.6913221216778,0.29949956768334257,189.32996537035086,1463.6037282734683,0.18304974016858805,0.18622495487925933,-7.7476640875880065,0.5191170986907938,0.0006916239373804916,,0.8989613674704665,,0.025440749141152633,,,0.07351918247262396,0.0020601102305745455,,,11.894281294754993,0.9983318922778086,0.2366624567129386,0.9757358188489789,0.9999814093148177,1.8590685182284794e-05
454.0481782037982,0.29949419839960806,188.08048094547703,1463.3116533375837,0.18304045903651006,0.18614972171430394,-7.748066660210855,0.5189118894260316,0.0006935122016035919,,0.898421262328199,,0.02558626881647469,,,0.07390007461147916,0.0020735163756650478,,,11.825441586408946,0.9983139946653602,0.23510060118184628,0.9755411022250559,0.9999811221318178,1.8877868182221036e-05
451.4050342859184,0.29948875606355163,186.83160887799292,1463.0161184675949,0.18303106935684244,0.18607362950490297,-7.748470854824331,0.5187050581706449,0.0006954074220590601,,0.8978752319129188,,0.025733481306536528,,,0.07428503645420992,0.0020870784920675447,,,11.75658461919658,0.9982958535451721,0.23353951109749116,0.9753440789783966,0.9999808281657329,1.9171834267139864e-05
448.7618903680386,0.29948323927168913,185.58335040845498,1462.7170614978456,0.1830215691099945,0.18599666261944636,-7.748876701549188,0.5184965748038746,0.0006973097345614168,,0.8973231786001559,,0.02588241630182805,,,0.07467413298921056,0.002100799322446809,,,11.687710448999091,0.9982774642389638,0.23197918801056872,0.9751447076652304,0.9999805272136413,1.947278635872074e-05
446.1187464501589,0.29947764658446796,184.33570681252465,1462.414418777358,0.18301195622574665,0.18591880504324143,-7.749284231263619,0.5182864084475316,0.000699219278208231,,0.8967650026282699,,0.02603310419077304,,,0.07506743060101466,0.002114681642543158,,,11.61881913516976,0.9982588219482266,0.2304196335156558,0.9749429458515719,0.9999802190626007,1.9780937399294096e-05
443.47560253227914,0.299471976525085,183.08867939842713,1462.1081251142862,0.18300222858267443,0.18584004037497823,-7.749693475612086,0.5180745274571512,0.0007011361954738599,,0.8962006020224325,,0.026185576080339626,,,0.07546499706751984,0.0021287283236433347,,,11.549910737041335,0.9982399217502834,0.2288608492480339,0.9747387500761908,0.9999799034939353,2.0096506064715136e-05
440.83245861439934,0.29946622757832003,181.8422695147502,1461.7981137497602,0.1829923840047684,0.18576035180053171,-7.750104467055728,0.5178608993715983,0.0007030606323202867,,0.895629872566925,,0.026339863817395677,,,0.07586690166945675,0.0021429422233668286,,,11.480985320229788,0.9982207585944002,0.22730283689343775,0.9745320758331735,0.9999795802771443,2.0419722855713474e-05
438.18931469651955,0.2994603981892146,180.5964785395732,1461.4843162742281,0.18298242026286743,0.18567972210579506,-7.750517238851438,0.5176454909339752,0.0007049927382898582,,0.8950527076838335,,0.026496000010811094,,,0.07627321510170715,0.002157326383472935,,,11.412042945705775,0.9982013272973821,0.22574559817446652,0.9743228775161521,0.9999792491798247,2.0750820175274853e-05
435.5461707786398,0.29945448676182773,179.3513078919707,1461.1666626098176,0.18297233507003782,0.18559813364055197,-7.750931825120698,0.5174282680228037,0.0007069326666315381,,0.8944689984189534,,0.02665401805437795,,,0.07668400962740005,0.0021718838540451114,,,11.343083679971524,0.9981816225394258,0.22418913486496336,0.9741111084065451,0.9999789099547766,2.1090045223437492e-05
432.9030268607602,0.299448491657873,178.10675903123823,1460.8450809514634,0.18296212608052956,0.18551556831138175,-7.751348260865396,0.5172091956361919,0.0007088805744078212,,0.8938786333655354,,0.026813952150551965,,,0.07709935909278683,0.002186617738231858,,,11.274107592451676,0.9981616388595768,0.22263344878904778,0.9738967206343089,0.999978562347106,2.1437652893974146e-05
430.2598829428804,0.299442411195278,176.8628334527143,1460.5194976979487,0.1829517908891683,0.18543200757813488,-7.751766581977222,0.5169882378824546,0.0007108366226106314,,0.8932814985680817,,0.02697583733505372,,,0.07751933891498519,0.002201531276950381,,,11.205114751224134,0.9981413706509267,0.2210785418158929,0.9736796651319658,0.9999782060950709,2.1793904929068297e-05
427.61673902500064,0.29943624364675875,175.61953269507768,1460.1898374154196,0.18294132702773785,0.1853474324261416,-7.752186825291663,0.5167653579261007,0.0007128009762931067,,0.8926774774809048,,0.027139709502388604,,,0.07794402619233172,0.0022166277477384958,,,11.136105228735898,0.9981208121558626,0.2195244158688471,0.9734598916102797,0.9999778409233636,2.21590766363855e-05
424.9735951071209,0.2994299872382762,174.37685833852805,1459.8560227693183,0.18293073196392828,0.1852618233592394,-7.752609028604013,0.5165405179718388,0.0007147738046911134,,0.892066450878385,,0.027305605432294534,,,0.07837349971253948,0.002231910525043253,,,11.067079098649062,0.9980999574609206,0.21797107292316006,0.9732373485128789,0.9999774665482623,2.2533451737749566e-05
422.3304511892411,0.29942364014746764,173.13481200855043,1459.5179744730638,0.18292000309847353,0.18517516037824025,-7.753033230712229,0.5163136792217093,0.0007167552813609721,,0.8914482967908847,,0.02747356281718471,,,0.07880784002821574,0.002247383037162411,,,10.998036438340973,0.9980788004915588,0.21641851501068804,0.9730119829820425,0.9999770826734475,2.2917326552462924e-05
419.6873072713613,0.29941720050197035,171.89339537252528,1459.175611210629,0.18290913776430953,0.18508742297580308,-7.753459471429853,0.5160848018621742,0.0007187455843110427,,0.8908228904008993,,0.027643620290602862,,,0.07924712945120467,0.0022630488514151473,,,10.928977324691576,0.9980573350065679,0.2148667442156566,0.9727837408070861,0.9999766889941221,2.331100587793511e-05
417.04416335348157,0.2994106663777516,170.65261014884945,1458.8288495974336,0.1828981332221077,0.18499859010210676,-7.753887791652701,0.5158538449974124,0.0007207448961559501,,0.8901901040006632,,0.027815817456767745,,,0.07969145218912466,0.002278911542151655,,,10.859901841096816,0.9980355545925054,0.2133157626860618,0.9725525663982891,0.9999762851887073,2.3714811292707694e-05
414.4010194356018,0.2994040357972472,169.41245809677227,1458.4776040750423,0.18288698666127384,0.18490864017475397,-7.754318233344536,0.5156207666636661,0.0007227534042485819,,0.8895498068468535,,0.027990194921209008,,,0.0801408942637013,0.002294974898813605,,,10.790810067073908,0.9980134526574908,0.21176557262096535,0.9723184027166949,0.9999758709305774,2.4129069422618166e-05
411.75787551772214,0.29939730672759046,168.17294103173373,1458.121786888353,0.18287569519338454,0.18481755102770192,-7.754750839634892,0.5153855237313971,0.0007247713008569833,,0.8889018651445783,,0.028166794322608164,,,0.0805955437236239,0.0023112426801492727,,,10.721702091013908,0.9979910224253016,0.21021617628966716,0.972081191258902,0.9999754458709595,2.4554129040454953e-05
409.1147315998424,0.2993904770786162,166.93406081840223,1457.761307983289,0.18286425585241106,0.1847252999150954,-7.7551856548163025,0.515148071908075,0.000726798783306597,,0.8882461419119059,,0.028345658365823218,,,0.08105549059490051,0.002327718780839316,,,10.652578001757021,0.9979682569287207,0.2086675760230028,0.9718408719888594,0.9999750096534689,2.499034653113963e-05
406.47158768196266,0.2993835447008218,165.6958193696821,1457.3960749251353,0.1828526655924829,0.18463186349532115,-7.755622724378011,0.5149083657044535,0.0007288360541511136,,0.8875824968713018,,0.028526830856203975,,,0.08152082691397854,0.002344407267041248,,,10.58343788745036,0.9979451490027393,0.20711977421210265,0.9715973832834235,0.9999745619085255,2.5438091474483393e-05
403.82844376408286,0.29937650738332505,164.45821865792652,1457.025992852246,0.18284092128243423,0.18453721778923723,-7.756062095087432,0.5146663583531206,0.0007308833213575224,,0.8869107864025364,,0.028710356735250457,,,0.0819916468933074,0.0023613122144034724,,,10.514281843628437,0.9979216912777502,0.20557277332240814,0.9713506619014973,0.9999741022454978,2.5897754502235415e-05
401.18529984620307,0.29936936285161336,163.2212607091094,1456.6509643681804,0.1828290197053569,0.18444133817889607,-7.7565038149974,0.5144220018012398,0.0007329407984720495,,0.8862308634012519,,0.028896282117643717,,,0.08246804688945261,0.0023784378551688534,,,10.445109966178432,0.9978978761720446,0.20402657588638676,0.9711006429121203,0.9999736302635172,2.636973648284524e-05
398.5421559283233,0.29936210876528,161.98494760814768,1456.2708894711202,0.1828169575543261,0.1843441993755212,-7.756947933510197,0.5141752466465306,0.0007350087048179903,,0.885542577192778,,0.029084654329750156,,,0.08295012551057455,0.0023957885093402465,,,10.375922355066038,0.9978736958842668,0.2024811845101846,0.9708472596474135,0.999973145542443,2.685445755701288e-05
395.8990120104436,0.2993547427156135,160.74928149850916,1455.8856654575588,0.18280473143009512,0.18424577540348647,-7.7573945014124295,0.5139260421023852,0.0007370872656854189,,0.8848457734111963,,0.029275521949640157,,,0.08343798365081923,0.002413368635150507,,,10.306719112167118,0.9978491423853785,0.20093660187313644,0.9705904436383725,0.9999726476468062,2.7352353193843548e-05
393.2558680925639,0.299347262223125,159.51426458683108,1455.4951868410665,0.18279233783697457,0.18414603956980297,-7.757843570936854,0.5136743359360496,0.0007391767125398993,,0.8841402939012384,,0.029468934848711544,,,0.08393172458908024,0.002431182782088164,,,10.237500343769133,0.9978242074104168,0.19939283073353883,0.970330124560711,0.9999721361211183,2.7863878881650983e-05
390.61272417468416,0.2993396647349231,158.27989914251242,1455.0993452484183,0.18277977318027225,0.18404496444631932,-7.758295195801096,0.5134200744298942,0.0007412772832291876,,0.883425976588109,,0.0296649442349719,,,0.08443145402642305,0.0024492356434096998,,,10.168266158398806,0.9977988824497438,0.19784987392814052,0.9700662301656122,0.9999716104929136,2.838950708639043e-05
387.9695802568044,0.2993319476220084,157.0461875016948,1454.6980293281924,0.18276703376210784,0.1839425218389868,-7.758749431270519,0.5131632023185597,0.00074338922220824,,0.882702655366822,,0.029863602698079566,,,0.08493728018063303,0.00246753202287356,,,10.09901666868874,0.9977731587400279,0.1963077343771185,0.969798686218795,0.9999710702684081,2.8929731591853525e-05
385.3264363389246,0.29932410817642263,155.81313206805555,1454.2911246425847,0.18275411577824574,0.1838386827654788,-7.7592063342060325,0.5129036627411327,0.0007455127807654387,,0.8819701599687344,,0.03006496425621122,,,0.08544931384043669,0.002486076868869128,,,10.029751990121076,0.9977470272547422,0.19476641508506945,0.9695274164283898,0.9999705149342514,2.9485065748624528e-05
382.6832924210448,0.2993161436082905,154.5807353163864,1453.8785135655908,0.18274101531379727,0.18373341742388238,-7.759665963128715,0.5126413971765391,0.0007476482172649709,,0.8812283158387048,,0.03026908440484965,,,0.08596766845773338,0.002504875252934756,,,9.96047224233302,0.9977204786943017,0.193225919145483,0.9692523423770605,0.9999699439542226,3.0056045777437923e-05
380.0401485031651,0.29930805104270464,153.34899979365093,1453.4600751664461,0.18272772833969259,0.18362669516776015,-7.7601283782730635,0.512376345390277,0.000749795797393234,,0.8804769439923802,,0.030476020167578863,,,0.08649246020802327,0.0025239324023815443,,,9.891177548004393,0.9976935034756822,0.19168624974206366,0.9689733834442974,0.9999693567703639,3.064322963608479e-05
377.39700458528534,0.29929982751649464,152.1179281230623,1453.0356850999535,0.18271425070794226,0.1835184844716698,-7.760593641658258,0.5121084453631708,0.0007519557944222454,,0.879715860885279,,0.030685830148995473,,,0.08702380809177943,0.0025432536733169704,,,9.821868034394956,0.9976660917216489,0.19014741015382788,0.9686904567333023,0.9999687527993709,3.124720062908093e-05
374.75386066740555,0.29929146997484907,150.88752300829736,1452.6052154914357,0.18270057814682208,0.18340875289627953,-7.761061817160617,0.5118376332188985,0.0007541284894814678,,0.8789448782768923,,0.030898574589827945,,,0.08756183403651316,0.002562844528294891,,,9.752543834537494,0.997638233249497,0.18860940376037172,0.9684034769942905,0.9999681314315283,3.1868568471704606e-05
372.1107167495259,0.2992829752676997,149.65778722822222,1452.168534780298,0.18268670625892064,0.18329746707666672,-7.761532970543621,0.5115638431939828,0.0007563141718283784,,0.8781638030334425,,0.031114315424360876,,,0.08810666288389672,0.002582710695338115,,,9.68320508098113,0.9976099175589991,0.18707223403527778,0.9681123565201987,0.9999674920370382,3.2507962961836334e-05
369.4675728316462,0.29927434014608406,148.42872364913848,1451.7255076263693,0.182672630513037,0.183184592661469,-7.7620071695792685,0.5112870075164224,0.0007585131391633364,,0.8773724370257368,,0.03133311634032152,,,0.08865842260165725,0.0026028579824391596,,,9.613851914090185,0.9975811338202802,0.1855359045614231,0.9678170050842462,0.9999668339501547,3.316604984526794e-05
366.8244289137664,0.29926556125821707,147.2003352227202,1451.2759947511997,0.18265834624125402,0.18307009429383428,-7.762484484092676,0.5110070563611036,0.0007607256979212904,,0.8765705769374911,,0.03155504284129924,,,0.08921724430561465,0.0026232923963674607,,,9.544484477283905,0.9975518708607236,0.18400041902840025,0.9675173298341332,0.9999661564807725,3.384351922752771e-05
364.1812849958866,0.2992566351454684,145.9726249954418,1450.8198528219775,0.1826438486313536,0.18295393555524983,-7.762964986075895,0.5107239177359713,0.0007629521636080711,,0.8757580141341306,,0.031780162311862405,,,0.0897832624415041,0.0026440200144950627,,,9.475102922679167,0.9975221171515614,0.18246578124430227,0.9672132352146516,0.9999654589019922,3.454109800782312e-05
361.53814107800684,0.2992475582379904,144.74559609909247,1450.3569342505825,0.18262913272591816,0.1828360789632328,-7.763448749702546,0.510437517467409,0.000765192861110583,,0.8749345344116853,,0.032008544085466085,,,0.09035661471750173,0.0026650472512187114,,,9.405707400776087,0.9974918607933013,0.1809319951238656,0.9669046228337217,0.9999647404658719,3.52595341280848e-05
358.8949971601271,0.29923832685033835,143.51925176451076,1449.8870870824817,0.1826141934125781,0.18271648589834014,-7.76393585147395,0.5101477790540914,0.0007674481250751205,,0.8740999178759042,,0.03224025951536245,,,0.09093744235020541,0.0026863806388705055,,,9.33629806996767,0.9974610895011279,0.17939906470563843,0.9665913913883212,0.9999640003803426,3.5999619657389736e-05
356.2518532422473,0.2992289371767792,142.29359532521065,1449.410154831752,0.1825990254185568,0.18259511656594654,-7.764426370301553,0.5098546235845767,0.0007697183002621515,,0.8732539387540568,,0.03247538204859539,,,0.09152589016242468,0.0027080268533848824,,,9.266875095593782,0.997429790589264,0.1778669941565133,0.9662734365545013,0.9999632378184616,3.6762181538363414e-05
353.6087093243675,0.2992193852863314,141.06863021546684,1448.925976289483,0.18258362330625988,0.18247192996667794,-7.764920387573947,0.5095579696702695,0.0007720037419220769,,0.8723963651639935,,0.03271398730327579,,,0.09212210662388019,0.002729992828929556,,,9.197438646026207,0.9973979509544381,0.17633578776933356,0.9659506508596554,0.9999624519200792,3.754807992084608e-05
350.96556540648794,0.29920966711764757,139.8443599790236,1448.434385368163,0.18256798146480283,0.18234688383468492,-7.765417987284255,0.5092577333180506,0.0007743048162080124,,0.8715269589391735,,0.03295615314930273,,,0.09272624403414026,0.002752285657606938,,,9.127988897115422,0.9973655570588252,0.1748054499737795,0.9656229235787753,0.9999616417802235,3.83582197764909e-05
348.32242148860814,0.29919977847357365,138.62078826949084,1447.9352108997944,0.18255209410472473,0.1822199346017693,-7.765919256110328,0.508953827850064,0.0007766219005825374,,0.8706454753932679,,0.03320195979270228,,,0.09333845858841189,0.0027749126814502387,,,9.058526029106968,0.9973325949119122,0.17327598533686356,0.965290140599863,0.9999608064558323,3.919354416770382e-05
345.67927757072835,0.29918971501546965,137.39791885498133,1447.428276445545,0.18253595525045407,0.18209103734390955,-7.766424283528418,0.5086461637900621,0.00077895538426059,,0.86975166310108,,0.0334514898637905,,,0.09395891051080506,0.002797881482984663,,,8.989050227677087,0.9972990500515655,0.17174739856872667,0.96495218429703,0.9999599449586603,4.005504133974824e-05
343.0361336528486,0.29917947225726377,136.17575562523746,1446.9134001045827,0.1825195587318683,0.18196014572098052,-7.7669331619404165,0.5083346487361506,0.0007813056686706752,,0.8688452636851298,,0.033704828509344024,,,0.09458776421731444,0.00282119983943767,,,8.919561686118804,0.9972649075242126,0.1702196945315468,0.9646089334030551,0.9999590562512258,4.0943748774169286e-05
340.39298973496886,0.29916904555918766,134.9543025960851,1446.390394301546,0.18250289817657847,0.18182721192268853,-7.767445986790441,0.5080191872442148,0.0007836731679313896,,0.8679260115752404,,0.0339620634890183,,,0.09522518844482691,0.0028448757378988694,,,8.85006060522308,0.9972301518639589,0.1686928782451064,0.9642602628676973,0.9999581392469844,4.1860753015598995e-05
337.74984581708907,0.2991584301211364,133.7335639099421,1445.8590655464589,0.1824859670032279,0.18169218662308212,-7.7679628566665,0.5076996807262422,0.0007860583093465134,,0.8669936337311698,,0.03422328527619601,,,0.09587135633079687,0.0028689174732833946,,,8.780547190414444,0.9971947670704547,0.1671669548874276,0.9639060436976392,0.9999571928114461,4.280718855387278e-05
335.10670189920927,0.29914762097578274,132.51354384469275,1445.3192142212192,0.18246875841117205,0.18155501890666248,-7.768483873456022,0.5073760272948089,0.0007884615339420711,,0.8660478494069406,,0.03448858716357277,,,0.09652644561219009,0.002893333568031204,,,8.711021655329056,0.9971587365859425,0.16564192980586592,0.9635461428141462,0.9999562157507347,4.378424926532176e-05
332.46355798132953,0.2991366129812697,131.2942468176599,1444.7706343296325,0.18245126537212225,0.18141565621070768,-7.769009142472365,0.5070481216365526,0.0007908832970097804,,0.8650883698715712,,0.03475806537368093,,,0.09719063875073035,0.0029181328187597565,,,8.641484220701615,0.997122043270899,0.1641178085220749,0.9631804228864216,0.9999552068147423,4.479318525774101e-05
329.8204140634499,0.2991254008135431,130.0756773915967,1444.2131132464342,0.1824334806202795,0.18127404425612276,-7.769538772603906,0.5067158548631001,0.0007933240686878848,,0.8641148981300257,,0.03503181917464802,,,0.09786412309561227,0.0029433242907414194,,,8.57193511525222,0.9970846693784771,0.1625945967394959,0.9628087421642895,0.9999541646910274,4.583530897261934e-05
327.1772701455701,0.29911397895826086,128.85784027891344,1443.6464314433363,0.1824153966429714,0.18113012698290107,-7.770072876455824,0.5063791143692686,0.0007957843345626525,,0.8631271286184656,,0.035309951001492854,,,0.09854709101924794,0.002968917364774253,,,8.50237457478987,0.9970465965275362,0.1610723003486418,0.9624309542955575,0.9999530880039806,4.691199601936091e-05
324.53412622769036,0.2991023417023083,127.64074035042105,1443.0703622233862,0.1823970056689271,0.18098384646742896,-7.77061157052714,0.5060377836560415,0.0007982645963108658,,0.8621247469157747,,0.03559256658324261,,,0.09923974012298907,0.002994921683941758,,,8.432802844732727,0.9970078056743611,0.15955092543802632,0.9620469081489241,0.9999519753059481,4.802469405185139e-05
321.8909823098106,0.29909048312482045,126.4243826399216,1442.4846714191603,0.18237829965808028,0.18083514285265231,-7.771154975365244,0.5056917421760243,0.0008007653723591055,,0.8611074294120419,,0.03587977507621946,,,0.09994227337982754,0.0030213472107631038,,,8.363220178863196,0.9969682770827348,0.158030478299902,0.9616564476127736,0.9999508250788519,4.9174921148087414e-05
319.2478383919308,0.2990783970876906,125.20877234782387,1441.8891170719594,0.1823592702910146,0.18068395427611178,-7.771703215725936,0.5053408651734204,0.0008032871985803979,,0.8600748429541286,,0.03617168920382623,,,0.10065489927063426,0.003048204302129675,,,8.29362683779904,0.996927990292302,0.15651096543477983,0.9612594113813062,0.9999496357307188,5.0364269281177876e-05
316.60469447405103,0.2990660772256929,123.99391485576002,1441.2834491481487,0.18233990895339586,0.18053021675894218,-7.772256420808163,0.5049850234492803,0.0008058306290475511,,0.8590266445501493,,0.036468425403261256,,,0.10137783208292513,0.00307550354224916,,,8.224023095181227,0.9968869240856431,0.15499239356970004,0.9608556327654325,0.9999484055785849,5.159442141511317e-05
313.9615505561713,0.29905351693588084,122.77981572664618,1440.6674091625734,0.18232020672661128,0.18037386414504325,-7.772814724396766,0.5046240832187658,0.0008083962367793625,,0.8579624809565045,,0.03677010397946569,,,0.10211129198609889,0.0031032559407605555,,,8.154409232009652,0.9968450564529362,0.15347476965830772,0.9604449394417156,0.9999471328628297,5.286713717034264e-05
311.31840663829166,0.29904070936650823,121.56648071435805,1440.0407298374123,0.1823001543727357,0.18021482799607666,-7.773378265089764,0.504257905883855,0.0008109846145681788,,0.8568819883129163,,0.037076849266823385,,,0.10285550527133584,0.0031314728770343017,,,8.084785539534636,0.9968023645550275,0.15195810089294756,0.9600271532249416,0.9999458157281098,5.4184271890189706e-05
308.67526272041175,0.2990276474053186,120.35391577328626,1439.4031347350422,0.18227974231990418,0.18005303749068946,-7.7739471865198615,0.5038863478118456,0.0008135963758299805,,0.8557847917564706,,0.037388789799007595,,,0.10361070457315404,0.0031601660921560305,,,8.015152320327719,0.9967588246843955,0.15044239471660784,0.9596020898233615,0.9999444522207883,5.55477792116843e-05
306.0321188025321,0.29901432366713326,119.14212706474916,1438.7543378563562,0.1822589606481132,0.17988841932817706,-7.77452163756988,0.5035092601199143,0.000816232155496441,,0.8546705049946026,,0.03770605848748249,,,0.1043771290535986,0.003189347750762853,,,7.945509887332748,0.9967144122237775,0.14892765883093645,0.9591695585709041,0.9999430402864466,5.695971355335061e-05
303.3889748846522,0.29900073048079373,117.93112096903187,1438.0940432462692,0.1822377990718289,0.17972089760796475,-7.7751017726359475,0.5031264884119349,0.0008188926109681385,,0.853538729895475,,0.0380287928091839,,,0.1051550246739857,0.003219030377912963,,,7.875858566764236,0.9966691016026458,0.14741390121128983,0.9587293621641795,0.9999415777565576,5.8422243442435295e-05
300.7458309667726,0.29898685987525925,116.72090409113068,1437.4219445412084,0.18221624692502697,0.179550393729561,-7.7756877518548695,0.5027378725510996,0.0008215784230950503,,0.8523890560117895,,0.03835713500388795,,,0.1059446443673811,0.0032492269682230213,,,7.806198695822379,0.9966228662508642,0.14590113011391334,0.9582812963608056,0.9999400623512816,5.993764871836671e-05
298.10268704889296,0.2989727035649349,115.51148326934192,1436.7377245083965,0.1821942931438233,0.17937682627469706,-7.77627974136766,0.5023432463963973,0.0008242902972257136,,0.8512210600989963,,0.03869123228191675,,,0.10674624826222343,0.003279951024939807,,,7.736530622832379,0.996575678549783,0.1443893540866774,0.9578251496722643,0.9999384916680764,6.150833192364313e-05
295.45954313101305,0.29895825293421385,114.30286559031128,1436.041054592992,0.18217192624557382,0.17920011086295023,-7.776877913635953,0.5019424374861909,0.0008270289643211086,,0.8500343056576264,,0.03903123704279845,,,0.10756010400653794,0.0033112164590598714,,,7.666854711281111,0.9965275097807129,0.1428785819878891,0.9573607030619946,0.9999368631660226,6.313683397740633e-05
292.8163992131334,0.2989434990210049,113.09505839772612,1435.3315943997156,0.1821491343105581,0.17902016002931473,-7.777482447720414,0.5015352667598192,0.0008297951821027603,,0.8488283424016558,,0.03937730710552163,,,0.108386486984621,0.003343037676322846,,,7.59717133835057,0.9964783300700164,0.14136882299715764,0.9568877295998104,0.9999351741681213,6.482583187872315e-05
290.1732552952535,0.2989284324992793,111.88806930144133,1434.6089911503486,0.1821259049619939,0.17883688309016516,-7.77809352958438,0.5011215482539395,0.0008325897362770834,,0.8476027057014938,,0.0397296059511453,,,0.10922568055261535,0.003375429645628815,,,7.527480894364315,0.9964281083309311,0.13986008662680166,0.9564059941002324,0.9999334218508833,6.657814911670279e-05
287.5301113773739,0.298913043660639,110.68190619273254,1433.8728791433184,0.1821022253423219,0.17865018598151383,-7.778711352453472,0.500701088742936,0.0008354134418377792,,0.8463569160440696,,0.040088302978551725,,,0.11007797637112211,0.003408407833049939,,,7.457783785950908,0.9963768122021299,0.13835238274091569,0.9559152527622122,0.9999316032267934,6.839677320658044e-05
284.886967459494,0.29889732239468003,109.47657725464796,1433.122879148647,0.18207808209137727,0.17845997111404638,-7.779336117147641,0.5002736874068541,0.0008382671444166845,,0.845090478424203,,0.04045357377413567,,,0.11094367465035403,0.003441988294810019,,,7.3880804347773505,0.9963244079822668,0.13684572156830996,0.9554152527657646,0.9999297151435028,7.028485649718252e-05
282.24382354161435,0.2988812581681821,108.27209097549795,1432.3585977882424,0.1820534613214249,0.1782661372054212,-7.7799680324604035,0.49983913545217984,0.0008411517217289081,,0.8438028817266039,,0.04082560039635828,,,0.1118230844566041,0.003476187687669315,,,7.318371278794869,0.9962708605606071,0.13534011371937243,0.9549057318588282,0.9999277542672357,7.224573276432e-05
279.6006796237347,0.2988648400030365,107.06845616496683,1431.579626891418,0.1820283485901352,0.1780685790985544,-7.780607315569334,0.499397215701336,0.0008440680850965979,,0.8424935980938271,,0.041204571676127115,,,0.11271652405562538,0.0035110232430785393,,,7.248656774358533,0.9962161333434549,0.13383557020620854,0.954386417927612,0.9999257170686581,7.428293134192909e-05
276.9575357058548,0.298848056452686,105.8656819645953,1430.785542775232,0.18200272887533958,0.17786718759625028,-7.781254192420708,0.4989477022080502,0.0008470171810407082,,0.8411620822132357,,0.041590683534005066,,,0.11362432116008779,0.003546512913172972,,,7.1789373939874945,0.9961601881756199,0.13233210245574412,0.9538570285168213,0.9999235998205016,7.640017949839262e-05
274.3143917879752,0.2988308955772157,104.66377786832228,1429.9759055455338,0.1819765865428176,0.1776618492435637,-7.781908898218514,0.498490359768331,0.000849999993001461,,0.839807770643761,,0.041984139315391765,,,0.114546813354132,0.003582675253371384,,,7.1092136311036045,0.9961029852573857,0.13082972233540285,0.9533172703636892,0.9999213985666562,7.860143334381675e-05
271.67124787009527,0.2988133449167006,103.46275373454539,1429.1502582931894,0.18194990531819874,0.17745244614527694,-7.782571677853012,0.49802494349192195,0.0008530175431109352,,0.8384300810341587,,0.04238515014485553,,,0.11548434835443856,0.003619529592405758,,,7.039485997327034,0.9960444830556686,0.12932844216818173,0.9527668388621262,0.9999191091258586,8.089087414142604e-05
269.02810395221564,0.29879539146291473,102.26261980424785,1428.3081262858186,0.18192266825306677,0.17723885574077983,-7.7832427864163565,0.49755119828666405,0.0008560708941088759,,0.8370284113463966,,0.0427939353009084,,,0.11643728439386884,0.003657096021945187,,,6.969755024741996,0.9959846382097158,0.1278282747553098,0.9522054175238791,0.999916727063119,8.327293688104032e-05
266.38496003433573,0.29877702162927205,101.06338672535983,1427.4490161403053,0.1818948576871372,0.17702095055143094,-7.783922489777596,0.4970688582835132,0.0008591611513669945,,0.8356021390826014,,0.04321072261262407,,,0.11740599069203618,0.003695395278171663,,,6.900021270509389,0.9959234054309068,0.1263292334066998,0.9516326774268702,0.9999142476654332,8.575233456675768e-05
263.7418161164561,0.29875822121847057,99.86506555949336,1426.5724148252548,0.18186645521855405,0.17679859799504297,-7.784611065037715,0.49657764638148105,0.0008622894649755724,,0.8341506203206832,,0.0436357488795078,,,0.11839084761472075,0.0037344491422182696,,,6.830285309200591,0.9958607373949019,0.1248313319493667,0.9510482765501699,0.9999116659571301,8.833404286989754e-05
261.0986721985762,0.2987389753884993,98.66766781988613,1425.6777888161043,0.18183744165349744,0.17657166004207991,-7.785308801293777,0.4960772734835075,0.0008654570320833017,,0.8326731889524799,,0.04406926031642808,,,0.11939224740362735,0.0037742799457460697,,,6.760547746795883,0.9957965846283311,0.12333458477485766,0.9504518592107363,0.9999089766182814,9.102338171862456e-05
258.45552828069657,0.2987192686156042,97.47120546887433,1424.7645828971856,0.18180779698012464,0.17633999306646964,-7.786016000041847,0.49556743809352444,0.0008686650991781412,,0.8311691555327521,,0.04451151302503091,,,0.12041059412473806,0.0038149113699957873,,,6.6908092039761256,0.9957308953853474,0.12183900683609292,0.9498430552647904,0.9999061740525168,9.382594748319484e-05
255.81238436281694,0.2986990846557239,96.27569096988526,1423.8322192925814,0.18177750030423478,0.17610344740148376,-7.786732976151155,0.4950478253423043,0.0008719149647844467,,0.8296378065253014,,0.04496277349394085,,,0.12144630467433716,0.003856367549393458,,,6.621070339537255,0.9956636155190798,0.12034461371235658,0.9492214795283875,0.9999032522429728,9.674775702717131e-05
253.16924044493703,0.29867840650212657,95.08113728190781,1422.8800962857194,0.18174652982345837,0.17586186720166494,-7.787460058265824,0.4945181065857218,0.0008752079819858459,,0.8280784030005987,,0.04542331912928019,,,0.12249980861061671,0.0038986741263620523,,,6.551331828276278,0.995594688340422,0.11885142160238477,0.9485867308571463,0.9999002048668576,9.979513314239963e-05
250.5260965270574,0.2986572163413414,93.88755791706878,1421.9075872531907,0.18171486275314544,0.17561508993283798,-7.788197589927545,0.49397793828208947,0.0008785455614892401,,0.8264901798098441,,0.04589343881828417,,,0.12357154928309728,0.00394185720115427,,,6.481594387582447,0.995524054471138,0.11735944739633597,0.9479383915021271,0.9998970251123798,0.00010297488762023299
247.8829526091775,0.29863549550457913,92.69496693193446,1420.9140390823954,0.1816824752995425,0.17536294623689017,-7.788945929995319,0.4934269615724025,0.0008819291744520315,,0.8248723441118416,,0.04637343352767592,,,0.12466198355024696,0.003985944633718459,,,6.411858750902551,0.9954516516819305,0.11586870866491808,0.9472760260549303,0.9998937058234829,0.0001062941765170855
245.23980869129787,0.2986132244170588,91.50337898427726,1419.8987710358795,0.18164934257938872,0.17510525938504196,-7.789705453865255,0.49286480106055297,0.0008853603559378566,,0.8232240743985542,,0.04686361694018762,,,0.12577158289587692,0.0040309650586258855,,,6.3421256929956655,0.9953774147235294,0.11437922373034658,0.9465991806905864,0.9998902392932445,0.00010976070675550176
242.59666477341796,0.29859038254292897,90.31280935779934,1418.8610732182922,0.18161543856778736,0.1748418449585862,-7.790476554271,0.492291064012897,0.0008888407082355516,,0.8215445191635072,,0.04736431613140137,,,0.1269008337380106,0.004076948305571867,,,6.27239602278607,0.9953012751430966,0.11289101169724917,0.9459073821455282,0.999886617338491,0.00011338266150895393
239.95352085553833,0.29856694832607755,89.1232739825552,1417.8002049505274,0.18158073603818412,0.17457251047541492,-7.791259642203769,0.49170533943821404,0.0008923719045394867,,0.8198327954421992,,0.04787587229012064,,,0.1280502377634067,0.00412392575415363,,,6.202670579664975,0.9952231610869252,0.11140409247819401,0.9452001366336849,0.9998828312498803,0.00011716875011968941
237.3103769376587,0.29854289912712817,87.93478948162299,1416.7153932192732,0.18154520648380906,0.17429705488079017,-7.79205514811099,0.49110719688908233,0.0008959556929239395,,0.818087987501401,,0.04839864148579056,,,0.1292203127176364,0.004171929993636852,,,6.13295024413187,0.9951429970904273,0.10991848685202874,0.9444769288128488,0.9998788716984647,0.00012112830153532261
234.6672330197788,0.29851821115539995,86.74737320662025,1415.6058309040864,0.18150882004590727,0.17401526810000081,-7.792863522996238,0.49049618536192074,0.0008995939004662412,,0.8163091453347668,,0.04893299548624189,,,0.13041159291002252,0.004220994999312914,,,6.063235937234508,0.9950607038513332,0.10843421650827531,0.9437372206027242,0.9998747287303441,0.00012527126965589108
232.02408910189916,0.2984928593956842,85.56104327040013,1414.4706748673455,0.18147154543732924,0.17372693056476668,-7.79368523959105,0.48987183212519714,0.0009032884376887929,,0.8144952830280842,,0.04947932262982925,,,0.1316246296781468,0.004271156383452389,,,5.993528619488522,0.9949761979856141,0.10695130408800017,0.9429804499115636,0.9998703917195126,0.00012960828048735884
229.38094518401925,0.2984668175296057,84.37581859112571,1413.3090439922216,0.18143334985461632,0.17343181266130736,-7.794520793701293,0.4892336413730414,0.0009070413033308679,,0.8126453771229354,,0.05003802875615326,,,0.13285999204164664,0.0043224513706324194,,,5.923829295565648,0.9948893917653523,0.10546977323890713,0.9422060293281478,0.9998658492913678,0.00013415070863220802
226.73780126613963,0.2984400578508474,83.1917189349569,1412.120017049261,0.1813941988881962,0.17312967417570746,-7.795370705584989,0.4885810928474337,0.0009108545893997356,,0.8107583648525755,,0.05060953820006996,,,0.13411826726897277,0.004374918956629926,,,5.854139015416007,0.994800192836158,0.10398964866869612,0.9414133446995073,0.9998610892782481,0.00013891072175187258
224.09465734825972,0.2984125511740343,82.0087649730895,1410.9026305257128,0.18135405641689853,0.17282026363129444,-7.796235521567707,0.4879136402228026,0.0009147304866328691,,0.8088331423932579,,0.05119429485400814,,,0.1354000617107505,0.0044285996607226884,,,5.784458883179083,0.9947085039134478,0.10251095621636187,0.9406017536838085,0.9998560986187393,0.00014390138126074703
221.4515134303801,0.29838426673595336,80.82697832250452,1409.655876133122,0.18131288451082506,0.1725033177048896,-7.79711581553727,0.4872307096113273,0.000918671290221203,,0.8068685628323963,,0.051792763304015686,,,0.13670600122702328,0.0044835359815339135,,,5.714790053037256,0.9946142224531779,0.10103372290313065,0.939770584088748,0.9998508633449692,0.00014913665503080153
218.80836951250046,0.298355172088748,79.64638158688116,1408.378698138227,0.1812706433254755,0.17217856059102185,-7.7980121905732185,0.48653169793346596,0.0009226794060054508,,0.8048634339863073,,0.052405430045535134,,,0.1380367316031055,0.004539772868369628,,,5.645133726415168,0.9945172402958268,0.09955797698360146,0.9389191320921514,0.9998453685033175,0.0001546314966824891
216.16522559462055,0.2983252329853725,78.46699843276039,1407.0699907950648,0.18122729096457652,0.17184570314274913,-7.798925281048251,0.48581597081652195,0.0009267573572230116,,0.8028165164240297,,0.05303280478591547,,,0.13939291963916142,0.004597357129077506,,,5.575491168172499,0.994417443284575,0.09808374804095049,0.9380466605300432,0.9998395979781841,0.00016040202181588636
213.52208167674092,0.29829441325541056,77.28885366092614,1405.7285954870724,0.18118278334562193,0.17150444205319237,-7.799855754694709,0.4850828605281503,0.0009309077915765514,,0.8007265212926448,,0.0536754218405564,,,0.14077525399435747,0.004656337312785367,,,5.505863712936745,0.9943147108513686,0.09661106707615767,0.9371523969913816,0.9998335344403441,0.00016646555965593723
210.878937758861,0.29826267466895345,76.1119732265022,1404.3532971782986,0.18113707409428667,0.17115445927922593,-7.800804314245626,0.48433166433532193,0.0009351334886723809,,0.7985921074420251,,0.05433384163001868,,,0.14218444489860052,0.004716765432749352,,,5.436252741830537,0.9942089155631783,0.09513996653312776,0.9362355314521991,0.9998271594033936,0.00017284059660638285
208.2357938409814,0.2982299767919856,74.93638435906227,1402.942821585369,0.18109011434394562,0.17079542076102758,-7.801771700499477,0.48356164143955827,0.0009394373686047676,,0.7964118793962826,,0.055008652288452795,,,0.14362122608435163,0.004778695001796628,,,5.366659723046309,0.9940999226399521,0.09367048044882784,0.9352952143902461,0.9998204527708835,0.00017954722911650567
205.59264992310148,0.2981962768264476,73.76211559438451,1401.4958310970114,0.18104185262068112,0.17042697582270894,-7.8027586941153535,0.48277201118176993,0.0009438225002865722,,0.7941843842147324,,0.05570047139078223,,,0.14508635433203318,0.004842183167143185,,,5.29708618160232,0.9939875894214921,0.09220264449298064,0.9343305540646742,0.999813393104691,0.0001866068953090272
202.94950600522185,0.2981615294387782,72.58919687847666,1400.010921252941,0.18099223463251568,0.1700487558685728,-7.803766118846826,0.481961949808384,0.0009482921112971742,,0.7919081089026044,,0.05640994781100706,,,0.14658061093632418,0.004907289501284331,,,5.227533727875238,0.9938717647959274,0.09073649609809582,0.9333406141686273,0.99980595715122,0.0001940428487799961
200.30636208734194,0.29812568657259797,71.41765965310579,1398.4866165577396,0.1809412030900286,0.16966037335198636,-7.8047948443160164,0.48113058769728223,0.0009528495978262509,,0.7895814774057676,,0.057137763722144075,,,0.14810480223829395,0.00497407650635773,,,5.15800405569246,0.9937522885753266,0.08927207456638224,0.9323244110384931,0.9997981198725633,0.00020188012743671546
197.6632181694623,0.29808869724411396,70.24753692618069,1396.9213658750446,0.18088869751424666,0.16926142068192254,-7.805845788987601,0.48027700638378423,0.0009574985356058223,,0.7872028472016284,,0.05788463675045128,,,0.14965975990575892,0.00504261043749155,,,5.088498938025311,0.9936289908137133,0.08780942115772586,0.931280910583363,0.9997898542953302,0.0002101457046698174
195.02007425158268,0.29805050732057675,69.07886338797617,1395.3135378918978,0.18083465399454202,0.16885146878853627,-7.80691992390125,0.4794002348282236,0.0009622426918551764,,0.7847705061348121,,0.05865132229896106,,,0.15124634207845475,0.005112960671877276,,,5.019020245874982,0.9935016910685892,0.08634857923497022,0.9302090252612651,0.9997811311841053,0.00021886881589472384
192.37693033370277,0.2980110592774472,67.91167550555029,1393.6614158716504,0.18077900496360635,0.16843006586285045,-7.80801827616116,0.47849924592640036,0.000967086037815396,,0.7822826687374023,,0.05943861605476422,,,0.15286543368019026,0.005185200515554235,,,4.949569944582135,0.9933701975914907,0.08488959438193787,0.9291076105811003,0.999771918987911,0.00022808101208904308
189.73378641582315,0.2979702919336042,66.7460116342673,1391.9631921950872,0.18072167893219204,0.16799673583974717,-7.809141933040978,0.477572952404671,0.000972032762565451,,0.7797374724451895,,0.06024735669791812,,,0.15451794709065542,0.0052594072960511695,,,4.880150102861281,0.9932343064453474,0.08343251454283412,0.9279754614633915,0.9997621835298142,0.00023781647018583651
187.09064249794324,0.2979281401621289,65.5819121474822,1390.2169625594972,0.18066260019934505,0.167550976750587,-7.810292046470897,0.47662020233283897,0.0009770872878412133,,0.7771329737145152,,0.0610784288308692,,,0.15620482291873733,0.005335662279153134,,,4.810762904187833,0.9930938005404296,0.08197739018435275,0.9268113083729982,0.999751887743275,0.00024811225672505266
184.4474985800636,0.2978845345724784,64.4194195462182,1388.4207193960858,0.1806016885664073,0.1670922591651904,-7.811469837485531,0.47563977467629304,0.0009822542839077713,,0.7744671435596382,,0.06193276614912471,,,0.15792703001168662,0.005414051801317556,,,4.741410641851033,0.9929484485749279,0.08052427443277274,0.9256138129307239,0.9997409915217671,0.00025900847823290274
181.8043546621837,0.2978394011633446,63.25857860883164,1386.572345193251,0.180538858986575,0.16662002421571714,-7.812676601655611,0.47463037386429985,0.000987538687070562,,0.7717378631919883,,0.06281135487722081,,,0.15968556625298408,0.005494666920029596,,,4.6720957366832865,0.9927980038778155,0.07907322326103955,0.9243815634621674,0.9997294512422229,0.0002705487577771004
179.16121074430407,0.29779266094160417,62.09943655123406,1384.6696052279099,0.18047402119738074,0.16613368156987207,-7.813913714797392,0.47359062408060737,0.000992945718361062,,0.7689429194115383,,0.0637152374958547,,,0.16148145912460424,0.005577603440639815,,,4.602820748567481,0.9926422031386806,0.07762429568904257,0.9231130701519399,0.999717219472637,0.0002827805273629691
176.51806682642444,0.2977442295012776,60.94204314892344,1382.7101391378021,0.18040707936662043,0.16563260759024423,-7.815182638504889,0.47251906373119734,0.0009984809036464265,,0.7660799990968816,,0.06464551678808719,,,0.16331576497346367,0.005662963951025219,,,4.5335883632975955,0.9924807650042587,0.0761775539361543,0.9218067594252014,0.9997042448094576,0.0002957551905423683
173.87492290854453,0.29769401656455735,59.78645096480262,1380.6914531168688,0.18033793159035288,0.165116142481723,-7.816484927925745,0.47141413766842977,0.0010041500962509123,,0.7631466845575506,,0.06560336023975367,,,0.16518957074741003,0.005750855378426452,,,4.464401440041843,0.9923133885485246,0.07473306370600327,0.9204609687445793,0.9996904709231408,0.00030952907685921627
171.2317789906649,0.29764192547029317,58.63271547672287,1378.610909743455,0.1802664695130396,0.16458358846292187,-7.817822237738309,0.470274191213953,0.0010099595000649237,,0.7601404471448802,,0.06659000482591025,,,0.16710399210521815,0.005841392772403023,,,4.39526297670659,0.9921397515676439,0.07329089434590359,0.91907393982897,0.9996758368484115,0.00032416315158845244
168.588635072785,0.29758785261423165,57.480895309241575,1376.4657185779706,0.18019257774604625,0.16403420655260842,-7.8191963311855,0.46909746112484996,0.0010159156964361271,,0.7570586416492768,,0.06760676222814922,,,0.1690601744937711,0.005934697335251015,,,4.326176154401583,0.9919595087141055,0.07185111913655197,0.9176438123853138,0.9996602757064481,0.0003397242935518907
165.94549115490537,0.2975316868277968,56.33105244059779,1374.252925028911,0.18011613334683899,0.16346721395010846,-7.820609088239271,0.4678820674291657,0.0010220256718774193,,0.7538984998277125,,0.06865502452472717,,,0.17105929209513568,0.006030898182697029,,,4.2571443321899345,0.9917722894259894,0.07041381555074723,0.9161686166859406,0.9996437146302724,0.0003562853697276491
163.30234723702546,0.297473308691746,55.18325244472849,1371.9693988624053,0.18003700517800544,0.16288178067869363,-7.82206251561239,0.4666260034141354,0.0010282968493112387,,0.7506571237823315,,0.06973627040594589,,,0.1731025476372101,0.00613013195252401,,,4.188171071819019,0.9915776956391533,0.06897906555591062,0.9146462659082703,0.9996260737780115,0.00037392622198850756
160.65920331914583,0.29741258977267876,54.03756471119008,1369.611820973805,0.1799550532849922,0.1622770265458887,-7.823558756540772,0.4653271258438405,0.0010347371212931433,,0.7473314783879097,,0.07085207196992681,,,0.17519117037753282,0.006232545245364372,,,4.119260129923115,0.9913752992422625,0.0675469558889876,0.9130745473158699,0.9996072659807337,0.00039273401926631646
158.01605940126592,0.29734939177987424,52.894062761724896,1367.1766703922617,0.17987012808429526,0.161652016904454,-7.825100103469089,0.46398314227361137,0.0010413548873957322,,0.74391838432038,,0.07200410216574657,,,0.17732641625325143,0.006338292540175247,,,4.050415505556312,0.9911646392662475,0.06611757845215611,0.9114511135948411,0.9995871952795533,0.00041280472044669114
155.3729154833863,0.2972835656222649,51.75282450813576,1364.6602086321298,0.17978206963047746,0.16100575922699134,-7.826689009620272,0.46259159948051565,0.001048159093488734,,0.7404145095387095,,0.07319414295227618,,,0.1795095647253663,0.006447539543544105,,,3.9816414245083354,0.9909452187408829,0.0646910306351697,0.9097734724214198,0.9995657567598961,0.00043424324010388204
152.72977156550667,0.29721495035950046,50.613932556966525,1362.0584634827794,0.1796907067076803,0.1603371986470966,-7.828328103275931,0.461149869182945,0.0010551592762470942,,0.7368163605697586,,0.07442409425624166,,,0.18174191655800112,0.006560463642445357,,,3.9129423631577205,0.9907165011983349,0.06326741569620815,0.9080389756551863,0.9995428350264467,0.00045716497355330343
150.08662764762676,0.297143372034712,49.47747459818147,1359.3672120418612,0.17959585580151557,0.15964521292606296,-7.83002020394248,0.4596551318744826,0.0010623656112871821,,0.7331202741285833,,0.07569598382310708,,,0.18402479210130418,0.006677252788603272,,,3.84432308815469,0.9904779067823735,0.061846843247726845,0.9062448080279074,0.9995183028415978,0.0004816971584021834
147.44348372974713,0.2970686423629878,48.343543727544635,1356.5819606660334,0.17949732010583405,0.15892860801631947,-7.83176833809322,0.4581043610818307,0.0010697889651850334,,0.7293224068331678,,0.07701197806010907,,,0.18635952609616693,0.006798109524898818,,,3.775788642722587,0.990228807876626,0.060429429659430794,0.9043879737773556,0.9994920205143426,0.0005079794856573949
144.80033981186722,0.2969905572673485,47.21223886929683,1353.6979247390402,0.17939488825968905,0.15818611204594168,-7.833575759081758,0.45649430345137976,0.0010774409543013693,,0.7254187253563938,,0.07837439399504655,,,0.18874746439153098,0.0069232498003473485,,,3.7073443941387922,0.9899685242244951,0.059015298586621044,0.9024652831593601,0.9994638335433187,0.0005361664566813085
142.1571958939876,0.296908895233076,46.08366520422884,1350.710005639909,0.17928833307897957,0.15741636971731185,-7.835445967269239,0.4548214586219874,0.001085334007641369,,0.7214049955569516,,0.07978571248123134,,,0.19118995794458493,0.007052905569269065,,,3.6389960413709264,0.9896963174435868,0.05760458150528605,0.9004733370932727,0.9994335715520369,0.0005664284479630632
139.51405197610768,0.29682341545901764,44.9579346534544,1347.6127664590852,0.17917741005221324,0.15661793551204115,-7.837382733854448,0.4530820553948649,0.001093481437503966,,0.7172767712851331,,0.08124859280454122,,,0.1936883571156646,0.007187324614650708,,,3.5707496552425377,0.9894113848633922,0.056197418316818,0.8984085109727235,0.9994010458199896,0.0005989541800104359
136.87090805822805,0.2967338557687577,43.835166339565546,1344.400404001575,0.17906185582747275,0.15578926742563315,-7.83939012501338,0.45127202759402163,0.0011018975158623352,,0.7130293815313641,,0.08276588886262048,,,0.19624400208979886,0.007326775449226304,,,3.502611672221344,0.9891128525625258,0.05479395792445693,0.89626693600105,0.9993660479330098,0.0006339520669902399
134.22776414034843,0.29663993026253743,42.71548721024902,1341.0667210770112,0.17894138625591371,0.154928718198971,-7.841472532924956,0.44938698304053215,0.0011105975610969366,,0.7086579187583535,,0.08434066712431562,,,0.1988582163754332,0.007471543481715474,,,3.434588976641029,0.9887997675417914,0.05339435901281128,0.8940444807180075,0.9993283457398179,0.0006716542601821196
131.58462022246852,0.29654132664342014,41.59903253532394,1337.6050918605304,0.17881569466280953,0.15403452897396294,-7.843634703606546,0.4474221757170307,0.0011195980297239788,,0.7041572236965006,,0.08597622658440864,,,0.20153229150997543,0.007621941213023708,,,3.366688852188214,0.9884710888114006,0.05199879066915493,0.8917367279070202,0.9992876830039084,0.0007123169960916442
128.9414763045889,0.29643770320528245,40.485946663612744,1334.0084299062748,0.1786844493048281,0.15310481805448936,-7.845881777297456,0.4453724653842075,0.0011289166242980174,,0.6995218727526015,,0.08767612099434166,,,0.2042674788489592,0.007778300073613282,,,3.298919112216936,0.9881256773509416,0.05060743332951593,0.8893389532708499,0.9992437726695156,0.0007562273304844158
126.29833238670898,0.2963286853888463,39.37638365269932,1330.2691471237988,0.17854729123387922,0.15213757363785455,-7.848219323037534,0.4432322830022182,0.001138572404724814,,0.6947461616282047,,0.08944418365180325,,,0.20706496954289616,0.007940982268556674,,,3.2312880447023855,0.9877622846294878,0.049220479565874144,0.8868460980825326,0.9991962970914608,0.00080370290853915
123.65518846882935,0.29621386186535953,38.270508030518364,1326.3791130172583,0.1784038313463962,0.15113064199939918,-7.850653385916861,0.4409955834809782,0.0011485859206475514,,0.6898240891414179,,0.0912845551095901,,,0.20992587801329782,0.008110378377496693,,,3.1638045000415915,0.9873795395511985,0.047838135038147954,0.8842527420115055,0.9991449006418025,0.0008550993581974975
121.01204455094944,0.296092780065113,37.168495662706725,1322.3296088300278,0.1782536473791677,0.15008171676574655,-7.85319053558504,0.4386557971708873,0.0011589793519755094,,0.6847493409869618,,0.09320171420593339,,,0.21285121998281642,0.008286911301847852,,,3.096477920876998,0.9869759335503768,0.046460619578383405,0.8815530725533519,0.9990891864775595,0.0009108135224404901
118.36890063306981,0.2959649410519825,36.0705346564539,1318.111277743756,0.17809628041344996,0.14898832642714033,-7.855837922717711,0.43620577339630273,0.0011697766692374736,,0.679515271815525,,0.09520051287601242,,,0.21584188750408168,0.008471038008522513,,,3.0293183964440913,0.9865498035066084,0.045088168320567376,0.8787408518291707,0.9990287102041416,0.0009712897958583655
115.72575671519019,0.29582979362418765,34.976826247743226,1313.7140674979332,0.17793123123506716,0.14784782281412778,-7.858603338279201,0.4336377211929019,0.0011810038100439578,,0.6741148847327294,,0.097286215283968,,,0.21889861539478025,0.008663259878749871,,,2.9623366564475755,0.9860993120806255,0.04372103280967903,0.8758093783319555,0.9989629752902275,0.001037024709772516
113.08261279731028,0.2956867275390919,33.88758592912283,1309.127172457355,0.17775795572988656,0.14665736519576486,-7.861495288117257,0.43094313471293244,0.0011926888814060767,,0.6685408124687087,,0.09946454191896686,,,0.22202194914249804,0.008864119002621119,,,2.8955441869645844,0.9856224251303064,0.04235948241140353,0.8727514483049034,0.9988914225327946,0.001108577467205385
110.43946887943065,0.29553506567950577,32.803044614294315,1304.3389669244918,0.17757586016655322,0.14541390635765566,-7.864523070144793,0.42811271604348455,0.0012048623794532617,,0.6627852968252866,,0.10174171938036249,,,0.22521220249169235,0.009074205670121039,,,2.828953254375406,0.9851168855983526,0.04100380576786789,0.8695593112829946,0.9988134243674626,0.0011865756325374344
107.79632496155074,0.2953740549544127,31.723449751091135,1299.3369298230264,0.17738429587256477,0.14411417770032847,-7.867696861744091,0.42513628780227375,0.0012175574419148788,,0.6568401638723431,,0.10412453669571396,,,0.22846940536606283,0.009294169386918311,,,2.762576919339944,0.9845801831813757,0.03965431218886392,0.8662246198820176,0.9987282753210383,0.0012717246789617498
105.15318104367111,0.29520285575361377,30.649066738493993,1294.1075679922417,0.1771825527266643,0.142754670075064,-7.871027826366673,0.4220026865377804,0.001230810133801471,,0.6506968022367119,,0.1066204092159118,,,0.23179325051575397,0.009524715468790424,,,2.6964291679732906,0.9840095191787126,0.03831133342311749,0.8627383786614945,0.998635177437168,0.001364822562831991
102.5100371257912,0.29502052962137715,29.58018030180058,1288.6363251343944,0.17696985257526207,0.1413316186202743,-7.874528222773577,0.41869965348896265,0.0012446597621315664,,0.644346137017261,,0.10923745123039921,,,0.23518302258250665,0.009766621552848857,,,2.6305248953993376,0.9834017654045906,0.036975225377250724,0.8590908834229296,0.9985332323830157,0.001466767616984277
99.86689320791157,0.294825977218223,28.51685548146381,1282.899223603692,0.17674601407593435,0.1398454331469044,-7.878201291441391,0.41522394817923747,0.0012591471858730545,,0.6377732069458546,,0.11198452458864049,,,0.23862806763056177,0.010040682292238529,,,2.5647501229802803,0.9827532573940767,0.03564606935182976,0.855266149069128,0.9984264814572954,0.0015735185427045995
97.22374929003166,0.2946180816409273,27.459761448517707,1276.8939605395344,0.17650856436057816,0.1382816094241936,-7.882085243451457,0.4115373595272578,0.0012743326189197245,,0.6309753677215888,,0.1148714474077444,,,0.24214259599694177,0.01030793232270659,,,2.4994020488745385,0.9820602721364243,0.03432470181064713,0.8512626403596896,0.9982973434489815,0.0017026565510185332
94.58060537215204,0.29439553509044836,26.409373277641155,1270.598127290454,0.17625757791887928,0.13664285002357365,-7.886179609896578,0.40764035644022556,0.0012902426545637672,,0.6239450360891939,,0.11790899453955182,,,0.24572066103882884,0.010589363214676515,,,2.4343372363465443,0.9813184503014946,0.033011716597051446,0.8470654181936359,0.9981640548822511,0.0018359451177488717
91.93746145427241,0.29415676964517057,25.365746929337675,1263.9884642010227,0.17599159497801165,0.1349220752784686,-7.890507400671075,0.4035099290238149,0.0013069536677470677,,0.6166635717935566,,0.12110898529649852,,,0.2493558453387806,0.01088615362111208,,,2.369577448137393,0.9805225654839019,0.03170718366167209,0.8426589761340151,0.9980145560499478,0.0019854439500521792
89.2943175363925,0.29390010382473786,24.329418032080103,1257.0447323807348,0.17570944517402032,0.13311453790220065,-7.8950873519092415,0.39912734114373727,0.0013245194905860537,,0.6091222026669744,,0.12448455766316938,,,0.2530439640864783,0.011199524349819752,,,2.305155015442575,0.9796670127491263,0.030411772540100128,0.8380298215871566,0.9978502487664418,0.002149751233558206
86.65117361851287,0.29362358527817733,23.30078386667746,1249.7431499340564,0.17540970587737448,0.13121435449294713,-7.899942211586497,0.3944698448245685,0.0013430112669238442,,0.6013074749356312,,0.128050238203986,,,0.2567796868260745,0.01153089827962655,,,2.2410874125549163,0.9787452842605912,0.029125979833346825,0.8331620999560376,0.9976682982453182,0.002331701754681781
84.00802970063296,0.293324997218629,22.280324938021575,1242.0584727515022,0.17509083714271606,0.12921547602227113,-7.905096712122018,0.3895127076471363,0.0013625038855295908,,0.5932064841452066,,0.13182217077555655,,,0.2605562855803349,0.01188183508623361,,,2.177398972999157,0.9777499907287633,0.02785040617252697,0.8280389818343348,0.9974667755873318,0.0025332244126682335
81.36488578275333,0.2930534834980492,21.431876696101607,1236.3267844826842,0.17495098506772708,0.1283461090574054,-7.907509074199644,0.38729770892759685,0.001369134410278169,,0.5893111249840536,,0.1358635305417262,,,0.26608737025101226,0.012207887535335695,,,2.117575159819927,0.9768449449934974,0.02678984587012701,0.8242178563217895,1.0034699133121276,-0.003469913312127648
78.72174186487342,0.2926723951724959,20.32781505512341,1226.4592657181404,0.17449456742838101,0.12553977780684522,-7.914788881447715,0.3802152650376138,0.001399087748734604,,0.5778305282738061,,0.1400769721092052,,,0.26964278776608824,0.012648022295973749,,,2.0469335439817167,0.9755746505749863,0.025409768818904263,0.8176395104787603,1.0001983104450733,-0.00019831044507334639
76.0785979469938,0.29229706626200525,19.345502015124072,1217.657485856048,0.17411304086054757,0.1232300660833539,-7.9209289817146615,0.37427252812875444,0.0014207134914483155,,0.5691663984556681,,0.14459130141550353,,,0.2732720511831068,0.013054172675715752,,,1.9878249040028695,0.9743235542066842,0.02418187751890509,0.8117716572373653,1.0000839237299943,-8.392372999432851e-05
73.43545402911417,0.29188221582872054,18.360184972458942,1208.1756718384286,0.17370362090381813,0.12078787518286767,-7.927509839967757,0.3678890332337472,0.001444967731553218,,0.5597563774582913,,0.14939272502465387,,,0.27723106060998975,0.013503762296918452,,,1.9253159007977603,0.9729407194290685,0.02295023121557368,0.8054504478922857,0.9998839253898534,0.00011607461014662146
70.79231011123426,0.2914280260301824,17.385758095081847,1198.140045356665,0.17326224499003898,0.11819698681631399,-7.934596756256524,0.36099948030306717,0.0014707514685894788,,0.5499759618792869,,0.1545147558437381,,,0.28111408330541793,0.01398275730900691,,,1.863713487186698,0.9714267534339415,0.021732197618852308,0.7987600302377766,0.9995875583374497,0.00041244166255027803
68.14916619335463,0.29092881242931234,16.422392023476732,1187.4995030587093,0.1727867621475505,0.11545420268968322,-7.942226128053283,0.3535674718643964,0.0014982851002801976,,0.539785634405326,,0.15998895770301066,,,0.2849434538197667,0.014495793898869859,,,1.8026549242219818,0.9697627080977078,0.020527990029345914,0.7916663353724729,0.9992138398269733,0.0007861601730266843
65.50602227547472,0.29044753313595056,15.588838844386531,1178.6987191547157,0.17248716613039383,0.11375156294506487,-7.947140029027786,0.34885093424798086,0.0015130395785928662,,0.5332187531014315,,0.16592616592322235,,,0.2907852034567263,0.014989738216658633,,,1.7438275032719714,0.968158443786502,0.019486048555483165,0.7857991461031438,1.004919860698039,-0.004919860698038958
62.86287835759509,0.28978341593211165,14.555126714734497,1164.7778501273801,0.1717987265604302,0.10991328502923424,-7.958110372081503,0.338077954552352,0.001556327870175905,,0.518886408373865,,0.17215798051525452,,,0.29373906056712645,0.015648501249997213,,,1.677140494356959,0.9659447197737056,0.018193908393418123,0.7765185667515867,1.0004319507062431,-0.0004319507062431338
60.21973443971518,0.28911698260069085,13.64216870117271,1152.307249024746,0.1711996738262866,0.10665667735466355,-7.967718601570454,0.3286670884214873,0.0015881653227651357,,0.5078401670665065,,0.17894048997137796,,,0.29677323159264574,0.01626177366893248,,,1.6223111106764088,0.9637232753356362,0.017052710876465888,0.768204832683164,0.9998156622994626,0.00018433770053738474
57.576590521835556,0.28846058910903,12.84558763444781,1141.8061768260961,0.1708184198082476,0.10462401288157896,-7.9739438732563634,0.32263918009366677,0.0016061958470416366,,0.5002946573296372,,0.18635964075364994,,,0.3029856910517282,0.016878400405953665,,,1.5640850932960269,0.9615352970301,0.016056984543059764,0.7612041178840641,1.006518389540969,-0.006518389540969061
54.93344660395593,0.2875356022960592,11.854888913025624,1124.9102697456308,0.16995048746690075,0.10011099322432578,-7.987815443106714,0.3089649736014026,0.0016604073560362444,,0.4840004721041779,,0.19415176758578614,,,0.3052053071564949,0.017715326766089078,,,1.4988217576093659,0.9584520076535307,0.01481861114128203,0.7499401798304205,1.001072873612548,-0.001072873612548042
52.29030268607602,0.2867175867683203,11.093948114467757,1113.1752188732953,0.1694673962148609,0.09766705210884685,-7.995678381286595,0.30129939877961043,0.0016798318884583545,,0.47601862619095053,,0.20288584593574882,,,0.31049210646946357,0.018405078077328163,,,1.4473174248873146,0.9557252892277345,0.013867435143084696,0.7421168125821969,1.007801656673491,-0.007801656673491086
49.64715876819639,0.28535552755838484,10.002856223667306,1080.8059730132363,0.16804421096955902,0.09074404115685222,-8.018425093005526,0.27875005041876655,0.001772213570997299,,0.45206329814387247,,0.21178684742996395,,,0.3240042244656145,0.020573014720204896,,,1.311936038526588,0.9511850918612829,0.012503570279584132,0.7205373153421576,1.0084273847596559,-0.008427384759655876
47.00401485031648,0.28401914750259866,9.10999302733421,1052.6446457428497,0.16659580971496596,0.0841114782187707,-8.041726664233748,0.255645842548633,0.0018359633054731725,,0.4350432953802934,,0.22175265010421588,,,0.3306049292688715,0.022532809142979792,,,1.2319365733517804,0.9467304916753289,0.011387491284167764,0.7017630971618998,1.0099336838963604,-0.009933683896360401
44.36087093243685,0.2824573503593195,8.23594071770411,1022.8642842688271,0.16507492800878976,0.07757890327344139,-8.066354091611219,0.2312157785292488,0.0019096513247621966,,0.4168505921028157,,0.23256301390876377,,,0.33728530534291107,0.0247486303055935,,,1.1514130335768638,0.9415245011977318,0.010294925897130137,0.6819095228458847,1.011447541660084,-0.011447541660084104
41.71772701455694,0.2806839963037202,7.411693215087874,992.538618747722,0.1634682527722435,0.07113845464465025,-8.092552142363658,0.20521509113489778,0.001985326233628363,,0.3990235707505809,,0.2444155712835551,,,0.34224490428894877,0.02714167695775804,,,1.080232988983647,0.9356133210124007,0.009264616518859842,0.6616924124984813,1.0128257232808426,-0.012825723280842638
39.074583096677316,0.27852640466432155,6.588964271841386,957.7751789131088,0.16159166016506288,0.06418621427220357,-8.123367646815298,0.17459695004134446,0.002081399095694338,,0.37881718353799043,,0.2572260909285421,,,0.34550853108968166,0.030008768805179532,,,1.0087875675609437,0.9284213488810719,0.008236205339801732,0.6385167859420725,1.0115605743613938,-0.011560574361393794
36.431439178797405,0.2761254000847248,5.845860163551761,924.2040545085069,0.15967487912340678,0.05768408638737395,-8.155134504823309,0.14302745539142236,0.0021697539757468015,,0.3606123974432629,,0.2714851471575628,,,0.3459115689134109,0.032952338667021706,,,0.9518256825947589,0.920418000282416,0.007307325204439701,0.6161360363390046,1.0109614521812582,-0.010961452181258213
33.78829526091778,0.2735024657889006,5.186689598950232,894.7497366908577,0.15795806506712093,0.052343312851384986,-8.183876172463586,0.11448315110923168,0.00224146968514174,,0.3451227186341482,,0.2875795522360039,,,0.3458192507246126,0.03569515067742681,,,0.9046125581782646,0.911674885963002,0.00648336199868779,0.5964998244605718,1.0142166722721915,-0.014216672272191477
31.14515134303815,0.2700484226776625,4.492732624439516,856.4714388098134,0.15591611807942876,0.046546626014680334,-8.218339856877371,0.0802168300535353,0.002362102478106909,,0.32435266855413725,,0.30468876033472414,,,0.34559974661658976,0.03918546677043441,,,0.8429447319429534,0.9001614089255416,0.005615915780549395,0.5709809592065422,1.0138266422758855,-0.013826642275885481
28.50200742515824,0.26639811801172414,3.9129186009370214,825.3297265256322,0.15397303892286593,0.04155254524138297,-8.251488495382992,0.04726555490600148,0.0024405466545913,,0.3088669811390872,,0.3246453819720627,,,0.34092379400687833,0.04219713392332457,,,0.8061866596735658,0.8879937267057472,0.004891148251171277,0.5502198176837548,1.0166332910413527,-0.016633291041352694
25.858863507278613,0.26172867333072874,3.332325273419911,789.0666606154393,0.15199936259297922,0.03696184947216159,-8.285504295625067,0.013447118022014592,0.0025579993128399536,,0.28996572858807296,,0.34624787538181867,,,0.3380063821852159,0.045449332045697566,,,0.7561909180820248,0.8724289111024291,0.004165406591774889,0.5260444404102929,1.0196693182008052,-0.019669318200805197
23.215719589398702,0.2557154656472664,2.7644756839137488,744.209636553596,0.14961259504274588,0.032005818463229384,-8.327067865960414,-0.02791908895524564,0.002722177588430629,,0.2679683015345121,,0.36934769047936705,,,0.33114631457576243,0.049129556641577504,,,0.7046681680767476,0.852384885490888,0.003455594604892186,0.4961397577023974,1.017591863231219,-0.017591863231219085
20.572575671519076,0.24870826801985477,2.271105332461333,701.7520031636423,0.1470752498553537,0.027385290636565685,-8.3718365836506,-0.072490443287343,0.0028690394120762007,,0.2485466114351032,,0.39583442867126795,,,0.319206604209531,0.05238150062057853,,,0.6688766626389695,0.8290275600661826,0.0028388816655766664,0.4678346687757615,1.0159691449364807,-0.015969144936480717
17.929431753639165,0.23999315573564275,1.8204092647081256,658.1254568856906,0.14420529895815923,0.02287641688657613,-8.423211396352224,-0.12366789263088052,0.003043008791409548,,0.2286410753639731,,0.42503246139430056,,,0.30907420103483924,0.05353355107147717,,,0.6305465728072346,0.7999771857854758,0.002275511580885157,0.4387503045904604,1.01628128886459,-0.016281288864590016
15.286287835759538,0.23018485435904143,1.4500936654835406,627.4108202191751,0.14178419938250506,0.01959749414511476,-8.467254815562214,-0.16751394848278167,0.0031380450396053436,,0.21378903252142017,,0.4613365910565927,,,0.2962749693440912,0.05529103219890915,,,0.6081049691469426,0.7672828478634715,0.0018126170818544257,0.4182738801461167,1.0266916251210132,-0.026691625121013196
12.643143917879911,0.2174396907721427,1.1052547913353215,596.4358047130373,0.13961949335123425,0.017026726958080995,-8.50719383744618,-0.20725560700866197,0.003276870838802405,,0.19699456711315141,,0.5016295904878063,,,0.29023061747024936,0.05591518780221279,,,0.5691086360503224,0.7247989692404757,0.001381568489169152,0.3976238698086916,1.04476996287342,-0.044769962873419944
10.0,0.19485493057930908,0.7105783098871106,497.31475647232037,0.13717949159296128,0.014492893318372946,-8.552800889451149,-0.2526652956555413,0.004037064974253318,,0.15955787251794817,,0.5166015528036503,,,0.2868666968677859,0.052698075029740894,,,0.46988935756297845,0.6495164352643636,0.0008882228873588882,0.3315431709815469,1.0157241972191253,-0.015724197219125324
