P_bars,H2OT_m_wtpc,CO2T_m_ppmw,ST_m_ppmw,Fe3Fet_m,S6St_m,logfO2,dFMQ,vapor_wt,O2_v_mf,CO2_v_mf,CO_v_mf,H2O_v_mf,H2_v_mf,S2_v_mf,SO2_v_mf,H2S_v_mf,CH4_v_mf,OCS_v_mf,CS_v_mf,H2OT_m_wtpc_norm,CO2T_m_ppmw_norm,ST_m_ppmw_norm,SUM_v_mf,XO2_BYDIFF_v_mf
1968.4530147835103,0.2,1100.0,1419.9999999999998,0.10239023697463111,0.003721871432752416,-10.583836375030996,-1.1999999999999993,0.0,,0.9960489022544797,,0.003951097745520314,,,0.0,0.0,,,,1.0,1.0,1.0,1.0,0.0
1965.1834771962253,0.2,1056.6457879129857,1418.82448444912,0.12477103592670377,0.02174707623760598,-10.090188550033291,-0.7060902596000442,4.593742273950018e-05,,0.9586584273652698,,0.003957384925452254,,,0.037658347966101714,0.0,,,25.456730821761205,1.0,0.9605870799208961,0.9991721721472678,1.000274160256824,-0.00027416025682391876
1961.9139396089408,0.2,1054.2365660222445,1418.7488711472922,0.12486690069385623,0.02189693475189168,-10.088581535392459,-0.7042213295569599,4.761363090381277e-05,,0.9583403235246583,,0.00396362051774524,,,0.010219369596218117,0.027650316347705615,,,25.306265410907795,1.0,0.9583968782020404,0.9991189233431637,1.0001736299863273,-0.00017362998632730609
1958.644402021656,0.2,1051.9221963174432,1418.6832576413992,0.12486352627721536,0.021891644346778847,-10.08898746215822,-0.7043653409204698,5.003442085280278e-05,,0.9581064655902417,,0.00396988310713334,,,0.01022215599414149,0.02769456631901669,,,25.268704865287145,1.0,0.9562929057431302,0.9990727166488729,0.9999930710105331,6.928989466858937e-06
1955.3748644343716,0.2,1049.8072787889334,1418.6234070483542,0.12486060270458654,0.021887061685449294,-10.089384261552949,-0.7045002249129482,5.223757031534802e-05,,0.9580527125731868,,0.003976166315368484,,,0.010225493883464687,0.0277395127455773,,,25.235151989682727,1.0,0.9543702534444849,0.9990305683439116,0.9999938855175973,6.114482402730381e-06
1952.1053268470869,0.2,1047.6924200718397,1418.5633862839259,0.12485767770263607,0.02188247763017654,-10.089781104404457,-0.7046351523622043,5.4440911264057445e-05,,0.9579978054504067,,0.0039824705577227,,,0.01022889236639507,0.02778470615713007,,,25.201450077333224,1.0,0.9524476546107634,0.998988300199948,0.9999938745316544,6.125468345552498e-06
1948.8357892598024,0.2,1045.578688788878,1418.5032260313965,0.12485475290096115,0.02187789473526342,-10.090177957668216,-0.7047700902237111,5.664327564787629e-05,,0.9579427176534434,,0.00398879593843443,,,0.010232313070567548,0.027830039851643614,,,25.167722016849858,1.0,0.9505260807171618,0.9989459338249272,0.999993866514089,6.133485911052894e-06
1945.5662516725174,0.2,1043.4660803706765,1418.4429254001927,0.12485182828285603,0.02187331297423599,-10.090574821682814,-0.7049050388360598,5.884466943019482e-05,,0.9578874445093745,,0.003995142563894116,,,0.010235756312638872,0.027875515070190003,,,25.133967190109352,1.0,0.948605527609706,0.9989034685916852,0.9999938584560975,6.141543902549174e-06
1942.296714085233,0.2,1041.3545944110886,1418.3824836167908,0.12484890383681772,0.021868732328788047,-10.090971696681367,-0.7050399984323601,6.104509402137834e-05,,0.9578319851405221,,0.004001510541190544,,,0.010239222181641078,0.02792113250384148,,,25.100185599294562,1.0,0.9466859949191714,0.9988609039554867,0.9999938503671952,6.149632804763883e-06
1939.0271764979482,0.2,1039.2442304904853,1418.3218999022397,0.12484597955120931,0.021864152780417128,-10.091368582899714,-0.7051749692484552,6.324455085238269e-05,,0.9577763386507512,,0.004007899978143879,,,0.010242710780480462,0.0279668928376233,,,25.06637724440971,1.0,0.9447674822640775,0.9988182393677746,0.9999938422469988,6.157753001168054e-06
1935.7576389106637,0.2,1037.1349881887838,1418.2611734724492,0.12484305541431746,0.021859574310514735,-10.091765480575269,-0.7053099515217607,6.544304136216467e-05,,0.9577205041382876,,0.004014310983294878,,,0.010246222213565342,0.028012796760114714,,,25.03254212548269,1.0,0.9428499892625307,0.9987754742763728,0.9999938340952624,6.165904737565064e-06
1932.488101323379,0.2,1035.0268670871974,1418.200303538278,0.1248401314144519,0.02185499690052185,-10.092162389944999,-0.7054449454892389,6.764056699058451e-05,,0.9576644806954208,,0.004020743665924097,,,0.01024975657100797,0.02805884497970144,,,24.99868024228847,1.0,0.9409335155338158,0.998732608125548,0.9999938259120543,6.174087945676199e-06
1929.2185637360942,0.2,1032.9198667665064,1418.1392893052969,0.12483720753973646,0.021850420531602337,-10.092559311249653,-0.7055799513916412,6.983712919008193e-05,,0.957608267408488,,0.0040271981360418645,,,0.010253313964503501,0.02810503818785898,,,24.964791594925412,1.0,0.939018060696824,0.9986896403558431,0.9999938176968924,6.182303107560294e-06
1925.9490261488097,0.2,1030.8139868089766,1418.078129973953,0.12483428377832408,0.021845845184979243,-10.092956244729418,-0.705714969469156,7.203272941294517e-05,,0.9575518633579491,,0.004033674504414002,,,0.010256894490662537,0.028151377096764425,,,24.930876183228353,1.0,0.9371036243717968,0.9986465704041925,0.9999938094497901,6.190550209894674e-06
1922.679488561525,0.2,1028.709226796227,1418.0168247392828,0.12483136011828234,0.021841270841755966,-10.093353190626225,-0.7058499999637107,7.422736912312855e-05,,0.9574952676180644,,0.0040401728825492055,,,0.010260498248600508,0.028197862421300526,,,24.89693400705549,1.0,0.9351902061783882,0.9986033977037204,0.9999938011705146,6.198829485382085e-06
1919.4099509742405,0.2,1026.6055863103527,1417.955372791122,0.12482843654754545,0.021836697482840867,-10.09375014918473,-0.7059850431199646,7.642104978832906e-05,,0.9574384792571884,,0.004046693382725059,,,0.010264125350156462,0.028244494868641924,,,24.86296506645036,1.0,0.9332778057366843,0.998560121683889,0.9999937928587117,6.207141288294693e-06
1916.1404133869555,0.2,1024.5030649341093,1417.893773313898,0.12482551305410589,0.021832125089247614,-10.094147120648433,-0.7061200991814172,7.861377288123728e-05,,0.9573814973374318,,0.004053236117974821,,,0.010267775887644987,0.028291275171361742,,,24.82896936110683,1.0,0.931366422667372,0.9985167417703509,0.9999937845144133,6.215485586658076e-06
1912.870875799671,0.2,1022.4016622506942,1417.832025486595,0.12482258962574158,0.021827553641668374,-10.094544105265197,-0.7062551683959288,8.080553988501852e-05,,0.9573243209148473,,0.0040598012021061235,,,0.010271449976363593,0.028338204043861937,,,24.79494689108989,1.0,0.9294560565915402,0.9984732573849262,0.999993776137179,6.22386282100873e-06
1909.6013382123863,0.2,1020.3013778438757,1417.7701284828026,0.12481966625027473,0.021822983120878523,-10.094941103282013,-0.7063902510104931,8.299635228527909e-05,,0.9572669490392662,,0.004066388749708388,,,0.010275147715623868,0.028385282222415605,,,24.76089765616845,1.0,0.9275467071307961,0.9984296679456358,0.9999937677270142,6.2322729857955395e-06
1906.3318006251018,0.2,1018.2022112973001,1417.7080814705791,0.12481674291537044,0.02181841350742201,-10.095338114949072,-0.7065253472753028,8.518621157645207e-05,,0.9572093807541845,,0.004072998876147872,,,0.010278869217835085,0.02843251043534846,,,24.726821656315355,1.0,0.9256383739066365,0.9983859728666052,0.9999937592835159,6.240716484140485e-06
1903.062263037817,0.2,1016.1041621945963,1417.6458836123963,0.1248138196087456,0.02181384478193806,-10.095735140515545,-0.7066604574395239,8.737511925878707e-05,,0.9571516150967162,,0.004079631697589327,,,0.010282614578571686,0.028479889433825834,,,24.692718891188964,1.0,0.9237310565405421,0.9983421715580257,0.999993750806703,6.24919329694773e-06
1899.7927254505325,0.2,1014.0072301212512,1417.5835340651734,0.12481089631790993,0.021809276924756364,-10.096132180234815,-0.7067955817565412,8.956307683982592e-05,,0.9570936510976576,,0.004086287330989234,,,0.010286383913880415,0.028527419953583485,,,24.658589360780276,1.0,0.9218247546556829,0.9982982634261786,0.9999937422961107,6.257703889289701e-06
1896.5231878632476,0.2,1011.9114146616666,1417.5210319801909,0.12480797303042504,0.021804709916302085,-10.096529234359238,-0.7069307204787147,9.175008583169878e-05,,0.9570354877814513,,0.0040929658941189105,,,0.010290177323794133,0.028575102752461567,,,24.624433064773957,1.0,0.9199194678742424,0.998254247873374,0.9999937337518259,6.266248174124911e-06
1893.2536502759629,0.2,1009.8167154013508,1417.45837650302,0.12480504973364084,0.021800143736684204,-10.096926303145484,-0.7070658738627085,9.3936147756292e-05,,0.9569771241659217,,0.004099667505553167,,,0.010293994927310188,0.028622938574484648,,,24.590250003171146,1.0,0.9180151958194098,0.9982101242979016,0.9999937251732697,6.274826730323646e-06
1889.9841126886784,0.2,1007.7231319260542,1417.3955667734567,0.12480212641498074,0.021795578366140968,-10.09732338684875,-0.7072010421637227,9.612126414034722e-05,,0.9569185592625515,,0.004106392284684423,,,0.010297836824708377,0.028670928188659163,,,24.556040175620083,1.0,0.9161119381145947,0.9981658920939838,0.9999937165606035,6.283439396459478e-06
1886.7145751013936,0.2,1005.6306638222198,1417.3326019255417,0.12479920306167794,0.02179101378462821,-10.097720485728118,-0.7073362256408409,9.830543651891943e-05,,0.9568597920760031,,0.004113140351735954,,,0.010301703132634564,0.028719072352947333,,,24.52180358203186,1.0,0.9142096943838363,0.9981215506517901,0.999993707913321,6.292086679016151e-06
1883.4450375141091,0.2,1003.5393106760287,1417.2694810874782,0.12479627966097978,0.021786449972138668,-10.098117600042398,-0.7074714245528693,0.00010048866643178208,,0.9568008216043847,,0.00411991182776556,,,0.010305593957200942,0.028767371841981637,,,24.487540222104187,1.0,0.9123084642509351,0.9980770993573792,0.999993699231333,6.300768667033552e-06
1880.1754999268244,0.2,1001.4490720741717,1417.2062033815334,0.12479335620002528,0.021781886908510597,-10.09851473005262,-0.70760663916084,0.00010267095542808207,,0.956741646839158,,0.004126706834666467,,,0.010309509409435948,0.028815827431215205,,,24.453250095603142,1.0,0.9104082473401561,0.9980325375926293,0.9999936905144756,6.309485524380598e-06
1876.9059623395399,0.2,999.3599476046604,1417.1427679240664,0.12479043266582891,0.021777324573402822,-10.098911876022365,-0.7077418697283342,0.0001048523050634134,,0.9566822667649327,,0.004133525495182008,,,0.010313449607218606,0.02886443989497665,,,24.41893320239537,1.0,0.908509043276964,0.9979878647352582,0.99999368176231,6.318237690039474e-06
1873.6364247522552,0.2,997.2719368547079,1417.0791738254431,0.12478750904541627,0.021772762946506454,-10.099309038215008,-0.7078771165187252,0.00010703271689899225,,0.9566226803596555,,0.004140367932911773,,,0.010317414658652747,0.028913210023642392,,,24.38458954214362,1.0,0.906610851686098,0.997943080158763,0.9999936729748624,6.3270251375868725e-06
1870.3668871649706,0.2,995.1850394129536,1417.0154201899516,0.12478458532568737,0.02176820200733172,-10.09970621689649,-0.708012379797955,0.0001092121925053351,,0.956562886594168,,0.004147234272314489,,,0.010321404678659682,0.028962138606598704,,,24.350219114606436,1.0,0.9047136721935942,0.9978981832323605,0.9999936641517408,6.335848259153565e-06
1867.0973495776857,0.2,993.0992548671006,1416.951506115795,0.12478166149347052,0.021763641735292046,-10.10010341233423,-0.7081476598334451,0.00011139073345949644,,0.9565028844325498,,0.004154124638721786,,,0.010325419782025398,0.029011226439446702,,,24.315821919521905,1.0,0.9028175044246369,0.9978531733209826,0.9999936552927438,6.34470725624503e-06
1863.8278119904012,0.2,991.0145828068132,1416.8874306950486,0.12477873753552586,0.0217590821097098,-10.100500624797052,-0.7082829568940152,0.00011356834134418674,,0.956442672831903,,0.004161039158344284,,,0.010329460083413832,0.029060474324049092,,,24.281397956598088,1.0,0.9009223480061939,0.9978080497852456,0.9999936463977103,6.353602289732585e-06
1860.5582744031165,0.2,988.9310228213769,1416.8231930135019,0.12477581343854471,0.021754523109815283,-10.100897854555198,-0.7084182712499096,0.00011574501775286974,,0.9563822507421504,,0.004167977958272958,,,0.010333525697370727,0.029109883068577376,,,24.246947225509704,1.0,0.8990282025648881,0.9977628119813395,0.9999936374663716,6.3625336284012235e-06
1857.288736815832,0.2,986.8485745001778,1416.7587921507914,0.12477288918906528,0.021749964714615374,-10.10129510188204,-0.7085536031745008,0.00011792076428356937,,0.9563216171062495,,0.004174941166497313,,,0.010337616746801614,0.029159453478801833,,,24.21246972607925,1.0,0.8971350677274345,0.9977174592611209,0.9999936284983502,6.371501649837796e-06
1854.0191992285472,0.2,984.7672374336596,1416.6942271801777,0.12476996477363299,0.021745406903143943,-10.10169236705082,-0.7086889529410296,0.00012009558254233522,,0.9562607708600712,,0.004181928911907389,,,0.010341733346409183,0.029209186375257483,,,24.177965457936374,1.0,0.8952429431215088,0.9976719909719562,0.9999936194936453,6.380506354708437e-06
1850.7496616412623,0.2,982.687011212422,1416.629497168492,0.12476704017871185,0.021740849654323168,-10.102089650336463,-0.7088243208244212,0.00012226947414490863,,0.9561997109318858,,0.00418894132429507,,,0.01034587561151494,0.029259082584175283,,,24.143434420691765,1.0,0.8933518283749291,0.9976264064566847,0.9999936104518711,6.38954812892667e-06
1847.4801240539778,0.2,980.6078954271271,1416.5646011762412,0.12476411539064296,0.021736292946899587,-10.1024869520164,-0.7089597071021085,0.0001244424407118911,,0.9561384362430275,,0.00419597853437817,,,0.01035004366322689,0.0293091429322163,,,24.108876614047524,1.0,0.8914617231155701,0.9975807050536911,0.9999936013728489,6.3986271511273785e-06
1844.210586466693,0.2,978.529889669428,1416.4995382573875,0.12476119039571267,0.021731736759549997,-10.102884272369204,-0.7090951120526601,0.00012661448387300223,,0.9560769457072948,,0.004203040673796476,,,0.010354237620017253,0.02935936825520516,,,24.07429203762627,1.0,0.8895726269722073,0.9975348860967519,0.9999935922563138,6.407743686209777e-06
1840.9410488794085,0.2,976.4529935310209,1416.434307459353,0.1247582651800981,0.02172718107079692,-10.103281611675682,-0.7092305359568858,0.00012878560526591128,,0.9560152382311247,,0.004210127875120006,,,0.01035845760430678,0.029409759391397346,,,24.039680691100536,1.0,0.8876845395736553,0.9974889489150375,0.9999935831019487,6.416898051253561e-06
1837.6715112921238,0.2,974.3772066045619,1416.3689078230066,0.12475533972985306,0.021722625858986908,-10.103678970219166,-0.7093659790981199,0.00013095580653595142,,0.9559533127136446,,0.004217240271866606,,,0.010362703742731771,0.0294603171812396,,,24.00504257421141,1.0,0.8857974605496017,0.9974428928331034,0.9999935739094826,6.426090517375194e-06
1834.4019737048393,0.2,972.3025284823641,1416.3033383824725,0.12475241403107604,0.021718071102551847,-10.104076348282106,-0.7095014417588086,0.0001331250893366318,,0.9558911680462793,,0.004224377998495687,,,0.010366976150828289,0.029511042483288397,,,23.970377686430226,1.0,0.8839113895294219,0.9973967171707554,0.9999935646788917,6.435321108333447e-06
1831.1324361175546,0.2,970.2289587576412,1416.2375981652415,0.12474948806968927,0.021713516779665532,-10.104473746150552,-0.709636924225002,0.00013529345532815258,,0.9558288031127135,,0.0042315411904354705,,,0.010371274953242204,0.029561936153337104,,,23.935686027393704,1.0,0.8820263261433101,0.997350421243128,0.9999935554097282,6.444590271770245e-06
1827.86289853027,0.2,968.1564970238767,1416.1716861919513,0.12474656183154376,0.021708962868406942,-10.10487116411202,-0.7097724267842196,0.0001374609061809527,,0.9557662167891289,,0.004238729984072486,,,0.010375600274490391,0.02961299905405287,,,23.900967596704927,1.0,0.8801422700217061,0.9973040043605292,0.9999935461017446,6.453898255376345e-06
1824.5933609429853,0.2,966.0851428749453,1416.105601476467,0.12474363530241289,0.02170440934675055,-10.105268602455626,-0.709907949725574,0.00013962744357161433,,0.9557034079440017,,0.004245944516772302,,,0.010379952238957626,0.029664232055022315,,,23.86622239393893,1.0,0.8782592207954049,0.9972574658284981,0.9999935367547539,6.463245246113303e-06
1821.3238233557008,0.2,964.0148959054994,1416.0393430257263,0.12474070846793801,0.021699856192481905,-10.105666061473187,-0.7100434933408835,0.0001417930691869066,,0.9556403754379719,,0.004253184926884904,,,0.010384330975926488,0.029715636027606115,,,23.831450418744353,1.0,0.8763771780959085,0.9972108049476948,0.9999935273683893,6.472631610687785e-06
1818.0542857684159,0.2,961.9457557101529,1415.9729098396815,0.12473778131376684,0.021695303383412783,-10.10606354145642,-0.7101790579218665,0.00014395778472017887,,0.9555771181237753,,0.0042604513537523704,,,0.010388736607173184,0.029767211857849835,,,23.796651670576537,1.0,0.8744961415546845,0.9971640210138604,0.9999935179425508,6.482057449241907e-06
1814.7847481811311,0.2,959.877721884289,1415.906300911328,0.12473485382536237,0.02169075089708438,-10.106461042700806,-0.7103146437640007,0.00014612159187362894,,0.9555136348462026,,0.0042677439377237026,,,0.010393169263780998,0.02981896042911554,,,23.76182614906352,1.0,0.8726161108038991,0.9971171133178367,0.9999935084768228,6.491523177221126e-06
1811.5152105938466,0.2,957.8107940234272,1415.8395152264866,0.12473192598817304,0.02168619871103184,-10.106858565502154,-0.7104502511630972,0.00014828449235916062,,0.9554499244420246,,0.0042750628201496405,,,0.010397629071298493,0.02987088263753414,,,23.72697385367865,1.0,0.8707370854758429,0.9970700811454133,0.9999934989710069,6.501028993133318e-06
1808.245673006562,0.2,955.7449717239975,1415.7725517639049,0.12472899778747058,0.021681646802532387,-10.107256110159877,-0.7105858804185701,0.00015044648789584996,,0.9553859857400395,,0.004282408143408292,,,0.010402116163216082,0.029922979378074754,,,23.692094784047644,1.0,0.8688590652036341,0.997022923777398,0.9999934894247386,6.510575261353679e-06
1804.9761354192774,0.2,953.6802545825907,1415.7054094950863,0.12472606920851485,0.021677095148861767,-10.107653676973657,-0.7107215318300977,0.00015260758021160893,,0.9553218175608958,,0.004289780050908381,,,0.010406630667526553,0.029975251558567576,,,23.657188939637443,1.0,0.866982049620537,0.9969756404894976,0.9999934798378984,6.520162101564253e-06
1801.7065978319924,0.2,951.6166421959732,1415.6380873842181,0.12472314023649397,0.02167254372720104,-10.108051266244653,-0.7108572056988418,0.00015476777104332033,,0.9552574187167767,,0.004297178687091685,,,0.010411172711623786,0.030027700094679918,,,23.622256319861343,1.0,0.8651060383599757,0.9969282305522664,0.9999934702101722,6.529789827847132e-06
1798.437060244708,0.2,949.5541341619353,1415.5705843882315,0.12472021085635207,0.021667992514369332,-10.108448878279003,-0.7109929023309416,0.0001569270621370176,,0.9551927880118234,,0.004304604197452738,,,0.010415742435530926,0.03008032589621728,,,23.58729692440214,1.0,0.8632310310563048,0.9968806932311491,0.9999934605410242,6.539458975773904e-06
1795.1675226574232,0.2,947.4927300782771,1415.5028994565278,0.12471728105318851,0.021663441487444146,-10.108846513379717,-0.7111286220294044,0.00015908545524621345,,0.9551279242418012,,0.004312056728543046,,,0.01042033996090542,0.030133129899427534,,,23.552310752477727,1.0,0.8613570273438883,0.9968330277862874,0.9999934508306771,6.5491693228558745e-06
1791.8979850701387,0.2,945.4324295433115,1415.435031531145,0.12471435081172941,0.021658890622940512,-10.10924417185741,-0.7112643651048458,0.0001612429521357252,,0.9550628261938844,,0.004319536427979658,,,0.010424965432000567,0.030186113024455247,,,23.517297803798193,1.0,0.8594840268575559,0.9967852334726374,0.9999934410783199,6.558921680110963e-06
1788.628447482854,0.2,943.3732321561865,1415.366979546519,0.12471142011676654,0.021654339897492863,-10.109641854021385,-0.7114001318665704,0.0001633995545772848,,0.9549974926470133,,0.0043270434444584414,,,0.01042961898133312,0.0302392762111173,,,23.482258077772777,1.0,0.8576120292328968,0.9967373095398022,0.9999934312839222,6.568716077848258e-06
1785.3589098955695,0.2,941.3151375162573,1415.2987424294706,0.12470848895296519,0.02164978928755675,-10.110039560183537,-0.7115359226264708,0.00016555526435310387,,0.9549319223713443,,0.0043345779277610685,,,0.010434300744691306,0.03029262040335642,,,23.44719157384966,1.0,0.8557410341056885,0.9966892552320217,0.9999934214471531,6.578552846914221e-06
1782.0893723082847,0.2,939.2581452231699,1415.2303190991363,0.12470555730494866,0.021645238769540217,-10.110437290656643,-0.7116717376973245,0.00016771008325282117,,0.9548661141283575,,0.0043421400287673466,,,0.010439010854978498,0.03034614655572473,,,23.41209829136941,1.0,0.8538710411119727,0.9966410697881243,0.9999934115678281,6.5884321719389405e-06
1778.819834721,0.2,937.2022548770917,1415.161708466865,0.12470262515723812,0.021640688319710454,-10.110835045755577,-0.7118075773940085,0.00016986401307677776,,0.9548000666707276,,0.004349729899466733,,,0.010443749446252934,0.0303998556292344,,,23.376978229665617,1.0,0.8520020498882652,0.9965927524414544,0.9999934016456816,6.598354318376742e-06
1775.5502971337155,0.2,935.1474660788737,1415.0929094362907,0.1246996924939926,0.02163613791379057,-10.111232825802585,-0.7119434420387645,0.0001720170556361327,,0.9547337787425031,,0.004357347692958322,,,0.010448516672518253,0.030453748571838638,,,23.34183138852496,1.0,0.8501340600717033,0.9965443024199232,0.9999933916798184,6.608320181622496e-06
1772.2807595464305,0.2,933.0937784297068,1415.0239209029828,0.12469675929975552,0.021631587528118043,-10.111630631112144,-0.7120793319460716,0.0001741692127479178,,0.95466724907899,,0.004364993563473416,,,0.010453312654229793,0.03050782637427488,,,23.30665776688098,1.0,0.8482670712997334,0.9964957189457627,0.9999933816709681,6.618329031926606e-06
1769.011221959146,0.2,931.0411915311772,1414.9547417547144,0.12469382555846714,0.021627037138112787,-10.112028462010995,-0.7122152474426731,0.0001763204862424282,,0.9546004764059883,,0.004372667666383171,,,0.010458137548061165,0.030562089997363467,,,23.271457364513424,1.0,0.846401083210161,0.9964470012357145,0.9999933716177961,6.628382203888172e-06
1765.7416843718613,0.2,928.9897049858381,1414.885370871108,0.12469089125433148,0.02162248671962207,-10.112426318820555,-0.7123511888499809,0.00017847087795589298,,0.9545334594408996,,0.004380370158203493,,,0.010462991486574048,0.030616540435038,,,23.23623018057606,1.0,0.844536095441671,0.9963981485007805,0.9999933615207152,6.638479284837295e-06
1762.4721467845768,0.2,926.9393183957661,1414.8158071236546,0.12468795637130971,0.02161793624813486,-10.112824201867195,-0.7124871564943689,0.00018062038973769293,,0.9544661968914178,,0.0043881011966105795,,,0.010467874612557111,0.03067117867855248,,,23.20097621443525,1.0,0.8426721076325147,0.9963491599462359,0.999993351379138,6.648620861970933e-06
1759.202609197292,0.2,924.8900313646683,1414.746049375733,0.1246850208932454,0.021613385698976185,-10.113222111479699,-0.7126231507046228,0.00018276902344476438,,0.9543986874563619,,0.004395860940450096,,,0.010472787071071311,0.030726005724878044,,,23.165695465479708,1.0,0.8408091194224258,0.9963000347716432,0.9999933411927614,6.658807238602016e-06
1755.9330716100076,0.2,922.8418434954683,1414.6760964824052,0.12468208480389455,0.021608835047353975,-10.113620047988658,-0.7127591718113298,0.00018491678094513866,,0.9543309298251482,,0.004403649549750122,,,0.010477729007007946,0.030781022579316447,,,23.13038793305298,1.0,0.8389471304504257,0.9962507721707081,0.9999933309612228,6.669038777218361e-06
1752.6635340227226,0.2,920.794754392856,1414.6059472903817,0.12467914808692288,0.021604284268354933,-10.114018011726523,-0.7128952201469438,0.0001870636641165911,,0.9542629226778683,,0.004411467185727433,,,0.010482700565122162,0.030836230255533052,,,23.095053616460834,1.0,0.8370861403571418,0.9962013713312549,0.9999933206842508,6.6793157491584765e-06
1749.393996435438,0.2,918.7487636611797,1414.5356006379593,0.12467621072590915,0.021599733336949797,-10.114416003027536,-0.7130312960457061,0.0001892096748466029,,0.9541946646851482,,0.0044193140108020985,,,0.01048770189002916,0.030891629775642016,,,23.0596925149654,1.0,0.8352261487828907,0.9961518314351828,0.9999933103616214,6.68963837857639e-06
1746.1244588481534,0.2,916.70387090558,1414.4650553549598,0.12467327270424354,0.021595182227836164,-10.114814022229796,-0.7131673998457142,0.0001913548150335038,,0.9541261545080313,,0.004427190188609175,,,0.01049273313272268,0.030947222163463045,,,23.02430462795051,1.0,0.8333671553687091,0.9961021516584225,0.9999932999928262,6.700007173843225e-06
1742.8549212608687,0.2,914.6600757316636,1414.3943102626165,0.12467033400524044,0.021590630915613154,-10.115212069672967,-0.7133035318866341,0.00019349908658573695,,0.9540573907979962,,0.004435095884009552,,,0.010497794442938168,0.031003008452574324,,,22.988889954732876,1.0,0.8315091597560578,0.9960523311708569,0.9999932895775183,6.710422481681633e-06
1739.5853836735841,0.2,912.6173777455107,1414.3233641734378,0.12466739461223053,0.02158607937492449,-10.115610145696415,-0.7134396925078317,0.00019564249142125728,,0.9539883721968246,,0.00444303126309911,,,0.010502885963587116,0.03105898969222721,,,22.953448494410424,1.0,0.8296521615868279,0.996002369136224,0.9999932791157381,6.7208842619015385e-06
1736.3158460862994,0.2,910.5757765536571,1414.2522158912793,0.1246644545082242,0.021581527579937244,-10.116008250646031,-0.7135758820551956,0.0001977850314704805,,0.953919097336242,,0.004450996493223623,,,0.010508007851832245,0.03111516692534952,,,22.917980246408064,1.0,0.8277961605033246,0.9959522647121687,0.9999932686066475,6.731393352499282e-06
1733.046308499015,0.2,908.5352717634297,1414.1808642111682,0.12466151367623479,0.021576975504842433,-10.116406384867675,-0.7137121008745879,0.00019992670867221798,,0.9538495648384927,,0.00445899174298872,,,0.01051316025878107,0.031171541209893065,,,22.882485209959015,1.0,0.8259411561485724,0.9959020170501186,0.9999932580501555,6.741949844513151e-06
1729.7767709117302,0.2,906.4958629822469,1414.10930791915,0.12465857209921093,0.021572423123750666,-10.116804548708553,-0.7138483493132153,0.00020206752497702914,,0.9537797733155453,,0.004467017182271114,,,0.010518343333688921,0.031228113614510434,,,22.846963384198876,1.0,0.824087148165679,0.9958516252951762,0.9999932474460158,6.752553984190612e-06
1726.5072333244457,0.2,904.4575498181083,1414.0375457923276,0.12465562975989737,0.02156787041047656,-10.117202742520037,-0.7139846277224482,0.0002042074823467528,,0.9537097213692827,,0.004475072982233191,,,0.010523557232292783,0.03128488520988954,,,22.81141476839721,1.0,0.8222341361982802,0.9958010885861464,0.9999932367936982,6.763206301774183e-06
1723.2376957371607,0.2,902.4203318800083,1413.9655765987445,0.12465268664094846,0.021563317338714905,-10.117600966655363,-0.7141209364555223,0.00020634658275357686,,0.9536394075915895,,0.004483159315330554,,,0.010528802110168968,0.0313418570758133,,,22.77583936177568,1.0,0.8203821198909167,0.9957504060554541,0.9999932260929022,6.773907097801235e-06
1719.9681581498762,0.2,900.3842087768426,1413.8933990972735,0.12464974272492227,0.021558763882031488,-10.117999221469756,-0.7142572758676646,0.00020848482818037868,,0.9535688305639995,,0.0044912763553311055,,,0.010534078122738808,0.0313990303012223,,,22.740237163508688,1.0,0.8185310988880387,0.995699576829066,0.9999932153432917,6.7846567083362785e-06
1716.6986205625915,0.2,898.3491801185393,1413.8210120375095,0.12464679799428113,0.021554210013864147,-10.118397507320404,-0.7143936463160614,0.0002106222206215855,,0.9534979888577036,,0.004499424277320885,,,0.01053938542528508,0.03145640598428345,,,22.704608172724036,1.0,0.8166810728350357,0.9956486000264153,0.9999932045445931,6.795455406938267e-06
1713.429082975307,0.2,896.3152455150416,1413.7484141597847,0.12464385243123045,0.02154965570727374,-10.118795824569753,-0.7145300481631587,0.00021275876208377663,,0.953426881033428,,0.004507603257721009,,,0.010544724182327379,0.031513985222624795,,,22.66895238875702,1.0,0.8148320413773106,0.9955974747604119,0.9999931936961012,6.806303898820865e-06
1710.1595453880223,0.2,894.2824045773774,1413.6756041949614,0.12464090601804333,0.021545100935446124,-10.119194173578899,-0.7146664817700543,0.00021489445458244765,,0.9533555056416374,,0.004515813474299666,,,0.010550094548778859,0.031571769133217874,,,22.633269810640172,1.0,0.8129840041612522,0.9955462001372969,0.9999931827979338,6.8172020661894095e-06
1706.8900078007373,0.2,892.2506569166601,1413.6025808643656,0.12463795873678143,0.021540545671261107,-10.11959255471326,-0.7148029475021627,0.000217029300147118,,0.9532838612216353,,0.004524055106180173,,,0.010555496685777972,0.031629758835817964,,,22.59756043752348,1.0,0.8111369608333273,0.9954947752565956,0.9999931718494114,6.828150588611415e-06
1703.6204702134528,0.2,890.2200021447771,1413.5293428797327,0.12463501056946964,0.02153598988756212,-10.119990968339032,-0.7149394457256832,0.00021916330081630365,,0.9532119463023112,,0.004532328333863445,,,0.010560930751093866,0.03168795546314869,,,22.561824268422328,1.0,0.8092909110407065,0.9954431992110795,0.9999931608504172,6.83914958277132e-06
1700.350932626168,0.2,888.1904398740578,1413.4558889432103,0.12463206149770639,0.02153143355655462,-10.120389414831104,-0.7150759768155055,0.00022129645864430518,,0.9531397594016909,,0.004540633339228908,,,0.010566396920446813,0.03174636013854579,,,22.52606130280804,1.0,0.8074458544309616,0.995391471086768,0.9999931497999125,6.85020008750481e-06
1697.0813950388836,0.2,886.1619697177342,1413.382217747008,0.12462911150339685,0.021526876650939022,-10.120787894558164,-0.7152125411403141,0.00022342877569210963,,0.9530672990272354,,0.004548970305561544,,,0.010571895346915636,0.031804974018768306,,,22.490271539478396,1.0,0.8056017906524856,0.9953395899626819,0.9999931386984808,6.86130151916764e-06
1693.8118574515988,0.2,884.1345912888589,1413.3083279735026,0.12462616056808454,0.021522319142878124,-10.12118640789628,-0.7153491390761779,0.00022556025403588342,,0.9529945636744711,,0.004557339417553451,,,0.010577426197890417,0.03186379825518988,,,22.45445497756615,1.0,0.8037587193535081,0.9952875549109175,0.9999931275451048,6.87245489516819e-06
1690.5423198643143,0.2,882.1083042015367,1413.2342182951265,0.1246232086732228,0.021517761004416852,-10.121584955223376,-0.7154857710010241,0.00022769089576283596,,0.9529215518284705,,0.0045657408613258895,,,0.010582989639840102,0.03192283400991835,,,22.418611616149345,1.0,0.8019166401832152,0.9952353649965682,0.9999931163395548,6.8836604452116035e-06
1687.2727822770296,0.2,880.0831080703539,1413.1598873742084,0.12462025580014435,0.021513202207435418,-10.12198353691986,-0.7156224372952558,0.00022982070297238928,,0.9528482619629299,,0.0045741748244362244,,,0.010588585840349716,0.03198208245375747,,,22.38274145428032,1.0,0.8000755527912308,0.9951830192776118,0.9999931050814733,6.894918526678673e-06
1684.003244689745,0.2,878.059002510464,1413.0853338630084,0.12461730192989975,0.021508642723399977,-10.122382153371904,-0.7157591383450477,0.0002319496777775125,,0.9527746925402254,,0.004582641495897791,,,0.010594214976009956,0.032041544757950076,,,22.346844491229408,1.0,0.7982354568276945,0.9951305168049356,0.9999930937700833,6.906229916725515e-06
1680.7337071024604,0.2,876.0359871378397,1413.0105564033324,0.12461434704378568,0.02150408252417845,-10.122780804960712,-0.715895874531606,0.00023407782229993348,,0.9527008420114228,,0.0045911410661908,,,0.010599877205333747,0.032101222122874126,,,22.310920725689122,1.0,0.7963963519434907,0.9950778566220653,0.9999930824058215,6.917594178479369e-06
1677.4641695151759,0.2,874.0140615684238,1412.9355536267922,0.12461139112256367,0.021499521580834697,-10.123179492078387,-0.7160326462470294,0.0002362051386782669,,0.9526267088155039,,0.004599673727276189,,,0.010605572708624379,0.032161115736025404,,,22.274970156934838,1.0,0.7945582377894762,0.9950250377653468,0.99999307098743,6.929012570044968e-06
1674.194631927891,0.2,871.9932254192574,1412.860324154392,0.12460843414720606,0.02149495986478019,-10.123578215112786,-0.7161694538791767,0.00023833162906028893,,0.9525522913803192,,0.0046082396726111,,,0.010611301650180564,0.03222122681205235,,,22.2389927837256,1.0,0.7927211140175068,0.9949720592636565,0.9999930595151632,6.940484836848171e-06
1670.9250943406062,0.2,869.9734783072352,1412.7848665967324,0.12460547609817747,0.021490397346665212,-10.12397697446211,-0.7163062978262502,0.00024045729560973002,,0.9524775881216265,,0.004616839097166884,,,0.010617064214404566,0.032281556554679944,,,22.20298860535961,1.0,0.7908849802793047,0.9949189201385441,0.9999930479878779,6.952012122085627e-06
1667.6555567533217,0.2,867.9548198510238,1412.7091795536228,0.12460251695612887,0.021485833997450052,-10.124375770520807,-0.7164431784826952,0.0002425821404999532,,0.9524025974437753,,0.004625472197436214,,,0.010622860570891113,0.03234210619371832,,,22.16695762065098,1.0,0.7890498362282035,0.9948656194039599,0.999993036405821,6.963594178954757e-06
1664.386019166037,0.2,865.9372496690056,1412.6332616141055,0.12459955670147195,0.021481269787748676,-10.124774603688218,-0.7165800962478546,0.0002447061659192255,,0.9523273177385397,,0.004634139171452838,,,0.010628690895621407,0.03240287696274213,,,22.130899828541736,1.0,0.7872156815172778,0.9948121560662717,0.999993024768356,6.975231643946422e-06
1661.1164815787524,0.2,863.9207673800639,1412.5571113563633,0.12459659531446991,0.02147670468796859,-10.125173474366736,-0.7167170515241228,0.0002468293740682352,,0.95225174738574,,0.004642840218808417,,,0.01063455536634223,0.032463870104077315,,,22.094815227978913,1.0,0.7853825158000581,0.9947585291241997,0.9999930130749681,6.9869250318710385e-06
1657.8469439914675,0.2,861.9053726042441,1412.4807273476285,0.12459363277519134,0.021472138668240555,-10.125572382962739,-0.7168540447178735,0.0002489517671619002,,0.9521758847532676,,0.004651575540663288,,,0.010640454165068177,0.03252508686626496,,,22.05870381798526,1.0,0.783550338731131,0.9947047375687527,0.9999930013252641,6.998674735858579e-06
1654.577406404183,0.2,859.8910649617975,1412.4041081440268,0.12459066906359041,0.021467571698542073,-10.125971329884964,-0.7169910762378464,0.0002510733474276283,,0.9520997281964105,,0.0046603453397696774,,,0.010646387473735341,0.03258652850874525,,,22.02256559752372,1.0,0.7817191499652705,0.9946507803831176,0.9999929895186608,7.01048133922022e-06
1651.3078688168982,0.2,857.8778440737386,1412.3272522903371,0.12458770415973501,0.021463003749049123,-10.12637031553987,-0.7171281464905022,0.0002531941171051337,,0.9520232760580757,,0.004669149820470629,,,0.010652355463285162,0.03264819631353151,,,21.986400565172325,1.0,0.7798889491579442,0.9945966565424911,0.999992977655363,7.022344637008793e-06
1648.0383312296135,0.2,855.8657095613761,1412.250158320358,0.12458473804292206,0.021458434788773316,-10.126769340349613,-0.7172652558979937,0.0002553140784523236,,0.9519465266684295,,0.00467798918873917,,,0.010658358336135411,0.03271009154030793,,,21.95020872040675,1.0,0.7780597359648873,0.9945423650143368,0.999992965733612,7.034266388039612e-06
1644.768793642329,0.2,853.8546610475382,1412.1728247560861,0.12458177069307463,0.02145386478771459,-10.127168404723669,-0.717402404869798,0.00025743323373441203,,0.9518694783456941,,0.004686863652175393,,,0.010664396259463567,0.0327722154972593,,,21.91399006158369,1.0,0.7762315100432166,0.9944879047578072,0.9999929537545924,7.0462454075936876e-06
1641.4992560550445,0.2,851.8446981539668,1412.0952501081263,0.1245788020895501,0.021449293715025346,-10.127567509083034,-0.7175395938269133,0.0002595515852352451,,0.9517921293939008,,0.00469577342003209,,,0.01067046942147429,0.032834569481495525,,,21.87774458762587,1.0,0.7744042710490607,0.9944332747240328,0.9999929417169028,7.058283097216567e-06
1638.2297184677598,0.2,849.8358205048106,1412.0174328756148,0.12457583221138697,0.02144472153939105,-10.127966653855223,-0.7176768231968502,0.0002616691352525396,,0.9517144781052507,,0.004704718703227162,,,0.010676578020169537,0.032897154791097234,,,21.841472297713448,1.0,0.7725780186407369,0.9943784738560669,0.9999929296197446,7.070380255380648e-06
1634.960180880475,0.2,847.8280277239496,1411.9393715457165,0.12457286103779762,0.021440148229789204,-10.128365839464248,-0.7178140934036232,0.00026378588609602104,,0.951636522758991,,0.0047136997143664774,,,0.010682722239583473,0.032959972750411126,,,21.80517319054565,1.0,0.7707527524763178,0.994323501088533,0.9999929174633522,7.082536647828874e-06
1631.6906432931905,0.2,845.8213194361755,1411.8610645937072,0.12456988854778858,0.021435573754904885,-10.128765066338342,-0.7179514048754676,0.0002659018400909377,,0.9515582616204998,,0.004722716667747248,,,0.010688902267783369,0.03302302469106286,,,21.768847264875102,1.0,0.768928472214705,0.9942683553476812,0.9999929052470934,7.0947529066112125e-06
1628.4211057059056,0.2,843.8156952662804,1411.7825104829017,0.12456691472019321,0.02143099808318106,-10.129164334909296,-0.7180887580441695,0.00026801699957694865,,0.9514796929420641,,0.004731769779391637,,,0.010695118295369167,0.03308631195366886,,,21.73249451947656,1.0,0.7671051775148003,0.9942130355513393,0.9999928929704938,7.107029506236984e-06
1625.151568118621,0.2,841.8111548404138,1411.703707664476,0.12456393953371371,0.02142642118288377,-10.129563645611597,-0.7182261533442187,0.0002701313669079093,,0.9514008149624722,,0.004740859267054787,,,0.010701370513370648,0.033149835890175866,,,21.696114953077476,1.0,0.7652828680367398,0.9941575406087861,0.9999928806330735,7.119366926544579e-06
1621.8820305313363,0.2,839.8076977851333,1411.6246545775114,0.1245609629666262,0.02142184302164861,-10.12996299888843,-0.718363591218802,0.00027224494445494745,,0.9513216259071974,,0.004749985350238043,,,0.010707659126472634,0.033213597849910195,,,21.65970856477852,1.0,0.7634615434410302,0.9941018694207828,0.9999928682338183,7.131766181722732e-06
1618.6124929440518,0.2,837.8053237278939,1411.5453496485015,0.12455798499750702,0.021417263567598224,-10.130362395176913,-0.7185010721050329,0.0002743577345993357,,0.9512421239882012,,0.0047591482502228,,,0.010713984320529184,0.03327759921425119,,,21.623275353026006,1.0,0.7616412033889944,0.9940460208792266,0.9999928557732044,7.144226795596786e-06
1615.342955356767,0.2,835.8040322960617,1411.4657912915475,0.12455500560449406,0.021412682788206183,-10.130761834923115,-0.718638596448983,0.00027646973974165216,,0.9511623074028182,,0.004768348190068247,,,0.010720346295178033,0.03334184136202927,,,21.586815316629778,1.0,0.7598218475418742,0.9939899938672871,0.9999928432500936,7.156749906367388e-06
1612.0734177694821,0.2,833.803823118076,1411.3859779081392,0.12455202476559737,0.021408100650775228,-10.131161318575733,-0.7187761646993511,0.00027858096229649645,,0.9510821743350334,,0.004777585394641446,,,0.010726745250114638,0.03340632568426117,,,21.550328454352435,1.0,0.7580034755618873,0.9939337872592532,0.9999928306640506,7.169335949352984e-06
1608.8038801821976,0.2,831.8046958235453,1411.3059078871167,0.12454904245854223,0.021403517122196163,-10.1315608465893,-0.7189137773106662,0.00028069140469463383,,0.9510017229548556,,0.004786860090632939,,,0.010733181392176746,0.03347105357673231,,,21.51381476511788,1.0,0.7561860871123139,0.993877399920505,0.9999928180143975,7.181985602455754e-06
1605.5343425949131,0.2,829.8066500423084,1411.225579604293,0.12454605866118024,0.02139893216958005,-10.131960419415806,-0.7190514347349204,0.000282801069379646,,0.9509209514178698,,0.004796172506582126,,,0.010739654917032045,0.033536026459612206,,,21.47727424742666,1.0,0.754369681856644,0.9938208307072487,0.9999928053010961,7.194698903867369e-06
1602.2648050076284,0.2,827.8096854046228,1411.1449914225132,0.12454307335106753,0.021394345759609953,-10.132360037513298,-0.7191891374301616,0.00028490995881316273,,0.9508398578650135,,0.004805522872880708,,,0.010746166027519358,0.03360124575802906,,,21.44070689994282,1.0,0.752554259458748,0.9937640784665587,0.9999927925234425,7.207476557469228e-06
1598.9952674203437,0.2,825.8138015412683,1411.0641416914548,0.12454008650562017,0.021389757858780296,-10.132759701342694,-0.7193268858573063,0.0002870180754726259,,0.9507584404228738,,0.0048149114218030776,,,0.010752714927005065,0.03366671290928565,,,21.40411272128326,1.0,0.7507398195829712,0.9937071420362359,0.9999927796809677,7.220319032330558e-06
1595.7257298330592,0.2,823.8189980844904,1410.9830287477564,0.12453709810183314,0.021385168432965167,-10.133159411373525,-0.7194646804858849,0.0002891254218518691,,0.9506766972034582,,0.004824338387524373,,,0.0107593018311724,0.03373242935039389,,,21.367491710399893,1.0,0.7489263618949913,0.993650020244899,0.9999927667725488,7.2332274512199035e-06
1592.4561922457744,0.2,821.8252746669523,1410.9016509143642,0.12453410811694665,0.02138057744844248,-10.133559168070361,-0.7196025217804713,0.0002912320004589145,,0.950594626304271,,0.004833804006137658,,,0.01076592693985347,0.03379839654827672,,,21.33084386566452,1.0,0.7471138860608657,0.9935927119115242,0.9999927537985389,7.2462014610863434e-06
1589.18665465849,0.2,819.8326309215731,1410.8200065008255,0.12453111652779122,0.021375984870887835,-10.13395897190615,-0.7197404102140084,0.0002933378138198351,,0.9505122258072072,,0.004843308515673433,,,0.010772590464388224,0.03386461597066281,,,21.294169185749592,1.0,0.7453023917468846,0.9935352158456519,0.9999927407579317,7.259242068347049e-06
1585.9171170712052,0.2,817.8410664822283,1410.73809380302,0.12452812331100585,0.021371390665710262,-10.134358823357767,-0.7198783462633731,0.0002954428644771969,,0.9504294937794905,,0.00485285215612175,,,0.010779292618449302,0.033931089096027336,,,21.257467669343423,1.0,0.7434918786202075,0.9934775308471974,0.999992727650089,7.272349911047193e-06
1582.6475794839207,0.19999994698464038,815.8505809836857,1410.6559111029958,0.1245251284431064,0.021366794798157385,-10.134758722904632,-0.7200163304079883,0.0002975471549903829,,0.9503464282731678,,0.004862435169448856,,,0.010786033615526311,0.03399781741642319,,,21.220739315053006,0.9999997349232018,0.7416823463488053,0.9934196557063352,0.9999927144745662,7.285525433831097e-06
1579.3780418966358,0.19999982679123846,813.8611440518249,1410.5734556908722,0.12452213185648263,0.021362197165808738,-10.135158671923081,-0.7201543640241859,0.00029965071958763134,,0.9502630265088693,,0.004872057838427095,,,0.010792813555671044,0.03406480245666331,,,21.183984147699213,0.9999991339561922,0.7398737673198408,0.9933615885146989,0.9999927003596308,7.299640369162752e-06
1576.108504309351,0.19999970441152118,811.8727476468556,1410.4907255671017,0.12451913351581856,0.021357597715857636,-10.13555867113316,-0.7202924478320121,0.00030175356891699515,,0.9501792864087609,,0.0048817204196543625,,,0.010799632610767655,0.03413204572294339,,,21.147202188881217,0.9999985220576059,0.7380661342244141,0.9933033278641562,0.9999926851621264,7.314837873639846e-06
1572.8389667220665,0.19999957983327177,809.8854283187598,1410.4077201730447,0.12451613345058353,0.02135299649489113,-10.135958719938143,-0.720430581234746,0.0003038556666484739,,0.9500952070097302,,0.004891423113695269,,,0.010806491155372378,0.03419954869297216,,,21.110393409667605,0.9999978991663588,0.7362594802897816,0.9932448733612993,0.9999926699717699,7.3300282300570174e-06
1569.569429134782,0.19999945304356437,807.8991855777623,1410.3244377264266,0.12451313163737077,0.021348393468389164,-10.136358818816046,-0.7205687647103964,0.00030595701560597407,,0.9500107861498087,,0.004901166170659099,,,0.010813389394710328,0.034267312959567454,,,21.073557787186086,0.9999972652178218,0.734453805070693,0.9931862237510048,0.9999926546747455,7.345325254481949e-06
1566.2998915474973,0.1999993240293583,805.9140190623405,1410.240876438094,0.12451012805130106,0.021343788599602127,-10.136758968274851,-0.7207069987669499,0.0003080576184397391,,0.9499260218009831,,0.0049109498427381635,,,0.010820327569232662,0.03433534005442155,,,21.036695320686096,0.9999966201467915,0.7326491082384913,0.9931273777733057,0.9999926392673755,7.36073262452841e-06
1563.0303539602123,0.1999991927774974,803.9299284136089,1410.1570345038722,0.12450712266807913,0.021339181852704742,-10.13715916881072,-0.7208452839005677,0.00031015747780850655,,0.9498409119210344,,0.004920774384232344,,,0.010827305891629672,0.03440363155345195,,,20.999806008316977,0.9999959638874869,0.7308453894669171,0.9930683341576566,0.9999926237503484,7.37624965163608e-06
1559.7608163729278,0.19999905927471112,801.9469132721923,1410.072910104831,0.12450411546291859,0.021334573191148103,-10.137559420929836,-0.7209836206174334,0.00031225659639340456,,0.9497554544498898,,0.004930640051564269,,,0.010834324587907972,0.034472189032591014,,,20.962889848583977,0.9999952963735556,0.7290426484292657,0.9930090916231206,0.9999926081219531,7.391878046880684e-06
1556.491278785643,0.19999892350761234,799.9649732799323,1409.9885014070323,0.12450110641090048,0.021329962578209592,-10.137959725141123,-0.7211220094264679,0.0003143549768926624,,0.949669647311651,,0.004940547103311142,,,0.010841383883891935,0.0345410140824512,,,20.92594683991694,0.9999946175380616,0.7272408847999385,0.9929496488781919,0.9999925923813053,7.407618694665885e-06
1553.2217411983586,0.19999878546269,797.9841080794685,1409.9038065615575,0.12449809548665004,0.021325349976497977,-10.138360081962812,-0.7212604508459073,0.00031645262202495655,,0.9495834884138024,,0.004950495800217167,,,0.010848484017156332,0.034610108295626524,,,20.888976981075185,0.99999392731345,0.7254400982540622,0.9928900046208153,0.9999925765268023,7.42347319770964e-06
1549.9522036110739,0.19999864512633214,796.0043173143978,1409.8188237037239,0.1244950826653062,0.021320735349438943,-10.138760491902735,-0.7213989453835783,0.00031854953452129686,,0.9494969756471107,,0.004960486405226616,,,0.010855625200191368,0.03467947330643303,,,20.85198026987861,0.9999932256316607,0.7236402884676344,0.9928301575378339,0.9999925605589617,7.439441038314953e-06
1546.6826660237894,0.19999850248477635,794.0256006281606,1409.733550954042,0.12449206792069124,0.021316118658471626,-10.13916095549554,-0.7215374935741323,0.00032064571714231644,,0.9494101068845272,,0.004970519183496473,,,0.010862807689647652,0.03474911071660178,,,20.814956705579952,0.9999925124238818,0.7218414551165097,0.9927701063056634,0.9999925444742731,7.455525726896006e-06
1543.4131284365046,0.19999835752418121,792.0479576665749,1409.647986416667,0.12448905122766743,0.02131149986665862,-10.139561473254773,-0.7216760959311124,0.0003227411726550375,,0.9493228799835305,,0.004980594402431952,,,0.010870031697590064,0.03481902219089986,,,20.77790628583547,0.999991787620906,0.7200435978787044,0.9927098495892023,0.9999925282744523,7.4717255477141364e-06
1540.14359084922,0.1999982102305389,790.0713880741615,1409.5621281802826,0.12448603256023061,0.021306878935766264,-10.13996204571164,-0.7218147529857291,0.00032483590385355026,,0.9492352927818798,,0.004990712331695045,,,0.010877297462798533,0.034889209380538126,,,20.740829009109376,0.9999910511526945,0.718246716431056,0.9926493860424527,0.9999925119569114,7.488043088588192e-06
1536.8740532619354,0.19999806058974318,788.0958914977626,1409.4759743179047,0.12448301189179772,0.02130225582670602,-10.140362673409165,-0.7219534652810022,0.0003269299135534355,,0.9491473431015515,,0.005000873243242115,,,0.010884605239860073,0.03495967393507608,,,20.703724874367015,0.9999903029487158,0.7164508104525115,0.9925887143083838,0.9999924955197298,7.504480270204006e-06
1533.6045156746509,0.19999790858754782,786.1214675851226,1409.3895228858466,0.12447998919650119,0.021297630501515865,-10.140763356875865,-0.7220922333454531,0.00032902320458075567,,0.9490590287470746,,0.005011077411343694,,,0.010891955251549549,0.035030417553876904,,,20.666593879376553,0.999989542937739,0.7146558796228387,0.992527833018202,0.9999924789638447,7.5210361553113e-06
1530.334978087366,0.19999775420959323,784.1481159834324,1409.3027719243596,0.12447696444773965,0.021293002921142237,-10.141164096655233,-0.7222310577225688,0.000331115779788529,,0.9489703475034084,,0.005021325112605698,,,0.010899347741543709,0.03510144192942243,,,20.629436022537682,0.9999887710479661,0.7128619236213022,0.9924667407918027,0.9999924622869801,7.537713019867276e-06
1527.0654405000812,0.19999759744139164,782.1758363416743,1409.2157194572983,0.12447393761865581,0.02128837304617191,-10.141564893296007,-0.7223699389610907,0.0003332076420487397,,0.9488812971386419,,0.005031616625999257,,,0.01090678295750608,0.03517274876575895,,,20.592251302318736,0.9999879872069581,0.7110689421287948,0.9924054362375342,0.9999924454879062,7.554512093776999e-06
1523.7959029127967,0.19999743826830485,780.2046283094579,1409.1283634916786,0.12447090868244137,0.02128374083729898,-10.14196574734597,-0.7225088776088029,0.00033529879425139473,,0.9487918754025862,,0.005041952232882772,,,0.010914261139536894,0.035244339791084295,,,20.555039716837832,0.9999871913415243,0.7092769348267799,0.9923439179518865,0.9999924285660902,7.5714339098365e-06
1520.526365325512,0.19999727667558415,778.234491537058,1409.040702017926,0.12446787761171203,0.021279106254368862,-10.142366659364678,-0.7226478742252596,0.0003373892393102709,,0.9487020800262207,,0.005052332217027824,,,0.010921782542738828,0.035316216733559926,,,20.517801264652,0.9999863833779207,0.7074859013973255,0.9922821845196663,0.9999924115195472,7.5884804527914795e-06
1517.2568277382275,0.19999711264833359,776.2654256760126,1408.9527330091946,0.12446484437927825,0.021274469257557767,-10.142767629907762,-0.7227869293660927,0.0003394789801555797,,0.9486119087225019,,0.0050627568646505906,,,0.010929347409690312,0.035388381351212014,,,20.480535943792717,0.9999855632416679,0.7056958415236478,0.9922202345135175,0.9999923943480549,7.6056519451306315e-06
1513.9872901509425,0.1999969461715429,774.2974303778998,1408.864454421408,0.12446180895768716,0.02126982980667205,-10.143168659536267,-0.722926043592345,0.0003415680197405563,,0.9485213591846442,,0.0050732264644281055,,,0.010936955986479303,0.03546083541475635,,,20.443243752317564,0.9999847308577144,0.7039067548889998,0.9921580664939494,0.9999923770503079,7.622949692143166e-06
1510.717752563658,0.19999677723004056,772.3305052954872,1408.7758641935382,0.12445877131868116,0.02126518786032169,-10.143569748827643,-0.7230652174814711,0.00034365636104330676,,0.9484304290872312,,0.00508374130753111,,,0.010944608541823362,0.035533580687110725,,,20.405924689011,0.9999838861502027,0.7021186411777156,0.9920956790095341,0.9999923596236964,7.640376303630347e-06
1507.4482149763733,0.19999660580853654,770.36465008323,1408.6869602466465,0.12445573143438153,0.021260543377729382,-10.143970898351691,-0.7232044516032676,0.0003457440070572235,,0.9483391160868979,,0.005094301687655152,,,0.010952305325656624,0.03560661896836555,,,20.368578751907673,0.9999830290426827,0.7003315000756637,0.9920330705962301,0.9999923420685752,7.657931424764897e-06
1504.1786773890885,0.1999964318915947,768.3998643953408,1408.5977404838034,0.1244526892768584,0.02125589631807344,-10.144372108679296,-0.7233437465286201,0.0003478309607978462,,0.9482474178190637,,0.005104907901035577,,,0.010960046583733913,0.03567995208012092,,,20.331205938775863,0.9999821594579734,0.6985453312684917,0.9919702397773265,0.9999923243839541,7.675616045865752e-06
1500.909139801804,0.19999625546363298,766.4361478864203,1408.5082027905148,0.12444964481743993,0.021251246639432866,-10.144773380396488,-0.7234831028435629,0.00034991722530649036,,0.9481553318996793,,0.005115560246488619,,,0.010967832581703939,0.035753581839623176,,,20.293806248016132,0.9999812773181649,0.6967601344422002,0.991907185063743,0.999992306567495,7.69343250495158e-06
1497.6396022145195,0.19999607650894063,764.4735002135164,1408.4183450343323,0.12444659802701823,0.02124659429925554,-10.145174714098214,-0.7236225211430369,0.00035200280364741356,,0.9480628559261371,,0.0051262590254306534,,,0.01097566359467336,0.03582751007126266,,,20.256379678289854,0.9999803825447031,0.694975909285015,0.9918439049537553,0.9999922886175038,7.711382496222718e-06
1494.3700646272348,0.19999589501165502,762.5119210340374,1408.3281650638098,0.12444354887721265,0.021241939256134885,-10.145576110364681,-0.7237620020072519,0.0003540876988982949,,0.9479699874756006,,0.005137004541910912,,,0.010983539867065639,0.03590173865022446,,,20.218926227046158,0.999979475058275,0.6931926554854886,0.9917803979322606,0.9999922705348017,7.729465198336172e-06
1491.10052703995,0.19999571095576246,760.551410004996,1408.2376607093227,0.12444049733872799,0.02123728146730288,-10.145977569794749,-0.7239015460350693,0.00035617191416805654,,0.9478767241034264,,0.0051477971026359605,,,0.010991461668196135,0.03597626944239535,,,20.181445892532693,0.9999785547788123,0.6914103727318145,0.9917166624713541,0.9999922523166538,7.74768334621534e-06
1487.8309894526656,0.1999955243251234,758.5919667856577,1408.14682978277,0.1244374433817991,0.02123262088930993,-10.146379092996888,-0.7240411538349569,0.00035825545258793044,,0.9477830633460962,,0.005158637017004886,,,0.010999429277899106,0.03605110432020418,,,20.143938673297075,0.999977621625617,0.6896290607142344,0.9916526970301199,0.9999922339612044,7.766038795598007e-06
1484.5614518653806,0.19999533510342044,756.6335910361918,1408.0556700765749,0.12443438697718229,0.021227957479538238,-10.146780680569014,-0.7241808260048312,0.00036033831730600615,,0.9476890027195498,,0.005169524597133944,,,0.01100744295260613,0.03612624519958045,,,20.10640456693363,0.9999766755171021,0.6878487191238107,0.9915885000539261,0.9999922154688703,7.784531129706451e-06
1481.291914278096,0.19999514327420795,754.676282416681,1407.9641793644025,0.12443132809473255,0.021223291194030942,-10.147182333127429,-0.7243205631609957,0.00036242051150030616,,0.9475945397174776,,0.00518046015788716,,,0.011015502972682075,0.03620169398872247,,,20.0688435718038,0.9999757163710397,0.6860693476515282,0.9915240699749315,0.9999921968367693,7.803163230679644e-06
1478.0223766908114,0.19999494882087357,752.7200405890509,1407.8723554003311,0.12442826670445509,0.02121862198909679,-10.147584051285437,-0.7244603659167517,0.0003645020383680574,,0.9474996718139148,,0.0051914440169075395,,,0.011023609607947382,0.03627745262579767,,,20.031255685796395,0.9999747441043678,0.6842909459900463,0.991459405211501,0.9999921780645673,7.821935432694715e-06
1474.7528391035269,0.1999947517266651,750.7648652154976,1407.7801959189749,0.1244252027758979,0.021213949820384184,-10.147985835665692,-0.7246002348947549,0.0003665829011330374,,0.9474043964605091,,0.005202476494650926,,,0.011031763137274523,0.03635352305779433,,,19.99364090701853,0.9999737586333254,0.6825135138322705,0.9913945041682923,0.9999921591502289,7.840849771123537e-06
1471.4833015162421,0.19999455197466826,748.8107559595736,1407.687698635138,0.12442213627843506,0.02120927464331368,-10.148387686894438,-0.7247401707212511,0.00036866310304144997,,0.9473087110882026,,0.005213557914412117,,,0.011039963839343725,0.036429907250787555,,,19.955999233483123,0.9999727598733412,0.6807370508723396,0.9913293652360129,0.999992140092746,7.859907254048615e-06
1468.2137639289576,0.19999434954780324,746.8577124854461,1407.5948612434963,0.1244190671813217,0.021204596413161806,-10.148789605600404,-0.7248801740249657,0.00037074264736338335,,0.9472126131057107,,0.005224688602355691,,,0.011048211990883667,0.03650660719205462,,,19.9183306630162,0.9999717477390161,0.678961556804951,0.9912639867911948,0.9999921208910048,7.879108995245687e-06
1464.9442263416727,0.1999941444288468,744.9057344583584,1407.5016814189053,0.12441599545298866,0.021199915083986942,-10.14919159242913,-0.7250202454514394,0.0003728215373986572,,0.9471160998997181,,0.005235868887554811,,,0.011056507889304915,0.036583624865621646,,,19.880635194111104,0.999970722144234,0.6771870313257804,0.9911983671964123,0.9999921015421994,7.898457800581404e-06
1461.6746887543882,0.19999393660040535,742.9548215451453,1407.4081568150389,0.12441292106267014,0.021195230611110033,-10.14959364800988,-0.7251603856299393,0.0003748997764612696,,0.9470191688354662,,0.005247099102016539,,,0.011064851800327163,0.036660962309534854,,,19.842912823979994,0.9999696830020267,0.6754134741319502,0.9911325047993234,0.9999920820473447,7.917952655311922e-06
1458.4051511671034,0.19999372604491758,741.0049734118336,1407.3142850657332,0.1244098439780808,0.02119054294757528,-10.14999577300288,-0.7253005952206877,0.00037697736790376043,,0.9469218172541385,,0.0052583795807203525,,,0.011073244032047068,0.036738621535301406,,,19.80516355130069,0.9999686302245878,0.6736408849198487,0.9910663979336151,0.9999920624022073,7.937597792717632e-06
1455.1356135798187,0.19999351274466226,739.056189727353,1407.2200637832539,0.12440676416767252,0.02118585204758922,-10.150397968053424,-0.7254408748689798,0.0003790543150932285,,0.9468240424763653,,0.005269710661645202,,,0.011081684863466218,0.03681660460609947,,,19.767387373571495,0.9999675637233113,0.6718692633885027,0.9910000449177846,0.9999920426075761,7.957392423874055e-06
1451.8660759925342,0.19999329668176682,737.1084701605009,1407.1254905589137,0.12440368159927219,0.021181157864445896,-10.150800233819567,-0.7255812252328724,0.0003811306214273374,,0.9467258417976224,,0.005281092685809549,,,0.01109017458716222,0.03689491359037333,,,19.729584288663172,0.9999664834088341,0.6700986092368191,0.9909334440555732,0.9999920226609675,7.977339032461117e-06
1448.5965384052495,0.1999930778381694,735.1618143815915,1407.0305629631034,0.12440059623991648,0.021176460350275914,-10.151202570975512,-0.7257216469865657,0.00038320629033285073,,0.9466272124917758,,0.005292525997301018,,,0.011098713514460852,0.03697355055642311,,,19.691754295074315,0.9999653891908469,0.6683289221650832,0.9908665936359885,0.9999920025599609,7.99744003909808e-06
1445.327000817965,0.19999285619562743,733.2162220616624,1406.935278543676,0.12439750805756994,0.021171759458662814,-10.151604980176636,-0.7258621407854378,0.0003852813252528633,,0.9465281518092584,,0.0053040109433127565,,,0.011107301921948108,0.037052517631071424,,,19.653897389860816,0.999964280978137,0.6665602018742386,0.9907994919321664,0.9999919823055907,8.01769440927913e-06
1442.0574632306802,0.19999263173575677,731.2716928723587,1406.8396348272831,0.12439441701894481,0.021167055141324328,-10.152007462103855,-0.726002707310407,0.00038735572966697943,,0.946428656974999,,0.005315547874178479,,,0.011115940118598643,0.037131816926449714,,,19.616013571186944,0.9999631586787838,0.6647924480657806,0.9907321372023122,0.9999919618942258,8.038105774210713e-06
1438.7879256433957,0.1999924044399833,729.3282264868421,1406.7436293183025,0.1243913230907894,0.02116234735007421,-10.152410017437413,-0.7261433472417131,0.00038942950707758966,,0.9463287251917073,,0.005327137143408679,,,0.011124628406682319,0.037211450583063396,,,19.578102836857468,0.9999620221999165,0.6630256604425838,0.9906645276889456,0.9999919413248617,8.0586751383116e-06
1435.5183880561108,0.19999217428954932,727.3858225792778,1406.647259498973,0.12438822623929208,0.021157636035915722,-10.152812646869007,-0.7262840612710555,0.0003915026610167532,,0.9462283536376677,,0.005338779107726033,,,0.011133367099332948,0.03729142075072003,,,19.540165184980413,0.9999608714477466,0.6612598387084344,0.9905966616189952,0.9999919205954467,8.079404553273939e-06
1432.2488504688263,0.19999194126553196,725.4444808251276,1406.5505228285415,0.1243851264308449,0.021152921150203976,-10.153215351086255,-0.7264248500860528,0.0003935751950397597,,0.946127539466719,,0.005350474127101371,,,0.011142156497452793,0.03737172961407457,,,19.50220061307169,0.9999597063276597,0.6594949825682977,0.9905285372031984,0.9999918997053476,8.100294652368945e-06
1428.9793128815415,0.19999170534882044,723.5042009001241,1406.4534167435468,0.12438202363130936,0.0211482026435291,-10.153618130787628,-0.726565714385174,0.0003956471127326024,,0.9460262798072621,,0.005362222564791731,,,0.011150996911690225,0.03745237936875496,,,19.464209118901913,0.9999585267441021,0.6577310917273856,0.9904601526363007,0.9999918786524989,8.121347501055531e-06
1425.709775294257,0.19999146652010552,721.5649824814109,1406.3559386574086,0.12437891780623939,0.021143480466056477,-10.154020986677917,-0.7267066548732117,0.00039771841770962424,,0.9459245717631515,,0.005374024787375686,,,0.011159888656078615,0.037533372228616205,,,19.42619070025094,0.9999573326005275,0.6559681658921918,0.9903915060967667,0.999991857435222,8.142564777990913e-06
1422.4402377069723,0.19999122475993017,719.6268252472147,1406.2580859600434,0.12437580892107696,0.021138754567824155,-10.15442391946426,-0.7268476722573052,0.0003997891136115141,,0.9458224124128436,,0.005385881164797004,,,0.011168832041771583,0.037614710432817514,,,19.388145354665745,0.9999561237996508,0.6542062047701952,0.9903225957465096,0.9999918360522296,8.163947770367663e-06
1419.1707001196874,0.1999909800486127,717.6897288766531,1406.1598560180935,0.12437269694044115,0.02113402489766286,-10.154826929870602,-0.7269887672613944,0.00040185920411297025,,0.945719798809218,,0.005397792070398306,,,0.011177827398179224,0.03769639622286532,,,19.35007308028121,0.9999549002430635,0.6524452080696846,0.9902534197310519,0.9999918145006608,8.185499339230518e-06
1415.9011625324029,0.19999073236629608,715.7536930506747,1406.061246174084,0.12436958182899956,0.021129291404521505,-10.155230018619962,-0.7271299406085028,0.0004039286929133812,,0.9456167279801898,,0.005409757880957413,,,0.011186875047305884,0.0377784318710628,,,19.31197387482226,0.9999536618314804,0.6506851755006133,0.9901839761789326,0.9999917927795159,8.207220484113265e-06
1412.6316249451181,0.19999048169293804,713.8187174506421,1405.9622537457174,0.12436646355178528,0.021124554037948468,-10.155633186427993,-0.7272711930142837,0.0004059975837371536,,0.9455131969266137,,0.005421778976735672,,,0.01119597529385244,0.03786081969157941,,,19.27384773520973,0.9999524084646901,0.648926106773311,0.9901142632012095,0.9999917708887812,8.22911121878267e-06
1409.3620873578336,0.1999902280082961,711.8848017583488,1405.8628760275149,0.12436334207187104,0.021119812744558892,-10.156036434050302,-0.7274125252343406,0.0004080658803538728,,0.9454092026220764,,0.005433855741513088,,,0.011205128493795726,0.037943561965345755,,,19.235694660227384,0.9999511400414804,0.6471680015984989,0.9900442788926163,0.999991748822731,8.251177268991938e-06
1406.0925497705489,0.1999899712919132,709.9519456583873,1405.763110287813,0.12436021735395891,0.021115067473488236,-10.15643976220941,-0.7275539379911962,0.00041013358654349555,,0.9453047420164417,,0.005445988562626785,,,0.011214334949588362,0.038026661055609284,,,19.19751464646775,0.999949856459566,0.645410859689443,0.989974021329446,0.999991726584266,8.273415733950351e-06
1402.8230121832644,0.1999897115231661,708.020148834717,1405.662953770999,0.12435708936088409,0.02111031817108264,-10.15684317166589,-0.7276954320454276,0.0004122007061331204,,0.9451998120287117,,0.005458177831020681,,,0.011223595011116392,0.03811011929699502,,,19.15930769221045,0.9999485576158305,0.6436546807588337,0.9899034885711262,0.9999917041678438,8.295832156224314e-06
1399.5534745959797,0.1999894486812207,706.0894109738624,1405.5624036954323,0.12435395805614703,0.021105564784744645,-10.157246663166859,-0.7278370081441441,0.00041426724297022685,,0.9450944095537451,,0.005470423941275516,,,0.01123290900313949,0.03819393907576975,,,19.121073794649334,0.9999472434061035,0.6418994645216931,0.9898326786587553,0.9999916815739298,8.318426070186291e-06
1396.2839370086951,0.19998918274500135,704.1597317620924,1405.4614572545302,0.12435082340203141,0.021100807260076626,-10.15765023748425,-0.7279786670592827,0.000416333200942357,,0.9449885314572051,,0.005482727291661023,,,0.011242277278716493,0.03827812277115404,,,19.082812951945765,0.9999459137250067,0.6401452106928113,0.9897615896158665,0.9999916587987366,8.34120126336213e-06
1393.0143994214104,0.1999889136932786,702.2311108887155,1405.3601116148798,0.12434768536167676,0.021096045544027272,-10.15805389537266,-0.7281204095454434,0.00041839858395660426,,0.9448821745779751,,0.005495088284176985,,,0.0112517001603298,0.038362672820560335,,,19.04452516092289,0.9999445684663929,0.6383919189897413,0.9896902194470986,0.9999916358430423,8.364156957707536e-06
1389.744861834126,0.1999886415045998,700.3035480417147,1405.2583639174502,0.12434454389696109,0.021091279581678408,-10.158457637612425,-0.7282622363829567,0.0004204633959639508,,0.9447753357247289,,0.005507507324593832,,,0.011261177999508688,0.03844759165402248,,,19.006210419404635,0.9999432075229989,0.6366395891288316,0.9896185661390496,0.9999916127028539,8.387297146139616e-06
1386.475324246841,0.19998836615726884,698.3770429123227,1405.156211276741,0.12434139896955879,0.021086509317851505,-10.158861464988098,-0.7284041483563772,0.0004225276409425287,,0.9446680116795761,,0.005519984822501695,,,0.011270711147545062,0.03853288172688464,,,18.96786872508128,0.9999418307863441,0.6348882208293843,0.9895466276596769,0.9999915893765076,8.410623492438596e-06
1383.2057866595562,0.19998808762940676,696.4515951923037,1405.053650780261,0.12433825054091513,0.021081734697069445,-10.15926537828897,-0.7285461462549989,0.0004245913229044069,,0.9445601991954153,,0.005532521191347446,,,0.0112802999555134,0.038618545519985496,,,18.92950007549191,0.9999404381470337,0.6331378138111852,0.9894744019579305,0.9999915658622616,8.434137738433378e-06
1379.9362490722717,0.199987805898918,694.5272045745514,1404.9506794882598,0.12433509857225285,0.021076955663566987,-10.15966937830893,-0.7286882308727076,0.0004266544458928722,,0.9444518949957833,,0.00554511684849111,,,0.011289944774230384,0.038704585539998816,,,18.891104468021734,0.9999390294945899,0.6313883677950468,0.9894018869635633,0.9999915421585036,8.45784149638984e-06
1376.666711484987,0.1999875209434787,692.6038707529405,1404.8472944333867,0.12433194302456106,0.021072172161274303,-10.1600734658467,-0.7288304030082262,0.00042871701398497725,,0.9443430957744459,,0.00555777221524313,,,0.011299645954308575,0.03879100431964857,,,18.852681899907846,0.9999376047173936,0.6296398825026731,0.9893290805868922,0.9999915182636461,8.481736353926905e-06
1373.3971738977025,0.1999872327405438,690.6815934224838,1404.7434926208143,0.12432878385809032,0.0210673841330523,-10.16047764171611,-0.7289726634753855,0.0004307790312946313,,0.9442337981948863,,0.005570487716920415,,,0.011309403860553239,0.03887780440211615,,,18.814232368793327,0.999936163702719,0.6278923576568035,0.9892559807188834,0.9999914941744761,8.505825523918986e-06
1370.1276363104175,0.19998694126731795,688.7603722799993,1404.6392710273947,0.12432562103301616,0.021062591521699297,-10.16088190673259,-0.7291150130896131,0.00043284050196728364,,0.9441239988916025,,0.0055832637828782915,,,0.011319218853077705,0.03896498836219651,,,18.775755872010997,0.9999347063365897,0.6261457929818175,0.9891825852305598,0.9999914698897551,8.530110244930889e-06
1366.858098723133,0.19998664650083536,686.840207023123,1404.5346266013048,0.12432245450937406,0.021057794269852523,-10.161286261714494,-0.7292574526692661,0.0004349014301812844,,0.9440136944678,,0.005596100846578814,,,0.011329091289393096,0.03905255880430414,,,18.737252406623668,0.9999332325041768,0.624400188202839,0.98910889197275,0.999991445408076,8.554591923948252e-06
1363.5885611358483,0.1999863484178512,684.9210973504323,1404.4295562629125,0.124319284245665,0.021052992317876832,-10.161690707511495,-0.7293999830640168,0.0004369618201614872,,0.9439028814955192,,0.005608999345623863,,,0.011339021562014691,0.0391405183210662,,,18.698721970956097,0.999931742089256,0.6226555430458476,0.989034898776699,0.999991420724224,8.579275776021689e-06
1360.3190235485638,0.19998604699490258,683.0030429635891,1404.3240569023105,0.12431611020150717,0.021048185607881967,-10.162095244950603,-0.7295426051008729,0.000439021676152027,,0.9437915565180953,,0.00562195972181184,,,0.011349010026926192,0.03922886957302005,,,18.6601645617247,0.9999302349745128,0.6209118572396265,0.9889606034523315,0.9999913958398534,8.604160146585826e-06
1357.049485961279,0.19998574220828144,681.0860435630868,1404.2181253803628,0.12431293233559537,0.02104337408063233,-10.162499874877694,-0.7296853196257125,0.0004410810024421656,,0.9436797160437308,,0.0056349824211891,,,0.011359057057634367,0.03931761522881326,,,18.62158017617304,0.9999287110414071,0.6191691305118971,0.988886003788988,0.9999913707513676,8.629248632430198e-06
1353.7799483739946,0.1999854340340746,679.1700988515795,1404.1117585283325,0.12430975060607032,0.021038557676106927,-10.162904598150016,-0.7298281274957841,0.00044313980335740854,,0.94356735655034,,0.005648067894096519,,,0.011369163036200558,0.039406757975606395,,,18.58296881175098,0.9999271701703729,0.617427362592345,0.9888110975551639,0.9999913454562436,8.654543756425603e-06
1350.5104107867098,0.19998512244808422,677.2552085335466,1404.0049531472057,0.1243065649708314,0.02103373633397389,-10.163309415629803,-0.7299710295733188,0.00044519808325876474,,0.9434544744837806,,0.005661216595225819,,,0.01137932834440663,0.03949630052916282,,,18.544330465739314,0.9999256122404211,0.615686553212315,0.9887358824980323,0.9999913199525758,8.680047424158843e-06
1347.240873199425,0.1999848074258834,675.3413723143937,1403.8977060072384,0.12430337538753013,0.021028909993581115,-10.163714328184415,-0.7301140267256798,0.00044725584654338983,,0.9433410662568837,,0.005674428983666637,,,0.011389553363822908,0.039586245634085915,,,18.5056651352455,0.9999240371294169,0.6139467021039943,0.9886603563431258,0.9999912942384592,8.705761540772627e-06
1343.9713356121406,0.19998448894279766,673.4285899006493,1403.7900138481657,0.12430018181300005,0.021024078593094214,-10.164119336697956,-0.7302571198369705,0.00044931309765048266,,0.9432271282493293,,0.0056877055229674275,,,0.0113998384907825,0.03967659604748461,,,18.466972817819766,0.9999224447139883,0.6122078090005902,0.988584516794483,0.9999912683105638,8.731689436158874e-06
1340.701798024856,0.19998416697390853,671.5168610010453,1403.681873378354,0.12429698420381272,0.02101924207033891,-10.164524442059935,-0.730400309796698,0.00045136984105516157,,0.9431126568082987,,0.005701046681183055,,,0.011410184121766566,0.03976735455559052,,,18.428253510862334,0.9999208348695426,0.6104698736373139,0.9885083615340523,0.9999912421668389,8.757833161121553e-06
1337.4322604375711,0.19998384149401596,669.6061853249231,1403.5732812736032,0.12429378251703503,0.021014400363946806,-10.164929645149874,-0.7305435974843846,0.0004534260812645285,,0.942997648246476,,0.005714452930931213,,,0.01142059063325836,0.0398585239965006,,,18.389507210782135,0.9999192074700798,0.6087328957499301,0.9884318882208475,0.9999912158071662,8.784192833788396e-06
1334.1627228502864,0.1999835124776978,667.6965625822623,1403.4642341789581,0.1242905767078399,0.021009553409742417,-10.165334946885928,-0.7306869838181882,0.0004554818228392267,,0.9428820988410027,,0.005727924749452575,,,0.011431058443973985,0.03995010719115464,,,18.35073391554914,0.999917562388489,0.606996875074784,0.9883550944922241,0.9999911892255839,8.810774416057043e-06
1330.893185263002,0.1999831798992437,665.7879924865234,1403.3547287063516,0.12428736673193341,0.021004701144414897,-10.165740348175492,-0.7308304697055004,0.00045753707036771604,,0.9427660048374286,,0.005741462618663041,,,0.01144158795254137,0.04004210701329122,,,18.31193362215163,0.9999158994962184,0.6052618113513849,0.9882779779622196,0.9999911624219242,8.837578075793218e-06
1327.6236476757172,0.19998284373268635,663.8804747508615,1403.2447614346017,0.12428415254469355,0.02099984350421591,-10.166145849932727,-0.730974056060484,0.0004595918284808884,,0.9426493624441554,,0.005755067025209557,,,0.011452179558369654,0.040134526366339324,,,18.27310632743165,0.9999142186634317,0.603527704318965,0.9882005362215507,0.9999911353940739,8.864605926084401e-06
1324.3541100884322,0.1999825039517914,661.9740090900889,1403.1343289097072,0.12428093410067208,0.020994980424207606,-10.166551453088703,-0.7311177438142096,0.0004616461018534832,,0.9425321678339763,,0.0057687384605318495,,,0.01146283367534754,0.040227368168589864,,,18.234252028646765,0.999912519758957,0.6017945537182626,0.9881227668378221,0.9999911081384455,8.891861554505276e-06
1321.0845725011477,0.19998216053006024,660.0685952206535,1403.0234276438653,0.12427771135415322,0.020990111839108132,-10.166957158580027,-0.7312615339032824,0.00046369989519980977,,0.9424144171448963,,0.005782477420925335,,,0.011473550717113826,0.04032063536999206,,,18.195370722883307,0.9999108026503012,0.6000623592915032,0.9880446673548349,0.9999910806529275,8.91934707247799e-06
1317.8150349138632,0.19998181344069407,658.1642328605908,1402.9120541150896,0.12427448425915302,0.02098523768329095,-10.167362967348861,-0.7314054272698645,0.00046575321327371256,,0.9422961064783038,,0.005796284407589173,,,0.011484331097093252,0.04041433095247065,,,18.156462407034667,0.9999090672034703,0.5983311207823553,0.9879662352923168,0.9999910529354568,8.947064543241012e-06
1314.5454973265785,0.19998146265664107,656.260921729081,1402.8002047675106,0.12427125276857776,0.02098035788951488,-10.16776888036005,-0.7315494248788035,0.00046780606087812955,,0.9421772318987899,,0.0058101599266980304,,,0.011495175249730124,0.04050845790654813,,,18.117527078683413,0.9999073132832054,0.5966008379355282,0.9878874681461344,0.9999910249817661,8.975018233936538e-06
1311.2759597392937,0.19998110815057546,654.358661547787,1402.6878760096313,0.12426801683573518,0.0209754723912075,-10.168174898570362,-0.731693527686863,0.00046985844284960386,,0.9420577894349776,,0.005824104489463835,,,0.011506083592135336,0.0406030192746423,,,18.078564734523386,0.9999055407528773,0.5948715104979883,0.9878083633870645,0.9999909967912191,9.003208780944405e-06
1308.0064221520092,0.19998074989483247,652.4574520384805,1402.5750642147125,0.1242647764132607,0.020970581120843587,-10.168581022950345,-0.7318377366645947,0.0004719103640724335,,0.9419377750763165,,0.005838118612179615,,,0.011517056550928115,0.040698018121355525,,,18.039575371445515,0.9999037494741623,0.5931431382168004,0.9877289184610653,0.9999909683607798,9.031639220169474e-06
1304.7368845647247,0.19998038786151964,650.5572929246509,1402.4617657205688,0.1242615314530249,0.0209656840098072,-10.168987254486218,-0.7319820527982177,0.00047396182947652144,,0.941817184774768,,0.005852202816323708,,,0.011528094564628794,0.04079345753121817,,,18.000558986657527,0.9999019393075982,0.5914157208405918,0.9876491307891331,0.9999909396869386,9.060313061359793e-06
1301.46734697744,0.19998002202241486,648.6581839324109,1402.3479768282214,0.12425828190709033,0.02096078098983624,-10.16939359416039,-0.7321264770701372,0.0004760128440293454,,0.9416960144442575,,0.005866357628578058,,,0.011539198059872042,0.04088934063576781,,,17.96151557667909,0.9999001101120742,0.5896892581203735,0.9875689977663532,0.9999909107684753,9.089231524650465e-06
1298.1978093901553,0.19997965234899992,646.7601247876015,1402.233693802882,0.12425502772605199,0.020955871990519282,-10.169800042985248,-0.7322710104927435,0.0004780634127544162,,0.9415742599588991,,0.0058805835809220205,,,0.011550367492049927,0.04098567056828301,,,17.92244513904123,0.9998982617449995,0.5879637498069105,0.9874885167625932,0.9999908816001541,9.118399845853276e-06
1294.9282718028708,0.19997927881248018,644.8631152195996,1402.1189128717929,0.124251768861063,0.020950956942352966,-10.170206601961915,-0.7324156540671609,0.0004801135407088523,,0.9414519171555356,,0.00589488121069244,,,0.011561603295740968,0.0410824505199212,,,17.883347670225266,0.9998963940624008,0.5862391956541815,0.9874076851209811,0.9999908521818902,9.147818109789263e-06
1291.6587342155858,0.19997890138373028,642.9671549580386,1402.0036302250385,0.12424850526220359,0.020946035774281935,-10.17061327211346,-0.7325604088164539,0.00048216323300340295,,0.9413289818286168,,0.005909251060651015,,,0.011572905924047631,0.04117968369583016,,,17.84422316727202,0.9998945069186513,0.5845155954163987,0.987326500158478,0.9999908225091455,9.17749085449504e-06
1288.389196628301,0.19997852003332417,641.0722437347667,1401.8878420149977,0.12424523687881797,0.02094110841420872,-10.171020054478044,-0.7327052757787857,0.00048421249479628747,,0.941205449734235,,0.0059236936790468455,,,0.011584275840865181,0.04127737332434622,,,17.805071627497547,0.9998926001666208,0.5827929488497879,0.9872449591654915,0.9999907925784933,9.207421506673974e-06
1285.1196590410166,0.19997813473152073,639.1783812834916,1401.7715443540544,0.1242419636612009,0.02093617479153683,-10.171426950074574,-0.7328502559730659,0.000486261331280027,,0.9410813165875893,,0.005938209619703495,,,0.011595713479431302,0.041375522704005074,,,17.765893046722155,0.9998906736576036,0.5810712557122651,0.9871630594042639,0.9999907623907291,9.237609270851266e-06
1281.850121453732,0.19997774544826363,637.285567337621,1401.6547333174199,0.12423868555713333,0.02093123483194947,-10.17183395997325,-0.7329953504694906,0.0004883097477161488,,0.9409565780598178,,0.005952799442061357,,,0.011607219325895788,0.04147413510983106,,,17.72668742277795,0.9998887272413182,0.5793505157614737,0.9870807981108592,0.9999907319376061,9.268062393874565e-06
1278.5805838664473,0.19997735215317233,635.3938016350141,1401.5374049390614,0.12423540251587531,0.020926288463428807,-10.172241085214262,-0.7331405603082501,0.0004903577493922458,,0.9408312297845428,,0.005967463711282122,,,0.011618793823941317,0.04157321390139083,,,17.687454751524292,0.9998867607658616,0.5776307287591038,0.9869981724922969,0.999990701221157,9.298778843036537e-06
1275.3110462791626,0.19997695481553235,633.5030839124734,1401.4195552141978,0.12423211448465064,0.02092133561095928,-10.172648326879367,-0.7332858865711049,0.0004924053416631263,,0.9407052673490213,,0.005982202998293506,,,0.01163043745759189,0.04167276242964513,,,17.648195030299952,0.9998847740776617,0.5759118944658849,0.9869151797283084,0.9999906702345518,9.329765448207183e-06
1272.0415086918779,0.19997655340431725,631.6134139108101,1401.3011800972795,0.12422882141063758,0.02091637619952859,-10.173055686051367,-0.7334313303408528,0.0004944525299254919,,0.9405786863012636,,0.0059970178798825465,,,0.011642150705092742,0.041772784089655506,,,17.608908256005982,0.9998827670215862,0.574194012646191,0.9868318169699153,0.9999906389758944,9.36102410564743e-06
1268.7719711045934,0.199976147888155,629.7247913715775,1401.1822755010953,0.12422552324100317,0.020911410154179765,-10.173463163813393,-0.7335768927006274,0.0004964993196229861,,0.940451482144333,,0.006011908938762035,,,0.011653934036805556,0.041873282323236366,,,17.569594424984526,0.9998807394407749,0.5724770830650704,0.9867480813387997,0.9999906074431371,9.392556862941603e-06
1265.5024335173086,0.19997573823534542,627.837216037806,1401.0628372977694,0.12422221992148444,0.020906437397875777,-10.17387076127782,-0.7337225747628047,0.0004985457162590569,,0.9403236503370542,,0.0060268767636494506,,,0.011665787949040017,0.04197426058123538,,,17.530253534470962,0.9998786911767271,0.5707611054889146,0.9866639699280068,0.999990575630979,9.424369020960555e-06
1262.2328959300241,0.19997532441380442,625.9506876545472,1400.9428613161538,0.12421891139846108,0.02090145785462133,-10.17427847954404,-0.7338683776267718,0.0005005917253774567,,0.9401951862952964,,0.006041921949337001,,,0.011677712915464315,0.04207572237899399,,,17.490885580520757,0.9998766220690221,0.569046079685952,0.9865794798001084,0.9999905435390917,9.4564609083303e-06
1258.9633583427394,0.19997490639115612,624.0652059679405,1400.8223433428097,0.12421559761730015,0.02089647144697114,-10.174686319732185,-0.7340143024126657,0.0005026373525805504,,0.9400660853874557,,0.006057045096783093,,,0.011689709425126859,0.0421776712536831,,,17.4514905596153,0.9998745319557806,0.5673320054254005,0.9864946079878943,0.9999905111630487,9.488836951287993e-06
1255.6938207554547,0.1999744841346358,622.1807707263325,1400.7012791222905,0.12421227852180605,0.02089147809520489,-10.17509428299433,-0.7341603502725604,0.0005046826035309706,,0.939936342938106,,0.0060722468131855206,,,0.011701777996221513,0.042280110749361145,,,17.412068469260834,0.999872420673179,0.5656188824784841,0.986409351494571,0.9999904784968742,9.52150312583111e-06
1252.42428316817,0.19997405761112738,620.2973816812419,1400.5796643539402,0.12420895405674315,0.02088647772112356,-10.175502370463114,-0.734306522339093,0.0005067274839294752,,0.9398059542278014,,0.006087527712063098,,,0.011713919116702618,0.04238304448465337,,,17.372619305462173,0.9998702880556368,0.5639067106193107,0.9863237072915073,0.9999904455412205,9.554458779481578e-06
1249.1547455808854,0.19997362678713254,618.4150385837264,1400.4574946931584,0.12420562416569728,0.02088147024483256,-10.1759105832953,-0.734452819769027,0.0005087719995409074,,0.9396749144866049,,0.006102888413328807,,,0.011726133293180488,0.04248647609770867,,,17.333143064766855,0.9998681339356627,0.5621954896215695,0.9862376723191258,0.999990412290823,9.587709177028003e-06
1245.8852079936007,0.19997319162884367,616.533741187671,1400.3347657507652,0.12420228879153682,0.02087645558543744,-10.176318922662382,-0.7345992437338591,0.0005108161561846763,,0.9395432188995577,,0.0061183295433977665,,,0.011738421041192217,0.04259040925790027,,,17.293639743892147,0.9998659581442183,0.5604852192615191,0.9861512434864546,0.999990378742048,9.6212579520083e-06
1242.615670406316,0.19997275210199217,614.6534892491296,1400.2114730918854,0.12419894787678368,0.020871433661602275,-10.176727389743034,-0.7347457954122589,0.000512859959733131,,0.9394108626037886,,0.006133851735246797,,,0.011750782876031247,0.04269484767667173,,,17.254109339305856,0.9998637605099608,0.5587758993173906,0.986064417670342,0.9999903448917384,9.655108261563683e-06
1239.3461328190315,0.1999723081720281,612.774282525484,1400.0876122352547,0.12419560136361535,0.020866404391553996,-10.177135985723071,-0.7348924759900441,0.0005149034161145912,,0.9392778406878258,,0.00614945562851675,,,0.011763219312729884,0.04279979510807182,,,17.21455184722591,0.9998615408601405,0.5570675295686218,0.9859771917149682,0.9999903107371443,9.689262855716585e-06
1236.0765952317468,0.19997185980394258,610.8961207762146,1399.9631786542855,0.12419224919241618,0.020861367690906595,-10.177544711824952,-0.7350392866896751,0.0005169465313240729,,0.9391441481908978,,0.006165141869590367,,,0.011775730898838875,0.042905255312012364,,,17.17496726502947,0.9998592990197128,0.5553601097965587,0.9858895624325955,0.9999902762713394,9.723728660593345e-06
1232.807057644462,0.19997140696236154,609.0190037636188,1399.8381677725836,0.12418889130535762,0.02085632347804179,-10.177953569234866,-0.7351862286973372,0.0005189893113932378,,0.9390097801048887,,0.006180911111690088,,,0.01178831813334712,0.043011232147067285,,,17.135355587771947,0.9998570348118077,0.553653639785108,0.9858015266004111,0.9999902414969931,9.758503006884744e-06
1229.5375200571775,0.19997094961154366,607.1429312494163,1399.7125749692157,0.12418552764072663,0.020851271665589477,-10.178362559218256,-0.735333303278475,0.000521031762444826,,0.9388747313668038,,0.006196764014961285,,,0.011800981593977269,0.043117729425972744,,,17.095716813632862,0.9998547480577182,0.5519481193176512,0.9857130809642365,0.999990206401715,9.793598285012806e-06
1226.2679824698928,0.19997048771530207,605.2679030014849,1399.5863955715279,0.12418215813948132,0.020846212170276917,-10.178771682986278,-0.7354805116442478,0.0005230738906252605,,0.9387389968698293,,0.00621270124656756,,,0.01181372179111052,0.04322475108284562,,,17.05605093767118,0.9998524385765103,0.5502435481831681,0.9856242222334705,0.999990170990353,9.829009646966647e-06
1222.998444882608,0.19997002123707724,603.3939187848749,1399.4596248591613,0.12417878274017584,0.020841144905306443,-10.179180941799196,-0.7356278550549131,0.000525115702165437,,0.9386025714480674,,0.006228723480789966,,,0.011826539279076282,0.04333230104647186,,,17.01635795655644,0.9998501061853862,0.5485399261680681,0.9855349470839165,0.9999901352544055,9.864745594501123e-06
1219.7289072953233,0.19996955013986803,601.5209783694911,1399.3322580617325,0.12417540138117024,0.020836069783676088,-10.179590336921356,-0.7357753347748215,0.0005271572033491047,,0.938465449887812,,0.00624483139910538,,,0.011839434609091242,0.04344038329495248,,,16.976637866586806,0.9998477506993401,0.5468372530631738,0.9854452521561499,0.999990099190961,9.900809038954073e-06
1216.4593697080388,0.19996907438630787,599.6490815264948,1399.2042903586312,0.1241720139999256,0.020830986717122697,-10.179999869635559,-0.7359229520867743,0.0005291984005249211,,0.938327626921946,,0.006261025690303175,,,0.011852408343427451,0.04354900183988368,,,16.936890664285,0.9998453719315393,0.5451355286604498,0.9853551340553742,0.9999900627955604,9.937204439647296e-06
1213.189832120754,0.19996859393856686,597.7782280299366,1399.0757168781895,0.1241686205332217,0.020825895616450187,-10.18040954123862,-0.736070708287583,0.0005312393001035801,,0.9381890972302528,,0.006277307050573366,,,0.011865461050995466,0.04365816073205345,,,16.897116346194068,0.9998429696928343,0.5434347527544878,0.9852645893508378,0.9999900260638751,9.973936124896277e-06
1209.9202945334694,0.1999681087583746,595.9084176554751,1398.9465326957986,0.12416522091813482,0.020820796392997516,-10.180819353021443,-0.7362186046681547,0.0005332799085519436,,0.938049855438515,,0.006293676183599242,,,0.01187859328530749,0.04376786408716288,,,16.85731490793142,0.9998405437918729,0.541734925141341,0.9851736145745063,0.9999899889945847,1.0011005415311303e-05
1206.6507569461849,0.19996761880707878,594.0396501794432,1398.8167328350962,0.12416181509023551,0.02081568895593593,-10.181229306305765,-0.7363666425502267,0.0005353202324114662,,0.9379098961151793,,0.0063101338006781235,,,0.011891805623889449,0.04387811604132579,,,16.81748634587327,0.9998380940353938,0.5400360456176757,0.9850822062218989,0.9999899515810726,1.0048418927377512e-05
1203.3812193589001,0.19996712404553582,592.1719253821162,1398.686312267206,0.12415840298398562,0.02081057321286719,-10.181639402436044,-0.7365148232782541,0.0005373602782893877,,0.9377692137760071,,0.006326680620801027,,,0.011905098660168183,0.04398892076109336,,,16.777630656837122,0.999835620227679,0.538338113983742,0.9849903607515537,0.9999899138180697,1.00861819303244e-05
1200.1116817716156,0.19996662443417354,590.3052430462247,1398.5552659079676,0.12415498453435703,0.02080544907225178,-10.182049642746492,-0.7366631481864498,0.000539400052848526,,0.9376278028810342,,0.006343317370773175,,,0.011918472967717761,0.04410028248495365,,,16.737747836493945,0.9998331221708676,0.5366411300420225,0.984898074583076,0.9999898757044788,1.012429552116334e-05
1196.842144184331,0.19996611993297933,588.439602955237,1398.4235886196304,0.124151559674542,0.020800316439977394,-10.182460028607725,-0.736811618645433,0.0005414395628305889,,0.9374856578307877,,0.0063600447853172344,,,0.011931929149036602,0.04421220546791086,,,16.697837881497986,0.9998305996648966,0.53494509359567,0.9848053440983314,0.9999898372330525,1.0162766947541257e-05
1193.5726065970462,0.1999656105014563,586.5750048954666,1398.29127520771,0.12414812833826037,0.02079517522281877,-10.182870561379762,-0.7369602360152179,0.0005434788150339252,,0.9373427729704491,,0.0063768636071810285,,,0.011945467786927497,0.04432469403811904,,,16.65790078736234,0.9998280525072815,0.5332500044504241,0.9847121656392326,0.9999897984026767,1.0201597323344913e-05
1190.3030690097617,0.1999650960986653,584.7114486548857,1398.1583204223614,0.12414469045770993,0.020790025325367143,-10.183281242453777,-0.7371090016869815,0.0005455178163342056,,0.9371991425838513,,0.006393774587241426,,,0.011959089487247197,0.04443775254824316,,,16.61793655031384,0.9998254804933265,0.5315558624135324,0.9846185355087054,0.9999897592065831,1.0240793416937954e-05
1187.033531422477,0.19996457668315948,582.8489340242186,1398.0247189564654,0.12414124596475284,0.020784866651809907,-10.183692073227943,-0.7372579170588978,0.0005475565736726799,,0.9370547608978769,,0.006410778484625427,,,0.01197279485428767,0.04455138540457048,,,16.57794516623754,0.9998228834157974,0.5298626672947442,0.9845244499693421,0.9999897196413605,1.0280358639480625e-05
1183.7639938351922,0.19996405221307,580.9874607964077,1397.89046544694,0.12413779478905573,0.02077969910314676,-10.184103055145322,-0.737406983574024,0.0005495950940740974,,0.9369096220790077,,0.0064278760668161445,,,0.011986584530038287,0.04466559702246799,,,16.537926632369185,0.99982026106535,0.5281704189058252,0.984429905244324,0.9999896796983302,1.0320301669808352e-05
1180.4944562479075,0.19996352264597053,579.127028768945,1397.7555544692475,0.12413433686221981,0.020774522583376007,-10.184514189609708,-0.7375562026361582,0.000551633384608509,,0.9367637202359118,,0.006445068109771003,,,0.01200045910644205,0.044780391928052984,,,16.49788094346837,0.9998176132298526,0.5264791170626772,0.9843348975135547,0.9999896393801778,1.0360619822180617e-05
1177.2249186606227,0.1999629879390098,577.2676377364011,1397.619980541146,0.12413087211330137,0.020769336992787907,-10.184925478076915,-0.7377055757011153,0.0005536714524432868,,0.9366170494092534,,0.006462355398046302,,,0.012014419218752688,0.04489577465112495,,,16.457808095870877,0.999814939695049,0.5247887615785465,0.9842394229163002,0.9999895986771773,1.0401322822706227e-05
1173.9553810733382,0.19996244804875846,575.4092875003578,1397.4837381209807,0.12412740047041115,0.020764142230362482,-10.185336922022186,-0.7378551042441348,0.0005557093048137809,,0.9364696035824968,,0.006479738724895278,,,0.012028465513945975,0.045011749762677536,,,16.41770808614541,0.9998122402437922,0.5230993522730525,0.9841434775499865,0.9999895575840155,1.044241598446849e-05
1170.6858434860535,0.19996190293135263,573.5519778637097,1397.3468216037545,0.12412392186281287,0.020758938196910385,-10.185748522897429,-0.7380047897171256,0.0005577469490149292,,0.9363213766756096,,0.006497218892412105,,,0.012042598605016875,0.04512832192805704,,,16.37758090905566,0.9998095146567632,0.5214108889670088,0.9840470574674329,0.9999895161010955,1.0483898904456446e-05
1167.416305898769,0.19996135254238392,571.6957086296542,1397.2092253257738,0.12412043621620406,0.020753724788013857,-10.186160282227394,-0.7381546336448412,0.0005597843924463439,,0.9361723625405477,,0.0065147967116535735,,,0.012056819169351776,0.045245495794083136,,,16.33742656187498,0.9998067627119196,0.5197233714815038,0.9839501586801226,0.9999894742156361,1.0525784363890622e-05
1164.1467683114843,0.19996079683691684,569.8404796076854,1397.0709435580463,0.12411694345808773,0.02074850190206483,-10.186572201500205,-0.7383046375153999,0.0005618216425547702,,0.9360225549710842,,0.006532473002739508,,,0.012071127838334805,0.04536327611760646,,,16.29724503956061,0.9998039841845842,0.5180367996433504,0.9838527771535539,0.999989431929765,1.0568070235028593e-05
1160.8772307241995,0.1999602357694522,567.9862906059385,1396.9319705092307,0.12411344351382467,0.020743269434360848,-10.186984282247808,-0.7384548028607512,0.000563858706883842,,0.9358719476889321,,0.006550248595009821,,,0.012085525276826013,0.0454816676739426,,,16.257036338202013,0.999801178847261,0.516351173278126,0.9837549088093176,0.9999893892347106,1.0610765289409407e-05
1157.607693136915,0.1999596692940308,566.1331414371889,1396.7923003233602,0.12410993630835489,0.020738027279682117,-10.1873965260109,-0.7386051312215933,0.000565895593049237,,0.935720534352749,,0.006568124327142396,,,0.0121000121493943,0.045600675297052376,,,16.21680045356847,0.999798346470154,0.5146664922156262,0.9836565495234932,0.999989346126338,1.06538736619477e-05
1154.3381555496303,0.1999590973640671,564.2810319158898,1396.6519270793856,0.12410642176555421,0.020732775331331024,-10.187808934352045,-0.7387556241604862,0.0005679323087504384,,0.9355683085526775,,0.0065861010472752285,,,0.012114589132454383,0.04572030386608126,,,16.176537381617802,0.9997954868203355,0.5129827562871725,0.9835576951263281,0.9999893025984883,1.069740151171672e-05
1151.0686179623458,0.19995851993246594,562.4299618603437,1396.5108447901648,0.12410289980845919,0.0207275134814706,-10.18822150885108,-0.7389062832572701,0.0005699688617667019,,0.935415263811521,,0.006604179613162912,,,0.012129256909809337,0.04584055831134936,,,16.13624711831234,0.9997925996623297,0.5112999653275851,0.9834583414015247,0.9999892586458426,1.074135415735089e-05
1147.7990803750608,0.19995793695156852,560.5799310905637,1396.3690474007292,0.12409937035977697,0.020722241621887735,-10.188634251094747,-0.7390571100986865,0.000572005259956553,,0.9352613935827085,,0.006622360892291642,,,0.012144016162010643,0.045961443627457646,,,16.09592965913035,0.9997896847578426,0.5096181191732397,0.9833584840850207,0.9999892142644685,1.078573553148221e-05
1144.5295427877763,0.19995734837312087,558.7309394287755,1396.2265287882203,0.12409583334110649,0.020716959642831396,-10.189047162692546,-0.7392081062942335,0.0005740415112658724,,0.9351066912480646,,0.006640645762022046,,,0.012158867581778192,0.04608296485614622,,,16.05558499974609,0.9997867418656043,0.5079372176625232,0.9832581188649441,0.9999891694480111,1.0830551988916248e-05
1141.2600052004916,0.1999567541483012,556.8829867005646,1396.083282761083,0.12409228867297922,0.020711667433075672,-10.189460245275928,-0.7393592734753636,0.0005760776237254779,,0.9349511501192331,,0.006659035109746756,,,0.012173811873553384,0.046205127087726915,,,16.015213136013614,0.9997837707415059,0.5062572606368769,0.9831572413810445,0.9999891241902602,1.0875809739796516e-05
1137.9904676132069,0.19995615422768584,555.0360727339148,1395.9393030572276,0.12408873627543615,0.020706364880783545,-10.189873500486524,-0.7395106132837093,0.0005781136054498318,,0.9347947634361579,,0.006677529833002458,,,0.012188849741496656,0.046327935475828225,,,15.974814063425276,0.9997807711384291,0.5045782479399226,0.9830558472233999,0.9999890784864852,1.0921513514783321e-05
1134.7209300259224,0.19995554856128903,553.1901973596812,1395.7945833439278,0.12408517606730404,0.02070105187242786,-10.190286929990902,-0.7396621273858361,0.0005801494646435147,,0.934637524365215,,0.006696130839656535,,,0.012203981903731566,0.04645139522162356,,,15.93438777774385,0.999777742806445,0.502900179417892,0.9829539319323437,0.9999890323302267,1.0967669773265243e-05
1131.4513924386376,0.19995493709848203,551.34536041154,1395.6491172163057,0.12408160796660404,0.020695728293403874,-10.190700535472256,-0.7398138174649382,0.0005821852095991225,,0.9344794259990304,,0.006714839048016115,,,0.012219209084234572,0.046575511584183896,,,15.893934274629274,0.9997746854924101,0.5012230549195819,0.9828514909973985,0.999988985715465,1.1014284534982544e-05
1128.181854851353,0.1999543197880212,549.5015617264273,1395.502898196528,0.12407803189041768,0.020690394027831023,-10.191114318633117,-0.7399656852235488,0.0005842208486977126,,0.9343204613556446,,0.0067336553870064935,,,0.01223453201526578,0.04670028987848351,,,15.853453549755107,0.9997715989401059,0.4995468742967521,0.98274851985671,0.9999889386364005,1.1061363599518259e-05
1124.9123172640684,0.19995369657807072,547.6588011434034,1395.3559197319323,0.12407444775535678,0.020685048959255888,-10.191528281185793,-0.7401177323739727,0.0005862563904100453,,0.9341606233766002,,0.0067525807963041634,,,0.012249951427731455,0.04682573548750233,,,15.812945598364413,0.9997684828903536,0.497871637403094,0.9826450138957271,0.9999888910881382,1.1108911861845705e-05
1121.6427796767837,0.1999530674161129,545.817078504049,1395.2081751943683,0.1240708554772802,0.02067969297023128,-10.19194242485814,-0.7402699606440688,0.0005882918432980259,,0.9339999049249317,,0.006771616226512428,,,0.012265468056730287,0.04695185385664984,,,15.772410415505378,0.9997653370805645,0.49619734409459004,0.9825409684467384,0.9999888430648242,1.1156935175837823e-05
1118.3732420894992,0.19995243224901202,543.9763936532572,1395.0596578828554,0.12406725496853574,0.02067432593820721,-10.19235675144981,-0.7404223718334872,0.0005903272160388516,,0.9338382987866268,,0.00679076263931297,,,0.012281082695912545,0.047078650431239336,,,15.731847998478914,0.99976216124506,0.49452399423023385,0.9824363787907434,0.9999887945530918,1.1205446908246763e-05
1115.1037045022144,0.1999517910230086,542.136746441954,1394.9103610138059,0.12406364614476185,0.02066894774567299,-10.19277126269355,-0.7405749676749753,0.0005923625173623805,,0.9336757976734447,,0.006810021007617026,,,0.012296796064358434,0.047206130813150636,,,15.69125834087929,0.999758955115043,0.4928515876745036,0.9823312401505677,0.9999887455585708,1.125444142924259e-05
1111.8341669149297,0.1999511436835974,540.2981367179443,1394.7602777287616,0.12406002891727715,0.02066355826881398,-10.193185960410407,-0.7407277499895812,0.0005943977561360837,,0.9335123942064893,,0.006829392315745321,,,0.012312608952858,0.04733430059009656,,,15.650641439087854,0.9997557184179869,0.4911801242890403,0.9822255476963111,0.9999886960651893,1.1303934810746874e-05
1108.564629327645,0.19995049017568178,538.4605643372097,1394.6094010880004,0.12405640319814495,0.020658157385063183,-10.19360084640645,-0.740880720583375,0.0005964329413001265,,0.9333480809341606,,0.006848877559584931,,,0.012328522128434997,0.0474631654491075,,,15.609997288063202,0.9997524508784089,0.4895096039429179,0.9821192965408455,0.9999886460712881,1.1353928711876904e-05
1105.2950917403605,0.19994983044341866,536.6240291558868,1394.4577240714268,0.1240527688978039,0.020652744969572256,-10.19401592252109,-0.7410338812957615,0.0005984680819054325,,0.93318285031786,,0.006868477746766154,,,0.012344536377459442,0.04759273112642234,,,15.56932588322321,0.9997491522170933,0.48784002650535163,0.9820124817404415,0.9999885955685079,1.1404431492056943e-05
1102.0255541530757,0.19994916443030453,534.78853103475,1394.3052395764576,0.12404912592616778,0.020647320896852367,-10.194431190604652,-0.7411872339770724,0.0006005031870969842,,0.9330166947365105,,0.006888193896843119,,,0.012360652485966914,0.04772300343188552,,,15.528627219557835,0.9997458221515226,0.48617139184977276,0.9819050982932801,0.9999885445512061,1.1455448793884493e-05
1098.756016565791,0.19994849207912224,532.9540698368725,1394.1519404204153,0.12404547418981184,0.020641885036587742,-10.19484665257577,-0.74134078054594,0.0006025382661434405,,0.9328496064842455,,0.006908027041446149,,,0.01237687129271078,0.04785398818751457,,,15.48790129402874,0.9997424603956112,0.4845036998517022,0.9817971411411377,0.9999884930059171,1.1506994082921551e-05
1095.4864789785065,0.19994781333191589,531.1206454319105,1393.9978193312395,0.12404181359822011,0.02063643726293856,-10.195262310293975,-0.7414945228618937,0.0006045733283763727,,0.9326815777737859,,0.006927978224484352,,,0.012393193570010178,0.04798569136869196,,,15.447148100211905,0.9997390666595793,0.4828369503926459,0.9816886051628448,0.9999884409369724,1.1559063027632988e-05
1092.2169413912218,0.19994712813002946,529.2882576860661,1393.842868953873,0.1240381440572148,0.02063097744476148,-10.195678165693703,-0.74164846285937,0.0006066083832689075,,0.9325126007206792,,0.006948048502316451,,,0.012409620146931836,0.0481181189598366,,,15.406367633784658,0.9997356406501473,0.4811711433509692,0.9815794851787839,0.9999883883297641,1.1611670235889271e-05
1088.947403803937,0.19994643641404117,527.4569064742808,1393.687081846217,0.12403446547211207,0.02062550545031041,-10.19609422071994,-0.7418026024833573,0.0006086434403855133,,0.9323426673591036,,0.006968238943954976,,,0.01242615185221064,0.048251277023351656,,,15.365559890007184,0.9997321820702058,0.47950627861298256,0.9814697759480404,0.9999883351786208,1.16648213791537e-05
1085.6778662166525,0.19994573812380176,525.6265916729079,1393.5304504774647,0.12403077774733474,0.02062002114666227,-10.196510477336124,-0.7419569436972893,0.0006106785094016517,,0.932171769631619,,0.006988550631219512,,,0.012442789519260757,0.04838517169435935,,,15.32472486391496,0.9997286906190087,0.47784235606627995,0.9813594721672289,0.9999882814764587,1.1718523541315307e-05
1082.4083286293678,0.19994503319837278,523.7973131619528,1393.3729672286677,0.12402708078522712,0.02061452439795724,-10.19692693754832,-0.7421114885072324,0.0006127136001107518,,0.9319998993902397,,0.007008984658973275,,,0.012459534009223245,0.048519809154745255,,,15.283862551358872,0.9997251659918639,0.4761793756017753,0.9812485684708929,0.9999882272131816,1.1772786818409209e-05
1079.138791042083,0.19994432157606357,521.9690708259507,1393.2146243878672,0.12402337448865769,0.02060901506927162,-10.197343603352138,-0.7422662389088011,0.0006147487224013608,,0.9318270483964739,,0.007029542135288245,,,0.012476386161644001,0.048655195692483624,,,15.24297294678228,0.9997216078803178,0.4745173371145006,0.9811370594280756,0.9999881723858899,1.1827614110115903e-05
1075.8692534547984,0.19994360319436916,520.1418645504607,1393.0554141519303,0.12401965875834514,0.02060349302264431,-10.197760476787284,-0.7424211969416952,0.0006167838862897155,,0.9316532083139212,,0.007050224181659587,,,0.012493346843749507,0.048791337644376404,,,15.202056045412649,0.9997180159718457,0.4728562405004188,0.981024939543613,0.9999881169837066,1.1883016293401383e-05
1072.5997158675139,0.19994287799000857,518.3156942261907,1392.8953286227334,0.12401593349496688,0.020597958120213616,-10.198177559894551,-0.7425763646467107,0.0006188191018944785,,0.931478370714101,,0.007071031933206672,,,0.01251041691196981,0.04892824144295545,,,15.161111841554865,0.9997143899500428,0.47119608566017335,0.9809122032554461,0.999988061002233,1.1938997766969273e-05
1069.3301782802291,0.19994214589886575,516.4905597463347,1392.734359812249,0.12401219859431423,0.020592410217022523,-10.198594854814642,-0.7427317441645513,0.0006208543794856984,,0.9313025270700862,,0.007091966538870141,,,0.01252759730128969,0.04906591351178425,,,15.120140332582023,0.9997107294943287,0.4695368724966679,0.9807988449382037,0.9999880044220303,1.199557796971451e-05
1066.0606406929444,0.1999414068560154,514.6664610123495,1392.5724996284398,0.12400845395679984,0.020586849175145725,-10.199012363594258,-0.7428873375419158,0.0006228897293920206,,0.9311256687662566,,0.007113029161650042,,,0.012544888849862152,0.04920436047462556,,,15.079141511069398,0.999707034280077,0.4678786009203177,0.9806848588932676,0.9999879472523943,1.2052747605739711e-05
1062.7911031056599,0.19994066079565617,512.8433979211227,1392.4097398856757,0.1240046994776708,0.020581274849153033,-10.19943008838572,-0.7430431469311252,0.0006249251621149608,,0.9309477870724769,,0.007134220978785175,,,0.01256229247639895,0.04934358894557303,,,15.038115372702855,0.9997033039782808,0.46622127083738424,0.9805702393561098,0.999987889473234,1.2110526765973795e-05
1059.5215655183752,0.19993990765118771,511.0213703793257,1392.2460722998792,0.12400093505096843,0.02057568709199656,-10.199848031366207,-0.7431991745093622,0.0006269606882652859,,0.9307688731697299,,0.007155543182002536,,,0.01257980911146964,0.049483605612851984,,,14.997061913272022,0.9996995382559385,0.46456488216302333,0.9804549804928728,0.999987831076054,1.2168923945954369e-05
1056.2520279310907,0.1999391473550974,509.2003782970359,1392.0814884834072,0.12399716057127082,0.02057008575759954,-10.20026619470222,-0.7433554224431234,0.0006289963185627105,,0.9305889181362973,,0.007176996977725283,,,0.012597439662662167,0.04962441728084243,,,14.955981127037745,0.999695736775487,0.4629094348154872,0.9803390763967658,0.9999877720575272,1.2227942472797793e-05
1052.982490343806,0.19993837983900406,507.38042158569715,1391.9159799454626,0.12399337593203966,0.020564470698403513,-10.200684580583303,-0.7435118929219549,0.0006310320638589558,,0.9304079129419541,,0.007198583587298356,,,0.012615185044510676,0.04976603083568577,,,14.914873008067186,0.9996918991950202,0.46125492871427015,0.9802225210883541,0.9999877124094488,1.2287590551163241e-05
1049.7129527565212,0.19993760503364646,505.561500160388,1391.7495380941289,0.12398958102344859,0.02055884176215082,-10.20110319126635,-0.7436685882027518,0.0006330679351505569,,0.930225848451683,,0.007220304247234716,,,0.012633046218713584,0.049908453198981996,,,14.873737552069045,0.9996880251682323,0.4596013637821709,0.9801053085169923,0.9999876521166133,1.234788338666526e-05
1046.4434151692367,0.1999368228688244,503.74361394368304,1391.582154231427,0.12398577573503694,0.02055319879582575,-10.201522029021476,-0.7438255105556255,0.0006351039435514932,,0.9300427154302183,,0.007242160209429356,,,0.012651024146554501,0.050051691385954084,,,14.832574754247004,0.9996841143441219,0.45794873994880275,0.9799874325573431,0.9999875911721563,1.2408827843701786e-05
1043.173877581952,0.19993603327340995,501.92676286044104,1391.4138195509906,0.12398195995560601,0.020547541645503493,-10.20194109613414,-0.7439826622660384,0.0006371401003062037,,0.9298585045316177,,0.0072641527414233275,,,0.012669119788800556,0.05019575250648727,,,14.791384609260032,0.9996801663670497,0.4562970571458555,0.97986888700774,0.9999875295683288,1.2470431671185445e-05
1039.9043399946672,0.1999352361753745,500.1109468388214,1391.2445251364584,0.1239781335732318,0.02054187015637085,-10.202360394904884,-0.7441400456345324,0.0006391764167900905,,0.9296732062990044,,0.007286283126624281,,,0.012687334105819894,0.05034064376643829,,,14.750167111234594,0.9996761808768725,0.45464631530801947,0.9797496655890554,0.9999874672978869,1.2532702113099425e-05
1036.6348024073825,0.1999344314982071,498.29615961159124,1391.0742616722994,0.123974296468605,0.020536184162860915,-10.202779927785222,-0.7442976631126186,0.0006412129111645527,,0.9294868111119805,,0.00730855271498474,,,0.012705668006475346,0.05048637250075725,,,14.708922257473183,0.9996721574910356,0.4529965087378102,0.9796297617410561,0.9999874043341979,1.2595665802139777e-05
1033.3652648200978,0.1999336191748347,496.48241348991195,1390.9030206010648,0.12397044853591692,0.020530483519605642,-10.203199696951522,-0.7444555168766662,0.0006432495817821005,,0.9292993094178289,,0.0073309627222555235,,,0.012724122640773017,0.050632945927644495,,,14.667650041515175,0.9996680958741735,0.4513476486271927,0.9795091694373698,0.9999873407085019,1.2659291498073877e-05
1030.0957272328133,0.1999327991268557,494.66970222684853,1390.7307923758326,0.12396658965441056,0.020524768059281474,-10.203619704885435,-0.7446136094083275,0.0006452864471644632,,0.9291106913202185,,0.007353514530777875,,,0.01274269894621422,0.05078037157680609,,,14.62635045299826,0.9996639956342784,0.44969972929713503,0.9793878819548119,0.9999872763740167,1.2723625983257492e-05
1026.8261896455285,0.19993197127828444,492.85802577896106,1390.5575676307813,0.12396271970592102,0.020519037618607332,-10.204039954016034,-0.7447719431366764,0.0006473235191866049,,0.9289209469313023,,0.0073762094900271845,,,0.012761397925561845,0.050928656984528434,,,14.585023489815446,0.9996598563914222,0.44805275070814643,0.9792658926977335,0.9999872113314198,1.2788668580232532e-05
1023.5566520582439,0.19993113555212075,491.04738409616346,1390.3833368827554,0.12395883856895037,0.02051329202957069,-10.204460446840715,-0.7449305205591052,0.0006493608099486545,,0.9287300662227005,,0.007399048966649842,,,0.012780220642267004,0.05107780973297486,,,14.543669148035212,0.9996556777606037,0.4464067128146941,0.9791431949878561,0.9999871455645922,1.285443540777198e-05
1020.2871144709593,0.19993029187031902,489.23777713509793,1390.2080905238868,0.12395494612413895,0.020507531127531186,-10.204881185813568,-0.7450893441297062,0.0006513983316617059,,0.9285380390507854,,0.007422034344739896,,,0.012799168108130664,0.05122783757057369,,,14.502287420878421,0.999651459351595,0.44476161557736177,0.9790197820590754,0.9999870790742296,1.2920925770432135e-05
1017.0175768836747,0.19992944015377798,487.42920485148994,1390.0318188265592,0.12395104224887829,0.020501754743248207,-10.205302173455289,-0.7452484163691775,0.000653436096714416,,0.928344855140282,,0.00744516702611899,,,0.012818241376322518,0.05137874830153475,,,14.460878302841751,0.9996472007688898,0.44311745895589993,0.9788956470609573,0.9999870118442582,1.29881557417999e-05
1013.7480392963901,0.19992858032232486,485.62166720879287,1389.854511942743,0.12394712681748092,0.020495962703138935,-10.205723412349737,-0.7454077398613741,0.0006554741176537768,,0.9281505040987047,,0.0074684484306210604,,,0.012837441540717809,0.051530549788908434,,,14.419441789719338,0.9996429016116243,0.4414742429170844,0.9787707830582699,0.9999869438589521,1.3056141047851355e-05
1010.4785017091053,0.1999277122946877,483.8151641768259,1389.676159893838,0.12394319970625914,0.020490154836795428,-10.206144905040302,-0.7455673171496873,0.000657512407146943,,0.9279549754118228,,0.007491879996381955,,,0.012856769646175669,0.05168325006393482,,,14.377977874500935,0.9996385614734384,0.4398319674334781,0.9786451830238297,0.9999868751183152,1.312488168481174e-05
1007.2089641218207,0.19992683598848582,482.0096957249775,1389.4967525769978,0.1239392607873639,0.020484330967873846,-10.20656665415562,-0.7457271508627556,0.0006595509780525771,,0.9277582584286528,,0.007515463180135784,,,0.012876226793755071,0.05183685720045803,,,14.336486552110799,0.9996341799424291,0.43819063247725226,0.9785188398429563,0.9999868056030017,1.319439699831726e-05
1003.9394265345359,0.19992595132020693,480.20526183140873,1389.3162797593473,0.12393530993220074,0.020478490919152097,-10.206988662339898,-0.7458872436447805,0.0006615898433724607,,0.9275603423769905,,0.007539199457516233,,,0.012895814084046794,0.051991379385652105,,,14.29496781687967,0.9996297566010346,0.4365502380285534,0.9783917463093996,0.9999867353042057,1.3264695794323877e-05
1000.6698889472513,0.19992505820518855,478.4018624778013,1389.1347310766953,0.12393134701029677,0.020472634510858363,-10.207410932276018,-0.7460475981786487,0.0006636290162760511,,0.9273612163512869,,0.007563090323364023,,,0.012915532634794637,0.05214682489999638,,,14.253421663292723,0.9996252910259427,0.4349107840707284,0.9782638951244335,0.9999866642094418,1.3335790558177685e-05
997.4003513599666,0.19992415655759713,476.59949765107183,1388.9520960305074,0.12392737189003117,0.020466761561755063,-10.207833466670653,-0.7462082171710342,0.0006656685100927018,,0.9271608693137927,,0.007587137292040328,,,0.012935383568398592,0.052303202134163784,,,14.21184808544028,0.9996207827879856,0.4332722705918835,0.9781352788947236,0.9999865923083955,1.3407691604516714e-05
994.130813772682,0.19992324629041008,474.7981673424947,1388.7683639875984,0.12392338443732914,0.020460871887213565,-10.20825626828092,-0.7463691033790489,0.000667708338327692,,0.9269592900907045,,0.0076113418977465175,,,0.012955368034022946,0.052460519564014554,,,14.170247077997512,0.9996162314520504,0.4316346975840861,0.9780058901321117,0.9999865195864885,1.3480413511457456e-05
990.8612761853974,0.1999223273153925,472.99787154948444,1388.5835241756656,0.12391938451726348,0.020454965301584683,-10.208679339881702,-0.7465302595775789,0.0006697485146468293,,0.9267564673734101,,0.007635705694849914,,,0.012975487180308031,0.052618785785505426,,,14.12861863498996,0.9996116365769625,0.42999806504498583,0.977875721250469,0.9999864460340735,1.355396592650493e-05
987.5917385981127,0.1999213995430754,471.19861027307803,1388.3975656805496,0.12391537199399993,0.020449041618121264,-10.20910268426677,-0.7466916885603965,0.0006717890528857217,,0.926552389711327,,0.00766023025821599,,,0.012995742155313232,0.05277800951636065,,,14.08696274976749,0.9996069977153769,0.4283623729755255,0.9777447645637675,0.9999863716412168,1.3628358783157601e-05
984.322201010828,0.19992046288274287,469.4003835190274,1388.2104774516747,0.12391134672612196,0.020443100642081772,-10.20952630434421,-0.7468533932355861,0.0006738299670902054,,0.9263470455117224,,0.007684917183548102,,,0.013016134186147037,0.052938199501487995,,,14.045279418619792,0.9996023144137143,0.426727621380934,0.9776130122899119,0.9999862963829056,1.370361709440715e-05
981.0526634235434,0.1999195172423939,467.6031913031633,1388.0222482841643,0.12390730857680173,0.02043714218574828,-10.209950202928846,-0.7470153764179699,0.0006758712714186645,,0.9261404230479603,,0.007709768087731842,,,0.01303666440772163,0.05309936472307256,,,14.003568633012042,0.9995975862119695,0.425093810275603,0.9774804565381441,0.9999862202664863,1.3779733513685777e-05
977.7831258362587,0.1999185625287403,465.80703363812836,1387.8328668368742,0.12390325739969592,0.0204311660476158,-10.210374383030118,-0.7471776411169913,0.0006779129802985184,,0.9259325104309503,,0.007734784609189233,,,0.01305733409683805,0.053261514117009544,,,13.961830390136548,0.9995928126437015,0.42346093967102577,0.9773470893217426,0.999986143253987,1.3856746012952392e-05
974.5135882489741,0.19991759864716335,464.01191055278133,1387.6423216088267,0.12389919305405775,0.02042517203469634,-10.210798847543627,-0.7473401902282486,0.000679955108251874,,0.9257232956450864,,0.007759968408236865,,,0.013078144423205389,0.05342465687925046,,,13.920064681709892,0.9995879932358167,0.42182900959343755,0.9772129025414275,0.9999860653557792,1.3934644220836567e-05
971.2440506616895,0.19991662550170392,462.2178220704911,1387.4506009513498,0.12389511539328288,0.020419159945623717,-10.211223599484956,-0.7475030267673262,0.0006819976700501092,,0.9255127665027375,,0.007785321167453719,,,0.013099096634714444,0.0535888022403675,,,13.878271502246369,0.9995831275085195,0.4201980200640828,0.9770778879939085,0.9999859865452732,1.4013454726846675e-05
967.9745130744049,0.19991564299503464,460.4247682264167,1387.257693060479,0.12389102426993093,0.020413129578067547,-10.211648641887166,-0.7476661537672857,0.0006840406806315755,,0.9253009106760361,,0.007810844592055215,,,0.013120191978805781,0.05375395956497308,,,13.836450845590049,0.9995782149751732,0.4185679711149243,0.9769420373665346,0.9999859068118702,1.4093188129837841e-05
964.70497548712,0.19991465102843708,458.63274905989647,1387.063585976178,0.12388691953375992,0.020407080725840104,-10.212073977840937,-0.7478295743188053,0.0006860841551402832,,0.9250877156791893,,0.007836540410275235,,,0.013141431732324703,0.053920138316660066,,,13.794602706191696,0.9995732551421854,0.41693886278172404,0.9768053422367453,0.9999858261384494,1.417386155055933e-05
961.4354378998354,0.19991364950177648,456.841764617535,1386.868267579517,0.12388280103216416,0.020401013179548743,-10.21249961048563,-0.7479932915612455,0.0006881281089177532,,0.9248731688720497,,0.007862410373755603,,,0.013162817194853398,0.05408734806845564,,,13.752727078823261,0.9995682475088824,0.41531069510685,0.9766677940700825,0.9999857445091143,1.4255490885739519e-05
958.1659003125508,0.19991263831346925,455.0518149517162,1386.671725582749,0.12387866861421044,0.020394926732545983,-10.212925542926904,-0.7481573086002697,0.000690172557474998,,0.9246572574544948,,0.007888456257943226,,,0.013184349620723472,0.05425559858783639,,,13.710823955483583,0.9995631915673462,0.41368346813792384,0.9765293842132038,0.9999856619209978,1.4338079002196302e-05
954.896362725266,0.19991161736046942,453.2629001159666,1386.47394753978,0.12387452212225754,0.020388821168589862,-10.213351778407805,-0.7483216286789194,0.0006922175165799182,,0.9244399684542266,,0.007914679862496658,,,0.013206030356197206,0.054424899670758725,,,13.668893331583181,0.999558086802347,0.412057181923606,0.9763901039012537,0.9999855783436791,1.4421656320928733e-05
951.6268251379814,0.19991058653823207,451.47502017658826,1386.2749208317648,0.12387036140013138,0.020382696273891505,-10.213778320141888,-0.7484862550107501,0.0006942630021611418,,0.9242212887476622,,0.007941083011699369,,,0.013227860708093123,0.05459526130584178,,,13.626935200030633,0.9995529326911603,0.41043183652417115,0.9762499442477218,0.9999854937732965,1.4506226703514535e-05
948.3572875506968,0.19990954574068917,449.68817520057775,1386.0746326686772,0.12386618628902597,0.020376551831082442,-10.214205171396895,-0.748651190863507,0.0006963090303769436,,0.92400120503251,,0.00796766755488253,,,0.013249842006540313,0.05476669359847018,,,13.584949554008787,0.9995477287034458,0.4088074320005252,0.9761088962455474,0.9999854081924031,1.4591807596886497e-05
945.0877499634122,0.1999084948602305,447.9023652629195,1385.873070094404,0.12386199662371053,0.02037038761364223,-10.21463233557222,-0.7488164396365811,0.0006983556176336116,,0.9237797038397451,,0.007994435366856838,,,0.013271975669689053,0.05493920669449185,,,13.542936389926012,0.9995424743011524,0.4071839684208359,0.9759669507707073,0.9999853215707828,1.4678429217207523e-05
941.8182123761276,0.19990743378765702,446.1175904502678,1385.6702199644149,0.12385779224413009,0.020364203402973794,-10.215059815962057,-0.7489820046241658,0.0007004027804791579,,0.9235567715383466,,0.008021388348351468,,,0.013294263014467374,0.055112811015221835,,,13.50089569885003,0.999537168938285,0.4055614458638798,0.9758240985664894,0.9999852339163872,1.4766083612838266e-05
938.5486747888428,0.19990636241216825,444.33385084528175,1385.4660689618152,0.12385357298244032,0.020357998969332696,-10.215487616020132,-0.7491478892799908,0.0007024505357589127,,0.9233323942999666,,0.008048528426464521,,,0.013316705462411356,0.05528751700523125,,,13.458827475749898,0.9995318120608412,0.40393986440480156,0.9756803302547996,0.9999851451940738,1.4854805926223236e-05
935.2791372015582,0.1999052806213233,442.5511465452816,1385.260603581854,0.1238493386723377,0.02035177408555903,-10.215915739169205,-0.7493140970268115,0.0007044989004913204,,0.9231065581343901,,0.008075857555121175,,,0.013339304394307182,0.055463335315625334,,,13.41673171300037,0.9995264031066164,0.40231922413207416,0.9755356363252494,0.9999850553994438,1.4944600556177079e-05
932.0095996142736,0.19990418830101944,440.76947764906646,1385.0538101395086,0.12384508914128477,0.020345528515651308,-10.216344188959834,-0.7494806314151887,0.0007065478919726372,,0.9228792488591293,,0.008103377715542603,,,0.013362061270951709,0.055640276656371564,,,13.374608405749267,0.9995209415050972,0.400699525135515,0.9753900071404992,0.9999849645019953,1.503549800474513e-05
928.7400620269888,0.19990308533545353,438.9888442679341,1384.8456747570447,0.12384082421706884,0.02033926202441679,-10.216772968936459,-0.7496474959895636,0.0007085975276958599,,0.9226504521192055,,0.008131090916723593,,,0.013384977530695246,0.05581835192627146,,,13.33245754733441,0.9995154266772677,0.3990807675163037,0.9752434329274964,0.9999848724928958,1.5127507104195637e-05
925.4705244397041,0.19990197160709322,437.2092465160857,1384.6361833648666,0.12383654372421322,0.0203329743722019,-10.2172020827107,-0.7498146943615538,0.000710647825410522,,0.9224201533638999,,0.008158999195921095,,,0.01340805464348027,0.0559975721478065,,,13.29027913165826,0.9995098580354661,0.39746295137825977,0.9750959037780752,0.9999847793511079,1.5220648892144695e-05
922.2009868524195,0.19990084699664035,435.4306845156835,1384.425321692998,0.12383224748742531,0.020326665319964285,-10.21763153389095,-0.7499822301395511,0.0007126988030838154,,0.9221883378539943,,0.008187104619152395,,,0.013431294056852096,0.056177948536992844,,,13.248073150784967,0.9995042349832017,0.39584607683243955,0.9749474096429566,0.9999846850669917,1.531493300832576e-05
918.9314492651349,0.1998997113830059,433.653158392542,1384.2130752766698,0.12382793532596889,0.020320334621013333,-10.218061326197313,-0.7501501070436642,0.0007147504789649084,,0.9219549906493165,,0.008215409281705045,,,0.013454697284369826,0.056359492396314,,,13.205839598886053,0.9994985569150295,0.39423014399322004,0.9747979403356831,0.9999845896117054,1.5410388294556654e-05
915.6619116778502,0.19989856464327066,431.8766682840382,1383.9994294453568,0.12382360705872955,0.02031398202845774,-10.218491463358161,-0.7503183288022601,0.0007168028715246385,,0.9217200966219948,,0.008243915308656315,,,0.013478265826963126,0.05654221521566466,,,13.163578468717754,0.9994928232163532,0.39261515298548927,0.9746474855248993,0.9999844929732788,1.5507026721151007e-05
912.3923740905656,0.19989740665265673,430.1012143321913,1383.7843693272332,0.1238192624989201,0.02030760728744046,-10.218921949218297,-0.7504868992601441,0.0007188559995239609,,0.9214836404383487,,0.008272624855405041,,,0.013502001254349314,0.05672612857342895,,,13.12128975523227,0.9994870332632836,0.39100110393835574,0.9744960347374884,0.999984395121532,1.560487846796743e-05
909.122836503281,0.19989623728448472,428.32679669083984,1383.5678798357367,0.12381490146025824,0.020301210144213887,-10.219352787612781,-0.7506558222523783,0.0007209098819459189,,0.9212456065706096,,0.00830154010821345,,,0.013525905108956257,0.05691124425926709,,,13.078973451276772,0.9994811864224236,0.3893879969916726,0.9743435773491105,0.9999842960470464,1.5703952953582956e-05
905.8532989159962,0.19989505641014113,426.55341551685314,1383.3499456717502,0.12381052375260017,0.020294790339738817,-10.219783982456127,-0.7508251016934722,0.0007229645380613325,,0.9210059792744929,,0.008330663284761761,,,0.013549978971607283,0.05709757419443668,,,13.036629550493268,0.9994752820507056,0.3877758322880483,0.9741901025857398,0.9999841957252986,1.5804274701380905e-05
902.5837613287116,0.19989386389903688,424.7810709762278,1383.1305513131626,0.12380612918620314,0.02028834761594353,-10.220215537655251,-0.7509947414903451,0.0007250199873802918,,0.9207647425985015,,0.008359996634714144,,,0.013574224396081313,0.05728513051683425,,,12.994258044404994,0.9994693194951844,0.3861646099783889,0.9740355995163119,0.9999840941461312,1.590585386879173e-05
899.314223741427,0.19989265961858196,423.00976323911067,1382.9096810259937,0.1238017175629315,0.02028188170283856,-10.220647457289108,-0.751164745721951,0.000727076249746557,,0.9205218803693649,,0.008389542440298119,,,0.013598643044979448,0.05747392541425491,,,12.951858928488784,0.9994632980929098,0.38455433021737334,0.9738800570605591,0.9999839912688974,1.6008731102634677e-05
896.0446861541424,0.19989144343413243,421.23949249143027,1382.6873188418554,0.1237972886876664,0.020275392335252225,-10.221079745375642,-0.7513351184062333,0.0007291333452125146,,0.9202773762133764,,0.008419303016894569,,,0.013623236515034592,0.05766397134664314,,,12.909432194329145,0.999457217170662,0.3829449931740275,0.9737234639731377,0.9999838870919486,1.611290805136889e-05
892.7751485668575,0.19989021520896022,419.47025891891656,1382.4634485678307,0.1237928423587612,0.020268879238848302,-10.221512406066777,-0.7515058636951171,0.0007311912941695028,,0.9200312135177985,,0.00844928071364277,,,0.013648006479393529,0.0578552808696262,,,12.866977835955561,0.9994510760448011,0.38133659901719685,0.9735658088505852,0.9999837815804611,1.6218419538915896e-05
889.5056109795729,0.1998889748042094,417.70206272109544,1382.238053775563,0.12378837837333845,0.020262342137898237,-10.221945443540216,-0.7516769857663057,0.0007332501172696594,,0.9197833754572038,,0.008479477914057065,,,0.013672954610285212,0.058047866736078674,,,12.824495846405071,0.9994448740210469,0.37972914792826856,0.9734070801236361,0.9999836747176247,1.632528237527353e-05
886.2360733922883,0.19988772207885097,415.93490410302525,1382.011117794737,0.12378389652738497,0.020255780755425924,-10.222378861997516,-0.7518484888213539,0.0007353098354523624,,0.9195338449713877,,0.008509897036657738,,,0.013698082573759741,0.058241741904940435,,,12.78198621743429,0.9994386103942549,0.3781226400936593,0.9732472660526318,0.9999835664867456,1.6433513254421328e-05
882.9665358050036,0.1998864568896571,414.168783276933,1381.782623726573,0.12377939660649828,0.02024919479967187,-10.222812665853144,-0.7520203772747305,0.0007373704700255608,,0.9192826047646417,,0.008540540535617168,,,0.013723392172780482,0.05843691936543319,,,12.739448945946148,0.9994322844482854,0.3765170757063028,0.9730863547370234,0.9999834568384726,1.6543161527438066e-05
879.6969982177189,0.19988517909113046,412.40370047318413,1381.5525544064533,0.12377487840455072,0.020242583991422588,-10.223246859353198,-0.752192655372534,0.0007394320424793648,,0.9190296373258522,,0.00857141090141664,,,0.013748885063503904,0.05863341249769267,,,12.696884021246305,0.9994258954556523,0.3749124549756219,0.9729243340890518,0.9999833457884655,1.665421153451696e-05
876.4274606304343,0.1998838885354808,410.63965591491177,1381.3208924293504,0.12377034170464064,0.020235948036137437,-10.223681446964576,-0.7523653275816606,0.000741494574726181,,0.918774924867779,,0.008602510661522017,,,0.01377456303757082,0.05883123471850377,,,12.654291437640865,0.999419442677404,0.3733087781044652,0.9727611918516553,0.9999832332853757,1.6766714624250056e-05
873.1579230431497,0.19988258507257525,408.87664984580596,1381.0876201329427,0.12376578628899643,0.020229286638455114,-10.224116433172656,-0.7525383983874878,0.0007435580889444565,,0.9185184493842982,,0.008633842381072225,,,0.013800427880710276,0.05903039966616374,,,12.61167118818111,0.9994129253628762,0.37170604531436907,0.9725969155865795,0.9999831193122444,1.6880687755627122e-05
869.8883854558651,0.19988126854988478,407.1146825148006,1380.8527195892405,0.12376121193882711,0.02022259950198058,-10.224551822484365,-0.7527118722969472,0.0007456226076278427,,0.9182601926117913,,0.008665408663582912,,,0.013826481368712555,0.05923092120727281,,,12.569023264367077,0.9994063427494239,0.37010425683163695,0.9724314926684794,0.9999830038513595,1.6996148640480158e-05
866.6188478685804,0.1998799388124552,405.35375417822377,1380.6161726198975,0.12375661842418548,0.020215886314478553,-10.224987619635305,-0.7528857540456357,0.0007476881536732114,,0.9180001360292086,,0.008697212151668294,,,0.013852725421483754,0.05943281324631789,,,12.526347663083172,0.9993996940622759,0.36850341288929434,0.9722649102957026,0.9999828868486785,1.71131513214684e-05
863.3493102812957,0.19987859570282934,403.5938651119365,1380.377960755313,0.12375200552385998,0.020209146776959,-10.225423829183342,-0.7530600481914203,0.0007497547501801874,,0.9177382608807759,,0.008729255527775178,,,0.013879161805743587,0.05963609010622526,,,12.483644373275432,0.9993929785141467,0.3669035137381241,0.9720971554614882,0.9999827683205199,1.7231679480089745e-05
860.0797726940111,0.19987723906101945,401.83501558436393,1380.1380652625066,0.12374737300498502,0.020202380573885688,-10.225860455925222,-0.7532347595310505,0.0007518224207099546,,0.9174745481100848,,0.008761541514938008,,,0.013905792432714033,0.059840766152597064,,,12.440913389181908,0.9993861953050972,0.365304559622149,0.9719282149735964,0.9999826482103339,1.7351789666109063e-05
856.8102351067263,0.19987586872445157,400.0772058860915,1379.8964671258836,0.12374272063394785,0.02019558738912828,-10.226297504673747,-0.7534098928773236,0.0007538911891137671,,0.9172089784221313,,0.00879407287754865,,,0.01393261920392853,0.06004685599643665,,,12.398154703557612,0.9993793436222578,0.36370655080553776,0.9717580754407633,0.9999825265000452,1.7473499954845373e-05
853.5406975194417,0.1998744845279063,398.3204363132122,1379.6531470394716,0.1237380481754229,0.020188766904558668,-10.226734980277502,-0.7535854530788271,0.0007559610795949173,,0.9169415322405117,,0.00882685242214407,,,0.013959644019500868,0.06025437448569645,,,12.355368307893162,0.9993724226395314,0.36210948755746564,0.9715867232672337,0.9999824031678531,1.759683214686003e-05
850.271159932157,0.19987308630348263,396.5647071705663,1379.4080854206584,0.12373335538311557,0.02018191878655317,-10.227172887810047,-0.7537614452091219,0.000758032116786595,,0.9166721897095046,,0.008859882998213357,,,0.013986868916591084,0.060463336533864216,,,12.312554198651961,0.9993654315174131,0.36051337015506024,0.9714141446624356,0.9999822781581733,1.772184182669001e-05
847.0016223448724,0.19987167388051713,394.81001878276805,1379.1612623705387,0.12372864201815642,0.02017504271285087,-10.22761123219403,-0.7539378741908536,0.0007601043255673477,,0.9164009307143148,,0.008893167499020537,,,0.014014295798989823,0.060673757469135885,,,12.26971236516889,0.9993583694025856,0.3589181988934255,0.9712403256130555,0.9999821514814611,1.7848518538921e-05
843.7320847575877,0.19987024708554432,393.0563714691469,1378.9126576966519,0.12372390783158783,0.020168138347003955,-10.228050018559099,-0.7541147451536698,0.0007621777312920897,,0.9161277348177147,,0.008926708862449282,,,0.014041926687429129,0.06088565271692514,,,12.22684280074949,0.9993512354277215,0.3573239740628608,0.9710652518990508,0.9999820230845182,1.79769154817766e-05
840.4625471703031,0.19986880574223745,391.3037655692249,1378.6622508963944,0.12371915257294824,0.020161205350917658,-10.228489252066497,-0.7542920632588181,0.0007642523596515407,,0.9158525813133755,,0.008960510071866162,,,0.014069763601446999,0.06109903795811617,,,12.183945497490221,0.9993440287111872,0.3557306959720226,0.970888909081968,0.9999818929448049,1.8107055195115684e-05
837.1930095830185,0.19986734967135653,389.55220143083886,1378.4100211636483,0.1237143759825431,0.020154243373594775,-10.228928938067058,-0.7544698338571276,0.0007663282367808291,,0.9155754491927836,,0.008994574157004541,,,0.014097808668083472,0.06131392899326774,,,12.141020451011556,0.9993367483567825,0.35413836493712625,0.9707112825096116,0.9999817610111393,1.8238988860663774e-05
833.9234719957337,0.19986587869066602,387.8016794194893,1378.1559473536843,0.123709577806768,0.020147252073484,-10.229369081788033,-0.7546480621758498,0.0007684053891068107,,0.9152963171613815,,0.0090289041948666,,,0.014126063899701065,0.06153034203206204,,,12.098067650569021,0.99932939345333,0.3525469812904448,0.9705323572913271,0.9999816272880112,1.837271198878998e-05
830.6539344084491,0.19986439261489153,386.05219989797047,1377.9000080066503,0.12370475778080722,0.020140231093273387,-10.229809688686732,-0.7548267536722992,0.0007704838435653021,,0.915015163584743,,0.00906350331065023,,,0.014154531439018521,0.06174829338170638,,,12.055087089919512,0.9993219630744576,0.35095654536179133,0.9703521183145426,0.9999814917161182,1.850828388183512e-05
827.3843968211645,0.19986289125565285,384.30376325124047,1377.6421813280379,0.12369991563826928,0.020133180073948927,-10.230250764253613,-0.7550059138369285,0.0007725636274526455,,0.9147319665410525,,0.00909837467869576,,,0.014183213427275992,0.061967799624006156,,,12.012078761513616,0.9993144562782642,0.3493670575011277,0.9701705502310127,0.9999813542710304,1.8645728969590714e-05
824.1148592338799,0.1998613744213941,382.5563698720592,1377.382445181983,0.12369505110929521,0.020126098652049906,-10.230692314050954,-0.7551855482320171,0.0007746447684923271,,0.9144467037811034,,0.009133521523454898,,,0.014212112025736363,0.06218887759065855,,,11.969042657333224,0.9993068721069704,0.34777851806550836,0.9699876374521009,0.9999812149209533,1.8785079046734765e-05
820.845321646595,0.19985984191732387,380.81002016451004,1377.1207770918875,0.12369016391745564,0.020118986455166694,-10.231134343776322,-0.7553656625551355,0.0007767272948596511,,0.9141593527303371,,0.00916894712048386,,,0.014241229461124915,0.06241154431014533,,,11.925978770946545,0.9992992095866193,0.34619092742228186,0.9698033641492166,0.9999810736220912,1.8926377908790037e-05
817.5757840593104,0.19985829354533993,379.0647145479287,1376.857154223484,0.12368525378500475,0.020111843109603237,-10.231576859155183,-0.7555462625317446,0.0007788112351329754,,0.9138698904917677,,0.00920465479745883,,,0.014270567950482281,0.06263581710998388,,,11.88288709413731,0.9992914677266996,0.34460428595266246,0.9696177142418904,0.9999809303496927,1.9069650307290686e-05
814.3062464720258,0.19985672910395985,377.3204534495402,1376.5915533824004,0.12368032042962468,0.020104668235651695,-10.232019866007478,-0.7557273539817881,0.0007808966183525394,,0.9135782938217939,,0.009240647935216614,,,0.014300129744732559,0.06286171356470553,,,11.83976761879727,0.9992836455197992,0.34301859404503654,0.9694306713960568,0.9999807850664486,1.9214933551392477e-05
811.0367088847411,0.19985514838825766,375.5772373100387,1376.3239510152039,0.12367536356124283,0.02009746144298137,-10.232463370312722,-0.7559089428847816,0.0007829834740403334,,0.9132845391367821,,0.009276929968820772,,,0.014329917175630449,0.06308925144131489,,,11.796620339021366,0.9992757419412882,0.3414338521000352,0.9692422190247916,0.9999806377225482,1.936227745180652e-05
807.7671712974565,0.19985355118977452,373.8350665868313,1376.0543231816407,0.1236703828919804,0.020090222345119826,-10.232907378006628,-0.7560910351764356,0.0007850718321127938,,0.9129886025141609,,0.009313504388651469,,,0.014359932513914547,0.06331844888834116,,,11.753445244774998,0.9992677559488725,0.339850060533483,0.9690523402687612,0.999980488305068,1.951169493197291e-05
804.4976337101718,0.19985193729645684,372.09394174118194,1375.7826455703087,0.12366537812342131,0.020082950540958412,-10.233351895241423,-0.7562736370089791,0.0007871617230397335,,0.9126904596540565,,0.009350374741524371,,,0.014390178145412562,0.06354932421165112,,,11.710242329656587,0.9992596864822841,0.33826721976471086,0.9688610180072598,0.9999803367526445,1.9663247355472535e-05
801.2280961228872,0.19985030649257537,370.35386325624245,1375.5088934787525,0.12366034895474631,0.020075645626595865,-10.233796928219572,-0.7564567545848782,0.0007892531777283849,,0.912390085916045,,0.009387544631835233,,,0.014420656461330564,0.06378189602478336,,,11.66701158607392,0.9992515324628768,0.33668533023294767,0.9686682348441921,0.9999801830339942,1.981696600583671e-05
797.9585585356026,0.19984865855863732,368.6148316247866,1375.2330418012943,0.12365529508289147,0.020068307195580042,-10.234242483190554,-0.7566403941536084,0.0007913462275690583,,0.9120874562818723,,0.009425017722731868,,,0.014451369850673473,0.06401618326271596,,,11.6237530048103,0.9992432927931866,0.3351043923861696,0.9684739730995032,0.9999800271179936,1.997288200639158e-05
794.6890209483179,0.19984699327132013,366.8768473505255,1374.9550650401,0.12365021619384703,0.02006093482629122,-10.234688566628815,-0.7568245621896175,0.0007934409045169941,,0.9117825453510323,,0.009462797737317317,,,0.014482320822820808,0.0642522050285853,,,11.580466580465844,0.9992349663566006,0.33352440668229594,0.968278214816972,0.9999798689397558,2.0131060244232835e-05
791.4194833610333,0.19984531040337108,365.13991095914906,1374.6749372707504,0.1236451119760783,0.020053528101446227,-10.235135184959361,-0.7570092651179134,0.0007955372409514459,,0.911475327360419,,0.009500888459879368,,,0.014513511821734533,0.06448998084301738,,,11.537152303230785,0.9992265520168554,0.33194537359922643,0.9680809417399653,0.9999797084850504,2.0291514949644096e-05
788.1499457737486,0.19984360972352724,363.40402297990425,1374.3926321509653,0.12363998210999291,0.020046086592822723,-10.235582344773162,-0.7571945095294623,0.0007976352698352515,,0.9111657761307347,,0.009539293737152874,,,0.014544945366270575,0.06472953046466261,,,11.493810165001364,0.9992180486176362,0.3303672936180948,0.9678821353175813,0.9999795456988207,2.045430117925129e-05
784.8804081864638,0.19984189099644026,361.6691839618533,1374.108122920628,0.12363482626622328,0.020038609858794944,-10.236030052862317,-0.7573803022163652,0.0007997350246897493,,0.9108538650987855,,0.009578017479613928,,,0.01457662407952726,0.06497087386065352,,,11.450440160716834,0.9992094549822013,0.3287901672380485,0.9676817767046677,0.9999793805185803,2.0619481419736907e-05
781.6108705991792,0.1998401539825612,359.9353944742352,1373.821382361172,0.12362964411986078,0.02003109746499547,-10.236478315928984,-0.7575666498807827,0.0008018365394806756,,0.9105395673103985,,0.009617063662802803,,,0.014608550489282082,0.06521403147373292,,,11.407042279492888,0.9992007699128059,0.32721399497657744,0.9674798467332199,0.9999792129362164,2.0787063783611615e-05
778.3413330118946,0.19983839843806223,358.2026550878516,1373.5323828166165,0.12362443533415322,0.020023548960690335,-10.236927140918818,-0.7577535594683642,0.0008039398488299598,,0.9102228553650222,,0.009656436328683687,,,0.014640727246885341,0.06545902393937808,,,11.36361651421858,0.9991919921903111,0.3256387773525924,0.9672763259271949,0.9999790428799694,2.0957120030584697e-05
775.07179542461,0.19983662411474032,356.4709663981452,1373.2410961696635,0.12361919957018544,0.020015963892836997,-10.237376534823007,-0.7579410379703013,0.0008060449878702873,,0.909903701465227,,0.009696139587037427,,,0.014673157001163912,0.06570587226146844,,,11.320162856062693,0.9991831205737015,0.32406451490740473,0.9670711944856787,0.9999788703148967,2.112968510326052e-05
771.8022578373252,0.19983483075992545,354.74032901219937,1372.947493849491,0.12361393647727344,0.02000834179218806,-10.23782650487479,-0.7581290926198339,0.000808151992381763,,0.9095820773750247,,0.009736177616889566,,,0.014705842525245602,0.06595459765068938,,,11.276681299916811,0.9991741537996272,0.3224912081929085,0.966864432288374,0.9999786951678493,2.1304832150681463e-05
768.5327202500406,0.19983301811636145,353.0107435608191,1372.6515467895715,0.12360864570883423,0.020000682196299583,-10.238277058224885,-0.7583177305676774,0.0008102608986271733,,0.9092579544417315,,0.009776554667972913,,,0.014738786501237304,0.06620522181617244,,,11.233171834982686,0.9991650905818072,0.3209188577825628,0.9666560188658956,0.9999785174271141,2.148257288592248e-05
765.263182662756,0.1998311859221114,351.28221067722217,1372.3532254435152,0.12360332690777884,0.01999298462839244,-10.2387282022403,-0.7585069591808402,0.0008123717435601664,,0.908931303532012,,0.009817275062229366,,,0.014771991711960118,0.06645776671686529,,,11.189634453097995,0.999155929610557,0.31934746425202015,0.9664459334109263,0.9999783370230668,2.1662976933178868e-05
761.9936450754712,0.1998293339104671,349.55473101901555,1372.0524997821487,0.12359797970643352,0.019985248597272857,-10.239179944505974,-0.7586967860442648,0.0008144845647680138,,0.9086020950786993,,0.00985834319535118,,,0.01480546104963996,0.06671225456105627,,,11.14606914916392,0.9991466695523354,0.317777028199105,0.9662341547761613,0.9999781538847466,2.1846115253354448e-05
758.7241074881866,0.19982746180981192,347.82830526603954,1371.7493392474612,0.12359260374145407,0.01997747361893332,-10.239632292519756,-0.7588872186557953,0.0008165994003616634,,0.9082702990658944,,0.009899763538357476,,,0.014839197310322176,0.06696870808494823,,,11.102475912045593,0.9991373090490596,0.3162075502418541,0.9660206614418743,0.9999779679995223,2.2032000477678615e-05
755.454569900902,0.19982556934351933,346.1029341006478,1371.4437127688589,0.12358719863910368,0.019969659195269423,-10.240085253993568,-0.7590782647273553,0.0008187162891817008,,0.9079358849676349,,0.00994154063921531,,,0.01487320338550351,0.06722715030339131,,,11.058854732929676,0.9991278467175966,0.31463903100058893,0.9658054315273655,0.9999777792957449,2.2220704255060397e-05
752.1850323136174,0.19982365622986129,344.3786182304215,1371.1355887700036,0.12358176401079274,0.01996180480767041,-10.240538836944712,-0.7592699322762488,0.0008208352707769302,,0.9075988217966908,,0.00998367912450369,,,0.014907482330794423,0.06748760443082723,,,11.015205608345038,0.9991182811493063,0.31307147111856504,0.9655884427957773,0.9999775876828162,2.241231718380643e-05
748.9154947263326,0.1998217221818444,342.65535839070367,1370.8249350939582,0.12357629948040046,0.019953909956531308,-10.240993049136973,-0.7594622290662585,0.000822956385171794,,0.907259078101255,,0.010026183701114405,,,0.014942036995921353,0.06775009438045448,,,10.971528523939439,0.999108610909222,0.31150487126427606,0.9653696726013792,0.9999773931787452,2.2606821254766984e-05
745.6459571390479,0.19981976690713205,340.93315531043714,1370.5117190760352,0.12357080464320076,0.019945974101921032,-10.241447898920946,-0.7596551634479791,0.0008250796733520554,,0.9069166218640408,,0.010069059158006117,,,0.014976870564106631,0.06801464404973286,,,10.927823477905358,0.9990988345356602,0.3099392321003974,0.96514909794087,0.9999771956358865,2.2804364113504505e-05
742.3764195517633,0.199817790107884,339.2120097666053,1370.195907444631,0.12356527911056267,0.019937996728188433,-10.241903394319587,-0.7598487434443708,0.0008272051767092238,,0.9065714206352682,,0.01011231036799632,,,0.015011985971837373,0.06828127811050311,,,10.884090455850872,0.9990889505394199,0.30837455433327754,0.9649266953835431,0.999976995085605,2.30049143949973e-05
739.1068819644786,0.1998157914806551,337.49192252446755,1369.8774663910526,0.12355972246645601,0.019929977281171237,-10.242359543918097,-0.7600429776406283,0.0008293329376346113,,0.9062234413628311,,0.010155942289607159,,,0.015047386466430586,0.06855002126387165,,,10.84032945478936,0.9990789574032755,0.30681083865860687,0.9647024411204598,0.9999767913827404,2.3208617259573572e-05
735.837344377194,0.19981377071624212,335.77289439651827,1369.5563614842308,0.12355413430643149,0.019921915224503022,-10.242816356066454,-0.7602378743867337,0.0008314629989973812,,0.9058726505379282,,0.010199959968955192,,,0.015083075108225916,0.06882089892403453,,,10.796540461714327,0.9990688535812106,0.3052480858150166,0.964476310904388,0.9999765845391438,2.3415460856157644e-05
732.5678067899094,0.1998117274995669,334.0549261901068,1369.2325577251784,0.12354851420162842,0.01991380998769632,-10.243273839615872,-0.7604334425339019,0.000833595404651299,,0.9055190140430591,,0.010244368541695147,,,0.015119055227261792,0.06909393660726511,,,10.752723473147059,0.9990586374978345,0.30368629653646073,0.9642482800881539,0.9999763744192812,2.362558071877796e-05
729.2982692026247,0.19980966150951368,332.33801875570697,1368.9060194642846,0.12354286173454569,0.019905661017777375,-10.243732003186935,-0.7606296907027126,0.0008357301989756743,,0.905162497269852,,0.010289173235011807,,,0.015155329966820159,0.06936916056106236,,,10.708878475537944,0.9990483075475683,0.30212547159609726,0.9640183235663977,0.9999761610327462,2.3838967253775323e-05
726.0287316153401,0.19980757241881217,330.62217293980996,1368.5767104643205,0.1235371764602808,0.019897467723417963,-10.244190855962769,-0.7608266280762948,0.0008378674273910476,,0.9048030649792409,,0.010334379369670146,,,0.015191902775996254,0.06964659710426163,,,10.665005466342418,0.9990378620940608,0.3005656117634636,0.9637864158199442,0.9999759442291689,2.4055770831088452e-05
722.7591940280554,0.1998054598938619,328.90738963640473,1368.2445938048872,0.12353145794748338,0.019889229534006854,-10.244650406851068,-0.7610242635623443,0.0008400071358430328,,0.9044406814287654,,0.010379992362115058,,,0.015228776889218327,0.06992627334556005,,,10.621104431682676,0.9990272994693095,0.299006717851277,0.9635525308485123,0.9999757240256588,2.427597434118134e-05
719.4896564407708,0.19980332359459996,327.19366973243126,1367.9096319438331,0.12352570573905078,0.019880945843034563,-10.245110665288463,-0.761222606597487,0.0008421493713512635,,0.9040753102105878,,0.0104260177266331,,,0.015265955819256287,0.07020821651952734,,,10.577175367398867,0.9990166179729998,0.2974487906658466,0.9633166422139672,0.9999755002760046,2.4499723995430323e-05
716.2201188534862,0.19980116317433658,325.48101416141446,1367.571786645339,0.12351991938328848,0.0198726160530234,-10.245571640602881,-0.7614216665096532,0.0008442941815701302,,0.9037069143852275,,0.010472461077569809,,,0.015303442969800747,0.07049245452930145,,,10.53321826250124,0.9990058158716828,0.29589183105583133,0.9630787229896755,0.9999752729618996,2.472703810041388e-05
712.9505812662014,0.19979897827958634,323.76942386032124,1367.2310189926504,0.12351409841581934,0.019864239549497502,-10.246033342383836,-0.7616214528883578,0.0008464416151159941,,0.9033354563491398,,0.010519328131608188,,,0.0153412418525809,0.07077901565554565,,,10.48923310829509,0.9989948913979316,0.2943358398730193,0.9628387457694723,0.9999750419888745,2.495801112545326e-05
709.6810436789167,0.19979676854992595,322.0588997964772,1366.8872893830405,0.12350824235940057,0.01985581570076687,-10.246495780486242,-0.7618219755885125,0.0008485917214940429,,0.9029608978949519,,0.01056662471011221,,,0.015379356099312368,0.07106792855583292,,,10.445219899005911,0.9989838427496297,0.29278081799679745,0.9625966826641132,0.9999748072602094,2.5192739790624863e-05
706.4115060916321,0.19979453361780472,320.34944296647245,1366.5405574870313,0.12350235073348982,0.019847343871729206,-10.246958964834684,-0.7620232445347028,0.0008507445510386397,,0.9025832001944883,,0.010614356741530972,,,0.015417789335976888,0.07135922244608635,,,10.40117862621598,0.9989726680890235,0.29122676633315675,0.9623525052725573,0.9999745687180827,2.5431281917343007e-05
703.1419685043475,0.199792273108357,318.6410543825717,1366.1907822272206,0.12349642305368815,0.019838823423091942,-10.247422905434856,-0.7622252697326246,0.0008529001549865876,,0.902202323745995,,0.010662530263870368,,,0.01545654518215804,0.07165292710936383,,,10.357109278847094,0.998961365541785,0.28967368580233793,0.9621061846670569,0.9999743263013872,2.567369861283808e-05
699.8724309170627,0.19978998663924014,316.9337350753228,1365.837921788541,0.12349045882121856,0.019830253696282968,-10.247887612588984,-0.7624280614845009,0.000855058585581529,,0.9018182283659063,,0.010711151427236184,,,0.015495627387099364,0.0719490727229891,,,10.3130118489807,0.9989499331962006,0.28812157734120253,0.9618576914003811,0.999974079903231,2.5920096769049827e-05
696.6028933297781,0.19978767382045554,315.2274861085243,1365.481933598125,0.12348445752626275,0.019821634018296227,-10.248353096827618,-0.7626316303208824,0.0008572198960130488,,0.9014308732157241,,0.010760226496447492,,,0.015535039791466044,0.07224768992564214,,,10.268886330155237,0.9989383691022776,0.2865704419168403,0.9616069954916374,0.9999738294292798,2.617057072018536e-05
693.3333557424935,0.1997853342541337,313.5223085731852,1365.1227742796991,0.12347841865760459,0.019812963715580976,-10.24881936871226,-0.7628359868032746,0.0008593841403761126,,0.9010402167693096,,0.010809761853720146,,,0.015574786199621611,0.07254881000242455,,,10.22473271180901,0.9989266712706685,0.2850202805210775,0.9613540663941544,0.9999735748250759,2.6425174924127326e-05
690.0638181552088,0.19978296753434158,311.818203575321,1364.7603996571022,0.12347234169193183,0.019804242098710567,-10.249286439054439,-0.7630411417432015,0.0008615513738320282,,0.900646216761522,,0.010859764001428853,,,0.015614870509282267,0.07285246471694422,,,10.180550984817296,0.9989148376717079,0.2834710941593827,0.9610988729979595,0.9999733159891773,2.668401082273064e-05
686.794280567924,0.19978057324690535,310.11517225257427,1364.3947647581913,0.12346622608760725,0.019795468453498156,-10.249754319043328,-0.7632471063298389,0.0008637216526262786,,0.9002488302189129,,0.010910239564949912,,,0.015655296796487375,0.07315868621119552,,,10.136341145076631,0.9989028662345267,0.2819228838659766,0.9608413836325292,0.9999730527915457,2.6947208454308758e-05
683.5247429806395,0.19977815096915474,308.41321577948526,1364.0258237223595,0.12346007131323947,0.01978664208202983,-10.25022301966085,-0.7634538915451117,0.0008658950338433631,,0.8998480134582686,,0.010961195295577245,,,0.015696068953300956,0.07346750751698895,,,10.09210317800684,0.9988907548457737,0.28037565070862297,0.9605815660016618,0.9999727852241358,2.7214775864203844e-05
680.2552053933548,0.1997757002697419,306.7123353320507,1363.6535298735294,0.1234538768063071,0.019777762243352676,-10.25069255252889,-0.7636615090108982,0.0008680715759245471,,0.8994437219658324,,0.01101263807353049,,,0.01573719119473935,0.07377896186420994,,,10.047837080013029,0.9988785013487095,0.27882939575640975,0.96031938723488,0.9999725130983123,2.748690168774548e-05
676.9856678060703,0.19977322070841336,305.0125321432336,1363.2778356315582,0.1234476420077772,0.01976882820317705,-10.251162929200566,-0.7638699702803233,0.0008702513381855029,,0.899035910540853,,0.011064574911045278,,,0.0157786676437964,0.07409308327823741,,,10.00354284096224,0.9988661035420667,0.27728412013021236,0.9600548138250411,0.9999722363739321,2.77636260679337e-05
673.7161302187855,0.19977071183576248,303.3138074554153,1362.8986925188576,0.12344136634369592,0.01975983920752226,-10.251634161537254,-0.764079287214761,0.0008724343811802782,,0.8986245331382492,,0.01111701295555148,,,0.01582050254095449,0.07440990629449654,,,9.959220452796892,0.9988535591788124,0.27573982495946847,0.9597878116329984,0.9999719549292516,2.8045070748383694e-05
670.446592631501,0.19976817319301057,301.61616254690773,1362.5160511370414,0.12343504922983935,0.0197507944894363,-10.252106261613427,-0.7642894718886826,0.0008746207665894995,,0.8982095429271014,,0.011169959492947443,,,0.015862700195229333,0.074729466045758,,,9.914869907600435,0.9988408659650528,0.27419651140627976,0.959518345871156,0.9999716686610362,2.833133896384954e-05
667.1770550442161,0.19976560431174178,299.9195987245267,1362.1298611233995,0.12342869007813147,0.01974169327822902,-10.252579241585304,-0.7645005364583071,0.0008768105572197026,,0.8977908922492159,,0.011223421950965684,,,0.015905264898870303,0.07505179839372814,,,9.870491193862819,0.9988280215587089,0.2726541806586606,0.9592463810728167,0.9999713774927801,2.8622507219910887e-05
663.9075174569316,0.19976300471367198,298.2241173169172,1361.740071169374,0.12342228827987083,0.019732534775512622,-10.253053114034431,-0.7647124935051846,0.0008790038172050184,,0.89736853257891,,0.011277407902641898,,,0.01594820113179549,0.07537693965869414,,,9.826084305060931,0.9988150235683598,0.2711128339244702,0.9589718811051932,0.9999710812720416,2.8918727958404666e-05
660.6379798696469,0.1997603739103939,296.52971969750064,1361.3466289778028,0.12341584321648436,0.01972331817065845,-10.253527891747561,-0.7649253558160627,0.0008812006118552361,,0.896942414570963,,0.011331925069884057,,,0.015991513436178505,0.07570492681485363,,,9.781649234315472,0.9988018695519694,0.2695724724522733,0.9586948091392978,0.9999707798918792,2.922010812078657e-05
657.3684422823621,0.19975771140308127,294.8364072685354,1360.9494812166029,0.12340935426461178,0.019714042648114508,-10.254003587612587,-0.7651391362788367,0.0008834010077025922,,0.8965124879920224,,0.01138698132714397,,,0.016035206343836064,0.07603579760335848,,,9.737185971233668,0.9987885570154063,0.2680330975168504,0.9584151276173262,0.9999704732663609,2.952673363909586e-05
654.0989046950776,0.19975501668222148,293.14418145566583,1360.5485735173368,0.12340282078618764,0.019704707373274056,-10.254480214821772,-0.7653538480857716,0.0008856050726418442,,0.8960787016818075,,0.011442584705201687,,,0.01607928449432891,0.07636959038206378,,,9.692694506881725,0.9987750834111073,0.26649471041424166,0.9581327982516458,0.9999701612634019,2.9838736598120086e-05
650.8293671077928,0.1997522892273419,291.45304372220414,1360.143850451369,0.12339624212990881,0.01969531149463859,-10.254957786841782,-0.7655695047035298,0.0008878128758945825,,0.8956410035739047,,0.011498743395064246,,,0.016123752621245376,0.07670634416509292,,,9.648174833161601,0.9987614461367095,0.26495731247473103,0.9578477820080065,0.9999698437553073,3.015624469271394e-05
647.5598295205083,0.19974952850671737,289.7629955676125,1359.7352555105779,0.12338961762815755,0.01968585413948961,-10.255436317476837,-0.7657861199363332,0.0008900244880757247,,0.8951993406683233,,0.011555465751978806,,,0.016168615587220717,0.07704609859069311,,,9.603626944129285,0.9987476425335868,0.2634209050614659,0.9575600390919564,0.999969520598216,3.047940178402264e-05
644.2902919332234,0.19974673397704965,288.0740385307923,1359.32273104897,0.12338294660839458,0.01967633443021849,-10.255915820635419,-0.7660037076926649,0.0008922399811148303,,0.8947536590181905,,0.011612760299567124,,,0.016213878243362796,0.07738889413666115,,,9.559050830092106,0.9987336698852481,0.26188548957344754,0.9572695289077254,0.9999691916977816,3.080830221835473e-05
641.0207543459389,0.19974390508313736,286.3861741747403,1358.90621825545,0.12337622838971128,0.019666751479449764,-10.256396310400984,-0.7662222820559776,0.0008944594283829728,,0.8943039036578527,,0.011670635734083508,,,0.016259545462147685,0.07773477208813868,,,9.514446478952367,0.9987195254156868,0.2603510674315821,0.9569762100390495,0.9999688569422227,3.11430577772942e-05
637.7512167586542,0.19974104125759976,284.6994040947219,1358.4856571916337,0.12336946226032121,0.01965710435800817,-10.2568778014932,-0.7664418577459422,0.0008966829048948392,,0.893850018602596,,0.011729100928811182,,,0.016305622412367632,0.07808377417045802,,,9.469813887603918,0.9987052062879987,0.2588176400861108,0.9566800402757986,0.9999685161142329,3.148388576712513e-05
634.4816791713697,0.19973814192051276,283.0137299460356,1358.0609866751627,0.1233626475126917,0.01964739214509922,-10.25736030854834,-0.7666624493988312,0.0008989104869269124,,0.893391946910098,,0.011788164938584013,,,0.016352114143877102,0.07843594316253148,,,9.425153044567104,0.9986907096025638,0.25728520904185054,0.9563809765318049,0.9999681691550906,3.183084490943067e-05
631.212141584085,0.1997352064790643,281.3291533986519,1357.6321443223412,0.12335578340966369,0.01963761388007136,-10.257843846813499,-0.7668840722617389,0.0009011422525363333,,0.8929296305120029,,0.011847837004451646,,,0.016399025973404383,0.07879132235792148,,,9.380463945819512,0.9986760323953214,0.2557537758169563,0.9560789748748884,0.9999678158477805,3.2184152219505435e-05
627.9426039968005,0.1997322343271778,279.64567618089774,1357.19906641876,0.12334886922551144,0.019627768620990933,-10.258328431305461,-0.7671067413514496,0.0009033782810638178,,0.892463010324022,,0.01190812655848582,,,0.016446363007063522,0.07914995627330658,,,9.335746575206079,0.998661171635889,0.2542233419826343,0.9557739904357466,0.9999674561628779,3.254383712214537e-05
624.6730664095156,0.1997292248451775,277.9633000287179,1356.7616880298212,0.12334190418719267,0.019617855361037204,-10.258814078014575,-0.7673304726583137,0.0009056186538984064,,0.891992026056876,,0.01196904322874406,,,0.016494130820246304,0.07951188968949356,,,9.2910009322424,0.9986461242258874,0.2526939091170163,0.9554659774857898,0.9999670897953599,3.2910204640135277e-05
621.4035288222308,0.19972617739940296,276.2820267621389,1356.3199428352025,0.12333488753291326,0.01960787311198256,-10.259300802704894,-0.7675552819463807,0.000907863453691884,,0.8915166164313068,,0.012030596844382329,,,0.0165423347890243,0.07987716864548487,,,9.246227004652123,0.9986308869970147,0.2511654788746717,0.9551548893205652,0.9999667167101983,3.328328980167772e-05
618.1339912349463,0.1997230913417824,274.6018582076905,1355.8737631749964,0.12332781847034499,0.01959782084478785,-10.25978862177046,-0.7677811856096941,0.0009101127650903176,,0.8910367189005673,,0.012092797440926877,,,0.016590980550381614,0.08024583978250616,,,9.201424786951137,0.9986154567089119,0.24963805291608226,0.9548406782922512,0.9999663366743821,3.366332561793861e-05
614.8644536476615,0.19971996600944614,272.92279625475464,1355.4230799547372,0.12332069620622002,0.01958769753178951,-10.260277551628967,-0.7680082000659514,0.000912366674285377,,0.8905522698006578,,0.012155655265718539,,,0.016640073672349424,0.08061795085239255,,,9.15659426718158,0.9985998300472306,0.24811163295886784,0.9545232957427728,0.9999659495911183,3.4050408881713956e-05
611.594916060377,0.1997168007243006,271.2448428174412,1354.9678226727724,0.12331351991740538,0.019577502105651748,-10.260767609314703,-0.7682363423494358,0.0009146252694757069,,0.8900632041956144,,0.01221918078352616,,,0.016689619977456268,0.08099355026743849,,,9.111735439832657,0.9985840036215029,0.2465862207431284,0.9542026920230793,0.9999655552240352,3.444477596481477e-05
608.3253784730923,0.19971359479260664,269.5679998733947,1354.5079193393797,0.12330628877191677,0.019567233489334358,-10.26125881204803,-0.7684656296805112,0.0009168886405669634,,0.8895694559715724,,0.012283384682343752,,,0.016739625308723458,0.08137268747042085,,,9.066848296340108,0.9985679739630332,0.24506181806672245,0.953878816436183,0.9999651534330605,3.4846566939528145e-05
605.0558408858078,0.1997103475045012,267.8922694355584,1354.0432964465708,0.12329900192032615,0.01955689058396583,-10.261751177411638,-0.7686960796418685,0.0009191568794173219,,0.8890709577114606,,0.012348277879366312,,,0.016790095615166714,0.08175541282826342,,,9.02193282834225,0.9985517375225059,0.24353842675959853,0.9535516172158951,0.9999647440342571,3.5255965742941875e-05
601.786303298523,0.1997070581335473,266.21765356506245,1353.5738789353961,0.12329165849500652,0.019546472267868674,-10.262244723366171,-0.7689277101941503,0.0009214300798408066,,0.8885676407028404,,0.012413871527166564,,,0.016841036962653374,0.08214177764401383,,,8.976989028184182,0.9985352906677365,0.24201604869551133,0.9532210415038003,0.9999643268366742,3.567316332575565e-05
598.5167657112385,0.19970372593625169,264.54415437273985,1353.0995901562999,0.12328425760927736,0.019535977395448798,-10.262739468267924,-0.769160539693651,0.0009237083376619028,,0.8880594349078477,,0.012480177020068439,,,0.016892455541780763,0.08253183417201075,,,8.93201688907476,0.9985186296812584,0.24049468579339986,0.9528870353213381,0.9999639016417076,3.6098358292435684e-05
595.2472281239536,0.19970035015154103,262.87177401949805,1352.6203517883248,0.12327679836926976,0.019525404814114324,-10.263235430625759,-0.769394586649236,0.0009259917506647868,,0.8875462689282627,,0.012547206000726343,,,0.016944357526286504,0.08292563584962566,,,8.88701639928547,0.9985017507577051,0.2389743400177255,0.9525495435129049,0.9999634683049012,3.653169509876264e-05
591.9776905366691,0.19969693000027972,261.2005147040869,1352.1360838848207,0.12326927984173655,0.019514753318750338,-10.263732629761193,-0.7696298703824187,0.0009282804189871283,,0.8870280699266938,,0.012614970366928144,,,0.01699674943759404,0.08332323679031504,,,8.841987556811706,0.9984846500013985,0.23745501336735175,0.9522085097780428,0.999963026521531,3.697347846898236e-05
588.7081529493844,0.19969346468471721,259.5303787035507,1351.6467047181786,0.12326170109661516,0.01950402171215299,-10.264231084936,-0.7698664101549735,0.0009305744446268763,,0.8865047637249067,,0.01268348227861543,,,0.017049637667660714,0.08372469251933058,,,8.796930350020261,0.998467323423586,0.23593670791231883,0.9518638765620978,0.9999625761905134,3.742380948656976e-05
585.4386153620997,0.19968995338791215,257.8613683187397,1351.1521308156257,0.12325406116935024,0.01949320875175186,-10.264730816124832,-0.7701042259415551,0.0009328739320752705,,0.8859762745796346,,0.012752754165136939,,,0.017103028884268165,0.08413005939366829,,,8.751844773787576,0.9984497669395607,0.23441942574430885,0.9515155850814268,0.999962117022708,3.7882977292014175e-05
582.1690777748152,0.19968639527318366,256.1934859245574,1350.6522768525904,0.12324635908821728,0.019482313188420492,-10.265231843455208,-0.7703433378696793,0.0009351789879161713,,0.8854425253124008,,0.012822798732750086,,,0.01715692973616704,0.08453939507783738,,,8.706730817773545,0.9984319763659183,0.23290316902232494,0.9511635752483032,0.9999616488591552,3.8351140844827825e-05
578.8995401875303,0.1996827894834943,254.52673393476033,1350.1470556471972,0.12323859385267345,0.019471333735948036,-10.265734187651589,-0.7705837666638082,0.0009374897212397487,,0.8849034371469053,,0.012893628972367194,,,0.01721134708166271,0.08495275822898068,,,8.661588475289243,0.9984139474174715,0.2313879399406912,0.9508077856670405,0.9999611714299159,3.8828570084081804e-05
575.6300026002458,0.19967913514086022,252.86111483175878,1349.6363780946197,0.12323076444271237,0.019460269084408906,-10.26623786984379,-0.7708255334537597,0.0009398062434928417,,0.884358929768219,,0.012965258167570827,,,0.017266287891093135,0.08537020867990296,,,8.616417739439177,0.9983956757043011,0.22987374075614433,0.9504481535877605,0.999960684506786,3.93154932140094e-05
572.360465012961,0.19967543134567764,251.19663115354282,1349.1201530864944,0.12322286982408712,0.01944911790766058,-10.266742911460058,-0.771068659667776,0.0009421286685621668,,0.8838089212330027,,0.013037699902892084,,,0.017321759177779627,0.08579180756980831,,,8.571218600133207,0.9983771567283881,0.228360573775948,0.9500846148496441,0.9999601878834827,3.981211651726824e-05
569.0909274256765,0.19967167717610965,249.53328549102517,1348.5982875605619,0.12321490891427102,0.019437878815405794,-10.267249334925406,-0.771313167730872,0.0009444571131580878,,0.88325332791381,,0.013110968072382843,,,0.01737776837783581,0.08621761681356833,,,8.525991059176043,0.9983583858805481,0.22684844135547744,0.9497171039158888,0.9999596811775969,4.031882240307372e-05
565.8213898383917,0.19966787168733668,247.87108052757398,1348.0706862326297,0.12320688065486209,0.01942655045556459,-10.267757162176872,-0.7715590795800882,0.000946791696068574,,0.8826920645913089,,0.013185076888468183,,,0.017434322546318857,0.08664770034117497,,,8.480735098177751,0.9983393584366834,0.22533734593415816,0.9493455536849507,0.9999591643672708,4.0835632729163684e-05
562.5518522511072,0.19966401391083838,246.21001894996476,1347.5372517661579,0.12319878392234894,0.01941513138842874,-10.268266416493908,-0.7718064184948723,0.0009491325394367128,,0.8821250440895053,,0.013260040891110948,,,0.017491429315361465,0.08708212267858748,,,8.435450716454087,0.9983200695541918,0.22382728995451343,0.9489698956099705,0.9999586369745653,4.136302543467085e-05
559.2823146638225,0.19966010285375324,244.55010356577404,1346.9978845935998,0.12319061758660539,0.019403620169393596,-10.268777121298921,-0.7720552078976333,0.0009514797677764766,,0.88155217764189,,0.013335874957308569,,,0.017549096288479143,0.0875209499246656,,,8.390137907178381,0.9983005142687662,0.22231827596888548,0.9485900595729577,0.9999580988123433,4.190118765667883e-05
556.012777076538,0.19965613749798458,242.89133722403872,1346.4524828334186,0.12318238050041559,0.019392015334292984,-10.269289300372314,-0.7723054715687763,0.0009538335085207522,,0.8809733745573359,,0.013412594310892185,,,0.017607331117070007,0.0879642496504775,,,8.344796659785787,0.9982806874899228,0.22081030656730793,0.9482059738263513,0.9999575496357755,4.2450364224455583e-05
552.7432394892531,0.19965211679947242,241.2337228339427,1345.900942311336,0.12317407147566792,0.019380315366015755,-10.269802978341128,-0.7725572341353377,0.0009561938922282866,,0.8803885422317353,,0.013490214532695345,,,0.017666141767030748,0.08841209054040391,,,8.299426970843593,0.9982605839973621,0.21930338439449334,0.9478175650079832,0.9999569890718654,4.3010928134634696e-05
549.4737019019686,0.19964803968735823,239.57726339431687,1345.3431564007394,0.12316568931614644,0.019368518740864784,-10.27031818000659,-0.7728105203985489,0.0009585610522426945,,0.8797975861996326,,0.013568751571071814,,,0.017725536165302907,0.08886454297492846,,,8.254028829851592,0.9982401984367911,0.2177975121766517,0.9474247580286899,0.9999564169109358,4.358308906415864e-05
546.2041643146838,0.19964390506311583,237.9219619537214,1344.7790160537454,0.1231572327781904,0.019356623873337878,-10.270834931151525,-0.7730653561412328,0.0009609351253231737,,0.8792004099316032,,0.013648221752787014,,,0.017785522610924673,0.08932167843798638,,,8.208602235157949,0.9982195253155791,0.21629269268520127,0.947027476094187,0.9999558327333014,4.416726669864701e-05
542.9346267273991,0.19963971179969614,236.2678216618865,1344.2084096551964,0.12314870060214636,0.019344629160586515,-10.271353257895367,-0.7733217674828232,0.0009633162512122178,,0.8785969149635614,,0.013728641794304695,,,0.017846109446607323,0.08978357007175491,,,8.163147181105076,0.9981985589984806,0.21478892878353317,0.9466256406022512,0.9999552362762283,4.476372377171245e-05
539.6650891401146,0.19963545874050442,234.61484572687615,1343.6312228954255,0.12314009151783034,0.01933253299022726,-10.271873186582313,-0.773579780767518,0.0009657045728948821,,0.8779870006784475,,0.013810028813463413,,,0.01790730497301249,0.09025029283561233,,,8.117663654401486,0.9981772937025221,0.21328622338806924,0.9462191710531167,0.9999546273005357,4.5372699464252264e-05
536.3955515528298,0.19963114469852386,232.96303741501325,1343.047338874788,0.12313140418955718,0.019320333663289665,-10.272394744909656,-0.7738394236926087,0.0009681002371876873,,0.877370564240663,,0.013892400341597375,,,0.017969118043898415,0.09072192264413072,,,8.072151657457573,0.9981557234926193,0.21178457946819387,0.9458079851230903,0.9999540052702894,4.59947297105634e-05
533.1260139655453,0.19962676845531147,231.31240011802961,1342.4566378048462,0.12312263729301999,0.01930802950242416,-10.272917960350492,-0.7741007237311948,0.000970503393832373,,0.8767475007828809,,0.013975774336087939,,,0.018031557255194126,0.0911985376747749,,,8.026611176571734,0.9981338422765573,0.21028400010729964,0.9453919984541171,0.9999533700489379,4.6629951062082675e-05
529.8564763782605,0.19962232875989228,229.66293725762893,1341.8589971177223,0.12311378943811194,0.019295618743716863,-10.273442861737886,-0.7743637097163365,0.0009729141967643041,,0.8761177029798853,,0.014060169193367047,,,0.018094631732064506,0.091680217177825,,,7.981042212128764,0.9981116437994614,0.2087844884160263,0.9449711247307905,0.9999527210831419,4.7278916858073394e-05
526.586938790976,0.1996178243277784,228.01465238577632,1341.2542912517683,0.12310485922570305,0.01928309961661302,-10.273969478100028,-0.7746284106762271,0.0009753328032191938,,0.8754810613577169,,0.01414560376242012,,,0.018158350554158795,0.09216704243996884,,,7.93544475662386,0.9980891216388919,0.207286047623433,0.9445452755294145,0.9999520581142647,4.7941885735314216e-05
523.3174012036911,0.19961325383972797,226.36754911083133,1340.6423915906603,0.12309584522261699,0.019270470308996708,-10.274497839174138,-0.7748948563480873,0.0009777593744475295,,0.8748374639415144,,0.014232097358762068,,,0.018222722985652084,0.09265909645677853,,,7.889818802943854,0.9980662691986398,0.20578868100984668,0.944114360275113,0.9999513807427071,4.86192572929367e-05
520.0478636164066,0.19960861594063925,224.72163113315634,1340.023166386268,0.12308674596307,0.019257728969439714,-10.275027975377306,-0.7751630771490028,0.0009801940756424335,,0.8741867963159767,,0.0143196697789578,,,0.01828775846788599,0.09315646400556388,,,7.8441643444032305,0.9980430797031962,0.20429239193923304,0.9436782861875128,0.9999506885683844,4.931143161557294e-05
516.7783260291219,0.19960390923835958,223.07690224563473,1339.396480723444,0.12307755993042326,0.019244873681905868,-10.275559918181507,-0.7754331045509524,0.00098263707622636,,0.8735289415506748,,0.01440834131568374,,,0.018353466810741466,0.09365923140582443,,,7.7984813816536205,0.9980195461917979,0.20279718385966794,0.9432369582559467,0.9999499810829244,5.001891707556716e-05
513.5087884418374,0.19959913230240445,221.43336635595824,1338.7621963170575,0.12306828558991842,0.019231902511836447,-10.27609369944204,-0.7757049704092349,0.0009850885495764064,,0.8728637802082435,,0.014498132773351486,,,0.01841985784618595,0.09416748711963176,,,7.752769909204724,0.9979956615120222,0.2013030603235984,0.9427902790965195,0.9999492579474126,5.074205258737141e-05
510.2392508545526,0.1995942836625505,219.79102744480394,1338.1201713979133,0.12305892138078578,0.019218813495306786,-10.276629351559865,-0.7759787071248088,0.0009875486734496352,,0.8721911900988857,,0.01458906548431629,,,0.018486941483198457,0.09468132170568426,,,7.707029917417403,0.9979714183127525,0.19981002494982178,0.94233814887177,0.9999485187720846,5.148122791542864e-05
506.9697132672678,0.19958936180752834,218.1498895809245,1337.4702607015586,0.12304946569092887,0.019205604603895178,-10.27716690800182,-0.7762543481645121,0.000990017630271689,,0.8715110462521637,,0.014681161325724558,,,0.018554727975244895,0.0952008274649476,,,7.6612614028364066,0.9979468090376417,0.19831808143720409,0.9418804652827879,0.9999477630180809,5.223698191914039e-05
503.7001756799833,0.1995843651836467,216.50995695480444,1336.8123153444162,0.1230399168665681,0.019192273758476628,-10.277706403103144,-0.7765319278635854,0.0009924956070206375,,0.8708232209629114,,0.014774442737012124,,,0.01862322782961228,0.095726098659384,,,7.615464364337203,0.9979218259182334,0.19682723359527676,0.9414171234819834,0.9999469901889197,5.300981108025127e-05
500.43063809269853,0.19957929219324644,214.87123386580353,1336.1461826562158,0.12303027322230832,0.01917881884356632,-10.278247871861227,-0.7768114812194167,0.0009949827953592333,,0.8701275836502926,,0.014868932738060186,,,0.018692451687089374,0.09625723175857025,,,7.569638798193209,0.9978964609662322,0.19533748533254866,0.9409480159550817,0.9999461998340125,5.3800165987549775e-05
497.161100505414,0.19957414119310898,213.2337247105224,1335.471706040593,0.12302053304186743,0.01916523770859918,-10.278791349921098,-0.777093043877036,0.0009974793918502362,,0.8694240007164937,,0.014964654948065278,,,0.018762410297888197,0.09679432553467418,,,7.523784697209329,0.9978707059655448,0.19384884064592947,0.940473032422953,0.9999453914971214,5.4608502878639165e-05
493.89156291812924,0.1995689104928576,211.59743398524168,1334.788724906535,0.1230106945613786,0.01915152814493677,-10.279336873918849,-0.7773766524725367,0.0009999855982589425,,0.8687123354575127,,0.01506163360515615,,,0.018833114688621515,0.0973374808659018,,,7.477902056977857,0.9978445524642879,0.19236130362294698,0.9399920597933347,0.999944564617192,5.543538280794458e-05
490.62202533084474,0.199563598353331,209.9623663099588,1334.0970745749544,0.1230007559635574,0.019137687878093865,-10.279884481602027,-0.7776623447534625,0.0010025016216451404,,0.8679924480597103,,0.01515989358679133,,,0.018904576227697194,0.09788680071336062,,,7.43199087804032,0.997817991766655,0.1908748784635989,0.9395049820950384,0.9999437185875595,5.628141244051754e-05
487.35248774355995,0.1995582029848092,208.3285264359862,1333.3965860939866,0.12299071539136668,0.019123714587131607,-10.280434211549581,-0.777950159298765,0.0010050276743792598,,0.8672641955276625,,0.015259460430958233,,,0.01897680647873338,0.09844239042932298,,,7.386051159988455,0.997791014924046,0.18938956948726018,0.939011680347878,0.9999428528666772,5.714713332283239e-05
484.08295015627544,0.19955272254507295,206.69591922735958,1332.6870859821242,0.12298057097267182,0.019109605939265126,-10.28098610266589,-0.7782401350128243,0.0010075639742124607,,0.8665274314996743,,0.015360360358206116,,,0.019049816924695984,0.09900435826079036,,,7.340082891081058,0.9977636127253647,0.18790538111578145,0.9385120323817778,0.9999419670433667,5.803295663331376e-05
480.81341256899066,0.19954715513754762,205.06454963801397,1331.9683963503842,0.12297032074191802,0.019095359481264746,-10.281540195790349,-0.778532312735031,0.0010101107452971912,,0.8657820060376868,,0.015462620294591055,,,0.019123619752462205,0.09957281415770902,,,7.294086077538822,0.9977357756877381,0.18642231785273997,0.9380059129228059,0.9999410602424491,5.893975755089098e-05
477.54387498170615,0.19954149880940367,203.43442280856706,1331.2403345105415,0.12295996272423551,0.01908097275682558,-10.28209653197023,-0.7788267335126609,0.0010126682170919453,,0.8650277659169348,,0.015566267895558764,,,0.019198227030060563,0.1001478712176991,,,7.248060712643976,0.9977074940470183,0.1849403843714246,0.9374931933172829,0.9999401320602532,5.9867939746771626e-05
474.27433739442137,0.19953575154928613,201.80554396280132,1330.5027129654206,0.12294949487060995,0.019066443216826087,-10.282655153793227,-0.7791234399334073,0.0010152366257413174,,0.8642645540703439,,0.01567133157075804,,,0.019273651308135905,0.10072964475405723,,,7.202006798400174,0.9976787577464306,0.1834595854207285,0.9369737415249443,0.999939181703295,6.081829670501193e-05
471.0047998071366,0.19952991128526254,200.17791849148017,1329.7553391234242,0.12293891510674781,0.019051768287608257,-10.28321610438415,-0.7794224751220789,0.001017816213375139,,0.8634922098174277,,0.01577784050992458,,,0.019349905148760987,0.10131825317252992,,,7.155924328589604,0.9976495564263127,0.1819799259013456,0.9364474219179045,0.9999382086486432,6.179135135675473e-05
467.7352622198521,0.19952397588243012,198.55155189317787,1328.9980152214544,0.12292822129271765,0.01903694531535795,-10.283779428234888,-0.7797238835705649,0.0010204072290434028,,0.862710568481812,,0.015885824709795725,,,0.01942700149773321,0.10191381743239879,,,7.109813301808689,0.9976198794121506,0.18050141081197987,0.9359140952263765,0.9999372121217398,6.278787826019538e-05
464.4657246325673,0.19951794314067006,196.92644982958737,1328.2305381813114,0.1229174112253202,0.01902197156989162,-10.284345171156545,-0.7800277110899714,0.0010230099286071851,,0.8619194614934564,,0.015995315002188048,,,0.019504953674548672,0.10251646117420748,,,7.063673721221751,0.9975897157033503,0.17902404529962487,0.9353736184375434,0.9999361913444007,6.38086555992956e-05
461.1961870452828,0.199511810792078,195.30261812099678,1327.4526992947356,0.12290648266803299,0.019006844286596766,-10.28491337966482,-0.7803340041959945,0.0010256245747468713,,0.8611187162315957,,0.0161063430832181,,,0.019583775059346924,0.10312631132615435,,,7.017505582437114,0.9975590539603899,0.17754783465545163,0.9348258445737576,0.9999351457003152,6.485429968483558e-05
457.926649457998,0.1995055764983319,193.68006271456514,1326.6642841920911,0.12289543330003219,0.018991560596314728,-10.285484102028555,-0.7806428111574775,0.001028251437864383,,0.8603081557403307,,0.01621894154376747,,,0.01966347957286525,0.10374349739389749,,,6.971308891004095,0.9975278824916595,0.17607278428596831,0.9342706226704869,0.9999340742508609,6.592574913910632e-05
454.6571118707135,0.19949923784801918,192.05878974709734,1325.8650724202157,0.12288426078449292,0.01897611762034691,-10.286057386866714,-0.7809541805933868,0.0010308907953648341,,0.8594875988545249,,0.016333143901256293,,,0.019744081012321748,0.10436815268238743,,,6.925083638158421,0.9974961892400959,0.1745988997700885,0.9337077974790253,0.9999329764504903,6.70235495097149e-05
451.3875742834287,0.19949279235369416,190.43880546726206,1325.0548375439364,0.12287296266941226,0.018960512333825816,-10.286633285187952,-0.7812681635123724,0.0010335429332985224,,0.8586568596977464,,0.01644898463275664,,,0.019825593987085707,0.1050004128170349,,,6.878829834276181,0.9974639617684707,0.17312618678842004,0.9331372095379835,0.9999318511346237,6.814886537631626e-05
448.1180366961442,0.1994862374490832,188.8201163581463,1324.233346632542,0.12286153648885922,0.01894474170622758,-10.287211848310186,-0.7815848112323547,0.001036208144995266,,0.8578157480680871,,0.01656649920957692,,,0.019908032961718065,0.10564041749422684,,,6.8325474743242305,0.9974311872454159,0.17165465123467846,0.9325586948116494,0.9999306977336089,6.930226639112469e-05
444.8484991088594,0.19947957048568382,187.20272901497236,1323.4003602254977,0.1228499796820567,0.018928802590132236,-10.287793129525063,-0.7819041770449822,0.001038886732854406,,0.8569640687207367,,0.016685724133281857,,,0.019991412981533504,0.10628830932820044,,,6.786236563134095,0.997397852428419,0.17018429910452032,0.9319720846658436,0.9999295151637525,7.048483624749746e-05
441.5789615215749,0.19947278872971516,185.58665024947933,1322.55563198267,0.12283828964414424,0.018912691791902938,-10.288377183055339,-0.7822263151730056,0.001041579007555469,,0.8561016216638325,,0.01680669697336395,,,0.020075749205117892,0.10694423478889661,,,6.7398970992168765,0.9973639436485757,0.16871513659043577,0.9313772056215988,0.9999283026312109,7.169736878909205e-05
438.3094239342901,0.19946588935853893,183.9718870298702,1321.6989085447403,0.12282646368201958,0.01889640601139862,-10.288964064963908,-0.7825512816793232,0.0010442852891698613,,0.8552282017033838,,0.016929456406519345,,,0.020161057296878237,0.1076083436398096,,,6.693529087822565,0.9973294467926946,0.16724717002715472,0.9307738792568595,0.999927059046591,7.294095340903972e-05
435.03988634700534,0.19945886945715963,182.35844653799452,1320.8299291595163,0.12281449905371832,0.01887994189688906,-10.289553832345137,-0.7828791336583016,0.001047005906791296,,0.8543435985169893,,0.017054042257710355,,,0.020247353052106253,0.10828078971520352,,,6.647132527727503,0.9972943472857981,0.1657804059436314,0.9301619219433215,0.9999257835420093,7.421645799066123e-05
431.77034875972083,0.19945172601437752,180.74633612635895,1319.9484256012493,0.1228023929091673,0.018863295964179055,-10.290146544544513,-0.7832099304554259,0.0010497411997091516,,0.8534475962580201,,0.01718049554303359,,,0.020334652936429626,0.10896173011556491,,,6.600707429803504,0.9972586300718875,0.16431485102396268,0.9295411447896123,0.9999244748530483,7.552514695174928e-05
428.50081117243604,0.19944445591889684,179.13556338992507,1319.0541215695598,0.12279014238147629,0.01884646472287749,-10.290742261282183,-0.7835437317908447,0.001052491516504492,,0.852539973687694,,0.017308858514547998,,,0.02042297321960894,0.1096513268442056,,,6.554253786254758,0.9972222795944842,0.16285051217265914,0.928911353218,0.9999231322660566,7.686773394344204e-05
425.23127358515154,0.1994370559550042,177.5261360639643,1318.146732842253,0.12277774445110913,0.018829444490418065,-10.291341045448132,-0.7838806005545429,0.0010552572173392835,,0.8516205034795281,,0.017439174707101292,,,0.02051233121527895,0.11034974477674157,,,6.507771613920116,0.9971852797750209,0.1613873964217857,0.9282723470720092,0.9999217541786499,7.824582135007585e-05
421.96173599786675,0.1994295227985736,175.9180621907477,1317.2259666048712,0.12276519607236895,0.01881223156667012,-10.291942960501753,-0.7842206002059129,0.0010580386721309924,,0.8506889527905309,,0.01757148898738658,,,0.0206027441320858,0.11105715385470792,,,6.461260913903033,0.9971476139928679,0.1599255110824979,0.9276239201442756,0.9999203397647113,7.966023528871435e-05
418.69219841058225,0.1994218530119744,174.3113499654067,1316.291521183697,0.12275249411559354,0.018794822155246423,-10.292548071662202,-0.7845637959641092,0.0010608362625445264,,0.8497450822964061,,0.017705847605117158,,,0.020694229533149432,0.11177372836739112,,,6.4147216863900836,0.997109265059872,0.15846486360491518,0.9269658599885191,0.9999188878020638,8.111219793616176e-05
415.42266082329746,0.19941404303954222,172.7060078171437,1315.343085837272,0.12273963535486848,0.018777212347526488,-10.293156446162694,-0.7849102550623517,0.0010636503820088932,,0.8487886463368125,,0.017842298246711585,,,0.020786805462134243,0.1124996469117446,,,6.368153936274742,0.997070215197711,0.1570054616519488,0.9262979477727269,0.999917396957403,8.260304259699591e-05
412.15312323601296,0.19940608920261088,171.1020444288396,1314.3803405283365,0.12272661644238289,0.018759398088517176,-10.293768153779915,-0.7852600472773208,0.0010664814362956435,,0.8478193927630281,,0.017980890091465744,,,0.020880490687400378,0.1132350921530536,,,6.321557680374902,0.9970304460130544,0.1555473131171269,0.925619958118547,0.9999158656949478,8.413430505216368e-05
408.8835856487282,0.19939798769414205,169.49946876657378,1313.4029552290028,0.12271343398772766,0.018741375286333555,-10.294383265203795,-0.7856132432989487,0.0010693298431010368,,0.8468370628275504,,0.018121673870344884,,,0.020975303947206266,0.11398025231927582,,,6.274932920548993,0.9969899384707102,0.1540904261514307,0.924931658611974,0.9999142929643774,8.57070356226064e-05
405.61404806144367,0.19938973457281944,167.89828998963836,1312.4105896689448,0.12270008449765452,0.018723139730621778,-10.295001853278732,-0.785969915971636,0.0010721960337425624,,0.8458413904669317,,0.018264701927536733,,,0.02107126444112383,0.11473532045153399,,,6.2282796606327215,0.9969486728640972,0.1526348090814894,0.9242328096260176,0.9999126772871263,8.73227128737053e-05
402.3445104741589,0.19938132575749987,166.29851753434954,1311.402893125059,0.12268656435168322,0.018704687060334384,-10.295623993507599,-0.7863301407982508,0.0010750804533390034,,0.8448321024318574,,0.01841002828506476,,,0.021168392073260742,0.11550049419264019,,,6.181597915330668,0.9969066287874992,0.15118047048577232,0.923523164172577,0.999911016982823,8.898301717696899e-05
399.0749728868741,0.1993727570209888,164.70016114236807,1310.3795037419252,0.12267286986403339,0.01868601284937473,-10.296249762778809,-0.7866939946672087,0.0010779835606325144,,0.8438089181398556,,0.018557708710458816,,,0.02126670687724613,0.11627597701752183,,,6.1348876890132695,0.996863785104944,0.1497274192203346,0.9228024674238912,0.9999093107450823,9.068925491773072e-05
395.8054352995896,0.199364023983237,163.1032307920798,1309.3400481697788,0.12265899724090581,0.01866711254931039,-10.296879240247492,-0.7870615567336419,0.0010809058294748762,,0.8427715490198753,,0.018707800787685743,,,0.021366229346727692,0.11706197778880836,,,6.088148986822546,0.9968201199161849,0.1482756643564362,0.9220704564575909,0.9999075569430971,9.244305690292443e-05
392.5358977123048,0.19935512210480677,161.50773676353262,1308.2841414745135,0.122644942512695,0.018647981398319035,-10.29751250873345,-0.7874329098173476,0.0010838477495998422,,0.8417196985202283,,0.018860363991671063,,,0.021466981064173385,0.11785870986352057,,,6.04138183644147,0.9967756105240339,0.14682521523957512,0.9213268601933196,0.9999057534395933,9.424656040668555e-05
389.2663601250203,0.19934604667963668,159.91368971318448,1307.2113859719511,0.12263070170028251,0.018628614648867597,-10.298149651299294,-0.7878081369809404,0.0010868098252425611,,0.8406530621683808,,0.019015459766450755,,,0.021568983194450657,0.11866639405535996,,,5.99458623533254,0.9967302333981833,0.14537608155744045,0.9205713985717967,0.9999038991846422,9.610081535782466e-05
385.9968225377355,0.1993367928267353,158.3211004864653,1306.1213711847386,0.12261627065208172,0.018609007347041434,-10.298790754607927,-0.788187324887323,0.0010897925787102364,,0.8395713262441313,,0.01917315160710727,,,0.021672257842693797,0.11948525627743227,,,5.947762196560433,0.9966839641336764,0.1439282731695139,0.9198037825244639,0.9999019919713646,9.800802863535463e-05
382.727284950451,0.19932735548287359,156.72998032277783,1305.0136732012415,0.12260164512162619,0.018589154439502643,-10.299435907327277,-0.7885705622044217,0.001092796548875528,,0.8384741684834017,,0.019333505146088937,,,0.021776827412945045,0.12031552903194731,,,5.900909728445435,0.9966367774143678,0.1424818002934344,0.9190237135220012,0.999900030074383,9.996992561700502e-05
379.4577473631662,0.1993177293937866,155.1403407695514,1303.887854468811,0.12258682066252619,0.01856905063234424,-10.300085202296472,-0.7889579417713648,0.0010958222935628966,,0.8373612572485423,,0.01949658824371746,,,0.021882715509514063,0.12115744998212213,,,5.854028862246417,0.996588646968933,0.1410366734268649,0.9182308834287403,0.999898010983896,0.00010198901610403155
376.1882097758817,0.19930790910538906,153.55219380485968,1302.7434624410294,0.12257179282168185,0.018548690654694968,-10.300738732548524,-0.7893495566211666,0.0010988703876646656,,0.8362322517920234,,0.019662471083423654,,,0.021989945213976285,0.12201126539787667,,,5.807119594612574,0.9965395455269452,0.13959290345896336,0.9174249735500208,0.9998959334873,0.00010406651270000733
372.91867218859693,0.19929788895346043,151.96555162251045,1301.5800296051907,0.12255655692977378,0.018528068976028777,-10.301396595628693,-0.7897455042990842,0.0011019414275771715,,0.835086800678424,,0.019831226271709163,,,0.022098540821371797,0.12287722707572363,,,5.760181944828001,0.9964894447673021,0.13815050147500949,0.9166056546515429,0.9998937948472286,0.00010620515277137699
369.6491346013124,0.199287663054693,150.38042689236113,1300.3970727298104,0.12254110819654797,0.018507179937108324,-10.302058891634708,-0.7901458849028469,0.0011050360291862639,,0.833924542758217,,0.020002928943674548,,,0.02220852707519295,0.12375559415620845,,,5.713215930894215,0.9964383152734649,0.13670947899305558,0.915772586429444,0.9998915929332929,0.00010840706670711686
366.37959701402764,0.199277225295435,148.79683264688327,1299.1940920558109,0.12252544169643582,0.018486017732157682,-10.30272572351597,-0.7905508013818583,0.0011081548298649748,,0.8327451061021542,,0.020177656873757343,,,0.022319929232079528,0.12464663324376025,,,5.6662215681818875,0.9963861264771751,0.13526984786080298,0.914925416940712,0.9998893254517514,0.00011067454824864598
363.11005942674285,0.19926656932060235,147.21478231306267,1297.970570807359,0.12250955232373599,0.018464576350148986,-10.30339719800045,-0.7909603604640871,0.0011112984896141918,,0.8315481077000393,,0.02035549059249804,,,0.02243277341496257,0.12555061801099562,,,5.61919888230224,0.9963328466030117,0.13383162028460244,0.9140637822587038,0.9998869897184955,0.00011301028150445536
359.84052183945835,0.19925568852182812,145.63428976749128,1296.7259740093411,0.12249343488997415,0.018442849708078492,-10.304073423591419,-0.7913746706528038,0.00111446769079206,,0.830333153273852,,0.02053651350951563,,,0.022547085751105162,0.12646783115152282,,,5.572147879775172,0.9962784426091406,0.13239480887953753,0.9131873056403812,0.9998845836859958,0.00011541631400424635
356.57098425217356,0.1992445760244297,144.0553692374523,1295.4597481873484,0.12247708398283055,0.01842083146257328,-10.304754513478576,-0.7917938451377111,0.0011176631413316927,,0.8290998361958158,,0.020720812043036784,,,0.022662893515799847,0.12739856245347098,,,5.525068585004244,0.9962228801221484,0.1309594265795021,0.9122955973150342,0.9998821042081234,0.00011789579187659882
353.30144666488906,0.19923322467481994,142.47803547622985,1294.1713203621905,0.12246049404932173,0.018398515124259343,-10.305440583827425,-0.7922180000843078,0.001120885573692945,,0.8278477379389017,,0.020908475756699543,,,0.022780224449784277,0.12834311052052633,,,5.477961018406185,0.9961661233740996,0.12952548679657258,0.9113882537761906,0.9998795486659118,0.00012045133408822295
350.03190907760427,0.19922162702571974,140.9023036700435,1292.8600970517384,0.1224436593805546,0.018375894039295994,-10.306131754097294,-0.792647254951925,0.0011241357470397981,,0.8265764269788344,,0.021099597503591,,,0.022899106820311974,0.12930178294770078,,,5.430825195823208,0.9961081351285986,0.12809300333640317,0.9104648570786892,0.9998769142504381,0.0001230857495618798
346.76237149031977,0.19920977532139533,139.328189476179,1291.5254638380957,0.1224265740166681,0.01835296126403948,-10.306828149005753,-0.7930817344581342,0.0011274144490808415,,0.8252854584112613,,0.021294273578450616,,,0.023019570196138678,0.13027489516861818,,,5.3836611546772675,0.9960488766069766,0.12666199043289,0.9095249745338704,0.9998741973544687,0.00012580264553130327
343.492833903035,0.19919766148199308,137.75570913359553,1290.16678363719,0.12240923192325569,0.01832970980441631,-10.30752989489495,-0.7935215649450793,0.0011307224948906805,,0.8239743739806302,,0.02149260387838469,,,0.02314164395337118,0.13126277379143408,,,5.336468904293069,0.9959883074099654,0.12523246284872322,0.9085681574909791,0.9998713956038201,0.00012860439617989883
340.2232963157505,0.19918527708560493,136.18487927702756,1288.7833963211688,0.12239162678902345,0.01830613234681668,-10.308237123908913,-0.793966878556791,0.0011340607318601427,,0.8226427003202074,,0.021694692072387965,,,0.023265358859855135,0.1322657537541125,,,5.28924847571835,0.9959263854280246,0.12380443570638869,0.9075939410712458,0.999868505006563,0.0001314949934370091
336.9537587284657,0.19917261335149544,134.61571718438162,1287.3746172832866,0.12237375216654534,0.018282221449608754,-10.308949971095522,-0.7944178103411499,0.001137430037752073,,0.8212899497325173,,0.021900645780988475,,,0.02339074593299067,0.13328418108952855,,,5.24199988690259,0.9958630667574772,0.1223779247130742,0.9066018431572442,0.999865522536025,0.00013447746397499127
333.6842211411812,0.19915966112003666,133.04824062565635,1285.9397366688147,0.12235560133685841,0.01825796936467028,-10.309668577204786,-0.7948745010481613,0.001140831324956731,,0.8199156185611726,,0.02211057676576871,,,0.023517837491046974,0.1343184112053191,,,5.194723172485345,0.9957983056001832,0.12095294602332396,0.9055913638512781,0.9998624440233073,0.0001375559766927381
330.4146835538964,0.19914641083321094,131.48246803430527,1284.4780179520742,0.12233716739784449,0.018233368158764505,-10.310393086871201,-0.7953370953123251,0.0011442655398378597,,0.8185191874725642,,0.02232460113026222,,,0.023646666415177355,0.13536881084643512,,,5.147418361836159,0.9957320541660547,0.11952951639482297,0.9045619844732918,0.999859265864439,0.0001407341355610381
327.1451459666116,0.19913285251208618,129.91841841271338,1282.98869637095,0.12231844327163863,0.0182084097263108,-10.311123648466186,-0.7958057415050597,0.0011477336653925071,,0.8171001200844327,,0.022542839532278078,,,0.023777266004558352,0.13643575878246889,,,5.100085471643844,0.9956642625604308,0.11810765310246671,0.9035131664584156,0.999855984403738,0.00014401559626198157
323.8756083793271,0.1991189757338875,128.35611135224298,1281.4709782948823,0.12229942156087331,0.01818308560105179,-10.311860417070918,-0.7962805947075395,0.0011512367243258512,,0.8156578622365572,,0.022765417408988776,,,0.02390967109524932,0.13751964399024605,,,5.052724542655543,0.9955948786694375,0.11668737395658453,0.9024443509118891,0.9998525947310414,0.0001474052689586225
320.6060707920423,0.19910476960823395,126.79556720542409,1279.9240392620943,0.12228009469789514,0.018157387158563677,-10.312603551403381,-0.796761813637751,0.0011547757781137193,,0.8141918421973545,,0.022992465215641803,,,0.02404391686716381,0.13862086869822396,,,5.005335600864065,0.9955238480411697,0.11526869745947645,0.9013549572268271,0.9998490929783841,0.0001509070216159092
317.3365332047578,0.19909022274963245,125.23680693093098,1278.3470225491014,0.12226045485648243,0.0181313055022075,-10.31335321564701,-0.7972495624791307,0.0011583519315171904,,0.812701468757307,,0.023224118678195897,,,0.024180039446140635,0.13973984756291075,,,4.957918673482437,0.9954511137481622,0.11385164266448271,0.9002443820768321,0.9998454744445542,0.00015452555544581692
314.066995617473,0.19907532325030974,123.67985222270406,1276.7390380558902,0.12224049389326291,0.018104831389453284,-10.31410958066775,-0.7977440120976187,0.0011619663341706106,,0.8111861310697166,,0.023460519061844064,,,0.024318076343732446,0.14087700732838426,,,4.9104738048971175,0.9953766162515487,0.11243622929336733,0.8991119986309087,0.9998417338036774,0.00015826619632264283
310.7974580301885,0.19906005865038995,122.12472558241016,1275.0991598313472,0.12222020350077967,0.018077955439111275,-10.314872820861083,-0.7982453368886997,0.0011656201809474834,,0.80964519810327,,0.02370181345589352,,,0.024458065213205486,0.14203279004323505,,,4.863001015017908,0.9953002932519497,0.11102247780219106,0.897957154810808,0.999837866815604,0.0001621331843959517
307.52792044290373,0.1990444159047808,120.57145017546587,1273.4264250212423,0.12219957499772961,0.0180506678574722,-10.315643118491517,-0.798753719116883,0.0011693147179758518,,0.8080780166129463,,0.02394815507610093,,,0.02460004539538653,0.14320765028640495,,,4.815500345975071,0.995222079523904,0.10961040925042352,0.8967791725501707,0.9998338673708387,0.00016613262916131966
304.25838285561923,0.19902838135071135,119.02005009109173,1271.7198318711291,0.12217859942711318,0.018022958573299587,-10.31642066167472,-0.7992693468978338,0.0011730512418634284,,0.8064839117149277,,0.02419970358664871,,,0.024744057159445512,0.14440205751943974,,,4.7679718404764655,0.9951419067535567,0.10820004553735613,0.8955773463881193,0.9998297299804617,0.0001702700195382878
300.98884526833444,0.199011940669871,117.47055024037908,1269.978337052195,0.12215726761253792,0.017994817316780817,-10.317205643222907,-0.7997924130437699,0.0011768311032409582,,0.8048621850218642,,0.024456625441907822,,,0.02489014117994669,0.145616497806276,,,4.720415520517642,0.9950597033493549,0.10679140930943554,0.894350941586053,0.9998254494499947,0.0001745505500052591
297.71930768104994,0.1989950788487908,115.92297633089164,1268.200854100207,0.1221355700179096,0.017966233439186085,-10.317998263552731,-0.8003231179713435,0.0011806557115001894,,0.8032121131820296,,0.02471909425027748,,,0.025038339508266515,0.146851472285623,,,4.6728314191486175,0.994975394243954,0.10538452393717422,0.8930991930283149,0.9998210192261966,0.0001789807738034055
294.44977009376515,0.19897778013837916,114.37735505668323,1266.386252022412,0.12211349664851309,0.017937195788668814,-10.318798732740673,-0.8008616717570334,0.00118452653705326,,0.8015329478374994,,0.02498729116216074,,,0.025188696368355596,0.14810749632617487,,,4.625219604508929,0.9948889006918957,0.10397941368789385,0.8918213042411354,0.9998164316941907,0.00018356830580934513
291.18023250648037,0.198960028008948,112.83371420702065,1264.5333508813046,0.12209103741933687,0.017907693200742453,-10.319607262921691,-0.8014082865357999,0.0011884451103711655,,0.7998239149965676,,0.02526140528295465,,,0.025341255291454444,0.14938510658672544,,,4.577580088082009,0.9948001400447399,0.10257610382456422,0.890516444282609,0.9998116821577021,0.0001883178422978915
287.91069491919586,0.19894180509850712,111.29208230531518,1262.6409206156295,0.12206818173263127,0.01787771394826525,-10.3204240770309,-0.8019631852427587,0.0011924130337453644,,0.7980842110009108,,0.025541634112623966,,,0.02549606212260768,0.15068485485714178,,,4.529912913852321,0.9947090254925356,0.10117462027755925,0.8891837469124153,0.9998067620932842,0.0001932379067157708
284.6411573319111,0.19892309316509638,109.752489117666,1260.7076785075044,0.12204491862610356,0.017847245943347047,-10.321249405753669,-0.8025265985632757,0.001196431978300868,,0.7963130045213366,,0.02582818401659131,,,0.02565316393873709,0.15200731151014824,,,4.482218132701348,0.9946154658254819,0.0997749901069691,0.8878223088081019,0.9998016639868131,0.00019833601318686167
281.37161974462657,0.19890387302881068,108.21496549611416,1258.7322854200436,0.12202123682483863,0.017816276811975708,-10.322083486464559,-0.8030987638719136,0.0012005036897633308,,0.7945094338089377,,0.026121270726904282,,,0.02581260863730301,0.15335306735318813,,,4.4344957783716605,0.9945193651440534,0.09837724136010378,0.8864311869155238,0.9997963805263331,0.00020361947366687172
278.1020821573418,0.1988841245110489,106.67954336860898,1256.7133428915467,0.12199712466407073,0.017784793799758638,-10.32292656483727,-0.8036799268423742,0.001204629993974839,,0.7926726048451112,,0.02642111987813999,,,0.025974445335451467,0.1547227334009676,,,4.386745882742164,0.9944206225552444,0.0969814030623718,0.8850093964024979,0.9997909034596701,0.00020909654032985614
274.8325445700573,0.19886382637087097,105.14625587269495,1254.6493910715103,0.12197256990589388,0.017752783540704326,-10.32377889865118,-0.8042703452540323,0.0012088128020717461,,0.790801590439343,,0.026727967580852052,,,0.026138725718194516,0.15611693886100292,,,4.338968515821947,0.9943191318543548,0.09558750533881359,0.883555909205289,0.9997852225993924,0.00021477740060760198
271.5630069827725,0.19884295623625428,103.61513756512554,1252.5389028533348,0.1219475601821,0.01772023264287141,-10.324640748645688,-0.8048702798462894,0.001213054109271196,,0.7888954298410306,,0.027042061035189368,,,0.02630550074827363,0.1575363397948339,,,4.291163684558789,0.9942147811812714,0.09419557960465957,0.8820696498967148,0.9997793314193275,0.0002206685806724895
268.293469395488,0.1988214905242361,102.08622400895113,1250.3802826726435,0.12192208234376672,0.017687126849299854,-10.32551239199277,-0.8054800077911217,0.0012173560117887399,,0.786953123524573,,0.02736365918653635,,,0.026474825260784093,0.15898160923639154,,,4.243331463037254,0.9941074526211804,0.09280565818995558,0.8805494948398899,0.9997732172082849,0.00022678279171506333
265.0239318082032,0.1987994043666193,100.55955251143838,1248.1718604911027,0.12189612307699994,0.017653451848745495,-10.32639410957401,-0.8060998099701102,0.0012217206981019653,,0.7849736365735349,,0.027693033431241514,,,0.026646753482384437,0.16045344900311354,,,4.195471870931716,0.9939970218330965,0.09141777501039854,0.878994267951481,0.9997668724902744,0.0002331275097255947
261.7543942209187,0.19877667151430442,99.03516149780407,1245.9118883459091,0.12186966843030544,0.01761919267047019,-10.327286195779061,-0.8067299807729089,0.0012261504680811494,,0.7829558915321002,,0.02803046836956199,,,0.02682134237822925,0.16195258283490735,,,4.147584951937075,0.993883357571522,0.0900319649980037,0.8774027382717672,0.9997602851147989,0.0002397148852011366
258.4848566336339,0.19875326424823525,97.51309109472942,1243.5985360311158,0.12184270398603533,0.017584333917565042,-10.328188954977723,-0.8073708245693201,0.0012306477309630788,,0.7808987704067714,,0.028376262617685194,,,0.026998650271959215,0.16347976080746296,,,4.099670749989439,0.9937663212411763,0.0886482646315722,0.8757736169233211,0.9997534441038788,0.0002465558961212144
255.21531904634912,0.19872915327354543,95.99338297526474,1241.2298856450384,0.12181521482245108,0.01754885972841739,-10.329102702325855,-0.8080226565152007,0.0012352150155801856,,0.7788011108251007,,0.028730729677573372,,,0.027178737188678765,0.1650357600266979,,,4.051729302979956,0.9936457663677271,0.08726671179569521,0.8741055532711539,0.9997463377180509,0.00025366228194911855
251.94578145906462,0.1987043076082691,94.47608046934519,1238.803926453759,0.1217871854814257,0.017512753746366305,-10.330027764456275,-0.8086858032433693,0.0012398549774719108,,0.7766617040850431,,0.02909419887322269,,,0.027361664915262773,0.1666213856018785,,,4.0037606482346435,0.9935215380413455,0.0858873458812229,0.8723971313054643,0.9997389534754071,0.00026104652459291167
248.67624387177983,0.19867869446209058,92.96122865496419,1236.3185487025096,0.12175860002973106,0.017475999210472354,-10.33096447823224,-0.8093606016170831,0.0012445704060928917,,0.7744792928880118,,0.029467016358028543,,,0.02754749651931028,0.16823747325792032,,,3.9557648054865253,0.9933934723104528,0.08451020786814926,0.8706468652834576,0.9997312790232709,0.0002687209767291421
245.40670628449533,0.1986522791043332,91.44887437928762,1233.7715398983316,0.12172944164153197,0.01743857843197953,-10.331913199423637,-0.8100474074062287,0.0012493642381489066,,0.7722525682994811,,0.029849546199780044,,,0.027736299230096385,0.16988488373619923,,,3.907741855948657,0.9932613955216659,0.08313534034480692,0.8688531971115013,0.9997232974655568,0.00027670253444322945
242.13716869721054,0.19862502472532326,89.93906672907198,1231.16057416654,0.12169969339753985,0.017400473834353832,-10.332874286173974,-0.8107465787543138,0.0012542395538720078,,0.7699801703134913,,0.030242171551787444,,,0.027928138897010304,0.1715645183893487,,,3.8596917840852347,0.9931251236266162,0.08176278793551998,0.8670144888496762,0.9997149991516378,0.00028500084836224904
238.86763110992604,0.19859689226860536,88.43185629416229,1228.4832075727768,0.1216693374582352,0.017361666905417024,-10.333848116160167,-0.8114584933382574,0.0012591996068977704,,0.7676606779830104,,0.030645295911793366,,,0.028123085538621747,0.17327730639314737,,,3.8116146181238824,0.9929844613430268,0.08039259663105662,0.8651290194174486,0.9997063658265728,0.0002936341734272041
235.59809352264125,0.1985678402744653,86.92729614650321,1225.7368719414533,0.12163835528535799,0.01732213849855015,-10.33483508203565,-0.8121835438114875,0.0012642478198972061,,0.7652926138411609,,0.03105934448934541,,,0.02832121166993915,0.1750242107594869,,,3.7635104085353417,0.9928392013723265,0.07902481467863928,0.8631949802404602,0.9996973807599324,0.0003026192400675809
232.32855593535675,0.19853782468907208,85.42544162831246,1222.9188632274893,0.12160672797474746,0.017281869272854203,-10.335835584559332,-0.8129221309329182,0.0012693877981097257,,0.762874438053901,,0.03148476567835023,,,0.028522590409072623,0.17680623581335372,,,3.715379141297495,0.9926891234453603,0.07765949238937496,0.8612104670616123,0.9996880299546775,0.00031197004532246275
229.05901834807196,0.19850679865724274,83.9263501575912,1220.0263358042594,0.12157443558603309,0.01724083885540115,-10.33685004653023,-0.8136746775015666,0.0012746233530154848,,0.7604045422361411,,0.031922032651130174,,,0.02872729966766504,0.17862441743008173,,,3.6672208597032356,0.9925339932862137,0.07629668196144655,0.8591734759184927,0.999678291985018,0.00032170801498199175
225.78948076078746,0.19847471231134423,82.43008200246815,1217.0562903509772,0.12154145785429267,0.01719902676520674,-10.337878898062659,-0.8144416136317432,0.0012799584990935335,,0.7578812516383142,,0.03237164508996467,,,0.028935417404107648,0.18047983782590915,,,3.619035541636521,0.9923735615567211,0.07493643818406195,0.8570818946133644,0.9996681519582957,0.0003318480417042746
222.51994317350267,0.19844151251584988,80.93669966177131,1214.0055655390597,0.12150777345255351,0.017156411494960798,-10.33892259192417,-0.8152233920910028,0.0012853974879969358,,0.755302814519943,,0.03283413105769902,,,0.02914702675095085,0.18237361433388266,,,3.570823209717001,0.9922075625792494,0.07357881787433755,0.8549334968584928,0.9996575866624755,0.0003424133375244942
219.25040558621788,0.19840714261405418,79.44626874644284,1210.8708244421618,0.12147336072737325,0.017112971463181526,-10.3399815883114,-0.8160204730759819,0.0012909448055044277,,0.7526674047988986,,0.03331004903678392,,,0.029362210899810826,0.18430691500418436,,,3.522583815581684,0.9920357130702708,0.0722238806785844,0.8527259327057479,0.9996465797396777,0.00035342026032225693
215.98086799893338,0.19837154212196317,77.95885736505015,1207.6485455835054,0.12143819678267678,0.017068683876771868,-10.341056373909428,-0.8168333432717585,0.0012966052110785996,,0.7499731105391768,,0.03379999013679756,,,0.02958105950028292,0.18628094419245197,,,3.4743173773496205,0.9918577106098159,0.07087168851368196,0.8504567222419054,0.9996351043687093,0.0003648956312907181
212.7113304116486,0.19833464642422782,76.47453718913913,1204.335006885898,0.12140225840335638,0.01702352591930813,-10.342147442763151,-0.81766249672323,0.0013023837326313205,,0.7472179378135029,,0.03430458050675312,,,0.0298036624435745,0.1882969618532885,,,3.4260238374945833,0.9916732321211391,0.06952230653558103,0.8481232442858438,0.9996231426171189,0.0003768573828810684
209.4417928243641,0.19829638640040678,74.99338265709406,1200.9262714495624,0.12136552143589324,0.01697747399207342,-10.343255309183187,-0.8185084477410154,0.001308285710949409,,0.7443997964285447,,0.03482448395055688,,,0.03003011446993887,0.19035627419893847,,,3.3777031373157023,0.9914819320020338,0.06817580241554005,0.8457227263729313,0.9996106690479789,0.00038933095202109413
206.1722552370793,0.19825668804915836,73.51547182695404,1197.41817508777,0.1213279607427444,0.01693050368365482,-10.344380508748442,-0.8193717319040186,0.0013143168109983996,,0.7415165009479351,,0.03536040479134621,,,0.0302605149935644,0.19246023592897668,,,3.3293552481143682,0.9912834402457917,0.06683224711541276,0.8432522359773029,0.9995976566618223,0.00040234333817767975
202.9027176497948,0.1982154720559086,72.04088652631216,1193.8063048528406,0.12128955080356928,0.01688259054737804,-10.345523585865006,-0.8202528936183313,0.0013204830426416653,,0.7385657646045619,,0.035913090993916146,,,0.030494965179535177,0.19461026326691197,,,3.280980054091759,0.9910773602795429,0.06549171502392015,0.8407086653893245,0.9995840840449253,0.00041591595507473045
199.63318006251,0.19817265330271314,70.56971200181987,1190.0859820532983,0.12125026511165968,0.016833709371264025,-10.346685106362052,-0.8211524987131273,0.001326790805014342,,0.7355451873833608,,0.03648333757462153,,,0.0307335718809141,0.19680782522948503,,,3.2325774418379223,0.9908632665135656,0.06415428363801806,0.838088719755844,0.9995699220683815,0.00043007793161853325
196.3636424752255,0.19812814035496085,69.10203776273767,1186.2522438823287,0.12121007632524254,0.016783834396032673,-10.347865654408274,-0.822071131357097,0.0013332469036776698,,0.7324522556128524,,0.037071990344686015,,,0.030976446668906987,0.19905444946492892,,,3.1841472946603626,0.9906407017748042,0.06282003432976152,0.8353889041424851,0.9995551420913743,0.0004448579086256954
193.09410488794072,0.1980818348704995,67.63795762425283,1182.2998202586573,0.12116895630694713,0.016732939393115116,-10.3490658317531,-0.8230093932996709,0.0013398585882713103,,0.729284332845927,,0.03767995000671267,,,0.031223706739304583,0.20135172511165775,,,3.1356894709036287,0.9904091743524974,0.061489052385684397,0.8326055072244066,0.999539714703602,0.00046028529639796645
189.8245673006562,0.19803363094661922,66.17756993613912,1178.2231070695261,0.12112687644227108,0.016680998086921615,-10.350286251162327,-0.8239678973066482,0.0013466335872288787,,0.7260386518742737,,0.038308176653095424,,,0.03147547340852235,0.20370131101631583,,,3.08720375461343,0.990168154733096,0.06016142721467193,0.8297345824433284,0.9995236129522073,0.0004763870477927368
186.55502971337143,0.1979834143872169,64.72097760550949,1174.0161426586217,0.12108380706953828,0.016627983479482022,-10.351527548343967,-0.8249472790860359,0.0013535801600909317,,0.7227123035848784,,0.03895769470902127,,,0.031731876236363615,0.2061049274531461,,,3.038689943581491,0.9899170719360845,0.05883725236864499,0.8267719314497337,0.9995068019834095,0.0004931980165905347
183.28549212608664,0.19793106190840823,63.26828894447458,1169.672575196077,0.12103971835930306,0.016573868964525413,-10.352790363711057,-0.825948179050874,0.001360707122844235,,0.7193022340097052,,0.03962959838290181,,,0.031993048498128035,0.2085643750517933,,,2.990147730196458,0.9896553095420411,0.05751662631315871,0.8237130811239981,0.9994892559425282,0.000510744057471757
180.01595453880213,0.19787644021008355,61.819617202939455,1165.185634746787,0.12099457925173815,0.016518627050766167,-10.35407536457284,-0.8269712645104068,0.001368023926951216,,0.715805225834855,,0.04032505766064684,,,0.032259135251218526,0.211081516248181,,,2.9415768447411312,0.9893822010504177,0.05619965200267223,0.8205532639061881,0.9994709349949014,0.000529065005098639
176.74641695151735,0.1978194049949471,60.37508195908676,1160.5480928558625,0.12094835895489785,0.016462231229208514,-10.355383214001083,-0.8280171985363989,0.0013755406768585355,,0.7122178998073151,,0.0410453249471472,,,0.03253028497946387,0.21365830616896817,,,2.892976869825396,0.9890970249747355,0.05488643814462432,0.8172873893351146,0.9994518159028943,0.000548184097105664
173.47687936423284,0.19775979978653513,58.93480814529202,1155.7522267166332,0.12090102559230329,0.016404654346005226,-10.356714599068264,-0.8290866682013274,0.001383268238699534,,0.7085366878084745,,0.041791742380566,,,0.03280666060233118,0.21629676687797209,,,2.844347406117079,0.9887989989326756,0.05357709831390183,0.8139100188145306,0.9994318576693437,0.0005681423306562738
170.20734177694806,0.19769745469919212,57.4989278522076,1150.789776106084,0.12085254741053714,0.016345870105934832,-10.35807020575623,-0.8301803594870432,0.00139121826389038,,0.70475783697156,,0.04256574997346329,,,0.03308843246553328,0.21899901322774956,,,2.7956879607128293,0.9884872734959606,0.052271752592916,0.8104153352859748,0.9994110326383061,0.0005889673616938929
166.93780418966355,0.19763218495552423,56.067579642121444,1145.651888274775,0.12080289295156411,0.016285853299635708,-10.359450715414283,-0.831298953742845,0.0013994032951579064,,0.7008773830767242,,0.043368894608793764,,,0.0333757822875108,0.221767254199829,,,2.7469978907752854,0.9881609247776211,0.05097052694738313,0.8067971044188558,0.9993893141728578,0.0006106858271421878
163.66826660237876,0.1975637892624846,54.64090915967133,1140.3290720722662,0.12075203040238609,0.016224579037387665,-10.360856818379938,-0.8324431413062481,0.0014078368573310002,,0.6968911373639254,,0.044202840059211726,,,0.03366890781605261,0.2246037809116102,,,2.6982765417320853,0.987818946312423,0.04967355378151939,0.803048642304413,0.9993666661507998,0.0006333338492001683
160.39872901509426,0.19749204799849865,53.21907034555544,1134.811137719888,0.12069992864324953,0.016162024034654034,-10.362289192169044,-0.8336135996931038,0.0014165335277104478,,0.6927946795730205,,0.045069378154583194,,,0.03396802057023036,0.2275109862639693,,,2.649523141306378,0.9874602399924932,0.04838097304141403,0.7991627730421748,0.9993430645618034,0.0006569354381965598
157.12919142780947,0.19741672108881278,51.802225195087495,1129.087125192445,0.1206465575839719,0.016098167021613423,-10.36374849448682,-0.8348109866086286,0.0014255090670725883,,0.6885833307795476,,0.04597044121257771,,,0.03427335002101861,0.23049136689890132,,,2.6007367552218628,0.9870836054440638,0.04709293199553408,0.7951317783045388,0.9993184889120452,0.0006815110879547781
153.85965384052497,0.19733754562885944,50.39054444067816,1123.1452336801447,0.12059188821039475,0.0160329887983115,-10.365235362278833,-0.8360359389983891,0.0014347805432671844,,0.68425213532613,,0.04690811594834579,,,0.03458514691137832,0.23354752043161164,,,2.551916340916597,0.9866877281442972,0.04580958585516197,0.7909473476620739,0.9992929186174658,0.0007070813825341693
150.59011625324018,0.19725423318331337,48.984208461852184,1116.9727357609252,0.12053589373928032,0.01596647360159916,-10.366750387609274,-0.8372890489265803,0.0014443664560733344,,0.6797958435894497,,0.047884659055718946,,,0.03490368336767281,0.23668216208451315,,,2.503060652728793,0.9862711659165668,0.044531098601683805,0.7866005181414967,0.9992663480973545,0.0007336519026455157
147.3205786659554,0.19716646665297027,47.58340740892411,1110.555886750786,0.12047854945284045,0.01589860888000331,-10.368294121088171,-0.8385708670032255,0.0014542869209616897,,0.6752088812802443,,0.04890251467095144,,,0.03522926218323121,0.2398981115369184,,,2.4541683081198755,0.9858323332648513,0.04325764309902192,0.7820816103878775,0.9992387696713453,0.0007612303286547162
144.0510410786709,0.19707389675278958,46.18834265115319,1103.8798203589622,0.12041983417680699,0.01582938700392689,-10.369867040919475,-0.8398818714322775,0.0014645638186947278,,0.6704853338504618,,0.04996433404136926,,,0.035562216386378215,0.24319831213692825,,,2.4052377049299656,0.9853694837639478,0.041989402410139265,0.7773801551823679,0.9992101964151375,0.0007898035848624696
140.7815034913861,0.1969761378762529,44.79922688322588,1096.928420543496,0.12035973173245708,0.015758806901053364,-10.371469522409017,-0.8412224375195692,0.0014752210194616984,,0.6656189087709891,,0.05107299764911789,,,0.0359029153444761,0.24658584153135332,,,2.356266904680982,0.9848806893812645,0.040726569893841706,0.7724848031996452,0.9991806632959364,0.0008193367040636446
137.5119659041016,0.19687276334941553,43.416284744128056,1089.6841964532537,0.12029823080476178,0.01568687379648969,-10.373101840544617,-0.8425928402529177,0.0014862846404113314,,0.6606029002857654,,0.052231640204577656,,,0.03625177704678001,0.25006388854467926,,,2.3072537750287565,0.9843638167470776,0.03946934976738914,0.7673832369389112,0.9991502060818025,0.0008497939181975056
134.2424283168168,0.19676330002940418,42.03975482536709,1082.12812796255,0.12023532797691523,0.015613602630225628,-10.374764106240685,-0.8439931905467333,0.0014977832617098044,,0.6554301707255142,,0.05344367897877054,,,0.03660926722213054,0.25363579064643615,,,2.25819580026171,0.9838165001470208,0.0382179589321519,0.7620620619454579,0.9991189075728515,0.000881092427148511
130.9728907295323,0.19664722185400896,40.66988930938595,1074.239486713337,0.12017102877428566,0.01553901907380898,-10.376456244107631,-0.8454234130114298,0.0015097483001020222,,0.6500930911383855,,0.054712845857147425,,,0.0369759190193201,0.25730501569772196,,,2.209090071578932,0.9832361092700448,0.03697262664489632,0.7565066807840404,0.9990868717125749,0.000913128287425069
127.70335314224752,0.19652394248848004,39.30695590535932,1065.9956386372266,0.12010535083345453,0.01546316295380094,-10.378177925576786,-0.8468831790783327,0.001522214328084208,,0.6445835105946892,,0.05604322386770044,,,0.03735233663075225,0.2610751860083112,,,2.159933188783958,0.9826197124424002,0.03573359627759938,0.750701153969878,0.9990542571014531,0.0009457428985468752
124.43381555496302,0.1963928065970376,37.9512382970409,1057.3718214567552,0.12003832550733005,0.015386089772033585,-10.379928534610256,-0.8483718727095511,0.0015352195408003468,,0.6388926956058674,,0.05743928875270364,,,0.03773922076046123,0.2649500523018882,,,2.1107212989152253,0.9819640329851879,0.03450112572458264,0.7446280432794052,0.9990212574209204,0.0009787425790795945
121.16427796767823,0.19625307975256281,36.60303849688529,1048.340887174955,0.11997000254009807,0.015307875667370432,-10.381707068844758,-0.8498884915418028,0.0015488061900406685,,0.6330112928028028,,0.058905956556804626,,,0.038137378599808626,0.2689335236561009,,,2.0614499392562373,0.981265398762814,0.033275489542622994,0.738268230404898,0.9989881516155169,0.0010118483844830939
117.89474038039373,0.1961039363340221,35.2626771916603,1038.872967493809,0.1199004568999516,0.01522862466808615,-10.383511995089531,-0.8514315023843242,0.0015630211873011845,,0.6269292496837151,,0.060448638033681626,,,0.038547745114788444,0.27302971151870964,,,2.0121136376729547,0.9805196816701104,0.03205697926514573,0.7316006813336684,0.9989553443508947,0.001044655649105275
114.62520279310894,0.1959444451488062,33.93049396489656,1028.9351519322504,0.11982978934633506,0.015148468618418719,-10.385341235962319,-0.8529988278548597,0.0015779169063623532,,0.6206357194460798,,0.06207330109598726,,,0.038971434856353626,0.27724282087758184,,,1.9627063239308422,0.979722225744031,0.03084590360445142,0.724602219670599,0.9989232762760025,0.0010767237239974747
111.35566520582415,0.19577355292637097,32.60685288248095,1018.4910874655819,0.11975813869453093,0.01506758024149045,-10.387191910553481,-0.8545875870437722,0.00159355174196915,,0.6141190502168747,,0.0637865430768567,,,0.03940974042064811,0.28157728241634516,,,1.9132208049692483,0.9788677646318548,0.02964259352952814,0.7172472446940719,0.9988926161307248,0.0011073838692752247
108.08612761853965,0.19559006360769676,31.29213998428277,1007.5004740248493,0.11968568795778114,0.014986178929574209,-10.389060202987398,-0.8561939640754375,0.0016099913461244913,,0.6073666141723608,,0.0655956735888654,,,0.03986422531556007,0.2860376654579973,,,1.863648635884627,0.9779503180384838,0.028447399985711608,0.7095073760738376,0.9988641785347836,0.0011358214652164023
104.81659003125486,0.1953926143726999,29.986768280642384,995.9185118529965,0.11961267928356843,0.014904546135693668,-10.39094104547769,-0.8578128911634781,0.001627309584381754,,0.6003647551474267,,0.06750881097349538,,,0.04033674174020439,0.2906287749069042,,,1.8139797802185071,0.9769630718634994,0.02726069843694762,0.7013510646852089,0.9988390827680307,0.0011609172319693162
101.54705244397036,0.1951796459166779,28.691177322469837,983.6952477617525,0.11953942413605657,0.01482303501256343,-10.392827900439336,-0.8594378307228734,0.0016455901617644006,,0.5930986131534776,,0.06953499377116905,,,0.04082955198693918,0.29535553837749506,,,1.7642026078864526,0.9758982295833896,0.02608288847497258,0.6927431322265863,0.9988186972890808,0.0011813027109192076
98.27751485668557,0.19494926637305263,27.405496445427797,970.5658262954429,0.1194863892159652,0.014764270360931947,-10.394289701258213,-0.8606377161394985,0.0016647400796063487,,0.5855446787843576,,0.07168424094427388,,,0.04127970468160796,0.30064213963136077,,,1.7125102959154472,0.974746331865263,0.024914087677661633,0.6834970607714388,0.9991507640416001,0.0008492359583999187
95.00797726940107,0.19469714508171052,26.11848697194836,956.514643439559,0.11942393536360998,0.01469533464041699,-10.39595039648054,-0.8620364959595737,0.0016860678610251209,,0.577424341914645,,0.07396621483875168,,,0.04186593485848039,0.3057178702629436,,,1.6612521452572542,0.9734857254085525,0.0237440790654076,0.6736018615771543,0.9989743618748207,0.0010256381251793067
91.73843968211628,0.1944251414074614,24.85367657925544,942.0130820918941,0.11934233404091944,0.01460569521344007,-10.398015352546231,-0.8638395366230149,0.001708048087780806,,0.5692179494162138,,0.07639659134177934,,,0.04237627762022497,0.31062836571879465,,,1.612494226795614,0.9721257070373069,0.022594251435686764,0.6633894944309114,0.9986191840970129,0.0013808159029871092
88.46890209483178,0.1941308128970873,23.61051545365938,926.8798609025466,0.11926087243738492,0.0145166942294373,-10.40007839140734,-0.8656406600818709,0.0017307370750013712,,0.5609016521627517,,0.07898998381088773,,,0.04292631990416804,0.3157845582216576,,,1.5636594437651912,0.9706540644854365,0.021464104957872165,0.6527322964102442,0.998602514099465,0.0013974859005350115
85.19936450754699,0.19380818053121318,22.37669735809985,910.5816024845144,0.1191975148964315,0.014447806402671418,-10.401760349572989,-0.8670607028452686,0.0017551789111858022,,0.5521586999220088,,0.0817605025447928,,,0.043603954397861085,0.3213937918259937,,,1.5127729023931216,0.9690409026560659,0.02034245214372714,0.6412546496369821,0.9989169486906565,0.0010830513093434968
81.92982692026249,0.19345161820615564,21.147534569591944,892.8542020634746,0.11914912831502818,0.01439539213077319,-10.403126847429878,-0.8681652852999076,0.0017820955188304908,,0.5428184475700912,,0.08472488426480168,,,0.04437837506147014,0.32726247267253494,,,1.4605995301103265,0.9672580910307782,0.019225031426901767,0.628770564833433,0.9991841795688979,0.0008158204311020656
78.6602893329777,0.19305786742475373,19.930152529706945,873.8528315195234,0.11910065555410289,0.014343054029644642,-10.404495537391739,-0.8692720598595169,0.0018113071117639627,,0.5329979860901217,,0.08790472070559584,,,0.045166140817282055,0.33310481550374416,,,1.4090375620532276,0.9652893371237686,0.018118320481551767,0.6153893179714954,0.9991736631167438,0.0008263368832561735
75.39075174569291,0.19262410284226833,18.733221624917274,853.7746645276162,0.1190462766807883,0.01428454020976468,-10.40598938288704,-0.8705039899525655,0.001842346895152184,,0.5228771746561025,,0.0913257397328302,,,0.04594732687841543,0.33890001731474256,,,1.3586612524306942,0.9631205142113416,0.017030201477197523,0.6012497637518425,0.9990502585820906,0.0009497414179093777
72.1212141584084,0.1921444883933214,17.557596946516732,832.4505645975526,0.11899886957983669,0.014233701521247963,-10.407336341146275,-0.8715890328095508,0.001875382835467004,,0.5124398101051638,,0.09501555861218419,,,0.046805437666951465,0.34491810106415555,,,1.308167009225659,0.9607224419666069,0.015961451769560667,0.5862327919701076,0.9991789074484551,0.0008210925515449441
68.85167657112362,0.19160873933610795,16.397228616508023,809.3298193136975,0.11898032053496801,0.014213853613323344,-10.408073587290675,-0.8720643635516989,0.001911457116221049,,0.5014555487993146,,0.09900282330875938,,,0.04786227075741539,0.35143520274691314,,,1.2558445321439748,0.9580436966805397,0.014906571469552748,0.5699505769814772,0.9997558456124027,0.00024415438759728403
65.58213898383912,0.19100390751165222,15.247587835908956,783.8497829454777,0.11900336645587943,0.014238516991655594,-10.407931672273275,-0.8716605331320473,0.0019518639095567486,,0.4896866922897448,,0.10331937049303674,,,0.04917746606986755,0.3584357456328856,,,1.2013513748588764,0.9550195375582611,0.01386144348718996,0.5520068893982238,1.0006192744855347,-0.000619274485534671
62.31260139655433,0.1903175320597451,14.11077979362749,755.8316968480212,0.11906175948498875,0.014301178674469015,-10.407043024912682,-0.8705099703692039,0.0019972884151902596,,0.47710289779253706,,0.1080045392056049,,,0.05070349084536684,0.36557632754156993,,,1.1461110453091063,0.9515876602987255,0.012827981630570445,0.5322758428507193,1.0013872553850787,-0.0013872553850786673
59.043063809269825,0.18953900573802834,12.996430039756632,725.5405040000996,0.11913750726050566,0.014382828938751726,-10.40578846195097,-0.8689934920052398,0.002047495804808197,,0.46390360557170984,,0.11310868200289947,,,0.05233732521555234,0.37245031193627653,,,1.0920835848287647,0.9476950286901417,0.011814936399778757,0.5109440169014787,1.0017999247264382,-0.0017999247264381957
55.77352622198504,0.18865680346215438,11.913557920884204,693.30642902089,0.1192224174926593,0.014474847938656743,-10.404341447725711,-0.8672845623777299,0.0021019519211539065,,0.45032217294359345,,0.11869315296020587,,,0.05405289191681661,0.3789804548209831,,,1.0399249303455194,0.9432840173107718,0.010830507200803821,0.48824396409921844,1.0020486726415991,-0.0020486726415991363
52.503988634700534,0.18765147311624616,10.863554073167112,658.8911503527446,0.11934434507329103,0.014607898488856736,-10.402115030512833,-0.864796229762602,0.0021611770034332383,,0.43634235307540403,,0.12482505861629142,,,0.05606089715746293,0.38569931085930437,,,0.9877357560888381,0.9382573655812307,0.009875958248333738,0.4640078523610878,1.0029276197084627,-0.00292761970846267
49.234451047415746,0.18698341711094163,10.261235913079162,652.9932124414997,0.11625252928185863,0.011549460097239728,-10.468386262819859,-0.9308055466673757,0.002117064518528721,,0.4397799105381835,,0.13222975291204833,,,0.04499229790859164,0.38609285712078134,,,1.0201694616652204,0.9349170855547081,0.009328396284617419,0.4598543749588027,1.003094818479605,-0.0030948184796049105
45.96491346013124,0.18587936735709235,9.378992381116207,638.3419263051643,0.11682617685213072,0.012069550828409261,-10.456385873970092,-0.9185432424153568,0.0021551995090048678,,0.4306107893121318,,0.14006312048966207,,,0.048009734499998784,0.39034301325444143,,,0.9823385196466354,0.9293968367854617,0.008526356710105643,0.4495365678205383,1.009026657556234,-0.009026657556234108
42.695375872846455,0.18462841140103106,8.528326929319116,622.3601189971198,0.11680110416026813,0.012046390186757601,-10.457269656849375,-0.9191651098923881,0.002189213606044756,,0.42167820228464126,,0.14889125399587666,,,0.04860239455709111,0.39080908483992716,,,0.9596431182528243,0.9231420570051553,0.007753024481199196,0.43828177394163376,1.0099809356775362,-0.009980935677536218
39.42583828556167,0.18321975533874468,7.719406293590876,606.6290852994454,0.11645989703008272,0.011735115625648638,-10.464953198726496,-0.9265867363672591,0.0022224005378498747,,0.41347457088706546,,0.1589409739929674,,,0.04810533780023782,0.39093218705141963,,,0.9417750134838035,0.9160987766937234,0.007017642085082615,0.4272035811967926,1.0114530697316904,-0.011453069731690357
36.156300698277164,0.18153014548373536,6.90943512755247,590.0760692726695,0.11633463842085025,0.011622656693487108,-10.46799709569435,-0.9293687179328618,0.0022612612507935956,,0.4036729289303912,,0.17033120637001528,,,0.04839335033967085,0.3899107955954586,,,0.9209881601031814,0.9076507274186768,0.006281304661411337,0.4155465276568096,1.012308281235536,-0.012308281235535956
32.886763110992376,0.17952399085378853,6.118854249349421,572.9609044982443,0.11616358730296315,0.011470636140376002,-10.472031642788435,-0.9331413496246945,0.0023038983952376997,,0.39314295440229574,,0.18340969311205615,,,0.04856483488109301,0.38786930460191354,,,0.9008070607583702,0.8976199542689426,0.005562594772135838,0.4034935947170735,1.0129867869973583,-0.012986786997358335
29.617225523707873,0.17710396618328864,5.347663076813178,555.1311240909658,0.11597734404353767,0.011307131329508332,-10.476399235994696,-0.9372470274287057,0.0023520641914168213,,0.3816308225222115,,0.19855002295847912,,,0.04878364877280323,0.38479861614237076,,,0.8801808870039316,0.8855198309164432,0.00486151188801198,0.39093741133166615,1.0137631103958646,-0.013763110395864642
26.347687936423085,0.17413363926640174,4.597095636838469,536.3296386349048,0.1157756730006291,0.011132428184732136,-10.481106366204674,-0.9416922422364316,0.0024077288983792465,,0.3688706375176422,,0.21623762277743727,,,0.049103981886868056,0.38049954338366576,,,0.8586303785225079,0.8706681963320086,0.004179177851671335,0.3776969286161302,1.0147117855656131,-0.014711785565613145
23.078150349138582,0.17041407333857633,3.869321559998874,516.2127789731154,0.11555213397030653,0.010941597086405625,-10.486294197159424,-0.9466181577889294,0.0024736653104891287,,0.3545312835066427,,0.23710186987013232,,,0.04958615404619361,0.37467423718286214,,,0.8356454923345256,0.8520703666928816,0.003517565054544431,0.36353012603740525,1.0158935446058308,-0.01589354460583081
19.808612761853794,0.1656456042417708,3.167633855741876,494.31893554546815,0.11484241059365485,0.010354902751362397,-10.502068296796004,-0.9621303420232596,0.0025569168736053745,,0.3381837830082043,,0.2619571410129809,,,0.051665699559074865,0.3655629861814821,,,0.8105477752756801,0.828228021208854,0.002879667141583524,0.34811192644047056,1.0173696097617422,-0.017369609761742177
16.53907517456929,0.15936676284221213,2.497683963598679,470.10168617250235,0.11452675446251964,0.010103107344877292,-10.509302426603554,-0.9691025564285578,0.0026575029989207833,,0.31936523672815476,,0.2918645108208404,,,0.05266242733070827,0.355402253493175,,,0.7826338610912266,0.7968338142110606,0.002270621785089708,0.33105752547359324,1.0192944283728784,-0.019294428372878425
13.269537587284503,0.15090291993183735,1.8714416645510243,443.9025234935519,0.113825776898003,0.009563386175154308,-10.525004974799923,-0.9845431892226753,0.002778874910057011,,0.2981809609578634,,0.3284664537968164,,,0.053304501495730544,0.34291881326134754,,,0.7525578375938735,0.7545145996591868,0.0017013106041372948,0.31260741091095207,1.0228707295117578,-0.022870729511757837
10.0,0.13892668354693644,1.292621285039603,413.0219458506586,0.11287668070183163,0.00887368097327659,-10.54627526877713,-1.0055515677976317,0.002953950374787985,,0.27309223668483784,,0.3733385775643824,,,0.05510257986622269,0.3267840548181692,,,0.7151133658043137,0.6946334177346821,0.0011751102591269118,0.2908605252469427,1.028317448933612,-0.02831744893361199
