P_bars,H2OT_m_wtpc,CO2T_m_ppmw,ST_m_ppmw,Fe3Fet_m,S6St_m,logfO2,dFMQ,vapor_wt,O2_v_mf,CO2_v_mf,CO_v_mf,H2O_v_mf,H2_v_mf,S2_v_mf,SO2_v_mf,H2S_v_mf,CH4_v_mf,OCS_v_mf,CS_v_mf,H2OT_m_wtpc_norm,CO2T_m_ppmw_norm,ST_m_ppmw_norm,SUM_v_mf,XO2_BYDIFF_v_mf
2260.0,0.200000028134306,1098.32166280704,,,,,,0.00016832711658842887,,0.995534270070529,,0.00446572992947104,,,,,,,,1.0,1.0,,1.0,0.0
2255.482,0.200000066143726,1095.98754186103,,,,,,0.00040242557500423757,,0.995527518391426,,0.00447248160857416,,,,,,,,1.0000001900470732,0.9978748293646102,,1.0,0.0
2250.964,0.200000102831343,1093.65433171361,,,,,,0.000636432901352394,,0.995520742327746,,0.00447925767225446,,,,,,,,1.0000003734851324,0.9957504879931973,,1.0000000000000004,-4.440892098500626e-16
2246.446,0.200000138190768,1091.32203192728,,,,,,0.0008703491472008252,,0.995513941628331,,0.00448605837166865,,,,,,,,1.0000005502822327,0.9936269754874263,,0.9999999999999996,4.440892098500626e-16
2241.928,0.200000172215639,1088.99064232041,,,,,,0.0011041743384193087,,0.995507116314088,,0.00449288368591205,,,,,,,,1.0000007204065637,0.9915042916819266,,1.0,0.0
2237.41,0.200000204899488,1086.66016250604,,,,,,0.0013379085215836088,,0.995500266180515,,0.00449973381948547,,,,,,,,1.0000008838257857,0.9893824362243789,,1.0000000000000004,-4.440892098500626e-16
2232.892,0.200000236235813,1084.33059215722,,,,,,0.001571551737277819,,0.995493391091346,,0.00450660890865422,,,,,,,,1.0000010405073887,0.9872614088171018,,1.0000000000000002,-2.220446049250313e-16
2228.374,0.200000266218065,1082.00193094695,,,,,,0.0018051040261399174,,0.995486490907027,,0.00451350909297316,,,,,,,,1.0000011904186275,0.9851412091623681,,1.0000000000000002,-2.220446049250313e-16
2223.8559999999998,0.200000294839566,1079.67417848066,,,,,,0.0020385654357111577,,0.995479565394856,,0.00452043460514433,,,,,,,,1.0000013335261124,0.9830218369009297,,1.0000000000000004,-4.440892098500626e-16
2219.3379999999997,0.200000322093768,1077.34733452772,,,,,,0.0022719359969619666,,0.99547261454931,,0.00452738545069042,,,,,,,,1.0000014697971031,0.9809032918228029,,1.0000000000000004,-4.440892098500626e-16
2214.8199999999997,0.200000347973919,1075.0213987183201,,,,,,0.002505215755021247,,0.995465638167672,,0.00453436183232791,,,,,,,,1.00000159919784,0.9787855735912828,,0.9999999999999999,1.1102230246251565e-16
2210.3019999999997,0.20000037247326,1072.69637072271,,,,,,0.002738404751008027,,0.995458636102428,,0.00454136389757181,,,,,,,,1.0000017216945278,0.9766686819061385,,0.9999999999999998,2.220446049250313e-16
2205.7839999999997,0.200000395584977,1070.37225021045,,,,,,0.0029715030261655982,,0.995451608204161,,0.00454839179583897,,,,,,,,1.0000018372530965,0.974552616466511,,1.0,0.0
2201.2659999999996,0.200000417302212,1068.0490368553499,,,,,,0.003204510621350695,,0.99544455433048,,0.00455544566951952,,,,,,,,1.0000019458392562,0.9724373769754111,,0.9999999999999994,5.551115123125783e-16
2196.7479999999996,0.200000437618042,1065.72673032174,,,,,,0.003437427578437586,,0.995437474327557,,0.0045625256724428,,,,,,,,1.000002047418392,0.9703229631272178,,0.9999999999999998,2.220446049250313e-16
2192.2299999999996,0.200000456525627,1063.4053303364901,,,,,,0.0036702539329411046,,0.995430368133444,,0.00456963186655623,,,,,,,,1.0000021419563037,0.9682093746732516,,1.0000000000000002,-2.220446049250313e-16
2187.7119999999995,0.200000474017746,1061.08483649557,,,,,,0.0039029897338890866,,0.995423235457941,,0.00457676454205912,,,,,,,,1.0000022294168864,0.9660966112456512,,1.0,0.0
2183.1939999999995,0.200000490087158,1058.76524839787,,,,,,0.004135635030033134,,0.995416076063607,,0.00458392393639339,,,,,,,,1.000002309763935,0.9639846724792138,,1.0000000000000004,-4.440892098500626e-16
2178.6759999999995,0.200000504726965,1056.44656583985,,,,,,0.004368189849962997,,0.995408889950806,,0.00459111004919418,,,,,,,,1.0000023829629598,0.9618735581886209,,1.0000000000000002,-2.220446049250313e-16
2174.1579999999994,0.200000517930052,1054.12878847813,,,,,,0.004600654236512095,,0.995401677003622,,0.00459832299637767,,,,,,,,1.0000024489783854,0.9597632680612309,,0.9999999999999997,3.3306690738754696e-16
2169.6399999999994,0.200000529689038,1051.81191596752,,,,,,0.004833028232960761,,0.995394436989975,,0.00460556301002453,,,,,,,,1.0000025077733072,0.9576538017827559,,0.9999999999999996,4.440892098500626e-16
2165.1219999999994,0.20000053999664,1049.49594794497,,,,,,0.005065311884280966,,0.995387169766505,,0.0046128302334952,,,,,,,,1.00000255931131,0.9555451590226461,,1.0000000000000002,-2.220446049250313e-16
2160.6039999999994,0.200000548845484,1047.18088411048,,,,,,0.005297505229210945,,0.995379875170311,,0.00462012482968945,,,,,,,,1.0000026035555236,0.9534373395077571,,1.0000000000000004,-4.440892098500626e-16
2156.0859999999993,0.200000556228102,1044.86672413671,,,,,,0.005529608309322494,,0.995372553022348,,0.00462744697765141,,,,,,,,1.0000026404686087,0.9513303429400525,,0.9999999999999993,6.661338147750939e-16
2151.5679999999993,0.200000562137056,1042.55346765951,,,,,,0.005761621169850561,,0.995365203182692,,0.00463479681730771,,,,,,,,1.0000026700133744,0.949224168987981,,0.9999999999999997,3.3306690738754696e-16
2147.0499999999993,0.20000056656477,1040.24111433448,,,,,,0.005993543854184875,,0.995357825475055,,0.00464217452494479,,,,,,,,1.0000026921519412,0.9471188173379733,,0.9999999999999998,2.220446049250313e-16
2142.5319999999992,0.20000056950366,1037.92966387281,,,,,,0.006225376400146931,,0.995350419744373,,0.00464958025562737,,,,,,,,1.0000027068463893,0.9450142877270735,,1.0000000000000004,-4.440892098500626e-16
2138.013999999999,0.200000570946037,1035.61911591827,,,,,,0.006457118852424572,,0.995342985815994,,0.0046570141840054,,,,,,,,1.000002714058273,0.9429105798309415,,0.9999999999999994,5.551115123125783e-16
2133.495999999999,0.200000570884164,1033.30947013474,,,,,,0.00668877125373354,,0.995335523520911,,0.00466447647908913,,,,,,,,1.0000027137489083,0.9408076933435467,,1.0000000000000002,-2.220446049250313e-16
2128.977999999999,0.200000569310242,1031.00072623071,,,,,,0.006920333642380854,,0.995328032687786,,0.00467196731221372,,,,,,,,1.0000027058792993,0.9387056279994749,,0.9999999999999998,2.220446049250313e-16
2124.459999999999,0.200000566216421,1028.6928837336,,,,,,0.007151806074878605,,0.995320513148946,,0.00467948685105358,,,,,,,,1.0000026904101966,0.9366043833684515,,0.9999999999999996,4.440892098500626e-16
2119.941999999999,0.200000561594785,1026.38594244025,,,,,,0.007383188580785004,,0.995312964734738,,0.00468703526526181,,,,,,,,1.0000026673020197,0.9345039592655032,,0.9999999999999998,2.220446049250313e-16
2115.423999999999,0.200000555437353,1024.07990196641,,,,,,0.007614481207884184,,0.995305387273041,,0.00469461272695866,,,,,,,,1.0000026365148642,0.9324043553407786,,0.9999999999999997,3.3306690738754696e-16
2110.905999999999,0.200000547736039,1021.77476197212,,,,,,0.007845683999622991,,0.995297780577427,,0.00470221942257302,,,,,,,,1.0000025980082996,0.9303055712847501,,1.0,0.0
2106.387999999999,0.200000538482753,1019.4705221158,,,,,,0.008076796999612541,,0.995290144481015,,0.00470985551898473,,,,,,,,1.000002551741876,0.9282076067864165,,0.9999999999999998,2.220446049250313e-16
2101.869999999999,0.20000052766931,1017.16718226065,,,,,,0.00830782023102037,,0.99528247880546,,0.00471752119453967,,,,,,,,1.0000024976746686,0.9261104617212237,,0.9999999999999997,3.3306690738754696e-16
2097.351999999999,0.200000515287441,1014.86474153454,,,,,,0.008538753790844348,,0.995274783365648,,0.00472521663435248,,,,,,,,1.0000024357653323,0.9240141352951151,,1.0000000000000004,-4.440892098500626e-16
2092.833999999999,0.200000501328827,1012.5631999532201,,,,,,0.008769597687085583,,0.995267057981437,,0.00473294201856321,,,,,,,,1.000002365972272,0.9219186275224306,,1.0000000000000002,-2.220446049250313e-16
2088.315999999999,0.200000485785082,1010.26255721952,,,,,,0.009000351959192193,,0.995259302471743,,0.00474069752825693,,,,,,,,1.0000022882535582,0.9198239381326027,,0.9999999999999999,1.1102230246251565e-16
2083.797999999999,0.200000468647757,1007.9628129028,,,,,,0.009231016660062492,,0.995251516654408,,0.00474848334559168,,,,,,,,1.000002202566945,0.9177300667335424,,0.9999999999999997,3.3306690738754696e-16
2079.279999999999,0.20000044990831,1005.6639668185501,,,,,,0.009461591817999361,,0.995243700340945,,0.00475629965905537,,,,,,,,1.0000021088697233,0.9156370131572571,,1.0000000000000004,-4.440892098500626e-16
2074.761999999999,0.200000429558116,1003.36601812791,,,,,,0.00969207752701554,,0.995235853337195,,0.00476414666280502,,,,,,,,1.0000020071187676,0.9135447766399811,,1.0,0.0
2070.243999999999,0.200000407588561,1001.0689669699201,,,,,,0.009922473783034767,,0.995227975469775,,0.00477202453022463,,,,,,,,1.000001897271008,0.9114533573083081,,0.9999999999999997,3.3306690738754696e-16
2065.7259999999987,0.200000383990872,998.772813177262,,,,,,0.01015278061286709,,0.995220066540786,,0.0047799334592139,,,,,,,,1.0000017792825797,0.9093627550098979,,0.9999999999999999,1.1102230246251565e-16
2061.2079999999987,0.200000358756132,996.477555354081,,,,,,0.010382998166673393,,0.995212126334058,,0.00478787366594165,,,,,,,,1.0000016531088975,0.9072729684738526,,0.9999999999999997,3.3306690738754696e-16
2056.6899999999987,0.200000331875664,994.183194186312,,,,,,0.01061312638558809,,0.995204154707997,,0.00479584529200314,,,,,,,,1.0000015187065763,0.9051839983247024,,1.0,0.0
2052.1719999999987,0.200000303340356,991.889729265361,,,,,,0.010843165320955583,,0.995196151432319,,0.00480384856768126,,,,,,,,1.0000013760300563,0.9030958441904304,,1.0000000000000002,-2.220446049250313e-16
2047.6539999999986,0.200000273141156,989.5971596585499,,,,,,0.011073115076615188,,0.995188116308204,,0.0048118836917957,,,,,,,,1.0000012250340777,0.9010085052218519,,0.9999999999999998,2.220446049250313e-16
2043.1359999999986,0.200000241268972,987.305485300228,,,,,,0.011302975669493488,,0.995180049143266,,0.0048199508567339,,,,,,,,1.0000010656731801,0.8989219813591932,,0.9999999999999999,1.1102230246251565e-16
2038.6179999999986,0.200000207714604,985.014705820523,,,,,,0.011532747147131686,,0.995171949736744,,0.00482805026325647,,,,,,,,1.0000008979013637,0.8968362722656928,,1.0000000000000004,-4.440892098500626e-16
2034.0999999999985,0.200000172468775,982.7248208497181,,,,,,0.011762429557132983,,0.995163817886174,,0.00483618211382637,,,,,,,,1.0000007216722435,0.8947513776047312,,1.0000000000000004,-4.440892098500626e-16
2029.5819999999985,0.20000013552213,980.435830025392,,,,,,0.011992022946446083,,0.995155653387389,,0.00484434661261117,,,,,,,,1.0000005369390443,0.8926672970463309,,1.0000000000000002,-2.220446049250313e-16
2025.0639999999985,0.200000096865233,978.147732980912,,,,,,0.012221527362521785,,0.995147456034468,,0.00485254396553206,,,,,,,,1.0000003436545868,0.89058403025668,,1.0,0.0
2020.5459999999985,0.200000056488566,975.860529342292,,,,,,0.012450942853628584,,0.995139225619495,,0.00486077438050488,,,,,,,,1.00000014177128,0.8885015768952718,,0.9999999999999999,1.1102230246251565e-16
2016.0279999999984,0.200000014382533,973.574218753849,,,,,,0.01268026946627689,,0.995130961933403,,0.00486903806659716,,,,,,,,0.9999999312411447,0.8864199366382639,,1.0000000000000002,-2.220446049250313e-16
2011.5099999999984,0.19999997053745,971.288800827028,,,,,,0.01290950725036089,,0.995122664764274,,0.00487733523572543,,,,,,,,0.9999997120157604,0.8843391091318847,,0.9999999999999994,5.551115123125783e-16
2006.9919999999984,0.199999924943551,969.004275192867,,,,,,0.01313865625388839,,0.995114333899038,,0.0048856661009622,,,,,,,,0.9999994840462976,0.8822590940402018,,1.0000000000000002,-2.220446049250313e-16
2002.4739999999983,0.199999877590988,966.720641472981,,,,,,0.013367716525897088,,0.995105969122526,,0.00489403087747353,,,,,,,,0.9999992472835159,0.880179891018703,,0.9999999999999996,4.440892098500626e-16
1997.9559999999983,0.199999822535216,964.445141625038,,,,,,0.01359596777877899,,0.99509650857422,,0.00490349142578046,,,,,,,,0.9999989720046946,0.8781080937256154,,1.0000000000000004,-4.440892098500626e-16
1993.4379999999983,0.199999758171556,962.179156334402,,,,,,0.013823273173241082,,0.995085722599195,,0.0049142774008053,,,,,,,,0.9999986501864399,0.8760449592474656,,1.0000000000000004,-4.440892098500626e-16
1988.9199999999983,0.199999691540345,959.9138647838159,,,,,,0.014050510237994087,,0.995074893624334,,0.0049251063756657,,,,,,,,0.9999983170304317,0.873982456405815,,0.9999999999999997,3.3306690738754696e-16
1984.4019999999982,0.199999622628779,957.6492655718661,,,,,,0.01427767912733968,,0.995064021381081,,0.00493597861891936,,,,,,,,0.9999979724726501,0.871920583924704,,1.0000000000000002,-2.220446049250313e-16
1979.8839999999982,0.199999551423934,955.385357493597,,,,,,0.014504779975995384,,0.995053105596943,,0.0049468944030569,,,,,,,,0.9999976164484753,0.8698593407070448,,0.9999999999999999,1.1102230246251565e-16
1975.3659999999982,0.199999477912803,953.1221390952089,,,,,,0.014731812943715582,,0.995042146001748,,0.00495785399825185,,,,,,,,0.999997248892872,0.8677987254291819,,0.9999999999999999,1.1102230246251565e-16
1970.8479999999981,0.199999402082226,950.8596091133919,,,,,,0.014958778171300586,,0.99503114231643,,0.00496885768356955,,,,,,,,0.9999968697400403,0.8657387369408964,,0.9999999999999996,4.440892098500626e-16
1966.329999999998,0.199999323918958,948.597765862942,,,,,,0.015185675841940381,,0.995020094264797,,0.004979905735203,,,,,,,,0.9999964789237553,0.8636793737078439,,1.0,0.0
1961.811999999998,0.199999243409624,946.33660831187,,,,,,0.015412506073449177,,0.995009001565111,,0.00499099843488919,,,,,,,,0.9999960763771418,0.8616206347904187,,1.0000000000000002,-2.220446049250313e-16
1957.293999999998,0.199999160540737,944.0761349673201,,,,,,0.01563926902996449,,0.994997863934655,,0.00500213606534482,,,,,,,,0.9999956620327651,0.8595625188294054,,0.9999999999999998,2.220446049250313e-16
1952.775999999998,0.199999075298692,941.8163444442721,,,,,,0.01586596486492748,,0.994986681087799,,0.00501331891220082,,,,,,,,0.9999952358226001,0.8575050245637705,,0.9999999999999998,2.220446049250313e-16
1948.257999999998,0.199998987669763,939.557235351922,,,,,,0.016092593732475888,,0.994975452736488,,0.00502454726351239,,,,,,,,0.9999947976780168,0.8554481507272149,,1.0000000000000004,-4.440892098500626e-16
1943.739999999998,0.199998897640116,937.298806452218,,,,,,0.01631915577153638,,0.994964178591653,,0.00503582140834655,,,,,,,,0.9999943475298451,0.8533918961925169,,0.9999999999999996,4.440892098500626e-16
1939.221999999998,0.199998805195745,935.041055866501,,,,,,0.016545651185441976,,0.994952858355224,,0.00504714164477546,,,,,,,,0.9999938853080551,0.8513362592491949,,0.9999999999999994,5.551115123125783e-16
1934.703999999998,0.199998710322594,932.7839826620971,,,,,,0.01677208008271298,,0.994941491736236,,0.00505850826376439,,,,,,,,0.9999934109423668,0.8492812390480678,,1.0000000000000004,-4.440892098500626e-16
1930.1859999999979,0.199998613006433,930.527585265798,,,,,,0.016998442636271587,,0.994930078434608,,0.00506992156539194,,,,,,,,0.9999929243616303,0.847226834156761,,1.0,0.0
1925.6679999999978,0.199998513232918,928.271862256866,,,,,,0.01722473900386269,,0.994918618149188,,0.00508138185081254,,,,,,,,0.9999924254941255,0.8451730432817209,,1.0000000000000007,-6.661338147750939e-16
1921.1499999999978,0.199998410987577,926.016812208662,,,,,,0.017450969343947874,,0.99490711057617,,0.00509288942382977,,,,,,,,0.9999919142674925,0.843119865124021,,0.9999999999999998,2.220446049250313e-16
1916.6319999999978,0.199998306255767,923.762433548623,,,,,,0.017677133829789384,,0.994895555403513,,0.00510444459648727,,,,,,,,0.999991390608516,0.8410672982518741,,1.0000000000000002,-2.220446049250313e-16
1912.1139999999978,0.199998199022878,921.50872525669,,,,,,0.017903232579209578,,0.994883952338368,,0.00511604766163164,,,,,,,,0.9999908544441465,0.8390153417365368,,0.9999999999999997,3.3306690738754696e-16
1907.5959999999977,0.199998089273997,919.2556857177101,,,,,,0.018129265770007678,,0.994872301061804,,0.00512769893819577,,,,,,,,0.9999903056998187,0.8369639941074446,,0.9999999999999998,2.220446049250313e-16
1903.0779999999977,0.199997976993943,917.003312873348,,,,,,0.018355233624686586,,0.994860601235545,,0.00513939876445471,,,,,,,,0.9999897442996277,0.834913253490524,,0.9999999999999997,3.3306690738754696e-16
1898.5599999999977,0.199997862167803,914.7516060125361,,,,,,0.018581136230378784,,0.994848852570654,,0.00515114742934609,,,,,,,,0.9999891701690083,0.8328631192383623,,1.0000000000000002,-2.220446049250313e-16
1894.0419999999976,0.199997744780238,912.5005634679679,,,,,,0.018806973770529877,,0.994837054737597,,0.00516294526240271,,,,,,,,0.9999885832312659,0.8308135898329101,,0.9999999999999997,3.3306690738754696e-16
1889.5239999999976,0.19999762481582,910.2501836325259,,,,,,0.019032746422635874,,0.994825207410596,,0.00517479258940442,,,,,,,,0.9999879834092604,0.828764663810919,,1.0000000000000004,-4.440892098500626e-16
1885.0059999999976,0.199997502259016,908.000465167458,,,,,,0.019258454337383584,,0.994813310265275,,0.00518668973472528,,,,,,,,0.9999873706253265,0.8267163399534815,,1.0000000000000002,-2.220446049250313e-16
1880.4879999999976,0.199997377094127,905.751406542284,,,,,,0.01948409768484757,,0.994801362971459,,0.00519863702854109,,,,,,,,0.9999867448009695,0.8246686168671264,,1.0000000000000002,-2.220446049250313e-16
1875.9699999999975,0.199997249305318,903.5030062696819,,,,,,0.01970967663091128,,0.99478936519646,,0.0052106348035402,,,,,,,,0.9999861058570145,0.8226214931976763,,1.0000000000000002,-2.220446049250313e-16
1871.4519999999975,0.199997118876582,901.25526277673,,,,,,0.01993519135020658,,0.994777316601929,,0.00522268339807068,,,,,,,,0.9999854537134262,0.8205749675130173,,0.9999999999999997,3.3306690738754696e-16
1866.9339999999975,0.199996985791865,899.008174783873,,,,,,0.02016064198799598,,0.994765216857659,,0.0052347831423412,,,,,,,,0.9999847882899349,0.81852903864814,,1.0000000000000002,-2.220446049250313e-16
1862.4159999999974,0.199996850034822,896.761740464038,,,,,,0.020386028744728772,,0.994753065614171,,0.00524693438582933,,,,,,,,0.9999841095048153,0.8164837049395307,,1.0000000000000002,-2.220446049250313e-16
1857.8979999999974,0.199996711589032,894.515958674786,,,,,,0.020611351752280384,,0.994740862526466,,0.00525913747353371,,,,,,,,0.9999834172759627,0.8144389653470216,,0.9999999999999997,3.3306690738754696e-16
1853.3799999999974,0.199996570437933,892.2708275905469,,,,,,0.020836611211159567,,0.994728607249168,,0.00527139275083176,,,,,,,,0.999982711520567,0.8123948182084675,,0.9999999999999998,2.220446049250313e-16
1848.8619999999974,0.199996426564786,890.0263457798529,,,,,,0.02106180728253507,,0.994716299429844,,0.00528370057015577,,,,,,,,0.9999819921549331,0.8103512622205452,,0.9999999999999998,2.220446049250313e-16
1844.3439999999973,0.199996279952684,887.782511667242,,,,,,0.021286940142176383,,0.994703938712036,,0.00529606128796393,,,,,,,,0.9999812590945262,0.8083082959488282,,0.9999999999999999,1.1102230246251565e-16
1839.8259999999973,0.199996130584629,885.539323850963,,,,,,0.02151200994852707,,0.994691524742695,,0.00530847525730505,,,,,,,,0.9999805122543564,0.80626591811705,,1.0,0.0
1835.3079999999973,0.199995978443365,883.2967806354219,,,,,,0.02173701688974497,,0.99467905715532,,0.00532094284468004,,,,,,,,0.9999797515481433,0.8042241271814057,,1.0,0.0
1830.7899999999972,0.199995823511541,881.0548804367351,,,,,,0.021961961142881084,,0.99466653558706,,0.00533346441293967,,,,,,,,0.9999789768891323,0.8021829216998011,,0.9999999999999997,3.3306690738754696e-16
1826.2719999999972,0.199995665771619,878.813621865592,,,,,,0.022186842865660382,,0.994653959668599,,0.00534604033140089,,,,,,,,0.9999781881896334,0.8001423004072965,,0.9999999999999999,1.1102230246251565e-16
1821.7539999999972,0.199995505205909,876.5730032986339,,,,,,0.022411662239425874,,0.994641329028979,,0.00535867097102119,,,,,,,,0.9999773853611962,0.7981022618258562,,1.0000000000000002,-2.220446049250313e-16
1817.2359999999971,0.199995341796542,874.333023057339,,,,,,0.022636419451225572,,0.994628643292708,,0.00537135670729225,,,,,,,,0.9999765683144761,0.7960628044272193,,1.0000000000000002,-2.220446049250313e-16
1812.7179999999971,0.199995175525484,872.093679617966,,,,,,0.022861114672751367,,0.994615902080787,,0.00538409791921314,,,,,,,,0.999975736959303,0.79402392682405,,1.0000000000000002,-2.220446049250313e-16
1808.199999999997,0.199995006374528,869.854971389943,,,,,,0.023085748082564757,,0.99460310501067,,0.00539689498933052,,,,,,,,0.999974891204642,0.791985627568164,,1.0000000000000004,-4.440892098500626e-16
1803.681999999997,0.199994834325293,867.616896770964,,,,,,0.023310319860576283,,0.994590251696,,0.00540974830400041,,,,,,,,0.9999740309585881,0.7899479052006938,,1.0000000000000004,-4.440892098500626e-16
1799.163999999997,0.199994659359228,865.379454170018,,,,,,0.023534830185730767,,0.99457734174727,,0.00542265825273041,,,,,,,,0.9999731561283861,0.7879107582730555,,1.0000000000000004,-4.440892098500626e-16
1794.645999999997,0.199994481457594,863.142641960143,,,,,,0.023759279240761662,,0.994564374770349,,0.00543562522965054,,,,,,,,0.9999722666203412,0.7858741853039325,,0.9999999999999996,4.440892098500626e-16
1790.127999999997,0.199994300601419,860.9064583200341,,,,,,0.02398366722811927,,0.994551350362306,,0.00544864963769424,,,,,,,,0.9999713623395935,0.783838184635063,,1.0000000000000002,-2.220446049250313e-16
1785.609999999997,0.199994116771789,858.670902230305,,,,,,0.02420799426978898,,0.994538268138754,,0.00546173186124578,,,,,,,,0.9999704431915727,0.7818027553383163,,0.9999999999999998,2.220446049250313e-16
1781.091999999997,0.199993929949241,856.4359714895819,,,,,,0.02443226060681207,,0.994525127677434,,0.00547487232256548,,,,,,,,0.9999695090789642,0.7797678954093852,,0.9999999999999994,5.551115123125783e-16
1776.5739999999969,0.199993740114366,854.201664604898,,,,,,0.024656466409145067,,0.994511928574846,,0.00548807142515426,,,,,,,,0.9999685599047227,0.777733603488953,,1.0000000000000002,-2.220446049250313e-16
1772.0559999999969,0.19999354724751,851.9679799488521,,,,,,0.024880611860468183,,0.994498670417812,,0.00550132958218839,,,,,,,,0.9999675955705783,0.7756998780953036,,1.0000000000000004,-4.440892098500626e-16
1767.5379999999968,0.199993351328822,849.7349158657639,,,,,,0.025104697147486376,,0.994485352789103,,0.00551464721089754,,,,,,,,0.9999666159772762,0.7736667177209731,,1.0000000000000004,-4.440892098500626e-16
1763.0199999999968,0.19999315233826,847.502470692422,,,,,,0.025328722457850762,,0.994471975267392,,0.00552802473260743,,,,,,,,0.9999656210246062,0.7716341208516403,,0.9999999999999993,6.661338147750939e-16
1758.5019999999968,0.199992950255585,845.270642758584,,,,,,0.02555268798011067,,0.994458537427192,,0.00554146257280783,,,,,,,,0.9999646106113732,0.7696020859665831,,0.9999999999999999,1.1102230246251565e-16
1753.9839999999967,0.199992745060367,843.039430414768,,,,,,0.025776593900921966,,0.994445038839457,,0.00555496116054288,,,,,,,,0.9999635846354276,0.7675706115639809,,0.9999999999999999,1.1102230246251565e-16
1749.4659999999967,0.199992536731943,840.80883188851,,,,,,0.02600044041949967,,0.994431479068358,,0.00556852093164185,,,,,,,,0.9999625429934541,0.7655396960300405,,0.9999999999999999,1.1102230246251565e-16
1744.9479999999967,0.199992325249494,838.5788455734711,,,,,,0.026224227718558257,,0.994417857677548,,0.00558214232245221,,,,,,,,0.9999614855813579,0.7635093379022224,,1.0000000000000002,-2.220446049250313e-16
1740.4299999999967,0.199992110591929,836.3494696098379,,,,,,0.026447956006491174,,0.994404174221215,,0.00559582577878482,,,,,,,,0.9999604122936838,0.7614795354872037,,0.9999999999999998,2.220446049250313e-16
1735.9119999999966,0.199991892738085,834.1207026787511,,,,,,0.026671625437527966,,0.994390428259963,,0.00560957174003695,,,,,,,,0.999959323024617,0.7594502875841889,,1.0,0.0
1731.3939999999966,0.199991671666395,831.8925426741131,,,,,,0.026895236245224365,,0.994376619334658,,0.00562338066534174,,,,,,,,0.9999582176663225,0.7574215922756184,,0.9999999999999998,2.220446049250313e-16
1726.8759999999966,0.199991447355207,829.664988001737,,,,,,0.02711878861189747,,0.994362746991779,,0.00563725300822125,,,,,,,,0.9999570961105403,0.7553934481100167,,1.0000000000000002,-2.220446049250313e-16
1722.3579999999965,0.199991219782617,827.4380369296231,,,,,,0.027342282733927265,,0.99434881077069,,0.00565118922931029,,,,,,,,0.9999559582477504,0.7533658535104325,,1.0000000000000002,-2.220446049250313e-16
1717.8399999999965,0.199990988926501,825.211687707606,,,,,,0.027565718809732066,,0.994334810206079,,0.00566518979392101,,,,,,,,0.9999548039673327,0.7513388068833751,,1.0,0.0
1713.3219999999965,0.199990754764516,822.9859386191,,,,,,0.027789097034582277,,0.994320744827926,,0.00567925517207361,,,,,,,,0.9999536331575725,0.7493123066659274,,0.9999999999999996,4.440892098500626e-16
1708.8039999999964,0.199990517274087,820.760787877285,,,,,,0.028012417611013765,,0.994306614161472,,0.00569338583852852,,,,,,,,0.9999524457055945,0.7472863512312252,,1.0000000000000004,-4.440892098500626e-16
1704.2859999999964,0.199990276432414,818.5362337180039,,,,,,0.02823568073951777,,0.994292417726891,,0.00570758227310927,,,,,,,,0.9999512414973989,0.7452609389730388,,1.0000000000000002,-2.220446049250313e-16
1699.7679999999964,0.19999003221647,816.312274402087,,,,,,0.028458886618299574,,0.994278155040141,,0.00572184495985926,,,,,,,,0.9999500204178506,0.7432360683078887,,1.0000000000000002,-2.220446049250313e-16
1695.2499999999964,0.199989784602982,814.0889081171609,,,,,,0.028682035453148957,,0.99426382561124,,0.00573617438875965,,,,,,,,0.9999487823505848,0.741211737585645,,0.9999999999999997,3.3306690738754696e-16
1690.7319999999963,0.199989533568414,811.866132893236,,,,,,0.028905127465914966,,0.994249428943683,,0.00575057105631749,,,,,,,,0.9999475271779215,0.7391879450126714,,1.0000000000000004,-4.440892098500626e-16
1686.2139999999963,0.199989279089119,809.643947512846,,,,,,0.029128162803113564,,0.994234964544267,,0.00576503545573319,,,,,,,,0.9999462547816255,0.7371646894804891,,1.0000000000000002,-2.220446049250313e-16
1681.6959999999963,0.19998902114101,807.422349668794,,,,,,0.029351141720945856,,0.99422043190159,,0.0057795680984103,,,,,,,,0.9999449650412618,0.7351419688884413,,1.0000000000000004,-4.440892098500626e-16
1677.1779999999962,0.199988759699879,805.201337513864,,,,,,0.029574064429614667,,0.994205830508271,,0.00579416949172878,,,,,,,,0.9999436578357908,0.7331197815546745,,0.9999999999999998,2.220446049250313e-16
1672.6599999999962,0.199988494741245,802.980909510175,,,,,,0.029796931108582978,,0.994191159848596,,0.00580884015140385,,,,,,,,0.9999423330428071,0.7310981260789788,,0.9999999999999998,2.220446049250313e-16
1668.1419999999962,0.199988226240316,800.761063356462,,,,,,0.030019742014150155,,0.994176419399363,,0.00582358060063711,,,,,,,,0.999940990538351,0.7290770003660983,,1.0,0.0
1663.6239999999962,0.199987954172218,798.541798069866,,,,,,0.030242497270525963,,0.994161608641637,,0.00583839135836269,,,,,,,,0.9999396301980523,0.7270564035211594,,0.9999999999999998,2.220446049250313e-16
1659.1059999999961,0.199987678511573,796.323111060538,,,,,,0.030465197163518563,,0.994146727036766,,0.00585327296323424,,,,,,,,0.9999382518950212,0.7250363331861561,,1.0000000000000002,-2.220446049250313e-16
1654.587999999996,0.199987399232895,794.1050007031849,,,,,,0.030687841882346658,,0.994131774049752,,0.00586822595024761,,,,,,,,0.9999368555018275,0.7230167878812914,,0.9999999999999996,4.440892098500626e-16
1650.069999999996,0.199987116310393,791.8874651345351,,,,,,0.03091043164038807,,0.994116749137651,,0.00588325086234907,,,,,,,,0.9999354408895167,0.7209977659100937,,1.0,0.0
1645.551999999996,0.199986829718002,789.6705024828101,,,,,,0.031132966652141554,,0.99410165175177,,0.00589834824823008,,,,,,,,0.9999340079277631,0.7189792655683459,,1.0,0.0
1641.033999999996,0.199986539429384,787.454110867561,,,,,,0.03135544713324715,,0.994086481337594,,0.00591351866240599,,,,,,,,0.9999325564848773,0.7169612851439368,,1.0,0.0
1636.515999999996,0.199986245417922,785.2382883996061,,,,,,0.03157787330049577,,0.994071237334682,,0.005928762665318,,,,,,,,0.9999310864277742,0.714943822916804,,1.0,0.0
1631.997999999996,0.199985947656715,783.023033181071,,,,,,0.03180024537182876,,0.994055919176632,,0.00594408082336797,,,,,,,,0.9999295976219487,0.7129268771589707,,1.0,0.0
1627.479999999996,0.199985646118577,780.8083433042771,,,,,,0.032022563566453555,,0.994040526290968,,0.00595947370903157,,,,,,,,0.9999280899314706,0.7109104461335335,,0.9999999999999996,4.440892098500626e-16
1622.961999999996,0.199985340776029,778.594216836868,,,,,,0.03224482810634126,,0.99402505809893,,0.00597494190107032,,,,,,,,0.9999265632189455,0.7088945280811203,,1.0000000000000004,-4.440892098500626e-16
1618.4439999999959,0.199985031601307,776.3806519099691,,,,,,0.03246703920738018,,0.994009514015992,,0.0059904859840085,,,,,,,,0.999925017345553,0.7068791213001582,,1.0000000000000004,-4.440892098500626e-16
1613.9259999999958,0.199984718566334,774.167646532654,,,,,,0.03268919709800316,,0.993993893450635,,0.00600610654936546,,,,,,,,0.9999234521709082,0.7048642239779482,,1.0000000000000004,-4.440892098500626e-16
1609.4079999999958,0.19998440164274,771.95519878628,,,,,,0.03291130199968647,,0.993978195805356,,0.00602180419464422,,,,,,,,0.999921867553161,0.7028498343676045,,1.0000000000000002,-2.220446049250313e-16
1604.8899999999958,0.199984080801845,769.7433067134391,,,,,,0.03313335413809917,,0.993962420476037,,0.00603757952396279,,,,,,,,0.9999202633489116,0.7008359506869459,,0.9999999999999998,2.220446049250313e-16
1600.3719999999958,0.199983756014661,767.531968356258,,,,,,0.033355353739263176,,0.993946566852004,,0.00605343314799556,,,,,,,,0.9999186394132201,0.6988225711533679,,0.9999999999999996,4.440892098500626e-16
1595.8539999999957,0.199983427251882,765.321181745183,,,,,,0.03357730103068387,,0.993930634315867,,0.00606936568413348,,,,,,,,0.9999169955995564,0.696809693973631,,1.0000000000000004,-4.440892098500626e-16
1591.3359999999957,0.199983094483883,763.1109449015371,,,,,,0.033799196241097375,,0.99391462224347,,0.00608537775652957,,,,,,,,0.9999153317597953,0.6947973173461891,,0.9999999999999997,3.3306690738754696e-16
1586.8179999999957,0.199982757680714,760.90125583742,,,,,,0.03402103960048517,,0.993898530003785,,0.00610146999621521,,,,,,,,0.9999136477441872,0.6927854394610988,,1.0000000000000002,-2.220446049250313e-16
1582.2999999999956,0.199982416812098,758.692112555775,,,,,,0.034242831340071875,,0.993882356958816,,0.00611764304118408,,,,,,,,0.999911943401347,0.6907740585000797,,1.0,0.0
1577.7819999999956,0.199982071847424,756.483513050034,,,,,,0.03446457169236575,,0.993866102463476,,0.00613389753652369,,,,,,,,0.9999102185782197,0.6887631726361914,,0.9999999999999997,3.3306690738754696e-16
1573.2639999999956,0.199981722755737,754.275455235014,,,,,,0.034686260898093665,,0.993849765865525,,0.00615023413447474,,,,,,,,0.9999084731200302,0.6867527799709162,,0.9999999999999997,3.3306690738754696e-16
1568.7459999999955,0.199981369505759,752.067937293692,,,,,,0.034907899171425456,,0.993833346505519,,0.00616665349448113,,,,,,,,0.9999067068703887,0.6847428788498912,,1.0000000000000002,-2.220446049250313e-16
1564.2279999999955,0.199981012065836,749.8609569831351,,,,,,0.03512948676959337,,0.993816843716497,,0.00618315628350313,,,,,,,,0.999904919671025,0.6827334672309704,,1.0000000000000002,-2.220446049250313e-16
1559.7099999999955,0.199980650403979,747.654512328515,,,,,,0.03535102392328727,,0.993800256824111,,0.00619974317588899,,,,,,,,0.9999031113619944,0.680724543316112,,1.0,0.0
1555.1919999999955,0.199980284487838,745.448601276064,,,,,,0.035572510871468475,,0.99378358514641,,0.00621641485359018,,,,,,,,0.9999012817815468,0.6787161052354014,,1.0000000000000002,-2.220446049250313e-16
1550.6739999999954,0.1999799142847,743.2432217623531,,,,,,0.03579394785442585,,0.993766827993749,,0.00623317200625065,,,,,,,,0.9998994307661172,0.6767081511101276,,0.9999999999999997,3.3306690738754696e-16
1546.1559999999954,0.199979539761482,741.03837171427,,,,,,0.036015335113784464,,0.993749984668634,,0.00625001533136604,,,,,,,,0.9998975581502906,0.6747006790527633,,1.0,0.0
1541.6379999999954,0.199979160884729,738.834049049318,,,,,,0.03623667289247876,,0.993733054465705,,0.00626694553429491,,,,,,,,0.9998956637667921,0.6726936871672365,,1.0,0.0
1537.1199999999953,0.199978777620608,736.630251674694,,,,,,0.03645796143485244,,0.993716036671515,,0.00628396332848539,,,,,,,,0.9998937474464566,0.6706871735480918,,1.0000000000000004,-4.440892098500626e-16
1532.6019999999953,0.199978389934899,734.426977488089,,,,,,0.03667920098658307,,0.993698930564485,,0.00630106943551479,,,,,,,,0.9998918090181843,0.6686811362812187,,0.9999999999999998,2.220446049250313e-16
1528.0839999999953,0.199977997792994,732.224224377367,,,,,,0.03690039179471866,,0.993681735414767,,0.00631826458523272,,,,,,,,0.9998898483089351,0.6666755734435593,,0.9999999999999998,2.220446049250313e-16
1523.5659999999953,0.199977601159889,730.021990220315,,,,,,0.03712153410771076,,0.99366445048408,,0.00633554951591947,,,,,,,,0.9998878651436891,0.6646704831028812,,0.9999999999999996,4.440892098500626e-16
1519.0479999999952,0.199977200000178,727.8202728849301,,,,,,0.03734262817538926,,0.993647075025649,,0.00635292497435142,,,,,,,,0.9998858593454163,0.6626658633180379,,1.0000000000000004,-4.440892098500626e-16
1514.5299999999952,0.199976794278047,725.619070229048,,,,,,0.037563674249006765,,0.993629608284049,,0.00637039171595128,,,,,,,,0.9998838307350466,0.6606617121386318,,1.0000000000000002,-2.220446049250313e-16
1510.0119999999952,0.199976383957271,723.418380100545,,,,,,0.03778467258122405,,0.993612049495071,,0.00638795050492924,,,,,,,,0.9998817791314553,0.6586580276051969,,1.0000000000000002,-2.220446049250313e-16
1505.4939999999951,0.199975969001201,721.2182003370971,,,,,,0.03800562342614004,,0.993594397885604,,0.00640560211439611,,,,,,,,0.9998797043513971,0.6566548077489802,,1.0,0.0
1500.975999999995,0.199975549372768,719.0185287662549,,,,,,0.03822652703929117,,0.993576652673492,,0.00642334732650753,,,,,,,,0.9998776062095274,0.65465205059201,,0.9999999999999996,4.440892098500626e-16
1496.457999999995,0.199975125034465,716.819363205334,,,,,,0.038447383677668076,,0.993558813067411,,0.00644118693258927,,,,,,,,0.9998754845183107,0.6526497541469956,,1.0000000000000002,-2.220446049250313e-16
1491.939999999995,0.199974695948349,714.6207014455421,,,,,,0.03866819360131426,,0.993540878266716,,0.00645912173328403,,,,,,,,0.9998733390880326,0.6506479164028754,,1.0,0.0
1487.421999999995,0.199974262076035,712.4225413312089,,,,,,0.038888957065386164,,0.993522847461305,,0.00647715253869542,,,,,,,,0.9998711697267677,0.6486465353969548,,1.0000000000000004,-4.440892098500626e-16
1482.903999999995,0.19997382337868,710.2248806010609,,,,,,0.03910967433607977,,0.993504719831493,,0.00649528016850723,,,,,,,,0.9998689762403012,0.6466456090703891,,1.0000000000000002,-2.220446049250313e-16
1478.385999999995,0.199973379816986,708.027717044479,,,,,,0.039330345674964774,,0.993486494547843,,0.00651350545215655,,,,,,,,0.9998667584321433,0.6446451354104538,,0.9999999999999996,4.440892098500626e-16
1473.867999999995,0.199972931351188,705.8310484342351,,,,,,0.03955097134573785,,0.99346817077103,,0.00653182922897028,,,,,,,,0.9998645161034686,0.6426451123893019,,1.0000000000000002,-2.220446049250313e-16
1469.349999999995,0.199972477941048,703.63487251805,,,,,,0.03977155161507747,,0.993449747651675,,0.00655025234832531,,,,,,,,0.9998622490530876,0.6406455379562781,,1.0000000000000004,-4.440892098500626e-16
1464.8319999999949,0.19997201954585,701.4391870425441,,,,,,0.039992086750246986,,0.993431224330224,,0.00656877566977629,,,,,,,,0.99985995707742,0.6386464100597252,,1.0000000000000002,-2.220446049250313e-16
1460.3139999999948,0.199971556124387,699.2439897415261,,,,,,0.040212577020278265,,0.993412599936758,,0.00658740006324174,,,,,,,,0.999857639970431,0.6366477266363212,,0.9999999999999998,2.220446049250313e-16
1455.7959999999948,0.199971087634962,697.049278338015,,,,,,0.040433022695775866,,0.993393873590846,,0.00660612640915409,,,,,,,,0.9998552975236354,0.6346494856129201,,1.0,0.0
1451.2779999999948,0.199970614035371,694.8550505443129,,,,,,0.04065342404891705,,0.993375044401383,,0.00662495559861734,,,,,,,,0.9998529295260136,0.6326516849066187,,1.0000000000000004,-4.440892098500626e-16
1446.7599999999948,0.199970135282902,692.6613040619691,,,,,,0.040873781353463375,,0.993356111466426,,0.00664388853357442,,,,,,,,0.9998505357640053,0.6306543224247232,,1.0000000000000004,-4.440892098500626e-16
1442.2419999999947,0.199969651334324,690.468036581542,,,,,,0.04109409488479226,,0.993337073873018,,0.00666292612698235,,,,,,,,0.9998481160214557,0.6286573960645332,,1.0000000000000002,-2.220446049250313e-16
1437.7239999999947,0.19996916214588,688.275245783099,,,,,,0.04131436491985524,,0.993317930697026,,0.0066820693029737,,,,,,,,0.9998456700795798,0.6266609037137961,,0.9999999999999997,3.3306690738754696e-16
1433.2059999999947,0.19996866767328,686.082929335236,,,,,,0.04153459173728437,,0.993298681002966,,0.00670131899703398,,,,,,,,0.9998431977169276,0.6246648432498152,,1.0,0.0
1428.6879999999946,0.199968167871689,683.8910848958831,,,,,,0.041754775617319655,,0.993279323843799,,0.00672067615620063,,,,,,,,0.9998406987093241,0.6226692125401821,,0.9999999999999997,3.3306690738754696e-16
1424.1699999999946,0.199967662695715,681.699710043321,,,,,,0.041974916848737935,,0.99325985826072,,0.00674014173927986,,,,,,,,0.9998381728298095,0.6206740093799701,,0.9999999999999999,1.1102230246251565e-16
1419.6519999999946,0.199967152099433,679.5088026189269,,,,,,0.04219501569447777,,0.993240283283272,,0.00675971671672777,,,,,,,,0.9998356198487586,0.6186792318037956,,0.9999999999999998,2.220446049250313e-16
1415.1339999999946,0.199966636036307,677.318360041488,,,,,,0.042415072460435355,,0.993220597928532,,0.00677940207146838,,,,,,,,0.9998330395334915,0.616684877461516,,1.0000000000000004,-4.440892098500626e-16
1410.6159999999945,0.199966114459253,675.1283799931999,,,,,,0.04263508742665547,,0.993200801201546,,0.00679919879845444,,,,,,,,0.9998304316485884,0.6146909442428167,,1.0000000000000004,-4.440892098500626e-16
1406.0979999999945,0.199965587320587,672.938860045624,,,,,,0.04285506088486398,,0.993180892094768,,0.00681910790523187,,,,,,,,0.9998277959556292,0.6126974299366524,,0.9999999999999999,1.1102230246251565e-16
1401.5799999999945,0.199965054572044,670.749797880552,,,,,,0.04307499311631935,,0.993160869588112,,0.00683913041188794,,,,,,,,0.9998251322132888,0.610704332432341,,1.0,0.0
1397.0619999999944,0.19996451616473,668.561190986514,,,,,,0.043294884422269975,,0.993140732648421,,0.00685926735157933,,,,,,,,0.9998224401770975,0.6087116494432387,,1.0000000000000002,-2.220446049250313e-16
1392.5439999999944,0.199963972049152,666.373036961813,,,,,,0.04351473509356243,,0.993120480229559,,0.00687951977044069,,,,,,,,0.9998197195995903,0.6067193787826487,,0.9999999999999997,3.3306690738754696e-16
1388.0259999999944,0.199963422175199,664.1853334971461,,,,,,0.04373454541239606,,0.993100111272132,,0.00689988872786756,,,,,,,,0.999816970230212,0.6047275183479963,,0.9999999999999996,4.440892098500626e-16
1383.5079999999944,0.199962866492071,661.998077735616,,,,,,0.043954315716532945,,0.993079624702954,,0.00692037529704557,,,,,,,,0.9998141918149629,0.6027360655381336,,0.9999999999999996,4.440892098500626e-16
1378.9899999999943,0.199962304948402,659.811267612546,,,,,,0.044174046264904954,,0.993059019435494,,0.00694098056450612,,,,,,,,0.9998113840970129,0.6007450184732137,,1.0000000000000002,-2.220446049250313e-16
1374.4719999999943,0.199961737492115,657.62490051594,,,,,,0.044393737372000155,,0.993038294368991,,0.00696170563100874,,,,,,,,0.999808546815977,0.598754374775066,,0.9999999999999998,2.220446049250313e-16
1369.9539999999943,0.19996116407048,655.438973955971,,,,,,0.044613389340714155,,0.993017448388553,,0.00698255161144663,,,,,,,,0.9998056797082053,0.5967641321767526,,0.9999999999999997,3.3306690738754696e-16
1365.4359999999942,0.199960584630087,653.253485431038,,,,,,0.04483300247579676,,0.992996480364863,,0.00700351963513716,,,,,,,,0.9998027825066479,0.5947742884006155,,1.0000000000000002,-2.220446049250313e-16
1360.9179999999942,0.199959999116837,651.068432428291,,,,,,0.045052577083810955,,0.992975389153934,,0.00702461084606596,,,,,,,,0.9997998549408097,0.5927848411587551,,1.0,0.0
1356.3999999999942,0.199959407475931,648.8838124222381,,,,,,0.045272113473284956,,0.992954173596861,,0.00704582640313941,,,,,,,,0.9997968967366958,0.5907957881517611,,1.0000000000000004,-4.440892098500626e-16
1351.8819999999942,0.199958809651855,646.699622875902,,,,,,0.04549161195460596,,0.992932832519582,,0.00706716748041769,,,,,,,,0.9997939076167363,0.5888071270697666,,0.9999999999999997,3.3306690738754696e-16
1347.3639999999941,0.199958205588379,644.515861353756,,,,,,0.045711072828706144,,0.992911364732535,,0.0070886352674653,,,,,,,,0.9997908872997813,0.5868188556952724,,1.0000000000000004,-4.440892098500626e-16
1342.845999999994,0.199957595228504,642.3325249555529,,,,,,0.04593049644385947,,0.992889769030858,,0.0071102309691415,,,,,,,,0.9997878355008355,0.5848309713876616,,0.9999999999999996,4.440892098500626e-16
1338.327999999994,0.199956978514519,640.149611338619,,,,,,0.046149883093165624,,0.992868044193081,,0.00713195580691865,,,,,,,,0.9997847519313442,0.5828434720139765,,0.9999999999999996,4.440892098500626e-16
1333.809999999994,0.199956355387966,637.967118131892,,,,,,0.046369233073313046,,0.99284618898234,,0.00715381101765962,,,,,,,,0.9997816362990175,0.5808563554154117,,0.9999999999999997,3.3306690738754696e-16
1329.291999999994,0.199955725789549,635.785042411288,,,,,,0.04658854673724873,,0.992824202144548,,0.00717579785545154,,,,,,,,0.9997784883073754,0.5788696189296475,,0.9999999999999996,4.440892098500626e-16
1324.773999999994,0.19995508965923,633.603381676565,,,,,,0.04680782439617806,,0.992802082409297,,0.00719791759070331,,,,,,,,0.9997753076562278,0.5768832602802632,,1.0000000000000002,-2.220446049250313e-16
1320.255999999994,0.199954446936162,631.4221333062301,,,,,,0.04702706637426687,,0.992779828489018,,0.00722017151098174,,,,,,,,0.9997720940413398,0.5748972770804415,,0.9999999999999998,2.220446049250313e-16
1315.737999999994,0.199953797558679,629.2412946664019,,,,,,0.04724627299773393,,0.992757439078819,,0.00724256092118106,,,,,,,,0.9997688471543816,0.5729116669320862,,1.0,0.0
1311.219999999994,0.199953141464287,627.060863111069,,,,,,0.04746544459483864,,0.99273491285616,,0.00726508714383978,,,,,,,,0.9997655666828831,0.5709264274260564,,0.9999999999999998,2.220446049250313e-16
1306.7019999999939,0.199952478589651,624.880835981656,,,,,,0.04768458149593824,,0.992712248480579,,0.00728775151942086,,,,,,,,0.9997622523101694,0.5689415561417721,,0.9999999999999999,1.1102230246251565e-16
1302.1839999999938,0.199951808870575,622.701210607251,,,,,,0.04790368403348056,,0.992689444593354,,0.00731055540664602,,,,,,,,0.9997589037152604,0.5669570506474214,,1.0,0.0
1297.6659999999938,0.199951132241994,620.521984317911,,,,,,0.04812275254068277,,0.992666499817225,,0.00733350018277475,,,,,,,,0.9997555205728313,0.5649729085120742,,0.9999999999999998,2.220446049250313e-16
1293.1479999999938,0.199950448637949,618.343154377362,,,,,,0.048341787358300255,,0.992643412755963,,0.00735658724403682,,,,,,,,0.9997521025530871,0.5629891272444076,,0.9999999999999999,1.1102230246251565e-16
1288.6299999999937,0.199949757991586,616.1647181173009,,,,,,0.04856078882116597,,0.992620181994234,,0.00737981800576609,,,,,,,,0.9997486493217579,0.5610057044149849,,1.0,0.0
1284.1119999999937,0.199949060235126,613.986672803281,,,,,,0.04877975727166267,,0.992596806097084,,0.0074031939029159,,,,,,,,0.9997451605399487,0.5590226375341465,,0.9999999999999999,1.1102230246251565e-16
1279.5939999999937,0.199948355299856,611.809015701368,,,,,,0.04899869305305187,,0.992573283609668,,0.00742671639033156,,,,,,,,0.9997416358640944,0.5570399241127,,0.9999999999999996,4.440892098500626e-16
1275.0759999999937,0.199947643116113,609.631744064986,,,,,,0.04921759651080944,,0.992549613056897,,0.00745038694310327,,,,,,,,0.9997380749458803,0.5550575616499426,,1.0000000000000002,-2.220446049250313e-16
1270.5579999999936,0.199946923613251,607.4548550580449,,,,,,0.049436468000357926,,0.992525792942913,,0.00747420705708693,,,,,,,,0.9997344774320764,0.5530755475636707,,0.9999999999999999,1.1102230246251565e-16
1266.0399999999936,0.199946196719684,605.2783461388319,,,,,,0.049655307848556325,,0.992501821751476,,0.00749817824852414,,,,,,,,0.9997308429647527,0.5510938795397055,,1.0000000000000002,-2.220446049250313e-16
1261.5219999999936,0.199945462362739,603.102214131074,,,,,,0.04987411644693923,,0.992477697944092,,0.00752230205590779,,,,,,,,0.9997271711805442,0.5491125546861136,,0.9999999999999998,2.220446049250313e-16
1257.0039999999935,0.199944720468837,600.926456795856,,,,,,0.050092894094006746,,0.992453419961224,,0.00754658003877612,,,,,,,,0.999723461711556,0.5471315709644075,,1.0000000000000002,-2.220446049250313e-16
1252.4859999999935,0.199943970963215,598.751070630057,,,,,,0.05031164121612703,,0.99242898622086,,0.00757101377914,,,,,,,,0.9997197141839732,0.5451509251850651,,1.0,0.0
1247.9679999999935,0.199943213770217,596.5760535661719,,,,,,0.05053035809669225,,0.992404395118754,,0.00759560488124628,,,,,,,,0.9997159282195158,0.5431706154656645,,1.0000000000000002,-2.220446049250313e-16
1243.4499999999935,0.19994244881296,594.401402240097,,,,,,0.050749045150252615,,0.99237964502732,,0.00762035497267966,,,,,,,,0.9997121034337688,0.541190638743256,,0.9999999999999997,3.3306690738754696e-16
1238.9319999999934,0.19994167601354,592.227113908875,,,,,,0.05096770273012704,,0.992354734296023,,0.00764526570397698,,,,,,,,0.9997082394372123,0.5392109925204318,,1.0,0.0
1234.4139999999934,0.199940895292925,590.053185743394,,,,,,0.05118633119939376,,0.992329661250345,,0.00767033874965507,,,,,,,,0.9997043358346864,0.5372316742213417,,1.0000000000000002,-2.220446049250313e-16
1229.8959999999934,0.199940106570941,587.879614867187,,,,,,0.05140493092701404,,0.992304424191587,,0.0076955758084132,,,,,,,,0.9997003922253213,0.5352526812270199,,1.0000000000000002,-2.220446049250313e-16
1225.3779999999933,0.199939309766255,585.7063983907631,,,,,,0.051623502284408145,,0.992279021396399,,0.00772097860360107,,,,,,,,0.9996964082024518,0.5332740109066424,,1.0,0.0
1220.8599999999933,0.199938504796355,583.533533410853,,,,,,0.05184204564555411,,0.992253451116306,,0.00774654888369408,,,,,,,,0.9996923833535178,0.5312956606168405,,1.0,0.0
1216.3419999999933,0.199937691577524,581.3610170112111,,,,,,0.052060561386927835,,0.992227711577269,,0.00777228842273101,,,,,,,,0.9996883172599349,0.5293176277024304,,1.0,0.0
1211.8239999999932,0.199936870024808,579.188846031287,,,,,,0.05227904991072254,,0.992201800979753,,0.00779819902024734,,,,,,,,0.9996842094969327,0.5273399092857941,,1.0000000000000002,-2.220446049250313e-16
1207.3059999999932,0.199936040052066,577.017018220252,,,,,,0.05249751152915242,,0.992175717495406,,0.00782428250459414,,,,,,,,0.9996800596338065,0.5253625033175968,,1.0000000000000002,-2.220446049250313e-16
1202.7879999999932,0.199935201571792,574.8455299292181,,,,,,0.052715946695886653,,0.992149459272248,,0.00785054072775161,,,,,,,,0.9996758672330263,0.5233854064755987,,0.9999999999999996,4.440892098500626e-16
1198.2699999999932,0.199934354495251,572.674378429781,,,,,,0.05293435577358266,,0.992123024428486,,0.00787697557151426,,,,,,,,0.9996716318509169,0.5214086162756421,,1.0000000000000002,-2.220446049250313e-16
1193.7519999999931,0.199933498732366,570.503560705176,,,,,,0.05315273915513033,,0.992096411054793,,0.00790358894520667,,,,,,,,0.9996673530370939,0.5194321299710226,,0.9999999999999997,3.3306690738754696e-16
1189.233999999993,0.199932634191724,568.333073791135,,,,,,0.05337109722949055,,0.992069617213282,,0.00793038278671779,,,,,,,,0.999663030334492,0.5174559448628333,,0.9999999999999998,2.220446049250313e-16
1184.715999999993,0.199931760780536,566.162914665849,,,,,,0.053589430392761414,,0.9920426409369,,0.00795735906309948,,,,,,,,0.9996586632791664,0.5154800581997772,,0.9999999999999994,5.551115123125783e-16
1180.197999999993,0.199930878404621,563.993080304278,,,,,,0.05380773904275612,,0.992015480228884,,0.0079845197711159,,,,,,,,0.999654251400212,0.5135044672276157,,0.9999999999999999,1.1102230246251565e-16
1175.679999999993,0.199929986968371,561.823567668555,,,,,,0.05402602357999124,,0.99198813306221,,0.00801186693779014,,,,,,,,0.999649794219589,0.5115291691804313,,1.0000000000000002,-2.220446049250313e-16
1171.161999999993,0.199929086374729,559.654373705522,,,,,,0.05424428440796281,,0.991960597378987,,0.0080394026210128,,,,,,,,0.9996452912520124,0.5095541612783846,,0.9999999999999998,2.220446049250313e-16
1166.643999999993,0.199928176525163,557.485495351222,,,,,,0.05446252193272244,,0.99193287108988,,0.00806712891012014,,,,,,,,0.9996407420048223,0.5075794407318036,,1.0000000000000002,-2.220446049250313e-16
1162.125999999993,0.199927257319627,555.316929524281,,,,,,0.05468073656357091,,0.991904952073474,,0.0080950479265255,,,,,,,,0.9996361459777888,0.5056050047351589,,0.9999999999999994,5.551115123125783e-16
1157.607999999993,0.199926328656544,553.148673131114,,,,,,0.05489892871256461,,0.991876838175696,,0.00812316182430396,,,,,,,,0.999631502663027,0.5036308504718027,,1.0,0.0
1153.0899999999929,0.199925390432768,550.980723064739,,,,,,0.05511709879466556,,0.991848527209113,,0.00815147279088673,,,,,,,,0.9996268115448069,0.5016569751128898,,0.9999999999999997,3.3306690738754696e-16
1148.5719999999928,0.199924442543555,548.81307620295,,,,,,0.05533524722795421,,0.991820016952325,,0.00817998304767508,,,,,,,,0.9996220720994086,0.499683375815714,,1.0,0.0
1144.0539999999928,0.199923484882532,546.64572941083,,,,,,0.05555337443341013,,0.991791305149273,,0.00820869485072732,,,,,,,,0.9996172837949673,0.49771004972599553,,1.0000000000000004,-4.440892098500626e-16
1139.5359999999928,0.199922517341666,544.478679538084,,,,,,0.05577148083521134,,0.991762389508567,,0.00823761049143333,,,,,,,,0.9996124460913177,0.4957369939754538,,1.0000000000000002,-2.220446049250313e-16
1135.0179999999928,0.199921539811228,542.311923433476,,,,,,0.05598956685931832,,0.991733267702767,,0.00826673229723283,,,,,,,,0.9996075584398154,0.49376420569495105,,0.9999999999999999,1.1102230246251565e-16
1130.4999999999927,0.199920552179758,540.145457883331,,,,,,0.056207632939679966,,0.991703937367671,,0.00829606263232857,,,,,,,,0.9996026202831599,0.4917916819585003,,0.9999999999999996,4.440892098500626e-16
1125.9819999999927,0.199919554334038,537.979279731404,,,,,,0.05642567950623893,,0.991674396101589,,0.00832560389841098,,,,,,,,0.9995976310552618,0.4898194198924032,,1.0,0.0
1121.4639999999927,0.199918546159054,535.813385790994,,,,,,0.05664370699378695,,0.991644641464574,,0.00835535853542644,,,,,,,,0.999592590181051,0.487847416595232,,1.0000000000000004,-4.440892098500626e-16
1116.9459999999926,0.199917527537937,533.647772748005,,,,,,0.05686171585172783,,0.991614670977645,,0.00838532902235532,,,,,,,,0.9995874970761824,0.48587566904956836,,1.0000000000000002,-2.220446049250313e-16
1112.4279999999926,0.199916498351975,531.482437477585,,,,,,0.057079706512342517,,0.991584482122018,,0.00841551787798159,,,,,,,,0.9995823511470963,0.48390417441029676,,0.9999999999999996,4.440892098500626e-16
1107.9099999999926,0.199915458480521,529.317376651121,,,,,,0.05729767943026257,,0.991554072338273,,0.0084459276617273,,,,,,,,0.9995771517905577,0.48193292964678125,,1.0000000000000002,-2.220446049250313e-16
1103.3919999999925,0.199914407800993,527.15258705381,,,,,,0.057515635050643214,,0.991523439025536,,0.00847656097446391,,,,,,,,0.9995718983936567,0.4799619318320078,,0.9999999999999999,1.1102230246251565e-16
1098.8739999999925,0.199913346188812,524.988065392708,,,,,,0.05773357382846466,,0.991492579540622,,0.00850742045937818,,,,,,,,0.9995665903334985,0.47799117796781654,,1.0000000000000002,-2.220446049250313e-16
1094.3559999999925,0.199912273517368,522.823808374778,,,,,,0.057951496220741125,,0.991461491197161,,0.00853850880283924,,,,,,,,0.9995612269770329,0.4760206650559627,,1.0000000000000002,-2.220446049250313e-16
1089.8379999999925,0.199911189657981,520.659812694872,,,,,,0.058169402687769566,,0.991430171264715,,0.00856982873528485,,,,,,,,0.9995558076808602,0.47405039008717503,,0.9999999999999999,1.1102230246251565e-16
1085.3199999999924,0.199910094479851,518.4960750313479,,,,,,0.058387293693612737,,0.991398616967837,,0.00860138303216327,,,,,,,,0.9995503317909805,0.4720803500371644,,1.0000000000000002,-2.220446049250313e-16
1080.8019999999924,0.199908987850019,516.332592049275,,,,,,0.05860516970582123,,0.991366825485167,,0.00863317451483298,,,,,,,,0.9995447986425989,0.470110541869543,,1.0,0.0
1076.2839999999924,0.19990786963332,514.16936039895,,,,,,0.05882303119562863,,0.991334793948434,,0.00866520605156553,,,,,,,,0.9995392075598903,0.4681409625344724,,0.9999999999999996,4.440892098500626e-16
1071.7659999999923,0.199906739692333,512.006376715761,,,,,,0.05904087863801073,,0.991302519441494,,0.00869748055850564,,,,,,,,0.99953355785575,0.4661716089685409,,0.9999999999999996,4.440892098500626e-16
1067.2479999999923,0.199905597887338,509.843637578118,,,,,,0.05925871251595301,,0.99126999899944,,0.00873000100056018,,,,,,,,0.9995278488315782,0.4642024780564585,,1.0000000000000002,-2.220446049250313e-16
1062.7299999999923,0.199904444076274,507.68113972294105,,,,,,0.05947653329889075,,0.991237229606886,,0.00876277039311426,,,,,,,,0.9995220797770697,0.4622335668272562,,1.0000000000000002,-2.220446049250313e-16
1058.2119999999923,0.199903278114662,505.51887961211503,,,,,,0.059694341486233315,,0.991204208198268,,0.0087957918017322,,,,,,,,0.9995162499698298,0.4602648720595505,,1.0000000000000002,-2.220446049250313e-16
1053.6939999999922,0.199902099855585,503.356853865751,,,,,,0.05991213756397106,,0.991170931655378,,0.00882906834462183,,,,,,,,0.9995103586752735,0.45829639067601996,,0.9999999999999998,2.220446049250313e-16
1049.1759999999922,0.199900909149617,501.195059047028,,,,,,0.060129922026301644,,0.991137396806948,,0.00886260319305148,,,,,,,,0.999504405146271,0.45632811954750735,,0.9999999999999994,5.551115123125783e-16
1044.6579999999922,0.199899705844775,499.033491703711,,,,,,0.06034769537152313,,0.99110360042734,,0.0088963995726597,,,,,,,,0.9994983886229074,0.4543600555308216,,0.9999999999999998,2.220446049250313e-16
1040.1399999999921,0.199898489786459,496.872148370096,,,,,,0.060565458101893545,,0.991069539235372,,0.00893046076462787,,,,,,,,0.9994923083321827,0.4523921954705082,,0.9999999999999999,1.1102230246251565e-16
1035.621999999992,0.199897260817399,494.71102556502797,,,,,,0.06078321072388644,,0.99103520989312,,0.00896479010687997,,,,,,,,0.9994861634877471,0.45042453619704476,,1.0,0.0
1031.103999999992,0.199896018777594,492.550119790917,,,,,,0.061000953748349816,,0.991000609004659,,0.00899939099534088,,,,,,,,0.9994799532895957,0.4484570745259454,,0.9999999999999999,1.1102230246251565e-16
1026.585999999992,0.199894763504265,490.38942763152704,,,,,,0.0612186876807541,,0.990965733114678,,0.00903426688532202,,,,,,,,0.9994736769238336,0.4464898073467952,,1.0,0.0
1022.067999999992,0.19989349483173,488.228945282898,,,,,,0.061436413068315626,,0.990930578707802,,0.00906942129219855,,,,,,,,0.999467333562051,0.44452273119616426,,1.0000000000000004,-4.440892098500626e-16
1017.549999999992,0.199892212591467,486.068669481485,,,,,,0.06165413040694361,,0.99089514220596,,0.00910485779404013,,,,,,,,0.9994609223616379,0.44255584310266,,1.0,0.0
1013.031999999992,0.199890916611922,483.908596581922,,,,,,0.061871840233829516,,0.990859419968297,,0.00914058003170333,,,,,,,,0.9994544424648243,0.44058913974724917,,1.0000000000000002,-2.220446049250313e-16
1008.5139999999919,0.199889606718504,481.74872301175395,,,,,,0.062089543081892434,,0.990823408289127,,0.00917659171087324,,,,,,,,0.9994478929986558,0.43862261787728263,,1.0000000000000002,-2.220446049250313e-16
1003.9959999999919,0.199888282733507,479.58904518906803,,,,,,0.062307239488112044,,0.99078710339658,,0.00921289660341973,,,,,,,,0.999441273074602,0.4366562742315001,,0.9999999999999998,2.220446049250313e-16
999.4779999999919,0.199886944476036,477.429559511499,,,,,,0.06252492999470233,,0.990750501451131,,0.00924949854886887,,,,,,,,0.9994345817881882,0.4346901055300198,,0.9999999999999999,1.1102230246251565e-16
994.9599999999919,0.199885591761935,475.27026236774003,,,,,,0.06274261514802891,,0.990713598544054,,0.00928640145594565,,,,,,,,0.9994278182186346,0.4327241084848187,,0.9999999999999997,3.3306690738754696e-16
990.4419999999918,0.199884224403715,473.111150126316,,,,,,0.06296029549981123,,0.99067639069585,,0.00932360930414987,,,,,,,,0.9994209814284964,0.4307582797895111,,0.9999999999999999,1.1102230246251565e-16
985.9239999999918,0.199882842210447,470.95221900263004,,,,,,0.063177971620543,,0.990638873854607,,0.00936112614539318,,,,,,,,0.9994140704631286,0.42879261599829693,,1.0000000000000002,-2.220446049250313e-16
981.4059999999918,0.199881444987817,468.793465761856,,,,,,0.06339564402901993,,0.990601043894437,,0.00939895610556284,,,,,,,,0.9994070843509613,0.42682711416593133,,0.9999999999999999,1.1102230246251565e-16
976.8879999999917,0.199880032537783,466.63488630615296,,,,,,0.06361331333422772,,0.990562896613559,,0.00943710338644103,,,,,,,,0.9994000221017848,0.42486177056141183,,1.0,0.0
972.3699999999917,0.19987860465875,464.476477088179,,,,,,0.06383098009354542,,0.990524427732739,,0.00947557226726062,,,,,,,,0.999392882707624,0.4228965819549543,,0.9999999999999996,4.440892098500626e-16
967.8519999999917,0.199877161145361,462.318234404699,,,,,,0.06404864488373352,,0.990485632893408,,0.00951436710659246,,,,,,,,0.9993856651416944,0.42093154497483676,,1.0000000000000004,-4.440892098500626e-16
963.3339999999916,0.199875701788413,460.160154473791,,,,,,0.06426630829327366,,0.990446507655794,,0.00955349234420635,,,,,,,,0.9993783683579808,0.4189666561776947,,1.0000000000000004,-4.440892098500626e-16
958.8159999999916,0.199874226374837,458.00223375085,,,,,,0.06448397089074022,,0.990407047496999,,0.00959295250300059,,,,,,,,0.9993709912911386,0.4170019123362358,,0.9999999999999997,3.3306690738754696e-16
954.2979999999916,0.199872734687477,455.844468301424,,,,,,0.06470163328784481,,0.9903672478091,,0.00963275219089968,,,,,,,,0.9993635328553877,0.4150373098682199,,0.9999999999999997,3.3306690738754696e-16
949.7799999999916,0.199871226505116,453.686854422311,,,,,,0.06491929607718915,,0.990327103897068,,0.00967289610293235,,,,,,,,0.9993559919446435,0.4130728454019554,,1.0000000000000004,-4.440892098500626e-16
945.2619999999915,0.19986970160232,451.52938833546295,,,,,,0.06513695986308925,,0.990286610976698,,0.00971338902330172,,,,,,,,0.9993483674317362,0.4111085154976047,,0.9999999999999998,2.220446049250313e-16
940.7439999999915,0.199868159749348,449.372066251895,,,,,,0.06535462525526116,,0.990245764172492,,0.00975423582750817,,,,,,,,0.9993406581679606,0.40914431670537255,,1.0000000000000002,-2.220446049250313e-16
936.2259999999915,0.199866600712043,447.214884358723,,,,,,0.06557229287022621,,0.99020455851544,,0.00979544148456049,,,,,,,,0.9993328629825322,0.40718024555370397,,1.0000000000000004,-4.440892098500626e-16
931.7079999999914,0.199865024251731,445.05783883743703,,,,,,0.06578996332958573,,0.990162988940769,,0.0098370110592308,,,,,,,,0.999324980682081,0.4052162985659217,,0.9999999999999999,1.1102230246251565e-16
927.1899999999914,0.199863430125106,442.900925850827,,,,,,0.0660076372614425,,0.990121050285604,,0.00987894971439555,,,,,,,,0.9993170100500771,0.4032524722483222,,0.9999999999999996,4.440892098500626e-16
922.6719999999914,0.199861818084118,440.74414154210297,,,,,,0.06622531530060394,,0.990078737286575,,0.00992126271342502,,,,,,,,0.9993089498462709,0.4012887630893753,,1.0,0.0
918.1539999999914,0.199860187875855,438.587482050447,,,,,,0.0664429980871378,,0.99003604457735,,0.00996395542265032,,,,,,,,0.9993007988061027,0.399325167573883,,1.0000000000000002,-2.220446049250313e-16
913.6359999999913,0.199858539242424,436.430943489169,,,,,,0.06666068626868635,,0.989992966686084,,0.0100070333139159,,,,,,,,0.9992925556401072,0.39736168216309137,,1.0,0.0
909.1179999999913,0.199856871920822,434.274521961375,,,,,,0.06687838049901722,,0.989949498032814,,0.0100505019671861,,,,,,,,0.9992842190332699,0.3953983033089561,,1.0,0.0
904.5999999999913,0.199855185642816,432.11821356099097,,,,,,0.06709608143805,,0.989905632926749,,0.0100943670732513,,,,,,,,0.999275787644426,0.39343502745507464,,1.0000000000000004,-4.440892098500626e-16
900.0819999999912,0.199853480134799,429.962014354318,,,,,,0.06731378975383881,,0.989861365563504,,0.010138634436496,,,,,,,,0.9992672601055407,0.39147185101989235,,1.0,0.0
895.5639999999912,0.199851755117669,427.80592040602596,,,,,,0.06753150612009903,,0.989816690022238,,0.0101833099777623,,,,,,,,0.9992586350211039,0.38950877042036963,,1.0000000000000004,-4.440892098500626e-16
891.0459999999912,0.199850010306674,425.649927758415,,,,,,0.06774923121843021,,0.989771600262703,,0.0102283997372969,,,,,,,,0.999249910967356,0.38754578205309953,,1.0,0.0
886.5279999999912,0.19984824541128,423.49403244100495,,,,,,0.06796696573749773,,0.989726090122208,,0.0102739098777923,,,,,,,,0.9992410864916275,0.385582882303039,,1.0000000000000002,-2.220446049250313e-16
882.0099999999911,0.199846460135,421.338230356318,,,,,,0.068184710384636,,0.989680153312944,,0.010319846687056,,,,,,,,0.9992321601114831,0.383620067439516,,1.0,0.0
877.4919999999911,0.199844654175308,419.18251784374996,,,,,,0.06840246582945399,,0.989633783416483,,0.0103662165835168,,,,,,,,0.9992231303142934,0.3816573341296233,,0.9999999999999998,2.220446049250313e-16
872.9739999999911,0.199842827223354,417.026890544584,,,,,,0.0686202328178179,,0.989586973885002,,0.0104130261149986,,,,,,,,0.9992139955558085,0.3796946784048362,,1.0000000000000007,-6.661338147750939e-16
868.455999999991,0.199840978963928,414.871344549323,,,,,,0.06883801205695139,,0.989539718033297,,0.0104602819667025,,,,,,,,0.9992047542599783,0.3777320967056353,,0.9999999999999994,5.551115123125783e-16
863.937999999991,0.199839109075221,412.71587580426103,,,,,,0.06905580427512172,,0.989492009037429,,0.0105079909625708,,,,,,,,0.9991954048177587,0.37576958534120214,,0.9999999999999998,2.220446049250313e-16
859.419999999991,0.199837217228688,410.560480276551,,,,,,0.0692736102052405,,0.989443839931121,,0.0105561600688789,,,,,,,,0.9991859455864243,0.3738071406397097,,0.9999999999999999,1.1102230246251565e-16
854.901999999991,0.199835303088823,408.405153862057,,,,,,0.0694914305943239,,0.989395203600975,,0.0106047963990248,,,,,,,,0.9991763748884456,0.371844758864424,,0.9999999999999998,2.220446049250313e-16
850.3839999999909,0.19983336631304,406.249892571915,,,,,,0.06970926618491621,,0.989346092783618,,0.010653907216382,,,,,,,,0.9991666910108928,0.36988243638356383,,1.0,0.0
845.8659999999909,0.19983140655136,404.09469205817,,,,,,0.06992711776292841,,0.989296500061136,,0.0107034999388639,,,,,,,,0.9991568922038713,0.3679201692384027,,0.9999999999999999,1.1102230246251565e-16
841.3479999999909,0.199829423446412,401.939548441202,,,,,,0.070144986074746,,0.989246417857152,,0.0107535821428486,,,,,,,,0.999146976680526,0.3659579538966239,,1.0000000000000004,-4.440892098500626e-16
836.8299999999908,0.19982741663304,399.78445752178203,,,,,,0.07036287190655599,,0.989195838432426,,0.0108041615675735,,,,,,,,0.9991369426150775,0.363995786534913,,0.9999999999999994,5.551115123125783e-16
832.3119999999908,0.199825385738183,397.629415144587,,,,,,0.0705807760480536,,0.989144753880521,,0.0108552461194788,,,,,,,,0.9991267881422211,0.36203366336993126,,0.9999999999999998,2.220446049250313e-16
827.7939999999908,0.199823330380641,395.474417149876,,,,,,0.07079869929751281,,0.989093156123233,,0.010906843876767,,,,,,,,0.9991165113559567,0.3600715806143172,,1.0,0.0
823.2759999999907,0.199821250170857,393.319459375987,,,,,,0.07101664246176019,,0.989041036905887,,0.0109589630941131,,,,,,,,0.9991061103084998,0.35810953447896055,,1.0,0.0
818.7579999999907,0.19981914471067,391.164537623297,,,,,,0.0712346063600261,,0.988988387792479,,0.0110116122075213,,,,,,,,0.9990955830090457,0.3561475211401883,,1.0000000000000002,-2.220446049250313e-16
814.2399999999907,0.199817013593089,389.009647689511,,,,,,0.0714525918206413,,0.98893520016066,,0.0110647998393396,,,,,,,,0.9990849274226397,0.35418553677189435,,0.9999999999999997,3.3306690738754696e-16
809.7219999999907,0.199814856402041,386.85478536726,,,,,,0.0716705996815255,,0.988881465196553,,0.0111185348034466,,,,,,,,0.9990741414689169,0.3522235775433531,,0.9999999999999996,4.440892098500626e-16
805.2039999999906,0.199812672712108,384.699946436843,,,,,,0.07188863079118195,,0.988827173889102,,0.0111728261108976,,,,,,,,0.9990632230207879,0.3502616396126109,,0.9999999999999997,3.3306690738754696e-16
800.6859999999906,0.199810462088288,382.54512661547,,,,,,0.07210668601401651,,0.988772317025951,,0.0112276829740488,,,,,,,,0.9990521699032427,0.3482997190802727,,0.9999999999999998,2.220446049250313e-16
796.1679999999906,0.19980822408567,380.390321678912,,,,,,0.07232476621848083,,0.988716885184886,,0.0112831148151137,,,,,,,,0.9990409798917268,0.3463378121002621,,0.9999999999999997,3.3306690738754696e-16
791.6499999999905,0.199805958249202,378.235527339964,,,,,,0.07254287228947634,,0.988660868730746,,0.0113391312692542,,,,,,,,0.9990296507109805,0.3443759147691643,,1.0000000000000002,-2.220446049250313e-16
787.1319999999905,0.199803664113429,376.080739425592,,,,,,0.07276100511087256,,0.98860425780872,,0.0113957421912796,,,,,,,,0.9990181800337291,0.342414023287515,,0.9999999999999996,4.440892098500626e-16
782.6139999999905,0.199801341201921,373.92595333101497,,,,,,0.07297916562076318,,0.988547042334016,,0.0114529576659842,,,,,,,,0.999006565477823,0.3404521334627528,,1.0000000000000002,-2.220446049250313e-16
778.0959999999905,0.199798989027497,371.77116503765103,,,,,,0.07319735470927995,,0.988489211993886,,0.0115107880061138,,,,,,,,0.9989948046073572,0.3384902416360389,,0.9999999999999998,2.220446049250313e-16
773.5779999999904,0.199796607091364,369.616370121634,,,,,,0.0734155733187603,,0.988430756232255,,0.0115692437677446,,,,,,,,0.9989828949283677,0.33652834377953134,,0.9999999999999996,4.440892098500626e-16
769.0599999999904,0.199794194883051,367.46156424272596,,,,,,0.0736338223948502,,0.98837166424697,,0.0116283357530297,,,,,,,,0.9989708338884994,0.33456643594152974,,0.9999999999999997,3.3306690738754696e-16
764.5419999999904,0.199791751880001,365.306743046838,,,,,,0.07385210289666874,,0.988311924981677,,0.0116880750183232,,,,,,,,0.9989586188749676,0.332604514157723,,1.0000000000000002,-2.220446049250313e-16
760.0239999999903,0.199789277547309,363.15190199948796,,,,,,0.07407041581375719,,0.988251527122867,,0.011748472877133,,,,,,,,0.998946247213248,0.3306425742995554,,1.0,0.0
755.5059999999903,0.199786771336878,360.997037220853,,,,,,0.07428876208328003,,0.988190459069242,,0.0118095409307581,,,,,,,,0.9989337161628558,0.3286806128345255,,1.0,0.0
750.9879999999903,0.199784232687962,358.842143815753,,,,,,0.0745071427567534,,0.988128708969248,,0.0118712910307517,,,,,,,,0.9989210229200614,0.32671862530566936,,0.9999999999999997,3.3306690738754696e-16
746.4699999999903,0.199781661025836,356.68721754334297,,,,,,0.07472555883413899,,0.988066264667106,,0.0119337353328937,,,,,,,,0.9989081646112401,0.32475660785178195,,0.9999999999999997,3.3306690738754696e-16
741.9519999999902,0.199779055761844,354.532253984349,,,,,,0.07494401134720612,,0.988003113716923,,0.0119968862830772,,,,,,,,0.9988951382931125,0.32279455644920246,,1.0000000000000002,-2.220446049250313e-16
737.4339999999902,0.19977641629287,352.377248703967,,,,,,0.0751625013437427,,0.987939243369135,,0.0120607566308646,,,,,,,,0.998881940950099,0.32083246706013013,,0.9999999999999996,4.440892098500626e-16
732.9159999999902,0.199773742000895,350.222197255941,,,,,,0.07538102988759432,,0.987874640561186,,0.0121253594388136,,,,,,,,0.9988685694921051,0.3188703356363374,,0.9999999999999997,3.3306690738754696e-16
728.3979999999901,0.199771032252529,348.067095180792,,,,,,0.07559959805930702,,0.987809291907842,,0.0121907080921585,,,,,,,,0.998855020752181,0.31690815811755746,,1.0000000000000004,-4.440892098500626e-16
723.8799999999901,0.199768286398527,345.911938006231,,,,,,0.07581820695656945,,0.987743183691166,,0.0122568163088345,,,,,,,,0.9988412914841023,0.3149459304318602,,1.0000000000000004,-4.440892098500626e-16
719.3619999999901,0.199765503773292,343.756721246666,,,,,,0.07603685769476366,,0.987676301850098,,0.0123236981499021,,,,,,,,0.9988273783598844,0.3129836484952035,,1.0000000000000002,-2.220446049250313e-16
714.84399999999,0.199762683694346,341.60144033602404,,,,,,0.07625555141421912,,0.987608631970136,,0.012391368029864,,,,,,,,0.9988132779671379,0.31102130815026885,,1.0,0.0
710.32599999999,0.199759825461823,339.446090972565,,,,,,0.07647428924618592,,0.987540159269736,,0.0124598407302635,,,,,,,,0.9987989868065333,0.30905890548040754,,0.9999999999999996,4.440892098500626e-16
705.80799999999,0.199756928357843,337.290668424056,,,,,,0.07669307238305416,,0.987470868593416,,0.0125291314065837,,,,,,,,0.998784501288671,0.30709643617701576,,0.9999999999999998,2.220446049250313e-16
701.28999999999,0.199753991645995,335.135168225541,,,,,,0.07691190200898253,,0.987400744394927,,0.0125992556050731,,,,,,,,0.9987698177314965,0.30513389617484005,,1.0,0.0
696.7719999999899,0.199751014570699,332.979585829734,,,,,,0.07713077933555468,,0.987329770727051,,0.0126702292729495,,,,,,,,0.9987549323571105,0.30317128133366694,,1.0000000000000004,-4.440892098500626e-16
692.2539999999899,0.199747996356581,330.823916677215,,,,,,0.07734970559537074,,0.987257931228085,,0.0127420687719149,,,,,,,,0.9987398412886435,0.3012085875022354,,0.9999999999999999,1.1102230246251565e-16
687.7359999999899,0.199744936207823,328.668156196256,,,,,,0.0775686820427199,,0.987185209108282,,0.0128147908917182,,,,,,,,0.9987245405470058,0.29924581051807814,,1.0000000000000002,-2.220446049250313e-16
683.2179999999898,0.199741833307481,326.512299804336,,,,,,0.07778770995410912,,0.987111587135744,,0.0128884128642558,,,,,,,,0.9987090260474782,0.29728294620890106,,0.9999999999999998,2.220446049250313e-16
678.6999999999898,0.199738686816909,324.35634307355997,,,,,,0.07800679061226985,,0.98703704762417,,0.0129629523758305,,,,,,,,0.9986932935968315,0.29531999054319386,,1.0000000000000004,-4.440892098500626e-16
674.1819999999898,0.199735495874352,322.200280892521,,,,,,0.0782259253915127,,0.986961572405606,,0.0130384275943942,,,,,,,,0.9986773388862907,0.29335693886712233,,1.0000000000000002,-2.220446049250313e-16
669.6639999999898,0.199732259595529,320.04410914739697,,,,,,0.07844511558877425,,0.986885142838595,,0.0131148571614051,,,,,,,,0.9986611574944521,0.2913937874351335,,1.0,0.0
665.1459999999897,0.199728977071504,317.88782309632205,,,,,,0.07866436258856056,,0.986807739767688,,0.0131922602323116,,,,,,,,0.9986447448766358,0.28943053192985285,,0.9999999999999996,4.440892098500626e-16
660.6279999999897,0.199725647368427,315.731417928492,,,,,,0.07888366780720701,,0.986729343518147,,0.0132706564818527,,,,,,,,0.9986280963635927,0.28746716797113897,,0.9999999999999997,3.3306690738754696e-16
656.1099999999897,0.199722269526743,313.574889153428,,,,,,0.07910303265469283,,0.986649933875922,,0.0133500661240779,,,,,,,,0.9986112071575485,0.2855036914705003,,0.9999999999999999,1.1102230246251565e-16
651.5919999999896,0.199718842560106,311.418232071984,,,,,,0.07932245858869633,,0.986569490069301,,0.0134305099306994,,,,,,,,0.998594072326774,0.28354009814945796,,1.0000000000000004,-4.440892098500626e-16
647.0739999999896,0.199715365454488,309.261441967504,,,,,,0.0795419470963497,,0.986487990748769,,0.0135120092512311,,,,,,,,0.9985766868011297,0.28157638371359067,,1.0000000000000002,-2.220446049250313e-16
642.5559999999896,0.199711837167124,307.104514223948,,,,,,0.07976149968346455,,0.986405413963263,,0.0135945860367366,,,,,,,,0.9985590453667913,0.27961254396008584,,0.9999999999999996,4.440892098500626e-16
638.0379999999896,0.199708256625814,304.947444081826,,,,,,0.07998111789966836,,0.986321737151575,,0.0136782628484251,,,,,,,,0.9985411426627597,0.2776485745555226,,1.0,0.0
633.5199999999895,0.199704622730812,302.790226867596,,,,,,0.0802008033135426,,0.986236937205796,,0.0137630627942041,,,,,,,,0.9985229731903056,0.27568447124473416,,1.0,0.0
629.0019999999895,0.19970093434216,300.632857823258,,,,,,0.08042055754237036,,0.986150990105284,,0.0138490098947158,,,,,,,,0.9985045312496398,0.2737202296956562,,0.9999999999999998,2.220446049250313e-16
624.4839999999895,0.199697190293832,298.475332230618,,,,,,0.08064038222552838,,0.986063871348821,,0.0139361286511795,,,,,,,,0.9984858110106333,0.271755845612467,,1.0000000000000004,-4.440892098500626e-16
619.9659999999894,0.199693389383585,296.317645345775,,,,,,0.08086027904120702,,0.985975555663207,,0.0140244443367929,,,,,,,,0.9984668064620716,0.2697913146759393,,1.0,0.0
615.4479999999894,0.199689530360779,294.159792610818,,,,,,0.081080249697411,,0.985886016653648,,0.0141139833463523,,,,,,,,0.9984475113507559,0.2678266327361858,,1.0000000000000002,-2.220446049250313e-16
610.9299999999894,0.199685611975571,292.001768972236,,,,,,0.08130029595094856,,0.985795228275353,,0.0142047717246466,,,,,,,,0.9984279194274719,0.26586179519208547,,0.9999999999999997,3.3306690738754696e-16
606.4119999999893,0.199681632902396,289.843569808692,,,,,,0.08152041959114988,,0.98570316257546,,0.0142968374245404,,,,,,,,0.9984080240643955,0.26389679783600295,,1.0000000000000004,-4.440892098500626e-16
601.8939999999893,0.199677591790155,287.68519032463104,,,,,,0.0817406224503317,,0.985609791195719,,0.0143902088042812,,,,,,,,0.9983878185060331,0.2619316363016809,,1.0000000000000002,-2.220446049250313e-16
597.3759999999893,0.199673487245478,285.526625732198,,,,,,0.08196090640234009,,0.985515084889536,,0.0144849151104634,,,,,,,,0.998367295785535,0.25996630622987277,,0.9999999999999993,6.661338147750939e-16
592.8579999999893,0.19966931783225,283.367871235143,,,,,,0.08218127336463678,,0.985419013522302,,0.0145809864776979,,,,,,,,0.9983464487223276,0.2580008032536884,,0.9999999999999999,1.1102230246251565e-16
588.3399999999892,0.199665082067883,281.208922179986,,,,,,0.08240172528689133,,0.9853215459756,,0.0146784540244001,,,,,,,,0.9983252699034718,0.25603512313622695,,1.0,0.0
583.8219999999892,0.199660778432153,279.049773295038,,,,,,0.08262226421833888,,0.98522265042709,,0.0147773495729101,,,,,,,,0.9983037517278488,0.25406926107772054,,1.0,0.0
579.3039999999892,0.199656405344231,276.890420214242,,,,,,0.08284289217817783,,0.985122293681846,,0.0148777063181538,,,,,,,,0.9982818862913148,0.2521032131029613,,0.9999999999999998,2.220446049250313e-16
574.7859999999891,0.199651961181977,274.730857950469,,,,,,0.08306361128913681,,0.985020441766048,,0.0149795582339517,,,,,,,,0.9982596654831705,0.25013697467126755,,0.9999999999999997,3.3306690738754696e-16
570.2679999999891,0.199647444269516,272.571081635668,,,,,,0.08328442371579602,,0.984917059574798,,0.0150829404252024,,,,,,,,0.9982370809240425,0.2481705413503758,,1.0000000000000004,-4.440892098500626e-16
565.7499999999891,0.199642852876227,270.41108651365096,,,,,,0.0835053316663156,,0.984812110861124,,0.0151878891388762,,,,,,,,0.9982141239608269,0.24620390880987156,,1.0000000000000002,-2.220446049250313e-16
561.2319999999891,0.199638185216819,268.250867630617,,,,,,0.08372633742335718,,0.984705558259718,,0.0152944417402823,,,,,,,,0.99819078566707,0.2442370725394178,,1.0000000000000002,-2.220446049250313e-16
556.713999999989,0.199633439446702,266.09042015395,,,,,,0.08394744331678623,,0.984597363169377,,0.0154026368306232,,,,,,,,0.9981670568198229,0.2422700281390138,,1.0000000000000002,-2.220446049250313e-16
552.195999999989,0.199628613660777,263.929739210476,,,,,,0.08416865174108683,,0.984487485739936,,0.0155125142600644,,,,,,,,0.9981429278935922,0.2403027711717317,,1.0000000000000004,-4.440892098500626e-16
547.677999999989,0.199623705890662,261.768819919398,,,,,,0.0843899651548313,,0.984375884813444,,0.0156241151865563,,,,,,,,0.9981183890464691,0.23833529719370308,,1.0000000000000002,-2.220446049250313e-16
543.1599999999889,0.199618714102675,259.607657208493,,,,,,0.084611386101114,,0.984262517890065,,0.0157374821099353,,,,,,,,0.9980934301100451,0.23636760158676984,,1.0000000000000002,-2.220446049250313e-16
538.6419999999889,0.199613636192164,257.446246651978,,,,,,0.084832917129315,,0.984147340979501,,0.0158526590204994,,,,,,,,0.9980680405610616,0.23439968032134478,,1.0000000000000004,-4.440892098500626e-16
534.1239999999889,0.199608469985592,255.284583042103,,,,,,0.08505456093605937,,0.984030308700812,,0.0159696912991881,,,,,,,,0.9980422095318354,0.2324315286558752,,1.0,0.0
529.6059999999889,0.199603213233687,253.12266140674,,,,,,0.08527632027016686,,0.983911374100468,,0.0160886258995319,,,,,,,,0.9980159257760076,0.2304631420633376,,0.9999999999999999,1.1102230246251565e-16
525.0879999999888,0.199597863608849,250.960476912073,,,,,,0.0854981979449974,,0.983790488605901,,0.0162095113940987,,,,,,,,0.9979891776555805,0.22849451614263874,,0.9999999999999997,3.3306690738754696e-16
520.5699999999888,0.199592418702351,248.79802463568498,,,,,,0.08572019686396883,,0.983667601976425,,0.0163323980235752,,,,,,,,0.9979619531269202,0.22652564641201597,,1.0000000000000002,-2.220446049250313e-16
516.0519999999888,0.199586876020785,246.63529947944798,,,,,,0.08594232003284248,,0.983542662232272,,0.0164573377677275,,,,,,,,0.9979342397229887,0.22455652822972538,,0.9999999999999996,4.440892098500626e-16
511.53399999998874,0.199581232980886,244.472297017056,,,,,,0.08616457048003189,,0.983415615527877,,0.0165843844721233,,,,,,,,0.9979060245274627,0.22258715756570344,,1.0000000000000004,-4.440892098500626e-16
507.0159999999887,0.199575486908531,242.30901163749598,,,,,,0.08638695144351011,,0.983286406178753,,0.0167135938212471,,,,,,,,0.9978772941697293,0.22061752931123452,,1.0,0.0
502.4979999999887,0.199569635030748,240.145439051004,,,,,,0.08660946612787375,,0.983154976437484,,0.0168450235625163,,,,,,,,0.9978480347849302,0.218647639560574,,1.0000000000000002,-2.220446049250313e-16
497.97999999998865,0.19956367447469,237.981573819613,,,,,,0.08683211795264728,,0.983021266531743,,0.0169787334682569,,,,,,,,0.9978182320088327,0.21667748336256124,,1.0,0.0
493.4619999999886,0.199557602260661,235.81741114928798,,,,,,0.08705491037980721,,0.982885214481807,,0.0171147855181928,,,,,,,,0.9977878709429585,0.21470705635232276,,0.9999999999999998,2.220446049250313e-16
488.9439999999886,0.19955141529819,233.65294607895498,,,,,,0.08727784699892151,,0.982746756039603,,0.0172532439603972,,,,,,,,0.9977569361349552,0.2127363540128996,,1.0000000000000002,-2.220446049250313e-16
484.42599999998856,0.199545110380603,231.488173643032,,,,,,0.08750093151630031,,0.982605824575477,,0.0173941754245226,,,,,,,,0.9977254115514548,0.21076537182322816,,0.9999999999999996,4.440892098500626e-16
479.90799999998853,0.199538684179524,229.32308887164203,,,,,,0.08772416776048732,,0.982462350967028,,0.0175376490329719,,,,,,,,0.9976932805505797,0.20879410525833447,,1.0,0.0
475.3899999999885,0.199532133239007,227.157686790961,,,,,,0.08794755968809183,,0.982316263480659,,0.0176837365193412,,,,,,,,0.9976605258526025,0.20682254978965073,,1.0000000000000002,-2.220446049250313e-16
470.8719999999885,0.199525453969428,224.99196246457998,,,,,,0.08817111138575946,,0.982167487648307,,0.0178325123516928,,,,,,,,0.9976271295094052,0.20485070092267496,,0.9999999999999998,2.220446049250313e-16
466.35399999998845,0.199518642641322,222.825910749794,,,,,,0.08839482710074927,,0.982015946149259,,0.0179840538507406,,,,,,,,0.997593072873666,0.20287855397507665,,0.9999999999999997,3.3306690738754696e-16
461.8359999999884,0.199511695376314,220.659526901098,,,,,,0.08861871118957604,,0.981861558604424,,0.0181384413955757,,,,,,,,0.9975583365535124,0.200906104626168,,0.9999999999999998,2.220446049250313e-16
457.3179999999884,0.199504608144174,218.492805775405,,,,,,0.08884276820054467,,0.981704241558433,,0.0182957584415666,,,,,,,,0.9975229003977973,0.19893334819327077,,0.9999999999999997,3.3306690738754696e-16
452.79999999998836,0.19949737675063,216.32574242184802,,,,,,0.08906700282688651,,0.981543908196315,,0.0184560918036851,,,,,,,,0.9974867434351636,0.1969602801687191,,1.0,0.0
448.28199999998833,0.199489996831326,214.158331891382,,,,,,0.08929141993187303,,0.981380468240027,,0.0186195317599729,,,,,,,,0.9974498438438344,0.19498689604650607,,0.9999999999999999,1.1102230246251565e-16
443.7639999999883,0.199482463842645,211.990569063951,,,,,,0.08951602457530651,,0.981213827764304,,0.0187861722356957,,,,,,,,0.9974121789057278,0.19301319116492271,,0.9999999999999997,3.3306690738754696e-16
439.24599999998827,0.19947477305236,209.82244907202502,,,,,,0.08974082198046784,,0.981043889002604,,0.0189561109973959,,,,,,,,0.9973737249597121,0.19103916109217992,,0.9999999999999999,1.1102230246251565e-16
434.72799999998824,0.199466919529792,207.653966877787,,,,,,0.0899658175863029,,0.980870550157011,,0.0191294498429893,,,,,,,,0.997334457352396,0.18906480124144556,,1.0000000000000002,-2.220446049250313e-16
430.2099999999882,0.199458898135274,205.485117485199,,,,,,0.09019101703673629,,0.980693705184171,,0.0193062948158289,,,,,,,,0.9972943503854479,0.1870901070639266,,0.9999999999999999,1.1102230246251565e-16
425.6919999999882,0.199450703508957,203.315895897887,,,,,,0.09041642619608532,,0.980513243572586,,0.0194867564274137,,,,,,,,0.9972533772596266,0.18511507401052402,,0.9999999999999997,3.3306690738754696e-16
421.17399999998815,0.199442330058922,201.146297264965,,,,,,0.09064205114636495,,0.980329050103116,,0.0196709498968845,,,,,,,,0.9972115100153411,0.1831396976646027,,1.0000000000000004,-4.440892098500626e-16
416.6559999999881,0.19943377194839,198.976316320733,,,,,,0.09086789825618533,,0.980141004602776,,0.0198589953972242,,,,,,,,0.9971687194687004,0.18116397323184766,,1.0000000000000002,-2.220446049250313e-16
412.1379999999881,0.199425023082248,196.80594801389998,,,,,,0.09109397413123627,,0.979948981666879,,0.0200510183331212,,,,,,,,0.9971249751441441,0.17918789611315905,,1.0000000000000002,-2.220446049250313e-16
407.61999999998807,0.199416077092693,194.63518769898698,,,,,,0.09132028560949093,,0.979752850370835,,0.0202471496291653,,,,,,,,0.9970802452026613,0.17721146207892077,,1.0000000000000004,-4.440892098500626e-16
403.10199999998804,0.19940692732358,192.464030222292,,,,,,0.09154683986838882,,0.979552473973128,,0.0204475260268716,,,,,,,,0.9970344963635319,0.17523466643678984,,0.9999999999999996,4.440892098500626e-16
398.583999999988,0.199397566814076,190.292470596825,,,,,,0.09177364437362229,,0.979347709580775,,0.0206522904192248,,,,,,,,0.9969876938225957,0.1732575046462111,,0.9999999999999998,2.220446049250313e-16
394.065999999988,0.199387988280981,188.120503839034,,,,,,0.09200070691317183,,0.979138407801644,,0.0208615921983562,,,,,,,,0.9969398011638578,0.1712799721697597,,1.0000000000000002,-2.220446049250313e-16
389.54799999998795,0.199378184099852,185.94812496949598,,,,,,0.09222803561613267,,0.978924412370848,,0.0210755876291525,,,,,,,,0.9968907802651087,0.16930206447377022,,1.0000000000000004,-4.440892098500626e-16
385.0299999999879,0.199368146284782,183.775329013618,,,,,,0.09245563897288371,,0.97870555975108,,0.0212944402489204,,,,,,,,0.9968405911968188,0.1673237770289748,,1.0000000000000004,-4.440892098500626e-16
380.5119999999879,0.199357866466719,181.60211100234102,,,,,,0.09268352585671089,,0.978481678704727,,0.0215183212952729,,,,,,,,0.9967891921137342,0.16534510531114419,,0.9999999999999999,1.1102230246251565e-16
375.99399999998786,0.19934733587022,179.42846597291899,,,,,,0.09291170554700429,,0.978252589835436,,0.0217474101645638,,,,,,,,0.996736539138646,0.16336604480179692,,0.9999999999999998,2.220446049250313e-16
371.47599999998783,0.199336545288473,177.254388969741,,,,,,0.09314018775416576,,0.978018105096523,,0.021981894903477,,,,,,,,0.9966825862375006,0.16138659098894798,,1.0,0.0
366.9579999999878,0.19932548505647,175.07987504524002,,,,,,0.09336898264637283,,0.977778027263436,,0.0222219727365645,,,,,,,,0.9966272850852649,0.1594067393679361,,1.0000000000000004,-4.440892098500626e-16
362.4399999999878,0.199314145022146,172.90491926081,,,,,,0.09359810087837113,,0.977532149367115,,0.022467850632885,,,,,,,,0.9965705849216211,0.15742648544225885,,1.0,0.0
357.92199999998775,0.19930251451531,170.729516687825,,,,,,0.09382755362246735,,0.977280254084896,,0.0227197459151035,,,,,,,,0.9965124323956215,0.15544582472450044,,0.9999999999999996,4.440892098500626e-16
353.4039999999877,0.199290582314169,168.55366240873698,,,,,,0.09405735260192458,,0.977022113085124,,0.0229778869148764,,,,,,,,0.996452771398309,0.15346475273733132,,1.0000000000000004,-4.440892098500626e-16
348.8859999999877,0.199278336609221,166.37735151807001,,,,,,0.0942875101269991,,0.976757486321366,,0.0232425136786336,,,,,,,,0.9963915428821822,0.1514832650144134,,0.9999999999999997,3.3306690738754696e-16
344.36799999998766,0.199265764964279,164.200579124613,,,,,,0.09451803913373148,,0.976486121271669,,0.0235138787283307,,,,,,,,0.9963286846663145,0.14950135710239632,,0.9999999999999997,3.3306690738754696e-16
339.84999999998763,0.199252854274347,162.023340350724,,,,,,0.09474895322617544,,0.976207752117714,,0.0237922478822864,,,,,,,,0.9962641312257353,0.1475190245602843,,1.0000000000000004,-4.440892098500626e-16
335.3319999999876,0.199239590720052,159.84563033606702,,,,,,0.0949802667216253,,0.975922098858346,,0.0240779011416535,,,,,,,,0.9961978134635894,0.14553626296283814,,0.9999999999999996,4.440892098500626e-16
330.8139999999876,0.199225959718313,157.667444237766,,,,,,0.09521199469998332,,0.975628866351263,,0.0243711336487367,,,,,,,,0.9961296584644819,0.14355306790071573,,0.9999999999999997,3.3306690738754696e-16
326.29599999998754,0.199211945868845,155.488777232942,,,,,,0.09544415305703619,,0.975327743275901,,0.0246722567240988,,,,,,,,0.9960595892269986,0.14156943498278177,,0.9999999999999998,2.220446049250313e-16
321.7779999999875,0.199197532896122,153.309624519901,,,,,,0.09567675856242927,,0.975018401009971,,0.0249815989900288,,,,,,,,0.995987524373521,0.13958535983718953,,0.9999999999999998,2.220446049250313e-16
317.2599999999875,0.199182703586313,151.129981320531,,,,,,0.09590982892254016,,0.974700492411042,,0.0252995075889585,,,,,,,,0.9959133778349063,0.13760083811356313,,1.0000000000000004,-4.440892098500626e-16
312.74199999998746,0.199167439718691,148.949842882465,,,,,,0.09614338284891089,,0.974373650493749,,0.0256263495062511,,,,,,,,0.9958370585075323,0.13561586548496715,,1.0000000000000002,-2.220446049250313e-16
308.2239999999874,0.199151721990938,146.769204481468,,,,,,0.09637744013276843,,0.974037486991994,,0.0259625130080055,,,,,,,,0.9957584698798225,0.13363043765007968,,0.9999999999999994,5.551115123125783e-16
303.7059999999874,0.199135529937699,144.588061423913,,,,,,0.09661202172628912,,0.973691590794316,,0.026308409205684,,,,,,,,0.9956775096250163,0.13164455033544678,,1.0,0.0
299.18799999998737,0.199118841841672,142.406409050223,,,,,,0.09684714983123988,,0.973335526239271,,0.0266644737607292,,,,,,,,0.995594069156619,0.12965819929861647,,1.0000000000000002,-2.220446049250313e-16
294.66999999998734,0.199101634636409,140.22424273668,,,,,,0.09708284799607764,,0.972968831255798,,0.0270311687442023,,,,,,,,0.9955080331424069,0.12767138032978548,,1.0000000000000002,-2.220446049250313e-16
290.1519999999873,0.199083883799927,138.041557900445,,,,,,0.09731914122192119,,0.972591015332106,,0.0274089846678938,,,,,,,,0.9954192789724821,0.12568408925637026,,0.9999999999999998,2.220446049250313e-16
285.6339999999873,0.199065563238094,135.858350002175,,,,,,0.09755605607900629,,0.972201557294176,,0.0277984427058238,,,,,,,,0.9953276761762029,0.12369632194538938,,0.9999999999999998,2.220446049250313e-16
281.11599999998725,0.199046645156621,133.674614551835,,,,,,0.0977936208342133,,0.971799902872854,,0.0282000971271464,,,,,,,,0.995233085782144,0.12170807430875538,,1.0000000000000004,-4.440892098500626e-16
276.5979999999872,0.199027099920343,131.490347109545,,,,,,0.09803186559182167,,0.971385462035581,,0.0286145379644192,,,,,,,,0.9951353596145014,0.119719342304046,,1.0000000000000002,-2.220446049250313e-16
272.0799999999872,0.199006895898298,129.305543295878,,,,,,0.09827082244752686,,0.97095760605589,,0.0290423939441102,,,,,,,,0.9950343395184871,0.11773012194388013,,1.0000000000000002,-2.220446049250313e-16
267.56199999998717,0.198985999292893,127.12019879356501,,,,,,0.09851052565924666,,0.970515664289995,,0.029484335710005,,,,,,,,0.9949298565061598,0.11574040929747034,,1.0,0.0
263.04399999998714,0.198964373951222,124.934309352964,,,,,,0.09875101183541189,,0.970058920625837,,0.0299410793741632,,,,,,,,0.9948217298130151,0.11375020049560221,,1.0000000000000002,-2.220446049250313e-16
258.5259999999871,0.198941981156331,122.747870803998,,,,,,0.09899232014267642,,0.969586609565098,,0.0304133904349018,,,,,,,,0.9947097658543103,0.11175949174150371,,0.9999999999999998,2.220446049250313e-16
254.00799999998708,0.198918779395887,120.560879058994,,,,,,0.09923449253716074,,0.969097911893072,,0.0309020881069276,,,,,,,,0.9945937570684095,0.10976827931342996,,0.9999999999999997,3.3306690738754696e-16
249.48999999998705,0.198894724105272,118.373330061007,,,,,,0.09947757402673746,,0.968591949884973,,0.0314080501150273,,,,,,,,0.9944734806322539,0.10777655951761335,,1.0000000000000002,-2.220446049250313e-16
244.97199999998702,0.198869767382278,116.185220096499,,,,,,0.09972161292527193,,0.968067781990113,,0.0319322180098871,,,,,,,,0.9943486970348373,0.10578432897295147,,1.0,0.0
240.453999999987,0.198843857668061,113.996545203927,,,,,,0.09996666123113596,,0.967524396925261,,0.0324756030747388,,,,,,,,0.9942191484819762,0.10379158407253834,,0.9999999999999999,1.1102230246251565e-16
235.93599999998696,0.198816939392362,111.807301783983,,,,,,0.10021277492118592,,0.966960707101077,,0.0330392928989232,,,,,,,,0.9940845571224144,0.10179832153927569,,1.0000000000000002,-2.220446049250313e-16
231.41799999998693,0.198788952574533,109.617486261534,,,,,,0.10046001438390989,,0.966375541271314,,0.0336244587286856,,,,,,,,0.9939446230529541,0.09980453811807614,,0.9999999999999996,4.440892098500626e-16
226.8999999999869,0.198759832381996,107.42709543770299,,,,,,0.10070844482607791,,0.965767636433462,,0.0342323635665378,,,,,,,,0.993799022110751,0.09781023089642588,,0.9999999999999998,2.220446049250313e-16
222.38199999998687,0.198729508620183,105.23612594101299,,,,,,0.10095813683816893,,0.965135628466081,,0.0348643715339189,,,,,,,,0.9936474033230144,0.09581539680466225,,0.9999999999999999,1.1102230246251565e-16
217.86399999998685,0.198697905178293,103.044575062641,,,,,,0.10120916686544384,,0.96447804204733,,0.0355219579526697,,,,,,,,0.993489386135793,0.09382003337645588,,0.9999999999999997,3.3306690738754696e-16
213.34599999998682,0.198664939378327,100.852439274101,,,,,,0.10146161800783886,,0.963793278809618,,0.0362067211903823,,,,,,,,0.9933245571591497,0.09182413739919049,,1.0000000000000002,-2.220446049250313e-16
208.8279999999868,0.198630521276135,98.6597166970863,,,,,,0.10171558047221989,,0.963079604726701,,0.0369203952732986,,,,,,,,0.993152466672398,0.08982770716270526,,0.9999999999999996,4.440892098500626e-16
204.30999999998676,0.198594552814167,96.46640481808599,,,,,,0.1019711526491179,,0.962335134781657,,0.0376648652183427,,,,,,,,0.9929726243878566,0.08783074037849858,,0.9999999999999997,3.3306690738754696e-16
199.79199999998673,0.19855692690981,94.2725016025281,,,,,,0.10222844191358192,,0.961557816677421,,0.0384421833225791,,,,,,,,0.9927844948925361,0.08583323519413318,,1.0000000000000002,-2.220446049250313e-16
195.2739999999867,0.198517526383668,92.0780053522883,,,,,,0.10248756571202987,,0.960745411663272,,0.0392545883367284,,,,,,,,0.9925874922895388,0.08383519006350068,,1.0000000000000004,-4.440892098500626e-16
190.75599999998667,0.19847622274318,89.88291475571619,,,,,,0.1027486527745939,,0.95989547292031,,0.0401045270796902,,,,,,,,0.99238097411615,0.08183660379236951,,1.0000000000000002,-2.220446049250313e-16
186.23799999998664,0.198432874783928,87.6872286264571,,,,,,0.10301184454108091,,0.95900532083201,,0.0409946791679895,,,,,,,,0.992164234350379,0.07983747530058737,,0.9999999999999994,5.551115123125783e-16
181.7199999999866,0.198387326979033,85.4909473366082,,,,,,0.1032772966293929,,0.958072014599759,,0.0419279854002408,,,,,,,,0.9919364953579405,0.07783780492694133,,0.9999999999999998,2.220446049250313e-16
177.20199999998658,0.198339407623669,83.29407011393839,,,,,,0.10354518096304487,,0.957092319898538,,0.0429076801014621,,,,,,,,0.9916968986148249,0.07583759196833033,,1.0000000000000002,-2.220446049250313e-16
172.68399999998655,0.198288926668218,81.09659799946951,,,,,,0.10381568764366293,,0.956062671042873,,0.0439373289571268,,,,,,,,0.9914444938730762,0.07383683737258405,,0.9999999999999998,2.220446049250313e-16
168.16599999998652,0.198235673173513,78.89853230944891,,,,,,0.10408902765171786,,0.954979126898898,,0.0450208731011023,,,,,,,,0.9911782264370074,0.07183554233811948,,1.0000000000000002,-2.220446049250313e-16
163.6479999999865,0.1981794124587,76.6998752752215,,,,,,0.10436543563682886,,0.95383732226779,,0.04616267773221,,,,,,,,0.9908969229025137,0.06983370889653172,,1.0,0.0
159.12999999998647,0.198119882554247,74.500629926018,,,,,,0.10464517347928991,,0.952632406881653,,0.0473675931183467,,,,,,,,0.9905992734221196,0.06783133980587501,,0.9999999999999997,3.3306690738754696e-16
154.61199999998644,0.198056790181958,72.30080038649089,,,,,,0.1049285342833919,,0.951358977503878,,0.0486410224961221,,,,,,,,0.990283811605051,0.06582843882156329,,1.0,0.0
150.0939999999864,0.197989805925139,70.1003919709754,,,,,,0.10521584720157082,,0.950010996624422,,0.0499890033755776,,,,,,,,0.98994889036807,0.06382501078219294,,0.9999999999999996,4.440892098500626e-16
145.57599999998638,0.197918558491126,67.8994113968046,,,,,,0.10550748315495882,,0.948581696691335,,0.0514183033086646,,,,,,,,0.9895926532481173,0.061821061803761936,,0.9999999999999996,4.440892098500626e-16
141.05799999998635,0.197842627846112,65.69786699671751,,,,,,0.10580386168256384,,0.947063466476348,,0.0529365335236519,,,,,,,,0.9892130000764537,0.05981659947306322,,0.9999999999999999,1.1102230246251565e-16
136.53999999998632,0.197761536955091,63.495769017892194,,,,,,0.10610545917770989,,0.945447715560128,,0.0545522844398725,,,,,,,,0.9888075456783846,0.05781163311994833,,1.0000000000000004,-4.440892098500626e-16
132.0219999999863,0.197674741785302,61.293129940651596,,,,,,0.10641281886027493,,0.943724711876399,,0.0562752881236013,,,,,,,,0.9883735698904877,0.05580617410750275,,1.0000000000000002,-2.220446049250313e-16
127.50399999998626,0.197581619132299,59.0899649026785,,,,,,0.10672656291734586,,0.941883385857036,,0.0581166141429638,,,,,,,,0.9879079566909712,0.05380023621828517,,0.9999999999999998,2.220446049250313e-16
122.98599999998623,0.197481451695052,56.8862921830232,,,,,,0.10704740739085694,,0.939911092897715,,0.0600889071022853,,,,,,,,0.9874071195751897,0.051793836095006845,,1.0000000000000002,-2.220446049250313e-16
118.4679999999862,0.197373409648076,54.6821338314134,,,,,,0.10737618055617092,,0.9377933234445,,0.0622066765555001,,,,,,,,0.986866909416302,0.04978699381350571,,1.0,0.0
113.94999999998618,0.197256527713573,52.4775164409704,,,,,,0.10771384578951387,,0.935513346737344,,0.064486653262656,,,,,,,,0.9862824998259967,0.04777973358628908,,1.0,0.0
109.43199999998615,0.197129676399621,50.272472088140496,,,,,,0.10806153025673586,,0.933051769845002,,0.0669482301549977,,,,,,,,0.9856482433454585,0.045772084618322495,,0.9999999999999998,2.220446049250313e-16
104.91399999998612,0.196991525603166,48.0670395713222,,,,,,0.10842056121270789,,0.930385987662162,,0.069614012337838,,,,,,,,0.9849574894603529,0.04376408223477508,,1.0,0.0
100.39599999998609,0.196840498086588,45.8612659496106,,,,,,0.10879251240409289,,0.927489490720389,,0.0725105092796112,,,,,,,,0.9842023519836892,0.041755769282015694,,1.0000000000000002,-2.220446049250313e-16
95.87799999998606,0.196674709446091,43.655208543899406,,,,,,0.1091792639431909,,0.924330987279581,,0.0756690127204193,,,,,,,,0.983373408897813,0.03974719794957648,,1.0000000000000002,-2.220446049250313e-16
91.35999999998603,0.196491889678828,41.4489375460009,,,,,,0.10958308053454385,,0.920873277168161,,0.0791267228318386,,,,,,,,0.9824593101900856,0.037738432145704576,,0.9999999999999997,3.3306690738754696e-16
86.841999999986,0.19628927960469,39.2425394373175,,,,,,0.11000671478238491,,0.917071795125166,,0.0829282048748338,,,,,,,,0.9814462599619029,0.03572955060999455,,0.9999999999999998,2.220446049250313e-16
82.32399999998597,0.196063491929321,37.0361215987626,,,,,,0.11045354576053183,,0.912872699295248,,0.0871273007047517,,,,,,,,0.9803173217438673,0.033720651110629454,,0.9999999999999997,3.3306690738754696e-16
77.80599999998594,0.195810322480616,34.8298185202784,,,,,,0.11092776728019091,,0.908210338898835,,0.0917896611011645,,,,,,,,0.979051474678411,0.03171185609802319,,0.9999999999999994,5.551115123125783e-16
73.28799999998591,0.195524489189345,32.6238003825396,,,,,,0.11143464822083285,,0.903003847477488,,0.0969961525225125,,,,,,,,0.9776223084230992,0.02970332051829078,,1.0000000000000004,-4.440892098500626e-16
68.76999999998588,0.19519926468619,30.4182850814176,,,,,,0.11198089896394282,,0.897152494145473,,0.102847505854527,,,,,,,,0.9759961861360732,0.027695242761283562,,1.0,0.0
64.25199999998586,0.194825948464996,28.213555448318,,,,,,0.11257519783367394,,0.890529234300497,,0.109470765699503,,,,,,,,0.974129605292678,0.02568788033936351,,1.0,0.0
59.733999999985826,0.1943930910695,26.0099843595282,,,,,,0.11322896486293484,,0.882971600613522,,0.117028399386478,,,,,,,,0.9719653186196515,0.02368157274896416,,1.0,0.0
55.2159999999858,0.19388532375984,23.8080726143223,,,,,,0.11395752901192585,,0.874268575770378,,0.125731424229622,,,,,,,,0.9694264824284934,0.02167677595785075,,1.0,0.0
50.69799999998577,0.193281540450664,21.6085070844077,,,,,,0.11478194141180988,,0.864141257297001,,0.135858742702999,,,,,,,,0.9664075663072891,0.019674115349033246,,1.0,0.0
46.17999999998574,0.192551975706339,19.4122536964752,,,,,,0.11573188958072385,,0.852213670086105,,0.147786329913895,,,,,,,,0.9627597430988089,0.01767447037952639,,1.0,0.0
41.66199999998571,0.191653320425782,17.2207112122418,,,,,,0.11685056869773683,,0.837967511896218,,0.162032488103782,,,,,,,,0.9582664673281,0.015679114594016018,,1.0,0.0
37.14399999998568,0.190520172946842,15.0359773320766,,,,,,0.11820320757620188,,0.820669912551329,,0.179330087448671,,,,,,,,0.9526007307304077,0.01368995790691075,,1.0,0.0
32.62599999998565,0.189049240568199,12.861332735195699,,,,,,0.11989282461421985,,0.799254541869065,,0.200745458130935,,,,,,,,0.9452460698717841,0.011709987311299403,,1.0,0.0
28.107999999985623,0.187068191686754,10.7021761199709,,,,,,0.12209129131461985,,0.772120154927647,,0.227879845072353,,,,,,,,0.9353408268579448,0.00974411821452995,,1.0,0.0
23.589999999985594,0.184269307153752,8.56795886751767,,,,,,0.12510549989614284,,0.736782466933197,,0.263217533066803,,,,,,,,0.9213464061615514,0.00780095591087594,,1.0,0.0
19.071999999985565,0.180054617834634,6.47650504498088,,,,,,0.1295317985590839,,0.689281688707654,,0.310718311292346,,,,,,,,0.9002729625303949,0.005896728858491716,,1.0,0.0
14.553999999985535,0.173135516143546,4.46435969623139,,,,,,0.13665525674916076,,0.623316475851648,,0.376683524148352,,,,,,,,0.8656774589415573,0.00406471059199687,,1.0,0.0
10.035999999985506,0.160397306422262,2.6117458811219,,,,,,0.14958183489343277,,0.529957359383958,,0.470042640616042,,,,,,,,0.8019864192946533,0.002377942609678589,,1.0,0.0
5.517999999985477,0.133555914951449,1.08646746674206,,,,,,0.17657145175895372,,0.402849478234587,,0.597150521765413,,,,,,,,0.6677794808196837,0.0009892069905689709,,1.0,0.0
5.0,0.128782296443921,0.943414308744554,,,,,,0.1813570890441118,,0.386372030803708,,0.613627969196292,,,,,,,,0.6439113916396043,0.0008589599392343943,,1.0,0.0
1.0,0.0631238296013068,0.119359675034548,,,,,,0.24702019252084662,,0.247304653338953,,0.752695346661047,,,,,,,,0.3156191036079118,0.00010867460697214515,,1.0,0.0
